"codeUnitName","shortCodeUnitName","propertyName","propertyValue","Source Cypher File: Dependencies_Projection/Dependencies_8_Stream_Mutated_Value_Descending.cypher"
"org.axonframework.serialization.SerializedType","SerializedType","centralityPageRank",0.5810756621074874,""
"org.axonframework.serialization.SimpleSerializedType","SimpleSerializedType","centralityPageRank",0.49974784123403226,""
"org.axonframework.messaging.Message","Message","centralityPageRank",0.3444507472144216,""
"org.axonframework.messaging.MetaData","MetaData","centralityPageRank",0.24323010958471758,""
"org.axonframework.serialization.SerializedObject","SerializedObject","centralityPageRank",0.21013504569727914,""
"org.axonframework.serialization.Serializer","Serializer","centralityPageRank",0.20160184399601808,""
"org.axonframework.common.Assert","Assert","centralityPageRank",0.17143257328347822,""
"org.axonframework.messaging.MetaData$MetaDataCollector","MetaData$MetaDataCollector","centralityPageRank",0.15630627074282374,""
"org.axonframework.common.AxonException","AxonException","centralityPageRank",0.1316178590719599,""
"org.axonframework.messaging.MetaData$1","MetaData$1","centralityPageRank",0.10608072520408111,""
"org.axonframework.eventhandling.EventMessage","EventMessage","centralityPageRank",0.09845808458721711,""
"org.axonframework.common.AxonNonTransientException","AxonNonTransientException","centralityPageRank",0.08910908393335812,""
"org.axonframework.eventsourcing.eventstore.jdbc.EventSchema","EventSchema","centralityPageRank",0.08186993068210477,""
"org.axonframework.eventsourcing.eventstore.jdbc.EventSchema$Builder","EventSchema$Builder","centralityPageRank",0.06451800913909064,""
"org.axonframework.messaging.annotation.MessageHandlingMember","MessageHandlingMember","centralityPageRank",0.05168607577855337,""
"org.axonframework.common.AxonConfigurationException","AxonConfigurationException","centralityPageRank",0.05160049984532461,""
"org.axonframework.eventhandling.TrackingToken","TrackingToken","centralityPageRank",0.04828298902487855,""
"org.axonframework.commandhandling.CommandMessage","CommandMessage","centralityPageRank",0.04668874474319933,""
"org.axonframework.common.BuilderUtils","BuilderUtils","centralityPageRank",0.04476472060778816,""
"org.axonframework.serialization.Converter","Converter","centralityPageRank",0.03747904827923668,""
"org.axonframework.eventhandling.DomainEventMessage","DomainEventMessage","centralityPageRank",0.03243025995417683,""
"org.axonframework.tracing.Span","Span","centralityPageRank",0.02693131062490127,""
"org.axonframework.eventhandling.tokenstore.jdbc.TokenSchema","TokenSchema","centralityPageRank",0.026631132531979927,""
"org.axonframework.tracing.SpanScope","SpanScope","centralityPageRank",0.026348946450135847,""
"org.axonframework.common.TypeReflectionUtils$VarMap","TypeReflectionUtils$VarMap","centralityPageRank",0.024227779390027692,""
"org.axonframework.modelling.saga.AssociationValue","AssociationValue","centralityPageRank",0.023920192981508395,""
"org.axonframework.config.Configuration","Configuration","centralityPageRank",0.023034226814261396,""
"org.axonframework.modelling.saga.repository.jdbc.SagaSchema","SagaSchema","centralityPageRank",0.022650395422740787,""
"org.axonframework.messaging.ResultMessage","ResultMessage","centralityPageRank",0.021932922402849993,""
"org.axonframework.common.AxonTransientException","AxonTransientException","centralityPageRank",0.02182438994573493,""
"org.axonframework.springboot.autoconfig.XStreamAutoConfiguration$XStreamConfiguredCondition","XStreamAutoConfiguration$XStreamConfiguredCondition","centralityPageRank",0.021054307117349833,""
"org.axonframework.eventhandling.tokenstore.jdbc.TokenSchema$Builder","TokenSchema$Builder","centralityPageRank",0.020875939925999218,""
"org.axonframework.messaging.annotation.ParameterResolver","ParameterResolver","centralityPageRank",0.0206754694861069,""
"org.axonframework.modelling.saga.repository.jdbc.SagaSchema$Builder","SagaSchema$Builder","centralityPageRank",0.020510050134833906,""
"org.axonframework.messaging.unitofwork.RollbackConfigurationType","RollbackConfigurationType","centralityPageRank",0.01950428908218131,""
"org.axonframework.commandhandling.distributed.CommandMessageFilter","CommandMessageFilter","centralityPageRank",0.019353840136848568,""
"org.axonframework.common.transaction.Transaction","Transaction","centralityPageRank",0.018754744112026666,""
"org.axonframework.common.stream.StreamUtils","StreamUtils","centralityPageRank",0.018679505729187834,""
"org.axonframework.eventhandling.TrackedEventMessage","TrackedEventMessage","centralityPageRank",0.01801279359882645,""
"org.axonframework.common.stream.BlockingStream","BlockingStream","centralityPageRank",0.01779995533080053,""
"org.axonframework.messaging.unitofwork.UnitOfWork","UnitOfWork","centralityPageRank",0.016826070586062742,""
"org.axonframework.messaging.ScopeDescriptor","ScopeDescriptor","centralityPageRank",0.016723974276070575,""
"org.axonframework.serialization.SimpleSerializedObject","SimpleSerializedObject","centralityPageRank",0.01668665873408867,""
"org.axonframework.tracing.SpanFactory","SpanFactory","centralityPageRank",0.01653793610871666,""
"org.axonframework.common.Registration","Registration","centralityPageRank",0.016264827066116344,""
"org.axonframework.serialization.ContentTypeConverter","ContentTypeConverter","centralityPageRank",0.015471930326935748,""
"org.axonframework.common.transaction.TransactionManager","TransactionManager","centralityPageRank",0.015353473011851066,""
"org.axonframework.queryhandling.QueryMessage","QueryMessage","centralityPageRank",0.015285150425411497,""
"org.axonframework.springboot.autoconfig.AvroSerializerAutoConfiguration$AvroConfiguredCondition","AvroSerializerAutoConfiguration$AvroConfiguredCondition","centralityPageRank",0.014446493806673883,""
"org.axonframework.common.IdentifierFactory","IdentifierFactory","centralityPageRank",0.013718417576616711,""
"org.axonframework.commandhandling.CommandCallback","CommandCallback","centralityPageRank",0.013634299598797776,""
"org.axonframework.common.DefaultIdentifierFactory","DefaultIdentifierFactory","centralityPageRank",0.012918718694578722,""
"org.axonframework.messaging.annotation.HasHandlerAttributes","HasHandlerAttributes","centralityPageRank",0.01275133433677658,""
"org.axonframework.deadline.DeadlineMessage","DeadlineMessage","centralityPageRank",0.012746850546986642,""
"org.axonframework.axonserver.connector.AxonServerConfiguration$Eventhandling","AxonServerConfiguration$Eventhandling","centralityPageRank",0.01269426049899452,""
"org.axonframework.messaging.deadletter.DeadLetter","DeadLetter","centralityPageRank",0.012519378714802234,""
"org.axonframework.axonserver.connector.AxonServerConfiguration$Eventhandling$ProcessorSettings","AxonServerConfiguration$Eventhandling$ProcessorSettings","centralityPageRank",0.012277660090996588,""
"org.axonframework.commandhandling.CommandResultMessage","CommandResultMessage","centralityPageRank",0.012252742846075368,""
"org.axonframework.eventhandling.Segment","Segment","centralityPageRank",0.012248156748747196,""
"org.axonframework.messaging.annotation.ParameterResolverFactory","ParameterResolverFactory","centralityPageRank",0.012243533270393053,""
"org.axonframework.common.caching.Cache$EntryListener","Cache$EntryListener","centralityPageRank",0.012240563539003269,""
"org.axonframework.messaging.MessageHandler","MessageHandler","centralityPageRank",0.011952436900220888,""
"org.axonframework.common.ReflectionUtils","ReflectionUtils","centralityPageRank",0.011661637311604725,""
"org.axonframework.serialization.avro.AvroSerializerStrategyConfig","AvroSerializerStrategyConfig","centralityPageRank",0.01120663449956042,""
"org.axonframework.serialization.avro.AvroSerializerStrategyConfig$Builder","AvroSerializerStrategyConfig$Builder","centralityPageRank",0.010981033034439818,""
"org.axonframework.serialization.upcasting.Upcaster","Upcaster","centralityPageRank",0.010869520996546356,""
"org.axonframework.common.StringUtils","StringUtils","centralityPageRank",0.01086834684597622,""
"org.axonframework.common.stream.StreamUtils$1","StreamUtils$1","centralityPageRank",0.010784729895447535,""
"org.axonframework.modelling.command.inspection.EntityModel","EntityModel","centralityPageRank",0.01074556909783866,""
"org.axonframework.axonserver.connector.AxonServerConfiguration","AxonServerConfiguration","centralityPageRank",0.01044616124441759,""
"org.axonframework.messaging.responsetypes.ResponseType","ResponseType","centralityPageRank",0.010389814448879216,""
"org.axonframework.eventhandling.EventData","EventData","centralityPageRank",0.010369284569404483,""
"org.axonframework.springboot.DistributedCommandBusProperties$JGroupsProperties","DistributedCommandBusProperties$JGroupsProperties","centralityPageRank",0.010331236828249487,""
"org.axonframework.eventsourcing.eventstore.jdbc.EventSchema$1","EventSchema$1","centralityPageRank",0.010195976718823769,""
"org.axonframework.springboot.DistributedCommandBusProperties$JGroupsProperties$Gossip","DistributedCommandBusProperties$JGroupsProperties$Gossip","centralityPageRank",0.010039763624859775,""
"org.axonframework.eventsourcing.eventstore.DomainEventStream","DomainEventStream","centralityPageRank",0.009919357362430811,""
"org.axonframework.springboot.autoconfig.AvroSerializerAutoConfiguration$OnMissingDefaultSchemaStoreCondition","AvroSerializerAutoConfiguration$OnMissingDefaultSchemaStoreCondition","centralityPageRank",0.009490633823666923,""
"org.axonframework.springboot.autoconfig.AvroSerializerAutoConfiguration$OnMissingDefaultSchemaStoreCondition$SchemaStoreIsMissingCondition","AvroSerializerAutoConfiguration$OnMissingDefaultSchemaStoreCondition$SchemaStoreIsMissingCondition","centralityPageRank",0.009325332119388761,""
"org.axonframework.eventhandling.DomainEventData","DomainEventData","centralityPageRank",0.009217427626901056,""
"org.axonframework.common.ExceptionUtils","ExceptionUtils","centralityPageRank",0.009196993322455023,""
"org.axonframework.modelling.command.Aggregate","Aggregate","centralityPageRank",0.009169587854816991,""
"org.axonframework.messaging.unitofwork.RollbackConfigurationType$1","RollbackConfigurationType$1","centralityPageRank",0.009062624408231761,""
"org.axonframework.common.TypeReflectionUtils","TypeReflectionUtils","centralityPageRank",0.009061948896026966,""
"org.axonframework.common.TypeReflectionUtils$VarMap$ParameterizedTypeImpl","TypeReflectionUtils$VarMap$ParameterizedTypeImpl","centralityPageRank",0.008980710512190319,""
"org.axonframework.common.TypeReflectionUtils$VarMap$UnresolvedTypeVariableException","TypeReflectionUtils$VarMap$UnresolvedTypeVariableException","centralityPageRank",0.008980710512190319,""
"org.axonframework.lifecycle.Lifecycle$LifecycleHandler","Lifecycle$LifecycleHandler","centralityPageRank",0.008888196749251422,""
"org.axonframework.commandhandling.gateway.CommandGatewayFactory$InvocationHandler","CommandGatewayFactory$InvocationHandler","centralityPageRank",0.008837849922810415,""
"org.axonframework.eventhandling.scheduling.ScheduleToken","ScheduleToken","centralityPageRank",0.008816334719812902,""
"org.axonframework.monitoring.MessageMonitor$MonitorCallback","MessageMonitor$MonitorCallback","centralityPageRank",0.008716873734916267,""
"org.axonframework.eventhandling.tokenstore.jdbc.TokenSchema$1","TokenSchema$1","centralityPageRank",0.00871266016706049,""
"org.axonframework.axonserver.connector.util.ContextAddingInterceptor","ContextAddingInterceptor","centralityPageRank",0.008389331605220934,""
"org.axonframework.axonserver.connector.util.ContextAddingInterceptor$1","ContextAddingInterceptor$1","centralityPageRank",0.008389331605220934,""
"org.axonframework.axonserver.connector.util.TokenAddingInterceptor","TokenAddingInterceptor","centralityPageRank",0.008389331605220934,""
"org.axonframework.axonserver.connector.util.TokenAddingInterceptor$1","TokenAddingInterceptor$1","centralityPageRank",0.008389331605220934,""
"org.axonframework.test.matchers.FieldFilter","FieldFilter","centralityPageRank",0.008220238005170273,""
"org.axonframework.common.lock.Lock","Lock","centralityPageRank",0.008206206514707869,""
"org.axonframework.messaging.MessageDispatchInterceptor","MessageDispatchInterceptor","centralityPageRank",0.008148916201308448,""
"org.axonframework.messaging.RemoteExceptionDescription","RemoteExceptionDescription","centralityPageRank",0.007941047804846951,""
"org.axonframework.common.lock.PessimisticLockFactory","PessimisticLockFactory","centralityPageRank",0.00774766081067541,""
"org.axonframework.axonserver.connector.ErrorCode","ErrorCode","centralityPageRank",0.007452199286743633,""
"org.axonframework.common.property.Property","Property","centralityPageRank",0.007423033651321265,""
"org.axonframework.springboot.autoconfig.AvroSerializerAutoConfiguration$AvroConfiguredCondition$EventsAvroCondition","AvroSerializerAutoConfiguration$AvroConfiguredCondition$EventsAvroCondition","centralityPageRank",0.007398053237108275,""
"org.axonframework.springboot.autoconfig.AvroSerializerAutoConfiguration$AvroConfiguredCondition$MessagesAvroCondition","AvroSerializerAutoConfiguration$AvroConfiguredCondition$MessagesAvroCondition","centralityPageRank",0.007398053237108275,""
"org.axonframework.axonserver.connector.util.GrpcMessageSizeInterceptor$1","GrpcMessageSizeInterceptor$1","centralityPageRank",0.007334143096187699,""
"org.axonframework.serialization.upcasting.event.IntermediateEventRepresentation","IntermediateEventRepresentation","centralityPageRank",0.007250707537797308,""
"org.axonframework.commandhandling.WrappedCommandCallback","WrappedCommandCallback","centralityPageRank",0.007053349306610083,""
"org.axonframework.eventsourcing.SnapshotTrigger","SnapshotTrigger","centralityPageRank",0.006885129936301981,""
"org.axonframework.axonserver.connector.AxonServerConnectionManager","AxonServerConnectionManager","centralityPageRank",0.006869774752496726,""
"org.axonframework.messaging.timeout.TaskTimeoutSettings","TaskTimeoutSettings","centralityPageRank",0.00678512761852728,""
"org.axonframework.lifecycle.Lifecycle$LifecycleRegistry","Lifecycle$LifecycleRegistry","centralityPageRank",0.006765035558404488,""
"org.axonframework.serialization.CannotConvertBetweenTypesException","CannotConvertBetweenTypesException","centralityPageRank",0.0067388926998297365,""
"org.axonframework.config.EventProcessingModule","EventProcessingModule","centralityPageRank",0.0066612615530270754,""
"org.axonframework.eventhandling.EventTrackerStatus","EventTrackerStatus","centralityPageRank",0.006633732398288634,""
"org.axonframework.common.AxonThreadFactory","AxonThreadFactory","centralityPageRank",0.006361243489451113,""
"org.axonframework.monitoring.MessageMonitor","MessageMonitor","centralityPageRank",0.00635922062060002,""
"org.axonframework.messaging.annotation.HandlerEnhancerDefinition","HandlerEnhancerDefinition","centralityPageRank",0.006314651693965275,""
"org.axonframework.commandhandling.distributed.commandfilter.OrCommandMessageFilter","OrCommandMessageFilter","centralityPageRank",0.006314113854026891,""
"org.axonframework.serialization.SerializationException","SerializationException","centralityPageRank",0.0063110142121619636,""
"org.axonframework.modelling.command.inspection.AggregateModel","AggregateModel","centralityPageRank",0.006301049166863437,""
"org.axonframework.modelling.command.Repository","Repository","centralityPageRank",0.006209388838641394,""
"org.axonframework.commandhandling.distributed.commandfilter.AndCommandMessageFilter","AndCommandMessageFilter","centralityPageRank",0.006178003522023701,""
"org.axonframework.eventhandling.TrackingEventProcessor","TrackingEventProcessor","centralityPageRank",0.006150888024136095,""
"org.axonframework.commandhandling.gateway.CommandGatewayFactory","CommandGatewayFactory","centralityPageRank",0.0060945461762838505,""
"org.axonframework.eventhandling.EventBus","EventBus","centralityPageRank",0.006070007496260198,""
"org.axonframework.eventhandling.deadletter.jdbc.DeadLetterSchema$Builder","DeadLetterSchema$Builder","centralityPageRank",0.006065332464461666,""
"org.axonframework.serialization.RevisionResolver","RevisionResolver","centralityPageRank",0.005998705928096366,""
"org.axonframework.axonserver.connector.AxonServerConfiguration$FlowControlConfiguration","AxonServerConfiguration$FlowControlConfiguration","centralityPageRank",0.005995298500494718,""
"org.axonframework.commandhandling.distributed.commandfilter.NegateCommandMessageFilter","NegateCommandMessageFilter","centralityPageRank",0.005958989616768135,""
"org.axonframework.queryhandling.QueryResponseMessage","QueryResponseMessage","centralityPageRank",0.005916945894152908,""
"org.axonframework.messaging.HandlerExecutionException","HandlerExecutionException","centralityPageRank",0.0059069479337553925,""
"org.axonframework.queryhandling.QuerySubscription","QuerySubscription","centralityPageRank",0.005898913673529621,""
"org.axonframework.axonserver.connector.util.GrpcMessageSizeInterceptor","GrpcMessageSizeInterceptor","centralityPageRank",0.005870954391883152,""
"org.axonframework.messaging.InterceptorChain","InterceptorChain","centralityPageRank",0.005870315893143024,""
"org.axonframework.test.matchers.ListMatcher","ListMatcher","centralityPageRank",0.00585656371602445,""
"org.axonframework.messaging.unitofwork.CurrentUnitOfWork","CurrentUnitOfWork","centralityPageRank",0.005845623748566258,""
"org.axonframework.messaging.annotation.MessageHandler","MessageHandler","centralityPageRank",0.0058101071076596105,""
"org.axonframework.messaging.unitofwork.UnitOfWork$Phase","UnitOfWork$Phase","centralityPageRank",0.005788554389679834,""
"org.axonframework.springboot.autoconfig.XStreamAutoConfiguration$XStreamConfiguredCondition$EventsXStreamCondition","XStreamAutoConfiguration$XStreamConfiguredCondition$EventsXStreamCondition","centralityPageRank",0.005732413410342157,""
"org.axonframework.springboot.autoconfig.XStreamAutoConfiguration$XStreamConfiguredCondition$GeneralDefaultCondition","XStreamAutoConfiguration$XStreamConfiguredCondition$GeneralDefaultCondition","centralityPageRank",0.005732413410342157,""
"org.axonframework.springboot.autoconfig.XStreamAutoConfiguration$XStreamConfiguredCondition$GeneralXStreamCondition","XStreamAutoConfiguration$XStreamConfiguredCondition$GeneralXStreamCondition","centralityPageRank",0.005732413410342157,""
"org.axonframework.springboot.autoconfig.XStreamAutoConfiguration$XStreamConfiguredCondition$MessagesXStreamCondition","XStreamAutoConfiguration$XStreamConfiguredCondition$MessagesXStreamCondition","centralityPageRank",0.005732413410342157,""
"org.axonframework.messaging.MessageHandlerInterceptor","MessageHandlerInterceptor","centralityPageRank",0.005708232943406182,""
"org.axonframework.messaging.deadletter.Cause","Cause","centralityPageRank",0.005681955368076082,""
"org.axonframework.messaging.annotation.WrappedMessageHandlingMember","WrappedMessageHandlingMember","centralityPageRank",0.005672351369991876,""
"org.axonframework.eventhandling.deadletter.jdbc.DeadLetterSchema","DeadLetterSchema","centralityPageRank",0.005654776989673976,""
"org.axonframework.test.saga.FixtureExecutionResult","FixtureExecutionResult","centralityPageRank",0.005549549571093742,""
"org.axonframework.common.ObjectUtils","ObjectUtils","centralityPageRank",0.005541628900800695,""
"org.axonframework.eventhandling.async.EventProcessorTask","EventProcessorTask","centralityPageRank",0.0055389169878849315,""
"org.axonframework.axonserver.connector.PriorityTask","PriorityTask","centralityPageRank",0.005522323102126399,""
"org.axonframework.eventhandling.GenericEventMessage","GenericEventMessage","centralityPageRank",0.005479044898056265,""
"org.axonframework.eventsourcing.EventSourcedAggregate","EventSourcedAggregate","centralityPageRank",0.005414250563861877,""
"org.axonframework.messaging.annotation.HandlerDefinition","HandlerDefinition","centralityPageRank",0.005397578130113257,""
"org.axonframework.config.EventProcessingModule$1","EventProcessingModule$1","centralityPageRank",0.005333044342194313,""
"org.axonframework.eventsourcing.eventstore.EmbeddedEventStore","EmbeddedEventStore","centralityPageRank",0.00529332297838568,""
"org.axonframework.eventsourcing.eventstore.legacyjpa.EmbeddedEventStore","EmbeddedEventStore","centralityPageRank",0.005290780942838061,""
"org.axonframework.common.annotation.AnnotationUtils","AnnotationUtils","centralityPageRank",0.005245051509206569,""
"org.axonframework.eventsourcing.AbstractSnapshotter","AbstractSnapshotter","centralityPageRank",0.005219916210170055,""
"org.axonframework.modelling.saga.repository.SagaStore$Entry","SagaStore$Entry","centralityPageRank",0.005210467884406217,""
"org.axonframework.commandhandling.distributed.Member","Member","centralityPageRank",0.0051851117266744845,""
"org.axonframework.commandhandling.CommandBus","CommandBus","centralityPageRank",0.005153952930233353,""
"org.axonframework.disruptor.commandhandling.CommandHandlingEntry","CommandHandlingEntry","centralityPageRank",0.0051310638206139726,""
"org.axonframework.common.io.IOUtils","IOUtils","centralityPageRank",0.005119754825824034,""
"org.axonframework.queryhandling.SubscriptionQueryUpdateMessage","SubscriptionQueryUpdateMessage","centralityPageRank",0.005070822823164372,""
"org.axonframework.axonserver.connector.util.GrpcSerializedObject","GrpcSerializedObject","centralityPageRank",0.005006997966698255,""
"org.axonframework.commandhandling.gateway.CommandGatewayFactory$1","CommandGatewayFactory$1","centralityPageRank",0.004955305503245106,""
"org.axonframework.messaging.StreamableMessageSource","StreamableMessageSource","centralityPageRank",0.004903436732733729,""
"org.axonframework.axonserver.connector.util.GrpcMetaDataConverter","GrpcMetaDataConverter","centralityPageRank",0.004899023205088451,""
"org.axonframework.eventhandling.async.SequencingPolicy","SequencingPolicy","centralityPageRank",0.004855391001289345,""
"org.axonframework.axonserver.connector.event.axon.PersistentStreamConnection","PersistentStreamConnection","centralityPageRank",0.0048180366567541705,""
"org.axonframework.eventhandling.EventMessageHandler","EventMessageHandler","centralityPageRank",0.004812322901094952,""
"org.axonframework.messaging.unitofwork.RollbackConfigurationType$2","RollbackConfigurationType$2","centralityPageRank",0.004811290869698429,""
"org.axonframework.messaging.unitofwork.RollbackConfigurationType$3","RollbackConfigurationType$3","centralityPageRank",0.004811290869698429,""
"org.axonframework.messaging.unitofwork.RollbackConfigurationType$4","RollbackConfigurationType$4","centralityPageRank",0.004811290869698429,""
"org.axonframework.messaging.unitofwork.RollbackConfiguration","RollbackConfiguration","centralityPageRank",0.004803431295976031,""
"org.axonframework.springboot.util.AbstractQualifiedBeanCondition","AbstractQualifiedBeanCondition","centralityPageRank",0.0048025192340550305,""
"org.axonframework.modelling.saga.ResourceInjector","ResourceInjector","centralityPageRank",0.0046713520452735914,""
"org.axonframework.queryhandling.SubscriptionQueryMessage","SubscriptionQueryMessage","centralityPageRank",0.0046683849031718735,""
"org.axonframework.springboot.SerializerProperties$SerializerType","SerializerProperties$SerializerType","centralityPageRank",0.004636040139138503,""
"org.axonframework.tracing.SpanAttributesProvider","SpanAttributesProvider","centralityPageRank",0.004630964167145397,""
"org.axonframework.eventhandling.async.MetaDataSequencingPolicy","MetaDataSequencingPolicy","centralityPageRank",0.004604872723165612,""
"org.axonframework.test.aggregate.StubAggregateLifecycle","StubAggregateLifecycle","centralityPageRank",0.004551513264797472,""
"org.axonframework.eventsourcing.eventstore.jdbc.AbstractEventTableFactory","AbstractEventTableFactory","centralityPageRank",0.004528082758858232,""
"org.axonframework.messaging.GenericMessage","GenericMessage","centralityPageRank",0.0045126417474021215,""
"org.axonframework.serialization.upcasting.event.EventUpcaster","EventUpcaster","centralityPageRank",0.004511966603708622,""
"org.axonframework.common.lock.PessimisticLockFactory$1","PessimisticLockFactory$1","centralityPageRank",0.004497596772986932,""
"org.axonframework.lifecycle.ShutdownLatch","ShutdownLatch","centralityPageRank",0.004488916805340384,""
"org.axonframework.modelling.saga.AbstractResourceInjector","AbstractResourceInjector","centralityPageRank",0.0044699488478737795,""
"org.axonframework.config.ModuleConfiguration","ModuleConfiguration","centralityPageRank",0.004458466857726317,""
"org.axonframework.serialization.avro.AvroUtil","AvroUtil","centralityPageRank",0.0044282751214089625,""
"org.axonframework.test.saga.ContinuedGivenState","ContinuedGivenState","centralityPageRank",0.004379310384081336,""
"org.axonframework.common.jpa.EntityManagerProvider","EntityManagerProvider","centralityPageRank",0.004358170165399107,""
"org.axonframework.common.lock.PessimisticLockFactory$DisposableLock","PessimisticLockFactory$DisposableLock","centralityPageRank",0.004298238901962974,""
"org.axonframework.axonserver.connector.AxonServerConnectionManager$Builder","AxonServerConnectionManager$Builder","centralityPageRank",0.004276707242370822,""
"org.axonframework.modelling.command.AggregateCreationPolicy","AggregateCreationPolicy","centralityPageRank",0.00427065872249451,""
"org.axonframework.common.legacyjpa.EntityManagerProvider","EntityManagerProvider","centralityPageRank",0.0042676201310886145,""
"org.axonframework.modelling.saga.repository.AssociationValueMap$SagaAssociationValue","AssociationValueMap$SagaAssociationValue","centralityPageRank",0.00421248796327639,""
"org.axonframework.serialization.LazyDeserializingObject","LazyDeserializingObject","centralityPageRank",0.004190928968153307,""
"org.axonframework.commandhandling.gateway.AbstractRetryScheduler$Builder","AbstractRetryScheduler$Builder","centralityPageRank",0.004157903695616448,""
"org.axonframework.common.jdbc.PersistenceExceptionResolver","PersistenceExceptionResolver","centralityPageRank",0.004148455435522672,""
"org.axonframework.eventsourcing.eventstore.EventStorageEngine","EventStorageEngine","centralityPageRank",0.0041445655354061224,""
"org.axonframework.modelling.command.ApplyMore","ApplyMore","centralityPageRank",0.004126808369165877,""
"org.axonframework.test.aggregate.StubAggregateLifecycleRule","StubAggregateLifecycleRule","centralityPageRank",0.004110729299338582,""
"org.axonframework.eventhandling.AbstractEventBus$Builder","AbstractEventBus$Builder","centralityPageRank",0.00408123615442579,""
"org.axonframework.messaging.annotation.ResultParameterResolverFactory","ResultParameterResolverFactory","centralityPageRank",0.0040768371027933474,""
"org.axonframework.messaging.MessageDispatchInterceptorSupport","MessageDispatchInterceptorSupport","centralityPageRank",0.004039666678870273,""
"org.axonframework.axonserver.connector.event.util.EventStoreClientException","EventStoreClientException","centralityPageRank",0.004036401965316335,""
"org.axonframework.eventsourcing.snapshotting.SnapshotFilter","SnapshotFilter","centralityPageRank",0.004002764974814958,""
"org.axonframework.test.AxonAssertionError","AxonAssertionError","centralityPageRank",0.003996416336761289,""
"org.axonframework.eventsourcing.NoSnapshotTriggerDefinition","NoSnapshotTriggerDefinition","centralityPageRank",0.003989845236630267,""
"org.axonframework.eventhandling.async.EventProcessorTask$ProcessingTask","EventProcessorTask$ProcessingTask","centralityPageRank",0.003949103149473811,""
"org.axonframework.messaging.deadletter.EnqueueDecision","EnqueueDecision","centralityPageRank",0.003947268926241486,""
"org.axonframework.messaging.responsetypes.AbstractResponseType","AbstractResponseType","centralityPageRank",0.003887522585340675,""
"org.axonframework.springboot.autoconfig.AxonAutoConfiguration","AxonAutoConfiguration","centralityPageRank",0.0038666263242412707,""
"org.axonframework.test.aggregate.AggregateTestFixture","AggregateTestFixture","centralityPageRank",0.0038656581719595305,""
"org.axonframework.eventsourcing.eventstore.BatchingEventStorageEngine","BatchingEventStorageEngine","centralityPageRank",0.0038471324831230325,""
"org.axonframework.commandhandling.distributed.ConsistentHash","ConsistentHash","centralityPageRank",0.003841641993971678,""
"org.axonframework.axonserver.connector.util.GrpcSerializedObject$1","GrpcSerializedObject$1","centralityPageRank",0.0038123409643917635,""
"org.axonframework.eventsourcing.Snapshotter","Snapshotter","centralityPageRank",0.003794239275879549,""
"org.axonframework.eventhandling.async.EventProcessorTask$ShutdownCallback","EventProcessorTask$ShutdownCallback","centralityPageRank",0.003790504238162424,""
"org.axonframework.modelling.command.ForwardingMode","ForwardingMode","centralityPageRank",0.003787088222536988,""
"org.axonframework.queryhandling.QueryBus","QueryBus","centralityPageRank",0.0037748084043804473,""
"org.axonframework.disruptor.commandhandling.FirstLevelCache","FirstLevelCache","centralityPageRank",0.0037735958999148456,""
"org.axonframework.springboot.EventProcessorProperties$DlqCache","EventProcessorProperties$DlqCache","centralityPageRank",0.0037691948839334724,""
"org.axonframework.messaging.correlation.CorrelationDataProvider","CorrelationDataProvider","centralityPageRank",0.0037658498455560726,""
"org.axonframework.axonserver.connector.util.Scheduler$ScheduledTask","Scheduler$ScheduledTask","centralityPageRank",0.003743172205814792,""
"org.axonframework.common.MemberAccessibilityCallback","MemberAccessibilityCallback","centralityPageRank",0.0037368699665107086,""
"org.axonframework.tracing.LoggingSpanFactory","LoggingSpanFactory","centralityPageRank",0.003735970136462529,""
"org.axonframework.axonserver.connector.event.axon.PersistentStreamConnection$SegmentConnection","PersistentStreamConnection$SegmentConnection","centralityPageRank",0.003724795522053213,""
"org.axonframework.eventsourcing.AggregateFactory","AggregateFactory","centralityPageRank",0.0037142071611340178,""
"org.axonframework.eventsourcing.eventstore.AbstractEventStorageEngine$Builder","AbstractEventStorageEngine$Builder","centralityPageRank",0.0037141772706771035,""
"org.axonframework.eventhandling.tokenstore.TokenStore","TokenStore","centralityPageRank",0.0036555020581481665,""
"org.axonframework.messaging.ScopeAware","ScopeAware","centralityPageRank",0.0036548266755694297,""
"org.axonframework.config.TagsConfiguration","TagsConfiguration","centralityPageRank",0.003653970943934048,""
"org.axonframework.eventsourcing.eventstore.EventStore","EventStore","centralityPageRank",0.0036522215493375513,""
"org.axonframework.test.server.AxonServerContainerUtils","AxonServerContainerUtils","centralityPageRank",0.0036520894518377446,""
"org.axonframework.eventhandling.replay.ReplayParameterResolverFactory","ReplayParameterResolverFactory","centralityPageRank",0.0036441470957526844,""
"org.axonframework.queryhandling.SubscriptionQueryResult","SubscriptionQueryResult","centralityPageRank",0.003635579790012723,""
"org.axonframework.commandhandling.gateway.AbstractCommandGateway$Builder","AbstractCommandGateway$Builder","centralityPageRank",0.003622609231770914,""
"org.axonframework.disruptor.commandhandling.DisruptorCommandBus","DisruptorCommandBus","centralityPageRank",0.0036035897411021583,""
"org.axonframework.messaging.unitofwork.ExecutionResult","ExecutionResult","centralityPageRank",0.00358680114222785,""
"org.axonframework.common.property.PropertyAccessException","PropertyAccessException","centralityPageRank",0.0035827169833007166,""
"org.axonframework.lifecycle.ShutdownLatch$ActivityHandle","ShutdownLatch$ActivityHandle","centralityPageRank",0.003574983059400221,""
"org.axonframework.eventsourcing.conflictresolution.ConflictDescription","ConflictDescription","centralityPageRank",0.0035723812407552243,""
"org.axonframework.common.jdbc.ConnectionWrapperFactory$ConnectionCloseHandler","ConnectionWrapperFactory$ConnectionCloseHandler","centralityPageRank",0.003570985167798906,""
"org.axonframework.queryhandling.SinkWrapper","SinkWrapper","centralityPageRank",0.0035706459419968107,""
"org.axonframework.eventhandling.ListenerInvocationErrorHandler","ListenerInvocationErrorHandler","centralityPageRank",0.003545555426190523,""
"org.axonframework.common.lock.PessimisticLockFactory$Builder","PessimisticLockFactory$Builder","centralityPageRank",0.0035383721867403703,""
"org.axonframework.config.AggregateConfiguration","AggregateConfiguration","centralityPageRank",0.003536503558855874,""
"org.axonframework.queryhandling.SimpleQueryBus","SimpleQueryBus","centralityPageRank",0.003477186078793821,""
"org.axonframework.messaging.annotation.MessageHandlerInterceptorMemberChain","MessageHandlerInterceptorMemberChain","centralityPageRank",0.0034624089596153565,""
"org.axonframework.axonserver.connector.event.axon.QueryResult","QueryResult","centralityPageRank",0.003454065969294312,""
"org.axonframework.eventhandling.pooled.WorkPackage","WorkPackage","centralityPageRank",0.00344485052003512,""
"org.axonframework.axonserver.connector.AxonServerConfiguration$HeartbeatConfiguration","AxonServerConfiguration$HeartbeatConfiguration","centralityPageRank",0.0034227566714716555,""
"org.axonframework.springboot.service.connection.AxonServerConnectionDetails","AxonServerConnectionDetails","centralityPageRank",0.003418115279459478,""
"org.axonframework.eventhandling.EventProcessor","EventProcessor","centralityPageRank",0.003410709261319459,""
"org.axonframework.axonserver.connector.AxonServerConfiguration$PersistentStreamSettings","AxonServerConfiguration$PersistentStreamSettings","centralityPageRank",0.0034058012978458994,""
"org.axonframework.common.property.AbstractMethodPropertyAccessStrategy","AbstractMethodPropertyAccessStrategy","centralityPageRank",0.003398684510895908,""
"org.axonframework.config.Component","Component","centralityPageRank",0.003397220442677773,""
"org.axonframework.test.FixtureExecutionException","FixtureExecutionException","centralityPageRank",0.0033943472716935308,""
"org.axonframework.config.LifecycleHandler","LifecycleHandler","centralityPageRank",0.0033806164308567083,""
"org.axonframework.lifecycle.ShutdownInProgressException","ShutdownInProgressException","centralityPageRank",0.003378538310261073,""
"org.axonframework.eventhandling.tokenstore.UnableToClaimTokenException","UnableToClaimTokenException","centralityPageRank",0.003375777522149324,""
"org.axonframework.axonserver.connector.event.axon.AxonServerEventStore$Builder","AxonServerEventStore$Builder","centralityPageRank",0.003372554567129317,""
"org.axonframework.modelling.saga.Saga","Saga","centralityPageRank",0.0033715891974231416,""
"org.axonframework.config.Configurer","Configurer","centralityPageRank",0.0033685311009470117,""
"org.axonframework.test.aggregate.StubAggregateLifecycleRule$1","StubAggregateLifecycleRule$1","centralityPageRank",0.0033552439837352356,""
"org.axonframework.eventhandling.pooled.Coordinator","Coordinator","centralityPageRank",0.003328725055280601,""
"org.axonframework.messaging.SubscribableMessageSource","SubscribableMessageSource","centralityPageRank",0.0033218406410278566,""
"org.axonframework.eventhandling.ErrorContext","ErrorContext","centralityPageRank",0.0033174251078915387,""
"org.axonframework.common.lock.PessimisticLockFactory$PubliclyOwnedReentrantLock","PessimisticLockFactory$PubliclyOwnedReentrantLock","centralityPageRank",0.003291972654834182,""
"org.axonframework.axonserver.connector.query.AxonServerQueryBus","AxonServerQueryBus","centralityPageRank",0.0032917632114465205,""
"org.axonframework.deadline.SimpleDeadlineManager","SimpleDeadlineManager","centralityPageRank",0.0032851483697407795,""
"org.axonframework.eventhandling.async.AsynchronousEventProcessingStrategy","AsynchronousEventProcessingStrategy","centralityPageRank",0.0032818807151163837,""
"org.axonframework.common.legacyjpa.PagingJpaQueryIterable","PagingJpaQueryIterable","centralityPageRank",0.0032795623313489745,""
"org.axonframework.common.jpa.PagingJpaQueryIterable","PagingJpaQueryIterable","centralityPageRank",0.003279247130018091,""
"org.axonframework.modelling.saga.SimpleResourceInjector","SimpleResourceInjector","centralityPageRank",0.0032715702458151878,""
"org.axonframework.axonserver.connector.event.axon.AxonServerEventStore$AxonIQEventStorageEngine","AxonServerEventStore$AxonIQEventStorageEngine","centralityPageRank",0.003270666881988001,""
"org.axonframework.eventhandling.AbstractDomainEventEntry","AbstractDomainEventEntry","centralityPageRank",0.0032699027131509093,""
"org.axonframework.eventhandling.TrackerStatus","TrackerStatus","centralityPageRank",0.003268586374952895,""
"org.axonframework.test.saga.GivenAggregateEventPublisher","GivenAggregateEventPublisher","centralityPageRank",0.0032654522783784733,""
"org.axonframework.modelling.saga.repository.AssociationValueMap","AssociationValueMap","centralityPageRank",0.0032606102703612093,""
"org.axonframework.modelling.command.ForwardMatchingInstances","ForwardMatchingInstances","centralityPageRank",0.0032522534144783658,""
"org.axonframework.eventhandling.MultiStreamableMessageSource$Builder","MultiStreamableMessageSource$Builder","centralityPageRank",0.0032465407660126635,""
"org.axonframework.modelling.saga.AssociationValues","AssociationValues","centralityPageRank",0.0032443996756620374,""
"org.axonframework.commandhandling.gateway.RetryingCallback","RetryingCallback","centralityPageRank",0.0032411277104206376,""
"org.axonframework.eventsourcing.AbstractSnapshotter$1","AbstractSnapshotter$1","centralityPageRank",0.003238026887722059,""
"org.axonframework.commandhandling.distributed.RoutingStrategy","RoutingStrategy","centralityPageRank",0.0032321410844818187,""
"org.axonframework.commandhandling.gateway.RetryScheduler","RetryScheduler","centralityPageRank",0.003226991392771732,""
"org.axonframework.eventhandling.deadletter.jpa.DeadLetterEventEntry","DeadLetterEventEntry","centralityPageRank",0.00322040076424474,""
"org.axonframework.messaging.timeout.AxonTaskJanitor","AxonTaskJanitor","centralityPageRank",0.0032182751044737457,""
"org.axonframework.common.lock.LockFactory","LockFactory","centralityPageRank",0.00321827010478854,""
"org.axonframework.axonserver.connector.query.QuerySerializer","QuerySerializer","centralityPageRank",0.0032165219316168674,""
"org.axonframework.test.saga.WhenState","WhenState","centralityPageRank",0.0031939821765368404,""
"org.axonframework.messaging.HandlerAttributes","HandlerAttributes","centralityPageRank",0.0031917947162955723,""
"org.axonframework.common.jdbc.ConnectionProvider","ConnectionProvider","centralityPageRank",0.0031887032099503615,""
"org.axonframework.common.caching.WeakReferenceCache","WeakReferenceCache","centralityPageRank",0.003186982338978949,""
"org.axonframework.config.EventProcessingModule$ProcessingGroupSelector","EventProcessingModule$ProcessingGroupSelector","centralityPageRank",0.0031868548155733383,""
"org.axonframework.common.Priority","Priority","centralityPageRank",0.0031823318649441567,""
"org.axonframework.springboot.util.OnMissingQualifiedBeanCondition","OnMissingQualifiedBeanCondition","centralityPageRank",0.003175180324049149,""
"org.axonframework.eventsourcing.eventstore.IteratorBackedDomainEventStream","IteratorBackedDomainEventStream","centralityPageRank",0.0031719368758131206,""
"org.axonframework.common.property.PropertyAccessStrategy","PropertyAccessStrategy","centralityPageRank",0.0031671206315018697,""
"org.axonframework.common.transaction.NoTransactionManager","NoTransactionManager","centralityPageRank",0.0031555369344117806,""
"org.axonframework.axonserver.connector.AxonServerException","AxonServerException","centralityPageRank",0.0031527300301491283,""
"org.axonframework.common.lock.LockAcquisitionFailedException","LockAcquisitionFailedException","centralityPageRank",0.003151874420638217,""
"org.axonframework.modelling.command.RepositoryProvider","RepositoryProvider","centralityPageRank",0.0031249522837222886,""
"org.axonframework.messaging.GenericResultMessage","GenericResultMessage","centralityPageRank",0.0031171936677371944,""
"org.axonframework.test.aggregate.ResultValidator","ResultValidator","centralityPageRank",0.0031069658871828733,""
"org.axonframework.eventhandling.EventHandlerInvoker","EventHandlerInvoker","centralityPageRank",0.003094611614778284,""
"org.axonframework.eventhandling.async.MetaDataSequencingPolicy$Builder","MetaDataSequencingPolicy$Builder","centralityPageRank",0.003085371536251278,""
"org.axonframework.springboot.util.OnQualifiedBeanCondition","OnQualifiedBeanCondition","centralityPageRank",0.0030784911929787446,""
"org.axonframework.eventsourcing.eventstore.AbstractEventStore$Builder","AbstractEventStore$Builder","centralityPageRank",0.003071735413886107,""
"org.axonframework.commandhandling.GenericCommandResultMessage","GenericCommandResultMessage","centralityPageRank",0.0030554848814724825,""
"org.axonframework.eventsourcing.eventstore.legacyjpa.EmbeddedEventStore$Node","EmbeddedEventStore$Node","centralityPageRank",0.0030532779291233053,""
"org.axonframework.tracing.LoggingSpanFactory$Slf4jSpan","LoggingSpanFactory$Slf4jSpan","centralityPageRank",0.00304462103226636,""
"org.axonframework.serialization.ChainedConverter","ChainedConverter","centralityPageRank",0.0030316721154933766,""
"org.axonframework.modelling.command.AbstractRepository$Builder","AbstractRepository$Builder","centralityPageRank",0.0030231050484876504,""
"org.axonframework.queryhandling.LoggingQueryInvocationErrorHandler","LoggingQueryInvocationErrorHandler","centralityPageRank",0.0030205249737155293,""
"org.axonframework.queryhandling.LoggingQueryInvocationErrorHandler$Builder","LoggingQueryInvocationErrorHandler$Builder","centralityPageRank",0.0030186173545882675,""
"org.axonframework.eventsourcing.eventstore.EmbeddedEventStore$Node","EmbeddedEventStore$Node","centralityPageRank",0.003013794238475706,""
"org.axonframework.config.DefaultConfigurer","DefaultConfigurer","centralityPageRank",0.0030127959099600452,""
"org.axonframework.actuator.HealthStatus","HealthStatus","centralityPageRank",0.003000423023456563,""
"org.axonframework.eventhandling.DefaultEventBusSpanFactory$Builder","DefaultEventBusSpanFactory$Builder","centralityPageRank",0.002990880956259086,""
"org.axonframework.eventhandling.WrappedToken","WrappedToken","centralityPageRank",0.002989090783819784,""
"org.axonframework.eventsourcing.AbstractSnapshotTrigger","AbstractSnapshotTrigger","centralityPageRank",0.002986257659768279,""
"org.axonframework.eventsourcing.eventstore.BatchingEventStorageEngine$Builder","BatchingEventStorageEngine$Builder","centralityPageRank",0.0029667137190801875,""
"org.axonframework.eventsourcing.eventstore.BatchingEventStorageEngine$1","BatchingEventStorageEngine$1","centralityPageRank",0.002964573703730912,""
"org.axonframework.test.saga.SagaTestFixture","SagaTestFixture","centralityPageRank",0.0029644559432422967,""
"org.axonframework.disruptor.commandhandling.FirstLevelCache$WeakValue","FirstLevelCache$WeakValue","centralityPageRank",0.002956890172428998,""
"org.axonframework.common.caching.Cache","Cache","centralityPageRank",0.002946919431226828,""
"org.axonframework.eventhandling.async.PropertySequencingPolicy","PropertySequencingPolicy","centralityPageRank",0.002927997483849634,""
"org.axonframework.eventhandling.ReplayToken","ReplayToken","centralityPageRank",0.002920933263243373,""
"org.axonframework.config.EventProcessingConfiguration","EventProcessingConfiguration","centralityPageRank",0.002917107488435891,""
"org.axonframework.messaging.MessageHandlerInterceptorSupport","MessageHandlerInterceptorSupport","centralityPageRank",0.002912616362352842,""
"org.axonframework.messaging.annotation.ScopeDescriptorParameterResolverFactory","ScopeDescriptorParameterResolverFactory","centralityPageRank",0.0029070622714454783,""
"org.axonframework.eventhandling.EventHandler","EventHandler","centralityPageRank",0.0029011413041906907,""
"org.axonframework.eventsourcing.NoSnapshotTriggerDefinition$1","NoSnapshotTriggerDefinition$1","centralityPageRank",0.0028959448324763484,""
"org.axonframework.modelling.command.inspection.AnnotatedAggregate","AnnotatedAggregate","centralityPageRank",0.0028946327252212427,""
"org.axonframework.common.jdbc.UnitOfWorkAwareConnectionProviderWrapper","UnitOfWorkAwareConnectionProviderWrapper","centralityPageRank",0.002878919374255197,""
"org.axonframework.eventhandling.AbstractEventEntry","AbstractEventEntry","centralityPageRank",0.0028778945427623457,""
"org.axonframework.modelling.command.AggregateNotFoundException","AggregateNotFoundException","centralityPageRank",0.002871073592300044,""
"org.axonframework.messaging.deadletter.SequencedDeadLetterQueue","SequencedDeadLetterQueue","centralityPageRank",0.002870666584780448,""
"org.axonframework.eventhandling.AbstractEventProcessor$Builder","AbstractEventProcessor$Builder","centralityPageRank",0.002867714288202311,""
"org.axonframework.modelling.command.VersionedAggregateIdentifier","VersionedAggregateIdentifier","centralityPageRank",0.0028596845358901755,""
"org.axonframework.eventhandling.TrackingTokenParameterResolverFactory","TrackingTokenParameterResolverFactory","centralityPageRank",0.0028396749925334746,""
"org.axonframework.commandhandling.RoutingKey","RoutingKey","centralityPageRank",0.0028311969255547663,""
"org.axonframework.common.jdbc.JdbcUtils$SqlResultConverter","JdbcUtils$SqlResultConverter","centralityPageRank",0.002828353037369333,""
"org.axonframework.commandhandling.distributed.AnnotationRoutingStrategy","AnnotationRoutingStrategy","centralityPageRank",0.0028282076216590694,""
"org.axonframework.common.caching.EhCache3Adapter","EhCache3Adapter","centralityPageRank",0.0028211295473767567,""
"org.axonframework.test.server.AxonServerContainer","AxonServerContainer","centralityPageRank",0.0028156675420766895,""
"org.axonframework.commandhandling.distributed.CommandDispatchException","CommandDispatchException","centralityPageRank",0.0028139066923957225,""
"org.axonframework.eventhandling.ResetNotSupportedException","ResetNotSupportedException","centralityPageRank",0.0027948801427642666,""
"org.axonframework.axonserver.connector.event.axon.AxonServerEventStore","AxonServerEventStore","centralityPageRank",0.0027928227388353275,""
"org.axonframework.axonserver.connector.event.axon.PersistentStreamMessageSource","PersistentStreamMessageSource","centralityPageRank",0.0027641332829827885,""
"org.axonframework.eventsourcing.eventstore.EventStoreException","EventStoreException","centralityPageRank",0.00276375663142286,""
"org.axonframework.axonserver.connector.PriorityRunnable","PriorityRunnable","centralityPageRank",0.0027635882258771646,""
"org.axonframework.modelling.command.inspection.MethodCommandHandlerInterceptorDefinition","MethodCommandHandlerInterceptorDefinition","centralityPageRank",0.00276169952719838,""
"org.axonframework.modelling.command.inspection.MethodCreationPolicyDefinition","MethodCreationPolicyDefinition","centralityPageRank",0.00276169952719838,""
"org.axonframework.eventhandling.WrappedTrackerStatus","WrappedTrackerStatus","centralityPageRank",0.002761123177855377,""
"org.axonframework.eventsourcing.AggregateSnapshotter","AggregateSnapshotter","centralityPageRank",0.002732906434445237,""
"org.axonframework.eventhandling.GenericDomainEventMessage","GenericDomainEventMessage","centralityPageRank",0.002717109687912673,""
"org.axonframework.eventsourcing.NoSnapshotTriggerDefinition$NoSnapshotTrigger","NoSnapshotTriggerDefinition$NoSnapshotTrigger","centralityPageRank",0.002712215636844121,""
"org.axonframework.commandhandling.distributed.ConsistentHash$ConsistentHashMember","ConsistentHash$ConsistentHashMember","centralityPageRank",0.002710059011692934,""
"org.axonframework.messaging.ScopeAwareProvider","ScopeAwareProvider","centralityPageRank",0.0026981101243360225,""
"org.axonframework.springboot.EventProcessorProperties$Mode","EventProcessorProperties$Mode","centralityPageRank",0.002697639884148386,""
"org.axonframework.eventhandling.async.PropertySequencingPolicy$Builder","PropertySequencingPolicy$Builder","centralityPageRank",0.0026869644523747857,""
"org.axonframework.disruptor.commandhandling.AggregateStateCorruptedException","AggregateStateCorruptedException","centralityPageRank",0.0026820605372380917,""
"org.axonframework.eventhandling.deadletter.DeadLetteringEventHandlerInvoker","DeadLetteringEventHandlerInvoker","centralityPageRank",0.002679118525518209,""
"org.axonframework.common.jdbc.JdbcUtils","JdbcUtils","centralityPageRank",0.002673239065715135,""
"org.axonframework.disruptor.commandhandling.CommandHandlerInvoker","CommandHandlerInvoker","centralityPageRank",0.002671093415638041,""
"org.axonframework.deadline.annotation.DeadlineMethodMessageHandlerDefinition","DeadlineMethodMessageHandlerDefinition","centralityPageRank",0.002664999911314801,""
"org.axonframework.modelling.command.ConflictingModificationException","ConflictingModificationException","centralityPageRank",0.002663031414974525,""
"org.axonframework.commandhandling.CommandMessageHandlingMember","CommandMessageHandlingMember","centralityPageRank",0.0026573137502350647,""
"org.axonframework.springboot.EventProcessorProperties$Dlq","EventProcessorProperties$Dlq","centralityPageRank",0.002655533609340079,""
"org.axonframework.messaging.responsetypes.InstanceResponseType","InstanceResponseType","centralityPageRank",0.0026551097357831776,""
"org.axonframework.common.legacyjpa.PagingJpaQueryIterable$PagingIterator","PagingJpaQueryIterable$PagingIterator","centralityPageRank",0.002652586031895873,""
"org.axonframework.common.jpa.PagingJpaQueryIterable$PagingIterator","PagingJpaQueryIterable$PagingIterator","centralityPageRank",0.0026524520713302456,""
"org.axonframework.eventhandling.scheduling.dbscheduler.DbSchedulerEventScheduler","DbSchedulerEventScheduler","centralityPageRank",0.002652024738756288,""
"org.axonframework.springboot.MetricsProperties$Micrometer","MetricsProperties$Micrometer","centralityPageRank",0.0026350990103723732,""
"org.axonframework.springboot.SerializerProperties","SerializerProperties","centralityPageRank",0.0026344457888070687,""
"org.axonframework.modelling.saga.repository.SagaStore","SagaStore","centralityPageRank",0.002633887767793731,""
"org.axonframework.commandhandling.MethodCommandHandlerDefinition","MethodCommandHandlerDefinition","centralityPageRank",0.002633243395034133,""
"org.axonframework.disruptor.commandhandling.EventPublisher","EventPublisher","centralityPageRank",0.0026250293275337797,""
"org.axonframework.eventhandling.GapAwareTrackingToken","GapAwareTrackingToken","centralityPageRank",0.002622468859565765,""
"org.axonframework.messaging.MessageDecorator","MessageDecorator","centralityPageRank",0.0026153589645355434,""
"org.axonframework.modelling.saga.SagaCreationPolicy","SagaCreationPolicy","centralityPageRank",0.002612338469540441,""
"org.axonframework.modelling.command.LockingRepository$Builder","LockingRepository$Builder","centralityPageRank",0.0026087668449922426,""
"org.axonframework.eventhandling.MultiStreamableMessageSource$IdentifiedStreamableMessageSource","MultiStreamableMessageSource$IdentifiedStreamableMessageSource","centralityPageRank",0.002607008117194612,""
"org.axonframework.util.MavenArtifactVersionResolver","MavenArtifactVersionResolver","centralityPageRank",0.0025991668395792043,""
"org.axonframework.eventhandling.EventBusSpanFactory","EventBusSpanFactory","centralityPageRank",0.0025989961994967795,""
"org.axonframework.deadline.DefaultDeadlineManagerSpanFactory$Builder","DefaultDeadlineManagerSpanFactory$Builder","centralityPageRank",0.002594216298437582,""
"org.axonframework.eventhandling.replay.ReplayParameterResolverFactory$ReplayParameterResolver","ReplayParameterResolverFactory$ReplayParameterResolver","centralityPageRank",0.0025862827688110375,""
"org.axonframework.tracing.TracingHandlerEnhancerDefinition","TracingHandlerEnhancerDefinition","centralityPageRank",0.0025766117919704076,""
"org.axonframework.eventhandling.DefaultEventBusSpanFactory","DefaultEventBusSpanFactory","centralityPageRank",0.0025734176765989333,""
"org.axonframework.deadline.dbscheduler.DbSchedulerDeadlineManager","DbSchedulerDeadlineManager","centralityPageRank",0.0025731461779819015,""
"org.axonframework.common.ProcessRetriesExhaustedException","ProcessRetriesExhaustedException","centralityPageRank",0.0025695307189578806,""
"org.axonframework.eventsourcing.DefaultSnapshotterSpanFactory$Builder","DefaultSnapshotterSpanFactory$Builder","centralityPageRank",0.0025693136537582005,""
"org.axonframework.messaging.unitofwork.MessageProcessingContext","MessageProcessingContext","centralityPageRank",0.0025607771689738794,""
"org.axonframework.messaging.annotation.ResultParameterResolverFactory$ExceptionResultParameterResolver","ResultParameterResolverFactory$ExceptionResultParameterResolver","centralityPageRank",0.0025582638578956233,""
"org.axonframework.eventhandling.pooled.PooledStreamingEventProcessor$Builder","PooledStreamingEventProcessor$Builder","centralityPageRank",0.0025559880410011555,""
"org.axonframework.eventsourcing.SnapshotTriggerDefinition","SnapshotTriggerDefinition","centralityPageRank",0.0025540636491561152,""
"org.axonframework.axonserver.connector.event.util.EventCipher","EventCipher","centralityPageRank",0.0025494139389654153,""
"org.axonframework.messaging.Scope","Scope","centralityPageRank",0.0025449740726271,""
"org.axonframework.modelling.saga.metamodel.SagaModel","SagaModel","centralityPageRank",0.0025443494212478235,""
"org.axonframework.commandhandling.gateway.CommandGatewayFactory$Builder","CommandGatewayFactory$Builder","centralityPageRank",0.0025395659327924524,""
"org.axonframework.modelling.saga.AssociationResolver","AssociationResolver","centralityPageRank",0.0025395458430913,""
"org.axonframework.deadline.DeadlineManagerSpanFactory","DeadlineManagerSpanFactory","centralityPageRank",0.00253639332965204,""
"org.axonframework.springboot.EventProcessorProperties$ProcessorSettings","EventProcessorProperties$ProcessorSettings","centralityPageRank",0.0025260283270115685,""
"org.axonframework.eventhandling.deadletter.DeadLetteringEventHandlerInvoker$Builder","DeadLetteringEventHandlerInvoker$Builder","centralityPageRank",0.0025191384570022665,""
"org.axonframework.eventhandling.gateway.AbstractEventGateway$Builder","AbstractEventGateway$Builder","centralityPageRank",0.00250714433238503,""
"org.axonframework.messaging.RemoteHandlingException","RemoteHandlingException","centralityPageRank",0.002506545063365773,""
"org.axonframework.eventhandling.deadletter.jpa.DeadLetterEntry","DeadLetterEntry","centralityPageRank",0.0024988464972387795,""
"org.axonframework.messaging.annotation.MessageInterceptingMember","MessageInterceptingMember","centralityPageRank",0.002492216581914462,""
"org.axonframework.axonserver.connector.heartbeat.ConnectionSanityChecker","ConnectionSanityChecker","centralityPageRank",0.0024811015076524586,""
"org.axonframework.common.jdbc.JdbcUtils$SqlFunction","JdbcUtils$SqlFunction","centralityPageRank",0.002472717701327164,""
"org.axonframework.eventhandling.TrackingTokenParameterResolverFactory$TrackingTokenParameterResolver","TrackingTokenParameterResolverFactory$TrackingTokenParameterResolver","centralityPageRank",0.0024656339128992857,""
"org.axonframework.messaging.RemoteNonTransientHandlingException","RemoteNonTransientHandlingException","centralityPageRank",0.0024631240043854314,""
"org.axonframework.messaging.annotation.AbstractAnnotatedParameterResolverFactory","AbstractAnnotatedParameterResolverFactory","centralityPageRank",0.0024624728053481925,""
"org.axonframework.commandhandling.gateway.CommandGatewayFactory$DispatchOnInvocationHandler$Builder","CommandGatewayFactory$DispatchOnInvocationHandler$Builder","centralityPageRank",0.0024526914325850237,""
"org.axonframework.modelling.command.DefaultRepositorySpanFactory$Builder","DefaultRepositorySpanFactory$Builder","centralityPageRank",0.0024523435027920992,""
"org.axonframework.serialization.ChainingConverter","ChainingConverter","centralityPageRank",0.0024445519178409483,""
"org.axonframework.springboot.util.DefaultEntityRegistrar","DefaultEntityRegistrar","centralityPageRank",0.0024342729333968003,""
"org.axonframework.eventhandling.pooled.WorkPackage$ProcessingEntry","WorkPackage$ProcessingEntry","centralityPageRank",0.0024322968680594815,""
"org.axonframework.eventhandling.AllowReplay","AllowReplay","centralityPageRank",0.0024259970246125672,""
"org.axonframework.common.property.MethodAccessedProperty","MethodAccessedProperty","centralityPageRank",0.0024143247747771676,""
"org.axonframework.common.DateTimeUtils","DateTimeUtils","centralityPageRank",0.002414303238552651,""
"org.axonframework.common.transaction.NoTransactionManager$1","NoTransactionManager$1","centralityPageRank",0.0024082890385839807,""
"org.axonframework.axonserver.connector.util.GrpcObjectSerializer","GrpcObjectSerializer","centralityPageRank",0.0024079307711672693,""
"org.axonframework.eventhandling.GlobalSequenceTrackingToken","GlobalSequenceTrackingToken","centralityPageRank",0.0024001509413948004,""
"org.axonframework.eventhandling.async.MetaDataSequencingPolicy$1","MetaDataSequencingPolicy$1","centralityPageRank",0.0023939034092036364,""
"org.axonframework.eventsourcing.eventstore.jdbc.JdbcEventStorageEngine","JdbcEventStorageEngine","centralityPageRank",0.0023921893324473564,""
"org.axonframework.serialization.ChainedConverter$Route","ChainedConverter$Route","centralityPageRank",0.0023909319122424827,""
"org.axonframework.modelling.command.EntityId","EntityId","centralityPageRank",0.002381886142046567,""
"org.axonframework.lifecycle.Lifecycle","Lifecycle","centralityPageRank",0.002377678861080974,""
"org.axonframework.queryhandling.registration.DuplicateQueryHandlerResolver","DuplicateQueryHandlerResolver","centralityPageRank",0.0023766545785329917,""
"org.axonframework.modelling.command.CreationPolicyAggregateFactory","CreationPolicyAggregateFactory","centralityPageRank",0.002374191055021376,""
"org.axonframework.queryhandling.StreamingQueryMessage","StreamingQueryMessage","centralityPageRank",0.0023729458046232925,""
"org.axonframework.modelling.command.AggregateAnnotationCommandHandler","AggregateAnnotationCommandHandler","centralityPageRank",0.0023711681351811765,""
"org.axonframework.axonserver.connector.util.GrpcObjectSerializer$Serializer","GrpcObjectSerializer$Serializer","centralityPageRank",0.002359688589940631,""
"org.axonframework.serialization.Revision","Revision","centralityPageRank",0.0023586366091692497,""
"org.axonframework.serialization.AbstractXStreamSerializer$Builder","AbstractXStreamSerializer$Builder","centralityPageRank",0.0023572128744401987,""
"org.axonframework.eventhandling.StreamingEventProcessor","StreamingEventProcessor","centralityPageRank",0.002357057562836751,""
"org.axonframework.eventsourcing.AggregateLoadTimeSnapshotTriggerDefinition$AggregateLoadTimeSnapshotTrigger","AggregateLoadTimeSnapshotTriggerDefinition$AggregateLoadTimeSnapshotTrigger","centralityPageRank",0.0023566568582264404,""
"org.axonframework.modelling.saga.repository.AssociationValueMap$1","AssociationValueMap$1","centralityPageRank",0.0023551038652689033,""
"org.axonframework.axonserver.connector.InstructionAckSource","InstructionAckSource","centralityPageRank",0.002346203145844258,""
"org.axonframework.modelling.command.ForwardMatchingInstances$1","ForwardMatchingInstances$1","centralityPageRank",0.0023452722180186806,""
"org.axonframework.queryhandling.QueryUpdateEmitter","QueryUpdateEmitter","centralityPageRank",0.0023441644347401173,""
"org.axonframework.eventsourcing.eventstore.legacyjpa.EmbeddedEventStore$EventConsumer","EmbeddedEventStore$EventConsumer","centralityPageRank",0.0023426716113822293,""
"org.axonframework.axonserver.connector.util.PriorityExecutorService","PriorityExecutorService","centralityPageRank",0.0023378405056518167,""
"org.axonframework.commandhandling.gateway.ExponentialBackOffIntervalRetryScheduler$Builder","ExponentialBackOffIntervalRetryScheduler$Builder","centralityPageRank",0.002334453929954517,""
"org.axonframework.commandhandling.gateway.IntervalRetryScheduler$Builder","IntervalRetryScheduler$Builder","centralityPageRank",0.002334453929954517,""
"org.axonframework.axonserver.connector.Handlers","Handlers","centralityPageRank",0.0023287282759842333,""
"org.axonframework.axonserver.connector.util.GrpcBufferingInterceptor$AdditionalMessageRequestingCall","GrpcBufferingInterceptor$AdditionalMessageRequestingCall","centralityPageRank",0.0023287282759842333,""
"org.axonframework.eventhandling.tokenstore.jdbc.GenericTokenTableFactory","GenericTokenTableFactory","centralityPageRank",0.0023287282759842333,""
"org.axonframework.eventsourcing.eventstore.EmbeddedEventStore$EventConsumer","EmbeddedEventStore$EventConsumer","centralityPageRank",0.002318798120254102,""
"org.axonframework.messaging.annotation.MultiHandlerDefinition","MultiHandlerDefinition","centralityPageRank",0.002318445344456225,""
"org.axonframework.commandhandling.DuplicateCommandHandlerResolver","DuplicateCommandHandlerResolver","centralityPageRank",0.002315457731340066,""
"org.axonframework.commandhandling.gateway.NonTransientExceptionClassesPredicate","NonTransientExceptionClassesPredicate","centralityPageRank",0.002305863419681722,""
"org.axonframework.commandhandling.DefaultCommandBusSpanFactory$Builder","DefaultCommandBusSpanFactory$Builder","centralityPageRank",0.0023000200050091227,""
"org.axonframework.axonserver.connector.util.GrpcMessageSizeInterceptor$1$1","GrpcMessageSizeInterceptor$1$1","centralityPageRank",0.0022977754889609513,""
"org.axonframework.springboot.MetricsProperties","MetricsProperties","centralityPageRank",0.0022824263355707176,""
"org.axonframework.queryhandling.DefaultQueryUpdateEmitterSpanFactory$Builder","DefaultQueryUpdateEmitterSpanFactory$Builder","centralityPageRank",0.0022795125003651343,""
"org.axonframework.messaging.annotation.AnnotatedHandlerInspector","AnnotatedHandlerInspector","centralityPageRank",0.0022777429671288424,""
"org.axonframework.eventsourcing.AbstractSnapshotter$Builder","AbstractSnapshotter$Builder","centralityPageRank",0.0022734023923260396,""
"org.axonframework.queryhandling.SimpleQueryBus$1","SimpleQueryBus$1","centralityPageRank",0.002269312989285362,""
"org.axonframework.eventsourcing.AggregateLoadTimeSnapshotTriggerDefinition","AggregateLoadTimeSnapshotTriggerDefinition","centralityPageRank",0.002260351205818796,""
"org.axonframework.common.caching.WeakReferenceCache$Entry","WeakReferenceCache$Entry","centralityPageRank",0.0022599001888605106,""
"org.axonframework.springboot.TimeoutProperties$TransactionTimeoutProperties","TimeoutProperties$TransactionTimeoutProperties","centralityPageRank",0.0022559525464816575,""
"org.axonframework.messaging.DefaultInterceptorChain","DefaultInterceptorChain","centralityPageRank",0.002255091001153354,""
"org.axonframework.springboot.util.ConditionalOnMissingQualifiedBean","ConditionalOnMissingQualifiedBean","centralityPageRank",0.0022545981000226924,""
"org.axonframework.eventsourcing.eventstore.EmbeddedEventStore$Builder","EmbeddedEventStore$Builder","centralityPageRank",0.002254245022645507,""
"org.axonframework.axonserver.connector.PriorityCallable","PriorityCallable","centralityPageRank",0.0022523542559745803,""
"org.axonframework.commandhandling.SimpleCommandBus$Builder","SimpleCommandBus$Builder","centralityPageRank",0.002242030423802337,""
"org.axonframework.eventhandling.DefaultEventProcessorSpanFactory$Builder","DefaultEventProcessorSpanFactory$Builder","centralityPageRank",0.002239905376734059,""
"org.axonframework.modelling.saga.DefaultSagaManagerSpanFactory$Builder","DefaultSagaManagerSpanFactory$Builder","centralityPageRank",0.0022370442215149376,""
"org.axonframework.messaging.annotation.ResultParameterResolverFactory$1","ResultParameterResolverFactory$1","centralityPageRank",0.002235567038760065,""
"org.axonframework.eventsourcing.DefaultSnapshotterSpanFactory","DefaultSnapshotterSpanFactory","centralityPageRank",0.0022329925191096377,""
"org.axonframework.eventsourcing.eventstore.DomainEventStream$1","DomainEventStream$1","centralityPageRank",0.0022316320805173553,""
"org.axonframework.eventsourcing.eventstore.DomainEventStream$2","DomainEventStream$2","centralityPageRank",0.0022316320805173553,""
"org.axonframework.springboot.MetricsProperties$AutoConfiguration","MetricsProperties$AutoConfiguration","centralityPageRank",0.002228803233690113,""
"org.axonframework.eventsourcing.eventstore.legacyjpa.EmbeddedEventStore$Builder","EmbeddedEventStore$Builder","centralityPageRank",0.002228748545675167,""
"org.axonframework.eventhandling.deadletter.jdbc.JdbcDeadLetter","JdbcDeadLetter","centralityPageRank",0.0022282918719809582,""
"org.axonframework.messaging.interceptors.MessageHandlerInterceptor","MessageHandlerInterceptor","centralityPageRank",0.002226682164332521,""
"org.axonframework.eventhandling.pooled.Coordinator$Builder","Coordinator$Builder","centralityPageRank",0.002225290700987906,""
"org.axonframework.eventsourcing.eventstore.legacyjpa.EmbeddedEventStore$1","EmbeddedEventStore$1","centralityPageRank",0.002217147154181919,""
"org.axonframework.serialization.upcasting.event.EventTypeUpcaster","EventTypeUpcaster","centralityPageRank",0.0022144964077018686,""
"org.axonframework.modelling.command.AggregateLifecycle","AggregateLifecycle","centralityPageRank",0.0022122402483813228,""
"org.axonframework.eventhandling.MergedTrackingToken","MergedTrackingToken","centralityPageRank",0.002211864801763156,""
"org.axonframework.eventsourcing.snapshotting.RevisionSnapshotFilter$Builder","RevisionSnapshotFilter$Builder","centralityPageRank",0.002210748720051729,""
"org.axonframework.serialization.xml.XStreamSerializer","XStreamSerializer","centralityPageRank",0.0022081198825434556,""
"org.axonframework.eventsourcing.eventstore.EmbeddedEventStore$1","EmbeddedEventStore$1","centralityPageRank",0.0022041426692339305,""
"org.axonframework.axonserver.connector.AxonServerConfiguration$EventStoreConfiguration","AxonServerConfiguration$EventStoreConfiguration","centralityPageRank",0.0021934285709220474,""
"org.axonframework.eventhandling.replay.ResetContext","ResetContext","centralityPageRank",0.0021914021981318432,""
"org.axonframework.commandhandling.gateway.CommandGatewayFactory$GatewayInvocationHandler$Builder","CommandGatewayFactory$GatewayInvocationHandler$Builder","centralityPageRank",0.002185465023911786,""
"org.axonframework.messaging.annotation.ScopeDescriptorParameterResolverFactory$ScopeDescriptorParameterResolver","ScopeDescriptorParameterResolverFactory$ScopeDescriptorParameterResolver","centralityPageRank",0.0021853981400958055,""
"org.axonframework.commandhandling.DefaultCommandBusSpanFactory","DefaultCommandBusSpanFactory","centralityPageRank",0.0021826426081404094,""
"org.axonframework.messaging.timeout.AxonTimeLimitedTask","AxonTimeLimitedTask","centralityPageRank",0.002173940497873518,""
"org.axonframework.tracing.TracingHandlerEnhancerDefinition$Builder","TracingHandlerEnhancerDefinition$Builder","centralityPageRank",0.0021693863717339927,""
"org.axonframework.axonserver.connector.util.GrpcMessageSizeWarningThresholdReachedException","GrpcMessageSizeWarningThresholdReachedException","centralityPageRank",0.0021684531159197246,""
"org.axonframework.deadline.SimpleDeadlineManager$DeadlineId","SimpleDeadlineManager$DeadlineId","centralityPageRank",0.002166723767928431,""
"org.axonframework.eventhandling.SimpleEventBus$Builder","SimpleEventBus$Builder","centralityPageRank",0.0021637064483422956,""
"org.axonframework.messaging.annotation.MultiHandlerEnhancerDefinition","MultiHandlerEnhancerDefinition","centralityPageRank",0.0021536434405806165,""
"org.axonframework.deadline.DefaultDeadlineManagerSpanFactory","DefaultDeadlineManagerSpanFactory","centralityPageRank",0.0021471618152369863,""
"org.axonframework.springboot.util.ConditionalOnQualifiedBean","ConditionalOnQualifiedBean","centralityPageRank",0.0021408461669305263,""
"org.axonframework.commandhandling.distributed.UnresolvedRoutingKeyPolicy","UnresolvedRoutingKeyPolicy","centralityPageRank",0.0021225105547780137,""
"org.axonframework.modelling.command.DefaultRepositorySpanFactory","DefaultRepositorySpanFactory","centralityPageRank",0.002121450001874508,""
"org.axonframework.queryhandling.DefaultQueryUpdateEmitterSpanFactory","DefaultQueryUpdateEmitterSpanFactory","centralityPageRank",0.0021208537379619518,""
"org.axonframework.springboot.TimeoutProperties$MessageHandlerTimeoutProperties","TimeoutProperties$MessageHandlerTimeoutProperties","centralityPageRank",0.0021180553897724116,""
"org.axonframework.tracing.NoOpSpanFactory","NoOpSpanFactory","centralityPageRank",0.0021173984621871405,""
"org.axonframework.modelling.saga.SagaRepository","SagaRepository","centralityPageRank",0.0021139414358616582,""
"org.axonframework.eventhandling.deadletter.jpa.JpaSequencedDeadLetterQueue","JpaSequencedDeadLetterQueue","centralityPageRank",0.0021106398747344213,""
"org.axonframework.commandhandling.gateway.ExponentialBackOffIntervalRetryScheduler","ExponentialBackOffIntervalRetryScheduler","centralityPageRank",0.002109180235947824,""
"org.axonframework.commandhandling.gateway.IntervalRetryScheduler","IntervalRetryScheduler","centralityPageRank",0.002109180235947824,""
"org.axonframework.eventhandling.deadletter.legacyjpa.JpaSequencedDeadLetterQueue","JpaSequencedDeadLetterQueue","centralityPageRank",0.002108898065770187,""
"org.axonframework.test.deadline.ScheduledDeadlineInfo","ScheduledDeadlineInfo","centralityPageRank",0.0021048407789167303,""
"org.axonframework.test.matchers.MapEntryMatcher$Matching","MapEntryMatcher$Matching","centralityPageRank",0.0021045953708278067,""
"org.axonframework.common.caching.AbstractCacheAdapter","AbstractCacheAdapter","centralityPageRank",0.002103293533542514,""
"org.axonframework.eventhandling.ReplayStatus","ReplayStatus","centralityPageRank",0.0021009738443521202,""
"org.axonframework.eventhandling.replay.ReplayParameterResolverFactory$1","ReplayParameterResolverFactory$1","centralityPageRank",0.0021009738443521202,""
"org.axonframework.commandhandling.gateway.CommandGatewayFactory$MetaDataExtractor","CommandGatewayFactory$MetaDataExtractor","centralityPageRank",0.0020993845143016158,""
"org.axonframework.messaging.deadletter.ThrowableCause","ThrowableCause","centralityPageRank",0.002089958906739275,""
"org.axonframework.eventhandling.TrackedEventData","TrackedEventData","centralityPageRank",0.002084428171876969,""
"org.axonframework.eventhandling.scheduling.EventScheduler","EventScheduler","centralityPageRank",0.0020824587710278793,""
"org.axonframework.serialization.SerializedObjectHolder","SerializedObjectHolder","centralityPageRank",0.0020807174710335647,""
"org.axonframework.common.jdbc.PagingJdbcIterable","PagingJdbcIterable","centralityPageRank",0.002080383066069433,""
"org.axonframework.disruptor.commandhandling.FirstLevelCache$1","FirstLevelCache$1","centralityPageRank",0.002075790995086658,""
"org.axonframework.common.jdbc.UnitOfWorkAwareConnectionProviderWrapper$UoWAttachedConnection","UnitOfWorkAwareConnectionProviderWrapper$UoWAttachedConnection","centralityPageRank",0.0020739944117790596,""
"org.axonframework.config.EventProcessingConfigurer","EventProcessingConfigurer","centralityPageRank",0.0020707103741780166,""
"org.axonframework.eventsourcing.snapshotting.RevisionSnapshotFilter","RevisionSnapshotFilter","centralityPageRank",0.0020677638078058364,""
"org.axonframework.deadline.DeadlineManager","DeadlineManager","centralityPageRank",0.0020615204772545174,""
"org.axonframework.eventhandling.gateway.EventGateway","EventGateway","centralityPageRank",0.002059202026064704,""
"org.axonframework.eventhandling.deadletter.jdbc.JdbcSequencedDeadLetterQueue","JdbcSequencedDeadLetterQueue","centralityPageRank",0.0020518800568980317,""
"org.axonframework.messaging.interceptors.ResultHandler","ResultHandler","centralityPageRank",0.0020417293645039352,""
"org.axonframework.eventsourcing.IncompatibleAggregateException","IncompatibleAggregateException","centralityPageRank",0.00203994079053857,""
"org.axonframework.commandhandling.CommandBusSpanFactory","CommandBusSpanFactory","centralityPageRank",0.0020386247259190637,""
"org.axonframework.test.matchers.Matchers","Matchers","centralityPageRank",0.0020354283409289202,""
"org.axonframework.eventhandling.gateway.DefaultEventGateway$Builder","DefaultEventGateway$Builder","centralityPageRank",0.0020268725211821576,""
"org.axonframework.tracing.NoOpSpanFactory$NoOpSpan","NoOpSpanFactory$NoOpSpan","centralityPageRank",0.0020209489732341012,""
"org.axonframework.config.SubscribableMessageSourceDefinition","SubscribableMessageSourceDefinition","centralityPageRank",0.0020157513614537867,""
"org.axonframework.commandhandling.distributed.MetaDataRoutingStrategy$Builder","MetaDataRoutingStrategy$Builder","centralityPageRank",0.002011776390740271,""
"org.axonframework.common.jdbc.JdbcException","JdbcException","centralityPageRank",0.002009789361602063,""
"org.axonframework.axonserver.connector.event.axon.PersistentStreamMessageSourceFactory","PersistentStreamMessageSourceFactory","centralityPageRank",0.002007896112957153,""
"org.axonframework.messaging.deadletter.GenericDeadLetter","GenericDeadLetter","centralityPageRank",0.0020078928133379957,""
"org.axonframework.modelling.saga.repository.jdbc.GenericSagaSqlSchema","GenericSagaSqlSchema","centralityPageRank",0.002006845253195899,""
"org.axonframework.modelling.saga.SagaMethodMessageHandlingMember","SagaMethodMessageHandlingMember","centralityPageRank",0.0020055361742778834,""
"org.axonframework.modelling.saga.DefaultSagaManagerSpanFactory","DefaultSagaManagerSpanFactory","centralityPageRank",0.0020053091067689945,""
"org.axonframework.test.utils.CallbackBehavior","CallbackBehavior","centralityPageRank",0.0020050484110729896,""
"org.axonframework.test.eventscheduler.ScheduledItem","ScheduledItem","centralityPageRank",0.00200399178775045,""
"org.axonframework.modelling.saga.metamodel.AnnotationSagaMetaModelFactory","AnnotationSagaMetaModelFactory","centralityPageRank",0.00200042202355846,""
"org.axonframework.eventhandling.tokenstore.jpa.TokenEntry","TokenEntry","centralityPageRank",0.0020002184479378884,""
"org.axonframework.eventhandling.ErrorHandler","ErrorHandler","centralityPageRank",0.0019997411172239204,""
"org.axonframework.commandhandling.GenericCommandMessage","GenericCommandMessage","centralityPageRank",0.0019954486246759697,""
"org.axonframework.modelling.command.AggregateScopeDescriptor","AggregateScopeDescriptor","centralityPageRank",0.0019952836272976175,""
"org.axonframework.modelling.saga.repository.inmemory.InMemorySagaStore$ManagedSaga","InMemorySagaStore$ManagedSaga","centralityPageRank",0.0019929621322371817,""
"org.axonframework.eventhandling.SimpleEventHandlerInvoker$Builder","SimpleEventHandlerInvoker$Builder","centralityPageRank",0.001982344629749493,""
"org.axonframework.serialization.avro.SchemaIncompatibilityChecker","SchemaIncompatibilityChecker","centralityPageRank",0.0019823386030359347,""
"org.axonframework.modelling.command.inspection.ChildEntity","ChildEntity","centralityPageRank",0.001980918752398887,""
"org.axonframework.modelling.command.AnnotationCommandTargetResolver","AnnotationCommandTargetResolver","centralityPageRank",0.001978129627863226,""
"org.axonframework.serialization.SerializedMetaData","SerializedMetaData","centralityPageRank",0.001977457152857259,""
"org.axonframework.commandhandling.gateway.AbstractRetryScheduler","AbstractRetryScheduler","centralityPageRank",0.001975893300327197,""
"org.axonframework.messaging.annotation.FixedValueParameterResolver","FixedValueParameterResolver","centralityPageRank",0.0019723556867450444,""
"org.axonframework.eventhandling.DefaultEventProcessorSpanFactory","DefaultEventProcessorSpanFactory","centralityPageRank",0.0019703519872991127,""
"org.axonframework.test.eventscheduler.StubScheduleToken","StubScheduleToken","centralityPageRank",0.0019683475249714765,""
"org.axonframework.config.EventProcessingModule$TypeProcessingGroupSelector","EventProcessingModule$TypeProcessingGroupSelector","centralityPageRank",0.0019678653338499686,""
"org.axonframework.queryhandling.DefaultQueryBusSpanFactory","DefaultQueryBusSpanFactory","centralityPageRank",0.0019660383990539507,""
"org.axonframework.modelling.command.inspection.AnnotatedAggregateMetaModelFactory","AnnotatedAggregateMetaModelFactory","centralityPageRank",0.0019627835176530854,""
"org.axonframework.messaging.responsetypes.MultipleInstancesResponseType","MultipleInstancesResponseType","centralityPageRank",0.001962414588898863,""
"org.axonframework.eventhandling.MultiStreamableMessageSource","MultiStreamableMessageSource","centralityPageRank",0.0019571933423281917,""
"org.axonframework.deadline.SimpleDeadlineManager$1","SimpleDeadlineManager$1","centralityPageRank",0.001956308403999031,""
"org.axonframework.axonserver.connector.util.ExceptionSerializer","ExceptionSerializer","centralityPageRank",0.0019525608922102875,""
"org.axonframework.queryhandling.QueryBusSpanFactory","QueryBusSpanFactory","centralityPageRank",0.0019522724486090923,""
"org.axonframework.axonserver.connector.util.GrpcMessageSizeExceededException","GrpcMessageSizeExceededException","centralityPageRank",0.0019514410063314863,""
"org.axonframework.axonserver.connector.query.subscription.SubscriptionMessageSerializer","SubscriptionMessageSerializer","centralityPageRank",0.001951432468084913,""
"org.axonframework.test.matchers.MatcherExecutionException","MatcherExecutionException","centralityPageRank",0.001950348711298426,""
"org.axonframework.common.jdbc.PagingJdbcIterable$PagingStatementSupplier","PagingJdbcIterable$PagingStatementSupplier","centralityPageRank",0.0019457306709970972,""
"org.axonframework.commandhandling.distributed.AnnotationRoutingStrategy$RoutingKeyResolver","AnnotationRoutingStrategy$RoutingKeyResolver","centralityPageRank",0.0019456224634754758,""
"org.axonframework.commandhandling.gateway.CommandGateway","CommandGateway","centralityPageRank",0.0019443612711722515,""
"org.axonframework.axonserver.connector.util.Scheduler","Scheduler","centralityPageRank",0.0019427797769625225,""
"org.axonframework.test.aggregate.StubAggregateLifecycle$1","StubAggregateLifecycle$1","centralityPageRank",0.0019414990157440703,""
"org.axonframework.eventhandling.AbstractSequencedDomainEventEntry","AbstractSequencedDomainEventEntry","centralityPageRank",0.001939888979364765,""
"org.axonframework.eventsourcing.eventstore.AbstractSnapshotEventEntry","AbstractSnapshotEventEntry","centralityPageRank",0.001939888979364765,""
"org.axonframework.messaging.annotation.ScopeDescriptorParameterResolverFactory$1","ScopeDescriptorParameterResolverFactory$1","centralityPageRank",0.0019391650835004302,""
"org.axonframework.eventsourcing.conflictresolution.ConflictResolver","ConflictResolver","centralityPageRank",0.0019360565980182881,""
"org.axonframework.commandhandling.distributed.CommandCallbackWrapper","CommandCallbackWrapper","centralityPageRank",0.0019345338736483533,""
"org.axonframework.queryhandling.QueryGateway","QueryGateway","centralityPageRank",0.0019299047606872156,""
"org.axonframework.eventsourcing.SnapshotterSpanFactory","SnapshotterSpanFactory","centralityPageRank",0.0019291893880542797,""
"org.axonframework.eventsourcing.MultiStreamableMessageSource$Builder","MultiStreamableMessageSource$Builder","centralityPageRank",0.0019274946878923556,""
"org.axonframework.tracing.opentelemetry.OpenTelemetrySpanFactory$Builder","OpenTelemetrySpanFactory$Builder","centralityPageRank",0.0019178806044757033,""
"org.axonframework.eventsourcing.eventstore.AbstractEventStore","AbstractEventStore","centralityPageRank",0.0019172724112558213,""
"org.axonframework.eventhandling.TrackingEventProcessor$Instruction","TrackingEventProcessor$Instruction","centralityPageRank",0.0019167498008123888,""
"org.axonframework.messaging.unitofwork.DefaultUnitOfWork","DefaultUnitOfWork","centralityPageRank",0.0019150540491989587,""
"org.axonframework.common.caching.EhCache3Adapter$CacheEventListenerAdapter","EhCache3Adapter$CacheEventListenerAdapter","centralityPageRank",0.0019127611634189889,""
"org.axonframework.axonserver.connector.event.axon.AxonServerEventStore$AxonIQEventStorageEngine$Builder","AxonServerEventStore$AxonIQEventStorageEngine$Builder","centralityPageRank",0.0019088556325865655,""
"org.axonframework.eventsourcing.eventstore.ConcatenatingDomainEventStream","ConcatenatingDomainEventStream","centralityPageRank",0.0019073454007024232,""
"org.axonframework.eventsourcing.eventstore.FilteringDomainEventStream","FilteringDomainEventStream","centralityPageRank",0.0019073454007024232,""
"org.axonframework.messaging.SimpleHandlerAttributes","SimpleHandlerAttributes","centralityPageRank",0.0019049207949198717,""
"org.axonframework.tracing.LoggingSpanFactory$1","LoggingSpanFactory$1","centralityPageRank",0.0019019075416347772,""
"org.axonframework.disruptor.commandhandling.BlacklistDetectingCallback","BlacklistDetectingCallback","centralityPageRank",0.0018982831507124457,""
"org.axonframework.disruptor.commandhandling.DisruptorUnitOfWork","DisruptorUnitOfWork","centralityPageRank",0.0018949787253300047,""
"org.axonframework.modelling.saga.AbstractSagaManager$Builder","AbstractSagaManager$Builder","centralityPageRank",0.0018935769952358214,""
"org.axonframework.messaging.annotation.NoMoreInterceptors","NoMoreInterceptors","centralityPageRank",0.001893433803433312,""
"org.axonframework.messaging.deadletter.InMemorySequencedDeadLetterQueue","InMemorySequencedDeadLetterQueue","centralityPageRank",0.001891357691206398,""
"org.axonframework.eventhandling.scheduling.java.SimpleEventScheduler","SimpleEventScheduler","centralityPageRank",0.001889894383651424,""
"org.axonframework.eventhandling.tokenstore.AbstractTokenEntry","AbstractTokenEntry","centralityPageRank",0.0018897331846268123,""
"org.axonframework.axonserver.connector.event.axon.PersistentStreamConnection$SegmentState","PersistentStreamConnection$SegmentState","centralityPageRank",0.0018851342095258165,""
"org.axonframework.common.caching.Cache$EntryListenerAdapter","Cache$EntryListenerAdapter","centralityPageRank",0.0018849923975887077,""
"org.axonframework.axonserver.connector.AxonServerConfiguration$Builder","AxonServerConfiguration$Builder","centralityPageRank",0.0018818763943055507,""
"org.axonframework.eventhandling.pooled.WorkPackage$Builder","WorkPackage$Builder","centralityPageRank",0.0018752005294229855,""
"org.axonframework.test.saga.WhenAggregateEventPublisher","WhenAggregateEventPublisher","centralityPageRank",0.0018732190933466904,""
"org.axonframework.axonserver.connector.event.axon.AxonServerEventStoreFactory$Builder","AxonServerEventStoreFactory$Builder","centralityPageRank",0.0018701844725529662,""
"org.axonframework.eventsourcing.EventCountSnapshotTriggerDefinition$EventCountSnapshotTrigger","EventCountSnapshotTriggerDefinition$EventCountSnapshotTrigger","centralityPageRank",0.00187017560387923,""
"org.axonframework.serialization.upcasting.SingleEntryUpcaster","SingleEntryUpcaster","centralityPageRank",0.001866476221534854,""
"org.axonframework.eventsourcing.eventstore.BatchingEventStorageEngine$EventStreamSpliterator","BatchingEventStorageEngine$EventStreamSpliterator","centralityPageRank",0.0018643391911937765,""
"org.axonframework.modelling.command.ForwardToAll","ForwardToAll","centralityPageRank",0.0018633591257429063,""
"org.axonframework.eventsourcing.conflictresolution.ConflictExceptionSupplier","ConflictExceptionSupplier","centralityPageRank",0.0018603201994293133,""
"org.axonframework.eventhandling.TrackingTokenParameterResolverFactory$1","TrackingTokenParameterResolverFactory$1","centralityPageRank",0.0018598859070155364,""
"org.axonframework.eventsourcing.eventstore.jdbc.statements.TimestampWriter","TimestampWriter","centralityPageRank",0.001859561611342291,""
"org.axonframework.eventsourcing.eventstore.jpa.JpaEventStorageEngine$Builder","JpaEventStorageEngine$Builder","centralityPageRank",0.00185920530730515,""
"org.axonframework.config.SagaConfiguration","SagaConfiguration","centralityPageRank",0.0018590331792187709,""
"org.axonframework.messaging.responsetypes.ResponseTypes","ResponseTypes","centralityPageRank",0.0018554980429604162,""
"org.axonframework.eventhandling.EventProcessingStrategy","EventProcessingStrategy","centralityPageRank",0.0018540705614241563,""
"org.axonframework.test.aggregate.AggregateTestFixture$1","AggregateTestFixture$1","centralityPageRank",0.001850151002791266,""
"org.axonframework.modelling.saga.AbstractSagaManager","AbstractSagaManager","centralityPageRank",0.0018487823094506088,""
"org.axonframework.test.saga.SagaTestFixture$TransienceValidatingResourceInjector","SagaTestFixture$TransienceValidatingResourceInjector","centralityPageRank",0.0018487098029408438,""
"org.axonframework.commandhandling.gateway.AxonNonTransientExceptionClassesPredicate","AxonNonTransientExceptionClassesPredicate","centralityPageRank",0.0018478083979515554,""
"org.axonframework.modelling.command.RepositorySpanFactory","RepositorySpanFactory","centralityPageRank",0.0018456499149019999,""
"org.axonframework.modelling.command.inspection.MethodCommandHandlerInterceptorDefinition$MethodCommandHandlerInterceptorHandlingMember","MethodCommandHandlerInterceptorDefinition$MethodCommandHandlerInterceptorHandlingMember","centralityPageRank",0.001845633190602214,""
"org.axonframework.modelling.command.inspection.MethodCreationPolicyDefinition$MethodCreationPolicyHandlingMember","MethodCreationPolicyDefinition$MethodCreationPolicyHandlingMember","centralityPageRank",0.001845633190602214,""
"org.axonframework.queryhandling.DefaultQueryBusSpanFactory$Builder","DefaultQueryBusSpanFactory$Builder","centralityPageRank",0.0018455037205054702,""
"org.axonframework.common.caching.EhCache3Adapter$1","EhCache3Adapter$1","centralityPageRank",0.0018380677259117366,""
"org.axonframework.tracing.LoggingSpanFactory$Slf4jSpan$Slf4jSpanScope","LoggingSpanFactory$Slf4jSpan$Slf4jSpanScope","centralityPageRank",0.0018338671171264237,""
"org.axonframework.deadline.annotation.DeadlineMethodMessageHandlerDefinition$DeadlineMethodMessageHandlingMember","DeadlineMethodMessageHandlerDefinition$DeadlineMethodMessageHandlingMember","centralityPageRank",0.0018250845222269536,""
"org.axonframework.modelling.command.CommandTargetResolver","CommandTargetResolver","centralityPageRank",0.0018246189819690337,""
"org.axonframework.config.Configuration$1","Configuration$1","centralityPageRank",0.0018235535639222374,""
"org.axonframework.axonserver.connector.query.StreamableResponse","StreamableResponse","centralityPageRank",0.00182246947396713,""
"org.axonframework.axonserver.connector.util.GrpcPayloadSerializer","GrpcPayloadSerializer","centralityPageRank",0.0018195219318618559,""
"org.axonframework.eventhandling.MultiSourceTrackingToken","MultiSourceTrackingToken","centralityPageRank",0.0018185625245809658,""
"org.axonframework.commandhandling.MethodCommandHandlerDefinition$MethodCommandMessageHandlingMember","MethodCommandHandlerDefinition$MethodCommandMessageHandlingMember","centralityPageRank",0.0018183362625173113,""
"org.axonframework.config.MessageMonitorFactory","MessageMonitorFactory","centralityPageRank",0.0018178782989330567,""
"org.axonframework.commandhandling.CommandExecutionException","CommandExecutionException","centralityPageRank",0.0018149894838408777,""
"org.axonframework.serialization.GapAwareTrackingTokenConverter$ReflectivelyConstructedGapSetConverter","GapAwareTrackingTokenConverter$ReflectivelyConstructedGapSetConverter","centralityPageRank",0.001813355350765118,""
"org.axonframework.eventhandling.TrackingEventProcessorConfiguration","TrackingEventProcessorConfiguration","centralityPageRank",0.0018131860249127074,""
"org.axonframework.eventsourcing.AggregateSnapshotter$Builder","AggregateSnapshotter$Builder","centralityPageRank",0.0018126705958012369,""
"org.axonframework.axonserver.connector.processor.EventProcessorControlService","EventProcessorControlService","centralityPageRank",0.0018115624395776276,""
"org.axonframework.modelling.command.AnnotationCommandTargetResolver$Builder","AnnotationCommandTargetResolver$Builder","centralityPageRank",0.0018037089617218888,""
"org.axonframework.serialization.upcasting.GenericUpcasterChain","GenericUpcasterChain","centralityPageRank",0.0018030536998112072,""
"org.axonframework.messaging.responsetypes.PublisherResponseType","PublisherResponseType","centralityPageRank",0.0018022550794486623,""
"org.axonframework.springboot.DistributedCommandBusProperties$SpringCloudProperties","DistributedCommandBusProperties$SpringCloudProperties","centralityPageRank",0.001797810651591979,""
"org.axonframework.eventhandling.EventProcessorSpanFactory","EventProcessorSpanFactory","centralityPageRank",0.0017940800603503955,""
"org.axonframework.axonserver.connector.heartbeat.HeartbeatSource","HeartbeatSource","centralityPageRank",0.001793750158528396,""
"org.axonframework.eventhandling.replay.ReplayContextParameterResolverFactory$ReplayContextParameterResolver","ReplayContextParameterResolverFactory$ReplayContextParameterResolver","centralityPageRank",0.001793750158528396,""
"org.axonframework.serialization.upcasting.ContextAwareSingleEntryMultiUpcaster","ContextAwareSingleEntryMultiUpcaster","centralityPageRank",0.001793750158528396,""
"org.axonframework.serialization.upcasting.ContextAwareSingleEntryUpcaster","ContextAwareSingleEntryUpcaster","centralityPageRank",0.001793750158528396,""
"org.axonframework.serialization.upcasting.SingleEntryMultiUpcaster","SingleEntryMultiUpcaster","centralityPageRank",0.001793750158528396,""
"org.axonframework.test.FixtureResourceParameterResolverFactory$FailingParameterResolver","FixtureResourceParameterResolverFactory$FailingParameterResolver","centralityPageRank",0.001793750158528396,""
"org.axonframework.deadline.GenericDeadlineMessage","GenericDeadlineMessage","centralityPageRank",0.0017935851520544375,""
"org.axonframework.serialization.xml.CompactDriver","CompactDriver","centralityPageRank",0.0017924738564599003,""
"org.axonframework.eventhandling.pooled.Coordinator$RunState","Coordinator$RunState","centralityPageRank",0.001790427465094517,""
"org.axonframework.messaging.timeout.HandlerTimeoutConfiguration","HandlerTimeoutConfiguration","centralityPageRank",0.0017889458286904907,""
"org.axonframework.eventsourcing.eventstore.legacyjpa.EmbeddedEventStore$EventProducer","EmbeddedEventStore$EventProducer","centralityPageRank",0.0017878501344921634,""
"org.axonframework.tracing.opentelemetry.OpenTelemetrySpanFactory","OpenTelemetrySpanFactory","centralityPageRank",0.001787822579272388,""
"org.axonframework.eventsourcing.AggregateSnapshotter$SnapshotAggregate","AggregateSnapshotter$SnapshotAggregate","centralityPageRank",0.001781440394295554,""
"org.axonframework.deadline.SimpleDeadlineManager$Builder","SimpleDeadlineManager$Builder","centralityPageRank",0.0017803568786814881,""
"org.axonframework.test.matchers.AllFieldsFilter","AllFieldsFilter","centralityPageRank",0.0017790366515915707,""
"org.axonframework.modelling.saga.repository.jpa.SagaEntry","SagaEntry","centralityPageRank",0.0017761517011773103,""
"org.axonframework.commandhandling.distributed.AnnotationRoutingStrategy$Builder","AnnotationRoutingStrategy$Builder","centralityPageRank",0.001773909857874746,""
"org.axonframework.common.jdbc.UnitOfWorkAwareConnectionProviderWrapper$1","UnitOfWorkAwareConnectionProviderWrapper$1","centralityPageRank",0.0017734756436747492,""
"org.axonframework.commandhandling.distributed.MetaDataRoutingStrategy","MetaDataRoutingStrategy","centralityPageRank",0.0017717750207113274,""
"org.axonframework.modelling.command.inspection.MethodCommandHandlerInterceptorDefinition$1","MethodCommandHandlerInterceptorDefinition$1","centralityPageRank",0.0017681500497549157,""
"org.axonframework.modelling.command.inspection.MethodCreationPolicyDefinition$1","MethodCreationPolicyDefinition$1","centralityPageRank",0.0017681500497549157,""
"org.axonframework.eventsourcing.eventstore.EmbeddedEventStore$EventProducer","EmbeddedEventStore$EventProducer","centralityPageRank",0.0017681295352191052,""
"org.axonframework.test.saga.SagaTestFixture$StubAwareCommandGatewayFactory","SagaTestFixture$StubAwareCommandGatewayFactory","centralityPageRank",0.0017667013593998294,""
"org.axonframework.messaging.AbstractMessage","AbstractMessage","centralityPageRank",0.0017627862588490677,""
"org.axonframework.eventsourcing.AbstractSnapshotter$RunnableAndFinally","AbstractSnapshotter$RunnableAndFinally","centralityPageRank",0.0017600091207906317,""
"org.axonframework.disruptor.commandhandling.CommandHandlerInvoker$DisruptorRepository","CommandHandlerInvoker$DisruptorRepository","centralityPageRank",0.0017591356956780577,""
"org.axonframework.queryhandling.QueryExecutionException","QueryExecutionException","centralityPageRank",0.0017583372844971687,""
"org.axonframework.util.ClasspathResolver","ClasspathResolver","centralityPageRank",0.0017565080484717734,""
"org.axonframework.eventhandling.SimpleEventHandlerInvoker","SimpleEventHandlerInvoker","centralityPageRank",0.0017561695361091175,""
"org.axonframework.eventhandling.TrackingEventProcessor$State","TrackingEventProcessor$State","centralityPageRank",0.0017554471192942158,""
"org.axonframework.serialization.xml.XStreamSerializer$Builder","XStreamSerializer$Builder","centralityPageRank",0.0017548966872672715,""
"org.axonframework.eventsourcing.eventstore.legacyjpa.JpaEventStorageEngine$Builder","JpaEventStorageEngine$Builder","centralityPageRank",0.0017544830497322687,""
"org.axonframework.axonserver.connector.query.QueryProcessingTask","QueryProcessingTask","centralityPageRank",0.0017522621879337067,""
"org.axonframework.messaging.deadletter.EnqueuePolicy","EnqueuePolicy","centralityPageRank",0.001751654042479559,""
"org.axonframework.commandhandling.SimpleCommandBus","SimpleCommandBus","centralityPageRank",0.0017505792103433685,""
"org.axonframework.eventsourcing.EventSourcingRepository$Builder","EventSourcingRepository$Builder","centralityPageRank",0.0017500676773760675,""
"org.axonframework.axonserver.connector.util.GrpcMetaDataConverter$1","GrpcMetaDataConverter$1","centralityPageRank",0.0017486743597930744,""
"org.axonframework.modelling.saga.metamodel.SagaMetaModelFactory","SagaMetaModelFactory","centralityPageRank",0.0017478664403034498,""
"org.axonframework.test.deadline.StubDeadlineManager","StubDeadlineManager","centralityPageRank",0.0017460915743296738,""
"org.axonframework.modelling.saga.SagaLifecycle","SagaLifecycle","centralityPageRank",0.0017425861430064092,""
"org.axonframework.test.eventscheduler.StubEventScheduler","StubEventScheduler","centralityPageRank",0.0017391556763429728,""
"org.axonframework.serialization.ChainedConverter$1","ChainedConverter$1","centralityPageRank",0.0017365431745091553,""
"org.axonframework.messaging.annotation.ClasspathHandlerDefinition","ClasspathHandlerDefinition","centralityPageRank",0.0017355876526307368,""
"org.axonframework.modelling.command.inspection.AnnotatedAggregateMetaModelFactory$AnnotatedAggregateModel","AnnotatedAggregateMetaModelFactory$AnnotatedAggregateModel","centralityPageRank",0.0017354480203595388,""
"org.axonframework.actuator.axonserver.AxonServerHealthIndicator","AxonServerHealthIndicator","centralityPageRank",0.0017343081454777474,""
"org.axonframework.eventhandling.EventTrackerStatusChangeListener","EventTrackerStatusChangeListener","centralityPageRank",0.001734260079315508,""
"org.axonframework.messaging.annotation.UnsupportedHandlerException","UnsupportedHandlerException","centralityPageRank",0.0017313383607478014,""
"org.axonframework.test.saga.SagaTestFixture$ReturnResultFromStub","SagaTestFixture$ReturnResultFromStub","centralityPageRank",0.0017286660505895293,""
"org.axonframework.modelling.saga.repository.inmemory.InMemorySagaStore","InMemorySagaStore","centralityPageRank",0.0017275061889781874,""
"org.axonframework.monitoring.NoOpMessageMonitor","NoOpMessageMonitor","centralityPageRank",0.0017267854314335085,""
"org.axonframework.eventsourcing.conflictresolution.ContextAwareConflictExceptionSupplier","ContextAwareConflictExceptionSupplier","centralityPageRank",0.001726687552877361,""
"org.axonframework.eventhandling.scheduling.java.SimpleEventScheduler$Builder","SimpleEventScheduler$Builder","centralityPageRank",0.0017251491900311159,""
"org.axonframework.axonserver.connector.util.GrpcMetadataSerializer","GrpcMetadataSerializer","centralityPageRank",0.0017209236023166144,""
"org.axonframework.serialization.AnnotationRevisionResolver","AnnotationRevisionResolver","centralityPageRank",0.0017195560828321109,""
"org.axonframework.messaging.deadletter.DeadLetterParameterResolverFactory$DeadLetterParameterResolver","DeadLetterParameterResolverFactory$DeadLetterParameterResolver","centralityPageRank",0.0017173247131775623,""
"org.axonframework.springboot.service.connection.AxonServerTestContainerConnectionDetailsFactory$AxonServerContainerConnectionDetails","AxonServerTestContainerConnectionDetailsFactory$AxonServerContainerConnectionDetails","centralityPageRank",0.0017173247131775623,""
"org.axonframework.commandhandling.distributed.AbstractRoutingStrategy","AbstractRoutingStrategy","centralityPageRank",0.0017128612777986805,""
"org.axonframework.serialization.UnknownSerializedType","UnknownSerializedType","centralityPageRank",0.0017096814398072108,""
"org.axonframework.eventhandling.scheduling.quartz.EventJobDataBinder","EventJobDataBinder","centralityPageRank",0.001706395704512343,""
"org.axonframework.commandhandling.callbacks.FutureCallback","FutureCallback","centralityPageRank",0.001702811623698547,""
"org.axonframework.modelling.command.ConcurrencyException","ConcurrencyException","centralityPageRank",0.001702796504895548,""
"org.axonframework.test.saga.SagaTestFixture$StubAwareCommandGatewayFactory$Builder","SagaTestFixture$StubAwareCommandGatewayFactory$Builder","centralityPageRank",0.0017019430916050573,""
"org.axonframework.messaging.unitofwork.BatchingUnitOfWork","BatchingUnitOfWork","centralityPageRank",0.0017017960135850795,""
"org.axonframework.disruptor.commandhandling.DisruptorCommandBus$Builder","DisruptorCommandBus$Builder","centralityPageRank",0.00170162282764136,""
"org.axonframework.monitoring.MultiMessageMonitor","MultiMessageMonitor","centralityPageRank",0.0016971711775909508,""
"org.axonframework.test.aggregate.TestExecutor","TestExecutor","centralityPageRank",0.0016958831482713154,""
"org.axonframework.eventhandling.AbstractEventBus","AbstractEventBus","centralityPageRank",0.001693644480010952,""
"org.axonframework.eventhandling.scheduling.jobrunr.JobRunrEventScheduler$Builder","JobRunrEventScheduler$Builder","centralityPageRank",0.0016933718946645646,""
"org.axonframework.eventhandling.scheduling.java.SimpleScheduleToken","SimpleScheduleToken","centralityPageRank",0.0016881690774838063,""
"org.axonframework.axonserver.connector.query.GrpcBackedQueryMessage","GrpcBackedQueryMessage","centralityPageRank",0.0016880228770196123,""
"org.axonframework.messaging.deadletter.DeadLetterQueueOverflowException","DeadLetterQueueOverflowException","centralityPageRank",0.001686983304895747,""
"org.axonframework.common.property.DirectlyAccessedProperty","DirectlyAccessedProperty","centralityPageRank",0.0016867545350372287,""
"org.axonframework.serialization.upcasting.event.EventTypeUpcaster$Builder","EventTypeUpcaster$Builder","centralityPageRank",0.0016865724834695102,""
"org.axonframework.commandhandling.gateway.CommandGatewayFactory$DispatchOnInvocationHandler","CommandGatewayFactory$DispatchOnInvocationHandler","centralityPageRank",0.0016864790183570319,""
"org.axonframework.deadline.dbscheduler.DbSchedulerDeadlineManager$Builder","DbSchedulerDeadlineManager$Builder","centralityPageRank",0.0016859290351324645,""
"org.axonframework.deadline.jobrunr.JobRunrDeadlineManager$Builder","JobRunrDeadlineManager$Builder","centralityPageRank",0.0016805825373957964,""
"org.axonframework.commandhandling.AsynchronousCommandBus$Builder","AsynchronousCommandBus$Builder","centralityPageRank",0.0016792238437666068,""
"org.axonframework.modelling.saga.SagaManagerSpanFactory","SagaManagerSpanFactory","centralityPageRank",0.0016780136822735203,""
"org.axonframework.modelling.saga.AnnotatedSaga","AnnotatedSaga","centralityPageRank",0.0016766681522027884,""
"org.axonframework.modelling.command.LockAwareAggregate$LockSupplier","LockAwareAggregate$LockSupplier","centralityPageRank",0.0016754755566808863,""
"org.axonframework.modelling.command.ForwardMatchingInstances$NoProperty","ForwardMatchingInstances$NoProperty","centralityPageRank",0.0016734343514185506,""
"org.axonframework.tracing.NestingSpanFactory","NestingSpanFactory","centralityPageRank",0.0016730050301810718,""
"org.axonframework.springboot.autoconfig.MicrometerMetricsAutoConfiguration","MicrometerMetricsAutoConfiguration","centralityPageRank",0.0016729826705473296,""
"org.axonframework.commandhandling.gateway.AbstractCommandGateway","AbstractCommandGateway","centralityPageRank",0.00166971752933411,""
"org.axonframework.modelling.saga.repository.LockingSagaRepository$Builder","LockingSagaRepository$Builder","centralityPageRank",0.0016670474922196837,""
"org.axonframework.queryhandling.QueryInvocationErrorHandler","QueryInvocationErrorHandler","centralityPageRank",0.001666730064275536,""
"org.axonframework.axonserver.connector.event.axon.PersistentStreamConnection$SegmentConnection$ProcessingState","PersistentStreamConnection$SegmentConnection$ProcessingState","centralityPageRank",0.0016646530348033916,""
"org.axonframework.eventhandling.scheduling.dbscheduler.DbSchedulerEventScheduler$Builder","DbSchedulerEventScheduler$Builder","centralityPageRank",0.0016611455163605387,""
"org.axonframework.commandhandling.CommandHandler","CommandHandler","centralityPageRank",0.0016610543981233762,""
"org.axonframework.modelling.saga.EndSagaMessageHandlerDefinition$EndSageMessageHandlingMember","EndSagaMessageHandlerDefinition$EndSageMessageHandlingMember","centralityPageRank",0.0016600056291644367,""
"org.axonframework.disruptor.commandhandling.CommandHandlingEntry$RepeatingCommandHandler","CommandHandlingEntry$RepeatingCommandHandler","centralityPageRank",0.0016552633353577998,""
"org.axonframework.eventsourcing.AbstractSnapshotter$AggregateTypeId","AbstractSnapshotter$AggregateTypeId","centralityPageRank",0.001654926396308679,""
"org.axonframework.eventsourcing.AbstractSnapshotter$SilentTask","AbstractSnapshotter$SilentTask","centralityPageRank",0.001654926396308679,""
"org.axonframework.deadline.annotation.DeadlineMethodMessageHandlerDefinition$1","DeadlineMethodMessageHandlerDefinition$1","centralityPageRank",0.0016543857722921707,""
"org.axonframework.serialization.JavaSerializer","JavaSerializer","centralityPageRank",0.001652333173108483,""
"org.axonframework.modelling.command.ConflictingAggregateVersionException","ConflictingAggregateVersionException","centralityPageRank",0.0016520698898852065,""
"org.axonframework.eventhandling.tokenstore.inmemory.InMemoryTokenStore$ProcessAndSegment","InMemoryTokenStore$ProcessAndSegment","centralityPageRank",0.0016512984364975573,""
"org.axonframework.eventhandling.DomainEventSequenceAware","DomainEventSequenceAware","centralityPageRank",0.0016496955914119535,""
"org.axonframework.messaging.IllegalPayloadAccessException","IllegalPayloadAccessException","centralityPageRank",0.0016495674956924194,""
"org.axonframework.messaging.annotation.ClasspathParameterResolverFactory","ClasspathParameterResolverFactory","centralityPageRank",0.0016489911375862933,""
"org.axonframework.common.caching.EhCacheAdapter$CacheEventListenerAdapter","EhCacheAdapter$CacheEventListenerAdapter","centralityPageRank",0.0016478470355858952,""
"org.axonframework.eventhandling.TrackingEventProcessor$Builder","TrackingEventProcessor$Builder","centralityPageRank",0.0016473491522895488,""
"org.axonframework.disruptor.commandhandling.CommandHandlingEntry$1","CommandHandlingEntry$1","centralityPageRank",0.0016467492173235043,""
"org.axonframework.eventhandling.SubscribingEventProcessor$Builder","SubscribingEventProcessor$Builder","centralityPageRank",0.0016467328388345343,""
"org.axonframework.axonserver.connector.query.AxonServerQueryBus$Builder","AxonServerQueryBus$Builder","centralityPageRank",0.0016446936512181838,""
"org.axonframework.eventsourcing.EventStreamUtils","EventStreamUtils","centralityPageRank",0.0016431413798378475,""
"org.axonframework.common.lock.NoOpLock","NoOpLock","centralityPageRank",0.0016415087466342742,""
"org.axonframework.config.ConfigurerModule","ConfigurerModule","centralityPageRank",0.0016401230357932794,""
"org.axonframework.queryhandling.GenericQueryMessage","GenericQueryMessage","centralityPageRank",0.001639700333116319,""
"org.axonframework.eventsourcing.eventstore.AbstractSnapshotEventEntry$PK","AbstractSnapshotEventEntry$PK","centralityPageRank",0.0016392887254864168,""
"org.axonframework.config.EventProcessingModule$InstanceProcessingGroupSelector","EventProcessingModule$InstanceProcessingGroupSelector","centralityPageRank",0.00163878527960552,""
"org.axonframework.common.jdbc.PagingJdbcIterable$PagingIterator","PagingJdbcIterable$PagingIterator","centralityPageRank",0.001637698946683284,""
"org.axonframework.modelling.saga.repository.AssociationValueMap$AssociationValueComparator","AssociationValueMap$AssociationValueComparator","centralityPageRank",0.0016367064133189714,""
"org.axonframework.springboot.TimeoutProperties","TimeoutProperties","centralityPageRank",0.001634528699235246,""
"org.axonframework.eventhandling.TrackedDomainEventData","TrackedDomainEventData","centralityPageRank",0.0016321457608304603,""
"org.axonframework.axonserver.connector.query.StreamableFluxResponse$SendingSubscriber","StreamableFluxResponse$SendingSubscriber","centralityPageRank",0.0016299759320176949,""
"org.axonframework.eventhandling.EventProcessingException","EventProcessingException","centralityPageRank",0.0016291303318204228,""
"org.axonframework.commandhandling.NoHandlerForCommandException","NoHandlerForCommandException","centralityPageRank",0.0016288150634881193,""
"org.axonframework.commandhandling.gateway.RetryingCallback$1","RetryingCallback$1","centralityPageRank",0.0016286250602087571,""
"org.axonframework.serialization.ChainedConverter$RouteCalculator","ChainedConverter$RouteCalculator","centralityPageRank",0.0016269036469034072,""
"org.axonframework.modelling.saga.AnnotatedSagaManager$Builder","AnnotatedSagaManager$Builder","centralityPageRank",0.0016268805085015157,""
"org.axonframework.commandhandling.gateway.CommandGatewayFactory$GatewayInvocationHandler","CommandGatewayFactory$GatewayInvocationHandler","centralityPageRank",0.0016264046463080766,""
"org.axonframework.axonserver.connector.query.AxonServerQueryBus$LocalSegmentAdapter","AxonServerQueryBus$LocalSegmentAdapter","centralityPageRank",0.0016251862851685754,""
"org.axonframework.tracing.NestingSpanFactory$Builder","NestingSpanFactory$Builder","centralityPageRank",0.0016244431322785498,""
"org.axonframework.eventhandling.tokenstore.jpa.TokenEntry$PK","TokenEntry$PK","centralityPageRank",0.0016222039499058417,""
"org.axonframework.queryhandling.UpdateHandlerRegistration","UpdateHandlerRegistration","centralityPageRank",0.0016218076927371097,""
"org.axonframework.commandhandling.distributed.ConsistentHash$1","ConsistentHash$1","centralityPageRank",0.0016204833695151266,""
"org.axonframework.eventhandling.MultiStreamableMessageSource$SourceIdAwareBlockingStream","MultiStreamableMessageSource$SourceIdAwareBlockingStream","centralityPageRank",0.0016199647300416747,""
"org.axonframework.serialization.CachingSupplier","CachingSupplier","centralityPageRank",0.0016183210611818966,""
"org.axonframework.commandhandling.gateway.RetryingCallback$RetryDispatch","RetryingCallback$RetryDispatch","centralityPageRank",0.0016181144510346317,""
"org.axonframework.eventhandling.TrackingEventStream","TrackingEventStream","centralityPageRank",0.0016178148235917542,""
"org.axonframework.serialization.avro.AvroSerializerStrategy","AvroSerializerStrategy","centralityPageRank",0.0016177355422093808,""
"org.axonframework.queryhandling.QueryUpdateEmitterSpanFactory","QueryUpdateEmitterSpanFactory","centralityPageRank",0.0016173869145775514,""
"org.axonframework.commandhandling.MethodCommandHandlerDefinition$1","MethodCommandHandlerDefinition$1","centralityPageRank",0.001617025203249786,""
"org.axonframework.eventhandling.AnnotationEventHandlerAdapter","AnnotationEventHandlerAdapter","centralityPageRank",0.0016161947825530604,""
"org.axonframework.eventhandling.pooled.MaxSegmentProvider","MaxSegmentProvider","centralityPageRank",0.0016161875013591645,""
"org.axonframework.actuator.axonserver.AxonServerStatusAggregator","AxonServerStatusAggregator","centralityPageRank",0.0016154241193764502,""
"org.axonframework.modelling.saga.PayloadAssociationResolver","PayloadAssociationResolver","centralityPageRank",0.0016154241193764502,""
"org.axonframework.common.CollectionUtils","CollectionUtils","centralityPageRank",0.0016143737883086815,""
"org.axonframework.axonserver.connector.event.axon.QueryResultStream","QueryResultStream","centralityPageRank",0.001613036391587794,""
"org.axonframework.tracing.opentelemetry.OpenTelemetrySpan","OpenTelemetrySpan","centralityPageRank",0.0016121788230723678,""
"org.axonframework.messaging.ExecutionException","ExecutionException","centralityPageRank",0.0016115413067721858,""
"org.axonframework.modelling.command.LockAwareAggregate","LockAwareAggregate","centralityPageRank",0.0016107867058720365,""
"org.axonframework.queryhandling.registration.DuplicateQueryHandlerSubscriptionException","DuplicateQueryHandlerSubscriptionException","centralityPageRank",0.0016085938517057987,""
"org.axonframework.modelling.saga.repository.jdbc.SagaSqlSchema","SagaSqlSchema","centralityPageRank",0.0016047635830039664,""
"org.axonframework.test.aggregate.AggregateTestFixture$CreationalRepository","AggregateTestFixture$CreationalRepository","centralityPageRank",0.001600251672945941,""
"org.axonframework.config.LifecycleHandlerInspector","LifecycleHandlerInspector","centralityPageRank",0.0016001324547025642,""
"org.axonframework.messaging.annotation.MultiParameterResolverFactory","MultiParameterResolverFactory","centralityPageRank",0.0015981848410217255,""
"org.axonframework.queryhandling.SubscriptionQueryBackpressure","SubscriptionQueryBackpressure","centralityPageRank",0.0015979647989166539,""
"org.axonframework.eventhandling.async.PropertySequencingPolicy$1","PropertySequencingPolicy$1","centralityPageRank",0.0015973904681969985,""
"org.axonframework.modelling.command.GenericJpaRepository$Builder","GenericJpaRepository$Builder","centralityPageRank",0.001596478568230377,""
"org.axonframework.test.saga.SagaTestFixture$1","SagaTestFixture$1","centralityPageRank",0.0015929408029370976,""
"org.axonframework.axonserver.connector.command.AxonServerCommandBus$Builder","AxonServerCommandBus$Builder","centralityPageRank",0.0015898378986078307,""
"org.axonframework.axonserver.connector.util.GrpcMetaData","GrpcMetaData","centralityPageRank",0.0015889926194162104,""
"org.axonframework.config.LifecycleOperations","LifecycleOperations","centralityPageRank",0.0015887524883296147,""
"org.axonframework.tracing.TracingHandlerEnhancerDefinition$1","TracingHandlerEnhancerDefinition$1","centralityPageRank",0.0015872900366357785,""
"org.axonframework.eventsourcing.eventstore.jdbc.JdbcEventStorageEngine$Builder","JdbcEventStorageEngine$Builder","centralityPageRank",0.0015872123092970612,""
"org.axonframework.serialization.SerializedMessage","SerializedMessage","centralityPageRank",0.0015871786613035003,""
"org.axonframework.springboot.TagsConfigurationProperties","TagsConfigurationProperties","centralityPageRank",0.0015862253536486509,""
"org.axonframework.springboot.EventProcessorProperties","EventProcessorProperties","centralityPageRank",0.0015851067543248246,""
"org.axonframework.messaging.deadletter.ShouldEnqueue","ShouldEnqueue","centralityPageRank",0.0015849813757171044,""
"org.axonframework.queryhandling.SimpleQueryBus$Builder","SimpleQueryBus$Builder","centralityPageRank",0.0015832365965227934,""
"org.axonframework.axonserver.connector.event.axon.PersistentStreamConnection$1","PersistentStreamConnection$1","centralityPageRank",0.0015832049573318483,""
"org.axonframework.common.caching.JCacheAdapter$JCacheListenerAdapter","JCacheAdapter$JCacheListenerAdapter","centralityPageRank",0.0015797589115460612,""
"org.axonframework.eventhandling.SequenceNumberParameterResolverFactory$SequenceNumberParameterResolver","SequenceNumberParameterResolverFactory$SequenceNumberParameterResolver","centralityPageRank",0.0015797589115460612,""
"org.axonframework.eventhandling.TimestampParameterResolverFactory$TimestampParameterResolver","TimestampParameterResolverFactory$TimestampParameterResolver","centralityPageRank",0.0015797589115460612,""
"org.axonframework.messaging.annotation.AggregateTypeParameterResolverFactory$AggregateTypeParameterResolver","AggregateTypeParameterResolverFactory$AggregateTypeParameterResolver","centralityPageRank",0.0015797589115460612,""
"org.axonframework.messaging.annotation.MessageIdentifierParameterResolverFactory$MessageIdentifierParameterResolver","MessageIdentifierParameterResolverFactory$MessageIdentifierParameterResolver","centralityPageRank",0.0015797589115460612,""
"org.axonframework.messaging.annotation.SourceIdParameterResolverFactory$SourceIdParameterResolver","SourceIdParameterResolverFactory$SourceIdParameterResolver","centralityPageRank",0.0015797589115460612,""
"org.axonframework.queryhandling.QueryBus$1","QueryBus$1","centralityPageRank",0.001579630751505252,""
"org.axonframework.modelling.saga.repository.AnnotatedSagaRepository$Builder","AnnotatedSagaRepository$Builder","centralityPageRank",0.001578420510786927,""
"org.axonframework.eventhandling.pooled.CoordinatorTask","CoordinatorTask","centralityPageRank",0.0015773254944888818,""
"org.axonframework.axonserver.connector.event.axon.GrpcMetaDataAwareSerializer","GrpcMetaDataAwareSerializer","centralityPageRank",0.0015769479213120314,""
"org.axonframework.eventhandling.pooled.WorkPackage$BatchProcessor","WorkPackage$BatchProcessor","centralityPageRank",0.0015746478177511276,""
"org.axonframework.eventhandling.pooled.WorkPackage$EventFilter","WorkPackage$EventFilter","centralityPageRank",0.0015746478177511276,""
"org.axonframework.queryhandling.QueryHandler","QueryHandler","centralityPageRank",0.0015718017396034586,""
"org.axonframework.axonserver.connector.event.axon.GrpcBackedDomainEventData","GrpcBackedDomainEventData","centralityPageRank",0.0015716406601303829,""
"org.axonframework.config.SagaConfigurer","SagaConfigurer","centralityPageRank",0.0015712485823365513,""
"org.axonframework.eventsourcing.eventstore.AbstractEventStorageEngine","AbstractEventStorageEngine","centralityPageRank",0.0015692213999349823,""
"org.axonframework.eventhandling.async.AsynchronousEventProcessingStrategy$1","AsynchronousEventProcessingStrategy$1","centralityPageRank",0.001566725031535569,""
"org.axonframework.axonserver.connector.ConnectionManager","ConnectionManager","centralityPageRank",0.0015661040662099611,""
"org.axonframework.common.lock.DeadlockException","DeadlockException","centralityPageRank",0.0015659119716235049,""
"org.axonframework.deadline.dbscheduler.DbSchedulerBinaryDeadlineDetails","DbSchedulerBinaryDeadlineDetails","centralityPageRank",0.0015657852198922796,""
"org.axonframework.modelling.command.inspection.AbstractChildEntityDefinition","AbstractChildEntityDefinition","centralityPageRank",0.0015639839157749274,""
"org.axonframework.modelling.saga.repository.jpa.JpaSagaStore","JpaSagaStore","centralityPageRank",0.0015625177956421932,""
"org.axonframework.eventhandling.pooled.Coordinator$EventFilter","Coordinator$EventFilter","centralityPageRank",0.0015599391423928707,""
"org.axonframework.axonserver.connector.command.CommandSerializer","CommandSerializer","centralityPageRank",0.0015575790069225603,""
"org.axonframework.eventhandling.SimpleEventBus","SimpleEventBus","centralityPageRank",0.0015569422242903608,""
"org.axonframework.eventhandling.deadletter.jpa.JpaSequencedDeadLetterQueue$Builder","JpaSequencedDeadLetterQueue$Builder","centralityPageRank",0.0015557765513646365,""
"org.axonframework.eventhandling.scheduling.dbscheduler.DbSchedulerBinaryEventData","DbSchedulerBinaryEventData","centralityPageRank",0.0015548747379628967,""
"org.axonframework.modelling.saga.repository.legacyjpa.JpaSagaStore","JpaSagaStore","centralityPageRank",0.0015530952304696147,""
"org.axonframework.messaging.deadletter.NoSuchDeadLetterException","NoSuchDeadLetterException","centralityPageRank",0.0015514240521596163,""
"org.axonframework.eventhandling.replay.ReplayAwareMessageHandlerWrapper$ReplayBlockingMessageHandlingMember","ReplayAwareMessageHandlerWrapper$ReplayBlockingMessageHandlingMember","centralityPageRank",0.001550578286957561,""
"org.axonframework.queryhandling.annotation.MethodQueryMessageHandlerDefinition$MethodQueryMessageHandlingMember","MethodQueryMessageHandlerDefinition$MethodQueryMessageHandlingMember","centralityPageRank",0.001550578286957561,""
"org.axonframework.eventhandling.gateway.AbstractEventGateway","AbstractEventGateway","centralityPageRank",0.001550383209589887,""
"org.axonframework.eventhandling.tokenstore.jdbc.TokenTableFactory","TokenTableFactory","centralityPageRank",0.001548691042800321,""
"org.axonframework.eventhandling.deadletter.legacyjpa.JpaSequencedDeadLetterQueue$Builder","JpaSequencedDeadLetterQueue$Builder","centralityPageRank",0.0015475334499940225,""
"org.axonframework.monitoring.MultiMessageMonitor$1","MultiMessageMonitor$1","centralityPageRank",0.0015472911412630203,""
"org.axonframework.eventhandling.gateway.DefaultEventGateway","DefaultEventGateway","centralityPageRank",0.0015438238490603057,""
"org.axonframework.common.ProcessUtils","ProcessUtils","centralityPageRank",0.0015420690910882661,""
"org.axonframework.deadline.dbscheduler.DbSchedulerHumanReadableDeadlineDetails","DbSchedulerHumanReadableDeadlineDetails","centralityPageRank",0.0015414680327351961,""
"org.axonframework.test.matchers.EqualsMatcher","EqualsMatcher","centralityPageRank",0.001540713150990974,""
"org.axonframework.eventhandling.deadletter.SequenceIdentifierCache","SequenceIdentifierCache","centralityPageRank",0.0015404937787514353,""
"org.axonframework.modelling.command.legacyjpa.GenericJpaRepository$Builder","GenericJpaRepository$Builder","centralityPageRank",0.0015397181029438874,""
"org.axonframework.test.matchers.EqualFieldsMatcher","EqualFieldsMatcher","centralityPageRank",0.0015393310810170493,""
"org.axonframework.axonserver.connector.query.AxonServerQueryBus$1","AxonServerQueryBus$1","centralityPageRank",0.0015380705618082576,""
"org.axonframework.modelling.command.TargetAggregateIdentifier","TargetAggregateIdentifier","centralityPageRank",0.0015378442011742956,""
"org.axonframework.modelling.command.TargetAggregateVersion","TargetAggregateVersion","centralityPageRank",0.0015378442011742956,""
"org.axonframework.modelling.saga.SagaInitializationPolicy","SagaInitializationPolicy","centralityPageRank",0.0015370098232246733,""
"org.axonframework.modelling.command.AggregateInvocationException","AggregateInvocationException","centralityPageRank",0.0015369881236587855,""
"org.axonframework.eventhandling.deadletter.jpa.JpaDeadLetter","JpaDeadLetter","centralityPageRank",0.0015355128509067387,""
"org.axonframework.queryhandling.GenericQueryResponseMessage","GenericQueryResponseMessage","centralityPageRank",0.001535343125055817,""
"org.axonframework.serialization.json.JacksonSerializer$Builder","JacksonSerializer$Builder","centralityPageRank",0.0015344568987482395,""
"org.axonframework.eventsourcing.AggregateSnapshotter$1","AggregateSnapshotter$1","centralityPageRank",0.001533164059655016,""
"org.axonframework.messaging.responsetypes.OptionalResponseType","OptionalResponseType","centralityPageRank",0.0015323150927923765,""
"org.axonframework.springboot.TracingProperties$EventProcessorProperties","TracingProperties$EventProcessorProperties","centralityPageRank",0.0015323038129988233,""
"org.axonframework.axonserver.connector.util.GrpcPayloadSerializer$1","GrpcPayloadSerializer$1","centralityPageRank",0.0015317003281137827,""
"org.axonframework.axonserver.connector.event.axon.PersistentStreamScheduledExecutorBuilder","PersistentStreamScheduledExecutorBuilder","centralityPageRank",0.001530693212590853,""
"org.axonframework.eventhandling.scheduling.dbscheduler.DbSchedulerHumanReadableEventData","DbSchedulerHumanReadableEventData","centralityPageRank",0.0015305575508058132,""
"org.axonframework.eventhandling.pooled.Coordinator$CoordinationTask","Coordinator$CoordinationTask","centralityPageRank",0.0015282402549153785,""
"org.axonframework.eventhandling.deadletter.legacyjpa.JpaDeadLetter","JpaDeadLetter","centralityPageRank",0.0015271772461144923,""
"org.axonframework.springboot.autoconfig.TransactionAutoConfiguration","TransactionAutoConfiguration","centralityPageRank",0.0015271152665426338,""
"org.axonframework.axonserver.connector.heartbeat.connection.checker.ActiveGrpcChannelChecker","ActiveGrpcChannelChecker","centralityPageRank",0.0015262610998004772,""
"org.axonframework.eventhandling.tokenstore.UnableToInitializeTokenException","UnableToInitializeTokenException","centralityPageRank",0.0015257704595771715,""
"org.axonframework.modelling.saga.repository.jpa.JpaSagaStore$Builder","JpaSagaStore$Builder","centralityPageRank",0.0015237733692359948,""
"org.axonframework.serialization.avro.AvroSerializer$Builder","AvroSerializer$Builder","centralityPageRank",0.0015237392778784632,""
"org.axonframework.eventsourcing.eventstore.legacyjpa.EmbeddedEventStore$Cleaner","EmbeddedEventStore$Cleaner","centralityPageRank",0.001523311087782361,""
"org.axonframework.commandhandling.DuplicateCommandHandlerSubscriptionException","DuplicateCommandHandlerSubscriptionException","centralityPageRank",0.0015231102674534251,""
"org.axonframework.disruptor.commandhandling.AggregateBlacklistedException","AggregateBlacklistedException","centralityPageRank",0.0015224444821433777,""
"org.axonframework.commandhandling.gateway.DefaultCommandGateway$Builder","DefaultCommandGateway$Builder","centralityPageRank",0.0015222017528986995,""
"org.axonframework.eventhandling.tokenstore.jpa.JpaTokenStore","JpaTokenStore","centralityPageRank",0.0015210051899963088,""
"org.axonframework.modelling.command.AggregateAnnotationCommandHandler$Builder","AggregateAnnotationCommandHandler$Builder","centralityPageRank",0.0015206323612826408,""
"org.axonframework.messaging.annotation.InterceptorChainParameterResolverFactory","InterceptorChainParameterResolverFactory","centralityPageRank",0.0015192063202900167,""
"org.axonframework.queryhandling.NoHandlerForQueryException","NoHandlerForQueryException","centralityPageRank",0.0015186395858703173,""
"org.axonframework.axonserver.connector.util.ExecutorServiceBuilder","ExecutorServiceBuilder","centralityPageRank",0.0015175773182572432,""
"org.axonframework.deadline.DeadlineException","DeadlineException","centralityPageRank",0.0015164935216808524,""
"org.axonframework.eventhandling.GenericTrackedDomainEventMessage","GenericTrackedDomainEventMessage","centralityPageRank",0.001516331592531205,""
"org.axonframework.axonserver.connector.TargetContextResolver","TargetContextResolver","centralityPageRank",0.0015159707352061372,""
"org.axonframework.queryhandling.DefaultQueryGateway","DefaultQueryGateway","centralityPageRank",0.001514881111520984,""
"org.axonframework.serialization.SerialVersionUIDRevisionResolver","SerialVersionUIDRevisionResolver","centralityPageRank",0.0015147766865081262,""
"org.axonframework.modelling.saga.SagaExecutionException","SagaExecutionException","centralityPageRank",0.0015144516922641347,""
"org.axonframework.axonserver.connector.ErrorCode$ExceptionBuilder","ErrorCode$ExceptionBuilder","centralityPageRank",0.001514190159251355,""
"org.axonframework.eventsourcing.eventstore.EmbeddedEventStore$Cleaner","EmbeddedEventStore$Cleaner","centralityPageRank",0.0015134507881458315,""
"org.axonframework.eventhandling.tokenstore.legacyjpa.JpaTokenStore","JpaTokenStore","centralityPageRank",0.0015129297029892685,""
"org.axonframework.test.utils.RecordingCommandBus","RecordingCommandBus","centralityPageRank",0.0015103506025121503,""
"org.axonframework.messaging.unitofwork.AbstractUnitOfWork","AbstractUnitOfWork","centralityPageRank",0.0015095919010913565,""
"org.axonframework.common.digest.Digester","Digester","centralityPageRank",0.0015080020210048073,""
"org.axonframework.serialization.JavaSerializer$Builder","JavaSerializer$Builder","centralityPageRank",0.001505909693148646,""
"org.axonframework.messaging.annotation.MessageHandlerInterceptorDefinition$InterceptedMessageHandlingMember","MessageHandlerInterceptorDefinition$InterceptedMessageHandlingMember","centralityPageRank",0.0015056850183598684,""
"org.axonframework.messaging.annotation.MessageHandlerInterceptorDefinition$ResultHandlingInterceptorMember","MessageHandlerInterceptorDefinition$ResultHandlingInterceptorMember","centralityPageRank",0.0015056850183598684,""
"org.axonframework.messaging.timeout.HandlerTimeoutHandlerEnhancerDefinition","HandlerTimeoutHandlerEnhancerDefinition","centralityPageRank",0.0015056850183598684,""
"org.axonframework.springboot.autoconfig.AxonTimeoutAutoConfiguration$AxonTimeoutConfigurerModule","AxonTimeoutAutoConfiguration$AxonTimeoutConfigurerModule","centralityPageRank",0.0015056850183598684,""
"org.axonframework.modelling.saga.SagaScopeDescriptor","SagaScopeDescriptor","centralityPageRank",0.0015051084108777834,""
"org.axonframework.modelling.saga.repository.legacyjpa.JpaSagaStore$Builder","JpaSagaStore$Builder","centralityPageRank",0.0015037717168577846,""
"org.axonframework.monitoring.NoOpMessageMonitorCallback","NoOpMessageMonitorCallback","centralityPageRank",0.0015033999578772906,""
"org.axonframework.axonserver.connector.event.axon.AxonServerEventScheduler","AxonServerEventScheduler","centralityPageRank",0.0015026349125643287,""
"org.axonframework.eventsourcing.AggregateCacheEntry","AggregateCacheEntry","centralityPageRank",0.0015012475454967665,""
"org.axonframework.config.EventProcessingConfigurer$PooledStreamingProcessorConfiguration","EventProcessingConfigurer$PooledStreamingProcessorConfiguration","centralityPageRank",0.0015010344744737596,""
"org.axonframework.common.annotation.PriorityAnnotationComparator","PriorityAnnotationComparator","centralityPageRank",0.001500970460455413,""
"org.axonframework.disruptor.commandhandling.EventPublisher$1","EventPublisher$1","centralityPageRank",0.0014988196843496752,""
"org.axonframework.common.jdbc.ConnectionWrapperFactory$NoOpCloseHandler","ConnectionWrapperFactory$NoOpCloseHandler","centralityPageRank",0.001498210570313819,""
"org.axonframework.axonserver.connector.query.AxonServerQueryDispatchException","AxonServerQueryDispatchException","centralityPageRank",0.0014981009038333806,""
"org.axonframework.eventhandling.scheduling.quartz.QuartzEventScheduler$Builder","QuartzEventScheduler$Builder","centralityPageRank",0.0014978355404430548,""
"org.axonframework.eventsourcing.AbstractSnapshotter$CreateSnapshotTask","AbstractSnapshotter$CreateSnapshotTask","centralityPageRank",0.0014964646542142304,""
"org.axonframework.eventhandling.LoggingErrorHandler","LoggingErrorHandler","centralityPageRank",0.0014956900814645942,""
"org.axonframework.serialization.json.JacksonSerializer","JacksonSerializer","centralityPageRank",0.0014952617562572655,""
"org.axonframework.eventhandling.tokenstore.jpa.JpaTokenStore$Builder","JpaTokenStore$Builder","centralityPageRank",0.0014942494401826336,""
"org.axonframework.serialization.upcasting.event.EventUpcasterChain","EventUpcasterChain","centralityPageRank",0.0014941066305399024,""
"org.axonframework.eventhandling.deadletter.jdbc.DefaultDeadLetterJdbcConverter$Builder","DefaultDeadLetterJdbcConverter$Builder","centralityPageRank",0.001493728112836411,""
"org.axonframework.eventhandling.scheduling.jobrunr.JobRunrEventScheduler","JobRunrEventScheduler","centralityPageRank",0.0014932619576206322,""
"org.axonframework.eventhandling.async.AsynchronousEventProcessingStrategy$SchedulerCleanUp","AsynchronousEventProcessingStrategy$SchedulerCleanUp","centralityPageRank",0.0014912385917266358,""
"org.axonframework.test.aggregate.FixtureConfiguration","FixtureConfiguration","centralityPageRank",0.0014909847179750864,""
"org.axonframework.eventhandling.tokenstore.UnableToRetrieveIdentifierException","UnableToRetrieveIdentifierException","centralityPageRank",0.001490694535011049,""
"org.axonframework.tracing.MultiSpanFactory$MultiSpan","MultiSpanFactory$MultiSpan","centralityPageRank",0.0014895469152691942,""
"org.axonframework.config.SagaConfigurer$SagaConfigurationImpl","SagaConfigurer$SagaConfigurationImpl","centralityPageRank",0.0014890412225277165,""
"org.axonframework.messaging.deadletter.InMemorySequencedDeadLetterQueue$Builder","InMemorySequencedDeadLetterQueue$Builder","centralityPageRank",0.0014884369035761925,""
"org.axonframework.axonserver.connector.query.GrpcBackedResponseMessage","GrpcBackedResponseMessage","centralityPageRank",0.0014859266151470794,""
"org.axonframework.commandhandling.distributed.CommandBusConnectorCommunicationException","CommandBusConnectorCommunicationException","centralityPageRank",0.0014840259852644901,""
"org.axonframework.modelling.saga.metamodel.AnnotationSagaMetaModelFactory$InspectedSagaModel","AnnotationSagaMetaModelFactory$InspectedSagaModel","centralityPageRank",0.0014805579553481918,""
"org.axonframework.eventhandling.deadletter.jdbc.DeadLetterStatementFactory","DeadLetterStatementFactory","centralityPageRank",0.0014789924661864982,""
"org.axonframework.eventhandling.deadletter.jdbc.DefaultDeadLetterJdbcConverter","DefaultDeadLetterJdbcConverter","centralityPageRank",0.0014783135880829035,""
"org.axonframework.eventhandling.TrackingEventProcessor$Worker","TrackingEventProcessor$Worker","centralityPageRank",0.0014775753935847241,""
"org.axonframework.config.LifecycleHandlerInspector$LifecycleRegistration","LifecycleHandlerInspector$LifecycleRegistration","centralityPageRank",0.0014763900491153543,""
"org.axonframework.messaging.deadletter.DoNotEnqueue","DoNotEnqueue","centralityPageRank",0.0014762449308355896,""
"org.axonframework.disruptor.commandhandling.EventPublisher$ReportResultTask","EventPublisher$ReportResultTask","centralityPageRank",0.0014757015480006974,""
"org.axonframework.springboot.autoconfig.AxonTracingAutoConfiguration","AxonTracingAutoConfiguration","centralityPageRank",0.0014741528416067269,""
"org.axonframework.eventhandling.tokenstore.legacyjpa.JpaTokenStore$Builder","JpaTokenStore$Builder","centralityPageRank",0.0014733594800958752,""
"org.axonframework.modelling.saga.repository.CachingSagaStore$Builder","CachingSagaStore$Builder","centralityPageRank",0.0014730411319330713,""
"org.axonframework.eventhandling.SequenceNumber","SequenceNumber","centralityPageRank",0.0014727632880548935,""
"org.axonframework.eventhandling.Timestamp","Timestamp","centralityPageRank",0.0014727632880548935,""
"org.axonframework.messaging.annotation.AggregateType","AggregateType","centralityPageRank",0.0014727632880548935,""
"org.axonframework.messaging.annotation.AnnotatedMessageHandlingMember","AnnotatedMessageHandlingMember","centralityPageRank",0.0014727632880548935,""
"org.axonframework.messaging.annotation.MessageIdentifier","MessageIdentifier","centralityPageRank",0.0014727632880548935,""
"org.axonframework.messaging.annotation.SourceId","SourceId","centralityPageRank",0.0014727632880548935,""
"org.axonframework.eventhandling.scheduling.SchedulingException","SchedulingException","centralityPageRank",0.0014715164551893736,""
"org.axonframework.eventhandling.deadletter.jdbc.DefaultDeadLetterStatementFactory","DefaultDeadLetterStatementFactory","centralityPageRank",0.0014705963119858066,""
"org.axonframework.modelling.saga.repository.NoResourceInjector","NoResourceInjector","centralityPageRank",0.0014701645723102011,""
"org.axonframework.modelling.command.IdentifierMissingException","IdentifierMissingException","centralityPageRank",0.0014691795608641873,""
"org.axonframework.axonserver.connector.event.axon.AxonServerEventScheduler$Builder","AxonServerEventScheduler$Builder","centralityPageRank",0.0014684104794516816,""
"org.axonframework.queryhandling.SimpleQueryUpdateEmitter$Builder","SimpleQueryUpdateEmitter$Builder","centralityPageRank",0.0014671444946628281,""
"org.axonframework.eventhandling.async.PropertySequencingPolicy$Builder$ExceptionRaisingSequencingPolicy","PropertySequencingPolicy$Builder$ExceptionRaisingSequencingPolicy","centralityPageRank",0.0014664011078391295,""
"org.axonframework.deadline.quartz.QuartzDeadlineManager$Builder","QuartzDeadlineManager$Builder","centralityPageRank",0.0014649885867566417,""
"org.axonframework.axonserver.connector.command.AxonServerRemoteCommandHandlingException","AxonServerRemoteCommandHandlingException","centralityPageRank",0.001463106535615596,""
"org.axonframework.messaging.EventPublicationFailedException","EventPublicationFailedException","centralityPageRank",0.001463106535615596,""
"org.axonframework.springboot.autoconfig.MetricsAutoConfiguration","MetricsAutoConfiguration","centralityPageRank",0.0014619199294136883,""
"org.axonframework.eventhandling.deadletter.jdbc.JdbcSequencedDeadLetterQueue$Builder","JdbcSequencedDeadLetterQueue$Builder","centralityPageRank",0.0014581040701097557,""
"org.axonframework.springboot.autoconfig.AxonServerAutoConfiguration","AxonServerAutoConfiguration","centralityPageRank",0.0014578873759565666,""
"org.axonframework.commandhandling.gateway.DefaultCommandGateway","DefaultCommandGateway","centralityPageRank",0.0014571684789810111,""
"org.axonframework.springboot.TokenStoreProperties","TokenStoreProperties","centralityPageRank",0.0014565326039190601,""
"org.axonframework.modelling.saga.repository.CachingSagaStore","CachingSagaStore","centralityPageRank",0.0014564696628968981,""
"org.axonframework.modelling.command.CommandHandlerInterceptor","CommandHandlerInterceptor","centralityPageRank",0.0014543924242491108,""
"org.axonframework.modelling.command.CreationPolicy","CreationPolicy","centralityPageRank",0.0014543924242491108,""
"org.axonframework.eventhandling.GenericTrackedEventMessage","GenericTrackedEventMessage","centralityPageRank",0.001454257367536297,""
"org.axonframework.deadline.AbstractDeadlineManager","AbstractDeadlineManager","centralityPageRank",0.0014524983309691518,""
"org.axonframework.serialization.upcasting.event.NoOpEventUpcaster","NoOpEventUpcaster","centralityPageRank",0.0014517389062369392,""
"org.axonframework.eventsourcing.EventSourcingRepository","EventSourcingRepository","centralityPageRank",0.0014511025259401288,""
"org.axonframework.disruptor.commandhandling.DisruptorCommandBus$1","DisruptorCommandBus$1","centralityPageRank",0.0014490717124502716,""
"org.axonframework.commandhandling.gateway.CommandGatewayFactory$CompositeCallback","CommandGatewayFactory$CompositeCallback","centralityPageRank",0.0014488661714325735,""
"org.axonframework.deadline.annotation.DeadlineHandler","DeadlineHandler","centralityPageRank",0.001447542868124024,""
"org.axonframework.modelling.command.inspection.CreationPolicyMember","CreationPolicyMember","centralityPageRank",0.001447390898895381,""
"org.axonframework.axonserver.connector.event.axon.AxonServerEventStore$AxonServerMessageSource","AxonServerEventStore$AxonServerMessageSource","centralityPageRank",0.0014461851456692863,""
"org.axonframework.test.matchers.EmptyCollectionMatcher","EmptyCollectionMatcher","centralityPageRank",0.0014458114010355522,""
"org.axonframework.queryhandling.SimpleQueryUpdateEmitter","SimpleQueryUpdateEmitter","centralityPageRank",0.0014450546250464645,""
"org.axonframework.messaging.timeout.UnitOfWorkTimeoutInterceptor","UnitOfWorkTimeoutInterceptor","centralityPageRank",0.0014449294615243241,""
"org.axonframework.modelling.command.inspection.AggregateModellingException","AggregateModellingException","centralityPageRank",0.0014448245722907284,""
"org.axonframework.messaging.NoScopeDescriptor","NoScopeDescriptor","centralityPageRank",0.0014445308791159535,""
"org.axonframework.common.jdbc.Oracle11Utils","Oracle11Utils","centralityPageRank",0.001444091258230463,""
"org.axonframework.queryhandling.registration.FailingDuplicateQueryHandlerResolver","FailingDuplicateQueryHandlerResolver","centralityPageRank",0.0014404427701158887,""
"org.axonframework.queryhandling.registration.LoggingDuplicateQueryHandlerResolver","LoggingDuplicateQueryHandlerResolver","centralityPageRank",0.0014404427701158887,""
"org.axonframework.test.saga.FixtureConfiguration","FixtureConfiguration","centralityPageRank",0.001438756866197984,""
"org.axonframework.modelling.saga.repository.jdbc.JdbcSagaStore","JdbcSagaStore","centralityPageRank",0.0014372936072147798,""
"org.axonframework.eventhandling.replay.ReplayContext","ReplayContext","centralityPageRank",0.0014370980802245043,""
"org.axonframework.messaging.interceptors.JSR303ViolationException","JSR303ViolationException","centralityPageRank",0.0014370980802245043,""
"org.axonframework.messaging.interceptors.legacyvalidation.JSR303ViolationException","JSR303ViolationException","centralityPageRank",0.0014370980802245043,""
"org.axonframework.axonserver.connector.ManagedChannelCustomizer","ManagedChannelCustomizer","centralityPageRank",0.0014370800798604567,""
"org.axonframework.axonserver.connector.event.util.GrpcExceptionParser","GrpcExceptionParser","centralityPageRank",0.001436772178778104,""
"org.axonframework.springboot.TracingProperties$DeadlineManagerProperties","TracingProperties$DeadlineManagerProperties","centralityPageRank",0.0014367176412254563,""
"org.axonframework.eventhandling.deadletter.jdbc.DefaultDeadLetterStatementFactory$Builder","DefaultDeadLetterStatementFactory$Builder","centralityPageRank",0.0014362268477791974,""
"org.axonframework.test.eventscheduler.EventConsumer","EventConsumer","centralityPageRank",0.0014361659120472878,""
"org.axonframework.queryhandling.GenericSubscriptionQueryUpdateMessage","GenericSubscriptionQueryUpdateMessage","centralityPageRank",0.0014351093067346342,""
"org.axonframework.modelling.saga.repository.jdbc.JdbcSagaStore$Builder","JdbcSagaStore$Builder","centralityPageRank",0.001433502757759638,""
"org.axonframework.test.aggregate.ResultValidatorImpl","ResultValidatorImpl","centralityPageRank",0.0014329315487494544,""
"org.axonframework.commandhandling.distributed.commandfilter.DenyAll","DenyAll","centralityPageRank",0.0014309369337966722,""
"org.axonframework.queryhandling.DefaultQueryGateway$Builder","DefaultQueryGateway$Builder","centralityPageRank",0.0014299111509382422,""
"org.axonframework.serialization.upcasting.event.SingleEventUpcaster","SingleEventUpcaster","centralityPageRank",0.001429892218031339,""
"org.axonframework.springboot.service.connection.PropertiesAxonServerConnectionDetails","PropertiesAxonServerConnectionDetails","centralityPageRank",0.0014290324535528802,""
"org.axonframework.springboot.TracingProperties$SnapshotterProperties","TracingProperties$SnapshotterProperties","centralityPageRank",0.0014280760556022445,""
"org.axonframework.messaging.annotation.DefaultParameterResolverFactory$AnnotatedMetaDataParameterResolver","DefaultParameterResolverFactory$AnnotatedMetaDataParameterResolver","centralityPageRank",0.0014277124992165071,""
"org.axonframework.messaging.annotation.DefaultParameterResolverFactory$MessageParameterResolver","DefaultParameterResolverFactory$MessageParameterResolver","centralityPageRank",0.0014277124992165071,""
"org.axonframework.modelling.saga.repository.jpa.AssociationValueEntry","AssociationValueEntry","centralityPageRank",0.001426916232097466,""
"org.axonframework.eventhandling.deadletter.jpa.DeadLetterJpaConverter","DeadLetterJpaConverter","centralityPageRank",0.001426568017636972,""
"org.axonframework.eventhandling.deadletter.legacyjpa.DeadLetterJpaConverter","DeadLetterJpaConverter","centralityPageRank",0.001426418942782749,""
"org.axonframework.eventsourcing.eventstore.jdbc.EventTableFactory","EventTableFactory","centralityPageRank",0.0014261921474878767,""
"org.axonframework.commandhandling.gateway.CommandGatewayFactory$FireAndForget","CommandGatewayFactory$FireAndForget","centralityPageRank",0.0014258805652609867,""
"org.axonframework.commandhandling.gateway.CommandGatewayFactory$TypeSafeCallbackWrapper","CommandGatewayFactory$TypeSafeCallbackWrapper","centralityPageRank",0.0014258805652609867,""
"org.axonframework.commandhandling.gateway.CommandGatewayFactory$WaitForResult","CommandGatewayFactory$WaitForResult","centralityPageRank",0.0014258805652609867,""
"org.axonframework.commandhandling.gateway.CommandGatewayFactory$WaitForResultWithFixedTimeout","CommandGatewayFactory$WaitForResultWithFixedTimeout","centralityPageRank",0.0014258805652609867,""
"org.axonframework.commandhandling.gateway.CommandGatewayFactory$WaitForResultWithTimeoutInArguments","CommandGatewayFactory$WaitForResultWithTimeoutInArguments","centralityPageRank",0.0014258805652609867,""
"org.axonframework.commandhandling.gateway.CommandGatewayFactory$WrapNonDeclaredCheckedExceptions","CommandGatewayFactory$WrapNonDeclaredCheckedExceptions","centralityPageRank",0.0014258805652609867,""
"org.axonframework.modelling.saga.repository.CachingSagaStore$CacheEntry","CachingSagaStore$CacheEntry","centralityPageRank",0.0014254257784085131,""
"org.axonframework.modelling.command.AggregateMember","AggregateMember","centralityPageRank",0.0014225579328880562,""
"org.axonframework.config.LifecycleHandlerInspector$1","LifecycleHandlerInspector$1","centralityPageRank",0.0014219855471046552,""
"org.axonframework.modelling.command.LockingRepository","LockingRepository","centralityPageRank",0.0014202480361445496,""
"org.axonframework.eventhandling.tokenstore.jdbc.JdbcTokenStore","JdbcTokenStore","centralityPageRank",0.0014197546877856935,""
"org.axonframework.eventhandling.deadletter.jdbc.DeadLetterJdbcConverter","DeadLetterJdbcConverter","centralityPageRank",0.0014195592810971602,""
"org.axonframework.test.aggregate.Reporter","Reporter","centralityPageRank",0.0014195222273801753,""
"org.axonframework.springboot.TracingProperties$CommandBusProperties","TracingProperties$CommandBusProperties","centralityPageRank",0.0014194344699790325,""
"org.axonframework.springboot.TracingProperties$QueryBusProperties","TracingProperties$QueryBusProperties","centralityPageRank",0.0014194344699790325,""
"org.axonframework.springboot.TracingProperties$SagaManagerProperties","TracingProperties$SagaManagerProperties","centralityPageRank",0.0014194344699790325,""
"org.axonframework.deadline.jobrunr.JobRunrDeadlineManager","JobRunrDeadlineManager","centralityPageRank",0.0014194272057582405,""
"org.axonframework.eventhandling.EventUtils","EventUtils","centralityPageRank",0.0014192182691068218,""
"org.axonframework.axonserver.connector.event.axon.AxonServerEventStore$1","AxonServerEventStore$1","centralityPageRank",0.0014177592178769435,""
"org.axonframework.commandhandling.LoggingDuplicateCommandHandlerResolver","LoggingDuplicateCommandHandlerResolver","centralityPageRank",0.0014171961936159723,""
"org.axonframework.test.deadline.DeadlineManagerValidator","DeadlineManagerValidator","centralityPageRank",0.0014171953408656675,""
"org.axonframework.commandhandling.distributed.commandfilter.DenyCommandNameFilter","DenyCommandNameFilter","centralityPageRank",0.0014171488030566787,""
"org.axonframework.commandhandling.distributed.CommandBusConnector","CommandBusConnector","centralityPageRank",0.001415883005997158,""
"org.axonframework.modelling.saga.AnnotatedSagaManager","AnnotatedSagaManager","centralityPageRank",0.0014150993067836664,""
"org.axonframework.axonserver.connector.query.QueryPriorityCalculator","QueryPriorityCalculator","centralityPageRank",0.0014144854082834986,""
"org.axonframework.eventhandling.scheduling.java.SimpleEventScheduler$PublishEventTask","SimpleEventScheduler$PublishEventTask","centralityPageRank",0.0014142310907254113,""
"org.axonframework.eventhandling.async.AsynchronousEventProcessingStrategy$NoActionCallback","AsynchronousEventProcessingStrategy$NoActionCallback","centralityPageRank",0.0014137497415086099,""
"org.axonframework.eventhandling.tokenstore.ConfigToken","ConfigToken","centralityPageRank",0.0014131204045189547,""
"org.axonframework.eventhandling.deadletter.DeadLetteringEventHandlerInvoker$1","DeadLetteringEventHandlerInvoker$1","centralityPageRank",0.0014120226467876857,""
"org.axonframework.springboot.util.XStreamSecurityTypeUtility","XStreamSecurityTypeUtility","centralityPageRank",0.0014116229317742263,""
"org.axonframework.messaging.annotation.ChainedMessageHandlerInterceptorMember","ChainedMessageHandlerInterceptorMember","centralityPageRank",0.001411358503508692,""
"org.axonframework.deadline.SimpleDeadlineManager$DeadlineTask","SimpleDeadlineManager$DeadlineTask","centralityPageRank",0.001411083465487813,""
"org.axonframework.commandhandling.distributed.commandfilter.AcceptAll","AcceptAll","centralityPageRank",0.0014108090877419865,""
"org.axonframework.test.aggregate.AggregateTestFixture$IdentifierValidatingRepository","AggregateTestFixture$IdentifierValidatingRepository","centralityPageRank",0.0014097102810592022,""
"org.axonframework.messaging.responsetypes.ConvertingResponseMessage","ConvertingResponseMessage","centralityPageRank",0.0014083049048935902,""
"org.axonframework.eventhandling.AbstractEventProcessor","AbstractEventProcessor","centralityPageRank",0.001407757492192595,""
"org.axonframework.springboot.util.DeadLetterQueueProviderConfigurerModule","DeadLetterQueueProviderConfigurerModule","centralityPageRank",0.0014070924632074348,""
"org.axonframework.axonserver.connector.event.axon.PersistentStreamConnection$SegmentConnection$RetryState","PersistentStreamConnection$SegmentConnection$RetryState","centralityPageRank",0.0014064059732142886,""
"org.axonframework.springboot.TracingProperties","TracingProperties","centralityPageRank",0.00140567899666716,""
"org.axonframework.eventhandling.TrackingEventProcessor$WorkerLauncher","TrackingEventProcessor$WorkerLauncher","centralityPageRank",0.0014054766654195518,""
"org.axonframework.axonserver.connector.util.ProcessingInstructionHelper","ProcessingInstructionHelper","centralityPageRank",0.001404992582478838,""
"org.axonframework.commandhandling.distributed.CommandRouter","CommandRouter","centralityPageRank",0.0014047497910066918,""
"org.axonframework.modelling.command.inspection.ChildForwardingCommandMessageHandlingMember","ChildForwardingCommandMessageHandlingMember","centralityPageRank",0.0014040003378293358,""
"org.axonframework.queryhandling.annotation.QueryHandlingMember","QueryHandlingMember","centralityPageRank",0.001403916326687534,""
"org.axonframework.eventhandling.scheduling.quartz.QuartzScheduleToken","QuartzScheduleToken","centralityPageRank",0.0014022101406948562,""
"org.axonframework.springboot.TracingProperties$RepositoryProperties","TracingProperties$RepositoryProperties","centralityPageRank",0.0014021512987326089,""
"org.axonframework.eventhandling.scheduling.quartz.QuartzEventScheduler$DirectEventJobDataBinder","QuartzEventScheduler$DirectEventJobDataBinder","centralityPageRank",0.0014020371569760644,""
"org.axonframework.eventhandling.pooled.WorkPackage$BatchProcessingEntry","WorkPackage$BatchProcessingEntry","centralityPageRank",0.0014016073045498767,""
"org.axonframework.commandhandling.AsynchronousCommandBus","AsynchronousCommandBus","centralityPageRank",0.0014015060677927205,""
"org.axonframework.eventhandling.pooled.PooledStreamingEventProcessor","PooledStreamingEventProcessor","centralityPageRank",0.0014000189512782812,""
"org.axonframework.commandhandling.FailingDuplicateCommandHandlerResolver","FailingDuplicateCommandHandlerResolver","centralityPageRank",0.001399437687720376,""
"org.axonframework.eventsourcing.conflictresolution.DefaultConflictDescription","DefaultConflictDescription","centralityPageRank",0.0013994140715722382,""
"org.axonframework.eventsourcing.EventSourcedAggregate$IgnoreApplyMore","EventSourcedAggregate$IgnoreApplyMore","centralityPageRank",0.0013982300091967877,""
"org.axonframework.eventhandling.PropagatingErrorHandler","PropagatingErrorHandler","centralityPageRank",0.001396294042104028,""
"org.axonframework.modelling.command.AggregateAnnotationCommandHandler$1","AggregateAnnotationCommandHandler$1","centralityPageRank",0.0013962668229961178,""
"org.axonframework.eventhandling.GenericDomainEventEntry","GenericDomainEventEntry","centralityPageRank",0.0013960916400961657,""
"org.axonframework.modelling.command.AggregateEntityNotFoundException","AggregateEntityNotFoundException","centralityPageRank",0.0013937204195841474,""
"org.axonframework.deadline.dbscheduler.DbSchedulerDeadlineToken","DbSchedulerDeadlineToken","centralityPageRank",0.0013926806687022293,""
"org.axonframework.axonserver.connector.event.axon.AxonServerEventStoreFactory","AxonServerEventStoreFactory","centralityPageRank",0.0013925620783019877,""
"org.axonframework.eventhandling.ConcludesBatch","ConcludesBatch","centralityPageRank",0.001392516570436518,""
"org.axonframework.modelling.saga.EndSaga","EndSaga","centralityPageRank",0.001392516570436518,""
"org.axonframework.serialization.upcasting.event.InitialEventRepresentation","InitialEventRepresentation","centralityPageRank",0.0013920945588920628,""
"org.axonframework.config.ConfigurationScopeAwareProvider","ConfigurationScopeAwareProvider","centralityPageRank",0.0013907719055166004,""
"org.axonframework.axonserver.connector.command.CommandPriorityCalculator","CommandPriorityCalculator","centralityPageRank",0.0013907620872238243,""
"org.axonframework.test.matchers.PayloadMatcher","PayloadMatcher","centralityPageRank",0.0013893879178942747,""
"org.axonframework.axonserver.connector.DispatchInterceptors","DispatchInterceptors","centralityPageRank",0.001389367052933205,""
"org.axonframework.eventsourcing.eventstore.jdbc.statements.JdbcEventStorageEngineStatements","JdbcEventStorageEngineStatements","centralityPageRank",0.0013877330401402478,""
"org.axonframework.common.jdbc.UnitOfWorkAwareConnectionProviderWrapper$UoWAttachedConnectionImpl","UnitOfWorkAwareConnectionProviderWrapper$UoWAttachedConnectionImpl","centralityPageRank",0.001387565798831549,""
"org.axonframework.test.saga.FixtureExecutionResultImpl","FixtureExecutionResultImpl","centralityPageRank",0.0013873326304478623,""
"org.axonframework.eventhandling.scheduling.dbscheduler.DbSchedulerScheduleToken","DbSchedulerScheduleToken","centralityPageRank",0.0013866711044764426,""
"org.axonframework.eventhandling.SubscribingEventProcessor","SubscribingEventProcessor","centralityPageRank",0.0013862744490018917,""
"org.axonframework.eventsourcing.eventstore.jpa.JpaEventStorageEngine","JpaEventStorageEngine","centralityPageRank",0.0013847087079512444,""
"org.axonframework.eventsourcing.AbstractAggregateFactory","AbstractAggregateFactory","centralityPageRank",0.0013843352443769466,""
"org.axonframework.tracing.opentelemetry.MetadataContextGetter","MetadataContextGetter","centralityPageRank",0.001384171923571946,""
"org.axonframework.tracing.opentelemetry.MetadataContextSetter","MetadataContextSetter","centralityPageRank",0.001384171923571946,""
"org.axonframework.serialization.AbstractXStreamSerializer","AbstractXStreamSerializer","centralityPageRank",0.0013838988295334978,""
"org.axonframework.springboot.util.RegisterDefaultEntities","RegisterDefaultEntities","centralityPageRank",0.001382942226263814,""
"org.axonframework.messaging.annotation.HandlerComparator","HandlerComparator","centralityPageRank",0.0013823517093895577,""
"org.axonframework.eventhandling.MultiStreamableMessageSource$MultiSourceBlockingStream","MultiStreamableMessageSource$MultiSourceBlockingStream","centralityPageRank",0.0013820027329969266,""
"org.axonframework.commandhandling.distributed.DistributedCommandBus$Builder","DistributedCommandBus$Builder","centralityPageRank",0.0013812374059676837,""
"org.axonframework.eventhandling.pooled.Coordinator$1","Coordinator$1","centralityPageRank",0.0013806884079718917,""
"org.axonframework.commandhandling.callbacks.LoggingCallback","LoggingCallback","centralityPageRank",0.0013792447493721923,""
"org.axonframework.axonserver.connector.command.AxonServerCommandDispatchException","AxonServerCommandDispatchException","centralityPageRank",0.0013788723278520525,""
"org.axonframework.eventhandling.scheduling.quartz.QuartzEventScheduler","QuartzEventScheduler","centralityPageRank",0.0013781308070390146,""
"org.axonframework.eventhandling.pooled.WorkPackage$DefaultProcessingEntry","WorkPackage$DefaultProcessingEntry","centralityPageRank",0.001377801427303657,""
"org.axonframework.messaging.deadletter.SequencedDeadLetterProcessor","SequencedDeadLetterProcessor","centralityPageRank",0.0013762391407103492,""
"org.axonframework.queryhandling.GenericStreamingQueryMessage","GenericStreamingQueryMessage","centralityPageRank",0.0013761647237355854,""
"org.axonframework.deadline.quartz.DeadlineJob$DeadlineJobDataBinder","DeadlineJob$DeadlineJobDataBinder","centralityPageRank",0.0013746371923173246,""
"org.axonframework.lifecycle.LifecycleHandlerInvocationException","LifecycleHandlerInvocationException","centralityPageRank",0.0013745210898729971,""
"org.axonframework.eventhandling.deadletter.jpa.NoJpaConverterFoundException","NoJpaConverterFoundException","centralityPageRank",0.0013735441614290105,""
"org.axonframework.messaging.annotation.DefaultParameterResolverFactory$MetaDataParameterResolver","DefaultParameterResolverFactory$MetaDataParameterResolver","centralityPageRank",0.0013713990131685244,""
"org.axonframework.messaging.annotation.PayloadParameterResolver","PayloadParameterResolver","centralityPageRank",0.0013713990131685244,""
"org.axonframework.deadline.jobrunr.DeadlineDetails","DeadlineDetails","centralityPageRank",0.0013710058138691544,""
"org.axonframework.messaging.annotation.MetaDataValue","MetaDataValue","centralityPageRank",0.0013707883685166841,""
"org.axonframework.commandhandling.gateway.Timeout","Timeout","centralityPageRank",0.001370177723864843,""
"org.axonframework.eventhandling.RemovedTrackerStatus","RemovedTrackerStatus","centralityPageRank",0.0013692388217982016,""
"org.axonframework.eventsourcing.eventstore.legacyjpa.JpaEventStorageEngine","JpaEventStorageEngine","centralityPageRank",0.0013691449518112389,""
"org.axonframework.messaging.deadletter.Ignore","Ignore","centralityPageRank",0.0013675084859540746,""
"org.axonframework.config.EventProcessingConfigurer$EventProcessorBuilder","EventProcessingConfigurer$EventProcessorBuilder","centralityPageRank",0.0013666373117837873,""
"org.axonframework.eventhandling.tokenstore.jdbc.JdbcTokenStore$Builder","JdbcTokenStore$Builder","centralityPageRank",0.0013664763593792069,""
"org.axonframework.test.deadline.DeadlineConsumer","DeadlineConsumer","centralityPageRank",0.0013663211580182831,""
"org.axonframework.messaging.deadletter.WrongDeadLetterTypeException","WrongDeadLetterTypeException","centralityPageRank",0.0013661557799832902,""
"org.axonframework.eventhandling.pooled.WorkPackage$1","WorkPackage$1","centralityPageRank",0.0013654178841896215,""
"org.axonframework.messaging.deadletter.Decisions","Decisions","centralityPageRank",0.0013645358961864426,""
"org.axonframework.axonserver.connector.command.CommandLoadFactorProvider","CommandLoadFactorProvider","centralityPageRank",0.001363146051355383,""
"org.axonframework.axonserver.connector.query.AxonServerQueryBus$LocalSegmentAdapter$1","AxonServerQueryBus$LocalSegmentAdapter$1","centralityPageRank",0.0013623776631994842,""
"org.axonframework.deadline.annotation.DeadlineHandlingMember","DeadlineHandlingMember","centralityPageRank",0.0013621934931566323,""
"org.axonframework.deadline.quartz.DeadlineJob","DeadlineJob","centralityPageRank",0.0013618803139146,""
"org.axonframework.axonserver.connector.command.AxonServerNonTransientRemoteCommandHandlingException","AxonServerNonTransientRemoteCommandHandlingException","centralityPageRank",0.0013609392883440774,""
"org.axonframework.axonserver.connector.query.AxonServerNonTransientRemoteQueryHandlingException","AxonServerNonTransientRemoteQueryHandlingException","centralityPageRank",0.0013609392883440774,""
"org.axonframework.axonserver.connector.query.AxonServerRemoteQueryHandlingException","AxonServerRemoteQueryHandlingException","centralityPageRank",0.0013609392883440774,""
"org.axonframework.axonserver.connector.event.axon.AxonServerEventStoreFactory$AxonServerEventStoreConfiguration","AxonServerEventStoreFactory$AxonServerEventStoreConfiguration","centralityPageRank",0.0013602301343529995,""
"org.axonframework.commandhandling.callbacks.NoOpCallback","NoOpCallback","centralityPageRank",0.0013594741638729977,""
"org.axonframework.modelling.saga.SagaInstantiationException","SagaInstantiationException","centralityPageRank",0.0013593683162613044,""
"org.axonframework.modelling.command.inspection.ForwardingCommandMessageHandlingMember","ForwardingCommandMessageHandlingMember","centralityPageRank",0.001358620411138414,""
"org.axonframework.modelling.saga.SagaStorageException","SagaStorageException","centralityPageRank",0.0013580972055716365,""
"org.axonframework.messaging.timeout.TimeoutWrappedMessageHandlingMember","TimeoutWrappedMessageHandlingMember","centralityPageRank",0.001357220676888396,""
"org.axonframework.axonserver.connector.processor.EventProcessorControlService$AxonProcessorInstructionHandler","EventProcessorControlService$AxonProcessorInstructionHandler","centralityPageRank",0.001357058937373165,""
"org.axonframework.messaging.annotation.MessageHandlerInvocationException","MessageHandlerInvocationException","centralityPageRank",0.0013568851909521059,""
"org.axonframework.eventhandling.TrackingEventProcessor$TrackingSegmentWorker","TrackingEventProcessor$TrackingSegmentWorker","centralityPageRank",0.0013568275323815205,""
"org.axonframework.modelling.saga.repository.AnnotatedSagaRepository","AnnotatedSagaRepository","centralityPageRank",0.001355741438296292,""
"org.axonframework.serialization.avro.AvroSerializer","AvroSerializer","centralityPageRank",0.0013546714253111877,""
"org.axonframework.deadline.quartz.QuartzDeadlineManager","QuartzDeadlineManager","centralityPageRank",0.0013545597563604929,""
"org.axonframework.eventhandling.scheduling.quartz.FireEventJob","FireEventJob","centralityPageRank",0.0013543974408207569,""
"org.axonframework.springboot.TracingProperties$AttributeProviders","TracingProperties$AttributeProviders","centralityPageRank",0.0013543582128459253,""
"org.axonframework.messaging.annotation.ClasspathHandlerEnhancerDefinition","ClasspathHandlerEnhancerDefinition","centralityPageRank",0.0013536201103833505,""
"org.axonframework.springboot.autoconfig.JpaEventStoreAutoConfiguration","JpaEventStoreAutoConfiguration","centralityPageRank",0.001352921453842564,""
"org.axonframework.eventhandling.deadletter.DeadLetteredEventProcessingTask","DeadLetteredEventProcessingTask","centralityPageRank",0.0013526792869655172,""
"org.axonframework.common.jdbc.DataSourceConnectionProvider","DataSourceConnectionProvider","centralityPageRank",0.0013525010648302144,""
"org.axonframework.test.matchers.DeepEqualsMatcher","DeepEqualsMatcher","centralityPageRank",0.0013522917210540557,""
"org.axonframework.test.matchers.ExactClassMatcher","ExactClassMatcher","centralityPageRank",0.0013522917210540557,""
"org.axonframework.test.matchers.ExactSequenceMatcher","ExactSequenceMatcher","centralityPageRank",0.0013522917210540557,""
"org.axonframework.test.matchers.ListWithAllOfMatcher","ListWithAllOfMatcher","centralityPageRank",0.0013522917210540557,""
"org.axonframework.test.matchers.ListWithAnyOfMatcher","ListWithAnyOfMatcher","centralityPageRank",0.0013522917210540557,""
"org.axonframework.test.matchers.NullOrVoidMatcher","NullOrVoidMatcher","centralityPageRank",0.0013522917210540557,""
"org.axonframework.test.matchers.PayloadsMatcher","PayloadsMatcher","centralityPageRank",0.0013522917210540557,""
"org.axonframework.test.matchers.PredicateMatcher","PredicateMatcher","centralityPageRank",0.0013522917210540557,""
"org.axonframework.test.matchers.SequenceMatcher","SequenceMatcher","centralityPageRank",0.0013522917210540557,""
"org.axonframework.eventhandling.scheduling.jobrunr.JobRunrScheduleToken","JobRunrScheduleToken","centralityPageRank",0.0013521009126814239,""
"org.axonframework.config.EventProcessingConfigurer$DeadLetteringInvokerConfiguration","EventProcessingConfigurer$DeadLetteringInvokerConfiguration","centralityPageRank",0.0013515548708267313,""
"org.axonframework.test.saga.RecordingListenerInvocationErrorHandler","RecordingListenerInvocationErrorHandler","centralityPageRank",0.0013511293044644339,""
"org.axonframework.eventsourcing.eventstore.jpa.SQLErrorCodesResolver","SQLErrorCodesResolver","centralityPageRank",0.001350984515556136,""
"org.axonframework.commandhandling.distributed.DistributedCommandBus","DistributedCommandBus","centralityPageRank",0.0013490837160543623,""
"org.axonframework.eventsourcing.eventstore.SequenceEventStorageEngine$ConcatenatingDomainEventStream","SequenceEventStorageEngine$ConcatenatingDomainEventStream","centralityPageRank",0.0013479350606485315,""
"org.axonframework.eventsourcing.eventstore.SequenceEventStorageEngine$ConcatenatingSpliterator","SequenceEventStorageEngine$ConcatenatingSpliterator","centralityPageRank",0.0013479350606485315,""
"org.axonframework.commandhandling.MonitorAwareCallback","MonitorAwareCallback","centralityPageRank",0.0013474078975435997,""
"org.axonframework.config.DefaultConfigurer$LifecycleState","DefaultConfigurer$LifecycleState","centralityPageRank",0.0013467332757963364,""
"org.axonframework.eventsourcing.eventstore.legacyjpa.SQLErrorCodesResolver","SQLErrorCodesResolver","centralityPageRank",0.0013455608348405508,""
"org.axonframework.commandhandling.callbacks.FailureLoggingCallback","FailureLoggingCallback","centralityPageRank",0.0013450301374219732,""
"org.axonframework.springboot.autoconfig.AxonServerBusAutoConfiguration","AxonServerBusAutoConfiguration","centralityPageRank",0.001342984093178623,""
"org.axonframework.axonserver.connector.event.axon.PersistentStreamMessageSourceDefinition","PersistentStreamMessageSourceDefinition","centralityPageRank",0.0013428557952359962,""
"org.axonframework.eventsourcing.conflictresolution.NoConflictResolver","NoConflictResolver","centralityPageRank",0.0013421375208558753,""
"org.axonframework.test.saga.DescriptionUtils","DescriptionUtils","centralityPageRank",0.0013414735121360182,""
"org.axonframework.axonserver.connector.event.axon.EventBuffer$SimpleSpliterator","EventBuffer$SimpleSpliterator","centralityPageRank",0.0013411933483564108,""
"org.axonframework.queryhandling.DefaultSubscriptionQueryResult","DefaultSubscriptionQueryResult","centralityPageRank",0.0013398515333065627,""
"org.axonframework.axonserver.connector.command.AxonServerCommandBus","AxonServerCommandBus","centralityPageRank",0.0013397035510369127,""
"org.axonframework.modelling.command.inspection.ChildEntityDefinition","ChildEntityDefinition","centralityPageRank",0.0013374950288350597,""
"org.axonframework.axonserver.connector.query.StreamableInstanceResponse","StreamableInstanceResponse","centralityPageRank",0.0013358111517800457,""
"org.axonframework.axonserver.connector.query.StreamableMultiInstanceResponse","StreamableMultiInstanceResponse","centralityPageRank",0.0013358111517800457,""
"org.axonframework.eventsourcing.eventstore.jpa.DomainEventEntry","DomainEventEntry","centralityPageRank",0.001335523442180569,""
"org.axonframework.eventsourcing.eventstore.jpa.SnapshotEventEntry","SnapshotEventEntry","centralityPageRank",0.001335523442180569,""
"org.axonframework.axonserver.connector.heartbeat.HeartbeatMonitor$DefaultScheduler","HeartbeatMonitor$DefaultScheduler","centralityPageRank",0.0013351974864233927,""
"org.axonframework.config.EventProcessingConfigurer$SubscribableMessageSourceDefinitionBuilder","EventProcessingConfigurer$SubscribableMessageSourceDefinitionBuilder","centralityPageRank",0.0013348579333619774,""
"org.axonframework.springboot.autoconfig.JpaAutoConfiguration","JpaAutoConfiguration","centralityPageRank",0.0013340497320300554,""
"org.axonframework.disruptor.commandhandling.CommandHandlerInvoker$1","CommandHandlerInvoker$1","centralityPageRank",0.0013329497629839251,""
"org.axonframework.modelling.command.inspection.AggregateMetaModelFactory","AggregateMetaModelFactory","centralityPageRank",0.0013329469771131636,""
"org.axonframework.modelling.command.GenericJpaRepository","GenericJpaRepository","centralityPageRank",0.001331728877431715,""
"org.axonframework.eventhandling.TrackingEventProcessor$1","TrackingEventProcessor$1","centralityPageRank",0.0013308707692377309,""
"org.axonframework.common.DirectExecutor","DirectExecutor","centralityPageRank",0.001330342112517019,""
"org.axonframework.messaging.annotation.AnnotatedHandlerAttributes","AnnotatedHandlerAttributes","centralityPageRank",0.001330306257920939,""
"org.axonframework.test.utils.DefaultCallbackBehavior","DefaultCallbackBehavior","centralityPageRank",0.0013300941513847977,""
"org.axonframework.eventsourcing.GenericAggregateFactory","GenericAggregateFactory","centralityPageRank",0.0013294927850217868,""
"org.axonframework.test.matchers.MatchAllFieldFilter","MatchAllFieldFilter","centralityPageRank",0.0013284358441433169,""
"org.axonframework.serialization.AbstractXStreamSerializer$MetaDataConverter","AbstractXStreamSerializer$MetaDataConverter","centralityPageRank",0.0013279669777258882,""
"org.axonframework.eventhandling.async.SequentialPerAggregatePolicy","SequentialPerAggregatePolicy","centralityPageRank",0.0013278754606432885,""
"org.axonframework.messaging.interceptors.CorrelationDataInterceptor","CorrelationDataInterceptor","centralityPageRank",0.0013268578131459539,""
"org.axonframework.test.matchers.MapEntryMatcher","MapEntryMatcher","centralityPageRank",0.0013267817352796273,""
"org.axonframework.eventhandling.deadletter.jpa.EventMessageDeadLetterJpaConverter","EventMessageDeadLetterJpaConverter","centralityPageRank",0.0013265879420294787,""
"org.axonframework.eventsourcing.AggregateDeletedException","AggregateDeletedException","centralityPageRank",0.0013262826525994394,""
"org.axonframework.eventhandling.deadletter.legacyjpa.EventMessageDeadLetterJpaConverter","EventMessageDeadLetterJpaConverter","centralityPageRank",0.0013262286273543495,""
"org.axonframework.eventhandling.pooled.ClaimTask","ClaimTask","centralityPageRank",0.001326139094533263,""
"org.axonframework.eventhandling.pooled.MergeTask","MergeTask","centralityPageRank",0.001326139094533263,""
"org.axonframework.eventhandling.pooled.SplitTask","SplitTask","centralityPageRank",0.001326139094533263,""
"org.axonframework.disruptor.commandhandling.DisruptorCommandBus$FailureLoggingCommandCallback","DisruptorCommandBus$FailureLoggingCommandCallback","centralityPageRank",0.00132464643184427,""
"org.axonframework.commandhandling.DuplicateCommandHandlerResolution","DuplicateCommandHandlerResolution","centralityPageRank",0.0013239120011640973,""
"org.axonframework.eventsourcing.conflictresolution.DefaultConflictResolver","DefaultConflictResolver","centralityPageRank",0.0013236897827238398,""
"org.axonframework.modelling.command.inspection.AnnotatedAggregate$LazyIdentifierDomainEventMessage","AnnotatedAggregate$LazyIdentifierDomainEventMessage","centralityPageRank",0.0013235204026926805,""
"org.axonframework.modelling.command.inspection.AnnotatedCommandHandlerInterceptor","AnnotatedCommandHandlerInterceptor","centralityPageRank",0.0013235204026926805,""
"org.axonframework.test.saga.SagaTestFixture$MutableFieldFilter","SagaTestFixture$MutableFieldFilter","centralityPageRank",0.0013230523357602103,""
"org.axonframework.eventhandling.scheduling.dbscheduler.EventSchedulerNotSuppliedException","EventSchedulerNotSuppliedException","centralityPageRank",0.001322721572774501,""
"org.axonframework.modelling.command.legacyjpa.GenericJpaRepository","GenericJpaRepository","centralityPageRank",0.0013220991565968635,""
"org.axonframework.modelling.saga.repository.jpa.JpaSagaStore$EntryImpl","JpaSagaStore$EntryImpl","centralityPageRank",0.0013220168072161423,""
"org.axonframework.modelling.saga.repository.legacyjpa.JpaSagaStore$EntryImpl","JpaSagaStore$EntryImpl","centralityPageRank",0.0013216354181976558,""
"org.axonframework.serialization.xml.Dom4JToByteArrayConverter","Dom4JToByteArrayConverter","centralityPageRank",0.0013213354353030285,""
"org.axonframework.serialization.xml.InputStreamToDom4jConverter","InputStreamToDom4jConverter","centralityPageRank",0.0013213354353030285,""
"org.axonframework.serialization.xml.InputStreamToXomConverter","InputStreamToXomConverter","centralityPageRank",0.0013213354353030285,""
"org.axonframework.serialization.xml.XomToStringConverter","XomToStringConverter","centralityPageRank",0.0013213354353030285,""
"org.axonframework.eventhandling.pooled.Coordinator$NoToken","Coordinator$NoToken","centralityPageRank",0.001318858090869583,""
"org.axonframework.deadline.dbscheduler.DeadlineManagerNotSuppliedException","DeadlineManagerNotSuppliedException","centralityPageRank",0.0013182869866857456,""
"org.axonframework.test.aggregate.AggregateTestFixture$ExecutionExceptionAwareCallback","AggregateTestFixture$ExecutionExceptionAwareCallback","centralityPageRank",0.0013168252102981905,""
"org.axonframework.serialization.avro.DefaultSchemaIncompatibilityChecker","DefaultSchemaIncompatibilityChecker","centralityPageRank",0.0013163355213099298,""
"org.axonframework.serialization.avro.SpecificRecordBaseSerializerStrategy","SpecificRecordBaseSerializerStrategy","centralityPageRank",0.0013163355213099298,""
"org.axonframework.springboot.autoconfig.JdbcAutoConfiguration","JdbcAutoConfiguration","centralityPageRank",0.001316325764610884,""
"org.axonframework.test.eventscheduler.EventSchedulerValidator","EventSchedulerValidator","centralityPageRank",0.0013149259784810054,""
"org.axonframework.disruptor.commandhandling.DisruptorCommandBus$DisruptorRepository","DisruptorCommandBus$DisruptorRepository","centralityPageRank",0.001314128389393659,""
"org.axonframework.disruptor.commandhandling.DisruptorCommandBus$ExceptionHandler","DisruptorCommandBus$ExceptionHandler","centralityPageRank",0.001314128389393659,""
"org.axonframework.lifecycle.ShutdownHandler","ShutdownHandler","centralityPageRank",0.0013131765430832573,""
"org.axonframework.lifecycle.StartHandler","StartHandler","centralityPageRank",0.0013131765430832573,""
"org.axonframework.serialization.upcasting.event.UpcastedEventRepresentation","UpcastedEventRepresentation","centralityPageRank",0.0013125575077866233,""
"org.axonframework.modelling.saga.AssociationValuesImpl","AssociationValuesImpl","centralityPageRank",0.0013125519595446932,""
"org.axonframework.test.saga.SagaTestFixture$AggregateEventPublisherImpl","SagaTestFixture$AggregateEventPublisherImpl","centralityPageRank",0.0013101962768226807,""
"org.axonframework.axonserver.connector.query.StreamableFluxResponse","StreamableFluxResponse","centralityPageRank",0.0013101314482108835,""
"org.axonframework.axonserver.connector.event.axon.AxonServerEventStore$AxonIQEventStorageEngine$1","AxonServerEventStore$AxonIQEventStorageEngine$1","centralityPageRank",0.001309938915183011,""
"org.axonframework.modelling.command.inspection.AnnotatedChildEntity","AnnotatedChildEntity","centralityPageRank",0.0013099022844728929,""
"org.axonframework.config.EventProcessingModule$InstanceToTypeProcessingGroupSelectorAdapter","EventProcessingModule$InstanceToTypeProcessingGroupSelectorAdapter","centralityPageRank",0.001309705225361071,""
"org.axonframework.eventhandling.TrackingEventProcessor$ClaimSegmentInstruction","TrackingEventProcessor$ClaimSegmentInstruction","centralityPageRank",0.0013093680544796114,""
"org.axonframework.eventhandling.TrackingEventProcessor$MergeSegmentInstruction","TrackingEventProcessor$MergeSegmentInstruction","centralityPageRank",0.0013093680544796114,""
"org.axonframework.eventhandling.TrackingEventProcessor$SplitSegmentInstruction","TrackingEventProcessor$SplitSegmentInstruction","centralityPageRank",0.0013093680544796114,""
"org.axonframework.eventhandling.TrackingEventProcessor$WrappedMessageStream","TrackingEventProcessor$WrappedMessageStream","centralityPageRank",0.0013093680544796114,""
"org.axonframework.common.lock.NullLockFactory","NullLockFactory","centralityPageRank",0.0013090635045769565,""
"org.axonframework.test.saga.CommandValidator","CommandValidator","centralityPageRank",0.00130790673630495,""
"org.axonframework.messaging.Distributed","Distributed","centralityPageRank",0.0013078301257405157,""
"org.axonframework.messaging.annotation.SimpleResourceParameterResolverFactory","SimpleResourceParameterResolverFactory","centralityPageRank",0.0013077054266378725,""
"org.axonframework.test.matchers.IgnoreField","IgnoreField","centralityPageRank",0.0013077054266378725,""
"org.axonframework.modelling.command.AggregateAnnotationCommandHandler$AggregateCommandHandler","AggregateAnnotationCommandHandler$AggregateCommandHandler","centralityPageRank",0.0013063821086774384,""
"org.axonframework.modelling.command.AggregateAnnotationCommandHandler$AggregateConstructorCommandHandler","AggregateAnnotationCommandHandler$AggregateConstructorCommandHandler","centralityPageRank",0.0013063821086774384,""
"org.axonframework.modelling.command.AggregateAnnotationCommandHandler$AggregateCreateOrUpdateCommandHandler","AggregateAnnotationCommandHandler$AggregateCreateOrUpdateCommandHandler","centralityPageRank",0.0013063821086774384,""
"org.axonframework.modelling.command.AggregateAnnotationCommandHandler$AlwaysCreateAggregateCommandHandler","AggregateAnnotationCommandHandler$AlwaysCreateAggregateCommandHandler","centralityPageRank",0.0013063821086774384,""
"org.axonframework.eventsourcing.eventstore.jdbc.statements.AppendEventsStatementBuilder","AppendEventsStatementBuilder","centralityPageRank",0.0013058374710310976,""
"org.axonframework.eventsourcing.eventstore.jdbc.statements.AppendSnapshotStatementBuilder","AppendSnapshotStatementBuilder","centralityPageRank",0.0013058374710310976,""
"org.axonframework.eventsourcing.eventstore.jdbc.statements.CleanGapsStatementBuilder","CleanGapsStatementBuilder","centralityPageRank",0.0013058374710310976,""
"org.axonframework.eventsourcing.eventstore.jdbc.statements.CreateHeadTokenStatementBuilder","CreateHeadTokenStatementBuilder","centralityPageRank",0.0013058374710310976,""
"org.axonframework.eventsourcing.eventstore.jdbc.statements.CreateTailTokenStatementBuilder","CreateTailTokenStatementBuilder","centralityPageRank",0.0013058374710310976,""
"org.axonframework.eventsourcing.eventstore.jdbc.statements.CreateTokenAtStatementBuilder","CreateTokenAtStatementBuilder","centralityPageRank",0.0013058374710310976,""
"org.axonframework.eventsourcing.eventstore.jdbc.statements.DeleteSnapshotsStatementBuilder","DeleteSnapshotsStatementBuilder","centralityPageRank",0.0013058374710310976,""
"org.axonframework.eventsourcing.eventstore.jdbc.statements.FetchTrackedEventsStatementBuilder","FetchTrackedEventsStatementBuilder","centralityPageRank",0.0013058374710310976,""
"org.axonframework.eventsourcing.eventstore.jdbc.statements.LastSequenceNumberForStatementBuilder","LastSequenceNumberForStatementBuilder","centralityPageRank",0.0013058374710310976,""
"org.axonframework.eventsourcing.eventstore.jdbc.statements.ReadEventDataForAggregateStatementBuilder","ReadEventDataForAggregateStatementBuilder","centralityPageRank",0.0013058374710310976,""
"org.axonframework.eventsourcing.eventstore.jdbc.statements.ReadEventDataWithGapsStatementBuilder","ReadEventDataWithGapsStatementBuilder","centralityPageRank",0.0013058374710310976,""
"org.axonframework.eventsourcing.eventstore.jdbc.statements.ReadEventDataWithoutGapsStatementBuilder","ReadEventDataWithoutGapsStatementBuilder","centralityPageRank",0.0013058374710310976,""
"org.axonframework.eventsourcing.eventstore.jdbc.statements.ReadSnapshotDataStatementBuilder","ReadSnapshotDataStatementBuilder","centralityPageRank",0.0013058374710310976,""
"org.axonframework.deadline.jobrunr.LabelUtils","LabelUtils","centralityPageRank",0.0013054962585934804,""
"org.axonframework.springboot.autoconfig.NoOpTransactionAutoConfiguration","NoOpTransactionAutoConfiguration","centralityPageRank",0.0013052267235407126,""
"org.axonframework.test.aggregate.AggregateTestFixture$ComparationEntry","AggregateTestFixture$ComparationEntry","centralityPageRank",0.0013052145764530644,""
"org.axonframework.serialization.GapAwareTrackingTokenConverter","GapAwareTrackingTokenConverter","centralityPageRank",0.0013049019988414451,""
"org.axonframework.eventsourcing.eventstore.inmemory.InMemoryEventStorageEngine$MapEntrySpliterator","InMemoryEventStorageEngine$MapEntrySpliterator","centralityPageRank",0.001304627308283059,""
"org.axonframework.commandhandling.AnnotationCommandHandlerAdapter","AnnotationCommandHandlerAdapter","centralityPageRank",0.001304014009776499,""
"org.axonframework.modelling.command.AggregateStreamCreationException","AggregateStreamCreationException","centralityPageRank",0.0013017990753194314,""
"org.axonframework.common.jdbc.ConnectionWrapperFactory","ConnectionWrapperFactory","centralityPageRank",0.0013017032936588886,""
"org.axonframework.eventhandling.deadletter.jdbc.DeadLetterTableFactory","DeadLetterTableFactory","centralityPageRank",0.001300955442948566,""
"org.axonframework.test.saga.EventValidator","EventValidator","centralityPageRank",0.0013008874941288935,""
"org.axonframework.test.saga.RepositoryContentValidator","RepositoryContentValidator","centralityPageRank",0.0013008874941288935,""
"org.axonframework.modelling.saga.repository.jpa.SerializedSaga","SerializedSaga","centralityPageRank",0.0013008080888287856,""
"org.axonframework.commandhandling.CommandMessageHandler","CommandMessageHandler","centralityPageRank",0.0013004190841622656,""
"org.axonframework.springboot.util.jpa.ContainerManagedEntityManagerProvider","ContainerManagedEntityManagerProvider","centralityPageRank",0.0013000063055171238,""
"org.axonframework.eventsourcing.CachingEventSourcingRepository","CachingEventSourcingRepository","centralityPageRank",0.0012989762980166676,""
"org.axonframework.modelling.command.AggregateVersion","AggregateVersion","centralityPageRank",0.001298640440619309,""
"org.axonframework.axonserver.connector.command.GrpcBackedCommandMessage","GrpcBackedCommandMessage","centralityPageRank",0.0012982927020166622,""
"org.axonframework.axonserver.connector.command.AxonServerRegistration","AxonServerRegistration","centralityPageRank",0.001298145683853211,""
"org.axonframework.axonserver.connector.event.axon.EventProcessorInfoConfiguration","EventProcessorInfoConfiguration","centralityPageRank",0.0012977455438615364,""
"org.axonframework.eventsourcing.eventstore.jdbc.JdbcSQLErrorCodesResolver","JdbcSQLErrorCodesResolver","centralityPageRank",0.0012975762100281487,""
"org.axonframework.springboot.util.legacyjpa.ContainerManagedEntityManagerProvider","ContainerManagedEntityManagerProvider","centralityPageRank",0.0012974540427983755,""
"org.axonframework.test.saga.SagaTestFixture$WrappingResourceInjector","SagaTestFixture$WrappingResourceInjector","centralityPageRank",0.0012973402178851497,""
"org.axonframework.springboot.autoconfig.legacyjpa.JpaJavaxAutoConfiguration","JpaJavaxAutoConfiguration","centralityPageRank",0.0012969847637479756,""
"org.axonframework.serialization.json.ByteArrayToJsonNodeConverter","ByteArrayToJsonNodeConverter","centralityPageRank",0.0012967115176190634,""
"org.axonframework.serialization.json.JsonNodeToByteArrayConverter","JsonNodeToByteArrayConverter","centralityPageRank",0.0012967115176190634,""
"org.axonframework.serialization.json.JsonNodeToObjectNodeConverter","JsonNodeToObjectNodeConverter","centralityPageRank",0.0012967115176190634,""
"org.axonframework.serialization.json.MetaDataDeserializer","MetaDataDeserializer","centralityPageRank",0.0012967115176190634,""
"org.axonframework.serialization.json.ObjectNodeToJsonNodeConverter","ObjectNodeToJsonNodeConverter","centralityPageRank",0.0012967115176190634,""
"org.axonframework.serialization.avro.ByteArrayToGenericRecordConverter","ByteArrayToGenericRecordConverter","centralityPageRank",0.0012965251780744616,""
"org.axonframework.config.DefaultConfigurer$1","DefaultConfigurer$1","centralityPageRank",0.0012954360557547817,""
"org.axonframework.modelling.command.AbstractRepository","AbstractRepository","centralityPageRank",0.0012942782404029851,""
"org.axonframework.tracing.SpanUtils","SpanUtils","centralityPageRank",0.0012941127192725396,""
"org.axonframework.axonserver.connector.query.subscription.GrpcBackedQueryUpdateMessage","GrpcBackedQueryUpdateMessage","centralityPageRank",0.0012940639038684012,""
"org.axonframework.axonserver.connector.query.subscription.GrpcBackedSubscriptionQueryMessage","GrpcBackedSubscriptionQueryMessage","centralityPageRank",0.0012940639038684012,""
"org.axonframework.test.aggregate.AggregateTestFixture$DefaultRepositoryProvider","AggregateTestFixture$DefaultRepositoryProvider","centralityPageRank",0.0012936039426079378,""
"org.axonframework.test.aggregate.AggregateTestFixture$InMemoryRepository","AggregateTestFixture$InMemoryRepository","centralityPageRank",0.0012936039426079378,""
"org.axonframework.test.aggregate.AggregateTestFixture$RecordingEventStore","AggregateTestFixture$RecordingEventStore","centralityPageRank",0.0012936039426079378,""
"org.axonframework.eventhandling.DirectEventProcessingStrategy","DirectEventProcessingStrategy","centralityPageRank",0.0012931816988094084,""
"org.axonframework.axonserver.connector.event.axon.EventBuffer","EventBuffer","centralityPageRank",0.0012928832904795268,""
"org.axonframework.axonserver.connector.event.axon.QueryResultStreamAdapter","QueryResultStreamAdapter","centralityPageRank",0.0012928832904795268,""
"org.axonframework.queryhandling.GenericSubscriptionQueryMessage","GenericSubscriptionQueryMessage","centralityPageRank",0.0012917886788349092,""
"org.axonframework.config.AggregateConfigurer","AggregateConfigurer","centralityPageRank",0.0012916829766916576,""
"org.axonframework.axonserver.connector.processor.StreamingEventProcessorInfoMessage","StreamingEventProcessorInfoMessage","centralityPageRank",0.0012915343398394274,""
"org.axonframework.axonserver.connector.query.AxonServerQueryBus$ActivityFinisher","AxonServerQueryBus$ActivityFinisher","centralityPageRank",0.001290932945981574,""
"org.axonframework.axonserver.connector.query.AxonServerQueryBus$QueryResponseSpliterator","AxonServerQueryBus$QueryResponseSpliterator","centralityPageRank",0.001290932945981574,""
"org.axonframework.axonserver.connector.query.AxonServerQueryBus$ResponseProcessingTask","AxonServerQueryBus$ResponseProcessingTask","centralityPageRank",0.001290932945981574,""
"org.axonframework.queryhandling.FluxSinkWrapper","FluxSinkWrapper","centralityPageRank",0.0012908145553922367,""
"org.axonframework.queryhandling.SinksManyWrapper","SinksManyWrapper","centralityPageRank",0.0012908145553922367,""
"org.axonframework.eventhandling.replay.GenericResetContext","GenericResetContext","centralityPageRank",0.0012907200763544106,""
"org.axonframework.modelling.command.NoArgumentConstructorCreationPolicyAggregateFactory","NoArgumentConstructorCreationPolicyAggregateFactory","centralityPageRank",0.0012905120861424785,""
"org.axonframework.queryhandling.SimpleQueryBus$CatchLastError","SimpleQueryBus$CatchLastError","centralityPageRank",0.0012903265766630362,""
"org.axonframework.queryhandling.SimpleQueryBus$ErrorIfComplete","SimpleQueryBus$ErrorIfComplete","centralityPageRank",0.0012903265766630362,""
"org.axonframework.queryhandling.SimpleQueryBus$MonitorCallbackContextWriter","SimpleQueryBus$MonitorCallbackContextWriter","centralityPageRank",0.0012903265766630362,""
"org.axonframework.queryhandling.SimpleQueryBus$SuccessReporter","SimpleQueryBus$SuccessReporter","centralityPageRank",0.0012903265766630362,""
"org.axonframework.modelling.saga.repository.jdbc.JdbcSagaStore$EntryImpl","JdbcSagaStore$EntryImpl","centralityPageRank",0.0012885695904222819,""
"org.axonframework.springboot.autoconfig.PersistentStreamMessageSourceRegistrar","PersistentStreamMessageSourceRegistrar","centralityPageRank",0.0012882769046145303,""
"org.axonframework.eventhandling.deadletter.legacyjpa.JpaSequencedDeadLetterQueue$1","JpaSequencedDeadLetterQueue$1","centralityPageRank",0.001287529741612766,""
"org.axonframework.eventhandling.deadletter.jpa.JpaSequencedDeadLetterQueue$1","JpaSequencedDeadLetterQueue$1","centralityPageRank",0.0012874004007105773,""
"org.axonframework.eventsourcing.eventstore.jdbc.JdbcEventStorageEngine$1","JdbcEventStorageEngine$1","centralityPageRank",0.0012872647944775083,""
"org.axonframework.config.MessageHandlerRegistrar","MessageHandlerRegistrar","centralityPageRank",0.0012865322201887216,""
"org.axonframework.axonserver.connector.command.AxonServerCommandBus$CommandProcessingTask","AxonServerCommandBus$CommandProcessingTask","centralityPageRank",0.0012856716003345218,""
"org.axonframework.common.IdentifierValidator","IdentifierValidator","centralityPageRank",0.0012853509741037254,""
"org.axonframework.common.ListUtils","ListUtils","centralityPageRank",0.0012853509741037254,""
"org.axonframework.messaging.correlation.MessageOriginProvider","MessageOriginProvider","centralityPageRank",0.0012848204136167456,""
"org.axonframework.eventhandling.tokenstore.GenericTokenEntry","GenericTokenEntry","centralityPageRank",0.0012841781773465792,""
"org.axonframework.modelling.saga.repository.LockingSagaRepository","LockingSagaRepository","centralityPageRank",0.0012840990781107543,""
"org.axonframework.modelling.saga.repository.SagaCreationException","SagaCreationException","centralityPageRank",0.0012840990781107543,""
"org.axonframework.queryhandling.QueryHandlerAdapter","QueryHandlerAdapter","centralityPageRank",0.0012832903308342138,""
"org.axonframework.config.MessageMonitorFactoryBuilder","MessageMonitorFactoryBuilder","centralityPageRank",0.0012830621977992015,""
"org.axonframework.modelling.command.AggregateRolledBackException","AggregateRolledBackException","centralityPageRank",0.0012826880510795554,""
"org.axonframework.common.caching.NoCache","NoCache","centralityPageRank",0.001282483178404898,""
"org.axonframework.queryhandling.registration.DuplicateQueryHandlerResolution","DuplicateQueryHandlerResolution","centralityPageRank",0.0012823817089556986,""
"org.axonframework.eventhandling.AddedTrackerStatus","AddedTrackerStatus","centralityPageRank",0.0012819692277887334,""
"org.axonframework.eventhandling.deadletter.jdbc.JdbcSequencedDeadLetterQueue$1","JdbcSequencedDeadLetterQueue$1","centralityPageRank",0.0012819237850773813,""
"org.axonframework.commandhandling.distributed.commandfilter.CommandNameFilter","CommandNameFilter","centralityPageRank",0.0012810384710534905,""
"org.axonframework.axonserver.connector.query.subscription.AxonServerSubscriptionQueryResult","AxonServerSubscriptionQueryResult","centralityPageRank",0.0012802126443452356,""
"org.axonframework.messaging.interceptors.TransactionManagingInterceptor","TransactionManagingInterceptor","centralityPageRank",0.001279808398132877,""
"org.axonframework.axonserver.connector.event.axon.DefaultPersistentStreamMessageSourceFactory","DefaultPersistentStreamMessageSourceFactory","centralityPageRank",0.0012784419501005399,""
"org.axonframework.axonserver.connector.event.axon.PersistentStreamSequencingPolicyProvider","PersistentStreamSequencingPolicyProvider","centralityPageRank",0.0012784419501005399,""
"org.axonframework.springboot.autoconfig.AxonAutoConfiguration$1","AxonAutoConfiguration$1","centralityPageRank",0.0012778803688377049,""
"org.axonframework.eventhandling.tokenstore.inmemory.InMemoryTokenStore","InMemoryTokenStore","centralityPageRank",0.0012767295443676502,""
"org.axonframework.axonserver.connector.util.UpstreamAwareStreamObserver","UpstreamAwareStreamObserver","centralityPageRank",0.0012762469109325832,""
"org.axonframework.tracing.attributes.AggregateIdentifierSpanAttributesProvider","AggregateIdentifierSpanAttributesProvider","centralityPageRank",0.0012760552123189824,""
"org.axonframework.tracing.attributes.MessageIdSpanAttributesProvider","MessageIdSpanAttributesProvider","centralityPageRank",0.0012760552123189824,""
"org.axonframework.tracing.attributes.MessageNameSpanAttributesProvider","MessageNameSpanAttributesProvider","centralityPageRank",0.0012760552123189824,""
"org.axonframework.tracing.attributes.MessageTypeSpanAttributesProvider","MessageTypeSpanAttributesProvider","centralityPageRank",0.0012760552123189824,""
"org.axonframework.tracing.attributes.MetadataSpanAttributesProvider","MetadataSpanAttributesProvider","centralityPageRank",0.0012760552123189824,""
"org.axonframework.tracing.attributes.PayloadTypeSpanAttributesProvider","PayloadTypeSpanAttributesProvider","centralityPageRank",0.0012760552123189824,""
"org.axonframework.eventhandling.MultiEventHandlerInvoker","MultiEventHandlerInvoker","centralityPageRank",0.0012757497691687292,""
"org.axonframework.eventsourcing.conflictresolution.ConflictResolution","ConflictResolution","centralityPageRank",0.001275001476485379,""
"org.axonframework.modelling.command.AggregateRoot","AggregateRoot","centralityPageRank",0.0012720615075881426,""
"org.axonframework.axonserver.connector.util.PriorityTaskSchedulers","PriorityTaskSchedulers","centralityPageRank",0.0012694923427088972,""
"org.axonframework.config.DefaultConfigurer$ConfigurationImpl","DefaultConfigurer$ConfigurationImpl","centralityPageRank",0.0012691821082411198,""
"org.axonframework.queryhandling.annotation.AnnotationQueryHandlerAdapter","AnnotationQueryHandlerAdapter","centralityPageRank",0.0012691821082411198,""
"org.axonframework.util.HandlerTypeResolver","HandlerTypeResolver","centralityPageRank",0.0012691821082411198,""
"org.axonframework.springboot.autoconfig.AxonServerAutoConfiguration$ConnectionDetailsConnectionManagerConfiguration","AxonServerAutoConfiguration$ConnectionDetailsConnectionManagerConfiguration","centralityPageRank",0.001268606995586549,""
"org.axonframework.springboot.autoconfig.AxonServerAutoConfiguration$DefaultConnectionManagerConfiguration","AxonServerAutoConfiguration$DefaultConnectionManagerConfiguration","centralityPageRank",0.001268606995586549,""
"org.axonframework.springboot.DistributedCommandBusProperties","DistributedCommandBusProperties","centralityPageRank",0.0012683262049551316,""
"org.axonframework.springboot.autoconfig.EventProcessingAutoConfiguration","EventProcessingAutoConfiguration","centralityPageRank",0.0012683262049551316,""
"org.axonframework.config.ProcessingGroup","ProcessingGroup","centralityPageRank",0.0012672609051206443,""
"org.axonframework.config.AxonIQConsoleModule","AxonIQConsoleModule","centralityPageRank",0.0012657120858515993,""
"org.axonframework.config.ConfigurationParameterResolverFactory","ConfigurationParameterResolverFactory","centralityPageRank",0.0012657120858515993,""
"org.axonframework.config.ConfigurationResourceInjector","ConfigurationResourceInjector","centralityPageRank",0.0012657120858515993,""
"org.axonframework.axonserver.connector.DefaultHandlers","DefaultHandlers","centralityPageRank",0.0012587720410725586,""
"org.axonframework.axonserver.connector.DefaultInstructionAckSource","DefaultInstructionAckSource","centralityPageRank",0.0012587720410725586,""
"org.axonframework.axonserver.connector.ServerConnectorConfigurerModule","ServerConnectorConfigurerModule","centralityPageRank",0.0012587720410725586,""
"org.axonframework.axonserver.connector.heartbeat.HeartbeatConfiguration","HeartbeatConfiguration","centralityPageRank",0.0012587720410725586,""
"org.axonframework.axonserver.connector.heartbeat.HeartbeatMonitor","HeartbeatMonitor","centralityPageRank",0.0012587720410725586,""
"org.axonframework.axonserver.connector.heartbeat.connection.checker.HeartbeatConnectionChecker","HeartbeatConnectionChecker","centralityPageRank",0.0012587720410725586,""
"org.axonframework.axonserver.connector.heartbeat.source.GrpcHeartbeatSource","GrpcHeartbeatSource","centralityPageRank",0.0012587720410725586,""
"org.axonframework.axonserver.connector.query.subscription.DeserializedResult","DeserializedResult","centralityPageRank",0.0012587720410725586,""
"org.axonframework.axonserver.connector.query.subscription.DisposableResult","DisposableResult","centralityPageRank",0.0012587720410725586,""
"org.axonframework.axonserver.connector.util.FlowControllingStreamObserver","FlowControllingStreamObserver","centralityPageRank",0.0012587720410725586,""
"org.axonframework.axonserver.connector.util.GrpcBufferingInterceptor","GrpcBufferingInterceptor","centralityPageRank",0.0012587720410725586,""
"org.axonframework.commandhandling.CurrentUnitOfWorkParameterResolverFactory","CurrentUnitOfWorkParameterResolverFactory","centralityPageRank",0.0012587720410725586,""
"org.axonframework.commandhandling.distributed.CommandCallbackRepository","CommandCallbackRepository","centralityPageRank",0.0012587720410725586,""
"org.axonframework.commandhandling.distributed.ConsistentHashChangeListener","ConsistentHashChangeListener","centralityPageRank",0.0012587720410725586,""
"org.axonframework.commandhandling.distributed.DispatchMessage","DispatchMessage","centralityPageRank",0.0012587720410725586,""
"org.axonframework.commandhandling.distributed.ReplyMessage","ReplyMessage","centralityPageRank",0.0012587720410725586,""
"org.axonframework.commandhandling.distributed.ServiceRegistryException","ServiceRegistryException","centralityPageRank",0.0012587720410725586,""
"org.axonframework.commandhandling.distributed.SimpleMember","SimpleMember","centralityPageRank",0.0012587720410725586,""
"org.axonframework.common.caching.EhCacheAdapter","EhCacheAdapter","centralityPageRank",0.0012587720410725586,""
"org.axonframework.common.caching.JCacheAdapter","JCacheAdapter","centralityPageRank",0.0012587720410725586,""
"org.axonframework.common.jpa.SimpleEntityManagerProvider","SimpleEntityManagerProvider","centralityPageRank",0.0012587720410725586,""
"org.axonframework.common.legacyjpa.SimpleEntityManagerProvider","SimpleEntityManagerProvider","centralityPageRank",0.0012587720410725586,""
"org.axonframework.common.property.BeanPropertyAccessStrategy","BeanPropertyAccessStrategy","centralityPageRank",0.0012587720410725586,""
"org.axonframework.common.property.DirectPropertyAccessStrategy","DirectPropertyAccessStrategy","centralityPageRank",0.0012587720410725586,""
"org.axonframework.common.property.UniformPropertyAccessStrategy","UniformPropertyAccessStrategy","centralityPageRank",0.0012587720410725586,""
"org.axonframework.deadline.dbscheduler.DbSchedulerDeadlineManagerSupplier","DbSchedulerDeadlineManagerSupplier","centralityPageRank",0.0012587720410725586,""
"org.axonframework.eventhandling.ConcludesBatchParameterResolverFactory","ConcludesBatchParameterResolverFactory","centralityPageRank",0.0012587720410725586,""
"org.axonframework.eventhandling.DisallowReplay","DisallowReplay","centralityPageRank",0.0012587720410725586,""
"org.axonframework.eventhandling.ResetHandler","ResetHandler","centralityPageRank",0.0012587720410725586,""
"org.axonframework.eventhandling.SequenceNumberParameterResolverFactory","SequenceNumberParameterResolverFactory","centralityPageRank",0.0012587720410725586,""
"org.axonframework.eventhandling.TimestampParameterResolverFactory","TimestampParameterResolverFactory","centralityPageRank",0.0012587720410725586,""
"org.axonframework.eventhandling.TransactionMethodExecutionException","TransactionMethodExecutionException","centralityPageRank",0.0012587720410725586,""
"org.axonframework.eventhandling.async.FullConcurrencyPolicy","FullConcurrencyPolicy","centralityPageRank",0.0012587720410725586,""
"org.axonframework.eventhandling.async.SequentialPolicy","SequentialPolicy","centralityPageRank",0.0012587720410725586,""
"org.axonframework.eventhandling.deadletter.jdbc.GenericDeadLetterTableFactory","GenericDeadLetterTableFactory","centralityPageRank",0.0012587720410725586,""
"org.axonframework.eventhandling.interceptors.EventLoggingInterceptor","EventLoggingInterceptor","centralityPageRank",0.0012587720410725586,""
"org.axonframework.eventhandling.replay.ReplayAwareMessageHandlerWrapper","ReplayAwareMessageHandlerWrapper","centralityPageRank",0.0012587720410725586,""
"org.axonframework.eventhandling.replay.ReplayContextParameterResolverFactory","ReplayContextParameterResolverFactory","centralityPageRank",0.0012587720410725586,""
"org.axonframework.eventhandling.scheduling.dbscheduler.DbSchedulerEventSchedulerSupplier","DbSchedulerEventSchedulerSupplier","centralityPageRank",0.0012587720410725586,""
"org.axonframework.eventhandling.tokenstore.jdbc.Oracle11TokenTableFactory","Oracle11TokenTableFactory","centralityPageRank",0.0012587720410725586,""
"org.axonframework.eventhandling.tokenstore.jdbc.PostgresTokenTableFactory","PostgresTokenTableFactory","centralityPageRank",0.0012587720410725586,""
"org.axonframework.eventsourcing.EventCountSnapshotTriggerDefinition","EventCountSnapshotTriggerDefinition","centralityPageRank",0.0012587720410725586,""
"org.axonframework.eventsourcing.EventSourcingHandler","EventSourcingHandler","centralityPageRank",0.0012587720410725586,""
"org.axonframework.eventsourcing.FilteringEventStorageEngine","FilteringEventStorageEngine","centralityPageRank",0.0012587720410725586,""
"org.axonframework.eventsourcing.MultiStreamableMessageSource","MultiStreamableMessageSource","centralityPageRank",0.0012587720410725586,""
"org.axonframework.eventsourcing.conflictresolution.Conflicts","Conflicts","centralityPageRank",0.0012587720410725586,""
"org.axonframework.eventsourcing.eventstore.EqualRevisionPredicate","EqualRevisionPredicate","centralityPageRank",0.0012587720410725586,""
"org.axonframework.eventsourcing.eventstore.SequenceEventStorageEngine","SequenceEventStorageEngine","centralityPageRank",0.0012587720410725586,""
"org.axonframework.eventsourcing.eventstore.inmemory.InMemoryEventStorageEngine","InMemoryEventStorageEngine","centralityPageRank",0.0012587720410725586,""
"org.axonframework.eventsourcing.eventstore.jdbc.HsqlEventTableFactory","HsqlEventTableFactory","centralityPageRank",0.0012587720410725586,""
"org.axonframework.eventsourcing.eventstore.jdbc.MySqlEventTableFactory","MySqlEventTableFactory","centralityPageRank",0.0012587720410725586,""
"org.axonframework.eventsourcing.eventstore.jdbc.Oracle11EventTableFactory","Oracle11EventTableFactory","centralityPageRank",0.0012587720410725586,""
"org.axonframework.eventsourcing.eventstore.jdbc.PostgresEventTableFactory","PostgresEventTableFactory","centralityPageRank",0.0012587720410725586,""
"org.axonframework.eventsourcing.eventstore.jpa.SQLStateResolver","SQLStateResolver","centralityPageRank",0.0012587720410725586,""
"org.axonframework.messaging.Headers","Headers","centralityPageRank",0.0012587720410725586,""
"org.axonframework.messaging.annotation.AggregateTypeParameterResolverFactory","AggregateTypeParameterResolverFactory","centralityPageRank",0.0012587720410725586,""
"org.axonframework.messaging.annotation.AnnotatedMessageHandlingMemberDefinition","AnnotatedMessageHandlingMemberDefinition","centralityPageRank",0.0012587720410725586,""
"org.axonframework.messaging.annotation.DefaultParameterResolverFactory","DefaultParameterResolverFactory","centralityPageRank",0.0012587720410725586,""
"org.axonframework.messaging.annotation.MessageHandlerInterceptorDefinition","MessageHandlerInterceptorDefinition","centralityPageRank",0.0012587720410725586,""
"org.axonframework.messaging.annotation.MessageHandlerTimeout","MessageHandlerTimeout","centralityPageRank",0.0012587720410725586,""
"org.axonframework.messaging.annotation.MessageIdentifierParameterResolverFactory","MessageIdentifierParameterResolverFactory","centralityPageRank",0.0012587720410725586,""
"org.axonframework.messaging.annotation.SourceIdParameterResolverFactory","SourceIdParameterResolverFactory","centralityPageRank",0.0012587720410725586,""
"org.axonframework.messaging.correlation.MultiCorrelationDataProvider","MultiCorrelationDataProvider","centralityPageRank",0.0012587720410725586,""
"org.axonframework.messaging.correlation.SimpleCorrelationDataProvider","SimpleCorrelationDataProvider","centralityPageRank",0.0012587720410725586,""
"org.axonframework.messaging.deadletter.DeadLetterParameterResolverFactory","DeadLetterParameterResolverFactory","centralityPageRank",0.0012587720410725586,""
"org.axonframework.messaging.interceptors.BeanValidationInterceptor","BeanValidationInterceptor","centralityPageRank",0.0012587720410725586,""
"org.axonframework.messaging.interceptors.ExceptionHandler","ExceptionHandler","centralityPageRank",0.0012587720410725586,""
"org.axonframework.messaging.interceptors.LoggingInterceptor","LoggingInterceptor","centralityPageRank",0.0012587720410725586,""
"org.axonframework.messaging.interceptors.legacyvalidation.BeanValidationInterceptor","BeanValidationInterceptor","centralityPageRank",0.0012587720410725586,""
"org.axonframework.modelling.command.AggregateIdentifier","AggregateIdentifier","centralityPageRank",0.0012587720410725586,""
"org.axonframework.modelling.command.ForwardNone","ForwardNone","centralityPageRank",0.0012587720410725586,""
"org.axonframework.modelling.command.MetaDataCommandTargetResolver","MetaDataCommandTargetResolver","centralityPageRank",0.0012587720410725586,""
"org.axonframework.modelling.command.inspection.AggregateMemberAnnotatedChildEntityCollectionDefinition","AggregateMemberAnnotatedChildEntityCollectionDefinition","centralityPageRank",0.0012587720410725586,""
"org.axonframework.modelling.command.inspection.AggregateMemberAnnotatedChildEntityDefinition","AggregateMemberAnnotatedChildEntityDefinition","centralityPageRank",0.0012587720410725586,""
"org.axonframework.modelling.command.inspection.AggregateMemberAnnotatedChildEntityMapDefinition","AggregateMemberAnnotatedChildEntityMapDefinition","centralityPageRank",0.0012587720410725586,""
"org.axonframework.modelling.command.inspection.CommandHandlerInterceptorHandlingMember","CommandHandlerInterceptorHandlingMember","centralityPageRank",0.0012587720410725586,""
"org.axonframework.modelling.saga.EndSagaMessageHandlerDefinition","EndSagaMessageHandlerDefinition","centralityPageRank",0.0012587720410725586,""
"org.axonframework.modelling.saga.MetaDataAssociationResolver","MetaDataAssociationResolver","centralityPageRank",0.0012587720410725586,""
"org.axonframework.modelling.saga.SagaEventHandler","SagaEventHandler","centralityPageRank",0.0012587720410725586,""
"org.axonframework.modelling.saga.SagaMethodMessageHandlerDefinition","SagaMethodMessageHandlerDefinition","centralityPageRank",0.0012587720410725586,""
"org.axonframework.modelling.saga.StartSaga","StartSaga","centralityPageRank",0.0012587720410725586,""
"org.axonframework.modelling.saga.repository.jdbc.HsqlSagaSqlSchema","HsqlSagaSqlSchema","centralityPageRank",0.0012587720410725586,""
"org.axonframework.modelling.saga.repository.jdbc.Oracle11SagaSqlSchema","Oracle11SagaSqlSchema","centralityPageRank",0.0012587720410725586,""
"org.axonframework.modelling.saga.repository.jdbc.PostgresSagaSqlSchema","PostgresSagaSqlSchema","centralityPageRank",0.0012587720410725586,""
"org.axonframework.modelling.saga.repository.jpa.AbstractSagaEntry","AbstractSagaEntry","centralityPageRank",0.0012587720410725586,""
"org.axonframework.queryhandling.CompletedEmitterException","CompletedEmitterException","centralityPageRank",0.0012587720410725586,""
"org.axonframework.queryhandling.annotation.MethodQueryMessageHandlerDefinition","MethodQueryMessageHandlerDefinition","centralityPageRank",0.0012587720410725586,""
"org.axonframework.serialization.FixedValueRevisionResolver","FixedValueRevisionResolver","centralityPageRank",0.0012587720410725586,""
"org.axonframework.serialization.MavenArtifactRevisionResolver","MavenArtifactRevisionResolver","centralityPageRank",0.0012587720410725586,""
"org.axonframework.serialization.avro.GenericRecordToByteArrayConverter","GenericRecordToByteArrayConverter","centralityPageRank",0.0012587720410725586,""
"org.axonframework.serialization.converters.BlobToInputStreamConverter","BlobToInputStreamConverter","centralityPageRank",0.0012587720410725586,""
"org.axonframework.serialization.converters.ByteArrayToInputStreamConverter","ByteArrayToInputStreamConverter","centralityPageRank",0.0012587720410725586,""
"org.axonframework.serialization.converters.ByteArrayToStringConverter","ByteArrayToStringConverter","centralityPageRank",0.0012587720410725586,""
"org.axonframework.serialization.converters.InputStreamToByteArrayConverter","InputStreamToByteArrayConverter","centralityPageRank",0.0012587720410725586,""
"org.axonframework.serialization.converters.StringToByteArrayConverter","StringToByteArrayConverter","centralityPageRank",0.0012587720410725586,""
"org.axonframework.serialization.upcasting.event.ContextAwareEventMultiUpcaster","ContextAwareEventMultiUpcaster","centralityPageRank",0.0012587720410725586,""
"org.axonframework.serialization.upcasting.event.ContextAwareSingleEventUpcaster","ContextAwareSingleEventUpcaster","centralityPageRank",0.0012587720410725586,""
"org.axonframework.serialization.upcasting.event.EventMultiUpcaster","EventMultiUpcaster","centralityPageRank",0.0012587720410725586,""
"org.axonframework.springboot.autoconfig.AvroSerializerAutoConfiguration","AvroSerializerAutoConfiguration","centralityPageRank",0.0012587720410725586,""
"org.axonframework.springboot.autoconfig.AxonDbSchedulerAutoConfiguration","AxonDbSchedulerAutoConfiguration","centralityPageRank",0.0012587720410725586,""
"org.axonframework.springboot.autoconfig.AxonJobRunrAutoConfiguration","AxonJobRunrAutoConfiguration","centralityPageRank",0.0012587720410725586,""
"org.axonframework.springboot.autoconfig.AxonServerActuatorAutoConfiguration","AxonServerActuatorAutoConfiguration","centralityPageRank",0.0012587720410725586,""
"org.axonframework.springboot.autoconfig.AxonTimeoutAutoConfiguration","AxonTimeoutAutoConfiguration","centralityPageRank",0.0012587720410725586,""
"org.axonframework.springboot.autoconfig.CBORMapperAutoConfiguration","CBORMapperAutoConfiguration","centralityPageRank",0.0012587720410725586,""
"org.axonframework.springboot.autoconfig.InfraConfiguration","InfraConfiguration","centralityPageRank",0.0012587720410725586,""
"org.axonframework.springboot.autoconfig.InterceptorAutoConfiguration","InterceptorAutoConfiguration","centralityPageRank",0.0012587720410725586,""
"org.axonframework.springboot.autoconfig.ObjectMapperAutoConfiguration","ObjectMapperAutoConfiguration","centralityPageRank",0.0012587720410725586,""
"org.axonframework.springboot.autoconfig.OpenTelemetryAutoConfiguration","OpenTelemetryAutoConfiguration","centralityPageRank",0.0012587720410725586,""
"org.axonframework.springboot.autoconfig.SecurityAutoConfiguration","SecurityAutoConfiguration","centralityPageRank",0.0012587720410725586,""
"org.axonframework.springboot.autoconfig.XStreamAutoConfiguration","XStreamAutoConfiguration","centralityPageRank",0.0012587720410725586,""
"org.axonframework.springboot.autoconfig.legacyjpa.JpaJavaxEventStoreAutoConfiguration","JpaJavaxEventStoreAutoConfiguration","centralityPageRank",0.0012587720410725586,""
"org.axonframework.springboot.service.connection.AxonServerDockerComposeConnectionDetailsFactory","AxonServerDockerComposeConnectionDetailsFactory","centralityPageRank",0.0012587720410725586,""
"org.axonframework.springboot.service.connection.AxonServerTestContainerConnectionDetailsFactory","AxonServerTestContainerConnectionDetailsFactory","centralityPageRank",0.0012587720410725586,""
"org.axonframework.test.FixtureResourceParameterResolverFactory","FixtureResourceParameterResolverFactory","centralityPageRank",0.0012587720410725586,""
"org.axonframework.test.aggregate.StubAggregateLifecycleExtension","StubAggregateLifecycleExtension","centralityPageRank",0.0012587720410725586,""
"org.axonframework.test.matchers.NonStaticFieldsFilter","NonStaticFieldsFilter","centralityPageRank",0.0012587720410725586,""
"org.axonframework.test.matchers.NonTransientFieldsFilter","NonTransientFieldsFilter","centralityPageRank",0.0012587720410725586,""
"org.axonframework.test.utils.AutowiredResourceInjector","AutowiredResourceInjector","centralityPageRank",0.0012587720410725586,""
"org.axonframework.tracing.MultiSpanFactory","MultiSpanFactory","centralityPageRank",0.0012587720410725586,""
