"name","shortName","pageRank","articleRank","betweenness","costEffectiveLazyForward","harmonicCloseness","closeness","hyperlinkInducedTopicSearchAuthority","hyperlinkInducedTopicSearchHub","incomingDependencies","outgoingDependencies","Source Cypher File: Centrality/Centrality_90_Summary.cypher"
"org.axonframework.test.fixture.AxonTestPhase$Then","AxonTestPhase$Then",1.153035944276446,0.4143612999235485,419.8833333333333,0,0.01756569847856155,0.014024896265560166,0.008299101320709233,0.008299101320709233,18,5,""
"org.axonframework.test.fixture.AxonTestPhase$Then$Nothing","AxonTestPhase$Then$Nothing",0.5810604354168811,0.29674209026900217,0,0,0.013001383125864453,0.010999918639655031,0.0038545019717145337,0.0038545019717145337,7,2,""
"org.axonframework.test.fixture.AxonTestPhase$Then$Event","AxonTestPhase$Then$Event",0.6035743613589383,0.2946183684068316,0,0,0.011673582295988937,0.0095084042478374,0.0005410217769298965,0.0005410217769298965,5,2,""
"org.axonframework.test.fixture.AxonTestPhase$When$Nothing","AxonTestPhase$When$Nothing",0.2564776938285101,0.2005750689222507,20,0,0.009778699861687414,0.007684874666060364,0.003950794025089791,0.003950794025089791,4,3,""
"org.axonframework.test.fixture.AxonTestPhase$When","AxonTestPhase$When",0.7896763564351081,0.3298856752427992,147.88333333333333,0,0.014315352697095435,0.010999918639655031,0.007599605388730828,0.007599605388730828,12,5,""
"org.axonframework.test.fixture.AxonTestPhase$When$Event","AxonTestPhase$When$Event",0.4413132723879061,0.2660637401174456,0,0,0.009778699861687414,0.007684874666060364,0.003940839974904999,0.003940839974904999,4,3,""
"org.axonframework.test.fixture.AxonTestPhase$Then$Message","AxonTestPhase$Then$Message",1.2867429129169539,0.4039209502526477,70,0,0.012641770401106502,0.00967234225211046,0.003472849160381789,0.003472849160381789,8,3,""
"org.axonframework.test.fixture.AxonTestPhase$Then$Command","AxonTestPhase$Then$Command",0.5408354373879231,0.276538113528246,268.43333333333334,0,0.011673582295988937,0.0095084042478374,0.0012409639022341124,0.0012409639022341124,5,3,""
"org.axonframework.test.matchers.FieldFilter","FieldFilter",0.9443186242445311,0.430232462040305,0,0,0.012586445366528353,0.010209398822734729,0.0020308433744334626,0.0020308433744334626,9,,""
"org.axonframework.test.matchers.IgnoreField","IgnoreField",0.2420554747527446,0.19043022356283784,37,0,0.005947441217150761,0.005334914048606994,3.511650205340909e-06,3.511650205340909e-06,1,2,""
"org.axonframework.test.fixture.AxonTestPhase$When$Command","AxonTestPhase$When$Command",0.3263682076640894,0.2238041334505058,4,0,0.009778699861687414,0.007684874666060364,0.003942052382266464,0.003942052382266464,4,3,""
"org.axonframework.test.fixture.AxonTestWhen","AxonTestWhen",0.3420760717963306,0.2896918412714434,467.66666666666663,0,0.006777316735822959,0.0053941908713692945,0.0030716627916410988,0.0030716627916410988,5,25,""
"org.axonframework.test.fixture.AxonTestPhase$Setup","AxonTestPhase$Setup",0.7257684410313923,0.2629497397543506,62.91666666666667,0,0.010511756569847855,0.008904696041625502,0.0023199170435866316,0.0023199170435866316,4,2,""
"org.axonframework.test.fixture.AxonTestPhase$Given","AxonTestPhase$Given",0.5009575859702653,0.2302637323633589,91.91666666666666,0,0.00925311203319502,0.007285660397693593,0.0029861489553364576,0.0029861489553364576,4,8,""
"org.axonframework.test.FixtureExecutionException","FixtureExecutionException",0.42524455458672095,0.27133015839266733,25.5,0,0.007883817427385892,0.006558040684141281,0.0018155458146854398,0.0018155458146854398,4,1,""
"org.axonframework.test.util.RecordingCommandBus","RecordingCommandBus",0.16101862318850765,0.15971299505443345,121,0,0.0037502469867615094,0.00291753112033195,0.0003575013171888984,0.0003575013171888984,1,15,""
"org.axonframework.test.util.DescriptionUtils","DescriptionUtils",0.15367287439616922,0.15323766501814448,0,0,0.0037502469867615094,0.00291753112033195,0.0003575013171888984,0.0003575013171888984,1,,""
"org.axonframework.test.matchers.Matchers","Matchers",0.15696560629875572,0.15618807044422267,264.5,0,0.0050345781466113425,0.003734439834024896,0.0021186776568535596,0.0021186776568535596,2,16,""
"org.axonframework.test.matchers.PayloadMatcher","PayloadMatcher",0.17092111281963399,0.16864798247814428,0,0,0.0051728907330567085,0.003862693323274236,0.0025669978622093388,0.0025669978622093388,2,1,""
"org.axonframework.test.fixture.AxonTestThenEvent","AxonTestThenEvent",0.16938215867246575,0.16439493510884257,159.16666666666666,0,0.003637621023513139,0.002984020482034078,5.702028503879397e-05,5.702028503879397e-05,1,10,""
"org.axonframework.test.fixture.RecordingEventBus","RecordingEventBus",0.15751824724306812,0.15619299675521006,19.083333333333332,0,0.003914246196403874,0.003219344684504221,0.000659330798088195,0.000659330798088195,1,8,""
"org.axonframework.test.fixture.RecordingEventStore","RecordingEventStore",0.15751824724306812,0.15619299675521006,654.0833333333333,0,0.003914246196403874,0.003219344684504221,0.000659330798088195,0.000659330798088195,1,12,""
"org.axonframework.test.matchers.MatchAllFieldFilter","MatchAllFieldFilter",0.156585463805173,0.1559008108521564,0,0,0.004204702627939143,0.0033195020746887966,0.0017611763396646613,0.0017611763396646613,1,1,""
"org.axonframework.test.matchers.MapStringEntryMatcher","MapStringEntryMatcher",0.1582318297564662,0.15737601356519548,28,0,0.004204702627939143,0.0033195020746887966,0.0017611763396646613,0.0017611763396646613,1,2,""
"org.axonframework.test.fixture.AxonTestPhase$Then$MessageAssertions","AxonTestPhase$Then$MessageAssertions",0.7699285438789858,0.3012697842454849,75.83333333333333,0,0.011811894882434303,0.009349930843706777,0.0032941105120628546,0.0032941105120628546,6,4,""
"org.axonframework.test.fixture.RecordingComponentsRegistry","RecordingComponentsRegistry",0.28325560763174895,0.24332417665655712,227.46666666666667,0,0.009266943291839557,0.0077800829875518665,0.010000613323613291,0.010000613323613291,8,3,""
"org.axonframework.test.fixture.RecordingCommandBus","RecordingCommandBus",0.27079284839928897,0.2179155631208384,416.5666666666667,0,0.007607192254495159,0.006248474493531852,0.005955225420488977,0.005955225420488977,4,10,""
"org.axonframework.test.fixture.RecordingEventSink","RecordingEventSink",0.292799173623724,0.2343720039357498,68.56666666666666,0,0.008852005532503458,0.0072670180553997986,0.010597732552449021,0.010597732552449021,5,5,""
"org.axonframework.test.fixture.Reporter","Reporter",0.2072297277113041,0.20119317566778924,0,0,0.005380359612724758,0.0036967182195397964,0.0031702429042157238,0.0031702429042157238,3,2,""
"org.axonframework.test.fixture.AxonTestWhen$Command","AxonTestWhen$Command",0.1640127528101045,0.16123041690018464,24,0,0.004356846473029046,0.003690762175147412,0.0032001723790029664,0.0032001723790029664,1,7,""
"org.axonframework.test.fixture.AxonTestThenCommand","AxonTestThenCommand",0.16742633931313097,0.1632385983417151,167.6,0,0.003637621023513139,0.002984020482034078,5.823269240025919e-05,5.823269240025919e-05,1,13,""
"org.axonframework.test.fixture.AxonTestFixture","AxonTestFixture",0.5465112203536736,0.2409459771644032,1669.0833333333335,0,0.005878284923928077,0.00483617112605523,0.0017679350105305844,0.0017679350105305844,3,16,""
"org.axonframework.test.fixture.MessagesRecordingConfigurationEnhancer","MessagesRecordingConfigurationEnhancer",0.17247747577755698,0.15921102522325517,710,0,0.004453665283540802,0.0037826884106918848,0.00045628360104747214,0.00045628360104747214,1,11,""
"org.axonframework.test.fixture.AxonTestGiven","AxonTestGiven",0.16498498385170468,0.15614068348217014,233.16666666666669,0,0.004246196403872752,0.0035961272475795295,0.00045628360104747214,0.00045628360104747214,1,21,""
"org.axonframework.test.fixture.CommandValidator","CommandValidator",0.15987819570775946,0.15885121627823454,91,0,0.004204702627939143,0.0033195020746887966,0.0017611763396646613,0.0017611763396646613,1,7,""
"org.axonframework.test.fixture.AxonTestWhen$Event","AxonTestWhen$Event",0.17101912921515672,0.16684562535027692,18,0,0.004356846473029046,0.003690762175147412,0.0032001723790029664,0.0032001723790029664,1,7,""
"org.axonframework.test.fixture.AxonTestThenNothing","AxonTestThenNothing",0.17157028143026104,0.16669477537352964,507.66666666666663,0,0.004702627939142463,0.0037905125042054506,0.0025001262131545735,0.0025001262131545735,2,6,""
"org.axonframework.test.fixture.AxonTestFixture$Customization","AxonTestFixture$Customization",0.32490173696174435,0.25456728941119194,47,0,0.009681881051175657,0.008132780082987552,0.009523509838187736,0.009523509838187736,10,2,""
"org.axonframework.test.AxonAssertionError","AxonAssertionError",0.38163239376718977,0.34732978034840284,0,0,0.0058644536652835404,0.004165649662354568,0.0026129868028724216,0.0026129868028724216,3,,""
"org.axonframework.test.fixture.AxonTestThenMessage","AxonTestThenMessage",0.2091854330250027,0.1956014320153997,1093.3,0,0.005449515905947441,0.004007113218731476,0.0014904983278790094,0.0014904983278790094,3,20,""
"org.axonframework.test.fixture.AxonTestPhase","AxonTestPhase",0.15000000000000002,0.15000000000000002,0,0,0,0,0,0,,12,""
"org.axonframework.test.extension.AxonTestFixtureProvider","AxonTestFixtureProvider",0.3688599864130436,0.25375630314401204,644.5,0,0.0024896265560165973,0.0024896265560165973,0.0003758289970212336,0.0003758289970212336,3,1,""
"org.axonframework.test.util.CallbackBehavior","CallbackBehavior",0.22520503907443892,0.17772976217373762,0,0,0.004358822367121123,0.002960913887608217,0.0035829025578366647,0.0035829025578366647,2,1,""
"org.axonframework.test.util.MessageMonitorReport$Report","MessageMonitorReport$Report",0.5344286104696703,0.31456440772983363,58.5,0,0.004564315352697096,0.004267931238885595,0.0037978022570505244,0.0037978022570505244,5,4,""
"org.axonframework.test.fixture.AxonTestWhen$Nothing","AxonTestWhen$Nothing",0.1605095646075784,0.15842281267513847,98,0,0.004356846473029046,0.003690762175147412,0.0032001723790029664,0.0032001723790029664,1,7,""
"org.axonframework.test.extension.ProvidedAxonTestFixtureUtils","ProvidedAxonTestFixtureUtils",0.16593750000000002,0.16003622478950463,9,0,0.0008298755186721991,0.0008298755186721991,3.7069078883167177e-06,3.7069078883167177e-06,1,6,""
"org.axonframework.test.extension.AxonFrameworkExtension","AxonFrameworkExtension",0.15000000000000002,0.15000000000000002,0,0,0,0,0,0,,3,""
"org.axonframework.test.util.DefaultCallbackBehavior","DefaultCallbackBehavior",0.1559506855772385,0.15535484653889764,9,0,0.003528946848448923,0.0026556016597510373,0.0034817368353731023,0.0034817368353731023,1,2,""
"org.axonframework.test.util.MessageMonitorReport","MessageMonitorReport",0.2501482405006016,0.22480182354697803,0,0,0.0016597510373443983,0.0016597510373443983,0.0016761295971574872,0.0016761295971574872,2,5,""
"org.axonframework.test.util.RecordingMessageMonitor","RecordingMessageMonitor",0.2093767434689943,0.1960712075966737,1,0,0.0008298755186721991,0.0008298755186721991,0.0008098011300393518,0.0008098011300393518,1,5,""
"org.axonframework.test.util.RecordingMessageMonitor$1","RecordingMessageMonitor$1",0.1833694097393135,0.17414905070968364,20,0,0.0008298755186721991,0.0008298755186721991,0.0008663284671181357,0.0008663284671181357,1,8,""
"org.axonframework.test.FixtureResourceParameterResolverFactory$FailingParameterResolver","FixtureResourceParameterResolverFactory$FailingParameterResolver",0.21375000000000002,0.1857343713688125,3,0,0.0008298755186721991,0.0008298755186721991,0.00018169949290515705,0.00018169949290515705,1,3,""
"org.axonframework.test.server.AxonServerContainer","AxonServerContainer",0.33552551020408167,0.25139064318714915,6,0,0.0016597510373443983,0.0016597510373443983,9.047813677895598e-07,9.047813677895598e-07,2,1,""
"org.axonframework.test.server.AxonServerContainerUtils","AxonServerContainerUtils",0.4351966836734694,0.1874619200946572,6,0,0.0016597510373443983,0.0014937759336099584,6.5688126199814265e-56,6.5688126199814265e-56,1,1,""
"org.axonframework.test.extension.ProvidedAxonTestFixture","ProvidedAxonTestFixture",0.16226494565217395,0.1607313698691211,210.5,0,0.0012448132780082987,0.0011065006915629322,0.0003714733429892505,0.0003714733429892505,1,1,""
"org.axonframework.test.util.MessageMonitorReport$Report$Success","MessageMonitorReport$Report$Success",0.3175001111265097,0.22292026064049303,0,0,0.0037344398340248964,0.003319502074688796,0.002315230230269877,0.002315230230269877,3,2,""
"org.axonframework.test.util.MessageMonitorReport$Report$Ignored","MessageMonitorReport$Report$Ignored",0.3175001111265097,0.22292026064049303,0,0,0.0037344398340248964,0.003319502074688796,0.002315230230269877,0.002315230230269877,3,2,""
"org.axonframework.test.util.MessageMonitorReport$Report$Failure","MessageMonitorReport$Report$Failure",0.3175001111265097,0.22292026064049303,0,0,0.0037344398340248964,0.003319502074688796,0.002315230230269877,0.002315230230269877,3,2,""
"org.axonframework.test.FixtureResourceParameterResolverFactory","FixtureResourceParameterResolverFactory",0.15000000000000002,0.15000000000000002,0,0,0,0,0,0,,4,""
"org.axonframework.test.matchers.NonStaticFieldsFilter","NonStaticFieldsFilter",0.15000000000000002,0.15000000000000002,0,0,0,0,0,0,,1,""
"org.axonframework.test.matchers.NonTransientFieldsFilter","NonTransientFieldsFilter",0.15000000000000002,0.15000000000000002,0,0,0,0,0,0,,2,""
"org.axonframework.test.matchers.PayloadsMatcher","PayloadsMatcher",0.15889471379854994,0.15765098316841353,0,0,0.004165184746097609,0.00321891110272853,0.0015137038318174276,0.0015137038318174276,1,1,""
"org.axonframework.test.matchers.AllFieldsFilter","AllFieldsFilter",0.18446078880078803,0.17338233926805377,0.5,0,0.0049950602647698085,0.003579612311884561,0.0016100646973293484,0.0016100646973293484,2,1,""
"org.axonframework.test.matchers.SequenceMatcher","SequenceMatcher",0.15889471379854994,0.15765098316841353,4,0,0.004165184746097609,0.00321891110272853,0.0015137038318174276,0.0015137038318174276,1,1,""
"org.axonframework.test.matchers.ListMatcher","ListMatcher",0.6902417742272351,0.3099089779448061,0,0,0.006295198577356254,0.003859886133359066,7.22248585635131e-44,7.22248585635131e-44,4,,""
"org.axonframework.test.matchers.ExactSequenceMatcher","ExactSequenceMatcher",0.15889471379854994,0.15765098316841353,4,0,0.004165184746097609,0.00321891110272853,0.0015137038318174276,0.0015137038318174276,1,1,""
"org.axonframework.test.matchers.ListWithAllOfMatcher","ListWithAllOfMatcher",0.15889471379854994,0.15765098316841353,4,0,0.004165184746097609,0.00321891110272853,0.0015137038318174276,0.0015137038318174276,1,1,""
"org.axonframework.test.matchers.ListWithAnyOfMatcher","ListWithAnyOfMatcher",0.15889471379854994,0.15765098316841353,4,0,0.004165184746097609,0.00321891110272853,0.0015137038318174276,0.0015137038318174276,1,1,""
"org.axonframework.test.matchers.EqualsMatcher","EqualsMatcher",0.1836242401371376,0.17105947850309772,0,0,0.0037502469867615094,0.00291753112033195,3.443949630904822e-50,3.443949630904822e-50,1,,""
"org.axonframework.test.matchers.PredicateMatcher","PredicateMatcher",0.15889471379854994,0.15765098316841353,0,0,0.004165184746097609,0.00321891110272853,0.0015137038318174276,0.0015137038318174276,1,,""
"org.axonframework.test.matchers.EmptyCollectionMatcher","EmptyCollectionMatcher",0.16778942759709986,0.16530196633682695,0,0,0.004165184746097609,0.00321891110272853,0.0015137038318174276,0.0015137038318174276,1,,""
"org.axonframework.test.matchers.ExactClassMatcher","ExactClassMatcher",0.15889471379854994,0.15765098316841353,9.666666666666666,0,0.004165184746097609,0.00321891110272853,0.0015137038318174276,0.0015137038318174276,1,1,""
"org.axonframework.test.matchers.DeepEqualsMatcher","DeepEqualsMatcher",0.15889471379854994,0.15765098316841353,56.166666666666664,0,0.004165184746097609,0.00321891110272853,0.0015137038318174276,0.0015137038318174276,1,5,""
"org.axonframework.test.matchers.NullOrVoidMatcher","NullOrVoidMatcher",0.15889471379854994,0.15765098316841353,0,0,0.004165184746097609,0.00321891110272853,0.0015137038318174276,0.0015137038318174276,1,,""
"org.axonframework.test.matchers.MatcherExecutionException","MatcherExecutionException",0.18001343190151306,0.16955684768384702,6,0,0.0038055720213396567,0.002889566565015248,9.636086551192075e-05,9.636086551192075e-05,1,1,""
"org.axonframework.test.matchers.MapStringEntryMatcher$Matching","MapStringEntryMatcher$Matching",0.2508727204114128,0.21317843550929313,0,0,0.0037502469867615094,0.00291753112033195,3.443949630904822e-50,3.443949630904822e-50,1,,""
"org.axonframework.common.Priority","Priority",0.39011335197694424,0.27651894197267546,0,0,0.024560393502302217,0.015304037017048723,0.006198775093172657,0.006198775093172657,13,,""
"org.axonframework.common.AxonNonTransientException","AxonNonTransientException",6.778313152006992,1.4261742523260348,592.7000000000002,0,0.1625689916353816,0.13582581169525604,4.3007131467491234e-05,4.3007131467491234e-05,15,1,""
"org.axonframework.common.IdentifierFactory","IdentifierFactory",1.0902512481632505,0.22231101683423599,155,0,0.0355308568794046,0.030415437684347353,0.0019872559174600713,0.0019872559174600713,3,1,""
"org.axonframework.common.tx.TransactionalExecutor","TransactionalExecutor",0.36963859223124723,0.27630936726948496,30.5,0,0.010235131396957123,0.00889152341434499,0.01318915047204752,0.01318915047204752,10,3,""
"org.axonframework.common.function.ThrowingFunction","ThrowingFunction",0.3990133877711526,0.281063231920578,0,0,0.007952973720608577,0.00643782220545706,0.0010211408577648258,0.0010211408577648258,5,,""
"org.axonframework.common.TypeReflectionUtils","TypeReflectionUtils",0.843630749799442,0.24164278392182711,2024,0,0.12941381808601726,0.11721294810400937,0.000166430219084778,0.000166430219084778,2,3,""
"org.axonframework.common.util.PriorityRunnable","PriorityRunnable",0.2848182936783932,0.21887158195727172,7,0,0.004287690179806362,0.003540802213001383,0.001555369937058647,0.001555369937058647,3,1,""
"org.axonframework.common.DirectExecutor","DirectExecutor",0.5422596712734871,0.20178530306996734,0,0,0.01383916222090496,0.012614941929564834,6.5688126199814265e-56,6.5688126199814265e-56,1,,""
"org.axonframework.common.ClassUtils","ClassUtils",0.16373127851042957,0.1611708342131443,0,0,0.0027662517289073307,0.002305209774089442,0.0005967725963153614,0.0005967725963153614,2,,""
"org.axonframework.common.ReflectionUtils","ReflectionUtils",1.7651467629592752,0.7577054083515729,4449.55,0,0.17381545149180005,0.14648273140946239,0.02265346705615623,0.02265346705615623,26,4,""
"org.axonframework.common.ProcessRetriesExhaustedException","ProcessRetriesExhaustedException",0.27980968329736894,0.18867610053119357,3,0,0.004005137324639399,0.0030554507732930974,6.5688126199814265e-56,6.5688126199814265e-56,1,1,""
"org.axonframework.common.AxonException","AxonException",9.657158706645296,1.555883982020831,0,0,0.15697029572548243,0.1266669895219715,0.002205527431114277,0.002205527431114277,20,,""
"org.axonframework.common.AxonThreadFactory","AxonThreadFactory",0.4523275411171778,0.2636821908787424,6,0,0.011051175656984788,0.009063965080562592,0.0008950371337211433,0.0008950371337211433,4,1,""
"org.axonframework.common.Assert","Assert",4.2979338355488785,1.44733560694746,212.83422459893046,0,0.24985575973127847,0.22001200495905784,0.035690911379891,0.035690911379891,33,1,""
"org.axonframework.common.io.IOUtils","IOUtils",0.3122269736842106,0.20954910953779865,0,0,0.002074688796680498,0.001867219917012448,6.0044698242585465e-05,6.0044698242585465e-05,2,,""
"org.axonframework.common.annotation.AnnotationUtils","AnnotationUtils",0.45385933990386007,0.3086211748427058,94.66666666666667,0,0.0364740169926892,0.026760332454691067,0.012729297838670705,0.012729297838670705,16,1,""
"org.axonframework.common.TypeReflectionUtils$VarMap","TypeReflectionUtils$VarMap",2.3817282481213695,0.3059875183283194,4,0,0.10461964038727528,0.0971039102878505,1.003916809639865e-09,1.003916809639865e-09,3,3,""
"org.axonframework.common.AxonTransientException","AxonTransientException",1.3279943590968342,0.5379649686919059,56.5,0,0.032704011065006915,0.026266081008350838,0.0002531080931849235,0.0002531080931849235,8,1,""
"org.axonframework.common.DefaultIdentifierFactory","DefaultIdentifierFactory",1.0766645654189466,0.20637375396761937,0,0,0.02733781202660871,0.024659158269116778,6.5688126199814265e-56,6.5688126199814265e-56,1,1,""
"org.axonframework.common.CollectionUtils","CollectionUtils",0.20744060548200166,0.18429866970776107,0,0,0.00615491009681881,0.005421853388658368,0.00038927062969199906,0.00038927062969199906,2,,""
"org.axonframework.common.StringUtils","StringUtils",5.915759110232292,1.0193643033428093,0,0,0.22092076664690774,0.20193089848403925,0.0179990158681548,0.0179990158681548,10,,""
"org.axonframework.common.jdbc.ConnectionExecutor","ConnectionExecutor",0.1781331595322287,0.16793668060525882,2,0,0.0012448132780082987,0.0011065006915629322,0.001400095790536718,0.001400095790536718,1,4,""
"org.axonframework.common.jdbc.ConnectionWrapperFactory$NoOpCloseHandler","ConnectionWrapperFactory$NoOpCloseHandler",0.16159090909090912,0.1581189608743862,1,0,0.0008298755186721991,0.0008298755186721991,6.72213888819135e-48,6.72213888819135e-48,1,1,""
"org.axonframework.common.jdbc.DataSourceConnectionProvider","DataSourceConnectionProvider",0.15000000000000002,0.15000000000000002,0,0,0,0,0,0,,1,""
"org.axonframework.common.jdbc.JdbcUtils","JdbcUtils",0.15094444444444446,0.150928271952622,2,0,0.0008298755186721991,0.0008298755186721991,0.0016951912322600254,0.0016951912322600254,1,3,""
"org.axonframework.common.jdbc.ConnectionWrapperFactory","ConnectionWrapperFactory",0.15000000000000002,0.15000000000000002,0,0,0,0,0,0,,2,""
"org.axonframework.common.ExceptionUtils","ExceptionUtils",0.8734351443012205,0.24370171864878415,29,0,0.012248567476783243,0.009725736261511993,0.00014095995046845588,0.00014095995046845588,4,1,""
"org.axonframework.common.TypeReflectionUtils$VarMap$ParameterizedTypeImpl","TypeReflectionUtils$VarMap$ParameterizedTypeImpl",1.0115620725860346,0.22896844337289557,337.5,0,0.10420470262793918,0.09707912623724103,2.8928664151801736e-07,2.8928664151801736e-07,2,1,""
"org.axonframework.common.util.ClasspathResolver","ClasspathResolver",0.15917216063435935,0.15754879705130398,0,0,0.013075808469999341,0.010956797656822065,0.0035435784504274912,0.0035435784504274912,2,,""
"org.axonframework.common.util.MavenArtifactVersionResolver","MavenArtifactVersionResolver",0.15000000000000002,0.15000000000000002,0,0,0,0,0,0,,1,""
"org.axonframework.common.AxonConfigurationException","AxonConfigurationException",2.927184249681843,1.116220158739041,1122.8666666666668,0,0.17237535401435822,0.142831434400862,0.028775616070217672,0.028775616070217672,23,1,""
"org.axonframework.common.TypeReflectionUtils$VarMap$UnresolvedTypeVariableException","TypeReflectionUtils$VarMap$UnresolvedTypeVariableException",1.0115620725860346,0.22896844337289557,337.5,0,0.10420470262793918,0.09707912623724103,2.8928664151801736e-07,2.8928664151801736e-07,2,1,""
"org.axonframework.common.jdbc.JdbcException","JdbcException",0.17389444444444446,0.17103525226721664,2,0,0.0016597510373443983,0.0016597510373443983,0.0017010740858964778,0.0017010740858964778,2,1,""
"org.axonframework.common.jdbc.ConnectionProvider","ConnectionProvider",0.4526565621377263,0.2532972271508748,2.5,0,0.00442600276625173,0.0036967182195397964,0.0003424844779066367,0.0003424844779066367,4,1,""
"org.axonframework.common.jdbc.PersistenceExceptionResolver","PersistenceExceptionResolver",0.2966795888685762,0.23056344257444444,0,0,0.006639004149377593,0.006110901546586195,0.0057481868314462475,0.0057481868314462475,7,,""
"org.axonframework.common.jdbc.ConnectionWrapperFactory$ConnectionCloseHandler","ConnectionWrapperFactory$ConnectionCloseHandler",0.40326136363636367,0.27128552631772296,0,0,0.0016597510373443983,0.0016597510373443983,1.0876649198191034e-47,1.0876649198191034e-47,2,,""
"org.axonframework.common.jdbc.JdbcUtils$SqlFunction","JdbcUtils$SqlFunction",0.21077500000000005,0.19870917354768586,0,0,0.0012448132780082987,0.0011065006915629322,5.882853636452524e-06,5.882853636452524e-06,1,,""
"org.axonframework.common.util.PriorityTask","PriorityTask",0.6198423781277035,0.2130678987090161,0,0,0.004149377593360996,0.003319502074688797,6.887899261809644e-50,6.887899261809644e-50,2,,""
"org.axonframework.common.annotation.Internal","Internal",6.942790683953627,1.9560752966417096,0,0,0.3090663900414938,0.24227096094316009,0.17725482469580112,0.17725482469580112,128,,""
"org.axonframework.common.annotation.PriorityAnnotationComparator","PriorityAnnotationComparator",0.178105256477827,0.17034402433010826,130.33333333333331,0,0.01660673121254034,0.013155967781303391,0.001136658740375599,0.001136658740375599,3,2,""
"org.axonframework.common.util.PriorityCallable","PriorityCallable",0.26793750000000005,0.20434975387857426,1,0,0.0012448132780082987,0.0011065006915629322,2.689481240987864e-06,2.689481240987864e-06,1,1,""
"org.axonframework.common.jdbc.JdbcUtils$SqlResultConverter","JdbcUtils$SqlResultConverter",0.20543888888888892,0.19468945108243157,0,0,0.0016597510373443983,0.0016597510373443983,0.0017010740858964778,0.0017010740858964778,2,,""
"org.axonframework.common.util.ExecutorServiceFactory","ExecutorServiceFactory",0.3340878848064855,0.2751413878670137,0,0,0.005947441217150761,0.0050207468879668055,0.005422634488433913,0.005422634488433913,4,,""
"org.axonframework.common.ObjectUtils","ObjectUtils",0.6029514908375933,0.3732110083217249,0,0,0.16106731212540348,0.1307720581555744,0.031615716368759664,0.031615716368759664,23,,""
"org.axonframework.common.function.ThrowingConsumer","ThrowingConsumer",0.3385156820379361,0.22260823344112513,0,0,0.006293222683264176,0.00574184142648873,0.00030826741211338447,0.00030826741211338447,1,,""
"org.axonframework.common.TypeReference$1","TypeReference$1",23.830790162613173,1.6343220491208768,0,0,0.18760126457221898,0.17855770708467805,3.443949630904822e-50,3.443949630904822e-50,1,1,""
"org.axonframework.common.TypeReference$2","TypeReference$2",23.830790162613173,1.6343220491208768,0,0,0.18760126457221898,0.17855770708467805,3.443949630904822e-50,3.443949630904822e-50,1,1,""
"org.axonframework.common.property.DirectlyAccessedProperty","DirectlyAccessedProperty",0.20100000000000004,0.1762778774673161,4,0,0.0008298755186721991,0.0008298755186721991,1.1203166471380342e-05,1.1203166471380342e-05,1,2,""
"org.axonframework.common.property.MethodAccessedProperty","MethodAccessedProperty",0.28770000000000007,0.18960500285593487,36,0,0.0016597510373443983,0.0014937759336099584,1.1203166471380342e-05,1.1203166471380342e-05,1,3,""
"org.axonframework.common.caching.AbstractCacheAdapter","AbstractCacheAdapter",0.22745450839142098,0.18651225076772643,8,0,0.0023513139695712313,0.0018968583283935979,0.00013187086858716782,0.00013187086858716782,2,3,""
"org.axonframework.common.caching.JCacheAdapter$JCacheListenerAdapter","JCacheAdapter$JCacheListenerAdapter",0.18825000000000003,0.17601336491287434,0,0,0.0008298755186721991,0.0008298755186721991,6.587750916121703e-05,6.587750916121703e-05,1,1,""
"org.axonframework.common.TypeReference","TypeReference",55.72396354031644,6.230648582059334,1428,0,0.2827109266943292,0.2552666137383845,0.036837845663073875,0.036837845663073875,45,2,""
"org.axonframework.common.property.Property","Property",0.823310064477126,0.3835739771107881,0,0,0.010359612724757954,0.006905190636498865,0.0032675848234477493,0.0032675848234477493,8,,""
"org.axonframework.common.property.PropertyAccessException","PropertyAccessException",0.4269300000000001,0.24912430232119875,6,0,0.0030428769017980637,0.0024896265560165973,5.055920589890748e-05,5.055920589890748e-05,2,1,""
"org.axonframework.common.property.PropertyAccessStrategy","PropertyAccessStrategy",0.38564033402319803,0.24630694734532935,13,0,0.007869986168741357,0.00537759336099585,0.0032113851984607762,0.0032113851984607762,5,1,""
"org.axonframework.common.property.UniformPropertyAccessStrategy","UniformPropertyAccessStrategy",0.15000000000000002,0.15000000000000002,0,0,0,0,0,0,,1,""
"org.axonframework.common.property.AbstractMethodPropertyAccessStrategy","AbstractMethodPropertyAccessStrategy",0.405,0.22607421150278295,30,0,0.0016597510373443983,0.0016597510373443983,6.887899261809644e-50,6.887899261809644e-50,2,3,""
"org.axonframework.common.property.BeanPropertyAccessStrategy","BeanPropertyAccessStrategy",0.15000000000000002,0.15000000000000002,0,0,0,0,0,0,,1,""
"org.axonframework.common.property.DirectPropertyAccessStrategy","DirectPropertyAccessStrategy",0.15000000000000002,0.15000000000000002,0,0,0,0,0,0,,3,""
"org.axonframework.common.caching.Cache$EntryListenerAdapter","Cache$EntryListenerAdapter",0.19424336414341922,0.16746370951243209,0,0,0.003278008298755187,0.002688796680497925,6.564948351987757e-05,6.564948351987757e-05,1,1,""
"org.axonframework.common.caching.JCacheAdapter","JCacheAdapter",0.15000000000000002,0.15000000000000002,0,0,0,0,0,0,,4,""
"org.axonframework.common.caching.EhCacheAdapter","EhCacheAdapter",0.33617632843149037,0.17708561179844443,11,0,0.0012448132780082987,0.0011065006915629322,6.5688126199814265e-56,6.5688126199814265e-56,1,5,""
"org.axonframework.common.caching.EhCacheAdapter$CacheEventListenerAdapter","EhCacheAdapter$CacheEventListenerAdapter",0.2279317625871315,0.17875501123871534,0,0,0.0012448132780082987,0.0011065006915629322,6.599335942595078e-05,6.599335942595078e-05,1,2,""
"org.axonframework.common.caching.EhCacheAdapter$1","EhCacheAdapter$1",0.21903102070667693,0.18175983155098202,6,0,0.0016597510373443983,0.0016597510373443983,6.699805752787246e-05,6.699805752787246e-05,2,1,""
"org.axonframework.common.caching.WeakReferenceCache","WeakReferenceCache",0.3785866010748665,0.20268454992236445,7,0,0.0008298755186721991,0.0008298755186721991,6.5688126199814265e-56,6.5688126199814265e-56,1,6,""
"org.axonframework.common.caching.WeakReferenceCache$Entry","WeakReferenceCache$Entry",0.26892557359851776,0.2077625396909557,0,0,0.0008298755186721991,0.0008298755186721991,0.00018257754427828147,0.00018257754427828147,1,1,""
"org.axonframework.common.caching.NoCache","NoCache",0.15000000000000002,0.15000000000000002,0,0,0,0,0,0,,3,""
"org.axonframework.common.ConstructorUtils","ConstructorUtils",0.17812990476568988,0.17219044797540695,16.5,0,0.006251728907330567,0.0046121927864666455,0.0016251219603891144,0.0016251219603891144,3,1,""
"org.axonframework.common.Registration","Registration",0.771138682495141,0.46384331446361654,0,0,0.0374869920305605,0.02482002257965192,0.037451104766864994,0.037451104766864994,23,,""
"org.axonframework.common.caching.Cache$EntryListener","Cache$EntryListener",1.1587889767531885,0.6140069393555924,0,0,0.008298755186721992,0.007724225981487393,0.0005150395919005896,0.0005150395919005896,9,,""
"org.axonframework.common.caching.Cache","Cache",0.2082042438581625,0.178828067475576,12,0,0.004218533886583679,0.0033195020746887966,0.0003147364460618786,0.0003147364460618786,3,3,""
"org.axonframework.common.digest.Digester","Digester",0.15000000000000002,0.15000000000000002,0,0,0,0,0,0,,1,""
"org.axonframework.common.DateTimeUtils","DateTimeUtils",0.4722816500323594,0.2756066806021163,0,0,0.008575380359612726,0.007393436439079593,0.009291827469277062,0.009291827469277062,7,,""
"org.axonframework.common.configuration.ComponentRegistry","ComponentRegistry",1.426014245206235,0.7898420107504729,1853.0801587301587,0,0.051300138312586445,0.03839217413477363,0.0231909758383932,0.0231909758383932,43,12,""
"org.axonframework.common.configuration.Configuration","Configuration",7.6148343443934765,2.6912931121576653,545.9250000000001,0,0.12544951590594747,0.1061692182954166,0.08228679221454265,0.08228679221454265,99,3,""
"org.axonframework.common.configuration.AbstractComponent","AbstractComponent",0.2875362223890022,0.23560166465534257,151.5,0,0.02708917868668905,0.022841850595374864,0.0023879311600398883,0.0023879311600398883,3,9,""
"org.axonframework.common.configuration.ComponentBuilder","ComponentBuilder",1.6040629260441894,0.9027975335374192,55.00833333333333,0,0.06949614700652045,0.05281940491295452,0.03767000746815656,0.03767000746815656,36,1,""
"org.axonframework.common.configuration.ComponentDefinition$IncompleteComponentDefinition","ComponentDefinition$IncompleteComponentDefinition",0.7578127642141114,0.471413291452575,358.2317460317462,0,0.05239675953368899,0.04137137541463176,0.020088254736532883,0.020088254736532883,18,2,""
"org.axonframework.common.configuration.Component$Identifier","Component$Identifier",1.2138750530986386,0.7706995758066245,70.06666666666668,0,0.04528156490812093,0.03299182077420897,0.011379524151816903,0.011379524151816903,21,2,""
"org.axonframework.common.configuration.Component","Component",0.6023081454590976,0.4153531452087036,415.6166666666666,0,0.04638510175854574,0.03588924794921315,0.018734948676291188,0.018734948676291188,16,5,""
"org.axonframework.common.configuration.ApplicationConfigurer","ApplicationConfigurer",0.24553148352454848,0.21712135059881943,17.416666666666664,0,0.009156293222683264,0.007046662298900779,0.003988491744252276,0.003988491744252276,5,3,""
"org.axonframework.common.configuration.DefaultAxonApplication$AxonConfigurationImpl","DefaultAxonApplication$AxonConfigurationImpl",0.16630439146124548,0.16386017175679513,16.833333333333332,0,0.0024896265560165973,0.002033195020746888,0.00015503326955401442,0.00015503326955401442,1,10,""
"org.axonframework.common.configuration.DefaultAxonApplication$LifecycleState","DefaultAxonApplication$LifecycleState",0.1857259483918677,0.18258665617643555,0,0,0.0033195020746887966,0.0025291444378581305,0.0009142779505874551,0.0009142779505874551,2,,""
"org.axonframework.common.configuration.LifecycleHandler","LifecycleHandler",0.3407062410165205,0.26295380776221466,14,0,0.0366133175261806,0.03228573875269554,0.0013476304523763873,0.0013476304523763873,4,1,""
"org.axonframework.common.configuration.DefaultComponentRegistry","DefaultComponentRegistry",0.2728835572259337,0.2435586630463795,485.1166666666667,0,0.014572218929065399,0.011834492431769037,0.001161566765504463,0.001161566765504463,4,21,""
"org.axonframework.common.configuration.AxonConfiguration","AxonConfiguration",0.4657740836199857,0.3176336488684587,28.333333333333332,0,0.019778699861687413,0.016229994072317722,0.014006495656191036,0.014006495656191036,14,1,""
"org.axonframework.common.configuration.LazyInitializedComponentDefinition","LazyInitializedComponentDefinition",0.29232121030547786,0.2408842613830334,100.37777777777772,0,0.03268919185931634,0.02631312620180144,0.006990533858614115,0.006990533858614115,7,6,""
"org.axonframework.common.configuration.ComponentDefinition$2","ComponentDefinition$2",0.3097062450641658,0.215472197594131,163.588888888889,0,0.034999012052953964,0.03109733096576534,0.0002682759695973043,0.0002682759695973043,1,7,""
"org.axonframework.common.FutureUtils","FutureUtils",0.8533557845639556,0.495829134670816,0,0,0.2156362378976487,0.18196366948368942,0.07442131176524623,0.07442131176524623,42,,""
"org.axonframework.common.infra.FilesystemStyleComponentDescriptor$TreeRenderer","FilesystemStyleComponentDescriptor$TreeRenderer",0.5855099288506315,0.20380166259106997,20.5,0,0.0016597510373443983,0.0016597510373443983,0.0005750161714814808,0.0005750161714814808,2,3,""
"org.axonframework.common.infra.FilesystemStyleComponentDescriptor","FilesystemStyleComponentDescriptor",0.2433156449105695,0.17831813206902064,37,0,0.0012448132780082987,0.0011065006915629322,1.9920447467290587e-06,1.9920447467290587e-06,1,8,""
"org.axonframework.common.infra.JacksonComponentDescriptor","JacksonComponentDescriptor",0.15000000000000002,0.15000000000000002,0,0,0,0,0,0,,5,""
"org.axonframework.common.lifecycle.LifecycleHandlerInvocationException","LifecycleHandlerInvocationException",0.15403882016508258,0.1537288798565561,0,0,0.0024757952973720604,0.0018968583283935979,0.0007592446810334408,0.0007592446810334408,1,,""
"org.axonframework.common.lifecycle.ShutdownLatch","ShutdownLatch",0.5502863787461351,0.30056986253323414,12,0,0.004799446749654219,0.0036081544290095615,0.004806280441314219,0.004806280441314219,3,2,""
"org.axonframework.common.lifecycle.ShutdownLatch$ActivityHandle","ShutdownLatch$ActivityHandle",0.40175398744375784,0.26091520780285754,0,0,0.004799446749654219,0.0036081544290095615,0.004806294812084414,0.004806294812084414,3,1,""
"org.axonframework.common.IdentifierValidator","IdentifierValidator",0.15000000000000002,0.15000000000000002,0,0,0,0,0,0,,1,""
"org.axonframework.common.lock.NoOpLock","NoOpLock",0.19250000000000003,0.1665498869874072,0,0,0.0008298755186721991,0.0008298755186721991,2.16611206301712e-07,2.16611206301712e-07,1,1,""
"org.axonframework.common.lock.PessimisticLockFactory$PubliclyOwnedReentrantLock","PessimisticLockFactory$PubliclyOwnedReentrantLock",0.2835562942050748,0.24894810958938848,0,0,0.002074688796680498,0.001867219917012448,6.24719808147604e-05,6.24719808147604e-05,2,,""
"org.axonframework.common.lock.PessimisticLockFactory$DisposableLock","PessimisticLockFactory$DisposableLock",0.27457061538297695,0.23213504062018334,8,0,0.0012448132780082987,0.0011065006915629322,6.214734272585925e-05,6.214734272585925e-05,1,5,""
"org.axonframework.common.lock.PessimisticLockFactory","PessimisticLockFactory",0.30532015977337734,0.23919001182742808,13,0,0.0016597510373443983,0.0016597510373443983,6.204044438892153e-05,6.204044438892153e-05,2,6,""
"org.axonframework.common.lock.PessimisticLockFactory$Builder","PessimisticLockFactory$Builder",0.24342796153723278,0.21160128046513743,0,0,0.0012448132780082987,0.0011065006915629322,6.214734272585925e-05,6.214734272585925e-05,1,2,""
"org.axonframework.common.jpa.SimpleEntityManagerProvider","SimpleEntityManagerProvider",0.15000000000000002,0.15000000000000002,0,0,0,0,0,0,,2,""
"org.axonframework.common.jpa.FactoryBasedEntityManagerProvider","FactoryBasedEntityManagerProvider",0.15780548780487808,0.15654697292665642,2,0,0.0012448132780082987,0.0011065006915629322,0.00035066576838381356,0.00035066576838381356,1,1,""
"org.axonframework.common.jpa.EntityManagerExecutor","EntityManagerExecutor",0.18251532906417445,0.16995719687200778,2,0,0.0023513139695712313,0.002074688796680498,0.001400095790536718,0.001400095790536718,1,4,""
"org.axonframework.common.configuration.DefaultAxonApplication","DefaultAxonApplication",0.19181640148820397,0.18862867640137365,114.25,0,0.0034578146611341635,0.002904564315352697,0.003752123546808313,0.003752123546808313,2,9,""
"org.axonframework.common.infra.FilesystemStyleComponentDescriptor$TreeRenderer$RenderContext","FilesystemStyleComponentDescriptor$TreeRenderer$RenderContext",0.4828719715415164,0.25313347261680114,1.5,0,0.0016597510373443983,0.0016597510373443983,0.0005760156384160861,0.0005760156384160861,2,1,""
"org.axonframework.common.infra.FilesystemStyleComponentDescriptor$SymbolicLink","FilesystemStyleComponentDescriptor$SymbolicLink",0.2716335379071377,0.20173851601745227,0,0,0.002074688796680498,0.001867219917012448,0.0005760156384160861,0.0005760156384160861,2,,""
"org.axonframework.common.infra.ComponentDescriptor","ComponentDescriptor",11.385080188798014,1.5516578759268294,0,0,0.2433224659158269,0.18845411361886832,0.22352958624087585,0.22352958624087585,91,,""
"org.axonframework.common.infra.DescribableComponent","DescribableComponent",11.313026504022579,1.629245986409978,662.0555555555555,0,0.2575874333135744,0.2255180577799806,0.07602485898606592,0.07602485898606592,46,1,""
"org.axonframework.common.lock.LockFactory","LockFactory",0.20288088461524809,0.17339447370575578,0,0,0.0024896265560165973,0.0022130013831258644,6.236395393216096e-05,6.236395393216096e-05,2,1,""
"org.axonframework.common.lock.Lock","Lock",0.5454374117163341,0.24631488487291345,0,0,0.004564315352697096,0.004267931238885595,6.290576457809586e-05,6.290576457809586e-05,5,,""
"org.axonframework.common.jpa.EntityManagerProvider","EntityManagerProvider",0.7321883333203882,0.3408288801774803,5.5,0,0.008852005532503458,0.007393436439079593,0.0008110566532118983,0.0008110566532118983,8,1,""
"org.axonframework.common.configuration.LifecycleRegistry","LifecycleRegistry",0.7416328926602177,0.38863996334336465,207.89920634920637,0,0.05172890733056707,0.04318097832398931,0.009357864752523508,0.009357864752523508,16,3,""
"org.axonframework.common.infra.ComponentDescriptorException","ComponentDescriptorException",0.17753442870904662,0.16978901788512812,8,0,0.0023513139695712313,0.0018968583283935979,0.0011450660033951907,0.0011450660033951907,2,1,""
"org.axonframework.common.lifecycle.ShutdownInProgressException","ShutdownInProgressException",0.4098574566301193,0.24321539483355062,4,0,0.0036929460580912865,0.002953380522333415,8.310845817965068e-06,8.310845817965068e-06,1,1,""
"org.axonframework.common.lock.LockAcquisitionFailedException","LockAcquisitionFailedException",0.32741837722244316,0.2195809013943323,8,0,0.0023513139695712313,0.0018968583283935979,3.25199439633172e-07,3.25199439633172e-07,2,1,""
"org.axonframework.common.lock.DeadlockException","DeadlockException",0.16296583258840286,0.15969510767063586,9,0,0.0015214384508990318,0.0012448132780082987,3.246380889011494e-07,3.246380889011494e-07,1,1,""
"org.axonframework.common.lock.NullLockFactory","NullLockFactory",0.15000000000000002,0.15000000000000002,0,0,0,0,0,0,,3,""
"org.axonframework.common.configuration.ComponentDefinition","ComponentDefinition",1.377857800553587,0.6856346515135455,845.3444444444441,0,0.05466113416320885,0.04355557846447257,0.02141604879799774,0.02141604879799774,21,7,""
"org.axonframework.common.configuration.InstantiatedComponentDefinition","InstantiatedComponentDefinition",0.22635570083161877,0.19352345807219593,62.788888888888906,0,0.02791740762695119,0.024605081167649413,0.0010817204050129416,0.0010817204050129416,3,5,""
"org.axonframework.common.configuration.ComponentDefinition$ComponentCreator","ComponentDefinition$ComponentCreator",0.2678737771602411,0.22274998538378496,38.733333333333334,0,0.04134360798261213,0.03420706406234187,0.01444368549429699,0.01444368549429699,7,2,""
"org.axonframework.common.configuration.AbstractComponent$HandlerRegistration","AbstractComponent$HandlerRegistration",0.29808375198282383,0.25947611720349456,1,0,0.02457386550747546,0.02097421763760473,0.0013435469968308036,0.0013435469968308036,3,1,""
"org.axonframework.common.configuration.ComponentLifecycleHandler","ComponentLifecycleHandler",0.6284088012154306,0.34304052587111594,12.5,0,0.04062438253309622,0.035181876003271044,0.0012234216043835013,0.0012234216043835013,5,1,""
"org.axonframework.common.configuration.Components","Components",0.1759589591618805,0.1731872653394619,46,0,0.011204307449120727,0.009390463088290769,0.001488441586567242,0.001488441586567242,2,6,""
"org.axonframework.common.configuration.ComponentFactory","ComponentFactory",0.19324690648489343,0.17867782113264138,300.10793650793653,0,0.031626160837779096,0.026782064779835264,0.0025014463795608064,0.0025014463795608064,4,4,""
"org.axonframework.common.configuration.ComponentDefinition$1","ComponentDefinition$1",0.3097062450641658,0.215472197594131,163.588888888889,0,0.034999012052953964,0.03109733096576534,0.0002682759695973043,0.0002682759695973043,1,6,""
"org.axonframework.common.configuration.DecoratorDefinition","DecoratorDefinition",0.6653303826529876,0.3699501854812531,779.9000000000001,0,0.03798853981426595,0.030124481327800826,0.005796297895990543,0.005796297895990543,13,7,""
"org.axonframework.common.configuration.DecoratorDefinition$PartialDecoratorDefinition","DecoratorDefinition$PartialDecoratorDefinition",0.46358286748296246,0.31376337343739763,687.2333333333333,0,0.036467101363366915,0.029576763485477178,0.005100309362620121,0.005100309362620121,10,2,""
"org.axonframework.common.configuration.HierarchicalConfiguration","HierarchicalConfiguration",0.15168080411485885,0.15145072925726025,0,0,0.010789369689784629,0.00934051381654454,0.0007624101575888053,0.0007624101575888053,1,3,""
"org.axonframework.common.configuration.DefaultComponentRegistry$LocalConfiguration","DefaultComponentRegistry$LocalConfiguration",0.15504241234457652,0.15435218777178075,79.53333333333333,0,0.01037443193044853,0.009034935082318297,0.0007624101575888053,0.0007624101575888053,1,10,""
"org.axonframework.common.configuration.DecoratorDefinition$2","DecoratorDefinition$2",0.2631061650510078,0.19787727736627927,175,0,0.025084963445959292,0.022102200974201694,0.00021713329804901098,0.00021713329804901098,1,5,""
"org.axonframework.common.configuration.Module","Module",0.9595209610390367,0.3392473309578248,168.69126984126984,0,0.040940525587828486,0.034043757072802716,0.006039346022920064,0.006039346022920064,15,2,""
"org.axonframework.common.configuration.OverridePolicy","OverridePolicy",0.1870179616017259,0.17289352823025178,0,0,0.030381347559770795,0.026209202947916024,0.0010977745977362144,0.0010977745977362144,2,,""
"org.axonframework.common.configuration.DecoratorDefinition$CompletedDecoratorDefinition","DecoratorDefinition$CompletedDecoratorDefinition",0.21715499151640072,0.18868488470834435,32.83333333333333,0,0.026537245603635642,0.02253077550832749,0.0010530844765159844,0.0010530844765159844,3,3,""
"org.axonframework.common.configuration.ModuleBuilder","ModuleBuilder",0.4326933646625572,0.2940042751984013,32.5,0,0.020677731673582295,0.016807605441462262,0.007877441050437457,0.007877441050437457,14,1,""
"org.axonframework.common.configuration.ComponentDecorator","ComponentDecorator",0.48758198210643505,0.2740179776858816,30,0,0.03660541394981228,0.030019716900620934,0.0029991224689662655,0.0029991224689662655,9,1,""
"org.axonframework.common.configuration.DefaultDecoratorDefinition","DefaultDecoratorDefinition",0.23538988504663513,0.19429831887632462,282.66666666666674,0,0.019859052888098524,0.017567192135002643,8.756125083804781e-05,8.756125083804781e-05,2,8,""
"org.axonframework.common.configuration.BaseModule","BaseModule",0.18775375669496708,0.17869870210091213,712.2333333333333,0,0.016417704011065008,0.01314654287005464,0.005318728794170344,0.005318728794170344,7,6,""
"org.axonframework.common.configuration.DefaultComponentRegistry$1","DefaultComponentRegistry$1",0.15336160822971773,0.15290145851452056,0,0,0.01037443193044853,0.009034935082318297,0.0007624101575888053,0.0007624101575888053,1,2,""
"org.axonframework.common.configuration.SearchScope","SearchScope",0.446134441072766,0.32198984423476,0,0,0.03300928670223276,0.026912131762611088,0.0036103011594007316,0.0036103011594007316,8,,""
"org.axonframework.common.configuration.DecoratedComponent","DecoratedComponent",0.16600650358052743,0.16111995819483596,188.66666666666674,0,0.016344266613976154,0.01474024011851153,7.354102087816791e-05,7.354102087816791e-05,1,8,""
"org.axonframework.common.configuration.ConfigurationEnhancer","ConfigurationEnhancer",0.526848330081855,0.38799352338226045,470.0007936507937,0,0.04186129223473622,0.029368372521899493,0.01193820566798542,0.01193820566798542,29,1,""
"org.axonframework.common.configuration.DecoratorDefinition$1","DecoratorDefinition$1",0.2631061650510078,0.19787727736627927,175,0,0.025084963445959292,0.022102200974201694,0.00021713329804901098,0.00021713329804901098,1,5,""
"org.axonframework.common.configuration.ComponentNotFoundException","ComponentNotFoundException",2.934561927241187,0.8926191404046298,9,0,0.07692550879272872,0.06936499703615887,0.0021112570936162776,0.0021112570936162776,2,1,""
"org.axonframework.common.configuration.DuplicateModuleRegistrationException","DuplicateModuleRegistrationException",0.15336160822971773,0.15290145851452056,3,0,0.010789369689784629,0.00934051381654454,0.0007624101575888053,0.0007624101575888053,1,1,""
"org.axonframework.common.configuration.AmbiguousComponentMatchException","AmbiguousComponentMatchException",0.160314826591228,0.15939073697326758,6,0,0.009101297503787133,0.007834166755328581,0.0008765515295681656,0.0008765515295681656,1,1,""
"org.axonframework.common.configuration.ComponentOverrideException","ComponentOverrideException",0.15336160822971773,0.15290145851452056,0,0,0.010789369689784629,0.00934051381654454,0.0007624101575888053,0.0007624101575888053,1,,""
"org.axonframework.common.ProcessUtils","ProcessUtils",0.15271731882962408,0.15251990940137222,19,0,0.0044556411776328795,0.0034262003556609364,0.0021676568805026972,0.0021676568805026972,1,1,""
"org.axonframework.common.BuilderUtils","BuilderUtils",1.496022500172824,0.9133115997499139,500.00757575757575,0,0.12054040703418295,0.09845087882544426,0.02943265171189333,0.02943265171189333,32,3,""
"org.axonframework.extension.tracing.opentelemetry.OpenTelemetrySpanFactory","OpenTelemetrySpanFactory",0.1866607569147843,0.17612548060002625,5.5,0,0.0008298755186721991,0.0008298755186721991,0.0008077253478372972,0.0008077253478372972,1,7,""
"org.axonframework.extension.tracing.opentelemetry.OpenTelemetrySpanFactory$Builder","OpenTelemetrySpanFactory$Builder",0.1868980434524012,0.1813824135601596,6,0,0.0008298755186721991,0.0008298755186721991,0.000808087796838392,0.000808087796838392,1,6,""
"org.axonframework.extension.tracing.opentelemetry.OpenTelemetrySpan","OpenTelemetrySpan",0.1868980434524012,0.1813824135601596,2,0,0.0012448132780082987,0.0011065006915629322,0.000808087796838392,0.000808087796838392,1,2,""
"org.axonframework.extension.tracing.opentelemetry.MetadataContextSetter","MetadataContextSetter",0.1622202523049281,0.1587084935333421,0,0,0.0012448132780082987,0.0011065006915629322,0.0008077253478372972,0.0008077253478372972,1,,""
"org.axonframework.extension.tracing.opentelemetry.MetadataContextGetter","MetadataContextGetter",0.1622202523049281,0.1587084935333421,1,0,0.0012448132780082987,0.0011065006915629322,0.0008077253478372972,0.0008077253478372972,1,2,""
"org.axonframework.eventsourcing.EventSourcingRepository","EventSourcingRepository",0.1557824601867454,0.15370666012653555,348,0,0.004384508990318119,0.003514766902611667,0.0007936722205057571,0.0007936722205057571,1,16,""
"org.axonframework.eventsourcing.EventSourcingRepository$EventSourcedEntity","EventSourcingRepository$EventSourcedEntity",0.1862267486029898,0.1842252082994586,13,0,0.0037423434103932038,0.002984020482034078,0.002945438899364955,0.002945438899364955,1,5,""
"org.axonframework.eventsourcing.eventstore.EventStore","EventStore",0.2735703752811514,0.25472035714657787,370.8095238095238,0,0.014522821576763486,0.010065321884885584,0.014652597570248803,0.014652597570248803,9,5,""
"org.axonframework.eventsourcing.CriteriaResolver","CriteriaResolver",0.39287140326848724,0.24431194149816693,294.91666666666663,0,0.010511756569847855,0.008962655601659751,0.00670200020501761,0.00670200020501761,8,2,""
"org.axonframework.eventsourcing.EventSourcedEntityFactory","EventSourcedEntityFactory",0.36126326326500097,0.23576840375883026,41.5,0,0.011549100968188106,0.009128630705394191,0.008565346558078344,0.008565346558078344,8,2,""
"org.axonframework.eventsourcing.eventstore.SourcingCondition","SourcingCondition",0.32755008717393125,0.2727038663226057,384.6679653679653,0,0.022826516498715668,0.015320778806255984,0.02871164354175854,0.02871164354175854,11,4,""
"org.axonframework.eventsourcing.eventstore.EventStoreTransaction","EventStoreTransaction",0.2973251580234746,0.2575781448227502,305.66666666666663,0,0.013611934400316142,0.00901007705986959,0.02102024613525349,0.02102024613525349,8,5,""
"org.axonframework.eventsourcing.EntityMissingAfterLoadOrCreateException","EntityMissingAfterLoadOrCreateException",0.15249839645537866,0.1523603591930661,0,0,0.0037423434103932038,0.002984020482034078,0.002945438899364955,0.002945438899364955,1,,""
"org.axonframework.eventsourcing.annotation.EventSourcedEntity","EventSourcedEntity",0.1591930736588234,0.15681487327353136,1256.6,0,0.005006915629322269,0.0038106528918621387,0.002497980561959895,0.002497980561959895,2,6,""
"org.axonframework.eventsourcing.annotation.EventTag","EventTag",1.0895643933798385,0.19490836571179596,0,0,0.0023513139695712313,0.0018968583283935979,0.0005801892437730087,0.0005801892437730087,2,1,""
"org.axonframework.eventsourcing.annotation.reflection.EntityCreator","EntityCreator",0.15668752874091332,0.1556756608826283,0,0,0.004448066916946586,0.003191828917969997,0.0033071703888508503,0.0033071703888508503,1,,""
"org.axonframework.eventsourcing.annotation.CriteriaResolverDefinition","CriteriaResolverDefinition",0.20864898372505944,0.1822781084654978,10.316666666666666,0,0.005698478561549101,0.004165649662354568,0.0009380512757831671,0.0009380512757831671,3,2,""
"org.axonframework.eventsourcing.annotation.AnnotationBasedEventCriteriaResolverDefinition","AnnotationBasedEventCriteriaResolverDefinition",0.17255232777855795,0.16245262203264837,51.9,0,0.0038806559968385702,0.0030116450274394325,5.855127553172937e-06,5.855127553172937e-06,1,4,""
"org.axonframework.eventsourcing.annotation.EventTags","EventTags",1.082557798458835,0.18483324570478502,3,0,0.0023513139695712313,0.0018968583283935979,0.0005801892437730087,0.0005801892437730087,2,1,""
"org.axonframework.eventsourcing.annotation.reflection.AnnotationBasedEventSourcedEntityFactory","AnnotationBasedEventSourcedEntityFactory",0.2386530728449482,0.21301311091041011,165.25,0,0.005464335111638017,0.0035664888361983797,0.003775672840579563,0.003775672840579563,3,20,""
"org.axonframework.eventsourcing.annotation.EventSourcedEntityFactoryDefinition","EventSourcedEntityFactoryDefinition",0.1897914920933185,0.1754310489258877,8.733333333333334,0,0.005975103734439834,0.004441370831412325,0.0012062564677455963,0.0012062564677455963,3,2,""
"org.axonframework.eventsourcing.annotation.reflection.AnnotationBasedEventSourcedEntityFactoryDefinition","AnnotationBasedEventSourcedEntityFactoryDefinition",0.17255232777855795,0.16245262203264837,151.08333333333331,0,0.004157281169729304,0.003268432812001277,5.855127553172937e-06,5.855127553172937e-06,1,7,""
"org.axonframework.eventsourcing.annotation.reflection.AnnotationBasedEventSourcedEntityFactory$IdTypeParameterResolver","AnnotationBasedEventSourcedEntityFactory$IdTypeParameterResolver",0.15668752874091332,0.1556756608826283,1,0,0.004033129157610485,0.002937108453339842,0.0033071703888508503,0.0033071703888508503,1,4,""
"org.axonframework.eventsourcing.annotation.reflection.InjectEntityId","InjectEntityId",0.1522291762469711,0.1518918869608761,0,0,0.004448066916946586,0.003191828917969997,0.0033071703888508503,0.0033071703888508503,1,,""
"org.axonframework.eventsourcing.annotation.reflection.AnnotationBasedEventSourcedEntityFactory$ScannedEntityCreator","AnnotationBasedEventSourcedEntityFactory$ScannedEntityCreator",0.19235434869245083,0.18594585225664573,0,0,0.004033129157610485,0.002937108453339842,0.0033071703888508503,0.0033071703888508503,1,8,""
"org.axonframework.eventsourcing.eventstore.TaggedEventMessage","TaggedEventMessage",0.8562608909831193,0.3900472435949645,240.5,0,0.020013831258644536,0.016396734038281357,0.02971782289870322,0.02971782289870322,15,2,""
"org.axonframework.eventsourcing.eventstore.inmemory.InMemoryEventStorageEngine$MapBackedMessageStream","InMemoryEventStorageEngine$MapBackedMessageStream",0.25709741599110125,0.22730400797719258,58.99999999999999,0,0.004011065006915629,0.003319502074688796,0.0056610092277790585,0.0056610092277790585,4,10,""
"org.axonframework.eventsourcing.eventstore.ConsistencyMarker","ConsistencyMarker",2.206663287780543,1.0278111986619312,288.83333333333337,0,0.033469670025686626,0.020572364789058464,0.024265614424357516,0.024265614424357516,24,5,""
"org.axonframework.eventsourcing.eventstore.GlobalIndexConsistencyMarker","GlobalIndexConsistencyMarker",0.21829108917176607,0.20223385935869287,26,0,0.007822564710531513,0.005058288875716261,0.008143726075835226,0.008143726075835226,6,4,""
"org.axonframework.eventsourcing.eventstore.EventStorageEngine","EventStorageEngine",0.21749654379646094,0.20777163991525602,542.6460317460317,0,0.01376210235131397,0.011552740773094563,0.02339613077410784,0.02339613077410784,11,11,""
"org.axonframework.eventsourcing.eventstore.EventStorageEngine$AppendTransaction","EventStorageEngine$AppendTransaction",0.3743524637173928,0.3062635029294865,25.833333333333332,0,0.014757952973720607,0.011788004526593739,0.025738705591972385,0.025738705591972385,12,1,""
"org.axonframework.eventsourcing.eventstore.AppendCondition","AppendCondition",0.5005182499257184,0.36850753883696796,131.38333333333333,0,0.017247579529737204,0.01424125666864256,0.026708431534089475,0.026708431534089475,12,5,""
"org.axonframework.eventsourcing.eventstore.AppendEventsTransactionRejectedException","AppendEventsTransactionRejectedException",0.2149205266152209,0.19840076370836554,27,0,0.008859909108871763,0.006584586082579417,0.004131288840835438,0.004131288840835438,4,2,""
"org.axonframework.eventsourcing.eventstore.GlobalIndexPosition","GlobalIndexPosition",0.18527092980088505,0.17574496862815753,0,0,0.006992689191859315,0.005102851593537566,0.004213602939831057,0.004213602939831057,3,1,""
"org.axonframework.eventsourcing.eventstore.EventCoordinator$1","EventCoordinator$1",0.24921747781250458,0.19818460936748802,34.5,0,0.0035961272475795295,0.0032009484291641967,0.00031686182107417695,0.00031686182107417695,1,3,""
"org.axonframework.eventsourcing.eventstore.inmemory.InMemoryEventStorageEngine$MapBackedSourcingEventMessageStream","InMemoryEventStorageEngine$MapBackedSourcingEventMessageStream",0.16024736731002273,0.15869959156711563,67.91666666666667,0,0.0027662517289073307,0.0024896265560165973,0.003172925518850627,0.003172925518850627,1,11,""
"org.axonframework.eventsourcing.eventstore.inmemory.InMemoryEventStorageEngine","InMemoryEventStorageEngine",0.28531891420875083,0.2582721391047655,267.8777777777778,0,0.004564315352697096,0.004267931238885595,0.004443803090749931,0.004443803090749931,5,22,""
"org.axonframework.eventsourcing.eventstore.inmemory.InMemoryEventStorageEngine$1","InMemoryEventStorageEngine$1",0.16024736731002273,0.15869959156711563,0,0,0.0027662517289073307,0.0024896265560165973,0.003172925518850627,0.003172925518850627,1,9,""
"org.axonframework.eventsourcing.eventstore.inmemory.InMemoryEventStorageEngine$MapBackedStreamingEventMessageStream","InMemoryEventStorageEngine$MapBackedStreamingEventMessageStream",0.16024736731002273,0.15869959156711563,0.8333333333333333,0,0.0027662517289073307,0.0024896265560165973,0.003172925518850627,0.003172925518850627,1,5,""
"org.axonframework.eventsourcing.annotation.AnnotationBasedEventCriteriaResolver$WrappedEventCriteriaBuilderMethod","AnnotationBasedEventCriteriaResolver$WrappedEventCriteriaBuilderMethod",0.22632694997240785,0.20444570831279546,0,0,0.0030787723111374557,0.0021711859500144746,0.0017216841680985197,0.0017216841680985197,1,4,""
"org.axonframework.eventsourcing.annotation.EventSourcingHandler","EventSourcingHandler",0.15000000000000002,0.15000000000000002,0,0,0,0,0,0,,1,""
"org.axonframework.eventsourcing.annotation.EventCriteriaBuilder","EventCriteriaBuilder",0.1569388136338553,0.15494960984661782,0,0,0.0034937100704735555,0.0024141833270463976,0.0017216841680985197,0.0017216841680985197,1,,""
"org.axonframework.eventsourcing.annotation.AnnotationBasedEventCriteriaResolver","AnnotationBasedEventCriteriaResolver",0.25306264384496757,0.20790680917192284,344.08333333333326,0,0.003942896660738985,0.0025933609958506223,0.00038837256576238806,0.00038837256576238806,2,12,""
"org.axonframework.eventsourcing.EntityMissingAfterFirstEventException","EntityMissingAfterFirstEventException",0.17435271551066436,0.16768996271958864,0,0,0.0034588026081802015,0.002666485273110673,0.0014464345835882586,0.0014464345835882586,1,,""
"org.axonframework.eventsourcing.eventstore.EventCoordinator","EventCoordinator",0.27236181362355316,0.22115756070184234,45.916666666666664,0,0.005809128630705394,0.005170762847111395,0.005906881128920882,0.005906881128920882,5,3,""
"org.axonframework.eventsourcing.eventstore.EventCoordinator$Handle","EventCoordinator$Handle",0.4888995470438011,0.30553715330022,73.5,0,0.006500691562932226,0.0055325034578146606,0.0059914247641848165,0.0059914247641848165,6,1,""
"org.axonframework.eventsourcing.eventstore.ConsistencyMarkers$InfinityConsistencyMarker","ConsistencyMarkers$InfinityConsistencyMarker",0.5547797808388113,0.2802819953449653,5,0,0.02084140156754264,0.01566457841781249,0.00023389671376586752,0.00023389671376586752,2,2,""
"org.axonframework.eventsourcing.eventstore.DefaultEventStoreTransaction","DefaultEventStoreTransaction",0.15572452144686302,0.15533629601158408,3.1666666666666665,0,0.0015214384508990318,0.0012448132780082987,0.0032049837792646916,0.0032049837792646916,1,16,""
"org.axonframework.eventsourcing.eventstore.AggregateBasedConsistencyMarker$AggregateSequencer","AggregateBasedConsistencyMarker$AggregateSequencer",0.3096619293939032,0.2518939898965571,1.5,0,0.006085753803596127,0.005186721991701245,0.010049848629320712,0.010049848629320712,5,1,""
"org.axonframework.eventsourcing.eventstore.AggregateBasedConsistencyMarker","AggregateBasedConsistencyMarker",0.6026004084320896,0.39681318081637196,145.69444444444446,0,0.006915629322268327,0.005927682276229994,0.012103459459438748,0.012103459459438748,7,8,""
"org.axonframework.eventsourcing.eventstore.AnnotationBasedTagResolver","AnnotationBasedTagResolver",0.15625909090909093,0.15561538485386014,15.5,0,0.0012448132780082987,0.0011065006915629322,0.0003193286927631649,0.0003193286927631649,1,7,""
"org.axonframework.eventsourcing.eventstore.InterceptingEventStore$InterceptingAppender","InterceptingEventStore$InterceptingAppender",0.17185400220159366,0.1685402902368119,13.990909090909092,0,0.0023513139695712313,0.0018968583283935979,0.005433998982515999,0.005433998982515999,2,7,""
"org.axonframework.eventsourcing.eventstore.ConsistencyMarkers$OriginConsistencyMarker","ConsistencyMarkers$OriginConsistencyMarker",0.5547797808388113,0.2802819953449653,3,0,0.02084140156754264,0.01566457841781249,0.00023389671376586752,0.00023389671376586752,2,2,""
"org.axonframework.eventsourcing.eventstore.StartPosition","StartPosition",3.84865767751738,0.32674552835028703,0,0,0.020080682342093124,0.01631603212734464,6.5688126199814265e-56,6.5688126199814265e-56,1,1,""
"org.axonframework.eventsourcing.eventstore.AggregateSequenceNumberPosition","AggregateSequenceNumberPosition",0.19830512193177335,0.17683236008511616,0,0,0.0056708160442600275,0.0050207468879668055,0.009772405303214783,0.009772405303214783,3,1,""
"org.axonframework.eventsourcing.eventstore.MetadataBasedTagResolver","MetadataBasedTagResolver",0.15000000000000002,0.15000000000000002,0,0,0,0,0,0,,4,""
"org.axonframework.eventsourcing.eventstore.StorageEngineBackedEventStore","StorageEngineBackedEventStore",0.1593886363636364,0.1584230772807902,12.833333333333332,0,0.0012448132780082987,0.0011065006915629322,0.0003193286927631649,0.0003193286927631649,1,19,""
"org.axonframework.eventsourcing.eventstore.NoAppendCondition","NoAppendCondition",0.18545337603640508,0.1687519000660154,15.533333333333331,0,0.010331950207468878,0.009273376435395156,0.00010493743812017979,0.00010493743812017979,1,3,""
"org.axonframework.eventsourcing.eventstore.EventStoreException","EventStoreException",0.2315000538993876,0.1857448854648383,0,0,0.00685437660541395,0.005630386211299075,7.060988795852816e-05,7.060988795852816e-05,1,1,""
"org.axonframework.eventsourcing.eventstore.AggregateBasedEventStorageEngineUtils","AggregateBasedEventStorageEngineUtils",0.16714175798466296,0.16413892093301716,16,0,0.004011065006915629,0.00338865836791148,0.009728018190618845,0.009728018190618845,3,5,""
"org.axonframework.eventsourcing.eventstore.MultiTagResolver","MultiTagResolver",0.15000000000000002,0.15000000000000002,0,0,0,0,0,0,,3,""
"org.axonframework.eventsourcing.eventstore.InterceptingEventStore","InterceptingEventStore",0.17620248591346951,0.1717037020653473,72.06666666666665,0,0.002074688796680498,0.001867219917012448,0.002453351251905128,0.002453351251905128,2,15,""
"org.axonframework.eventsourcing.eventstore.InterceptingEventStore$InterceptingEventStoreTransaction","InterceptingEventStore$InterceptingEventStoreTransaction",0.15641880414900594,0.15586105907186534,7,0,0.0015214384508990318,0.0012448132780082987,0.0032999764233740355,0.0032999764233740355,1,9,""
"org.axonframework.eventsourcing.eventstore.TagResolver","TagResolver",0.2990650132111963,0.25166007351800757,85.83333333333334,0,0.005809128630705394,0.005809128630705394,0.006072815334931751,0.006072815334931751,7,2,""
"org.axonframework.eventsourcing.eventstore.Position","Position",4.351715297037296,0.6969991666025416,81,0,0.030703418296779292,0.021379628304796422,0.006961668287759299,0.006961668287759299,13,1,""
"org.axonframework.eventsourcing.eventstore.AnnotationBasedTagResolver$TagResolutionException","AnnotationBasedTagResolver$TagResolutionException",0.17915565964523283,0.17604713400321542,0,0,0.0015214384508990318,0.0012448132780082987,0.0005791877363401797,0.0005791877363401797,1,,""
"org.axonframework.eventsourcing.eventstore.TooManyTagsOnEventMessageException","TooManyTagsOnEventMessageException",0.1649547861428395,0.16177169626950047,30,0,0.0031120331950207467,0.0026556016597510373,0.00013735292062973535,0.00013735292062973535,1,2,""
"org.axonframework.eventsourcing.eventstore.EmptyAppendTransaction","EmptyAppendTransaction",0.156273012795022,0.15532247098438165,20.833333333333332,0,0.006044260027662517,0.004518211157215307,0.01254179264761166,0.01254179264761166,3,2,""
"org.axonframework.eventsourcing.eventstore.DefaultAppendCondition","DefaultAppendCondition",0.2918135041456202,0.22500760026406147,0,0,0.010331950207468878,0.009273376435395156,0.00010493743812017979,0.00010493743812017979,1,3,""
"org.axonframework.eventsourcing.eventstore.DefaultSourcingCondition","DefaultSourcingCondition",0.21187055471088187,0.18382933431079643,0,0,0.014849173417638148,0.011762015225275263,7.483471806762929e-05,7.483471806762929e-05,1,3,""
"org.axonframework.eventsourcing.eventstore.AbstractConsistencyMarker","AbstractConsistencyMarker",0.22307134296159062,0.19364246703402,0,0,0.00986267536060067,0.007745504840940526,0.000247584879178665,0.000247584879178665,2,1,""
"org.axonframework.eventsourcing.eventstore.ContinuousMessageStream","ContinuousMessageStream",0.1530244499641294,0.15252624402900522,0,0,0.0023513139695712313,0.002074688796680498,0.005076044706178531,0.005076044706178531,1,5,""
"org.axonframework.eventsourcing.eventstore.GenericTaggedEventMessage","GenericTaggedEventMessage",0.15381634763124202,0.15355753067438938,2,0,0.0015214384508990318,0.0012448132780082987,0.0032049837792646916,0.0032049837792646916,1,4,""
"org.axonframework.eventsourcing.eventstore.StreamSpliterator","StreamSpliterator",0.1515122249820647,0.15126312201450265,0,0,0.0023513139695712313,0.002074688796680498,0.005076044706178531,0.005076044706178531,1,1,""
"org.axonframework.eventsourcing.eventstore.ConsistencyMarkers","ConsistencyMarkers",0.15000000000000002,0.15000000000000002,0,0,0,0,0,0,,2,""
"org.axonframework.eventsourcing.eventstore.jpa.SQLErrorCodesResolver","SQLErrorCodesResolver",0.16342105263157897,0.16075768706055202,5,0,0.0008298755186721991,0.0008298755186721991,7.406753753595582e-05,7.406753753595582e-05,1,4,""
"org.axonframework.eventsourcing.eventstore.jpa.SQLStateResolver","SQLStateResolver",0.15000000000000002,0.15000000000000002,0,0,0,0,0,0,,2,""
"org.axonframework.eventsourcing.eventstore.jpa.AggregateBasedJpaEventStorageEngine$1","AggregateBasedJpaEventStorageEngine$1",0.15226833747309707,0.15189468302175393,0,0,0.0019363762102351315,0.0016597510373443983,0.005076044706178531,0.005076044706178531,1,2,""
"org.axonframework.eventsourcing.eventstore.jpa.AggregateBasedJpaEventStorageEngine","AggregateBasedJpaEventStorageEngine",0.22683379387801847,0.1929634203044864,380.8206349206349,8.19,0.002904564315352697,0.0026556016597510373,0.0005510555674726989,0.0005510555674726989,3,52,""
"org.axonframework.eventsourcing.eventstore.jpa.JpaPollingEventCoordinator","JpaPollingEventCoordinator",0.19950853672670313,0.17395389575328285,7,0,0.002074688796680498,0.001867219917012448,0.00041301907637527816,0.00041301907637527816,2,5,""
"org.axonframework.eventsourcing.eventstore.jpa.JpaPollingEventCoordinator$1","JpaPollingEventCoordinator$1",0.19624969398892508,0.17824648220768424,0,0,0.0015214384508990318,0.0012448132780082987,0.00032847820070455486,0.00032847820070455486,1,3,""
"org.axonframework.eventsourcing.eventstore.jpa.AggregateBasedJpaEventStorageEngine$2","AggregateBasedJpaEventStorageEngine$2",0.15226833747309707,0.15189468302175393,12,0,0.0019363762102351315,0.0016597510373443983,0.005076044706178531,0.005076044706178531,1,6,""
"org.axonframework.eventsourcing.eventstore.jpa.AggregateEventEntry","AggregateEventEntry",0.285611250580209,0.24219476080571023,2,0,0.004011065006915629,0.00338865836791148,0.00517401157238208,0.00517401157238208,3,1,""
"org.axonframework.eventsourcing.eventstore.jpa.AggregateBasedJpaEventStorageEngine$AggregateSource","AggregateBasedJpaEventStorageEngine$AggregateSource",0.15604889992825874,0.1550524880580104,0,0,0.0023513139695712313,0.002074688796680498,0.005076044706178531,0.005076044706178531,1,3,""
"org.axonframework.eventsourcing.eventstore.jpa.AggregateBasedJpaEventStorageEngine$TokenAndEvent","AggregateBasedJpaEventStorageEngine$TokenAndEvent",0.15831723740135575,0.15694717107976433,5.5,0,0.0023513139695712313,0.002074688796680498,0.005076044706178531,0.005076044706178531,1,2,""
"org.axonframework.eventsourcing.eventstore.jpa.GapAwareTrackingTokenOperations","GapAwareTrackingTokenOperations",0.15453667494619405,0.15378936604350785,2.5,0,0.0023513139695712313,0.002074688796680498,0.005076044706178531,0.005076044706178531,1,4,""
"org.axonframework.eventsourcing.eventstore.jpa.AggregateBasedJpaEventStorageEngineConfiguration","AggregateBasedJpaEventStorageEngineConfiguration",0.19344193252330696,0.1864085492497182,2,0,0.002904564315352697,0.0025933609958506223,0.005426710474562344,0.005426710474562344,2,4,""
"org.axonframework.eventsourcing.configuration.EventSourcedEntityModule$EntityFactoryPhase","EventSourcedEntityModule$EntityFactoryPhase",0.30335057796662923,0.21039788987719377,185.9166666666667,0,0.006085753803596127,0.005284996724175585,0.001588068266087259,0.001588068266087259,4,3,""
"org.axonframework.eventsourcing.configuration.EventSourcedEntityModule$MessagingModelPhase","EventSourcedEntityModule$MessagingModelPhase",0.20654428728873434,0.18014744028908264,84,0,0.005463347164591978,0.004564315352697096,0.0015826828308978177,0.0015826828308978177,3,2,""
"org.axonframework.eventsourcing.configuration.AnnotatedEventSourcedEntityModule","AnnotatedEventSourcedEntityModule",0.19625330705205268,0.1727102533087199,1104,0,0.0036929460580912856,0.0031379668049792532,1.2714216530684805e-05,1.2714216530684805e-05,1,25,""
"org.axonframework.eventsourcing.configuration.SimpleEventSourcedEntityModule$1","SimpleEventSourcedEntityModule$1",0.15867369028011813,0.15555999018980327,21,0,0.003969571230982019,0.0031379668049792532,0.0007936722205057571,0.0007936722205057571,1,3,""
"org.axonframework.eventsourcing.configuration.SimpleEventSourcedEntityModule$2","SimpleEventSourcedEntityModule$2",0.15867369028011813,0.15555999018980327,10.375,0,0.003969571230982019,0.0031379668049792532,0.0007936722205057571,0.0007936722205057571,1,3,""
"org.axonframework.eventsourcing.configuration.SimpleEventSourcedEntityModule$4","SimpleEventSourcedEntityModule$4",0.15867369028011813,0.15555999018980327,3.5,0,0.003969571230982019,0.0031379668049792532,0.0007936722205057571,0.0007936722205057571,1,3,""
"org.axonframework.eventsourcing.configuration.SimpleEventSourcedEntityModule$5","SimpleEventSourcedEntityModule$5",0.15867369028011813,0.15555999018980327,18.5,0,0.003969571230982019,0.0031379668049792532,0.0007936722205057571,0.0007936722205057571,1,3,""
"org.axonframework.eventsourcing.configuration.EventSourcingConfigurationDefaults","EventSourcingConfigurationDefaults",0.15463636363636366,0.15427107203866508,38.416666666666664,0,0.0008298755186721991,0.0008298755186721991,0.0002630907472577402,0.0002630907472577402,1,13,""
"org.axonframework.eventsourcing.eventstore.PayloadBasedTagResolver","PayloadBasedTagResolver",0.15000000000000002,0.15000000000000002,0,0,0,0,0,0,,3,""
"org.axonframework.eventsourcing.configuration.SimpleEventSourcedEntityModule","SimpleEventSourcedEntityModule",0.4659983434572505,0.30896977186279423,1637.2083333333333,5.829999999999998,0.006459197786998617,0.004564315352697096,0.00045092072534885325,0.00045092072534885325,6,32,""
"org.axonframework.eventsourcing.configuration.EventSourcedEntityModule","EventSourcedEntityModule",0.2720783372890976,0.19643009074324588,1343,0,0.005463347164591978,0.004564315352697096,0.0016777259935205095,0.0016777259935205095,3,7,""
"org.axonframework.eventsourcing.configuration.EventSourcedEntityModule$EntityIdResolverPhase","EventSourcedEntityModule$EntityIdResolverPhase",0.3202828012581817,0.2120010210609101,662.3750000000002,0,0.006085753803596127,0.005284996724175585,0.0016621457775539412,0.0016621457775539412,4,4,""
"org.axonframework.eventsourcing.configuration.EventSourcedEntityModule$CriteriaResolverPhase","EventSourcedEntityModule$CriteriaResolverPhase",0.3152328542646821,0.21173907423210295,506.9166666666666,0,0.006224066390041493,0.005578607653296451,0.0016653677988482734,0.0016653677988482734,4,3,""
"org.axonframework.eventsourcing.configuration.SimpleEventSourcedEntityModule$3","SimpleEventSourcedEntityModule$3",0.15867369028011813,0.15555999018980327,12,0,0.003969571230982019,0.0031379668049792532,0.0007936722205057571,0.0007936722205057571,1,3,""
"org.axonframework.eventsourcing.configuration.EventSourcingConfigurer","EventSourcingConfigurer",0.15000000000000002,0.15000000000000002,0,0,0,0,0,0,,15,""
"org.axonframework.conversion.converter.BlobToInputStreamConverter","BlobToInputStreamConverter",0.15000000000000002,0.15000000000000002,0,0,0,0,0,0,,2,""
"org.axonframework.conversion.jackson2.Jackson2Converter","Jackson2Converter",0.1570496238374994,0.1549259440945783,37.46666666666667,0,0.002627939142461964,0.0022981168209383978,0.00030496577063400033,0.00030496577063400033,1,9,""
"org.axonframework.conversion.jackson2.JsonNodeToByteArrayConverter","JsonNodeToByteArrayConverter",0.15889947820854744,0.15758915722686762,1.45,0,0.0024896265560165973,0.002033195020746888,0.0008005860158258064,0.0008005860158258064,1,2,""
"org.axonframework.conversion.jackson2.ByteArrayToJsonNodeConverter","ByteArrayToJsonNodeConverter",0.15889947820854744,0.15758915722686762,1.45,0,0.0024896265560165973,0.002033195020746888,0.0008005860158258064,0.0008005860158258064,1,2,""
"org.axonframework.conversion.jackson2.JsonNodeToObjectNodeConverter","JsonNodeToObjectNodeConverter",0.15889947820854744,0.15758915722686762,1.45,0,0.0024896265560165973,0.002033195020746888,0.0008005860158258064,0.0008005860158258064,1,2,""
"org.axonframework.conversion.jackson2.ObjectNodeToJsonNodeConverter","ObjectNodeToJsonNodeConverter",0.15889947820854744,0.15758915722686762,1.45,0,0.0024896265560165973,0.002033195020746888,0.0008005860158258064,0.0008005860158258064,1,1,""
"org.axonframework.conversion.PassThroughConverter","PassThroughConverter",0.15000000000000002,0.15000000000000002,0,0,0,0,0,0,,2,""
"org.axonframework.conversion.avro.DefaultSchemaIncompatibilityChecker","DefaultSchemaIncompatibilityChecker",0.16420199054415258,0.16138444000844845,14,0,0.002904564315352697,0.0024141833270463976,5.96627274164045e-06,5.96627274164045e-06,1,2,""
"org.axonframework.conversion.ChainedConverter$RouteCalculator","ChainedConverter$RouteCalculator",0.17328193992721172,0.1689334247571406,2,0,0.004538628729500099,0.0036534763687885844,8.063652720092836e-05,8.063652720092836e-05,1,2,""
"org.axonframework.conversion.ChainedConverter$Route","ChainedConverter$Route",0.26565455423749545,0.2400951647615279,2,0,0.005368504248172298,0.003999400089986502,8.220817631799236e-05,8.220817631799236e-05,2,2,""
"org.axonframework.conversion.jackson.JsonNodeToByteArrayConverter","JsonNodeToByteArrayConverter",0.16010593995213931,0.15839697989577198,2.25,0,0.004550484094052558,0.0038106528918621387,0.0008005860158258064,0.0008005860158258064,1,2,""
"org.axonframework.conversion.jackson.ObjectNodeToJsonNodeConverter","ObjectNodeToJsonNodeConverter",0.16010593995213931,0.15839697989577198,2.25,0,0.004550484094052558,0.0038106528918621387,0.0008005860158258064,0.0008005860158258064,1,1,""
"org.axonframework.conversion.jackson.JsonNodeToObjectNodeConverter","JsonNodeToObjectNodeConverter",0.16010593995213931,0.15839697989577198,2.25,0,0.004550484094052558,0.0038106528918621387,0.0008005860158258064,0.0008005860158258064,1,2,""
"org.axonframework.conversion.jackson.ByteArrayToJsonNodeConverter","ByteArrayToJsonNodeConverter",0.16010593995213931,0.15839697989577198,2.25,0,0.004550484094052558,0.0038106528918621387,0.0008005860158258064,0.0008005860158258064,1,2,""
"org.axonframework.conversion.jackson.JacksonConverter","JacksonConverter",0.17834013445591923,0.17141683778050945,105.8095238095238,0,0.005947441217150761,0.004783988284110325,0.00217188362074176,0.00217188362074176,3,9,""
"org.axonframework.conversion.ChainingContentTypeConverter","ChainingContentTypeConverter",0.34202049248863126,0.309253516654607,55,0,0.007178423236514523,0.00532964499769479,0.002711037998249484,0.002711037998249484,4,5,""
"org.axonframework.conversion.converter.ByteArrayToStringConverter","ByteArrayToStringConverter",0.15000000000000002,0.15000000000000002,0,0,0,0,0,0,,1,""
"org.axonframework.conversion.converter.ByteArrayToInputStreamConverter","ByteArrayToInputStreamConverter",0.15000000000000002,0.15000000000000002,0,0,0,0,0,0,,1,""
"org.axonframework.conversion.converter.StringToByteArrayConverter","StringToByteArrayConverter",0.15000000000000002,0.15000000000000002,0,0,0,0,0,0,,1,""
"org.axonframework.conversion.converter.InputStreamToByteArrayConverter","InputStreamToByteArrayConverter",0.15000000000000002,0.15000000000000002,0,0,0,0,0,0,,2,""
"org.axonframework.conversion.avro.SchemaIncompatibilityChecker","SchemaIncompatibilityChecker",0.27638580654001327,0.22826207361695205,0,0,0.004564315352697096,0.0034578146611341635,0.0004684396411172422,0.0004684396411172422,3,1,""
"org.axonframework.conversion.ConversionException","ConversionException",1.654097856329134,0.815588264391853,98.33333333333333,0,0.05983007310808141,0.045738177441322726,0.010031998162469455,0.010031998162469455,20,1,""
"org.axonframework.conversion.CachingSupplier","CachingSupplier",0.1650654850439211,0.16152736553578506,0,0,0.01821675558190081,0.01570034765055512,0.0020438712454458824,0.0020438712454458824,1,,""
"org.axonframework.conversion.ChainedConverter","ChainedConverter",0.18488609023384042,0.17654850638700376,43,0,0.005269709543568465,0.004267931238885595,0.00048667569888672665,0.00048667569888672665,1,5,""
"org.axonframework.conversion.ContentTypeConverter","ContentTypeConverter",1.760383452872461,0.827195719493346,0,0,0.020207468879668046,0.013278008298755186,0.0008282732464931188,0.0008282732464931188,19,,""
"org.axonframework.conversion.Converter","Converter",10.722356401285492,4.536010027941137,751.3888888888891,0,0.25648686030428763,0.22858665027406386,0.04706246835826636,0.04706246835826636,40,1,""
"org.axonframework.conversion.avro.AvroUtil","AvroUtil",0.5688591666826305,0.3229332272399669,9,0,0.006210235131396957,0.004124969489870636,0.0005025693649601102,0.0005025693649601102,5,1,""
"org.axonframework.conversion.avro.ByteArrayToGenericRecordConverter","ByteArrayToGenericRecordConverter",0.1538693383515424,0.15357340215572682,9.2,0,0.0024896265560165973,0.002033195020746888,0.0008049001959638711,0.0008049001959638711,1,3,""
"org.axonframework.conversion.avro.AvroConverter","AvroConverter",0.1570496238374994,0.1549259440945783,42.11666666666667,0,0.002627939142461964,0.0022981168209383978,0.00030496577063400033,0.00030496577063400033,1,10,""
"org.axonframework.conversion.avro.SpecificRecordBaseConverterStrategy","SpecificRecordBaseConverterStrategy",0.1538693383515424,0.15357340215572682,22.25,0,0.0024896265560165973,0.002033195020746888,0.0008049001959638711,0.0008049001959638711,1,7,""
"org.axonframework.conversion.avro.GenericRecordToByteArrayConverter","GenericRecordToByteArrayConverter",0.15000000000000002,0.15000000000000002,0,0,0,0,0,0,,3,""
"org.axonframework.conversion.avro.AvroConverterConfiguration","AvroConverterConfiguration",0.18379046586550327,0.17882932907622828,16,0,0.0034578146611341635,0.002904564315352697,0.0011098659665978714,0.0011098659665978714,2,4,""
"org.axonframework.conversion.avro.AvroConverterStrategyConfiguration","AvroConverterStrategyConfiguration",0.35594782605376496,0.2659771650564876,0,0,0.004979253112033195,0.0036081544290095615,0.0014053216507689625,0.0014053216507689625,4,,""
"org.axonframework.conversion.avro.AvroConverterStrategy","AvroConverterStrategy",0.2335323120877511,0.22099046592602312,10.333333333333334,0,0.005117565698478562,0.004201244813278008,0.0015766294774736487,0.0015766294774736487,4,2,""
"org.axonframework.messaging.monitoring.MessageMonitor$MonitorCallback","MessageMonitor$MonitorCallback",1.2770845056107667,0.7272100388736441,164.75,0,0.030989922940130407,0.023900414937759334,0.0286863352478274,0.0286863352478274,21,1,""
"org.axonframework.messaging.commandhandling.CommandResultMessage","CommandResultMessage",2.40910987490657,0.8002788151507025,638.0333333333332,0,0.08208852005532503,0.06717153861898294,0.08214342980877155,0.08214342980877155,37,4,""
"org.axonframework.messaging.core.Message","Message",18.990384377853417,8.97834292859985,9922.418001443004,0,0.3410650069156293,0.27559687697935653,0.4272149637463411,0.4272149637463411,229,6,""
"org.axonframework.messaging.core.MessageHandlerInterceptor","MessageHandlerInterceptor",0.7126901390926405,0.5522163134063152,1034.1880841380842,0,0.03624580122505434,0.027512913879244642,0.08709003069608136,0.08709003069608136,34,4,""
"org.axonframework.messaging.eventhandling.EventMessage","EventMessage",5.253871730923539,2.815568491713461,1760.294841269841,0,0.17460580912863072,0.14049174538712808,0.2837481927063358,0.2837481927063358,133,3,""
"org.axonframework.messaging.core.unitofwork.ProcessingLifecycle$ErrorHandler","ProcessingLifecycle$ErrorHandler",0.4240715902619319,0.2917616937646654,485.2833333333332,0,0.17036850424817232,0.15280028178936242,0.031212280045844924,0.031212280045844924,14,2,""
"org.axonframework.messaging.core.unitofwork.ProcessingLifecycle$Phase","ProcessingLifecycle$Phase",1.489675577915425,0.5908489123266837,0,0,0.17244319304485284,0.15359271813453332,0.0322742629373151,0.0322742629373151,17,,""
"org.axonframework.messaging.monitoring.MessageMonitor","MessageMonitor",0.7454078858145025,0.5422973259915619,244,0,0.033341236909701644,0.02584908560012295,0.04343415436968476,0.04343415436968476,26,2,""
"org.axonframework.messaging.monitoring.interception.MonitoringEventHandlerInterceptor","MonitoringEventHandlerInterceptor",0.1508198341493415,0.15080726253080087,4.247252747252747,0,0.0024896265560165973,0.002033195020746888,0.001792850312571804,0.001792850312571804,1,10,""
"org.axonframework.messaging.commandhandling.CommandBus","CommandBus",0.44518465912322774,0.38198886669356524,343.0761904761905,0,0.03266943291839557,0.025781059311691484,0.04130205849427557,0.04130205849427557,21,5,""
"org.axonframework.messaging.commandhandling.distributed.CommandBusConnector","CommandBusConnector",0.28702331382107243,0.26092726254264464,41.03333333333333,0,0.007123098201936377,0.005690574985180793,0.00948851550974785,0.00948851550974785,6,7,""
"org.axonframework.messaging.core.QualifiedName","QualifiedName",4.09358743202052,2.1155104769107025,4806.0143366437505,0,0.2196976882039122,0.18027527067305374,0.14279792570264763,0.14279792570264763,69,3,""
"org.axonframework.messaging.commandhandling.CommandHandler","CommandHandler",0.8018157817879229,0.5454982294295053,881.2476190476191,0,0.04452282157676349,0.0341828403158881,0.048892708774599884,0.048892708774599884,23,5,""
"org.axonframework.messaging.commandhandling.CommandHandlerRegistry","CommandHandlerRegistry",0.2636291220336271,0.21549426081447018,300.00000000000006,0,0.02516696305078047,0.020303409515027772,0.0262304762825038,0.0262304762825038,9,3,""
"org.axonframework.messaging.commandhandling.distributed.CommandBusConnector$ResultCallback","CommandBusConnector$ResultCallback",0.49684699597153065,0.336539399104039,3.033333333333333,0,0.008118948824343015,0.006024281542953742,0.006746634390701772,0.006746634390701772,7,1,""
"org.axonframework.messaging.commandhandling.distributed.PayloadConvertingCommandBusConnector","PayloadConvertingCommandBusConnector",0.19405538622535412,0.18279158787404845,73.8,0,0.002558782849239281,0.001886080724254998,0.0007765563799539345,0.0007765563799539345,2,10,""
"org.axonframework.messaging.core.unitofwork.ProcessingContext","ProcessingContext",16.836430298013383,7.180607352629666,6810.24422799423,0,0.3624896265560166,0.2893929286190794,0.516866532838946,0.516866532838946,227,5,""
"org.axonframework.messaging.core.MessageHandlerInterceptorChain","MessageHandlerInterceptorChain",0.5217289943345139,0.39042618396073214,305.33333333333326,0,0.029599881446354476,0.0218495992724379,0.05945180405628993,0.05945180405628993,19,3,""
"org.axonframework.messaging.core.MessageStream","MessageStream",5.476201486692346,3.419016665191458,10120.975559734383,0,0.18908713692946058,0.14680265249932137,0.34681208852823336,0.34681208852823336,134,21,""
"org.axonframework.messaging.queryhandling.QueryMessage","QueryMessage",1.5651570132968353,1.0421247036033547,291.3,0,0.0632088520055325,0.04843869498006672,0.09410776040549906,0.09410776040549906,45,3,""
"org.axonframework.messaging.core.MessageDispatchInterceptor","MessageDispatchInterceptor",0.6744316602231871,0.5100035969340728,1032.080835830836,0,0.028769017980636243,0.02576001354898806,0.072013216158227,0.072013216158227,31,4,""
"org.axonframework.messaging.queryhandling.SubscriptionQueryUpdateMessage","SubscriptionQueryUpdateMessage",0.925047183884058,0.5157273849268552,240.47500000000002,0,0.042365145228215766,0.0328813357422224,0.043004249638616536,0.043004249638616536,24,5,""
"org.axonframework.messaging.core.MessageDispatchInterceptorChain","MessageDispatchInterceptorChain",0.39183560146968155,0.28030745245374555,92,0,0.019087136929460582,0.016392602837969367,0.027590594391613304,0.027590594391613304,9,3,""
"org.axonframework.messaging.commandhandling.CommandMessage","CommandMessage",3.460000514631643,1.7988330577836935,755.0607142857143,0,0.11164591977869986,0.08638969714708769,0.144604694272396,0.144604694272396,74,3,""
"org.axonframework.messaging.commandhandling.distributed.DistributedCommandBusConfiguration","DistributedCommandBusConfiguration",0.1970632211194004,0.190472010093327,17,0,0.0037344398340248964,0.003319502074688796,0.003192190589707554,0.003192190589707554,3,3,""
"org.axonframework.messaging.commandhandling.distributed.DistributedCommandBus","DistributedCommandBus",0.19664867149788237,0.19140352885042156,63.5,0,0.0016597510373443983,0.0016597510373443983,0.0011309793840077855,0.0011309793840077855,2,14,""
"org.axonframework.messaging.commandhandling.distributed.DistributedCommandBus$DistributedHandler","DistributedCommandBus$DistributedHandler",0.16567044100998757,0.16329770633717272,6,0,0.0012448132780082987,0.0011065006915629322,0.002298592498091028,0.002298592498091028,1,7,""
"org.axonframework.messaging.commandhandling.distributed.DelegatingCommandBusConnector","DelegatingCommandBusConnector",0.16268823303645463,0.16012069765479423,30,0,0.0023098201936376213,0.0017573834513058336,0.0017972243969573947,0.0017972243969573947,1,7,""
"org.axonframework.messaging.commandhandling.distributed.PayloadConvertingCommandBusConnector$ConvertingResultMessageCallback","PayloadConvertingCommandBusConnector$ConvertingResultMessageCallback",0.16903234955468197,0.1651810464821913,0,0,0.0018948824343015213,0.0013831258644536651,0.0017972243969573947,0.0017972243969573947,1,3,""
"org.axonframework.messaging.commandhandling.distributed.DistributedCommandBusConfigurationEnhancer","DistributedCommandBusConfigurationEnhancer",0.15000000000000002,0.15000000000000002,0,0,0,0,0,0,,12,""
"org.axonframework.messaging.monitoring.interception.MonitoringQueryHandlerInterceptor","MonitoringQueryHandlerInterceptor",0.1508198341493415,0.15080726253080087,4.247252747252747,0,0.0024896265560165973,0.002033195020746888,0.001792850312571804,0.001792850312571804,1,10,""
"org.axonframework.messaging.monitoring.interception.MonitoringSubscriptionQueryUpdateDispatchInterceptor","MonitoringSubscriptionQueryUpdateDispatchInterceptor",0.1508198341493415,0.15080726253080087,4.413919413919414,0,0.0024896265560165973,0.002033195020746888,0.001792850312571804,0.001792850312571804,1,10,""
"org.axonframework.messaging.monitoring.interception.MonitoringCommandHandlerInterceptor","MonitoringCommandHandlerInterceptor",0.1508198341493415,0.15080726253080087,4.247252747252747,0,0.0024896265560165973,0.002033195020746888,0.001792850312571804,0.001792850312571804,1,10,""
"org.axonframework.messaging.monitoring.interception.MonitoringEventDispatchInterceptor","MonitoringEventDispatchInterceptor",0.1508198341493415,0.15080726253080087,4.413919413919414,0,0.0024896265560165973,0.002033195020746888,0.001792850312571804,0.001792850312571804,1,10,""
"org.axonframework.messaging.monitoring.MultiMessageMonitor$1","MultiMessageMonitor$1",0.1796975224819283,0.17145973099439224,0,0,0.0051313969571230985,0.004267931238885595,0.0009251454182291545,0.0009251454182291545,1,2,""
"org.axonframework.messaging.monitoring.configuration.DefaultMessageMonitorRegistry","DefaultMessageMonitorRegistry",0.29331434171500687,0.22575018067799557,312.0317460317461,0,0.007468879668049793,0.0053941908713692945,0.0051618235612189475,0.0051618235612189475,7,26,""
"org.axonframework.messaging.monitoring.configuration.DefaultMessageMonitorRegistry$GenericMonitorDefinition","DefaultMessageMonitorRegistry$GenericMonitorDefinition",0.15566629978313085,0.15421101726397682,6,0,0.004550484094052559,0.003690762175147412,0.0029807442974015717,0.0029807442974015717,1,6,""
"org.axonframework.messaging.monitoring.configuration.DefaultMessageMonitorRegistry$1","DefaultMessageMonitorRegistry$1",0.15566629978313085,0.15421101726397682,9.5,0,0.004550484094052559,0.003690762175147412,0.0029807442974015717,0.0029807442974015717,1,4,""
"org.axonframework.messaging.monitoring.configuration.DefaultMessageMonitorRegistry$2","DefaultMessageMonitorRegistry$2",0.15566629978313085,0.15421101726397682,7.166666666666667,0,0.004550484094052559,0.003690762175147412,0.0029807442974015717,0.0029807442974015717,1,4,""
"org.axonframework.messaging.monitoring.configuration.DefaultMessageMonitorRegistry$3","DefaultMessageMonitorRegistry$3",0.15566629978313085,0.15421101726397682,7.166666666666667,0,0.004550484094052559,0.003690762175147412,0.0029807442974015717,0.0029807442974015717,1,4,""
"org.axonframework.messaging.monitoring.configuration.DefaultMessageMonitorRegistry$4","DefaultMessageMonitorRegistry$4",0.15566629978313085,0.15421101726397682,7.166666666666667,0,0.004550484094052559,0.003690762175147412,0.0029807442974015717,0.0029807442974015717,1,4,""
"org.axonframework.messaging.monitoring.configuration.DefaultMessageMonitorRegistry$5","DefaultMessageMonitorRegistry$5",0.15566629978313085,0.15421101726397682,19.333333333333332,0,0.004550484094052559,0.003690762175147412,0.0029807442974015717,0.0029807442974015717,1,4,""
"org.axonframework.messaging.commandhandling.distributed.CommandBusConnector$Handler","CommandBusConnector$Handler",0.27439108163699993,0.23886513281226224,3,0,0.007289073305670816,0.0053941908713692945,0.010420671980922787,0.010420671980922787,6,2,""
"org.axonframework.messaging.monitoring.configuration.MessageMonitorRegistry","MessageMonitorRegistry",0.2671419687775599,0.24570634404137356,76.25,0,0.014662122110254888,0.0112485107431905,0.011635206258536542,0.011635206258536542,5,11,""
"org.axonframework.messaging.monitoring.NoOpMessageMonitor","NoOpMessageMonitor",0.1764979658268082,0.17113685601853698,77.58333333333333,0,0.013970559178028056,0.010924034471752313,0.00864232739276167,0.00864232739276167,4,4,""
"org.axonframework.messaging.monitoring.NoOpMessageMonitorCallback","NoOpMessageMonitorCallback",0.1832217364609829,0.16970333385096711,4,0,0.011227359546861621,0.009157247102589784,0.002226830495020188,0.002226830495020188,2,1,""
"org.axonframework.messaging.monitoring.MultiMessageMonitor","MultiMessageMonitor",0.1863374396951218,0.1742360504652235,76.03333333333333,0,0.007455048409405257,0.00584521017499549,0.004843270613984519,0.004843270613984519,3,5,""
"org.axonframework.messaging.monitoring.configuration.MessageMonitorFactory","MessageMonitorFactory",0.21080657782926704,0.19884087135789077,3,0,0.012472172824869919,0.009510636896529012,0.0084209429842495,0.0084209429842495,3,3,""
"org.axonframework.messaging.core.conversion.MessageConverter","MessageConverter",0.5190531939699685,0.4213937050999033,68,0,0.03980636237897649,0.029025067727444193,0.04376627056490554,0.04376627056490554,23,2,""
"org.axonframework.messaging.core.ResultMessage","ResultMessage",1.0495860147673597,0.5230586588729668,28.75,0,0.08074096028452879,0.07155418915142003,0.008112105178589894,0.008112105178589894,7,3,""
"org.axonframework.messaging.core.MessageHandler","MessageHandler",0.44438123494307236,0.2662538766045068,0,0,0.04947144833036949,0.04241004227914709,0.007164868373722212,0.007164868373722212,4,,""
"org.axonframework.messaging.core.MessageStream$Single","MessageStream$Single",2.2719656109955766,1.337703615387262,1339.5607142857148,0,0.14243430152143843,0.11964655791293982,0.12089593741480302,0.12089593741480302,45,8,""
"org.axonframework.messaging.core.annotation.ParameterResolver","ParameterResolver",2.3292934498302205,0.8886790150203377,530.0333333333333,0,0.06545741948231573,0.046344817940230314,0.04971339429327104,0.04971339429327104,47,1,""
"org.axonframework.messaging.commandhandling.gateway.CommandDispatcher","CommandDispatcher",0.2821640811240325,0.22195760471201298,80.5,0,0.002904564315352697,0.0026556016597510373,0.003185583767295321,0.003185583767295321,3,7,""
"org.axonframework.messaging.core.annotation.MessageHandler","MessageHandler",0.5690587270733654,0.2673798378723834,181.75,0,0.007883817427385892,0.007029533805223334,0.004337260463100957,0.004337260463100957,7,2,""
"org.axonframework.messaging.core.annotation.HandlerEnhancerDefinition","HandlerEnhancerDefinition",0.6686047117989908,0.44548688706821354,440.1111111111111,0,0.027547256800368833,0.01815044574996919,0.004221951438148478,0.004221951438148478,13,1,""
"org.axonframework.messaging.core.annotation.MessageHandlingMember","MessageHandlingMember",2.581151257456593,1.4234426456027778,1184.6777777777775,0,0.05288480537443193,0.036829207162549775,0.06489433300648263,0.06489433300648263,38,4,""
"org.axonframework.messaging.core.configuration.reflection.ParameterResolverFactoryUtils","ParameterResolverFactoryUtils",0.2695168741362171,0.21305170238989762,69.25,0,0.00760719225449516,0.006289582878357719,0.00583559492488585,0.00583559492488585,7,5,""
"org.axonframework.messaging.core.annotation.ParameterResolverFactory","ParameterResolverFactory",1.3650641984613574,0.8860708739153107,275.58333333333337,0,0.06257261410788384,0.04907756144270667,0.0491675480278115,0.0491675480278115,41,1,""
"org.axonframework.messaging.core.annotation.WrappedMessageHandlingMember","WrappedMessageHandlingMember",0.4170948436232586,0.3446421753497313,56,0,0.014372653625765657,0.008962655601659751,0.019319015332456904,0.019319015332456904,9,4,""
"org.axonframework.messaging.core.annotation.Message","Message",0.583775978944648,0.25597095570877637,193,0,0.01480702101034051,0.010973713744427169,0.0010056838316666076,0.0010056838316666076,5,2,""
"org.axonframework.messaging.commandhandling.CommandHandlingComponent","CommandHandlingComponent",0.30868065891578134,0.2593112688024199,283.08333333333337,0,0.024827109266943287,0.020130643769771167,0.01509563289644038,0.01509563289644038,8,3,""
"org.axonframework.messaging.core.annotation.AnnotatedHandlerInspector","AnnotatedHandlerInspector",0.21455539997464923,0.20023414892450497,1378.5476190476184,0,0.01982809721398933,0.015835461219278646,0.021604677111916895,0.021604677111916895,5,16,""
"org.axonframework.messaging.core.MessageTypeResolver","MessageTypeResolver",0.9572217905937337,0.6620094934235713,787.2,0,0.06499407231772376,0.04954684428914611,0.061259948396932204,0.061259948396932204,31,4,""
"org.axonframework.messaging.core.annotation.HandlerDefinition","HandlerDefinition",0.4576657074070616,0.3559146687024557,962.3714285714284,0,0.02828591187512349,0.02118604388330077,0.020287188227741643,0.020287188227741643,11,3,""
"org.axonframework.messaging.commandhandling.GenericCommandResultMessage","GenericCommandResultMessage",0.18111198724014915,0.17442327864582105,438.91666666666674,0,0.019553447935190676,0.015022955682122967,0.013474497371109657,0.013474497371109657,4,8,""
"org.axonframework.messaging.core.interception.annotation.MessageHandlerInterceptorMemberChain","MessageHandlerInterceptorMemberChain",0.22409122245092664,0.20955475894969217,328.83333333333337,0,0.019254099980241062,0.014694868940390649,0.023945332062308047,0.023945332062308047,7,10,""
"org.axonframework.messaging.core.MessageType","MessageType",2.158659814855591,1.2650910275681129,4213.667697988287,0,0.2427385892116183,0.21128037937166566,0.13403367795654858,0.13403367795654858,56,3,""
"org.axonframework.messaging.core.MessageStream$Entry","MessageStream$Entry",3.6931330785976977,2.351765141282059,254.1234126984127,0,0.14337482710926697,0.11535098424606793,0.11727730179716797,0.11727730179716797,57,3,""
"org.axonframework.messaging.core.DefaultMessageDispatchInterceptorChain","DefaultMessageDispatchInterceptorChain",0.33928493145479627,0.3000402561552173,29.25,0,0.009944674965421852,0.00669432918395574,0.015387234204246052,0.015387234204246052,7,8,""
"org.axonframework.messaging.core.MessageStream$Empty","MessageStream$Empty",1.1656543618584319,0.8038205328536242,707.2733580145343,0,0.1403734439834025,0.11477576902086817,0.1523062658484197,0.1523062658484197,49,5,""
"org.axonframework.messaging.core.sequencing.SequencingPolicy","SequencingPolicy",0.6902280661180064,0.5045528928465266,180,0,0.020041493775933613,0.013720007216308859,0.0371176562373204,0.0371176562373204,17,2,""
"org.axonframework.messaging.core.DelayedMessageStream","DelayedMessageStream",0.30393725408512473,0.2343471221593073,428.6916666666666,0,0.08648290851610353,0.07787194527053236,0.01795959558174579,0.01795959558174579,8,7,""
"org.axonframework.messaging.commandhandling.NoHandlerForCommandException","NoHandlerForCommandException",0.18805042858745033,0.1784552787926234,259.5,0,0.029385496937364166,0.024800087933829793,0.018193036173953705,0.018193036173953705,6,2,""
"org.axonframework.messaging.commandhandling.annotation.CommandDispatcherParameterResolverFactory$1","CommandDispatcherParameterResolverFactory$1",0.22463991577960163,0.189573927825196,0,0,0.0012448132780082987,0.0011065006915629322,0.00048299090498824177,0.00048299090498824177,1,4,""
"org.axonframework.messaging.commandhandling.annotation.CommandDispatcherParameterResolverFactory","CommandDispatcherParameterResolverFactory",0.2341645390458187,0.19715554753388445,24,0,0.0016597510373443983,0.0016597510373443983,0.0012855778706622708,0.0012855778706622708,2,5,""
"org.axonframework.messaging.commandhandling.annotation.MethodCommandHandlerDefinition","MethodCommandHandlerDefinition",0.15000000000000002,0.15000000000000002,0,0,0,0,0,0,,3,""
"org.axonframework.messaging.commandhandling.annotation.CommandDispatcherParameterResolverFactoryConfigurationEnhancer","CommandDispatcherParameterResolverFactoryConfigurationEnhancer",0.15000000000000002,0.15000000000000002,0,0,0,0,0,0,,6,""
"org.axonframework.messaging.commandhandling.annotation.AnnotationRoutingStrategy","AnnotationRoutingStrategy",0.31406537866516604,0.20065711810776254,58,0,0.0033195020746887966,0.0025291444378581305,0.0018351218715280367,0.0018351218715280367,2,7,""
"org.axonframework.messaging.commandhandling.SimpleCommandHandlingComponent","SimpleCommandHandlingComponent",0.17511826835048344,0.1717035025526103,21,0,0.004135546334716459,0.0031379668049792532,0.005293067760106513,0.005293067760106513,2,15,""
"org.axonframework.messaging.commandhandling.interception.InterceptingCommandBus$InterceptingDispatcher","InterceptingCommandBus$InterceptingDispatcher",0.1656337626412853,0.16402352365080178,2,0,0.0024757952973720604,0.0018968583283935979,0.003949992361256645,0.003949992361256645,1,8,""
"org.axonframework.messaging.commandhandling.interception.CommandMessageHandlerInterceptorChain","CommandMessageHandlerInterceptorChain",0.18612618457727637,0.17733498055625008,10,0,0.0025034578146611343,0.0018167545138499496,0.0023297047038121146,0.0023297047038121146,1,11,""
"org.axonframework.messaging.commandhandling.interception.InterceptingCommandBus$InterceptingHandler","InterceptingCommandBus$InterceptingHandler",0.15938025758477117,0.1584141141904811,16,0,0.0024757952973720604,0.0018968583283935979,0.003949992361256645,0.003949992361256645,1,8,""
"org.axonframework.messaging.commandhandling.interception.InterceptingCommandBus","InterceptingCommandBus",0.1508198341493415,0.15080726253080087,48.96886446886447,0,0.0024896265560165973,0.002033195020746888,0.001792850312571804,0.001792850312571804,1,15,""
"org.axonframework.messaging.commandhandling.annotation.CommandHandler","CommandHandler",0.17550000000000002,0.16313893873365806,9.916666666666666,0,0.0008298755186721991,0.0008298755186721991,6.160319704775658e-05,6.160319704775658e-05,1,2,""
"org.axonframework.messaging.commandhandling.annotation.Command","Command",0.1592053622296218,0.15506048563741856,51.666666666666664,0,0.0028907330567081602,0.002240663900414938,0.0003709360237204633,0.0003709360237204633,1,2,""
"org.axonframework.messaging.commandhandling.annotation.MethodCommandHandlerDefinition$MethodCommandHandlingMember","MethodCommandHandlerDefinition$MethodCommandHandlingMember",0.19781250000000003,0.18010867436851383,37,0,0.0008298755186721991,0.0008298755186721991,0.00011951301485840944,0.00011951301485840944,1,7,""
"org.axonframework.messaging.commandhandling.annotation.AnnotatedCommandHandlingComponent","AnnotatedCommandHandlingComponent",0.16814684952671025,0.16097663163820694,287.58333333333337,0,0.003443983402489627,0.0027662517289073303,0.0009037449883067081,0.0009037449883067081,1,22,""
"org.axonframework.messaging.commandhandling.interception.CommandSequencingInterceptor","CommandSequencingInterceptor",0.1508198341493415,0.15080726253080087,10.385531135531135,0,0.0024896265560165973,0.002033195020746888,0.001792850312571804,0.001792850312571804,1,9,""
"org.axonframework.messaging.commandhandling.annotation.AnnotationRoutingStrategy$RoutingKeyResolver","AnnotationRoutingStrategy$RoutingKeyResolver",0.28808043344432704,0.22590728456127776,0,0,0.0024757952973720604,0.0018968583283935979,0.0003709360237204633,0.0003709360237204633,1,2,""
"org.axonframework.messaging.commandhandling.interception.CommandMessageHandlerInterceptorChain$InterceptingHandler","CommandMessageHandlerInterceptorChain$InterceptingHandler",0.17063571787593465,0.16632271006552793,2,0,0.0025469274846868207,0.0017656925929195727,0.0035990530770606544,0.0035990530770606544,1,9,""
"org.axonframework.messaging.commandhandling.CommandDispatchException","CommandDispatchException",0.31289637466713666,0.21868209579946649,2,0,0.006391029440821972,0.00498868351565447,0.00025980384488296857,0.00025980384488296857,2,1,""
"org.axonframework.messaging.commandhandling.DuplicateCommandHandlerSubscriptionException","DuplicateCommandHandlerSubscriptionException",0.17836779835114802,0.17483952765100494,22.034313725490193,0,0.01636534281762498,0.013687946807978803,0.006922703454561099,0.006922703454561099,3,2,""
"org.axonframework.messaging.commandhandling.annotation.CommandHandlingMember","CommandHandlingMember",0.1971935677649916,0.18398779398112333,57.33333333333333,0,0.014821181584667062,0.011730265000127282,0.01088024953301379,0.01088024953301379,3,2,""
"org.axonframework.messaging.commandhandling.RoutingStrategy","RoutingStrategy",0.2171242899518083,0.19052238105086292,58,0,0.006224066390041493,0.0045962336418767956,0.005384212901549218,0.005384212901549218,5,1,""
"org.axonframework.messaging.commandhandling.UnresolvedRoutingKeyPolicy","UnresolvedRoutingKeyPolicy",0.15000000000000002,0.15000000000000002,0,0,0,0,0,0,,3,""
"org.axonframework.messaging.core.GenericMessage","GenericMessage",0.4487356059735655,0.4017509880944339,1029.5833333333335,0,0.046861292234736215,0.03730242020117216,0.018599121223730027,0.018599121223730027,12,9,""
"org.axonframework.messaging.core.MessageDecorator","MessageDecorator",0.22526567220040195,0.21159067718249852,10,0,0.03596555357966147,0.029573745756318368,0.007450389552490756,0.007450389552490756,5,4,""
"org.axonframework.messaging.tracing.Span","Span",1.3251086351866286,0.8682183563444391,45.5,0,0.02074688796680498,0.018862846248738366,0.019274059676583626,0.019274059676583626,21,2,""
"org.axonframework.messaging.tracing.SpanFactory","SpanFactory",0.7681247024666992,0.545002445724182,171.25,0,0.013692946058091286,0.013324112494236975,0.010367477205440769,0.010367477205440769,16,3,""
"org.axonframework.messaging.core.annotation.ClasspathHandlerDefinition","ClasspathHandlerDefinition",0.1908995464033843,0.1736144169794203,295,0,0.0195722189290654,0.01524291535641851,0.008351346118209466,0.008351346118209466,5,2,""
"org.axonframework.messaging.eventhandling.EventHandlingComponent","EventHandlingComponent",0.6495571798871369,0.49727095386586107,540.1676767676768,0,0.021798063623789762,0.01585250848736326,0.04410307576617554,0.04410307576617554,17,5,""
"org.axonframework.messaging.eventhandling.EventHandlerRegistry","EventHandlerRegistry",0.1567801314992389,0.15620157201470813,2.333333333333333,0,0.0038608970559178032,0.002987551867219917,0.004112632673396747,0.004112632673396747,1,3,""
"org.axonframework.messaging.eventhandling.EventHandler","EventHandler",0.3740798152796217,0.2901684552816274,204,0,0.016218138707765267,0.012454565923638587,0.017656967403829125,0.017656967403829125,6,5,""
"org.axonframework.messaging.core.Context$ResourceKey","Context$ResourceKey",21.535011791887158,7.4038749731333,0,0,0.2898063623789766,0.25968251964812555,0.08973180707600188,0.08973180707600188,49,,""
"org.axonframework.messaging.core.Metadata","Metadata",8.208688129171758,1.2429894737866005,656,0,0.22554633471645927,0.1954254979592668,0.055024015503580284,0.055024015503580284,40,1,""
"org.axonframework.messaging.core.unitofwork.UnitOfWorkFactory","UnitOfWorkFactory",0.41113060828535325,0.35437294949630427,121.25,0,0.03107883817427386,0.025338264477719648,0.05253606077230393,0.05253606077230393,25,2,""
"org.axonframework.messaging.core.unitofwork.UnitOfWork","UnitOfWork",0.438162345912288,0.33393755744165216,308.01666666666665,0,0.02727524204702628,0.02139893301719028,0.03743574390324362,0.03743574390324362,17,10,""
"org.axonframework.messaging.core.HandlerExecutionException","HandlerExecutionException",0.5202780433392583,0.2989848970664725,2,0,0.014433906342620035,0.011751250132992871,7.085450231995215e-05,7.085450231995215e-05,3,1,""
"org.axonframework.messaging.core.retry.RetryScheduler$Dispatcher","RetryScheduler$Dispatcher",0.21920332011381097,0.19498217774907228,39.33333333333333,0,0.002904564315352697,0.0026556016597510373,0.008625975804417551,0.008625975804417551,3,3,""
"org.axonframework.messaging.core.retry.RetryScheduler","RetryScheduler",0.16712443764609786,0.1651496447895831,71.16666666666666,0,0.002074688796680498,0.001867219917012448,0.006382779274729014,0.006382779274729014,2,4,""
"org.axonframework.messaging.core.GenericResultMessage","GenericResultMessage",0.2046856558190479,0.1969424596732461,59,0,0.020888823025752484,0.016854984572826897,0.004069554338163884,0.004069554338163884,3,8,""
"org.axonframework.messaging.commandhandling.tracing.TracingCommandBus$TracingHandler","TracingCommandBus$TracingHandler",0.1647336644542358,0.16236171550814313,1,0,0.0008298755186721991,0.0008298755186721991,0.0021622664676734377,0.0021622664676734377,1,8,""
"org.axonframework.messaging.commandhandling.tracing.TracingCommandBus","TracingCommandBus",0.17333726597719123,0.16823566430802517,16.666666666666664,0,0.0008298755186721991,0.0008298755186721991,0.0016211018987724159,0.0016211018987724159,1,11,""
"org.axonframework.messaging.commandhandling.tracing.DefaultCommandBusSpanFactory","DefaultCommandBusSpanFactory",0.22531453040713853,0.191636476636257,5,0,0.0008298755186721991,0.0008298755186721991,6.882073361722821e-05,6.882073361722821e-05,1,6,""
"org.axonframework.messaging.commandhandling.tracing.DefaultCommandBusSpanFactory$Builder","DefaultCommandBusSpanFactory$Builder",0.20674585920222274,0.19110297223666503,4,0,0.0008298755186721991,0.0008298755186721991,0.001048376626707024,0.001048376626707024,1,3,""
"org.axonframework.messaging.commandhandling.configuration.SimpleCommandHandlingModule","SimpleCommandHandlingModule",0.19188821273940448,0.17427424565039049,145.41666666666666,0,0.0034578146611341635,0.002922605087497745,2.733095914643702e-05,2.733095914643702e-05,1,16,""
"org.axonframework.messaging.eventhandling.SimpleEventHandlingComponent","SimpleEventHandlingComponent",0.17016807919290514,0.16708734708054662,102,0,0.00416518474609761,0.0033310281235592438,0.004559984430992624,0.004559984430992624,1,17,""
"org.axonframework.messaging.commandhandling.gateway.ContextAwareCommandDispatcher","ContextAwareCommandDispatcher",0.20329765837433608,0.18323891662641856,1,0,0.0019363762102351315,0.0016597510373443983,0.0013079195789777217,0.0013079195789777217,1,7,""
"org.axonframework.messaging.commandhandling.gateway.ConvertingCommandGateway","ConvertingCommandGateway",0.1508198341493415,0.15080726253080087,14.5,0,0.0024896265560165973,0.002033195020746888,0.001792850312571804,0.001792850312571804,1,7,""
"org.axonframework.messaging.commandhandling.gateway.DefaultCommandGateway","DefaultCommandGateway",0.1508198341493415,0.15080726253080087,28,0,0.0024896265560165973,0.002033195020746888,0.001792850312571804,0.001792850312571804,1,13,""
"org.axonframework.messaging.commandhandling.gateway.FutureCommandResult","FutureCommandResult",0.1558271297117518,0.15526388886125303,2.5,0,0.0024757952973720604,0.0018968583283935979,0.0026071832650271056,0.0026071832650271056,1,2,""
"org.axonframework.messaging.commandhandling.GenericCommandMessage","GenericCommandMessage",0.18586691883690787,0.1813169622437899,159.2,0,0.010110650069156292,0.007754725680036884,0.009446099812691712,0.009446099812691712,4,8,""
"org.axonframework.messaging.commandhandling.SimpleCommandBus","SimpleCommandBus",0.1508198341493415,0.15080726253080087,27.03333333333333,0,0.0024896265560165973,0.002033195020746888,0.001792850312571804,0.001792850312571804,1,15,""
"org.axonframework.messaging.commandhandling.retry.RetryingCommandBus","RetryingCommandBus",0.15000000000000002,0.15000000000000002,0,0,0,0,0,0,,14,""
"org.axonframework.messaging.commandhandling.MetadataRoutingStrategy","MetadataRoutingStrategy",0.15000000000000002,0.15000000000000002,0,0,0,0,0,0,,3,""
"org.axonframework.messaging.commandhandling.tracing.CommandBusSpanFactory","CommandBusSpanFactory",0.18942842848306785,0.18181928547916337,2.5,0,0.002904564315352697,0.0026556016597510373,0.004831744993152877,0.004831744993152877,3,2,""
"org.axonframework.messaging.commandhandling.configuration.CommandHandlingModule","CommandHandlingModule",0.17248096613350813,0.1671207754280066,339.6166666666666,0,0.005532503457814661,0.004481327800829876,0.0051973443695977626,0.0051973443695977626,5,5,""
"org.axonframework.messaging.commandhandling.configuration.CommandHandlingModule$CommandHandlerPhase","CommandHandlingModule$CommandHandlerPhase",0.3522624673002694,0.24344872768070422,493.2,0,0.004426002766251729,0.003360995850622407,0.0009453873696388525,0.0009453873696388525,3,13,""
"org.axonframework.messaging.commandhandling.configuration.CommandHandlingModule$SetupPhase","CommandHandlingModule$SetupPhase",0.1973250426206204,0.17885303952964796,0,0,0.004011065006915629,0.0032009484291641967,0.000943755466786702,0.000943755466786702,2,1,""
"org.axonframework.messaging.commandhandling.CommandPriorityCalculator","CommandPriorityCalculator",0.1637038447968572,0.16254593404950818,0,0,0.0033195020746887966,0.0025291444378581305,0.004400033577598909,0.004400033577598909,2,1,""
"org.axonframework.messaging.commandhandling.gateway.CommandResult","CommandResult",0.41131062527766493,0.3249511854905819,144.5,0,0.008561549100968189,0.00584961036332355,0.009835248539719003,0.009835248539719003,7,3,""
"org.axonframework.messaging.commandhandling.gateway.CommandGateway","CommandGateway",0.2733178656002606,0.23841440183134094,2,0,0.006915629322268325,0.005246954892250033,0.008908309569892624,0.008908309569892624,5,4,""
"org.axonframework.messaging.commandhandling.gateway.ConvertingCommandGateway$ConvertingCommandResult","ConvertingCommandGateway$ConvertingCommandResult",0.17262297417503633,0.16771834040363423,0,0,0.0024757952973720604,0.0018968583283935979,0.0014834969399509488,0.0014834969399509488,1,3,""
"org.axonframework.messaging.commandhandling.CommandExecutionException","CommandExecutionException",0.24688868368259517,0.20682246659803274,11,0,0.012608180201541195,0.010179360192745283,0.0008268013104365201,0.0008268013104365201,2,1,""
"org.axonframework.messaging.eventhandling.NoHandlerForEventException","NoHandlerForEventException",0.1545200876661593,0.15413438134313875,10,0,0.0038608970559178032,0.002987551867219917,0.004112632673396747,0.004112632673396747,1,1,""
"org.axonframework.messaging.eventhandling.TerminalEventMessage","TerminalEventMessage",0.16381461670201497,0.16137002550491636,175.95000000000002,0,0.00858328393598103,0.006375551603767371,0.012757142159402195,0.012757142159402195,4,4,""
"org.axonframework.messaging.eventhandling.annotation.SequenceNumberParameterResolverFactory","SequenceNumberParameterResolverFactory",0.15000000000000002,0.15000000000000002,0,0,0,0,0,0,,5,""
"org.axonframework.messaging.eventhandling.annotation.SequenceNumberParameterResolverFactory$SequenceNumberParameterResolver","SequenceNumberParameterResolverFactory$SequenceNumberParameterResolver",0.18825000000000003,0.17601336491287434,2,0,0.0008298755186721991,0.0008298755186721991,9.769458283458304e-05,9.769458283458304e-05,1,4,""
"org.axonframework.messaging.eventhandling.annotation.EventAppenderParameterResolverFactory","EventAppenderParameterResolverFactory",0.23662051750712532,0.1976215989122327,32,0,0.0016597510373443983,0.0016597510373443983,0.0012861265143261555,0.0012861265143261555,2,4,""
"org.axonframework.messaging.eventhandling.annotation.EventAppenderParameterResolverFactory$1","EventAppenderParameterResolverFactory$1",0.23619746247656542,0.19305672051864795,0,0,0.0012448132780082987,0.0011065006915629322,0.00017703690230578398,0.00017703690230578398,1,4,""
"org.axonframework.messaging.eventhandling.annotation.TimestampParameterResolverFactory","TimestampParameterResolverFactory",0.15000000000000002,0.15000000000000002,0,0,0,0,0,0,,5,""
"org.axonframework.messaging.eventhandling.annotation.TimestampParameterResolverFactory$TimestampParameterResolver","TimestampParameterResolverFactory$TimestampParameterResolver",0.18825000000000003,0.17601336491287434,14,0,0.0008298755186721991,0.0008298755186721991,9.769458283458304e-05,9.769458283458304e-05,1,5,""
"org.axonframework.messaging.eventhandling.annotation.MethodSequencingPolicyEventHandlerDefinition","MethodSequencingPolicyEventHandlerDefinition",0.15000000000000002,0.15000000000000002,0,0,0,0,0,0,,5,""
"org.axonframework.messaging.eventhandling.annotation.EventAppenderParameterResolverFactoryConfigurationEnhancer","EventAppenderParameterResolverFactoryConfigurationEnhancer",0.15000000000000002,0.15000000000000002,0,0,0,0,0,0,,6,""
"org.axonframework.messaging.eventhandling.annotation.MethodEventHandlerDefinition","MethodEventHandlerDefinition",0.15000000000000002,0.15000000000000002,0,0,0,0,0,0,,4,""
"org.axonframework.messaging.eventhandling.InterceptingEventSink","InterceptingEventSink",0.17415437413346913,0.1698556042183641,18,0,0.003443983402489626,0.0027893038266482255,0.0022910042970973403,0.0022910042970973403,1,11,""
"org.axonframework.messaging.eventhandling.InterceptingEventSink$InterceptingPublisher","InterceptingEventSink$InterceptingPublisher",0.1746718641044979,0.1708012520797194,6,0,0.003195020746887967,0.0024896265560165973,0.00406431868745667,0.00406431868745667,1,7,""
"org.axonframework.messaging.eventhandling.EventSubscribers","EventSubscribers",0.17382863062093268,0.17072734346273255,0,0,0.0029598893499308437,0.0023179281728430393,0.002143827100928781,0.002143827100928781,1,6,""
"org.axonframework.messaging.eventhandling.replay.annotation.ReplayAwareMessageHandlerWrapper","ReplayAwareMessageHandlerWrapper",0.15000000000000002,0.15000000000000002,0,0,0,0,0,0,,6,""
"org.axonframework.messaging.eventhandling.replay.annotation.ReplayParameterResolverFactory","ReplayParameterResolverFactory",0.15000000000000002,0.15000000000000002,0,0,0,0,0,0,,4,""
"org.axonframework.messaging.eventhandling.replay.annotation.ReplayParameterResolverFactory$ReplayParameterResolver","ReplayParameterResolverFactory$ReplayParameterResolver",0.20464285714285718,0.18268119022316687,29,0,0.0008298755186721991,0.0008298755186721991,0.0001753825870772247,0.0001753825870772247,1,7,""
"org.axonframework.messaging.eventhandling.replay.annotation.ReplayContextParameterResolverFactory","ReplayContextParameterResolverFactory",0.15000000000000002,0.15000000000000002,0,0,0,0,0,0,,4,""
"org.axonframework.messaging.eventhandling.replay.annotation.ReplayContextParameterResolverFactory$ReplayContextParameterResolver","ReplayContextParameterResolverFactory$ReplayContextParameterResolver",0.21375000000000002,0.1857343713688125,29,0,0.0008298755186721991,0.0008298755186721991,0.00017127699297030054,0.00017127699297030054,1,7,""
"org.axonframework.messaging.eventhandling.replay.ResetNotSupportedException","ResetNotSupportedException",0.15180306891277595,0.15173076915897768,1,0,0.003969571230982019,0.003189325522740217,0.0044801226913563095,0.0044801226913563095,1,1,""
"org.axonframework.messaging.eventhandling.replay.GenericResetContext","GenericResetContext",0.15000000000000002,0.15000000000000002,0,0,0,0,0,0,,8,""
"org.axonframework.messaging.core.sequencing.HierarchicalSequencingPolicy","HierarchicalSequencingPolicy",0.1545200876661593,0.15413438134313875,0,0,0.0038608970559178032,0.002987551867219917,0.004112632673396747,0.004112632673396747,1,3,""
"org.axonframework.messaging.core.sequencing.SequentialPerAggregatePolicy","SequentialPerAggregatePolicy",0.15226004383307962,0.15206719067156935,22,0,0.0038608970559178032,0.002987551867219917,0.004112632673396747,0.004112632673396747,1,6,""
"org.axonframework.messaging.core.sequencing.SequentialPolicy","SequentialPolicy",0.20880865494419074,0.17295428316847353,19,0,0.0051057103339261015,0.003569357069557846,0.004185387963083441,0.004185387963083441,2,4,""
"org.axonframework.messaging.eventhandling.GenericEventMessage","GenericEventMessage",0.3101718185115762,0.26922489701656754,512.6666666666667,0,0.027407626951195425,0.02090495949417111,0.033393048733382384,0.033393048733382384,13,10,""
"org.axonframework.messaging.core.annotation.AbstractAnnotatedParameterResolverFactory","AbstractAnnotatedParameterResolverFactory",0.2775,0.2367112163762477,65,0,0.004149377593360996,0.004149377593360996,0.0004884729141729152,0.0004884729141729152,5,5,""
"org.axonframework.messaging.eventhandling.gateway.EventAppender","EventAppender",0.2898136913455746,0.22286786898274458,110.5,0,0.002904564315352697,0.0026556016597510373,0.0035023245132662865,0.0035023245132662865,3,7,""
"org.axonframework.messaging.core.LegacyResources","LegacyResources",0.3006983701753541,0.24701517905665807,0,0,0.01184614371336363,0.006846473029045643,0.01735315029983458,0.01735315029983458,7,1,""
"org.axonframework.messaging.core.annotation.SequencingPolicy","SequencingPolicy",0.19958333333333336,0.18931028815602063,3,0,0.0008298755186721991,0.0008298755186721991,0.0006191141138495348,0.0006191141138495348,1,3,""
"org.axonframework.messaging.eventhandling.conversion.EventConverter","EventConverter",0.3303614826936001,0.2755616621820944,68.83333333333334,0,0.0356984785615491,0.028151931056495372,0.03942920106952864,0.03942920106952864,17,2,""
"org.axonframework.messaging.eventhandling.processing.streaming.token.TrackingToken","TrackingToken",3.783420450045959,2.1961924955245604,364.24999999999994,0,0.06683692287426726,0.04333915702118367,0.0816891056769937,0.0816891056769937,56,4,""
"org.axonframework.messaging.eventhandling.processing.streaming.token.ReplayToken","ReplayToken",0.2507562827079612,0.22865724123023773,22.666666666666664,0,0.01243430152143845,0.010263607517695875,0.01133139700196229,0.01133139700196229,5,3,""
"org.axonframework.messaging.core.annotation.HasHandlerAttributes","HasHandlerAttributes",0.9129870482656391,0.28214437280430893,0,0,0.012033195020746889,0.01037344398340249,0.0008452566019273994,0.0008452566019273994,6,,""
"org.axonframework.messaging.core.SubscribableEventSource","SubscribableEventSource",0.35248615828174584,0.22744534012197154,154.68383838383838,0,0.019096028452874923,0.014704356846473029,0.006956879434622385,0.006956879434622385,5,3,""
"org.axonframework.messaging.eventhandling.annotation.SequenceNumber","SequenceNumber",0.17550000000000002,0.16734224327524955,0,0,0.0008298755186721991,0.0008298755186721991,9.769458283458304e-05,9.769458283458304e-05,1,,""
"org.axonframework.messaging.eventhandling.annotation.EventHandler","EventHandler",0.31362500000000004,0.19312466303491616,63.916666666666664,0,0.0024896265560165973,0.0024896265560165973,0.00018174419850409742,0.00018174419850409742,3,2,""
"org.axonframework.messaging.eventhandling.annotation.Timestamp","Timestamp",0.17550000000000002,0.16734224327524955,0,0,0.0008298755186721991,0.0008298755186721991,9.769458283458304e-05,9.769458283458304e-05,1,,""
"org.axonframework.messaging.eventhandling.annotation.Event","Event",0.15000000000000002,0.15000000000000002,0,0,0,0,0,0,,2,""
"org.axonframework.messaging.eventhandling.replay.annotation.AllowReplay","AllowReplay",0.2873076923076924,0.17955458331773322,2,0,0.0016597510373443983,0.0016597510373443983,0.0006343615355016337,0.0006343615355016337,2,1,""
"org.axonframework.messaging.eventhandling.replay.annotation.ReplayContext","ReplayContext",0.17125,0.1619114571229375,0,0,0.0008298755186721991,0.0008298755186721991,0.00017127699297030054,0.00017127699297030054,1,,""
"org.axonframework.messaging.eventhandling.replay.annotation.ResetHandler","ResetHandler",0.15000000000000002,0.15000000000000002,0,0,0,0,0,0,,2,""
"org.axonframework.messaging.eventhandling.replay.annotation.DisallowReplay","DisallowReplay",0.15000000000000002,0.15000000000000002,0,0,0,0,0,0,,1,""
"org.axonframework.messaging.eventhandling.annotation.MethodSequencingPolicyEventHandlerDefinition$SequencingPolicyEventMessageHandlingMember","MethodSequencingPolicyEventHandlerDefinition$SequencingPolicyEventMessageHandlingMember",0.17730042375787158,0.17197347047674427,40,0,0.004995060264769809,0.0036832831239697605,0.005179098544842158,0.005179098544842158,2,6,""
"org.axonframework.messaging.eventhandling.annotation.AnnotatedEventHandlingComponent","AnnotatedEventHandlingComponent",0.1826991059184723,0.16424760649621578,661.1547619047618,0,0.004757952973720609,0.003862693323274236,0.0005944230132050531,0.0005944230132050531,1,22,""
"org.axonframework.messaging.eventhandling.annotation.MethodEventHandlerDefinition$MethodEventMessageHandlingMember","MethodEventHandlerDefinition$MethodEventMessageHandlingMember",0.181875,0.1728987341772152,24.5,0,0.0008298755186721991,0.0008298755186721991,0.00011982727939496906,0.00011982727939496906,1,8,""
"org.axonframework.messaging.eventhandling.replay.annotation.ReplayAwareMessageHandlerWrapper$ReplayBlockingMessageHandlingMember","ReplayAwareMessageHandlerWrapper$ReplayBlockingMessageHandlingMember",0.17942307692307696,0.17160531122664047,34,0,0.0008298755186721991,0.0008298755186721991,0.0006332665172820422,0.0006332665172820422,1,8,""
"org.axonframework.messaging.eventhandling.annotation.EventHandlingMember","EventHandlingMember",0.165925442761658,0.16171864933297805,35,0,0.005409998024105908,0.003994467496542186,0.007158518041680101,0.007158518041680101,2,2,""
"org.axonframework.messaging.core.annotation.UnsupportedHandlerException","UnsupportedHandlerException",0.2554073945687237,0.23392955245930638,12,0,0.0080102746492788,0.005135368308615094,0.008915624002681515,0.008915624002681515,4,1,""
"org.axonframework.messaging.eventhandling.EventSink","EventSink",0.5574859451843287,0.384321407616594,30.816666666666666,0,0.02607291049199763,0.01939968744947998,0.02981877270149314,0.02981877270149314,14,3,""
"org.axonframework.messaging.eventhandling.replay.ResetContext","ResetContext",0.23415000000000002,0.1861879691724883,9,0,0.0016597510373443983,0.0016597510373443983,0.0012563962507663807,0.0012563962507663807,2,3,""
"org.axonframework.messaging.eventhandling.EventBus","EventBus",0.3922659642682515,0.3259221423165281,121.66666666666666,0,0.01678522031219127,0.012366314066974462,0.014060901561334438,0.014060901561334438,8,3,""
"org.axonframework.messaging.eventhandling.replay.ReplayStatus","ReplayStatus",0.24441071428571434,0.2111904160250916,0,0,0.0016597510373443983,0.0016597510373443983,0.002545607608396337,0.002545607608396337,2,,""
"org.axonframework.messaging.eventhandling.processing.EventProcessor","EventProcessor",0.2533230776905232,0.23002051305107005,9.399999999999999,0,0.013513139695712308,0.010824463287028683,0.010576947168348021,0.010576947168348021,7,1,""
"org.axonframework.messaging.eventhandling.gateway.EventGateway","EventGateway",0.16150290528755307,0.15848125210745553,0,0,0.0033195020746887966,0.0025291444378581305,0.0034734666049044027,0.0034734666049044027,2,1,""
"org.axonframework.messaging.eventhandling.processing.EventProcessingException","EventProcessingException",0.21947704743074942,0.18947299312810714,17,0,0.009488243430152142,0.007657965229266243,0.008742317103835748,0.008742317103835748,3,1,""
"org.axonframework.messaging.eventhandling.processing.streaming.token.GapAwareTrackingToken","GapAwareTrackingToken",0.32149004211198245,0.2638896023537086,12,0,0.004011065006915629,0.00338865836791148,0.005318026725616037,0.005318026725616037,3,3,""
"org.axonframework.messaging.eventhandling.processing.streaming.token.LatestTrackingToken","LatestTrackingToken",0.4715907382539065,0.2769563484555477,0,0,0.038217084897582826,0.03071119751617677,0.00022102774395846633,0.00022102774395846633,1,1,""
"org.axonframework.messaging.eventhandling.processing.streaming.token.annotation.TrackingTokenParameterResolverFactory$TrackingTokenParameterResolver","TrackingTokenParameterResolverFactory$TrackingTokenParameterResolver",0.21375000000000002,0.19014489915801844,1.5,0,0.0008298755186721991,0.0008298755186721991,0.00031223424424995337,0.00031223424424995337,1,5,""
"org.axonframework.messaging.eventhandling.processing.streaming.token.annotation.TrackingTokenParameterResolverFactory","TrackingTokenParameterResolverFactory",0.15000000000000002,0.15000000000000002,0,0,0,0,0,0,,4,""
"org.axonframework.messaging.eventhandling.processing.streaming.token.store.inmemory.InMemoryTokenStore","InMemoryTokenStore",0.1538667525512454,0.1535965657714867,34,0,0.0022130013831258644,0.0017573834513058336,0.0006299784051516753,0.0006299784051516753,1,11,""
"org.axonframework.messaging.eventhandling.interception.InterceptingEventHandlingComponent","InterceptingEventHandlingComponent",0.1553437369356579,0.15475335168515703,134.1,0,0.004273858921161826,0.0032391915406237456,0.0012640511752608442,0.0012640511752608442,2,11,""
"org.axonframework.messaging.eventhandling.interception.EventMessageHandlerInterceptorChain","EventMessageHandlerInterceptorChain",0.17400764924102555,0.1697034774763426,12,0,0.0035546334716459196,0.0027791180160185273,0.003928068765092396,0.003928068765092396,1,10,""
"org.axonframework.messaging.eventhandling.SimpleEventBus","SimpleEventBus",0.16820218864390651,0.1654285609310133,31.166666666666668,0,0.0034578146611341635,0.0026556016597510373,0.0005741781758377664,0.0005741781758377664,2,8,""
"org.axonframework.messaging.eventhandling.DelegatingEventBus","DelegatingEventBus",0.15000000000000002,0.15000000000000002,0,0,0,0,0,0,,6,""
"org.axonframework.messaging.eventhandling.TransactionMethodExecutionException","TransactionMethodExecutionException",0.15000000000000002,0.15000000000000002,0,0,0,0,0,0,,1,""
"org.axonframework.messaging.eventhandling.gateway.EventPublishingUtils","EventPublishingUtils",0.17480466562494543,0.16849835056024873,87.66666666666667,0,0.004481327800829876,0.003420706406234187,0.004019622817741461,0.004019622817741461,2,5,""
"org.axonframework.messaging.eventhandling.gateway.DefaultEventGateway","DefaultEventGateway",0.1508198341493415,0.15080726253080087,12.666666666666666,0,0.0024896265560165973,0.002033195020746888,0.001792850312571804,0.001792850312571804,1,7,""
"org.axonframework.messaging.eventhandling.gateway.ProcessingContextEventAppender","ProcessingContextEventAppender",0.19105693960728976,0.1763987960754714,56.5,0,0.0019363762102351315,0.0016597510373443983,0.0014329985453348949,0.0014329985453348949,1,9,""
"org.axonframework.messaging.eventhandling.conversion.DelegatingEventConverter","DelegatingEventConverter",0.17319845688585186,0.16679598861073708,0,0,0.005117565698478562,0.004249968565321262,0.002097816083205804,0.002097816083205804,2,7,""
"org.axonframework.messaging.eventhandling.processing.streaming.token.WrappedToken","WrappedToken",0.27345465653673595,0.2544132635463981,16,0,0.013374827109266943,0.010269709543568465,0.008469672972950437,0.008469672972950437,6,1,""
"org.axonframework.messaging.eventhandling.processing.streaming.segmenting.Segment","Segment",1.0278231314310098,0.6402562630158763,64.66666666666667,0,0.026085753803596127,0.01815044574996919,0.03322776823875389,0.03322776823875389,23,4,""
"org.axonframework.messaging.eventhandling.processing.streaming.token.store.TokenStore","TokenStore",0.28795244399155695,0.2709874949656741,27.5,0,0.018630705394190872,0.013706331147102128,0.03150157999608203,0.03150157999608203,17,3,""
"org.axonframework.messaging.eventhandling.processing.streaming.token.GlobalSequenceTrackingToken","GlobalSequenceTrackingToken",0.27713516853594405,0.2564046716430712,3.5,0,0.011881051175656984,0.008502822937215155,0.019599685199678394,0.019599685199678394,8,2,""
"org.axonframework.messaging.eventhandling.DelegatingEventHandlingComponent","DelegatingEventHandlingComponent",0.2075379732359488,0.19736168361655476,25.750000000000004,0,0.009143449911084765,0.006551648831622624,0.012739314548701633,0.012739314548701633,4,7,""
"org.axonframework.messaging.core.conversion.DelegatingMessageConverter","DelegatingMessageConverter",0.18082570048918956,0.17302504219979417,30,0,0.005947441217150761,0.004783988284110325,0.0035103455835325897,0.0035103455835325897,3,5,""
"org.axonframework.messaging.eventhandling.processing.streaming.token.store.UnableToClaimTokenException","UnableToClaimTokenException",0.18762131269711413,0.18615506614486824,12,0,0.007302904564315353,0.005013357585403285,0.007792457924579707,0.007792457924579707,4,1,""
"org.axonframework.messaging.eventhandling.processing.streaming.token.store.UnableToInitializeTokenException","UnableToInitializeTokenException",0.15719390445188242,0.15686546949580646,5,0,0.004343015214384509,0.002963841138114997,0.004767389170047844,0.004767389170047844,3,1,""
"org.axonframework.messaging.eventhandling.processing.streaming.token.store.inmemory.InMemoryTokenStore$SegmentAndToken","InMemoryTokenStore$SegmentAndToken",0.17906371118456665,0.17757160928467863,0,0,0.002268326417704011,0.00169432918395574,0.00138828925030017,0.00138828925030017,1,2,""
"org.axonframework.messaging.eventhandling.processing.streaming.token.store.inmemory.InMemoryTokenStore$ProcessAndSegmentId","InMemoryTokenStore$ProcessAndSegmentId",0.17470415450688168,0.17343586789197687,0,0,0.002268326417704011,0.00169432918395574,0.00138828925030017,0.00138828925030017,1,,""
"org.axonframework.messaging.eventhandling.interception.EventMessageHandlerInterceptorChain$InterceptingHandler","EventMessageHandlerInterceptorChain$InterceptingHandler",0.17016906203086327,0.1662052177082037,0,0,0.0032938154514918,0.0025044457617071727,0.003576594453884117,0.003576594453884117,1,8,""
"org.axonframework.messaging.core.unitofwork.transaction.TransactionalExecutorProvider","TransactionalExecutorProvider",0.18760021592362705,0.1755677749222954,74.46111111111111,0,0.006915629322268327,0.0059751037344398334,0.01125533620699964,0.01125533620699964,5,3,""
"org.axonframework.messaging.eventhandling.processing.streaming.token.store.jdbc.Oracle11TokenTableFactory","Oracle11TokenTableFactory",0.15000000000000002,0.15000000000000002,0,0,0,0,0,0,,2,""
"org.axonframework.messaging.eventhandling.processing.streaming.token.store.jdbc.TokenSchema","TokenSchema",3.15246980759492,0.6285358732065709,6,0,0.0053941908713692945,0.00508298755186722,0.001767142879273979,0.001767142879273979,6,1,""
"org.axonframework.messaging.eventhandling.processing.streaming.token.store.jdbc.TokenSchema$Builder","TokenSchema$Builder",2.8293876182505744,0.5423027720852438,0,0,0.00318118948824343,0.002904564315352697,6.5688126199814265e-56,6.5688126199814265e-56,1,1,""
"org.axonframework.messaging.eventhandling.processing.streaming.token.store.jdbc.GenericTokenTableFactory","GenericTokenTableFactory",0.2775,0.1880371057513915,3,0,0.0008298755186721991,0.0008298755186721991,6.5688126199814265e-56,6.5688126199814265e-56,1,2,""
"org.axonframework.messaging.eventhandling.processing.streaming.token.store.jdbc.JdbcTokenStore","JdbcTokenStore",0.15000000000000002,0.15000000000000002,0,0,0,0,0,0,,21,""
"org.axonframework.messaging.eventhandling.processing.streaming.token.store.ConfigToken","ConfigToken",0.15803031387993796,0.1577525922103835,0,0,0.002074688796680498,0.001867219917012448,0.0033790999197476743,0.0033790999197476743,2,1,""
"org.axonframework.messaging.eventhandling.processing.streaming.token.store.jdbc.JdbcTokenEntry","JdbcTokenEntry",0.16936111111111113,0.16902957502875102,1,0,0.0008298755186721991,0.0008298755186721991,0.0016951912322600254,0.0016951912322600254,1,5,""
"org.axonframework.messaging.eventhandling.processing.streaming.token.store.jdbc.PostgresTokenTableFactory","PostgresTokenTableFactory",0.15000000000000002,0.15000000000000002,0,0,0,0,0,0,,1,""
"org.axonframework.messaging.eventhandling.processing.streaming.token.store.jpa.TokenEntry$PK","TokenEntry$PK",0.1699719059553646,0.16779183767247,0,0,0.002074688796680498,0.001867219917012448,0.001984007356337323,0.001984007356337323,2,,""
"org.axonframework.messaging.eventhandling.processing.streaming.token.store.jpa.TokenEntry","TokenEntry",0.18212835660580023,0.1806247545582042,2,0,0.0012448132780082987,0.0011065006915629322,0.001683908687487649,0.001683908687487649,1,6,""
"org.axonframework.messaging.eventhandling.processing.streaming.token.store.jpa.JpaTokenStore","JpaTokenStore",0.16342105263157897,0.16075768706055202,12,0,0.0008298755186721991,0.0008298755186721991,7.406753753595582e-05,7.406753753595582e-05,1,17,""
"org.axonframework.messaging.eventhandling.processing.streaming.token.store.jdbc.TokenTableFactory","TokenTableFactory",0.18169791666666668,0.16859378976590256,8,0,0.002904564315352697,0.0026556016597510373,0.0017071858221467794,0.0017071858221467794,3,1,""
"org.axonframework.messaging.eventhandling.processing.streaming.token.store.jdbc.JdbcTokenStoreConfiguration","JdbcTokenStoreConfiguration",0.1518888888888889,0.15185654390524403,0,0,0.0008298755186721991,0.0008298755186721991,0.0016951912322600254,0.0016951912322600254,1,2,""
"org.axonframework.messaging.eventhandling.processing.streaming.token.store.jpa.JpaTokenStoreConfiguration","JpaTokenStoreConfiguration",0.16720085929108489,0.16436059936151723,0,0,0.0016597510373443983,0.0016597510373443983,0.0017579762250236049,0.0017579762250236049,2,1,""
"org.axonframework.messaging.eventhandling.processing.streaming.token.store.UnableToRetrieveIdentifierException","UnableToRetrieveIdentifierException",0.15377879221864185,0.15365800005572663,3,0,0.002074688796680498,0.001867219917012448,0.0033790999197476743,0.0033790999197476743,2,1,""
"org.axonframework.messaging.eventhandling.processing.streaming.pooled.PooledStreamingEventProcessor","PooledStreamingEventProcessor",0.16439753992709133,0.1625946540412446,616.8896103896104,6.800000000000001,0.004827109266943292,0.0037905125042054506,0.004241650605327877,0.004241650605327877,2,35,""
"org.axonframework.messaging.eventhandling.processing.streaming.pooled.EventSchedulingProcessingContext","EventSchedulingProcessingContext",0.1727293263476947,0.16906047938058077,4.5,0,0.007731673582295989,0.006584586082579417,0.004879616480821447,0.004879616480821447,2,7,""
"org.axonframework.messaging.core.ConfigurationApplicationContext","ConfigurationApplicationContext",0.1560658433543321,0.1552149963504024,0.8095238095238095,0,0.0060857538035961264,0.005334914048606994,0.005264431311935068,0.005264431311935068,2,3,""
"org.axonframework.messaging.core.EmptyApplicationContext","EmptyApplicationContext",0.17808502192100872,0.17095199088822538,10.166666666666666,0,0.011757557794902191,0.009224385572933291,0.006943700871912364,0.006943700871912364,3,2,""
"org.axonframework.messaging.eventstreaming.EventTypeRestrictableEventCriteria","EventTypeRestrictableEventCriteria",0.7321718049264657,0.4190894020822258,551.0333333333332,0,0.031301455575314496,0.02445597049331489,0.004930401295546097,0.004930401295546097,6,4,""
"org.axonframework.messaging.eventhandling.processing.streaming.pooled.Coordinator$NoToken","Coordinator$NoToken",0.15515841841365913,0.15490109875593888,0,0,0.0048705789369689785,0.003475855433279211,0.00519272563503456,0.00519272563503456,2,1,""
"org.axonframework.messaging.eventhandling.processing.streaming.pooled.Coordinator$RunState","Coordinator$RunState",0.19320088202839672,0.19017983037514957,0,0,0.0048705789369689785,0.003475855433279211,0.00519272563503456,0.00519272563503456,2,1,""
"org.axonframework.messaging.eventhandling.processing.streaming.pooled.Coordinator","Coordinator",0.2557477271917624,0.25111344851194883,195.83333333333331,0,0.0056293222683264175,0.004008455335473264,0.008646416333042174,0.008646416333042174,3,23,""
"org.axonframework.messaging.eventhandling.processing.streaming.pooled.WorkPackage","WorkPackage",0.24001799030566756,0.23039969143343875,355.5833333333333,0,0.009778699861687414,0.0063099155816282735,0.016534836073399364,0.016534836073399364,8,22,""
"org.axonframework.messaging.eventhandling.processing.streaming.pooled.CoordinatorTask","CoordinatorTask",0.17700717999178106,0.17361991793801904,0,0,0.007360205492985576,0.004610419548178884,0.009505453013430868,0.009505453013430868,5,,""
"org.axonframework.messaging.eventstreaming.StreamingCondition","StreamingCondition",0.3238694507874697,0.2594518415498101,629.6285714285714,0,0.02818316538233551,0.019972337482710927,0.03467091989563161,0.03467091989563161,13,5,""
"org.axonframework.messaging.eventhandling.processing.streaming.segmenting.TrackerStatus","TrackerStatus",0.24312767552713105,0.23502262623758557,26.5,0,0.009778699861687414,0.006584586082579417,0.017243737611148568,0.017243737611148568,7,6,""
"org.axonframework.messaging.eventhandling.configuration.EventProcessorModule","EventProcessorModule",0.2207697180843617,0.19374484332140718,1018.6129870129871,0,0.006085753803596127,0.0043677658877484165,0.0026433123309763246,0.0026433123309763246,6,7,""
"org.axonframework.messaging.eventhandling.configuration.EventProcessorModule$EventHandlingPhase","EventProcessorModule$EventHandlingPhase",0.21116946186221508,0.1942459880842325,179.75476190476192,0,0.0056708160442600275,0.004149377593360996,0.0024922170079815626,0.0024922170079815626,5,5,""
"org.axonframework.messaging.eventhandling.configuration.EventProcessorModule$CustomizationPhase","EventProcessorModule$CustomizationPhase",0.2256713131713258,0.20014969413418424,9.166666666666666,0,0.006085753803596127,0.0043677658877484165,0.0025248525088943396,0.0025248525088943396,6,3,""
"org.axonframework.messaging.eventhandling.processing.streaming.pooled.PooledStreamingEventProcessorModule$Customization","PooledStreamingEventProcessorModule$Customization",0.17619741079780266,0.17412301902366567,0,0,0.004287690179806362,0.003462584060666762,0.001400048011116289,0.001400048011116289,2,2,""
"org.axonframework.messaging.eventhandling.configuration.EventHandlingComponentsConfigurer$CompletePhase","EventHandlingComponentsConfigurer$CompletePhase",0.36650497078820754,0.26008475828079686,7.5,0,0.009128630705394191,0.006853165573551064,0.003103876846995465,0.003103876846995465,8,3,""
"org.axonframework.messaging.eventhandling.configuration.EventHandlingComponentsConfigurer$RequiredComponentPhase","EventHandlingComponentsConfigurer$RequiredComponentPhase",0.25100287306838914,0.21197619950017751,553.9761904761905,0,0.007607192254495159,0.005609958506224066,0.0030984875205418228,0.0030984875205418228,7,1,""
"org.axonframework.messaging.core.Context","Context",8.231152467039342,3.263625625372985,2039.7333333333336,0,0.2580023710729105,0.23074203595321935,0.03787103807503791,0.03787103807503791,24,4,""
"org.axonframework.messaging.eventstreaming.TrackingTokenSource","TrackingTokenSource",0.25758523818199935,0.2185365121744597,39.5,0,0.017868010274649276,0.013029395801600225,0.013516876675330119,0.013516876675330119,6,2,""
"org.axonframework.messaging.eventhandling.processing.streaming.segmenting.EventTrackerStatus","EventTrackerStatus",0.7326893071154931,0.42631101068984345,62.5,0,0.014439834024896264,0.010373443983402491,0.005707981894144963,0.005707981894144963,8,2,""
"org.axonframework.messaging.eventhandling.configuration.EventProcessorConfiguration","EventProcessorConfiguration",0.5461655534020704,0.42242606211383826,442.87193362193364,0,0.011902786010669826,0.008365680631776201,0.0075357373727072486,0.0075357373727072486,8,19,""
"org.axonframework.messaging.eventstreaming.StreamableEventSource","StreamableEventSource",0.22201417453956654,0.19463040625898648,643.6438672438672,0,0.017968780873345185,0.01319990236758604,0.01602728820405807,0.01602728820405807,7,5,""
"org.axonframework.messaging.eventhandling.processing.streaming.pooled.MaxSegmentProvider","MaxSegmentProvider",0.1843746324036401,0.1797136961589658,0,0,0.007731673582295989,0.0057103339261015615,0.014285654212908136,0.014285654212908136,5,,""
"org.axonframework.messaging.eventstreaming.EventCriteria","EventCriteria",2.3249536927647414,1.1795650591330178,1405.5944444444442,0,0.04601363366923533,0.032131932035012266,0.029346578796237994,0.029346578796237994,28,8,""
"org.axonframework.messaging.eventhandling.processing.errorhandling.ErrorHandler","ErrorHandler",0.2516523591935308,0.22143083728923654,37.87878787878788,0,0.012959889349930842,0.010009575486753911,0.018200806570870923,0.018200806570870923,7,1,""
"org.axonframework.messaging.eventhandling.processing.streaming.pooled.Coordinator$CoordinationTask","Coordinator$CoordinationTask",0.171738550636993,0.17015927521097754,46,0,0.00404070341829678,0.003124237246765926,0.0021676568805026972,0.0021676568805026972,1,22,""
"org.axonframework.messaging.eventhandling.processing.streaming.pooled.Coordinator$Builder","Coordinator$Builder",0.2287259532963383,0.2235348386623596,0,0,0.005214384508990318,0.003934224681112647,0.006647779571859007,0.006647779571859007,2,14,""
"org.axonframework.messaging.eventhandling.processing.streaming.pooled.PooledStreamingEventProcessorModule","PooledStreamingEventProcessorModule",0.21263857465970387,0.19588893906296348,130.5,0,0.004426002766251729,0.0036081544290095615,0.0006711306909881887,0.0006711306909881887,2,26,""
"org.axonframework.messaging.eventhandling.processing.streaming.token.FirstTrackingToken","FirstTrackingToken",0.4715907382539065,0.2769563484555477,0,0,0.038217084897582826,0.03071119751617677,0.00022102774395846633,0.00022102774395846633,1,1,""
"org.axonframework.messaging.eventhandling.processing.streaming.token.MergedTrackingToken","MergedTrackingToken",0.20136040575393396,0.1945748133338941,0,0,0.00722189290654021,0.00535370913875114,0.0017220107873555542,0.0017220107873555542,2,2,""
"org.axonframework.messaging.eventhandling.processing.streaming.pooled.PooledStreamingEventProcessorConfiguration","PooledStreamingEventProcessorConfiguration",0.3610489405177565,0.3155522624837783,951.6228715728715,0,0.006915629322268325,0.0053941908713692945,0.006073848806220348,0.006073848806220348,5,28,""
"org.axonframework.messaging.eventhandling.processing.streaming.StreamingEventProcessor","StreamingEventProcessor",0.26592753827851145,0.2461570626071882,19.166666666666664,0,0.007524204702627939,0.005381986819624115,0.006798892517448336,0.006798892517448336,4,4,""
"org.axonframework.messaging.eventhandling.configuration.EventProcessorCustomization","EventProcessorCustomization",0.19223659513139132,0.18779011759022957,0,0,0.005255878284923928,0.00436586685910157,0.0018627704183749529,0.0018627704183749529,3,2,""
"org.axonframework.messaging.eventhandling.configuration.DefaultEventHandlingComponentsConfigurer","DefaultEventHandlingComponentsConfigurer",0.1553437369356579,0.15475335168515703,5,0,0.004273858921161826,0.0032391915406237456,0.0012640511752608442,0.0012640511752608442,2,7,""
"org.axonframework.messaging.eventhandling.processing.streaming.segmenting.SequenceCachingEventHandlingComponent","SequenceCachingEventHandlingComponent",0.1553437369356579,0.15475335168515703,32.36666666666667,0,0.004273858921161826,0.0032391915406237456,0.0012640511752608442,0.0012640511752608442,2,7,""
"org.axonframework.messaging.eventhandling.processing.ProcessorEventHandlingComponents","ProcessorEventHandlingComponents",0.19102416056622132,0.18601349460521582,86.5,0,0.008492392807745502,0.0064834024896265555,0.010745849590162632,0.010745849590162632,3,12,""
"org.axonframework.messaging.eventhandling.processing.errorhandling.ErrorContext","ErrorContext",0.43789087844285257,0.22606762528172247,75.64545454545454,0,0.011147994467496541,0.008616361866707648,0.010829746149181727,0.010829746149181727,5,2,""
"org.axonframework.messaging.eventhandling.processing.streaming.segmenting.SegmentMatcher","SegmentMatcher",0.16433695153966862,0.1622039366421354,6,0,0.0036257656589606794,0.002829121086382497,0.0020687350220182643,0.0020687350220182643,1,5,""
"org.axonframework.messaging.eventhandling.configuration.EventProcessingConfigurer","EventProcessingConfigurer",0.16609141261652646,0.16493622078307776,645.8722222222223,0,0.0033195020746887966,0.002963841138114997,0.004179892412659077,0.004179892412659077,3,9,""
"org.axonframework.messaging.core.ApplicationContext","ApplicationContext",1.2718150446632726,0.5428302295549536,0,0,0.22032799841928474,0.1979219316197593,0.005535430259635715,0.005535430259635715,7,,""
"org.axonframework.messaging.core.unitofwork.ProcessingLifecycle","ProcessingLifecycle",1.5235031621530764,0.6500335135838059,2507.9396825396825,0,0.21935981031416715,0.19691330004539265,0.008699873683232509,0.008699873683232509,7,5,""
"org.axonframework.messaging.eventhandling.processing.streaming.pooled.MergeTask","MergeTask",0.15543463765924825,0.1550398188027444,16,0,0.0044556411776328795,0.0034262003556609364,0.0021676568805026972,0.0021676568805026972,1,10,""
"org.axonframework.messaging.eventhandling.processing.streaming.pooled.WorkPackage$DefaultProcessingEntry","WorkPackage$DefaultProcessingEntry",0.1562199776284029,0.15580424035391494,0,0,0.006530329974313376,0.0050207468879668055,0.0035181969658629564,0.0035181969658629564,1,4,""
"org.axonframework.messaging.eventhandling.processing.streaming.pooled.SplitTask","SplitTask",0.15543463765924825,0.1550398188027444,1,0,0.0044556411776328795,0.0034262003556609364,0.0021676568805026972,0.0021676568805026972,1,10,""
"org.axonframework.messaging.eventhandling.processing.streaming.pooled.DefaultWorkPackageEventFilter","DefaultWorkPackageEventFilter",0.15180306891277595,0.15173076915897768,17.5,0,0.003969571230982019,0.003189325522740217,0.0044801226913563095,0.0044801226913563095,1,10,""
"org.axonframework.messaging.eventhandling.processing.streaming.pooled.PooledStreamingEventProcessorsConfigurer","PooledStreamingEventProcessorsConfigurer",0.16604291821791478,0.16439263243185398,273.93333333333334,0,0.0022130013831258644,0.001886080724254998,0.0005987192431141086,0.0005987192431141086,1,16,""
"org.axonframework.messaging.eventhandling.processing.streaming.pooled.ClaimTask","ClaimTask",0.15543463765924825,0.1550398188027444,0,0,0.0044556411776328795,0.0034262003556609364,0.0021676568805026972,0.0021676568805026972,1,8,""
"org.axonframework.messaging.eventhandling.processing.streaming.pooled.WorkPackage$BatchProcessingEntry","WorkPackage$BatchProcessingEntry",0.1574639731540835,0.15696508842469792,0,0,0.006530329974313376,0.0050207468879668055,0.0035181969658629564,0.0035181969658629564,1,3,""
"org.axonframework.messaging.eventhandling.processing.streaming.pooled.WorkPackage$Builder","WorkPackage$Builder",0.18715893183375074,0.18503688203720933,56,0,0.007289073305670816,0.005718360995850623,0.007998319657219265,0.007998319657219265,2,12,""
"org.axonframework.messaging.eventhandling.processing.streaming.pooled.WorkPackage$EventFilter","WorkPackage$EventFilter",0.18344898508950028,0.17871678874481686,24,0,0.008948824343015215,0.006651578020872627,0.011475090160695712,0.011475090160695712,4,3,""
"org.axonframework.messaging.eventhandling.processing.streaming.pooled.WorkPackage$BatchProcessor","WorkPackage$BatchProcessor",0.1729894829399999,0.16971544640390449,40.95050505050504,0,0.008118948824343015,0.006179380785189915,0.009406355138677448,0.009406355138677448,3,4,""
"org.axonframework.messaging.eventhandling.processing.streaming.pooled.WorkPackage$ProcessingEntry","WorkPackage$ProcessingEntry",0.2837241744435185,0.24335514761037158,15,0,0.008190081011657776,0.005829369497014471,0.004999514555383482,0.004999514555383482,3,2,""
"org.axonframework.messaging.eventhandling.tracing.EventBusSpanFactory","EventBusSpanFactory",0.16033396018618268,0.15692973607261088,2.75,0,0.0012448132780082987,0.0011065006915629322,0.0012828411807091172,0.0012828411807091172,1,2,""
"org.axonframework.messaging.eventhandling.tracing.DefaultEventBusSpanFactory$Builder","DefaultEventBusSpanFactory$Builder",0.22233772130327834,0.19850815250827566,4,0,0.0008298755186721991,0.0008298755186721991,0.0012828411807091172,0.0012828411807091172,1,3,""
"org.axonframework.messaging.eventhandling.processing.subscribing.SubscribingEventProcessorModule","SubscribingEventProcessorModule",0.21570742589085098,0.19854503532658113,165.54444444444445,0,0.004426002766251729,0.0036081544290095615,0.0005981874275690431,0.0005981874275690431,2,22,""
"org.axonframework.messaging.eventhandling.processing.subscribing.SubscribingEventProcessorConfiguration","SubscribingEventProcessorConfiguration",0.3503654943572309,0.30300368739407585,379.945670995671,0,0.008810511756569845,0.006508827597429013,0.005440593583030854,0.005440593583030854,5,14,""
"org.axonframework.messaging.eventhandling.processing.subscribing.SubscribingEventProcessor","SubscribingEventProcessor",0.19600557185976078,0.18876597009555487,492.5338383838384,0,0.007966804979253112,0.006035458317615994,0.00463571971832507,0.00463571971832507,4,20,""
"org.axonframework.messaging.eventhandling.processing.subscribing.SubscribingEventProcessorsConfigurer","SubscribingEventProcessorsConfigurer",0.16604291821791478,0.16439263243185398,163.43333333333334,0,0.0022130013831258644,0.001886080724254998,0.0005987192431141086,0.0005987192431141086,1,14,""
"org.axonframework.messaging.eventhandling.tracing.DefaultEventBusSpanFactory","DefaultEventBusSpanFactory",0.23099444187809098,0.1932498686312558,20.25,0,0.0008298755186721991,0.0008298755186721991,6.882073361722821e-05,6.882073361722821e-05,1,6,""
"org.axonframework.messaging.eventhandling.processing.streaming.segmenting.AddedTrackerStatus","AddedTrackerStatus",0.15000000000000002,0.15000000000000002,0,0,0,0,0,0,,2,""
"org.axonframework.messaging.eventhandling.processing.streaming.segmenting.WrappedTrackerStatus","WrappedTrackerStatus",0.32000000000000006,0.2161995479496287,0,0,0.0016597510373443983,0.0016597510373443983,1.9774204244820293e-05,1.9774204244820293e-05,2,3,""
"org.axonframework.messaging.eventhandling.processing.streaming.segmenting.RemovedTrackerStatus","RemovedTrackerStatus",0.15000000000000002,0.15000000000000002,0,0,0,0,0,0,,2,""
"org.axonframework.messaging.eventhandling.processing.streaming.segmenting.SequenceCachingEventHandlingComponent$SequenceIdentifiersCache","SequenceCachingEventHandlingComponent$SequenceIdentifiersCache",0.1916974960502022,0.18329575465031028,0,0,0.0035546334716459196,0.0027791180160185273,0.0019443415317344816,0.0019443415317344816,1,,""
"org.axonframework.messaging.eventhandling.processing.streaming.segmenting.SequencingEventHandlingComponent","SequencingEventHandlingComponent",0.15994105110529686,0.15883238439689987,82.83333333333333,0,0.006482908516103538,0.005292413685117044,0.0043655927711174,0.0043655927711174,1,10,""
"org.axonframework.messaging.eventhandling.processing.streaming.segmenting.SequenceOverridingEventHandlingComponent","SequenceOverridingEventHandlingComponent",0.15000000000000002,0.15000000000000002,0,0,0,0,0,0,,9,""
"org.axonframework.messaging.eventhandling.processing.subscribing.SubscribingEventProcessorModule$Customization","SubscribingEventProcessorModule$Customization",0.1815701767527725,0.17875879001028971,0,0,0.004287690179806362,0.003462584060666762,0.0010510167110287603,0.0010510167110287603,2,2,""
"org.axonframework.messaging.eventhandling.processing.streaming.segmenting.EventTrackerStatusChangeListener","EventTrackerStatusChangeListener",0.15000000000000002,0.15000000000000002,0,0,0,0,0,0,,1,""
"org.axonframework.messaging.eventhandling.processing.errorhandling.PropagatingErrorHandler","PropagatingErrorHandler",0.16934336334965666,0.16362561810773577,14.283333333333335,0,0.00788480537443193,0.006374952847981894,0.0020640843910909173,0.0020640843910909173,1,3,""
"org.axonframework.messaging.eventhandling.tracing.TracingEventHandlingComponent","TracingEventHandlingComponent",0.15000000000000002,0.15000000000000002,0,0,0,0,0,0,,9,""
"org.axonframework.messaging.eventhandling.tracing.DefaultEventProcessorSpanFactory","DefaultEventProcessorSpanFactory",0.21061541016842647,0.18695317604401504,9,0,0.0008298755186721991,0.0008298755186721991,6.882073361722821e-05,6.882073361722821e-05,1,7,""
"org.axonframework.messaging.eventhandling.tracing.DefaultEventProcessorSpanFactory$Builder","DefaultEventProcessorSpanFactory$Builder",0.21393680250642244,0.19859046679328637,4,0,0.0008298755186721991,0.0008298755186721991,0.001286468286306955,0.001286468286306955,1,3,""
"org.axonframework.messaging.eventhandling.InterceptingEventBus","InterceptingEventBus",0.17050150326682353,0.16762792150630698,82.83333333333334,0,0.004149377593360996,0.003319502074688797,0.003554825906448637,0.003554825906448637,2,8,""
"org.axonframework.messaging.eventhandling.configuration.EventBusConfigurationDefaults","EventBusConfigurationDefaults",0.1545577452919239,0.15414757026274306,51.5,0,0.0034578146611341635,0.002904564315352697,0.0033122075585380367,0.0033122075585380367,2,7,""
"org.axonframework.messaging.eventstreaming.AnyEvent","AnyEvent",0.3843103156774551,0.2535408662083253,377.81666666666666,0,0.029503391951524734,0.02360361763429856,0.0014066293653964782,0.0014066293653964782,4,6,""
"org.axonframework.messaging.eventstreaming.OrEventCriteria","OrEventCriteria",0.6495117012772846,0.3853387648981436,21,0,0.029503391951524734,0.02360361763429856,0.001356958572045938,0.001356958572045938,4,5,""
"org.axonframework.messaging.eventstreaming.OrEventCriteriaBuilder","OrEventCriteriaBuilder",0.41948326358373333,0.26263829921912035,102,0,0.028258578673516437,0.023415290897854685,0.0003191399396914994,0.0003191399396914994,1,5,""
"org.axonframework.messaging.eventstreaming.EventTypeRestrictableOrEventCriteria","EventTypeRestrictableOrEventCriteria",0.1896178557973347,0.1696654891064859,10,0,0.02112757689521175,0.01845733622136973,9.685299573319285e-05,9.685299573319285e-05,1,4,""
"org.axonframework.messaging.queryhandling.distributed.PayloadConvertingQueryBusConnector","PayloadConvertingQueryBusConnector",0.20584546830099668,0.19251724866569056,134.44166666666666,0,0.0033886583679114805,0.0024896265560165973,0.0016911208357106632,0.0016911208357106632,3,11,""
"org.axonframework.messaging.tracing.SpanScope","SpanScope",1.2771141019095174,0.690943175090941,0,0,0.013416320885200554,0.011855364552459986,0.0033697617768470383,0.0033697617768470383,5,,""
"org.axonframework.messaging.tracing.NoOpSpanFactory$NoOpSpan","NoOpSpanFactory$NoOpSpan",0.20305051839602137,0.19199115454031326,3,0,0.002074688796680498,0.001867219917012448,0.0020939859669344423,0.0020939859669344423,2,2,""
"org.axonframework.messaging.core.interception.DispatchInterceptorRegistry","DispatchInterceptorRegistry",0.2283638703922049,0.21823748979627064,32.83333333333333,0,0.00926694329183956,0.007994467496542186,0.01203249417449583,0.01203249417449583,6,11,""
"org.axonframework.messaging.core.unitofwork.SimpleUnitOfWorkFactory","SimpleUnitOfWorkFactory",0.1895065608486548,0.17805849874627236,5,0,0.008991306065994862,0.007034642478046898,0.0038569347036627216,0.0038569347036627216,2,4,""
"org.axonframework.messaging.core.interception.HandlerInterceptorRegistry","HandlerInterceptorRegistry",0.24522475998750304,0.2296453524523633,58,0,0.014662122110254892,0.010974680328562962,0.014033351394787636,0.014033351394787636,6,10,""
"org.axonframework.messaging.core.configuration.MessagingConfigurer","MessagingConfigurer",0.2293521031693732,0.21887612226610137,1096.5626984126984,5.1200000000000045,0.0033195020746887966,0.002963841138114997,0.000983015250990026,0.000983015250990026,3,34,""
"org.axonframework.messaging.queryhandling.distributed.DelegatingQueryBusConnector","DelegatingQueryBusConnector",0.16206680225749834,0.15971040230974756,35.92222222222223,0,0.0027247579529737207,0.002140205284996724,0.0022699112757457746,0.0022699112757457746,1,8,""
"org.axonframework.messaging.queryhandling.distributed.PayloadConvertingQueryBusConnector$1","PayloadConvertingQueryBusConnector$1",0.21919523070982389,0.20197659648727237,0,0,0.0027247579529737207,0.001867219917012448,0.002367239415848576,0.002367239415848576,2,8,""
"org.axonframework.messaging.queryhandling.distributed.QueryBusConnector$Handler","QueryBusConnector$Handler",0.29364728563898845,0.26184993274538115,92.59999999999997,0,0.008948824343015215,0.006668642560758743,0.015359895165869247,0.015359895165869247,8,5,""
"org.axonframework.messaging.queryhandling.distributed.PayloadConvertingQueryBusConnector$1$1","PayloadConvertingQueryBusConnector$1$1",0.18033547996470073,0.1734460359655762,5.5,0,0.0027247579529737207,0.001867219917012448,0.003241927756498812,0.003241927756498812,2,4,""
"org.axonframework.messaging.queryhandling.distributed.QueryBusConnector","QueryBusConnector",0.26683164490876454,0.24829380387919242,74.77083333333333,0,0.007952973720608577,0.0065062240663900425,0.0115549953212075,0.0115549953212075,6,8,""
"org.axonframework.messaging.eventhandling.tracing.EventProcessorSpanFactory","EventProcessorSpanFactory",0.1563936802506423,0.1548590466793287,5.5,0,0.0012448132780082987,0.0011065006915629322,0.001286468286306955,0.001286468286306955,1,2,""
"org.axonframework.messaging.eventhandling.configuration.EventHandlingComponentsConfigurer$AdditionalComponentPhase","EventHandlingComponentsConfigurer$AdditionalComponentPhase",0.24676870737678533,0.19930500116409047,2,0,0.0056984785615491005,0.004059173732635757,0.0012092103106890499,0.0012092103106890499,3,2,""
"org.axonframework.messaging.eventhandling.configuration.EventHandlingComponentsConfigurer","EventHandlingComponentsConfigurer",0.15000000000000002,0.15000000000000002,0,0,0,0,0,0,,4,""
"org.axonframework.messaging.eventhandling.configuration.EventHandlingComponentsConfigurer$ComponentsPhase","EventHandlingComponentsConfigurer$ComponentsPhase",0.5001040641083316,0.257328368426677,926.9761904761905,0,0.006279391424619641,0.0047877433769549956,1.8245983530785805e-05,1.8245983530785805e-05,3,10,""
"org.axonframework.messaging.eventhandling.configuration.SubscribableEventSourceDefinition","SubscribableEventSourceDefinition",0.15000000000000002,0.15000000000000002,0,0,0,0,0,0,,2,""
"org.axonframework.messaging.eventstreaming.EventCriterion","EventCriterion",0.37297361629419684,0.26564466278227583,83.4,0,0.032062174800764016,0.02438822542269629,0.01233715347569624,0.01233715347569624,8,3,""
"org.axonframework.messaging.eventstreaming.EventsCondition","EventsCondition",0.2825670737031358,0.23049423183834566,580.3692640692641,0,0.026968978462754395,0.020337202584169337,0.006969865046372555,0.006969865046372555,7,3,""
"org.axonframework.messaging.queryhandling.QueryResponseMessage","QueryResponseMessage",0.9228838574279159,0.623973117691144,122.78333333333333,0,0.04786405848646512,0.035725982098853755,0.05511963203361022,0.05511963203361022,29,4,""
"org.axonframework.messaging.eventstreaming.Tag","Tag",2.1004678444645584,0.9725663043681431,202.85086580086582,0,0.04715800566422974,0.033293442641285746,0.02131866056735414,0.02131866056735414,22,3,""
"org.axonframework.messaging.eventstreaming.TagAndTypeFilteredEventCriteria","TagAndTypeFilteredEventCriteria",0.23555024087096152,0.19194232463344987,0,0,0.02195745241388395,0.018613423631275605,0.0007348229634731497,0.0007348229634731497,2,6,""
"org.axonframework.messaging.eventstreaming.TagFilteredEventCriteria","TagFilteredEventCriteria",0.3692733648531569,0.24475768858589944,316.9166666666667,0,0.028673516432852535,0.023477731673582296,0.0004159929354246922,0.0004159929354246922,2,8,""
"org.axonframework.messaging.eventstreaming.StartingFrom","StartingFrom",0.19588150237641783,0.17640496536744055,138.73333333333335,0,0.018458143976816173,0.01521701903444642,0.00020484078197264524,0.00020484078197264524,1,4,""
"org.axonframework.messaging.eventstreaming.DefaultStreamingCondition","DefaultStreamingCondition",0.23750630096392392,0.20001082634038866,0,0,0.018873081736152274,0.015265480878505166,0.00045714480640084756,0.00045714480640084756,2,3,""
"org.axonframework.messaging.queryhandling.distributed.DistributedQueryBusConfiguration","DistributedQueryBusConfiguration",0.19032702506897564,0.1852243753858707,5.333333333333333,0,0.0037344398340248964,0.003319502074688796,0.0038842534822904284,0.0038842534822904284,3,3,""
"org.axonframework.messaging.queryhandling.QueryUpdateEmitter","QueryUpdateEmitter",0.26199757870643686,0.213009713238788,222.66666666666666,0,0.004135546334716459,0.0027662517289073303,0.0044571395250337644,0.0044571395250337644,3,8,""
"org.axonframework.messaging.queryhandling.GenericQueryResponseMessage","GenericQueryResponseMessage",0.15978496739944356,0.15846292854186225,60.47222222222222,0,0.007247579529737205,0.005578607653296451,0.005194301044865952,0.005194301044865952,2,9,""
"org.axonframework.messaging.queryhandling.QueryExecutionException","QueryExecutionException",0.18188389932444707,0.16804198048655555,13,0,0.011404860699466508,0.009136534281762499,0.007946942061613371,0.007946942061613371,3,1,""
"org.axonframework.messaging.queryhandling.interception.InterceptingQueryBus$QueryInterceptingDispatcher","InterceptingQueryBus$QueryInterceptingDispatcher",0.15781688132064267,0.1573921732903796,0,0,0.0024757952973720604,0.0018968583283935979,0.0036293311428118266,0.0036293311428118266,1,6,""
"org.axonframework.messaging.queryhandling.interception.InterceptingQueryBus$SubscriptionQueryInterceptingDispatcher","InterceptingQueryBus$SubscriptionQueryInterceptingDispatcher",0.15781688132064267,0.1573921732903796,7.5,0,0.0024757952973720604,0.0018968583283935979,0.0036293311428118266,0.0036293311428118266,1,7,""
"org.axonframework.messaging.queryhandling.interception.InterceptingQueryBus$SubscribeToUpdatesInterceptingDispatcher","InterceptingQueryBus$SubscribeToUpdatesInterceptingDispatcher",0.15781688132064267,0.1573921732903796,8.5,0,0.0024757952973720604,0.0018968583283935979,0.0036293311428118266,0.0036293311428118266,1,7,""
"org.axonframework.messaging.queryhandling.interception.InterceptingQueryBus$InterceptingResponseUpdateDispatcher","InterceptingQueryBus$InterceptingResponseUpdateDispatcher",0.15781688132064267,0.1573921732903796,0,0,0.0024757952973720604,0.0018968583283935979,0.0036293311428118266,0.0036293311428118266,1,7,""
"org.axonframework.messaging.queryhandling.interception.InterceptingQueryBus$InterceptingHandler","InterceptingQueryBus$InterceptingHandler",0.1546901287923856,0.1544353039742278,16.11111111111111,0,0.0024757952973720604,0.0018968583283935979,0.0036293311428118266,0.0036293311428118266,1,7,""
"org.axonframework.messaging.queryhandling.QueryHandler","QueryHandler",0.5423763313976275,0.37803542010075614,375.20341880341874,0,0.017621023513139693,0.012765163877103828,0.028309233468721835,0.028309233468721835,13,5,""
"org.axonframework.messaging.queryhandling.QueryHandlerRegistry","QueryHandlerRegistry",0.17947343440552302,0.17423416115153836,144.46153846153845,0,0.012932226832641771,0.01092479963621895,0.015295191976406832,0.015295191976406832,5,3,""
"org.axonframework.messaging.queryhandling.QueryHandlingComponent","QueryHandlingComponent",0.27076897693179675,0.24059048571995093,138.98076923076923,0,0.011811894882434304,0.009442139234670355,0.009317801661287187,0.009317801661287187,5,3,""
"org.axonframework.messaging.queryhandling.NoHandlerForQueryException","NoHandlerForQueryException",0.1668988501633589,0.15994302977529867,129.5,0,0.011750642165579922,0.009412939910865222,0.006755532436335035,0.006755532436335035,3,2,""
"org.axonframework.messaging.queryhandling.annotation.Query","Query",0.15000000000000002,0.15000000000000002,0,0,0,0,0,0,,2,""
"org.axonframework.messaging.queryhandling.annotation.QueryHandler","QueryHandler",0.17550000000000002,0.16313893873365806,9.916666666666666,0,0.0008298755186721991,0.0008298755186721991,6.160319704775658e-05,6.160319704775658e-05,1,2,""
"org.axonframework.messaging.queryhandling.annotation.QueryResponse","QueryResponse",0.15000000000000002,0.15000000000000002,0,0,0,0,0,0,,2,""
"org.axonframework.messaging.queryhandling.annotation.AnnotatedQueryHandlingComponent","AnnotatedQueryHandlingComponent",0.16814684952671025,0.16097663163820694,305.8333333333333,0,0.003443983402489627,0.0027662517289073303,0.0008579759048091884,0.0008579759048091884,1,23,""
"org.axonframework.messaging.queryhandling.annotation.MethodQueryHandlerDefinition$MethodQueryHandlingMember","MethodQueryHandlerDefinition$MethodQueryHandlingMember",0.18825000000000003,0.17601336491287434,38.5,0,0.0008298755186721991,0.0008298755186721991,0.00011951301485840944,0.00011951301485840944,1,9,""
"org.axonframework.messaging.queryhandling.annotation.QueryHandlingMember","QueryHandlingMember",0.17589024562204106,0.17245402448403988,33.5,0,0.004384508990318119,0.003187476423990947,0.0062515046737353416,0.0062515046737353416,2,2,""
"org.axonframework.messaging.queryhandling.annotation.MethodQueryHandlerDefinition","MethodQueryHandlerDefinition",0.15000000000000002,0.15000000000000002,0,0,0,0,0,0,,3,""
"org.axonframework.messaging.queryhandling.CompletedEmitterException","CompletedEmitterException",0.15000000000000002,0.15000000000000002,0,0,0,0,0,0,,1,""
"org.axonframework.messaging.queryhandling.GenericQueryMessage","GenericQueryMessage",0.16756740244696616,0.1654604826950558,51.31250000000001,0,0.006583679114799446,0.0050777129193332856,0.0047421532653755,0.0047421532653755,2,8,""
"org.axonframework.messaging.queryhandling.interception.InterceptingQueryBus","InterceptingQueryBus",0.1508198341493415,0.15080726253080087,68.5,0,0.0024896265560165973,0.002033195020746888,0.001792850312571804,0.001792850312571804,1,18,""
"org.axonframework.messaging.queryhandling.distributed.DistributedQueryBusConfigurationEnhancer","DistributedQueryBusConfigurationEnhancer",0.15000000000000002,0.15000000000000002,0,0,0,0,0,0,,12,""
"org.axonframework.messaging.queryhandling.distributed.DistributedQueryBus","DistributedQueryBus",0.20088664089693087,0.19336620587206746,74.5,0,0.0016597510373443983,0.0016597510373443983,0.0016797516920415963,0.0016797516920415963,2,18,""
"org.axonframework.messaging.queryhandling.distributed.DistributedQueryBus$DistributedHandler","DistributedQueryBus$DistributedHandler",0.15800407489831433,0.1571769285075582,10.4,0,0.0012448132780082987,0.0011065006915629322,0.0030006194521849704,0.0030006194521849704,1,10,""
"org.axonframework.messaging.queryhandling.SimpleQueryHandlingComponent","SimpleQueryHandlingComponent",0.17441971115972932,0.17112325132262113,16,0,0.004135546334716459,0.0031379668049792532,0.005097149524530167,0.005097149524530167,2,14,""
"org.axonframework.messaging.queryhandling.QueryUpdateEmitterParameterResolverFactory","QueryUpdateEmitterParameterResolverFactory",0.1959686290968817,0.17559625227092363,31.30952380952381,0,0.0033195020746887966,0.0025291444378581305,0.0027833640668538354,0.0027833640668538354,2,5,""
"org.axonframework.messaging.queryhandling.QueryUpdateEmitterParameterResolverFactory$1","QueryUpdateEmitterParameterResolverFactory$1",0.2124649856545977,0.185246453447691,0,0,0.0024757952973720604,0.0018968583283935979,0.0004851896265099744,0.0004851896265099744,1,4,""
"org.axonframework.messaging.queryhandling.distributed.QueryBusConnector$UpdateCallback","QueryBusConnector$UpdateCallback",0.3833698856993664,0.3115429951049475,12.166666666666668,0,0.009363762102351314,0.007081604426002766,0.0093211354272709,0.0093211354272709,8,1,""
"org.axonframework.messaging.queryhandling.QueryBus","QueryBus",0.346542340030354,0.3171425735221738,338.3474358974359,0,0.017219917012448134,0.014143965361717482,0.03222240361329795,0.03222240361329795,15,7,""
"org.axonframework.messaging.queryhandling.DuplicateQueryHandlerSubscriptionException","DuplicateQueryHandlerSubscriptionException",0.15841038287628434,0.15764983903872815,24.314102564102562,0,0.004896265560165975,0.0037826884106918848,0.006684922548376506,0.006684922548376506,2,2,""
"org.axonframework.messaging.queryhandling.interception.QueryMessageHandlerInterceptorChain","QueryMessageHandlerInterceptorChain",0.1904573965930074,0.17965885671691692,10.11111111111111,0,0.0025034578146611343,0.0018167545138499496,0.0019510187294988904,0.0019510187294988904,1,10,""
"org.axonframework.messaging.queryhandling.gateway.DefaultQueryGateway","DefaultQueryGateway",0.1508198341493415,0.15080726253080087,41.7,0,0.0024896265560165973,0.002033195020746888,0.001792850312571804,0.001792850312571804,1,16,""
"org.axonframework.messaging.queryhandling.GenericSubscriptionQueryUpdateMessage","GenericSubscriptionQueryUpdateMessage",0.16597816287834682,0.16390679387931087,111.20138888888889,0,0.006931436475004939,0.0049587623584857335,0.003933096159917134,0.003933096159917134,2,10,""
"org.axonframework.messaging.queryhandling.SimpleQueryBus","SimpleQueryBus",0.1508198341493415,0.15080726253080087,52.654761904761905,0,0.0024896265560165973,0.002033195020746888,0.001792850312571804,0.001792850312571804,1,22,""
"org.axonframework.messaging.queryhandling.interception.QueryMessageHandlerInterceptorChain$InterceptingHandler","QueryMessageHandlerInterceptorChain$InterceptingHandler",0.1720757389286669,0.167155870112832,2,0,0.0025469274846868207,0.0017656925929195727,0.0032670955340251256,0.0032670955340251256,1,8,""
"org.axonframework.messaging.queryhandling.QueryPriorityCalculator","QueryPriorityCalculator",0.1570442679834266,0.1567248855101871,1.5,0,0.0033195020746887966,0.0025291444378581305,0.00558334356227193,0.00558334356227193,2,1,""
"org.axonframework.messaging.core.FluxUtils","FluxUtils",0.16673014236494377,0.16338835348081734,308.3809523809522,0,0.014741487189619967,0.011936668714194382,0.006878308294144561,0.006878308294144561,3,7,""
"org.axonframework.messaging.queryhandling.SimpleQueryUpdateEmitter","SimpleQueryUpdateEmitter",0.17024526744549742,0.16356039478597004,66,0,0.002918395573997234,0.002127885945313331,0.0016646086339408386,0.0016646086339408386,1,12,""
"org.axonframework.messaging.core.QueueMessageStream","QueueMessageStream",0.16786349600159975,0.16719886679342327,0,0,0.0024757952973720604,0.0018968583283935979,0.0036336911444642627,0.0036336911444642627,1,5,""
"org.axonframework.messaging.queryhandling.SubscriptionQueryAlreadyRegisteredException","SubscriptionQueryAlreadyRegisteredException",0.15210158776489413,0.15202339609334392,0,0,0.0024757952973720604,0.0018968583283935979,0.0036336911444642627,0.0036336911444642627,1,,""
"org.axonframework.messaging.queryhandling.gateway.QueryGateway","QueryGateway",0.15248472835269916,0.1523761722585292,4.5,0,0.0033195020746887966,0.0025291444378581305,0.00558334356227193,0.00558334356227193,2,3,""
"org.axonframework.messaging.queryhandling.configuration.QueryHandlingModule$QueryHandlerPhase","QueryHandlingModule$QueryHandlerPhase",0.35226246730026944,0.24344872768070422,487.7,0,0.00442600276625173,0.003360995850622407,0.0008831488681666279,0.0008831488681666279,3,13,""
"org.axonframework.messaging.queryhandling.configuration.QueryHandlingModule","QueryHandlingModule",0.17248096613350813,0.1671207754280066,332.1166666666666,0,0.005532503457814661,0.004481327800829876,0.005089659273799567,0.005089659273799567,5,5,""
"org.axonframework.messaging.queryhandling.configuration.QueryHandlingModule$SetupPhase","QueryHandlingModule$SetupPhase",0.1973250426206204,0.17885303952964796,0,0,0.00401106500691563,0.0032009484291641967,0.0008816243997812502,0.0008816243997812502,2,1,""
"org.axonframework.messaging.queryhandling.tracing.QueryUpdateEmitterSpanFactory","QueryUpdateEmitterSpanFactory",0.16033396018618268,0.15692973607261088,3,0,0.0012448132780082987,0.0011065006915629322,0.0008658356620412389,0.0008658356620412389,1,2,""
"org.axonframework.messaging.queryhandling.tracing.QueryBusSpanFactory","QueryBusSpanFactory",0.15429254821776103,0.15335938575111446,1,0,0.0012448132780082987,0.0011065006915629322,0.00102884477012734,0.00102884477012734,1,3,""
"org.axonframework.messaging.queryhandling.configuration.SimpleQueryHandlingModule","SimpleQueryHandlingModule",0.19188821273940448,0.17427424565039049,147.41666666666669,0,0.0034578146611341635,0.002922605087497745,2.711590444166117e-05,2.711590444166117e-05,1,16,""
"org.axonframework.messaging.core.ConversionCache","ConversionCache",0.21935003762708966,0.20434252463831418,161,0,0.03316571165118883,0.029125271389201665,0.0012245808874608358,0.0012245808874608358,1,3,""
"org.axonframework.messaging.core.RemoteExceptionDescription","RemoteExceptionDescription",0.7419750501368771,0.394720557937227,11,0,0.009710531515510767,0.006575861446869927,3.92207622379231e-06,3.92207622379231e-06,6,1,""
"org.axonframework.messaging.core.annotation.AnnotatedMessageHandlingMemberDefinition","AnnotatedMessageHandlingMemberDefinition",0.15000000000000002,0.15000000000000002,0,0,0,0,0,0,,8,""
"org.axonframework.messaging.queryhandling.tracing.DefaultQueryBusSpanFactory$Builder","DefaultQueryBusSpanFactory$Builder",0.18434038574208828,0.17687508600891538,6,0,0.0008298755186721991,0.0008298755186721991,0.00102884477012734,0.00102884477012734,1,3,""
"org.axonframework.messaging.queryhandling.tracing.DefaultQueryBusSpanFactory","DefaultQueryBusSpanFactory",0.21715253442235583,0.18853658454324057,9.5,0,0.0008298755186721991,0.0008298755186721991,6.882073361722821e-05,6.882073361722821e-05,1,7,""
"org.axonframework.messaging.queryhandling.tracing.DefaultQueryUpdateEmitterSpanFactory$Builder","DefaultQueryUpdateEmitterSpanFactory$Builder",0.22233772130327834,0.19850815250827566,4,0,0.0008298755186721991,0.0008298755186721991,0.0008658356620412389,0.0008658356620412389,1,3,""
"org.axonframework.messaging.queryhandling.tracing.DefaultQueryUpdateEmitterSpanFactory","DefaultQueryUpdateEmitterSpanFactory",0.23099444187809098,0.1932498686312558,21.5,0,0.0008298755186721991,0.0008298755186721991,6.882073361722821e-05,6.882073361722821e-05,1,6,""
"org.axonframework.messaging.core.OnNextMessageStream","OnNextMessageStream",0.3065620517523059,0.23348313859970532,507.9494290023683,0,0.11107291049199763,0.09905872677656909,0.0027205279082956006,0.0027205279082956006,2,5,""
"org.axonframework.messaging.core.ConcatenatingMessageStream","ConcatenatingMessageStream",0.2331209134248005,0.19980402792799043,106.62229437229433,0,0.11051966014621618,0.0988805635989134,0.0015672561674088803,0.0015672561674088803,1,3,""
"org.axonframework.messaging.core.MappedMessageStream","MappedMessageStream",0.2910952230959564,0.22869164860763838,403.3271346300744,0,0.11107291049199763,0.09905872677656909,0.0027205279082956006,0.0027205279082956006,2,5,""
"org.axonframework.messaging.core.TruncateFirstMessageStream","TruncateFirstMessageStream",0.2331209134248005,0.19980402792799043,106.62229437229433,0,0.11051966014621618,0.0988805635989134,0.0015672561674088803,0.0015672561674088803,1,5,""
"org.axonframework.messaging.core.DelegatingMessageStream","DelegatingMessageStream",0.4141097136366596,0.31488233053944736,26.5,0,0.08345682671408812,0.07551867219917012,0.010303111791863946,0.010303111791863946,6,2,""
"org.axonframework.messaging.core.OnNextMessageStream$Single","OnNextMessageStream$Single",0.34560541325531996,0.25168166798852903,49.16666666666669,0,0.09375815056312982,0.08590248962655601,0.003127255098007192,0.003127255098007192,2,4,""
"org.axonframework.messaging.core.ConversionCache$Target","ConversionCache$Target",0.24322374802531155,0.20906260521939432,0,0,0.026454587367450433,0.02397238465387317,0.0003878801676757537,0.0003878801676757537,1,1,""
"org.axonframework.messaging.core.DelayedMessageStream$Single","DelayedMessageStream$Single",0.2995223873828062,0.24227050300331063,657.75,0,0.111211223078443,0.09914804934354526,0.0035870752704743433,0.0035870752704743433,2,3,""
"org.axonframework.messaging.core.DelayedMessageStream$Empty","DelayedMessageStream$Empty",0.1549682034491211,0.15351289222226502,68.04166666666667,0,0.06595929658170319,0.06194658406872772,0.002019819103065463,0.002019819103065463,1,3,""
"org.axonframework.messaging.core.MappedMessageStream$Single","MappedMessageStream$Single",0.34102540742679976,0.249860637313889,49.16666666666669,0,0.09375815056312982,0.08590248962655601,0.003127255098007192,0.003127255098007192,2,4,""
"org.axonframework.messaging.core.annotation.MethodInvokingMessageHandlingMember","MethodInvokingMessageHandlingMember",0.17318181818181821,0.1662379217487724,16.5,0,0.0008298755186721991,0.0008298755186721991,0.001600237131287394,0.001600237131287394,1,15,""
"org.axonframework.messaging.core.annotation.HandlerComparator","HandlerComparator",0.15976993020314656,0.15841126129541885,0,0,0.014448725548310613,0.012496948987063704,0.001980318805160724,0.001980318805160724,1,1,""
"org.axonframework.messaging.core.interception.annotation.MessageInterceptingMember","MessageInterceptingMember",0.16538164340104888,0.16221334490819794,20,0,0.016523414344991112,0.013497504359853267,0.006934999982273571,0.006934999982273571,3,2,""
"org.axonframework.messaging.core.interception.annotation.NoMoreInterceptors","NoMoreInterceptors",0.1583734218402578,0.15711154570335817,80,0,0.015278601066982813,0.01284331159849832,0.004369520649927677,0.004369520649927677,2,5,""
"org.axonframework.messaging.core.ClassBasedMessageTypeResolver","ClassBasedMessageTypeResolver",0.1611444248705311,0.15926370006069962,28,0,0.01266679839293947,0.01105485553313792,0.00041509096477810074,0.00041509096477810074,1,2,""
"org.axonframework.messaging.core.annotation.AggregateType","AggregateType",0.17550000000000002,0.16734224327524955,0,0,0.0008298755186721991,0.0008298755186721991,9.769458283458304e-05,9.769458283458304e-05,1,,""
"org.axonframework.messaging.core.SimpleHandlerAttributes","SimpleHandlerAttributes",0.22505712287712293,0.20600784365798525,0,0,0.0015214384508990318,0.0012448132780082987,2.9217825211985437e-05,2.9217825211985437e-05,1,1,""
"org.axonframework.messaging.core.annotation.MultiHandlerDefinition","MultiHandlerDefinition",0.2623369797064744,0.22501985950176512,201,0,0.014339392741882366,0.012174389119409866,3.50797651937238e-05,3.50797651937238e-05,1,8,""
"org.axonframework.messaging.core.annotation.FixedValueParameterResolver","FixedValueParameterResolver",0.21817708333333335,0.18649032664826873,24.583333333333336,0,0.002074688796680498,0.001867219917012448,0.0005065618230885722,0.0005065618230885722,2,2,""
"org.axonframework.messaging.core.annotation.AnnotatedHandlerInspector$ExecutableSignature","AnnotatedHandlerInspector$ExecutableSignature",0.15976993020314656,0.15841126129541885,0,0,0.014448725548310613,0.012496948987063704,0.001980318805160724,0.001980318805160724,1,,""
"org.axonframework.messaging.core.annotation.AnnotationMessageTypeResolver$AnnotationSpecification","AnnotationMessageTypeResolver$AnnotationSpecification",0.20572212435265536,0.1963185003034979,60,0,0.01266679839293947,0.01105485553313792,0.00041509096477810074,0.00041509096477810074,1,1,""
"org.axonframework.messaging.core.annotation.ClasspathParameterResolverFactory","ClasspathParameterResolverFactory",0.17461742963172355,0.16640771216749442,180,0,0.015693538826318913,0.012890529655845742,0.006303708859502634,0.006303708859502634,3,2,""
"org.axonframework.messaging.core.annotation.AnnotationMessageTypeResolver","AnnotationMessageTypeResolver",0.15733312095143914,0.15641477006108004,232,0,0.015970163999209645,0.01343380868348675,0.003773169117732528,0.003773169117732528,2,6,""
"org.axonframework.messaging.core.annotation.MessageStreamResolverUtils","MessageStreamResolverUtils",0.15325664340104886,0.15280375376513963,446.04761904761875,0,0.014448725548310613,0.012496948987063704,0.001980318805160724,0.001980318805160724,1,9,""
"org.axonframework.messaging.core.annotation.AggregateTypeParameterResolverFactory$AggregateTypeParameterResolver","AggregateTypeParameterResolverFactory$AggregateTypeParameterResolver",0.18825000000000003,0.17601336491287434,3,0,0.0008298755186721991,0.0008298755186721991,9.769458283458304e-05,9.769458283458304e-05,1,5,""
"org.axonframework.messaging.core.annotation.DefaultParameterResolverFactory$MessageParameterResolver","DefaultParameterResolverFactory$MessageParameterResolver",0.17013157894736844,0.16613653059082803,0,0,0.0008298755186721991,0.0008298755186721991,0.0010581151544761713,0.0010581151544761713,1,3,""
"org.axonframework.messaging.core.annotation.HierarchicalParameterResolverFactory","HierarchicalParameterResolverFactory",0.15980769230769232,0.15720177040888017,13.2,0,0.0008298755186721991,0.0008298755186721991,0.00028804932343926427,0.00028804932343926427,1,3,""
"org.axonframework.messaging.core.annotation.DefaultParameterResolverFactory$AnnotatedMetadataParameterResolver","DefaultParameterResolverFactory$AnnotatedMetadataParameterResolver",0.17013157894736844,0.16613653059082803,0,0,0.0008298755186721991,0.0008298755186721991,0.0010581151544761713,0.0010581151544761713,1,4,""
"org.axonframework.messaging.core.annotation.MessageIdentifierParameterResolverFactory","MessageIdentifierParameterResolverFactory",0.15000000000000002,0.15000000000000002,0,0,0,0,0,0,,5,""
"org.axonframework.messaging.core.annotation.MessageIdentifierParameterResolverFactory$MessageIdentifierParameterResolver","MessageIdentifierParameterResolverFactory$MessageIdentifierParameterResolver",0.18825000000000003,0.17601336491287434,12,0,0.0008298755186721991,0.0008298755186721991,9.769458283458304e-05,9.769458283458304e-05,1,3,""
"org.axonframework.messaging.core.annotation.MultiParameterResolverFactory","MultiParameterResolverFactory",0.19504061248583537,0.1782829422805244,207.58333333333334,0,0.01613844431271817,0.012997204497875168,0.0003592888099253963,0.0003592888099253963,2,3,""
"org.axonframework.messaging.core.annotation.MultiHandlerEnhancerDefinition","MultiHandlerEnhancerDefinition",0.250483143630562,0.22294296949579812,6,0,0.012609497464269249,0.010493834375547892,0.0008514998579079989,0.0008514998579079989,2,3,""
"org.axonframework.messaging.core.annotation.AggregateTypeParameterResolverFactory","AggregateTypeParameterResolverFactory",0.15000000000000002,0.15000000000000002,0,0,0,0,0,0,,5,""
"org.axonframework.messaging.core.annotation.AnnotatedHandlerAttributes","AnnotatedHandlerAttributes",0.15452937062937064,0.1540543519404415,4,0,0.0012448132780082987,0.0011065006915629322,0.0032876271392629896,0.0032876271392629896,1,4,""
"org.axonframework.messaging.core.annotation.ClasspathHandlerEnhancerDefinition","ClasspathHandlerEnhancerDefinition",0.1576891873362243,0.15567490324959138,66,0,0.011779621945597049,0.010211688585695197,0.0008427421995477402,0.0008427421995477402,1,2,""
"org.axonframework.messaging.core.annotation.MessageHandlerInvocationException","MessageHandlerInvocationException",0.15452937062937064,0.1540543519404415,2,0,0.0012448132780082987,0.0011065006915629322,0.0032876271392629896,0.0032876271392629896,1,1,""
"org.axonframework.messaging.core.annotation.SimpleResourceParameterResolverFactory","SimpleResourceParameterResolverFactory",0.15000000000000002,0.15000000000000002,0,0,0,0,0,0,,4,""
"org.axonframework.messaging.core.annotation.DefaultParameterResolverFactory$MetadataParameterResolver","DefaultParameterResolverFactory$MetadataParameterResolver",0.16342105263157897,0.16075768706055202,0,0,0.0008298755186721991,0.0008298755186721991,0.0010581151544761713,0.0010581151544761713,1,4,""
"org.axonframework.messaging.core.annotation.ChainedMessageHandlerInterceptorMember","ChainedMessageHandlerInterceptorMember",0.15651328680209767,0.1556075075302792,0,0,0.014448725548310613,0.012496948987063704,0.001980318805160724,0.001980318805160724,1,6,""
"org.axonframework.messaging.core.annotation.MetadataValue","MetadataValue",0.1567105263157895,0.15537884353027603,0,0,0.0008298755186721991,0.0008298755186721991,0.0010581151544761713,0.0010581151544761713,1,,""
"org.axonframework.messaging.core.annotation.MessageHandlerTimeout","MessageHandlerTimeout",0.15000000000000002,0.15000000000000002,0,0,0,0,0,0,,1,""
"org.axonframework.messaging.core.annotation.MessageIdentifier","MessageIdentifier",0.17550000000000002,0.16734224327524955,0,0,0.0008298755186721991,0.0008298755186721991,9.769458283458304e-05,9.769458283458304e-05,1,,""
"org.axonframework.messaging.core.annotation.HandlerAttributes","HandlerAttributes",0.3739743461538462,0.26528144119469504,0,0,0.002904564315352697,0.0026556016597510373,0.003322580315334073,0.003322580315334073,3,,""
"org.axonframework.messaging.core.annotation.DefaultParameterResolverFactory","DefaultParameterResolverFactory",0.15000000000000002,0.15000000000000002,0,0,0,0,0,0,,12,""
"org.axonframework.messaging.core.annotation.PayloadParameterResolver","PayloadParameterResolver",0.17233775761946335,0.16832523490405635,0,0,0.005277942435618785,0.003485477178423237,0.004365285543327021,0.004365285543327021,2,3,""
"org.axonframework.messaging.core.annotation.HandlerTypeResolver","HandlerTypeResolver",0.15000000000000002,0.15000000000000002,0,0,0,0,0,0,,5,""
"org.axonframework.messaging.core.reflection.HierarchicalParameterResolverFactoryConfigurationEnhancer","HierarchicalParameterResolverFactoryConfigurationEnhancer",0.15000000000000002,0.15000000000000002,0,0,0,0,0,0,,5,""
"org.axonframework.messaging.core.reflection.ClasspathParameterResolverConfigurationEnhancer","ClasspathParameterResolverConfigurationEnhancer",0.15000000000000002,0.15000000000000002,0,0,0,0,0,0,,6,""
"org.axonframework.messaging.core.EmptyMessageStream","EmptyMessageStream",0.19156045671240018,0.17490201396399518,347.2261904761904,0,0.11051966014621618,0.0988805635989134,0.0015672561674088803,0.0015672561674088803,1,6,""
"org.axonframework.messaging.core.annotation.SourceIdParameterResolverFactory$SourceIdParameterResolver","SourceIdParameterResolverFactory$SourceIdParameterResolver",0.18825000000000003,0.17601336491287434,2,0,0.0008298755186721991,0.0008298755186721991,9.769458283458304e-05,9.769458283458304e-05,1,4,""
"org.axonframework.messaging.core.annotation.InterceptorChainParameterResolverFactory","InterceptorChainParameterResolverFactory",0.15303125000000004,0.15263830203493747,18.333333333333336,0,0.0012448132780082987,0.0011065006915629322,0.0030153987576538492,0.0030153987576538492,1,9,""
"org.axonframework.messaging.core.annotation.SourceIdParameterResolverFactory","SourceIdParameterResolverFactory",0.15000000000000002,0.15000000000000002,0,0,0,0,0,0,,5,""
"org.axonframework.messaging.core.SimpleEntry","SimpleEntry",0.6739853773725797,0.49086127901808413,560.0909090909096,0,0.11577553843114012,0.10078410754339447,0.019858347028506307,0.019858347028506307,10,5,""
"org.axonframework.messaging.core.MessageTypeNotResolvedException","MessageTypeNotResolvedException",0.30255719310451307,0.23153619825284688,67,0,0.04213429493512483,0.03676535336419794,0.0010251564794200542,0.0010251564794200542,1,1,""
"org.axonframework.messaging.core.FilteringMessageStream$Single","FilteringMessageStream$Single",0.3373375364117687,0.2478874381201374,63,0,0.09375815056312982,0.08590248962655601,0.003109439384074528,0.003109439384074528,2,4,""
"org.axonframework.messaging.core.CompletionCallbackMessageStream$Single","CompletionCallbackMessageStream$Single",0.34214207840741456,0.24957599447103526,119.16666666666661,0,0.09389646314957519,0.08596965341828905,0.0031329966584605815,0.0031329966584605815,2,3,""
"org.axonframework.messaging.core.MonoUtils","MonoUtils",0.15277166063435935,0.1525120524913233,49.5,0,0.011830995191991043,0.010404225716290925,0.0015347148058827283,0.0015347148058827283,1,4,""
"org.axonframework.messaging.core.unitofwork.ResourceOverridingProcessingContext","ResourceOverridingProcessingContext",2.1099493002306877,0.8055401259496278,2.3333333333333335,0,0.21617862082592373,0.19549346552501126,0.004179046422690301,0.004179046422690301,3,5,""
"org.axonframework.messaging.core.annotation.SourceId","SourceId",0.17550000000000002,0.16734224327524955,0,0,0.0008298755186721991,0.0008298755186721991,9.769458283458304e-05,9.769458283458304e-05,1,,""
"org.axonframework.messaging.core.MessageStreamUtils","MessageStreamUtils",0.2500807830562257,0.20505925626068328,1615.9996753246764,0,0.11436475004939739,0.10334134090412754,0.003132781956266218,0.003132781956266218,2,5,""
"org.axonframework.messaging.core.FluxMessageStream$1","FluxMessageStream$1",0.18188607997160722,0.17321544460211225,0,0,0.009842287726105153,0.008496854504082451,0.0015531002385617066,0.0015531002385617066,1,2,""
"org.axonframework.messaging.core.FilteringMessageStream","FilteringMessageStream",0.30480512792305153,0.23297540868154223,379.35562770562774,0,0.11107291049199763,0.09905872677656909,0.0027205279082956006,0.0027205279082956006,2,4,""
"org.axonframework.messaging.core.unitofwork.LegacyMessageSupportingContext","LegacyMessageSupportingContext",0.168140713361515,0.1638594516576404,56.33333333333333,0,0.014098333662649013,0.011901952726260389,0.003387210220786632,0.003387210220786632,1,7,""
"org.axonframework.messaging.core.interception.DefaultHandlerInterceptorRegistry","DefaultHandlerInterceptorRegistry",0.2664684292696953,0.2122402367917507,187.37619047619046,0,0.006639004149377593,0.004780082987551866,0.005318255410439207,0.005318255410439207,6,24,""
"org.axonframework.messaging.core.interception.DefaultDispatchInterceptorRegistry","DefaultDispatchInterceptorRegistry",0.2923146138826427,0.22548040944698747,236.7095238095238,0,0.007468879668049793,0.0053941908713692945,0.0054609158268274826,0.0054609158268274826,7,26,""
"org.axonframework.messaging.core.correlation.CorrelationDataProvider","CorrelationDataProvider",0.4639204127548571,0.3415541785125753,135.28333333333333,0,0.00926694329183956,0.007745504840940526,0.011784902608598805,0.011784902608598805,9,1,""
"org.axonframework.messaging.core.FluxMessageStream","FluxMessageStream",0.2750955919119054,0.24311559633564975,142,0,0.012040769281433182,0.009952235124429068,0.0018498627012231883,0.0018498627012231883,2,5,""
"org.axonframework.messaging.core.CloseCallbackMessageStream","CloseCallbackMessageStream",0.2331209134248005,0.19980402792799043,41.27222222222222,0,0.11051966014621618,0.0988805635989134,0.0015672561674088803,0.0015672561674088803,1,6,""
"org.axonframework.messaging.core.MessageStreamUtils$FirstResult","MessageStreamUtils$FirstResult",0.20593910610232408,0.18676604109952805,0,0,0.08195514720410987,0.07710742406871787,0.0015438761595755004,0.0015438761595755004,1,3,""
"org.axonframework.messaging.core.interception.LoggingInterceptor","LoggingInterceptor",0.15000000000000002,0.15000000000000002,0,0,0,0,0,0,,10,""
"org.axonframework.messaging.core.interception.annotation.MessageHandlerInterceptorDefinition$InterceptedMessageHandlingMember","MessageHandlerInterceptorDefinition$InterceptedMessageHandlingMember",0.181875,0.1728987341772152,14.333333333333332,0,0.0008298755186721991,0.0008298755186721991,0.00012121591343183638,0.00012121591343183638,1,7,""
"org.axonframework.messaging.core.interception.annotation.MessageHandlerInterceptorDefinition$ResultHandlingInterceptorMember","MessageHandlerInterceptorDefinition$ResultHandlingInterceptorMember",0.181875,0.1728987341772152,13.333333333333332,0,0.0008298755186721991,0.0008298755186721991,0.00012121591343183638,0.00012121591343183638,1,12,""
"org.axonframework.messaging.core.interception.CorrelationDataInterceptor","CorrelationDataInterceptor",0.1516396682986829,0.15161452506160175,0,0,0.0024896265560165973,0.002033195020746888,0.001792850312571804,0.001792850312571804,1,10,""
"org.axonframework.messaging.core.interception.BeanValidationInterceptor","BeanValidationInterceptor",0.15000000000000002,0.15000000000000002,0,0,0,0,0,0,,9,""
"org.axonframework.messaging.core.EventPublicationFailedException","EventPublicationFailedException",0.17328572968553935,0.16021282441852527,0,0,0.00685437660541395,0.005630386211299075,7.060988795852816e-05,7.060988795852816e-05,1,1,""
"org.axonframework.messaging.core.IllegalPayloadAccessException","IllegalPayloadAccessException",0.15000000000000002,0.15000000000000002,0,0,0,0,0,0,,1,""
"org.axonframework.messaging.core.ExecutionException","ExecutionException",0.15000000000000002,0.15000000000000002,0,0,0,0,0,0,,1,""
"org.axonframework.messaging.core.interception.annotation.ResultParameterResolverFactory","ResultParameterResolverFactory",0.23712035986642147,0.19897312360905262,15,0,0.002074688796680498,0.001867219917012448,0.004000319391066846,0.004000319391066846,2,8,""
"org.axonframework.messaging.core.interception.annotation.ResultParameterResolverFactory$ExceptionResultParameterResolver","ResultParameterResolverFactory$ExceptionResultParameterResolver",0.18359204299496118,0.172347677179364,0,0,0.0015214384508990318,0.0012448132780082987,0.001252572339669063,0.001252572339669063,1,3,""
"org.axonframework.messaging.core.interception.annotation.MessageHandlerInterceptorDefinition","MessageHandlerInterceptorDefinition",0.15000000000000002,0.15000000000000002,0,0,0,0,0,0,,5,""
"org.axonframework.messaging.core.interception.JSR303ViolationException","JSR303ViolationException",0.1591071428571429,0.1577972160949266,2,0,0.0008298755186721991,0.0008298755186721991,0.0028668327868413544,0.0028668327868413544,1,1,""
"org.axonframework.messaging.core.interception.DefaultHandlerInterceptorRegistry$3","DefaultHandlerInterceptorRegistry$3",0.15438383544927567,0.15338884718308582,16.75,0,0.004135546334716459,0.003319502074688796,0.004550086794937678,0.004550086794937678,1,4,""
"org.axonframework.messaging.core.interception.DefaultDispatchInterceptorRegistry$3","DefaultDispatchInterceptorRegistry$3",0.15384227971856054,0.15289362507938123,16.450000000000003,0,0.004550484094052559,0.003690762175147412,0.004547751969200305,0.004547751969200305,1,4,""
"org.axonframework.messaging.core.interception.DefaultHandlerInterceptorRegistry$4","DefaultHandlerInterceptorRegistry$4",0.15438383544927567,0.15338884718308582,16.75,0,0.004135546334716459,0.003319502074688796,0.004550086794937678,0.004550086794937678,1,4,""
"org.axonframework.messaging.core.interception.DefaultHandlerInterceptorRegistry$1","DefaultHandlerInterceptorRegistry$1",0.15438383544927567,0.15338884718308582,23.75,0,0.004135546334716459,0.003319502074688796,0.004550086794937678,0.004550086794937678,1,4,""
"org.axonframework.messaging.core.interception.DefaultDispatchInterceptorRegistry$GenericInterceptorDefinition","DefaultDispatchInterceptorRegistry$GenericInterceptorDefinition",0.16408835896805518,0.1606099586243979,0,0,0.004550484094052559,0.003690762175147412,0.004547751969200305,0.004547751969200305,1,6,""
"org.axonframework.messaging.core.interception.DefaultHandlerInterceptorRegistry$GenericInterceptorDefinition","DefaultHandlerInterceptorRegistry$GenericInterceptorDefinition",0.16315150634782696,0.16016654154925739,0,0,0.004135546334716459,0.003319502074688796,0.004550086794937678,0.004550086794937678,1,6,""
"org.axonframework.messaging.core.interception.DefaultDispatchInterceptorRegistry$5","DefaultDispatchInterceptorRegistry$5",0.15384227971856054,0.15289362507938123,28.533333333333335,0,0.004550484094052559,0.003690762175147412,0.004547751969200305,0.004547751969200305,1,4,""
"org.axonframework.messaging.core.interception.DefaultDispatchInterceptorRegistry$2","DefaultDispatchInterceptorRegistry$2",0.15384227971856054,0.15289362507938123,16.450000000000003,0,0.004550484094052559,0.003690762175147412,0.004547751969200305,0.004547751969200305,1,4,""
"org.axonframework.messaging.core.interception.DefaultHandlerInterceptorRegistry$2","DefaultHandlerInterceptorRegistry$2",0.15438383544927567,0.15338884718308582,16.75,0,0.004135546334716459,0.003319502074688796,0.004550086794937678,0.004550086794937678,1,4,""
"org.axonframework.messaging.core.interception.DefaultDispatchInterceptorRegistry$1","DefaultDispatchInterceptorRegistry$1",0.15384227971856054,0.15289362507938123,22.450000000000003,0,0.004550484094052559,0.003690762175147412,0.004547751969200305,0.004547751969200305,1,4,""
"org.axonframework.messaging.core.interception.DispatchInterceptorFactory","DispatchInterceptorFactory",0.1915356782577089,0.18376157830360632,39.666666666666664,0,0.007468879668049793,0.006558040684141281,0.007042023962191107,0.007042023962191107,2,3,""
"org.axonframework.messaging.core.interception.HandlerInterceptorFactory","HandlerInterceptorFactory",0.19296967234710288,0.18429431205607777,47.5,0,0.011227359546861621,0.00880697352761427,0.006996071861739086,0.006996071861739086,2,3,""
"org.axonframework.messaging.core.interception.annotation.ResultHandler","ResultHandler",0.19307234766498713,0.1720976967181666,4,0,0.0027662517289073307,0.002305209774089442,0.0019949539441730772,0.0019949539441730772,2,1,""
"org.axonframework.messaging.core.interception.annotation.ExceptionHandler","ExceptionHandler",0.15000000000000002,0.15000000000000002,0,0,0,0,0,0,,3,""
"org.axonframework.messaging.core.interception.annotation.MessageHandlerInterceptor","MessageHandlerInterceptor",0.19250000000000003,0.172281382384117,23,0,0.0016597510373443983,0.0016597510373443983,0.000863597517935851,0.000863597517935851,2,2,""
"org.axonframework.messaging.core.EmptyContext","EmptyContext",0.849647942301945,0.33866196141084187,35.88333333333334,0,0.17894190871369298,0.1688176556974033,0.0004624618898877309,0.0004624618898877309,1,2,""
"org.axonframework.messaging.core.correlation.MessageOriginProvider","MessageOriginProvider",0.1508198341493415,0.15080726253080087,0.5,0,0.0024896265560165973,0.002033195020746888,0.001792850312571804,0.001792850312571804,1,3,""
"org.axonframework.messaging.core.correlation.SimpleCorrelationDataProvider","SimpleCorrelationDataProvider",0.15000000000000002,0.15000000000000002,0,0,0,0,0,0,,3,""
"org.axonframework.messaging.core.correlation.MultiCorrelationDataProvider","MultiCorrelationDataProvider",0.15000000000000002,0.15000000000000002,0,0,0,0,0,0,,2,""
"org.axonframework.messaging.core.correlation.DefaultCorrelationDataProviderRegistry","DefaultCorrelationDataProviderRegistry",0.1512297512240122,0.15121089379620134,6.333333333333333,0,0.0024896265560165973,0.002033195020746888,0.001792850312571804,0.001792850312571804,1,9,""
"org.axonframework.messaging.core.AbstractMessage","AbstractMessage",0.1846750188135448,0.17717126231915709,0,0,0.03316571165118883,0.029125271389201665,0.0012245808874608358,0.0012245808874608358,1,3,""
"org.axonframework.messaging.core.RemoteHandlingException","RemoteHandlingException",0.2923446059224346,0.2115858949799943,2,0,0.006391029440821972,0.00498868351565447,1.3587277916979563e-08,1.3587277916979563e-08,2,2,""
"org.axonframework.messaging.core.interception.DefaultDispatchInterceptorRegistry$4","DefaultDispatchInterceptorRegistry$4",0.15384227971856054,0.15289362507938123,16.450000000000003,0,0.004550484094052559,0.003690762175147412,0.004547751969200305,0.004547751969200305,1,4,""
"org.axonframework.messaging.core.correlation.CorrelationDataProviderRegistry","CorrelationDataProviderRegistry",0.21399026432090354,0.20156134749807642,29.726190476190474,0,0.005117565698478562,0.004201244813278008,0.005653783942950132,0.005653783942950132,4,4,""
"org.axonframework.messaging.core.CompletionCallbackMessageStream","CompletionCallbackMessageStream",0.40965083044566586,0.2753128729621452,816.3632632073836,0,0.1116261608377791,0.09923753314259179,0.0035259178236290685,0.0035259178236290685,3,6,""
"org.axonframework.messaging.core.SimpleContext","SimpleContext",1.5492958846038898,0.5273239228216838,0,0,0.17894190871369298,0.1688176556974033,0.0004624618898877309,0.0004624618898877309,1,2,""
"org.axonframework.messaging.core.CompletionCallbackMessageStream$Empty","CompletionCallbackMessageStream$Empty",0.28090488050016943,0.2258624612571958,134.79319928437576,0,0.0924975301323849,0.08348913190735892,0.003320436073166644,0.003320436073166644,2,3,""
"org.axonframework.messaging.core.DefaultMessageDispatchInterceptorChain$InterceptingDispatcher","DefaultMessageDispatchInterceptorChain$InterceptingDispatcher",0.18932620309996107,0.17865125762968412,3,0,0.006751630112625964,0.00528920661900715,0.0029199404165399226,0.0029199404165399226,1,6,""
"org.axonframework.messaging.core.IteratorMessageStream","IteratorMessageStream",0.39936274027440144,0.2994120837839713,0,0,0.11051966014621618,0.0988805635989134,0.0015672561674088803,0.0015672561674088803,1,3,""
"org.axonframework.messaging.core.FailedMessageStream","FailedMessageStream",0.2331209134248005,0.19980402792799043,0,0,0.11051966014621618,0.0988805635989134,0.0015672561674088803,0.0015672561674088803,1,5,""
"org.axonframework.messaging.core.IgnoredEntriesMessageStream","IgnoredEntriesMessageStream",0.27468137013720073,0.22470604189198565,41.27222222222222,0,0.11051966014621618,0.0988805635989134,0.0015672561674088803,0.0015672561674088803,1,5,""
"org.axonframework.messaging.core.OnErrorContinueMessageStream","OnErrorContinueMessageStream",0.2331209134248005,0.19980402792799043,106.62229437229433,0,0.11051966014621618,0.0988805635989134,0.0015672561674088803,0.0015672561674088803,1,3,""
"org.axonframework.messaging.core.SingleValueMessageStream","SingleValueMessageStream",0.2331209134248005,0.19980402792799043,0,0,0.11051966014621618,0.0988805635989134,0.0015672561674088803,0.0015672561674088803,1,4,""
"org.axonframework.messaging.core.MessageStreamUtils$Reducer","MessageStreamUtils$Reducer",0.20593910610232408,0.18676604109952805,0,0,0.08195514720410987,0.07710742406871787,0.0015438761595755004,0.0015438761595755004,1,3,""
"org.axonframework.messaging.core.FluxUtils$FluxStreamAdapter","FluxUtils$FluxStreamAdapter",0.17742979343857515,0.17333858540211577,0,0,0.011902456694987816,0.01014062354487226,0.0016442285192103908,0.0016442285192103908,1,3,""
"org.axonframework.messaging.core.sequencing.FallbackSequencingPolicy","FallbackSequencingPolicy",0.15000000000000002,0.15000000000000002,0,0,0,0,0,0,,3,""
"org.axonframework.messaging.core.sequencing.ExtractionSequencingPolicy","ExtractionSequencingPolicy",0.19250000000000003,0.17382291424587498,34,0,0.0008298755186721991,0.0008298755186721991,6.20968881433157e-05,6.20968881433157e-05,1,7,""
"org.axonframework.messaging.core.sequencing.PropertySequencingPolicy","PropertySequencingPolicy",0.15000000000000002,0.15000000000000002,0,0,0,0,0,0,,4,""
"org.axonframework.messaging.core.sequencing.FullConcurrencyPolicy","FullConcurrencyPolicy",0.15000000000000002,0.15000000000000002,0,0,0,0,0,0,,3,""
"org.axonframework.messaging.core.sequencing.MetadataSequencingPolicy","MetadataSequencingPolicy",0.15000000000000002,0.15000000000000002,0,0,0,0,0,0,,5,""
"org.axonframework.messaging.core.sequencing.NoOpSequencingPolicy","NoOpSequencingPolicy",0.15040991707467075,0.15040363126540046,7,0,0.0024896265560165973,0.002033195020746888,0.001792850312571804,0.001792850312571804,1,3,""
"org.axonframework.messaging.core.sequencing.RoutingKeySequencingPolicy","RoutingKeySequencingPolicy",0.15040991707467075,0.15040363126540046,4.533333333333333,0,0.0024896265560165973,0.002033195020746888,0.001792850312571804,0.001792850312571804,1,4,""
"org.axonframework.messaging.core.retry.DoNotRetryOutcome","DoNotRetryOutcome",1.2149393386719463,0.23569025443948477,0,0,0.0037344398340248964,0.003540802213001383,3.443949630904822e-50,3.443949630904822e-50,1,1,""
"org.axonframework.messaging.core.retry.RetryOutcome","RetryOutcome",1.2149393386719463,0.23569025443948477,0,0,0.0037344398340248964,0.003540802213001383,3.443949630904822e-50,3.443949630904822e-50,1,1,""
"org.axonframework.messaging.core.retry.ExponentialBackOffRetryPolicy","ExponentialBackOffRetryPolicy",0.15000000000000002,0.15000000000000002,0,0,0,0,0,0,,4,""
"org.axonframework.messaging.core.retry.FilteringRetryPolicy","FilteringRetryPolicy",0.15000000000000002,0.15000000000000002,0,0,0,0,0,0,,4,""
"org.axonframework.messaging.core.retry.AxonNonTransientExceptionClassesPredicate","AxonNonTransientExceptionClassesPredicate",0.15000000000000002,0.15000000000000002,0,0,0,0,0,0,,2,""
"org.axonframework.messaging.core.retry.NonTransientExceptionClassesPredicate","NonTransientExceptionClassesPredicate",0.23500000000000004,0.18309977397481436,0,0,0.0008298755186721991,0.0008298755186721991,7.436614949258751e-08,7.436614949258751e-08,1,,""
"org.axonframework.messaging.core.unitofwork.annotation.ProcessingContextParameterResolverFactory","ProcessingContextParameterResolverFactory",0.15000000000000002,0.15000000000000002,0,0,0,0,0,0,,5,""
"org.axonframework.messaging.core.unitofwork.annotation.ProcessingContextParameterResolverFactory$ProcessingContextParameterResolver","ProcessingContextParameterResolverFactory$ProcessingContextParameterResolver",0.2066666666666667,0.18721546560174263,0,0,0.0008298755186721991,0.0008298755186721991,0.0010754436824718504,0.0010754436824718504,1,2,""
"org.axonframework.messaging.core.unitofwork.TransactionalUnitOfWorkFactory","TransactionalUnitOfWorkFactory",0.1508198341493415,0.15080726253080087,7.333333333333333,0,0.0024896265560165973,0.002033195020746888,0.001792850312571804,0.001792850312571804,1,4,""
"org.axonframework.messaging.core.retry.MaxAttemptsPolicy","MaxAttemptsPolicy",0.15000000000000002,0.15000000000000002,0,0,0,0,0,0,,4,""
"org.axonframework.messaging.core.retry.AsyncRetryScheduler","AsyncRetryScheduler",0.16536754169799034,0.16294052883291865,33.5,0,0.0008298755186721991,0.0008298755186721991,0.0019955013815021816,0.0019955013815021816,1,12,""
"org.axonframework.messaging.core.unitofwork.transaction.TransactionManager","TransactionManager",0.4128669781180458,0.2710504420215045,65.97619047619048,0,0.007053941908713693,0.005194406024281542,0.0019747790817259284,0.0019747790817259284,6,5,""
"org.axonframework.messaging.core.unitofwork.UnitOfWork$UnitOfWorkProcessingContext","UnitOfWork$UnitOfWorkProcessingContext",0.540482784534814,0.2964467968648431,29,0,0.017869986168741355,0.015147559326775141,0.001534321225397403,0.001534321225397403,3,10,""
"org.axonframework.messaging.core.unitofwork.UnitOfWork$UnitOfWorkProcessingContext$CauseAndPhase","UnitOfWork$UnitOfWorkProcessingContext$CauseAndPhase",0.21962251630817092,0.18814766799412544,27.5,0,0.017455048409405257,0.01506293609031271,0.0028575186196275523,0.0028575186196275523,2,2,""
"org.axonframework.messaging.core.Metadata$MetadataCollector","Metadata$MetadataCollector",7.126794383578241,0.5614266734871598,0,0,0.15463347164591973,0.14391921967028368,6.5688126199814265e-56,6.5688126199814265e-56,1,1,""
"org.axonframework.messaging.core.unitofwork.UnitOfWorkConfiguration","UnitOfWorkConfiguration",0.46148202376547853,0.3475086331268219,54,0,0.019114799446749656,0.016804979253112032,0.00039021921422409053,0.00039021921422409053,3,1,""
"org.axonframework.messaging.core.unitofwork.ProcessingLifecycle$DefaultPhases","ProcessingLifecycle$DefaultPhases",0.5930186227325736,0.3182014123952605,0,0,0.15813574392412563,0.14861661423830497,0.0011322087371340996,0.0011322087371340996,1,1,""
"org.axonframework.messaging.core.unitofwork.UnitOfWork$UnitOfWorkProcessingContext$Status","UnitOfWork$UnitOfWorkProcessingContext$Status",0.23746369560349487,0.1975059015412511,27.5,0,0.017455048409405257,0.01506293609031271,0.0028575186196275523,0.0028575186196275523,2,1,""
"org.axonframework.messaging.core.retry.RetryPolicy","RetryPolicy",0.2778435263941647,0.241274059024535,28.5,0,0.004149377593360996,0.004149377593360996,0.008560507947152383,0.008560507947152383,5,3,""
"org.axonframework.messaging.core.retry.RetryPolicy$Outcome","RetryPolicy$Outcome",2.505939705094628,0.4387330996250471,14,0,0.006639004149377593,0.006639004149377593,0.009478270735703004,0.009478270735703004,8,2,""
"org.axonframework.messaging.core.retry.AsyncRetryScheduler$RetryTask","AsyncRetryScheduler$RetryTask",0.1687416530234158,0.165963516838624,0,0,0.0008298755186721991,0.0008298755186721991,0.0031016979231589777,0.0031016979231589777,1,9,""
"org.axonframework.messaging.core.timeout.TaskTimeoutSettings","TaskTimeoutSettings",0.7991002067158387,0.6344829888547595,0,0,0.004979253112033195,0.004518211157215307,0.0015457896542522198,0.0015457896542522198,5,,""
"org.axonframework.messaging.core.unitofwork.transaction.NoTransactionManager$1","NoTransactionManager$1",0.2532972891237869,0.19090539558940164,0,0,0.0028907330567081607,0.002240663900414938,5.193434495435177e-06,5.193434495435177e-06,1,2,""
"org.axonframework.messaging.core.unitofwork.transaction.jdbc.JdbcTransactionalExecutorProvider$1","JdbcTransactionalExecutorProvider$1",0.19219973929834308,0.17690502090788823,0,0,0.0008298755186721991,0.0008298755186721991,0.001400095790536718,0.001400095790536718,1,3,""
"org.axonframework.messaging.core.unitofwork.transaction.jdbc.JdbcTransactionalExecutorProvider","JdbcTransactionalExecutorProvider",0.23168484320658947,0.19734555179827182,15,0,0.0008298755186721991,0.0008298755186721991,2.4571846904137655e-05,2.4571846904137655e-05,1,7,""
"org.axonframework.messaging.core.unitofwork.transaction.jpa.JpaTransactionalExecutorProvider$1","JpaTransactionalExecutorProvider$1",0.19877299359626166,0.17993579530801163,0,0,0.0019363762102351315,0.0016597510373443983,0.001400095790536718,0.001400095790536718,1,3,""
"org.axonframework.messaging.core.unitofwork.transaction.jpa.JpaTransactionalExecutorProvider","JpaTransactionalExecutorProvider",0.2677733786908175,0.21957589007993306,49.922222222222224,0,0.002904564315352697,0.0026556016597510373,0.00045003958406054993,0.00045003958406054993,3,7,""
"org.axonframework.messaging.core.timeout.HandlerTimeoutConfiguration","HandlerTimeoutConfiguration",0.21001508152173917,0.19611164836273867,0,0,0.0024896265560165973,0.0022130013831258644,0.0010318368719463178,0.0010318368719463178,2,1,""
"org.axonframework.messaging.core.timeout.UnitOfWorkTimeoutInterceptorBuilder","UnitOfWorkTimeoutInterceptorBuilder",0.1739745535714286,0.17134957639847206,6,0,0.0012448132780082987,0.0011065006915629322,0.0005086161793012826,0.0005086161793012826,1,14,""
"org.axonframework.messaging.core.timeout.AxonTimeLimitedTask","AxonTimeLimitedTask",0.2533755059477596,0.23273826990015672,9,0,0.0027662517289073307,0.002305209774089442,0.005944203491567224,0.005944203491567224,2,2,""
"org.axonframework.messaging.core.timeout.AxonTaskJanitor","AxonTaskJanitor",0.2493429043350512,0.20694479112160177,8.5,0,0.0030428769017980637,0.0024896265560165973,0.003934364940773438,0.003934364940773438,2,1,""
"org.axonframework.messaging.core.unitofwork.transaction.Transaction","Transaction",0.49274941101838815,0.2889514689065944,0,0,0.005795297372060857,0.004280410569993448,0.0010286669902176315,0.0010286669902176315,3,,""
"org.axonframework.messaging.core.unitofwork.transaction.NoTransactionManager","NoTransactionManager",0.2835612353542679,0.1877475324008761,30,0,0.004149377593360996,0.0030554507732930974,0.0018042864047097928,0.0018042864047097928,3,3,""
"org.axonframework.messaging.core.timeout.AxonTimeoutException","AxonTimeoutException",0.2730681028889118,0.21761034374060242,0,0,0.0024204702627939143,0.001991701244813278,6.8031408135428e-06,6.8031408135428e-06,1,,""
"org.axonframework.messaging.core.timeout.TimeoutWrappedMessageHandlingMember","TimeoutWrappedMessageHandlingMember",0.1629717391304348,0.16039565238697662,75.83333333333333,0,0.0012448132780082987,0.0011065006915629322,0.0010273874407390295,0.0010273874407390295,1,6,""
"org.axonframework.messaging.core.configuration.MessagingConfigurationDefaults","MessagingConfigurationDefaults",0.15142819983737843,0.151339877835813,717.9198412698413,13.37,0.002627939142461964,0.0022981168209383978,0.002992878865774872,0.002992878865774872,1,62,""
"org.axonframework.messaging.core.timeout.HandlerTimeoutHandlerEnhancerDefinition","HandlerTimeoutHandlerEnhancerDefinition",0.17550000000000002,0.169412321676556,48.66666666666667,0,0.0008298755186721991,0.0008298755186721991,2.1675758443213688e-05,2.1675758443213688e-05,1,8,""
"org.axonframework.messaging.core.configuration.reflection.ConfigurationParameterResolverFactory","ConfigurationParameterResolverFactory",0.181875,0.16464847099171195,14.75,0,0.0008298755186721991,0.0008298755186721991,7.083459421515349e-05,7.083459421515349e-05,1,5,""
"org.axonframework.messaging.core.configuration.reflection.ConfigurationParameterResolverConfigurationEnhancer","ConfigurationParameterResolverConfigurationEnhancer",0.15000000000000002,0.15000000000000002,0,0,0,0,0,0,,4,""
"org.axonframework.messaging.core.HierarchicalMessageTypeResolver","HierarchicalMessageTypeResolver",0.18754451308199546,0.17228411143037958,5.5,0,0.0012448132780082987,0.0011065006915629322,0.0003382785830672936,0.0003382785830672936,1,2,""
"org.axonframework.messaging.core.NamespaceMessageTypeResolver","NamespaceMessageTypeResolver",0.18754451308199546,0.17228411143037958,13,0,0.0008298755186721991,0.0008298755186721991,0.0003382785830672936,0.0003382785830672936,1,3,""
"org.axonframework.messaging.core.NamespaceMessageTypeResolver$Builder","NamespaceMessageTypeResolver$Builder",0.22085013886198895,0.19274421990488239,1,0,0.0008298755186721991,0.0008298755186721991,0.00033769364575953354,0.00033769364575953354,1,4,""
"org.axonframework.messaging.core.RemoteNonTransientHandlingException","RemoteNonTransientHandlingException",0.28739637466713663,0.2105885579756121,2,0,0.006391029440821972,0.00498868351565447,1.3587277916979563e-08,1.3587277916979563e-08,2,2,""
"org.axonframework.messaging.tracing.MultiSpanFactory","MultiSpanFactory",0.15000000000000002,0.15000000000000002,0,0,0,0,0,0,,5,""
"org.axonframework.messaging.tracing.MultiSpanFactory$MultiSpan","MultiSpanFactory$MultiSpan",0.17750000000000002,0.175177734113339,1,0,0.0008298755186721991,0.0008298755186721991,0.0008052931729788076,0.0008052931729788076,1,2,""
"org.axonframework.messaging.tracing.TracingHandlerEnhancerDefinition","TracingHandlerEnhancerDefinition",0.31640932049358356,0.24006489026208322,54,0,0.0016597510373443983,0.0016597510373443983,0.0019014483895380785,0.0019014483895380785,2,6,""
"org.axonframework.messaging.tracing.TracingHandlerEnhancerDefinition$Builder","TracingHandlerEnhancerDefinition$Builder",0.26324123049244047,0.21886777845532482,0,0,0.0012448132780082987,0.0011065006915629322,0.00018865997148018602,0.00018865997148018602,1,3,""
"org.axonframework.messaging.tracing.TracingHandlerEnhancerDefinition$1","TracingHandlerEnhancerDefinition$1",0.19246546143466525,0.17582541692074688,28,0,0.0012448132780082987,0.0011065006915629322,0.00018865997148018602,0.00018865997148018602,1,7,""
"org.axonframework.messaging.tracing.NoOpSpanFactory","NoOpSpanFactory",0.15000000000000002,0.15000000000000002,0,0,0,0,0,0,,5,""
"org.axonframework.messaging.tracing.attributes.MessageIdSpanAttributesProvider","MessageIdSpanAttributesProvider",0.15000000000000002,0.15000000000000002,0,0,0,0,0,0,,2,""
"org.axonframework.messaging.tracing.attributes.MessageTypeSpanAttributesProvider","MessageTypeSpanAttributesProvider",0.15000000000000002,0.15000000000000002,0,0,0,0,0,0,,2,""
"org.axonframework.messaging.tracing.attributes.PayloadTypeSpanAttributesProvider","PayloadTypeSpanAttributesProvider",0.15000000000000002,0.15000000000000002,0,0,0,0,0,0,,2,""
"org.axonframework.messaging.tracing.attributes.AggregateIdentifierSpanAttributesProvider","AggregateIdentifierSpanAttributesProvider",0.15000000000000002,0.15000000000000002,0,0,0,0,0,0,,2,""
"org.axonframework.messaging.tracing.attributes.MessageNameSpanAttributesProvider","MessageNameSpanAttributesProvider",0.15000000000000002,0.15000000000000002,0,0,0,0,0,0,,3,""
"org.axonframework.messaging.tracing.attributes.MetadataSpanAttributesProvider","MetadataSpanAttributesProvider",0.15000000000000002,0.15000000000000002,0,0,0,0,0,0,,3,""
"org.axonframework.messaging.tracing.SpanUtils","SpanUtils",0.1536898043452401,0.15313824135601595,20.5,0,0.0012448132780082987,0.0011065006915629322,0.000808087796838392,0.000808087796838392,1,2,""
"org.axonframework.messaging.tracing.SpanAttributesProvider","SpanAttributesProvider",0.4921828033175353,0.3082957215695868,338.75,0,0.014522821576763486,0.01291914320959964,0.008857397381219396,0.008857397381219396,11,1,""
"org.axonframework.update.UpdateCheckerHttpClient","UpdateCheckerHttpClient",0.21372364440347555,0.20464454627787879,0,0,0.002904564315352697,0.0026556016597510373,0.0012551876132037793,0.0012551876132037793,3,4,""
"org.axonframework.update.detection.MachineId","MachineId",0.17175628967012568,0.16826033308547866,0,0,0.0019363762102351315,0.0016597510373443983,0.0003753636790027644,0.0003753636790027644,1,1,""
"org.axonframework.update.common.DelayedTask","DelayedTask",0.17719536208765704,0.1728254163568483,0,0,0.0019363762102351315,0.0016597510373443983,0.0003753636790027644,0.0003753636790027644,1,1,""
"org.axonframework.update.detection.KotlinVersion","KotlinVersion",0.15543907241753147,0.1545650832713697,0,0,0.0019363762102351315,0.0016597510373443983,0.0003753636790027644,0.0003753636790027644,1,1,""
"org.axonframework.update.detection.AxonVersionDetector","AxonVersionDetector",0.15543907241753147,0.1545650832713697,2,0,0.0019363762102351315,0.0016597510373443983,0.0003753636790027644,0.0003753636790027644,1,2,""
"org.axonframework.update.detection.TestEnvironmentDetector","TestEnvironmentDetector",0.3038393189579529,0.17768813662859595,1.3333333333333333,0,0.0023513139695712313,0.0018968583283935979,0.0005947035459406654,0.0005947035459406654,2,1,""
"org.axonframework.update.UpdateCheckerConfigurationEnhancer","UpdateCheckerConfigurationEnhancer",0.15000000000000002,0.15000000000000002,0,0,0,0,0,0,,12,""
"org.axonframework.update.LoggingUpdateCheckerReporter","LoggingUpdateCheckerReporter",0.154811320754717,0.15441910591886884,7,0,0.0008298755186721991,0.0008298755186721991,0.0005936769842946758,0.0005936769842946758,1,7,""
"org.axonframework.update.configuration.CommandLineUsagePropertyProvider","CommandLineUsagePropertyProvider",0.3523622680503961,0.2088569415583183,0,0,0.0053941908713692945,0.005195742377773769,0.00030918056444767024,0.00030918056444767024,1,2,""
"org.axonframework.update.configuration.EnvironmentVariableUsagePropertyProvider","EnvironmentVariableUsagePropertyProvider",0.3523622680503961,0.2088569415583183,12,0,0.0053941908713692945,0.005195742377773769,0.00030918056444767024,0.00030918056444767024,1,3,""
"org.axonframework.update.configuration.PropertyFileUsagePropertyProvider","PropertyFileUsagePropertyProvider",0.3523622680503961,0.2088569415583183,0,0,0.0053941908713692945,0.005195742377773769,0.00030918056444767024,0.00030918056444767024,1,3,""
"org.axonframework.update.configuration.DefaultUsagePropertyProvider","DefaultUsagePropertyProvider",0.45085301641641995,0.24576951587476867,0,0,0.005809128630705394,0.005431912485854394,0.0006216897358181788,0.0006216897358181788,2,2,""
"org.axonframework.update.configuration.HierarchicalUsagePropertyProvider","HierarchicalUsagePropertyProvider",0.3523622680503961,0.2088569415583183,0,0,0.0053941908713692945,0.005195742377773769,0.00030918056444767024,0.00030918056444767024,1,2,""
"org.axonframework.update.UpdateChecker","UpdateChecker",0.19196735473334994,0.18638421319240017,16,0,0.002074688796680498,0.001867219917012448,0.0008798239342010147,0.0008798239342010147,2,11,""
"org.axonframework.update.UpdateCheckerReporter","UpdateCheckerReporter",0.1934173726397602,0.18739618732366786,18.333333333333332,0,0.0037344398340248964,0.0034578146611341635,0.001263022452115131,0.001263022452115131,4,2,""
"org.axonframework.update.configuration.UsagePropertyProvider","UsagePropertyProvider",1.1903663297101261,0.5090772489520079,68.66666666666667,0,0.00995850622406639,0.00995850622406639,0.0031650373768282937,0.0031650373768282937,12,6,""
"org.axonframework.update.configuration.EnvironmentVariableUsagePropertyProvider$EnvironmentVariableSupplier","EnvironmentVariableUsagePropertyProvider$EnvironmentVariableSupplier",0.37463086769012477,0.2338453643175273,0,0,0.004287690179806363,0.0038958045182111573,0.00031197454914971433,0.00031197454914971433,1,,""
"org.axonframework.update.api.UpdateCheckResponse","UpdateCheckResponse",0.3019644464589245,0.22960407553669782,18.166666666666664,0,0.004426002766251729,0.0036967182195397964,0.0006994641312415324,0.0006994641312415324,4,4,""
"org.axonframework.update.api.UpdateCheckRequest","UpdateCheckRequest",0.3442378614007917,0.2576437939603348,4.166666666666666,0,0.004426002766251729,0.0036967182195397964,0.0006994641312415324,0.0006994641312415324,4,2,""
"org.axonframework.update.api.Artifact","Artifact",0.5604222756826381,0.3958448856849489,0,0,0.004633471645919779,0.0037344398340248964,0.0006219271926304838,0.0006219271926304838,3,1,""
"org.axonframework.update.api.DetectedVulnerability","DetectedVulnerability",0.29001527643073954,0.24400853832599553,0,0,0.0038035961272475795,0.003124237246765926,0.00031597375649239275,0.00031597375649239275,2,2,""
"org.axonframework.update.api.ArtifactAvailableUpgrade","ArtifactAvailableUpgrade",0.25775319135291563,0.21948441604290883,0,0,0.0038035961272475795,0.003124237246765926,0.00031597375649239275,0.00031597375649239275,2,1,""
"org.axonframework.update.api.DetectedVulnerabilitySeverity","DetectedVulnerabilitySeverity",0.3859006904305867,0.25364055241233785,0.3333333333333333,0,0.004633471645919779,0.0037344398340248964,0.0006230218228739444,0.0006230218228739444,3,1,""
"org.axonframework.extension.metrics.micrometer.TagsUtil","TagsUtil",0.16431932834643,0.16196862314882174,0,0,0.0016597510373443983,0.0014937759336099584,0.0018046483916973762,0.0018046483916973762,1,3,""
"org.axonframework.extension.metrics.micrometer.MessageTimerMonitor$Builder","MessageTimerMonitor$Builder",0.3310523158515348,0.26672158549467745,2,0,0.002904564315352697,0.0025933609958506223,0.0026727000872153995,0.0026727000872153995,2,3,""
"org.axonframework.extension.metrics.micrometer.MessageTimerMonitor","MessageTimerMonitor",0.3375047340865934,0.2570074868303713,40,0,0.0033195020746887966,0.002963841138114997,0.002651573260616983,0.002651573260616983,3,5,""
"org.axonframework.extension.metrics.micrometer.CapacityMonitor$1","CapacityMonitor$1",0.17566825189251897,0.16897627961492726,4,0,0.0017980636237897648,0.001475334255417243,0.0008650198462628112,0.0008650198462628112,1,3,""
"org.axonframework.extension.metrics.micrometer.CapacityMonitor","CapacityMonitor",0.22145164107106047,0.19872252631202636,22.499999999999996,0,0.0024896265560165973,0.0022130013831258644,0.0018589618100411872,0.0018589618100411872,2,5,""
"org.axonframework.extension.metrics.micrometer.reservoir.SlidingTimeWindowReservoir","SlidingTimeWindowReservoir",0.2727461189009462,0.23718770872632935,0,0,0.002627939142461964,0.002074688796680498,0.0009193332646066225,0.0009193332646066225,2,,""
"org.axonframework.extension.metrics.micrometer.MetricsConfigurationEnhancer","MetricsConfigurationEnhancer",0.21689570877680728,0.1895689365307686,134.2,0,0.0016597510373443983,0.0016597510373443983,8.683075967646755e-05,8.683075967646755e-05,2,21,""
"org.axonframework.extension.metrics.micrometer.EventProcessorLatencyMonitor$Builder","EventProcessorLatencyMonitor$Builder",0.24112820909164379,0.2186144643453946,4.5,0,0.0024896265560165973,0.0022130013831258644,0.0031656952476167097,0.0031656952476167097,2,3,""
"org.axonframework.extension.metrics.micrometer.MessageCountingMonitor","MessageCountingMonitor",0.21054638011284785,0.17396829459737811,36,0,0.0024896265560165973,0.0022130013831258644,0.0018573721370582425,0.0018573721370582425,2,4,""
"org.axonframework.extension.metrics.micrometer.EventProcessorLatencyMonitor","EventProcessorLatencyMonitor",0.20302964060424294,0.18486936397246798,13.999999999999998,0,0.0024896265560165973,0.0022130013831258644,0.00259738504787039,0.00259738504787039,2,6,""
"org.axonframework.extension.metrics.micrometer.MessageTimerMonitor$1","MessageTimerMonitor$1",0.1930318383514326,0.1765288835121388,0,0,0.0022130013831258644,0.001886080724254998,0.0008680516955180233,0.0008680516955180233,1,2,""
"org.axonframework.extension.metrics.micrometer.springboot.MetricsProperties$Micrometer","MetricsProperties$Micrometer",0.3381387721614218,0.25075876764498417,0,0,0.002074688796680498,0.001867219917012448,2.598153891213178e-05,2.598153891213178e-05,2,,""
"org.axonframework.extension.metrics.micrometer.springboot.MicrometerMetricsAutoConfiguration$1","MicrometerMetricsAutoConfiguration$1",0.1899816525936416,0.17562278466368014,0,0,0.0008298755186721991,0.0008298755186721991,2.593669026140837e-05,2.593669026140837e-05,1,4,""
"org.axonframework.extension.metrics.micrometer.springboot.MicrometerMetricsAutoConfiguration","MicrometerMetricsAutoConfiguration",0.20382811236633133,0.17789230373417697,38.99999999999999,0,0.0008298755186721991,0.0008298755186721991,6.089406941505919e-05,6.089406941505919e-05,1,6,""
"org.axonframework.extension.metrics.micrometer.springboot.MetricsProperties","MetricsProperties",0.1899816525936416,0.17562278466368014,0,0,0.0012448132780082987,0.0011065006915629322,2.593669026140837e-05,2.593669026140837e-05,1,1,""
"org.axonframework.extension.metrics.micrometer.MessageCountingMonitor$1","MessageCountingMonitor$1",0.19474109429742756,0.1765576858291949,0,0,0.0017980636237897648,0.001475334255417243,0.0008634301732798664,0.0008634301732798664,1,2,""
"org.axonframework.axonserver.connector.AxonServerConnectionManager","AxonServerConnectionManager",0.3675660657654126,0.2740422449676227,107.2,0,0.006639004149377593,0.006110901546586195,0.0034802871197924324,0.0034802871197924324,7,4,""
"org.axonframework.axonserver.connector.util.GrpcMessageSizeInterceptor","GrpcMessageSizeInterceptor",0.6759922313775377,0.34514755443894757,42,0,0.005186721991701245,0.004120761196165402,0.00017426139410033425,0.00017426139410033425,3,2,""
"org.axonframework.axonserver.connector.TopologyChange","TopologyChange",0.4402394832288327,0.22546558604154884,17,0,0.0030428769017980637,0.0024896265560165973,6.887899261809644e-50,6.887899261809644e-50,2,3,""
"org.axonframework.axonserver.connector.MetadataConverter$1","MetadataConverter$1",0.4891184696543247,0.19565781193253592,0,0,0.005194625568069552,0.00428275044457617,0.00030650169765445584,0.00030650169765445584,1,1,""
"org.axonframework.axonserver.connector.util.ExceptionConverter","ExceptionConverter",0.20098641943966397,0.1836102441381141,102.6,0,0.009778699861687412,0.007376671277086215,0.003989072693092499,0.003989072693092499,6,3,""
"org.axonframework.axonserver.connector.AxonServerException","AxonServerException",0.35957156716985383,0.24191541976672698,0,0,0.006439438846077851,0.005269050912204439,7.060988795852816e-05,7.060988795852816e-05,1,2,""
"org.axonframework.axonserver.connector.query.AxonServerNonTransientRemoteQueryHandlingException","AxonServerNonTransientRemoteQueryHandlingException",0.16164286484276968,0.1551064122092626,17.500000000000004,0,0.00685437660541395,0.005630386211299075,7.060988795852816e-05,7.060988795852816e-05,1,2,""
"org.axonframework.axonserver.connector.query.AxonServerQueryDispatchException","AxonServerQueryDispatchException",0.16164286484276968,0.1551064122092626,0,0,0.006439438846077851,0.005269050912204439,7.060988795852816e-05,7.060988795852816e-05,1,2,""
"org.axonframework.axonserver.connector.query.AxonServerRemoteQueryHandlingException","AxonServerRemoteQueryHandlingException",0.16164286484276968,0.1551064122092626,27.99999999999999,0,0.00685437660541395,0.005630386211299075,7.060988795852816e-05,7.060988795852816e-05,1,2,""
"org.axonframework.axonserver.connector.command.AxonServerNonTransientRemoteCommandHandlingException","AxonServerNonTransientRemoteCommandHandlingException",0.16164286484276968,0.1551064122092626,17.500000000000004,0,0.00685437660541395,0.005630386211299075,7.060988795852816e-05,7.060988795852816e-05,1,2,""
"org.axonframework.axonserver.connector.command.AxonServerRemoteCommandHandlingException","AxonServerRemoteCommandHandlingException",0.17328572968553935,0.16021282441852527,0,0,0.00685437660541395,0.005630386211299075,7.060988795852816e-05,7.060988795852816e-05,1,2,""
"org.axonframework.axonserver.connector.command.AxonServerCommandDispatchException","AxonServerCommandDispatchException",0.16164286484276968,0.1551064122092626,21,0,0.00685437660541395,0.005630386211299075,7.060988795852816e-05,7.060988795852816e-05,1,1,""
"org.axonframework.axonserver.connector.AxonServerConfiguration$Eventhandling$ProcessorSettings","AxonServerConfiguration$Eventhandling$ProcessorSettings",1.3407226559673349,0.2582982492289904,12,0,0.007745504840940525,0.006721991701244814,0.0017459669617948712,0.0017459669617948712,3,1,""
"org.axonframework.axonserver.connector.util.PriorityExecutorService","PriorityExecutorService",0.2775,0.1880371057513915,3,0,0.0008298755186721991,0.0008298755186721991,6.5688126199814265e-56,6.5688126199814265e-56,1,2,""
"org.axonframework.axonserver.connector.AxonServerConfiguration$FlowControlConfiguration","AxonServerConfiguration$FlowControlConfiguration",0.4140655295331934,0.34728036878274476,0,0,0.006984785615491009,0.00584961036332355,0.00019161963553133093,0.00019161963553133093,3,,""
"org.axonframework.axonserver.connector.AxonServerConfiguration","AxonServerConfiguration",0.5488733662988139,0.450402663324462,65,0,0.009405255878284925,0.008171082030003192,0.0058747642187924705,0.0058747642187924705,7,6,""
"org.axonframework.axonserver.connector.TopologyChange$1","TopologyChange$1",0.18742035607445082,0.16551537423228221,0,0,0.0022130013831258644,0.0017573834513058336,7.634677792147726e-47,7.634677792147726e-47,1,1,""
"org.axonframework.axonserver.connector.MetadataConverter","MetadataConverter",0.5984443582135144,0.20691003839579616,17.666666666666668,0,0.007842323651452281,0.005995850622406639,0.006679161918479175,0.006679161918479175,4,2,""
"org.axonframework.axonserver.connector.AxonServerRegistration","AxonServerRegistration",0.15000000000000002,0.15000000000000002,0,0,0,0,0,0,,1,""
"org.axonframework.axonserver.connector.AxonServerConfiguration$Eventhandling","AxonServerConfiguration$Eventhandling",1.3609619418597965,0.24191803494656366,4,0,0.008298755186721993,0.007075780738152435,0.0023688183263214954,0.0023688183263214954,4,1,""
"org.axonframework.axonserver.connector.util.GrpcMessageSizeInterceptor$1","GrpcMessageSizeInterceptor$1",0.77120430559299,0.33393574430680856,12,0,0.004038727524204703,0.003064155761251197,3.034224292440483e-07,3.034224292440483e-07,2,4,""
"org.axonframework.axonserver.connector.AxonServerConnectionManager$Builder","AxonServerConnectionManager$Builder",0.31072257606563214,0.24132428170237052,85.03333333333333,0,0.00442600276625173,0.003954112765438125,0.0006330617469773654,0.0006330617469773654,2,8,""
"org.axonframework.axonserver.connector.TagsConfiguration","TagsConfiguration",0.3168524806514583,0.22573535331754,0,0,0.005601659751037344,0.00436586685910157,0.001056847390147473,0.001056847390147473,4,,""
"org.axonframework.axonserver.connector.ErrorCode$ExceptionBuilder","ErrorCode$ExceptionBuilder",0.17910716210692415,0.1627660305231565,0,0,0.00685437660541395,0.005630386211299075,7.060988795852816e-05,7.060988795852816e-05,1,1,""
"org.axonframework.axonserver.connector.ManagedChannelCustomizer","ManagedChannelCustomizer",0.1530046855902974,0.15276507170902684,0,0,0.0017289073305670813,0.0013278008298755186,0.0006217762148548244,0.0006217762148548244,1,,""
"org.axonframework.axonserver.connector.util.PriorityTaskSchedulers","PriorityTaskSchedulers",0.15000000000000002,0.15000000000000002,0,0,0,0,0,0,,1,""
"org.axonframework.axonserver.connector.ErrorCode","ErrorCode",0.8492443515843229,0.38659744361659965,688.7000000000002,0,0.010470262793914244,0.007544322897019992,0.002497536152297793,0.002497536152297793,8,19,""
"org.axonframework.axonserver.connector.InstructionAckSource","InstructionAckSource",0.2775,0.17235281290885307,61,0,0.0008298755186721991,0.0008298755186721991,6.5688126199814265e-56,6.5688126199814265e-56,1,1,""
"org.axonframework.axonserver.connector.util.GrpcMessageSizeInterceptor$1$1","GrpcMessageSizeInterceptor$1$1",0.40290225431408816,0.2212119088888827,12,0,0.004038727524204703,0.003064155761251197,3.0394618750734495e-07,3.0394618750734495e-07,2,3,""
"org.axonframework.axonserver.connector.util.GrpcMessageSizeWarningThresholdReachedException","GrpcMessageSizeWarningThresholdReachedException",0.2608878167971308,0.19156763292378895,0,0,0.0039004149377593355,0.002749979659913758,6.05271769238526e-07,6.05271769238526e-07,2,,""
"org.axonframework.axonserver.connector.util.GrpcMessageSizeExceededException","GrpcMessageSizeExceededException",0.22283595171946602,0.17500401547145095,0,0,0.0034854771784232365,0.0026970954356846473,3.028977637509113e-07,3.028977637509113e-07,1,,""
"org.axonframework.axonserver.connector.util.Scheduler$ScheduledTask","Scheduler$ScheduledTask",0.2775,0.1880371057513915,0,0,0.0008298755186721991,0.0008298755186721991,6.5688126199814265e-56,6.5688126199814265e-56,1,,""
"org.axonframework.axonserver.connector.util.GrpcExceptionParser","GrpcExceptionParser",0.15000000000000002,0.15000000000000002,0,0,0,0,0,0,,1,""
"org.axonframework.axonserver.connector.util.ProcessingInstructionUtils","ProcessingInstructionUtils",0.17625545869585124,0.1722216273692866,0,0,0.005767634854771784,0.004518211157215307,0.002157252306406027,0.002157252306406027,2,,""
"org.axonframework.axonserver.connector.util.Scheduler","Scheduler",0.15000000000000002,0.15000000000000002,0,0,0,0,0,0,,1,""
"org.axonframework.axonserver.connector.ConnectionManager","ConnectionManager",0.17231650681145516,0.16245381059126152,0,0,0.004287690179806363,0.003951788184153329,1.1285532122541036e-05,1.1285532122541036e-05,1,,""
"org.axonframework.axonserver.connector.AxonServerConfiguration$EventStoreConfiguration","AxonServerConfiguration$EventStoreConfiguration",0.21664890876485596,0.19918325115034952,0,0,0.00615491009681881,0.00557753546270385,7.491880727805133e-06,7.491880727805133e-06,1,,""
"org.axonframework.axonserver.connector.AxonServerConfigurationEnhancer","AxonServerConfigurationEnhancer",0.17232766953544693,0.16241054887723103,600.6190476190476,0,0.0015214384508990318,0.0012448132780082987,6.085978621856517e-05,6.085978621856517e-05,1,27,""
"org.axonframework.axonserver.connector.query.AxonServerQueryBusConnector","AxonServerQueryBusConnector",0.22729106023097154,0.2089469639863642,248.3,0,0.0033886583679114805,0.0024896265560165973,0.0017114701787525385,0.0017114701787525385,3,17,""
"org.axonframework.axonserver.connector.query.QueryUpdateMessageStream","QueryUpdateMessageStream",0.15654906269767996,0.15557594212180612,16.900000000000002,0,0.0027247579529737207,0.002140205284996724,0.0026113886398268123,0.0026113886398268123,1,5,""
"org.axonframework.axonserver.connector.query.QueryConverter","QueryConverter",0.23419748921359065,0.2099115207408008,228.4361111111111,0,0.006044260027662517,0.004149377593360996,0.00546229310245247,0.00546229310245247,6,13,""
"org.axonframework.axonserver.connector.query.QueryResponseMessageStream","QueryResponseMessageStream",0.16964718809303986,0.16672782636541822,0,0,0.0027247579529737207,0.002140205284996724,0.0026113886398268123,0.0026113886398268123,1,6,""
"org.axonframework.axonserver.connector.query.AxonServerQueryBusConnector$LocalSegmentAdapter","AxonServerQueryBusConnector$LocalSegmentAdapter",0.16964718809303986,0.16672782636541822,6,0,0.0023098201936376213,0.0017573834513058336,0.0026113886398268123,0.0026113886398268123,1,9,""
"org.axonframework.axonserver.connector.query.AxonServerQueryBusConnector$AxonServerUpdateCallback","AxonServerQueryBusConnector$AxonServerUpdateCallback",0.17387454351803386,0.16932843885788826,129.86666666666665,0,0.0027247579529737207,0.001867219917012448,0.003465601441910474,0.003465601441910474,2,6,""
"org.axonframework.axonserver.connector.query.FlowControlledResponseSender","FlowControlledResponseSender",0.16373334144612922,0.1610269785313235,14.458333333333332,0,0.002309820193637621,0.00169432918395574,0.0008542128020836615,0.0008542128020836615,1,7,""
"org.axonframework.axonserver.connector.event.TaggedEventConverter","TaggedEventConverter",0.21191059075208132,0.2012710092366047,22.5,0,0.004107883817427386,0.002688796680497925,0.007110392264697772,0.007110392264697772,3,10,""
"org.axonframework.axonserver.connector.event.AxonServerEventStorageEngineFactory","AxonServerEventStorageEngineFactory",0.15225351419272304,0.1520738037817701,81.91666666666667,0,0.0017289073305670813,0.0013278008298755186,0.0006217762148548244,0.0006217762148548244,1,10,""
"org.axonframework.axonserver.connector.event.EventProcessorControlService","EventProcessorControlService",0.19978284587062606,0.19085663698127428,294.9,0,0.002558782849239281,0.001886080724254998,0.000652896946480739,0.000652896946480739,2,15,""
"org.axonframework.axonserver.connector.TopologyChangeListener","TopologyChangeListener",0.15403803782250192,0.1534775540718628,16,0,0.0024896265560165973,0.0022130013831258644,0.0008813669655999551,0.0008813669655999551,2,1,""
"org.axonframework.axonserver.connector.command.AxonServerCommandBusConnector","AxonServerCommandBusConnector",0.202070214260961,0.1809565377880135,104,0,0.002558782849239281,0.001886080724254998,0.0007806120022430691,0.0007806120022430691,2,15,""
"org.axonframework.axonserver.connector.AxonServerConfiguration$Builder","AxonServerConfiguration$Builder",0.1944326058432374,0.18278883410023303,6,0,0.0057399723374827105,0.005181661775123975,7.491880727805133e-06,7.491880727805133e-06,1,2,""
"org.axonframework.axonserver.connector.AxonServerConfiguration$HeartbeatConfiguration","AxonServerConfiguration$HeartbeatConfiguration",0.3059149360106766,0.24899849351539546,0,0,0.007192254495159059,0.006482000672872043,1.8777412850346168e-05,1.8777412850346168e-05,2,,""
"org.axonframework.axonserver.connector.query.AbstractQueryResponseMessageStream","AbstractQueryResponseMessageStream",0.21531112606708777,0.19150142836350395,99.5,0,0.0034163208852005535,0.0024007113218731477,0.000538367020093531,0.000538367020093531,2,7,""
"org.axonframework.axonserver.connector.TopologyChange$Type","TopologyChange$Type",0.33710178037225386,0.22757687116141104,0,0,0.0026279391424619642,0.002140205284996724,7.634677792147726e-47,7.634677792147726e-47,1,,""
"org.axonframework.axonserver.connector.event.SourcingEventMessageStream","SourcingEventMessageStream",0.15906493575691108,0.1575032078758311,65.53333333333333,0,0.002448132780082988,0.0017679956702146853,0.002955367723217051,0.002955367723217051,1,13,""
"org.axonframework.axonserver.connector.event.AggregateBasedAxonServerEventStorageEngine$1","AggregateBasedAxonServerEventStorageEngine$1",0.1529532972766023,0.15281791811764434,1.5,0,0.0008298755186721991,0.0008298755186721991,0.0045103802182160785,0.0045103802182160785,1,6,""
"org.axonframework.axonserver.connector.event.AggregateBasedAxonServerEventStorageEngine","AggregateBasedAxonServerEventStorageEngine",0.15866735333633256,0.1565923307326502,110,0,0.0008298755186721991,0.0008298755186721991,0.0001415932662242365,0.0001415932662242365,1,36,""
"org.axonframework.axonserver.connector.event.ConditionConverter","ConditionConverter",0.16359740363536657,0.1612548118137467,12,0,0.002448132780082988,0.0017679956702146853,0.002955367723217051,0.002955367723217051,1,11,""
"org.axonframework.axonserver.connector.event.EventProcessorInfoUtils","EventProcessorInfoUtils",0.1597970434032711,0.15858289503110404,12,0,0.0023098201936376213,0.0017573834513058336,0.001735461238756362,0.001735461238756362,1,7,""
"org.axonframework.axonserver.connector.event.AxonServerEventStorageEngine","AxonServerEventStorageEngine",0.22928955149833818,0.21054880387112354,262.5,0,0.0027247579529737207,0.001867219917012448,0.0007865029455759391,0.0007865029455759391,2,19,""
"org.axonframework.axonserver.connector.event.StreamingEventMessageStream","StreamingEventMessageStream",0.15906493575691108,0.1575032078758311,20,0,0.002448132780082988,0.0017679956702146853,0.002955367723217051,0.002955367723217051,1,10,""
"org.axonframework.axonserver.connector.TopologyChange$HandlerSubscription","TopologyChange$HandlerSubscription",0.29968142429780315,0.2120614969291288,0,0,0.0026279391424619642,0.002140205284996724,7.634677792147726e-47,7.634677792147726e-47,1,,""
"org.axonframework.axonserver.connector.event.AxonServerMessageStream","AxonServerMessageStream",0.1529532972766023,0.15281791811764434,9,0,0.0012448132780082987,0.0011065006915629322,0.0045103802182160785,0.0045103802182160785,1,10,""
"org.axonframework.axonserver.connector.event.AggregateBasedAxonServerEventStorageEngine$AggregateSource","AggregateBasedAxonServerEventStorageEngine$AggregateSource",0.15787545940427275,0.15751444831371825,0,0,0.0012448132780082987,0.0011065006915629322,0.0045103802182160785,0.0045103802182160785,1,3,""
"org.axonframework.axonserver.connector.event.EventProcessorControlService$AxonProcessorInstructionHandler","EventProcessorControlService$AxonProcessorInstructionHandler",0.1597970434032711,0.15858289503110404,0,0,0.0018948824343015213,0.0013831258644536651,0.001735461238756362,0.001735461238756362,1,3,""
"org.axonframework.axonserver.connector.event.AxonServerEventStorageEngine$AxonServerAppendTransaction","AxonServerEventStorageEngine$AxonServerAppendTransaction",0.16359740363536657,0.1612548118137467,9,0,0.002033195020746888,0.0014226437462951983,0.002955367723217051,0.002955367723217051,1,5,""
"org.axonframework.axonserver.connector.DefaultInstructionAckSource","DefaultInstructionAckSource",0.15000000000000002,0.15000000000000002,0,0,0,0,0,0,,1,""
"org.axonframework.axonserver.connector.TargetContextResolver","TargetContextResolver",0.15000000000000002,0.15000000000000002,0,0,0,0,0,0,,2,""
"org.axonframework.axonserver.connector.command.CommandConverter","CommandConverter",0.18559820315885261,0.17280945389079735,143.45,0,0.0027247579529737207,0.001867219917012448,0.002345431113827881,0.002345431113827881,2,12,""
"org.axonframework.axonserver.connector.command.AxonServerCommandBusConnector$FutureResultCallback","AxonServerCommandBusConnector$FutureResultCallback",0.16256778161866958,0.16009625670581745,0,0,0.0018948824343015213,0.0013831258644536651,0.0021865953264396366,0.0021865953264396366,1,4,""
"org.axonframework.modelling.PropertyBasedEntityIdResolver","PropertyBasedEntityIdResolver",0.1640539772727273,0.16048167350495912,17.333333333333332,0,0.0012448132780082987,0.0011065006915629322,0.0003725717062011109,0.0003725717062011109,1,8,""
"org.axonframework.modelling.annotation.InjectEntityParameterResolver","InjectEntityParameterResolver",0.1640539772727273,0.16048167350495912,14,0,0.0012448132780082987,0.0011065006915629322,0.0003725717062011109,0.0003725717062011109,1,7,""
"org.axonframework.modelling.annotation.AnnotationBasedEntityIdResolverDefinition","AnnotationBasedEntityIdResolverDefinition",0.15000000000000002,0.15000000000000002,0,0,0,0,0,0,,5,""
"org.axonframework.modelling.annotation.InjectEntityParameterResolverFactoryConfigurationEnhancer","InjectEntityParameterResolverFactoryConfigurationEnhancer",0.15000000000000002,0.15000000000000002,0,0,0,0,0,0,,4,""
"org.axonframework.modelling.annotation.InjectEntityParameterResolverFactory","InjectEntityParameterResolverFactory",0.181875,0.16464847099171195,48.5,0,0.0008298755186721991,0.0008298755186721991,7.083459421515349e-05,7.083459421515349e-05,1,9,""
"org.axonframework.modelling.LoadedEntityNotOfExpectedTypeException","LoadedEntityNotOfExpectedTypeException",0.15471359671522625,0.15424739347244795,0,0,0.0017289073305670813,0.0013278008298755186,0.001526306869211885,0.001526306869211885,1,,""
"org.axonframework.modelling.HierarchicalStateManager","HierarchicalStateManager",0.15980769230769232,0.15720177040888017,16,0,0.0008298755186721991,0.0008298755186721991,0.00021409431378667973,0.00021409431378667973,1,5,""
"org.axonframework.modelling.RepositoryAlreadyRegisteredException","RepositoryAlreadyRegisteredException",0.15471359671522625,0.15424739347244795,0,0,0.0017289073305670813,0.0013278008298755186,0.001526306869211885,0.001526306869211885,1,1,""
"org.axonframework.modelling.EntityEvolver","EntityEvolver",0.47549256301729753,0.32972427363819373,215.31111111111113,0,0.027745504840940523,0.021776733489976503,0.01915571541730892,0.01915571541730892,13,2,""
"org.axonframework.modelling.StateManager","StateManager",0.3789379529077997,0.32746718011578535,119.33333333333333,0,0.013374827109266943,0.01037344398340249,0.006398185331037018,0.006398185331037018,7,6,""
"org.axonframework.modelling.entity.annotation.AnnotatedEntityMetamodel","AnnotatedEntityMetamodel",0.6973185482373527,0.36845131047711743,3160.1476190476187,0,0.01648686030428769,0.011420667852203123,0.008544204801377096,0.008544204801377096,13,29,""
"org.axonframework.modelling.repository.ManagedEntity","ManagedEntity",0.8491475601025484,0.5321244373459106,0,0,0.018223671211223074,0.013017655194858027,0.016725769964067144,0.016725769964067144,12,,""
"org.axonframework.modelling.repository.Repository","Repository",0.6247911373644088,0.44621332045188167,82.4,0,0.017731673582295993,0.013524995060264769,0.009704281277882065,0.009704281277882065,11,4,""
"org.axonframework.modelling.EntityIdResolver","EntityIdResolver",0.6396161505199691,0.38430591680559173,330.75000000000006,0,0.020816044260027665,0.016546441110756465,0.015200395343417562,0.015200395343417562,17,3,""
"org.axonframework.modelling.EntityEvolvingComponent","EntityEvolvingComponent",0.16164650051638907,0.15918100222015125,20.583333333333332,0,0.009032799841928472,0.007282689647834875,0.006436001722519578,0.006436001722519578,2,2,""
"org.axonframework.modelling.EntityIdResolutionException","EntityIdResolutionException",0.44498685527285803,0.2620717718985295,0,0,0.014190871369294608,0.011592852908798372,0.009581080914348714,0.009581080914348714,5,,""
"org.axonframework.modelling.annotation.TargetEntityIdMemberMismatchException","TargetEntityIdMemberMismatchException",0.1685927840909091,0.16384587497453468,0,0,0.0015214384508990318,0.0012448132780082987,0.0017482361141035298,0.0017482361141035298,1,,""
"org.axonframework.modelling.StateEvolvingException","StateEvolvingException",0.15629300103277807,0.15542045665593174,0,0,0.008202924323256273,0.006938830143220453,0.004014883406727792,0.004014883406727792,1,,""
"org.axonframework.modelling.MissingRepositoryException","MissingRepositoryException",0.1675193595698808,0.16507494582703283,0,0,0.00297372060857538,0.0022981168209383978,0.002479455511700715,0.002479455511700715,2,,""
"org.axonframework.modelling.SimpleEntityEvolvingComponent","SimpleEntityEvolvingComponent",0.15000000000000002,0.15000000000000002,0,0,0,0,0,0,,8,""
"org.axonframework.modelling.annotation.AnnotationBasedEntityIdResolver","AnnotationBasedEntityIdResolver",0.30979539141736095,0.2164078029202774,36,0,0.006155898043864848,0.004112079817240897,0.00047500265819927685,0.00047500265819927685,3,6,""
"org.axonframework.modelling.annotation.AnnotationBasedEntityEvolvingComponent","AnnotationBasedEntityEvolvingComponent",0.16657960059945748,0.15848138421337013,351.16666666666663,0,0.010436672594348943,0.00854283622162558,0.004410524992539656,0.004410524992539656,1,17,""
"org.axonframework.modelling.PayloadBasedEntityEvolver","PayloadBasedEntityEvolver",0.15000000000000002,0.15000000000000002,0,0,0,0,0,0,,3,""
"org.axonframework.modelling.annotation.TargetEntityId","TargetEntityId",0.1938876664220583,0.17202427620532604,0,0,0.004932160969505367,0.0036185563156517515,0.0017144891391640557,0.0017144891391640557,1,,""
"org.axonframework.modelling.annotation.InjectEntity","InjectEntity",0.21324289772727278,0.19716753077231597,4,0,0.0012448132780082987,0.0011065006915629322,0.0003725717062011109,0.0003725717062011109,1,2,""
"org.axonframework.modelling.annotation.EntityIdResolverDefinition","EntityIdResolverDefinition",0.21389868779509746,0.1887528434089824,539.4,0,0.006804979253112032,0.004888721237268956,0.0012300957193035135,0.0012300957193035135,4,3,""
"org.axonframework.modelling.entity.ConcreteEntityMetamodel","ConcreteEntityMetamodel",0.20225057737677749,0.18213293138307313,379.75185892538826,0,0.019723374827109265,0.016893547839169153,0.0029525576556934394,0.0029525576556934394,3,23,""
"org.axonframework.modelling.entity.EntityMetamodel","EntityMetamodel",0.8589746521026613,0.5871597916361191,1187.567044393515,0,0.03224066390041494,0.02511997113476457,0.027244170694559477,0.027244170694559477,24,11,""
"org.axonframework.modelling.entity.EntityMetamodelBuilder","EntityMetamodelBuilder",0.4265078369988529,0.30281856325424994,862.8960211357271,0,0.024426002766251727,0.02063426200355661,0.012972508707356471,0.012972508707356471,8,6,""
"org.axonframework.modelling.entity.EntityCommandHandler","EntityCommandHandler",0.25123817106082924,0.21131682750713726,94.29761904761904,0,0.01829875518672199,0.015320778806255984,0.006059960192520058,0.006059960192520058,5,5,""
"org.axonframework.modelling.entity.child.EntityChildMetamodel","EntityChildMetamodel",0.39329790811722476,0.2844679955672746,1109.2721712927594,0,0.023485477178423236,0.018054979253112034,0.014756894860169232,0.014756894860169232,11,11,""
"org.axonframework.modelling.entity.child.ListEntityChildMetamodel$Builder","ListEntityChildMetamodel$Builder",0.27610756890686616,0.23803321567402982,120.91666666666666,0,0.016494763880656,0.013562425730037207,0.00210680664140741,0.00210680664140741,3,6,""
"org.axonframework.modelling.entity.child.AbstractEntityChildMetamodel$Builder","AbstractEntityChildMetamodel$Builder",0.364355003290224,0.2966503354263104,59.166666666666636,0,0.014824145425805176,0.011240454009719554,0.003945333154796183,0.003945333154796183,5,4,""
"org.axonframework.modelling.entity.child.EventTargetMatcher","EventTargetMatcher",0.48870902736493704,0.3285592411934651,58.30238095238095,0,0.019291641967990516,0.012500217017656554,0.0062424141536827765,0.0062424141536827765,12,2,""
"org.axonframework.modelling.entity.child.CommandTargetResolver","CommandTargetResolver",0.48682648699891357,0.32963010892281724,58.25,0,0.019291641967990516,0.012500217017656554,0.006012234329429588,0.006012234329429588,12,3,""
"org.axonframework.modelling.entity.child.ListEntityChildMetamodel","ListEntityChildMetamodel",0.21864846265512888,0.19492762541325828,240.96040870893822,0,0.016494763880656,0.013562425730037207,0.0021133721636556304,0.0021133721636556304,3,6,""
"org.axonframework.modelling.entity.child.ChildEntityFieldDefinition","ChildEntityFieldDefinition",1.2556799446949956,0.37355646059919645,212,0,0.017756372258446947,0.012429343145697958,0.0012523807805569916,0.0012523807805569916,9,3,""
"org.axonframework.modelling.entity.PolymorphicEntityMetamodel","PolymorphicEntityMetamodel",0.19989849828035275,0.17882893565956234,950.2154889228417,0,0.021659751037344396,0.018881024055541998,0.006876724317160316,0.006876724317160316,3,18,""
"org.axonframework.modelling.entity.child.SingleEntityChildMetamodel$Builder","SingleEntityChildMetamodel$Builder",0.28287401581253224,0.24277972299377762,120.91666666666666,0,0.016494763880656,0.013562425730037207,0.0020568763638100377,0.0020568763638100377,3,6,""
"org.axonframework.modelling.entity.child.SingleEntityChildMetamodel","SingleEntityChildMetamodel",0.21614621002054188,0.19379233932351347,240.96040870893822,0,0.016494763880656,0.013562425730037207,0.0020634418860582576,0.0020634418860582576,3,6,""
"org.axonframework.modelling.entity.child.ChildAmbiguityException","ChildAmbiguityException",0.2827871049836581,0.21427019209002768,0,0,0.017713890535467302,0.014565881155562515,0.00648798849133126,0.00648798849133126,3,,""
"org.axonframework.modelling.ConcurrencyException","ConcurrencyException",0.17328572968553935,0.16021282441852527,0,0,0.00685437660541395,0.005630386211299075,7.060988795852816e-05,7.060988795852816e-05,1,1,""
"org.axonframework.modelling.entity.annotation.AnnotatedEntityIdResolverDefinition","AnnotatedEntityIdResolverDefinition",0.17255232777855795,0.16245262203264837,597.1666666666666,0,0.004157281169729304,0.003268432812001277,5.855127553172937e-06,5.855127553172937e-06,1,7,""
"org.axonframework.modelling.entity.annotation.ListEntityChildModelDefinition","ListEntityChildModelDefinition",0.15000000000000002,0.15000000000000002,0,0,0,0,0,0,,11,""
"org.axonframework.modelling.entity.annotation.AbstractEntityChildModelDefinition","AbstractEntityChildModelDefinition",0.17714285714285716,0.17166963973604474,139.7142857142857,0,0.0016597510373443983,0.0016597510373443983,0.0003487343425943884,0.0003487343425943884,2,13,""
"org.axonframework.modelling.entity.annotation.RoutingKeyEventTargetMatcherDefinition","RoutingKeyEventTargetMatcherDefinition",0.19441984425583517,0.16702712621641763,125.80238095238096,0,0.0024896265560165973,0.0021339656194427977,2.0579289972951786e-06,2.0579289972951786e-06,1,7,""
"org.axonframework.modelling.entity.annotation.RoutingKeyUtils","RoutingKeyUtils",0.18305136771296268,0.1693108310812936,17,0,0.0027662517289073307,0.001991701244813278,0.000231451682625525,0.000231451682625525,2,3,""
"org.axonframework.modelling.entity.annotation.RoutingKeyCommandTargetResolverDefinition","RoutingKeyCommandTargetResolverDefinition",0.19441984425583517,0.16702712621641763,125.46904761904761,0,0.0024896265560165973,0.0021339656194427977,2.0579289972951786e-06,2.0579289972951786e-06,1,7,""
"org.axonframework.modelling.entity.annotation.SingleEntityChildModelDefinition","SingleEntityChildModelDefinition",0.15000000000000002,0.15000000000000002,0,0,0,0,0,0,,10,""
"org.axonframework.modelling.entity.ChildEntityNotFoundException","ChildEntityNotFoundException",0.16260527127016508,0.1604963398187364,0,0,0.015251926496739779,0.01316102144149743,0.007587436417938929,0.007587436417938929,2,1,""
"org.axonframework.modelling.entity.EntityAlreadyExistsForCreationalCommandHandlerException","EntityAlreadyExistsForCreationalCommandHandlerException",0.1572224993945095,0.1561735352350374,2.166666666666666,0,0.01612131989725351,0.014226437462951984,0.008129925270674927,0.008129925270674927,2,1,""
"org.axonframework.modelling.entity.EntityCommandHandlingComponent","EntityCommandHandlingComponent",0.1613518932979607,0.1573714905356086,368.99285714285713,0,0.007842323651452281,0.006420615854990173,0.0015074482220682698,0.0015074482220682698,2,17,""
"org.axonframework.modelling.entity.annotation.AnnotatedEntityIdResolver","AnnotatedEntityIdResolver",0.17666715988327,0.16758594794531137,0,0,0.003804584074293618,0.002924805181661775,0.0002619722971111028,0.0002619722971111028,1,10,""
"org.axonframework.modelling.entity.annotation.RoutingKeyEventTargetMatcher","RoutingKeyEventTargetMatcher",0.18305136771296268,0.1693108310812936,35.04166666666667,0,0.0024204702627939143,0.0019363762102351315,0.00011592519473321032,0.00011592519473321032,1,5,""
"org.axonframework.modelling.entity.annotation.AnnotatedEntityModelRoutingKeyMatcher","AnnotatedEntityModelRoutingKeyMatcher",0.27966136314973805,0.2297753460761992,32.41666666666667,0,0.00351313969571231,0.0024896265560165973,0.0025946225152207758,0.0025946225152207758,2,8,""
"org.axonframework.modelling.entity.annotation.RoutingKeyCommandTargetResolver","RoutingKeyCommandTargetResolver",0.18305136771296268,0.1693108310812936,34.041666666666664,0,0.0024204702627939143,0.0019363762102351315,0.00011552648789231468,0.00011552648789231468,1,6,""
"org.axonframework.modelling.entity.ConcreteEntityMetamodel$Builder","ConcreteEntityMetamodel$Builder",0.15510632353085738,0.1543937685458086,59,0,0.014007113218731477,0.012614832665929804,0.004152355475265185,0.004152355475265185,1,9,""
"org.axonframework.modelling.entity.PolymorphicEntityMetamodelBuilder","PolymorphicEntityMetamodelBuilder",0.22462416263330842,0.1962647224054111,239.41666666666666,0,0.022074688796680494,0.019005241319065298,0.010854294112570056,0.010854294112570056,4,7,""
"org.axonframework.modelling.entity.annotation.EventTargetMatcherDefinition","EventTargetMatcherDefinition",0.23245573219394922,0.19371327317034415,102.09404761904761,0,0.004011065006915629,0.00338865836791148,0.0005942369840571335,0.0005942369840571335,3,2,""
"org.axonframework.modelling.entity.annotation.CommandTargetResolverDefinition","CommandTargetResolverDefinition",0.23245573219394922,0.19371327317034415,105.09404761904761,0,0.004011065006915629,0.00338865836791148,0.0005938382772162378,0.0005938382772162378,3,2,""
"org.axonframework.modelling.entity.annotation.EntityChildModelDefinition","EntityChildModelDefinition",0.17374966862666835,0.16415829468446339,75.87238562091503,0,0.011128235526575776,0.008721237268955111,0.004886778852866284,0.004886778852866284,2,2,""
"org.axonframework.modelling.entity.annotation.AnnotatedEntityMetamodelFactory","AnnotatedEntityMetamodelFactory",0.23818367658473968,0.1821675027711508,129.27142857142857,0,0.008839162220904959,0.006901698558165916,0.0005025943898413863,0.0005025943898413863,2,2,""
"org.axonframework.modelling.entity.annotation.EntityMember","EntityMember",0.20903461328710612,0.1743574071907651,313.12619047619046,0,0.0033195020746887966,0.0029875518672199167,0.000805590050756433,0.000805590050756433,2,4,""
"org.axonframework.modelling.entity.annotation.UnknownRoutingKeyException","UnknownRoutingKeyException",0.1663939419777433,0.16158967241187358,0,0,0.0030290456431535267,0.00224290680722216,0.0013786458632711698,0.0013786458632711698,1,,""
"org.axonframework.modelling.entity.EntityMissingForInstanceCommandHandlerException","EntityMissingForInstanceCommandHandlerException",0.1572224993945095,0.1561735352350374,2.166666666666666,0,0.01612131989725351,0.014226437462951984,0.008129925270674927,0.008129925270674927,2,1,""
"org.axonframework.modelling.entity.WrongPolymorphicEntityTypeException","WrongPolymorphicEntityTypeException",0.15381828370727121,0.15324435620449833,2.166666666666666,0,0.015429756965026676,0.014026065104318858,0.003977569795409741,0.003977569795409741,1,1,""
"org.axonframework.modelling.entity.child.GetterSetterChildEntityFieldDefinition","GetterSetterChildEntityFieldDefinition",0.5057759843302487,0.20932800800359727,0,0,0.012400052690509124,0.010072709277094674,7.634677792147726e-47,7.634677792147726e-47,1,1,""
"org.axonframework.modelling.entity.child.AbstractEntityChildMetamodel","AbstractEntityChildMetamodel",0.1948459969385995,0.18118456999744295,440.58748408454323,0,0.01333036949219522,0.010984017796570059,0.0001483868250316103,0.0001483868250316103,2,15,""
"org.axonframework.modelling.entity.child.FieldChildEntityFieldDefinition","FieldChildEntityFieldDefinition",0.5057759843302487,0.20932800800359727,39,0,0.012400052690509124,0.010072709277094674,7.634677792147726e-47,7.634677792147726e-47,1,5,""
"org.axonframework.modelling.entity.child.GetterEvolverChildEntityFieldDefinition","GetterEvolverChildEntityFieldDefinition",0.5057759843302487,0.20932800800359727,0,0,0.012400052690509124,0.010072709277094674,7.634677792147726e-47,7.634677792147726e-47,1,1,""
"org.axonframework.modelling.entity.PolymorphicEntityMetamodel$Builder","PolymorphicEntityMetamodel$Builder",0.1557274255609069,0.15486653430674754,0,0,0.015014819205690576,0.013690979528426185,0.003977569795409741,0.003977569795409741,1,10,""
"org.axonframework.modelling.HierarchicalStateManagerConfigurationEnhancer","HierarchicalStateManagerConfigurationEnhancer",0.15000000000000002,0.15000000000000002,0,0,0,0,0,0,,5,""
"org.axonframework.modelling.SimpleStateManager","SimpleStateManager",0.16358953305785126,0.1591622760256354,39.33333333333333,0,0.0015214384508990318,0.0012448132780082987,0.0002858618357564609,0.0002858618357564609,1,10,""
"org.axonframework.modelling.configuration.SimpleStateBasedEntityModule$1","SimpleStateBasedEntityModule$1",0.15835414966682293,0.1554972456136097,2,0,0.0030428769017980637,0.0025291444378581305,0.0007137760015625128,0.0007137760015625128,1,3,""
"org.axonframework.modelling.configuration.ModellingConfigurationDefaults","ModellingConfigurationDefaults",0.15987685950413225,0.15849638158481322,62,0,0.0012448132780082987,0.0011065006915629322,0.00012120526061817716,0.00012120526061817716,1,7,""
"org.axonframework.modelling.repository.SimpleRepositoryEntityLoader","SimpleRepositoryEntityLoader",0.23153511436649019,0.2002690073886708,21.4,0,0.012110254890337879,0.009614196168447074,0.0032460218250376723,0.0032460218250376723,4,1,""
"org.axonframework.modelling.repository.SimpleRepositoryEntityPersister","SimpleRepositoryEntityPersister",0.258774735279872,0.20703819882015187,25.575,0,0.012317723770005928,0.00982320043297853,0.003227839724778362,0.003227839724778362,4,1,""
"org.axonframework.modelling.repository.SimpleRepository","SimpleRepository",0.2624888630593783,0.22771911350654805,41.83333333333333,0,0.01107291049199763,0.008945184538108757,0.0031209349133893057,0.0031209349133893057,3,8,""
"org.axonframework.modelling.configuration.SimpleStateBasedEntityModule$3","SimpleStateBasedEntityModule$3",0.15835414966682293,0.1554972456136097,5.833333333333333,0,0.0030428769017980637,0.0025291444378581305,0.0007137760015625128,0.0007137760015625128,1,3,""
"org.axonframework.modelling.configuration.SimpleStateBasedEntityModule$2","SimpleStateBasedEntityModule$2",0.15835414966682293,0.1554972456136097,22.285714285714285,0,0.0030428769017980637,0.0025291444378581305,0.0007137760015625128,0.0007137760015625128,1,3,""
"org.axonframework.modelling.configuration.StateBasedEntityModule$PersisterPhase","StateBasedEntityModule$PersisterPhase",0.24022662812270998,0.1941168310054714,14.108333333333334,0,0.004564315352697096,0.004085541015001596,0.0008107175486428351,0.0008107175486428351,3,3,""
"org.axonframework.modelling.configuration.StateBasedEntityModule$MessagingMetamodelPhase","StateBasedEntityModule$MessagingMetamodelPhase",0.345107632350487,0.23386276390355462,401.65833333333336,0,0.004979253112033195,0.004426002766251729,0.0008828382705676356,0.0008828382705676356,4,4,""
"org.axonframework.modelling.configuration.StateBasedEntityModule","StateBasedEntityModule",0.32240412692252385,0.2128955576473122,323.4761904761905,0,0.004564315352697096,0.004085541015001596,0.0008390523203467588,0.0008390523203467588,3,6,""
"org.axonframework.modelling.configuration.StateBasedEntityModule$EntityIdResolverPhase","StateBasedEntityModule$EntityIdResolverPhase",0.30994617290255944,0.2107111420026028,54.316666666666656,0,0.004564315352697096,0.004085541015001596,0.0007393813625610061,0.0007393813625610061,3,4,""
"org.axonframework.modelling.configuration.EntityMetamodelConfigurationBuilder","EntityMetamodelConfigurationBuilder",0.28421699231484276,0.20141808180687257,655.1880952380952,0,0.009640387275242048,0.008132780082987552,0.001531800293359993,0.001531800293359993,4,3,""
"org.axonframework.modelling.configuration.StateBasedEntityModule$RepositoryPhase","StateBasedEntityModule$RepositoryPhase",0.2240802983321783,0.18215373153162734,28.266666666666666,0,0.004011065006915629,0.003540802213001383,0.0007204147264587241,0.0007204147264587241,2,5,""
"org.axonframework.modelling.configuration.EntityModule","EntityModule",0.2218953092770037,0.18836703083911532,4,0,0.009225449515905947,0.007569037058234369,0.0004036489493028135,0.0004036489493028135,4,1,""
"org.axonframework.modelling.configuration.SimpleStateBasedEntityModule","SimpleStateBasedEntityModule",0.38003198727157705,0.26021160466749,659.534523809524,0,0.004702627939142463,0.0037937166567871957,0.0002889184302664603,0.0002889184302664603,4,28,""
"org.axonframework.modelling.configuration.ModellingConfigurer","ModellingConfigurer",0.19172727272727275,0.18843964834798554,13,0,0.0008298755186721991,0.0008298755186721991,0.0002630907472577402,0.0002630907472577402,1,10,""
"org.axonframework.modelling.repository.SimpleRepository$SimpleEntity","SimpleRepository$SimpleEntity",0.17574409020432455,0.17048122456766518,0,0,0.008272080616478958,0.00706042531120332,0.0014875564236096687,0.0014875564236096687,1,1,""
"org.axonframework.modelling.repository.InMemoryRepository","InMemoryRepository",0.15000000000000002,0.15000000000000002,0,0,0,0,0,0,,6,""
"org.axonframework.modelling.repository.Repository$LifecycleManagement","Repository$LifecycleManagement",0.23690824663524934,0.1970859012590302,98,0,0.01267733649476388,0.009965785833879304,0.006950069816266422,0.006950069816266422,4,3,""
"org.axonframework.extension.springboot.DistributedCommandBusProperties","DistributedCommandBusProperties",0.15000000000000002,0.15000000000000002,0,0,0,0,0,0,,3,""
"org.axonframework.extension.springboot.DistributedCommandBusProperties$JGroupsProperties","DistributedCommandBusProperties$JGroupsProperties",1.2417290102032876,0.2331936583936915,0,0,0.0016597510373443983,0.0016597510373443983,9.024181644635665e-45,9.024181644635665e-45,2,1,""
"org.axonframework.extension.springboot.service.connection.AxonServerDockerComposeConnectionDetailsFactory","AxonServerDockerComposeConnectionDetailsFactory",0.15000000000000002,0.15000000000000002,0,0,0,0,0,0,,1,""
"org.axonframework.extension.springboot.service.connection.AxonServerTestContainerConnectionDetailsFactory$AxonServerContainerConnectionDetails","AxonServerTestContainerConnectionDetailsFactory$AxonServerContainerConnectionDetails",0.20464285714285718,0.18268119022316687,0,0,0.0008298755186721991,0.0008298755186721991,4.5278147365087854e-07,4.5278147365087854e-07,1,2,""
"org.axonframework.extension.springboot.service.connection.AxonServerTestContainerConnectionDetailsFactory","AxonServerTestContainerConnectionDetailsFactory",0.15000000000000002,0.15000000000000002,0,0,0,0,0,0,,3,""
"org.axonframework.extension.springboot.TokenStoreProperties","TokenStoreProperties",0.17013157894736844,0.16613653059082803,0,0,0.0008298755186721991,0.0008298755186721991,7.406753753595582e-05,7.406753753595582e-05,1,,""
"org.axonframework.extension.springboot.actuator.axonserver.AxonServerStatusAggregator","AxonServerStatusAggregator",0.19250000000000003,0.17791159920130697,1,0,0.0008298755186721991,0.0008298755186721991,6.144453978947533e-06,6.144453978947533e-06,1,1,""
"org.axonframework.extension.springboot.actuator.HealthStatus","HealthStatus",0.35754166666666676,0.19479496672219088,0,0,0.002074688796680498,0.001867219917012448,6.028392332517879e-06,6.028392332517879e-06,2,,""
"org.axonframework.extension.springboot.actuator.axonserver.AxonServerHealthIndicator","AxonServerHealthIndicator",0.2066666666666667,0.18721546560174263,0,0,0.0008298755186721991,0.0008298755186721991,6.144453978947533e-06,6.144453978947533e-06,1,2,""
"org.axonframework.extension.springboot.TagsConfigurationProperties","TagsConfigurationProperties",0.1576070850820597,0.1562850546520482,0,0,0.0016597510373443983,0.0014937759336099584,0.0002595907507451308,0.0002595907507451308,1,1,""
"org.axonframework.extension.springboot.TimeoutProperties$MessageHandlerTimeoutProperties","TimeoutProperties$MessageHandlerTimeoutProperties",0.24881250000000005,0.2186171848906688,3,0,0.0016597510373443983,0.0016597510373443983,2.263185135262018e-05,2.263185135262018e-05,2,2,""
"org.axonframework.extension.springboot.autoconfig.UpdateCheckerAutoConfiguration$1","UpdateCheckerAutoConfiguration$1",0.17815724538893463,0.17097568730871346,26,0,0.0008298755186721991,0.0008298755186721991,2.6216107574100406e-05,2.6216107574100406e-05,1,10,""
"org.axonframework.extension.springboot.autoconfig.Jackson2MapperAutoConfiguration$JacksonConfiguredCondition","Jackson2MapperAutoConfiguration$JacksonConfiguredCondition",2.6532493610050345,0.2798553140484628,12,0,0.004149377593360996,0.004149377593360996,5.700006061651831e-06,5.700006061651831e-06,5,4,""
"org.axonframework.extension.springboot.autoconfig.JdbcTransactionAutoConfiguration","JdbcTransactionAutoConfiguration",0.17550000000000002,0.16313893873365806,5.833333333333333,0,0.0008298755186721991,0.0008298755186721991,6.5459223940283045e-06,6.5459223940283045e-06,1,3,""
"org.axonframework.extension.springboot.autoconfig.AxonTimeoutAutoConfiguration","AxonTimeoutAutoConfiguration",0.15000000000000002,0.15000000000000002,0,0,0,0,0,0,,6,""
"org.axonframework.extension.springboot.autoconfig.ConverterAutoConfiguration$1","ConverterAutoConfiguration$1",0.1570496238374994,0.1549259440945783,0,0,0.0022130013831258644,0.001886080724254998,0.00030496577063400033,0.00030496577063400033,1,2,""
"org.axonframework.extension.springboot.autoconfig.AvroSchemaStoreAutoConfiguration$AvroConfiguredCondition$MessagesAvroCondition","AvroSchemaStoreAutoConfiguration$AvroConfiguredCondition$MessagesAvroCondition",0.894050941851379,0.18923832059690462,0.5,0,0.002074688796680498,0.001867219917012448,1.8884169040333325e-09,1.8884169040333325e-09,2,1,""
"org.axonframework.extension.springboot.autoconfig.CorrelationDataProviderAutoConfiguration","CorrelationDataProviderAutoConfiguration",0.15000000000000002,0.15000000000000002,0,0,0,0,0,0,,6,""
"org.axonframework.extension.springboot.autoconfig.Jackson2MapperAutoConfiguration","Jackson2MapperAutoConfiguration",0.15000000000000002,0.15000000000000002,0,0,0,0,0,0,,8,""
"org.axonframework.extension.springboot.autoconfig.AvroSchemaStoreAutoConfiguration","AvroSchemaStoreAutoConfiguration",0.15000000000000002,0.15000000000000002,0,0,0,0,0,0,,6,""
"org.axonframework.extension.springboot.autoconfig.AvroSchemaStoreAutoConfiguration$AvroConfiguredCondition$EventsAvroCondition","AvroSchemaStoreAutoConfiguration$AvroConfiguredCondition$EventsAvroCondition",0.894050941851379,0.18923832059690462,0.5,0,0.002074688796680498,0.001867219917012448,1.8884169040333325e-09,1.8884169040333325e-09,2,1,""
"org.axonframework.extension.springboot.autoconfig.ObjectMapperAutoConfiguration$JacksonConfiguredCondition$EventsJacksonCondition","ObjectMapperAutoConfiguration$JacksonConfiguredCondition$EventsJacksonCondition",0.7279353264751488,0.18663354234818452,0.2,0,0.002904564315352697,0.0025933609958506223,5.700006061651831e-06,5.700006061651831e-06,2,1,""
"org.axonframework.extension.springboot.autoconfig.ObjectMapperAutoConfiguration$JacksonConfiguredCondition","ObjectMapperAutoConfiguration$JacksonConfiguredCondition",2.6532493610050345,0.2798553140484628,12,0,0.004149377593360996,0.004149377593360996,5.700006061651831e-06,5.700006061651831e-06,5,4,""
"org.axonframework.extension.springboot.autoconfig.InterceptorAutoConfiguration","InterceptorAutoConfiguration",0.15000000000000002,0.15000000000000002,0,0,0,0,0,0,,12,""
"org.axonframework.extension.springboot.DistributedCommandBusProperties$SpringCloudProperties","DistributedCommandBusProperties$SpringCloudProperties",0.20884615384615388,0.1932106224532809,0,0,0.0008298755186721991,0.0008298755186721991,6.606159460603777e-45,6.606159460603777e-45,1,,""
"org.axonframework.extension.springboot.DistributedCommandBusProperties$JGroupsProperties$Gossip","DistributedCommandBusProperties$JGroupsProperties$Gossip",1.2152125102657494,0.26830881086202213,1,0,0.0016597510373443983,0.0016597510373443983,9.024181644635665e-45,9.024181644635665e-45,2,1,""
"org.axonframework.extension.springboot.autoconfig.UpdateCheckerAutoConfiguration","UpdateCheckerAutoConfiguration",0.15458889874486653,0.15385448257263232,4,0,0.0008298755186721991,0.0008298755186721991,0.0002861469499063388,0.0002861469499063388,1,5,""
"org.axonframework.extension.springboot.autoconfig.Jackson2MapperAutoConfiguration$JacksonConfiguredCondition$EventsJacksonCondition","Jackson2MapperAutoConfiguration$JacksonConfiguredCondition$EventsJacksonCondition",0.7279353264751488,0.18663354234818452,0.2,0,0.002904564315352697,0.0025933609958506223,5.700006061651831e-06,5.700006061651831e-06,2,1,""
"org.axonframework.extension.springboot.autoconfig.Jackson2MapperAutoConfiguration$JacksonConfiguredCondition$MessagesJacksonCondition","Jackson2MapperAutoConfiguration$JacksonConfiguredCondition$MessagesJacksonCondition",0.7279353264751488,0.18663354234818452,0.2,0,0.002904564315352697,0.0025933609958506223,5.700006061651831e-06,5.700006061651831e-06,2,1,""
"org.axonframework.extension.springboot.autoconfig.Jackson2MapperAutoConfiguration$JacksonConfiguredCondition$GeneralJacksonCondition","Jackson2MapperAutoConfiguration$JacksonConfiguredCondition$GeneralJacksonCondition",0.7279353264751488,0.18663354234818452,0.2,0,0.002904564315352697,0.0025933609958506223,5.700006061651831e-06,5.700006061651831e-06,2,1,""
"org.axonframework.extension.springboot.autoconfig.Jackson2MapperAutoConfiguration$JacksonConfiguredCondition$GeneralDefaultCondition","Jackson2MapperAutoConfiguration$JacksonConfiguredCondition$GeneralDefaultCondition",0.7279353264751488,0.18663354234818452,0.2,0,0.002904564315352697,0.0025933609958506223,5.700006061651831e-06,5.700006061651831e-06,2,1,""
"org.axonframework.extension.springboot.TimeoutProperties","TimeoutProperties",0.19250000000000003,0.1823538694609267,0,0,0.0008298755186721991,0.0008298755186721991,2.1675758443213688e-05,2.1675758443213688e-05,1,2,""
"org.axonframework.extension.springboot.autoconfig.AxonTimeoutAutoConfiguration$AxonTimeoutConfigurerModule","AxonTimeoutAutoConfiguration$AxonTimeoutConfigurerModule",0.17550000000000002,0.169412321676556,42.33333333333333,0,0.0008298755186721991,0.0008298755186721991,2.1675758443213688e-05,2.1675758443213688e-05,1,10,""
"org.axonframework.extension.springboot.TimeoutProperties$TransactionTimeoutProperties","TimeoutProperties$TransactionTimeoutProperties",0.2722785714285715,0.24061251286311283,0,0,0.0024896265560165973,0.0024896265560165973,0.0005312480306539028,0.0005312480306539028,3,1,""
"org.axonframework.extension.springboot.autoconfig.ConverterAutoConfiguration","ConverterAutoConfiguration",0.24881029536883678,0.18748722532420845,399.5833333333333,0,0.0033195020746887966,0.002963841138114997,1.0807776664636662e-06,1.0807776664636662e-06,3,16,""
"org.axonframework.extension.springboot.ConverterProperties$ConverterType","ConverterProperties$ConverterType",0.5438643434983467,0.39045291082025074,0,0,0.004149377593360996,0.0036967182195397964,0.00030602413790206304,0.00030602413790206304,3,,""
"org.axonframework.extension.springboot.autoconfig.AvroSchemaStoreAutoConfiguration$AvroConfiguredCondition","AvroSchemaStoreAutoConfiguration$AvroConfiguredCondition",1.7208333635078765,0.24108458061240617,2,0,0.0024896265560165973,0.0024896265560165973,1.8884169040333325e-09,1.8884169040333325e-09,3,2,""
"org.axonframework.extension.springboot.JpaEventStorageEngineConfigurationProperties","JpaEventStorageEngineConfigurationProperties",0.21452743902439025,0.20007710790853164,0,0,0.0016597510373443983,0.0016597510373443983,0.00044811206128615917,0.00044811206128615917,2,,""
"org.axonframework.extension.springboot.autoconfig.AxonAutoConfiguration","AxonAutoConfiguration",0.20665364208031306,0.18894181777729782,727.25,0,0.008298755186721992,0.007381524350294824,0.002922647297911338,0.002922647297911338,7,5,""
"org.axonframework.extension.springboot.autoconfig.CBORMapperAutoConfiguration","CBORMapperAutoConfiguration",0.17833333333333337,0.16860773280087132,79.58333333333333,0,0.0016597510373443983,0.0016597510373443983,1.1321298516822517e-05,1.1321298516822517e-05,2,2,""
"org.axonframework.extension.springboot.ConverterProperties","ConverterProperties",0.289373119187497,0.21461528715059314,0,0,0.004149377593360996,0.003734439834024896,0.00031683584848080884,0.00031683584848080884,4,1,""
"org.axonframework.extension.springboot.autoconfig.AvroSchemaStoreAutoConfiguration$OnMissingDefaultSchemaStoreCondition","AvroSchemaStoreAutoConfiguration$OnMissingDefaultSchemaStoreCondition",1.13060701562861,0.19532470041602673,0,0,0.0016597510373443983,0.0016597510373443983,1.8851515317287763e-09,1.8851515317287763e-09,2,1,""
"org.axonframework.extension.springboot.autoconfig.AvroSchemaStoreAutoConfiguration$OnMissingDefaultSchemaStoreCondition$SchemaStoreIsMissingCondition","AvroSchemaStoreAutoConfiguration$OnMissingDefaultSchemaStoreCondition$SchemaStoreIsMissingCondition",1.1237127256448511,0.18777815732574718,0.5,0,0.0016597510373443983,0.0016597510373443983,1.8851515317287763e-09,1.8851515317287763e-09,2,1,""
"org.axonframework.extension.springboot.autoconfig.ObjectMapperAutoConfiguration$JacksonConfiguredCondition$MessagesJacksonCondition","ObjectMapperAutoConfiguration$JacksonConfiguredCondition$MessagesJacksonCondition",0.7279353264751488,0.18663354234818452,0.2,0,0.002904564315352697,0.0025933609958506223,5.700006061651831e-06,5.700006061651831e-06,2,1,""
"org.axonframework.extension.springboot.autoconfig.ObjectMapperAutoConfiguration$JacksonConfiguredCondition$GeneralJacksonCondition","ObjectMapperAutoConfiguration$JacksonConfiguredCondition$GeneralJacksonCondition",0.7279353264751488,0.18663354234818452,0.2,0,0.002904564315352697,0.0025933609958506223,5.700006061651831e-06,5.700006061651831e-06,2,1,""
"org.axonframework.extension.springboot.autoconfig.ObjectMapperAutoConfiguration$JacksonConfiguredCondition$GeneralDefaultCondition","ObjectMapperAutoConfiguration$JacksonConfiguredCondition$GeneralDefaultCondition",0.7279353264751488,0.18663354234818452,0.2,0,0.002904564315352697,0.0025933609958506223,5.700006061651831e-06,5.700006061651831e-06,2,1,""
"org.axonframework.extension.springboot.service.connection.AxonServerConnectionDetails","AxonServerConnectionDetails",0.35145653636125596,0.23356685415997827,0,0,0.004149377593360996,0.003734439834024896,0.0002609459701971768,0.0002609459701971768,4,,""
"org.axonframework.extension.springboot.EventProcessorProperties$Mode","EventProcessorProperties$Mode",0.30572980769230773,0.2396870612873214,0,0,0.002074688796680498,0.001867219917012448,0.0003094215059584276,0.0003094215059584276,2,,""
"org.axonframework.extension.springboot.autoconfig.JpaEventStoreAutoConfiguration$AggregateBasedJpaEventStorageEngineConfigurationEnhancer","JpaEventStoreAutoConfiguration$AggregateBasedJpaEventStorageEngineConfigurationEnhancer",0.18825000000000003,0.17601336491287434,54.509523809523806,0,0.0008298755186721991,0.0008298755186721991,9.744629290234564e-05,9.744629290234564e-05,1,14,""
"org.axonframework.extension.springboot.UpdateCheckerProperties","UpdateCheckerProperties",0.457399408774248,0.2668995047154769,2,0,0.002074688796680498,0.001867219917012448,3.17342908769558e-05,3.17342908769558e-05,2,2,""
"org.axonframework.extension.springboot.EventProcessorProperties","EventProcessorProperties",0.19250000000000003,0.17382291424587498,4,0,0.0008298755186721991,0.0008298755186721991,0.00014306748964636578,0.00014306748964636578,1,5,""
"org.axonframework.extension.springboot.util.DefaultEntityRegistrar","DefaultEntityRegistrar",0.2940414473684211,0.174446521194013,0,0,0.0016597510373443983,0.0014937759336099584,6.5688126199814265e-56,6.5688126199814265e-56,1,,""
"org.axonframework.extension.springboot.EventProcessorProperties$Dlq","EventProcessorProperties$Dlq",0.28640456730769237,0.22853607714240726,1,0,0.002074688796680498,0.001867219917012448,0.0003094215059584276,0.0003094215059584276,2,1,""
"org.axonframework.extension.springboot.autoconfig.JpaAutoConfiguration","JpaAutoConfiguration",0.15000000000000002,0.15000000000000002,0,0,0,0,0,0,,11,""
"org.axonframework.extension.springboot.util.jpa.ContainerManagedEntityManagerProvider","ContainerManagedEntityManagerProvider",0.16342105263157897,0.16075768706055202,0,0,0.0008298755186721991,0.0008298755186721991,7.406753753595582e-05,7.406753753595582e-05,1,1,""
"org.axonframework.extension.springboot.autoconfig.AxonServerAutoConfiguration$1","AxonServerAutoConfiguration$1",0.1576070850820597,0.1562850546520482,390.56190476190477,0,0.0012448132780082987,0.0011065006915629322,0.0002595907507451308,0.0002595907507451308,1,4,""
"org.axonframework.extension.springboot.autoconfig.AxonServerAutoConfiguration","AxonServerAutoConfiguration",0.20882200573756043,0.18412496415489774,338.79999999999995,0,0.0016597510373443983,0.0016597510373443983,6.70042401975127e-05,6.70042401975127e-05,2,15,""
"org.axonframework.extension.springboot.autoconfig.UpdateCheckerAutoConfiguration$NotTestEnvironmentCondition","UpdateCheckerAutoConfiguration$NotTestEnvironmentCondition",0.17815724538893463,0.17097568730871346,2.333333333333333,0,0.0012448132780082987,0.0011065006915629322,2.6216107574100406e-05,2.6216107574100406e-05,1,1,""
"org.axonframework.extension.springboot.autoconfig.JpaEventStoreAutoConfiguration","JpaEventStoreAutoConfiguration",0.15000000000000002,0.15000000000000002,0,0,0,0,0,0,,7,""
"org.axonframework.extension.springboot.autoconfig.JpaTransactionAutoConfiguration","JpaTransactionAutoConfiguration",0.17550000000000002,0.16313893873365806,5.833333333333333,0,0.0008298755186721991,0.0008298755186721991,6.5459223940283045e-06,6.5459223940283045e-06,1,3,""
"org.axonframework.extension.springboot.autoconfig.ObjectMapperAutoConfiguration","ObjectMapperAutoConfiguration",0.15000000000000002,0.15000000000000002,0,0,0,0,0,0,,8,""
"org.axonframework.extension.springboot.autoconfig.EventProcessingAutoConfiguration","EventProcessingAutoConfiguration",0.15000000000000002,0.15000000000000002,0,0,0,0,0,0,,3,""
"org.axonframework.extension.springboot.EventProcessorProperties$ProcessorSettings","EventProcessorProperties$ProcessorSettings",0.2955625,0.2322550604605027,0,0,0.0016597510373443983,0.0016597510373443983,0.0004514207650510493,0.0004514207650510493,2,2,""
"org.axonframework.extension.springboot.autoconfig.SecurityAutoConfiguration","SecurityAutoConfiguration",0.15000000000000002,0.15000000000000002,0,0,0,0,0,0,,1,""
"org.axonframework.extension.springboot.autoconfig.AxonServerActuatorAutoConfiguration","AxonServerActuatorAutoConfiguration",0.15000000000000002,0.15000000000000002,0,0,0,0,0,0,,4,""
"org.axonframework.extension.springboot.autoconfig.NoOpTransactionAutoConfiguration","NoOpTransactionAutoConfiguration",0.15000000000000002,0.15000000000000002,0,0,0,0,0,0,,4,""
"org.axonframework.extension.springboot.EventProcessorProperties$DlqCache","EventProcessorProperties$DlqCache",0.4138970072115385,0.27051807962996727,0,0,0.0024896265560165973,0.0022130013831258644,0.0003088864671115465,0.0003088864671115465,2,,""
"org.axonframework.extension.springboot.util.OnQualifiedBeanCondition","OnQualifiedBeanCondition",0.3655322405231977,0.17523393061569445,1,0,0.0008298755186721991,0.0008298755186721991,6.5688126199814265e-56,6.5688126199814265e-56,1,2,""
"org.axonframework.extension.springboot.util.AbstractQualifiedBeanCondition","AbstractQualifiedBeanCondition",0.5642697610056269,0.227336002768631,0,0,0.0024896265560165973,0.0022130013831258644,1.5269355584295452e-46,1.5269355584295452e-46,2,,""
"org.axonframework.extension.springboot.util.OnMissingQualifiedBeanCondition","OnMissingQualifiedBeanCondition",0.3655322405231977,0.17523393061569445,1,0,0.0008298755186721991,0.0008298755186721991,6.5688126199814265e-56,6.5688126199814265e-56,1,2,""
"org.axonframework.extension.springboot.util.RegisterDefaultEntities","RegisterDefaultEntities",0.1694605263157895,0.1640499651679008,2,0,0.0016597510373443983,0.0016597510373443983,0.00017151383043830147,0.00017151383043830147,2,1,""
"org.axonframework.extension.springboot.util.ConditionalOnQualifiedBean","ConditionalOnQualifiedBean",0.25356744025140676,0.16933400069215776,0,0,0.0008298755186721991,0.0008298755186721991,7.634677792147726e-47,7.634677792147726e-47,1,1,""
"org.axonframework.extension.springboot.util.ConditionalOnMissingQualifiedBean","ConditionalOnMissingQualifiedBean",0.25356744025140676,0.16933400069215776,0,0,0.0008298755186721991,0.0008298755186721991,7.634677792147726e-47,7.634677792147726e-47,1,1,""
"org.axonframework.extension.springboot.UpdateCheckerProperties$1","UpdateCheckerProperties$1",0.3832736984748664,0.22013552481000662,0,0,0.0015214384508990318,0.0012448132780082987,5.472851495258451e-06,5.472851495258451e-06,1,2,""
