"name","shortName","pageRank","articleRank","betweenness","costEffectiveLazyForward","harmonicCloseness","closeness","hyperlinkInducedTopicSearchAuthority","hyperlinkInducedTopicSearchHub","incomingDependencies","outgoingDependencies","Source Cypher File: Centrality/Centrality_90_Summary.cypher"
"/axon-disruptor-4.11.0.jar","axon-disruptor-4.11.0",0.12075838831113507,0.12240421267444536,4,1.25,0.25,0.22499999999999998,0.092249552667855,0.092249552667855,1,3,""
"/axon-tracing-opentelemetry-4.11.0.jar","axon-tracing-opentelemetry-4.11.0",0.12099562687233714,0.1226439550753487,1,0.9199999999999999,0.125,0.125,0.11769345992908058,0.11769345992908058,1,1,""
"/axon-modelling-4.11.0.jar","axon-modelling-4.11.0",0.19277643194949542,0.19495278640786207,0,0,0.75,0.75,0.5450490175201722,0.5450490175201722,6,1,""
"/axon-eventsourcing-4.11.0.jar","axon-eventsourcing-4.11.0",0.15923668663919632,0.16116412285015974,0,0,0.625,0.625,0.48348427483770584,0.48348427483770584,5,2,""
"/axon-server-connector-4.11.0.jar","axon-server-connector-4.11.0",0.13317364739487006,0.1349397310257074,0,0.9199999999999999,0.125,0.125,0.11769345992908058,0.11769345992908058,1,4,""
"/axon-spring-boot-autoconfigure-4.11.0.jar","axon-spring-boot-autoconfigure-4.11.0",0.1204157211331689,0.12205844193485542,0,2.05,0,0,0,0,0,7,""
"/axon-messaging-4.11.0.jar","axon-messaging-4.11.0",0.917565816073882,0.9153562261091213,0,0,1,1,0.6100796914680607,0.6100796914680607,8,0,""
"/axon-configuration-4.11.0.jar","axon-configuration-4.11.0",0.1394856983250474,0.14131401533698854,3,0,0.25,0.25,0.2165688413542787,0.2165688413542787,2,4,""
"/axon-test-4.11.0.jar","axon-test-4.11.0",0.12099562687233714,0.1226439550753487,1,0.8700000000000001,0.125,0.125,0.11769345992908058,0.11769345992908058,1,3,""
