"propertyName","propertyValue","codeUnits","codeUnitNames","shortCodeUnitNames","Source Cypher File: Dependencies_Projection/Dependencies_8_Stream_Mutated_Grouped.cypher"
"communityMaximumKCutId",6,17,"org.axonframework.test.matchers.ExactClassMatcher,org.axonframework.messaging.unitofwork.UnitOfWork,org.axonframework.commandhandling.CommandCallback,org.axonframework.messaging.HandlerExecutionException,org.axonframework.eventsourcing.SnapshotTriggerDefinition,org.axonframework.eventsourcing.eventstore.jdbc.JdbcEventStorageEngine,org.axonframework.lifecycle.StartHandler,org.axonframework.messaging.annotation.ResultParameterResolverFactory$ExceptionResultParameterResolver,org.axonframework.serialization.converters.StringToByteArrayConverter,org.axonframework.eventhandling.AnnotationEventHandlerAdapter,org.axonframework.eventhandling.DisallowReplay,org.axonframework.eventhandling.scheduling.dbscheduler.DbSchedulerHumanReadableEventData,org.axonframework.queryhandling.GenericSubscriptionQueryMessage,org.axonframework.serialization.UnknownSerializedType,org.axonframework.springboot.TracingProperties$SagaManagerProperties,org.axonframework.modelling.command.CommandHandlerInterceptor,org.axonframework.axonserver.connector.util.GrpcMessageSizeExceededException","ExactClassMatcher,UnitOfWork,CommandCallback,HandlerExecutionException,SnapshotTriggerDefinition,JdbcEventStorageEngine,StartHandler,ResultParameterResolverFactory$ExceptionResultParameterResolver,StringToByteArrayConverter,AnnotationEventHandlerAdapter,DisallowReplay,DbSchedulerHumanReadableEventData,GenericSubscriptionQueryMessage,UnknownSerializedType,TracingProperties$SagaManagerProperties,CommandHandlerInterceptor,GrpcMessageSizeExceededException",""
"communityMaximumKCutId",0,52,"org.axonframework.common.BuilderUtils,org.axonframework.test.matchers.FieldFilter,org.axonframework.test.matchers.NullOrVoidMatcher,org.axonframework.test.aggregate.AggregateTestFixture$CreationalRepository,org.axonframework.messaging.MessageHandlerInterceptor,org.axonframework.deadline.DeadlineMessage,org.axonframework.eventsourcing.eventstore.EventStore,org.axonframework.messaging.MetaData,org.axonframework.modelling.command.CommandTargetResolver,org.axonframework.messaging.annotation.HandlerDefinition,org.axonframework.common.IdentifierFactory,org.axonframework.common.AxonNonTransientException,org.axonframework.test.saga.GivenAggregateEventPublisher,org.axonframework.test.saga.WhenAggregateEventPublisher,org.axonframework.modelling.saga.ResourceInjector,org.axonframework.test.saga.RepositoryContentValidator,org.axonframework.eventhandling.SimpleEventBus$Builder,org.axonframework.messaging.unitofwork.RollbackConfiguration,org.axonframework.messaging.unitofwork.ExecutionResult,org.axonframework.eventsourcing.SnapshotTrigger,org.axonframework.common.DirectExecutor,org.axonframework.eventsourcing.DefaultSnapshotterSpanFactory,org.axonframework.modelling.command.ConcurrencyException,org.axonframework.serialization.upcasting.event.EventUpcaster,org.axonframework.eventsourcing.FilteringEventStorageEngine,org.axonframework.lifecycle.Lifecycle,org.axonframework.eventhandling.AbstractEventEntry,org.axonframework.eventsourcing.eventstore.jdbc.EventTableFactory,org.axonframework.queryhandling.QueryGateway,org.axonframework.modelling.saga.repository.SagaStore,org.axonframework.config.UpdateCheckerConfigurerModule,org.axonframework.common.lock.PessimisticLockFactory,org.axonframework.common.property.AbstractMethodPropertyAccessStrategy,org.axonframework.commandhandling.distributed.commandfilter.NegateCommandMessageFilter,org.axonframework.commandhandling.distributed.ConsistentHash,org.axonframework.messaging.RemoteHandlingException,org.axonframework.eventhandling.MultiStreamableMessageSource$IdentifiedStreamableMessageSource,org.axonframework.eventhandling.TrackerStatus,org.axonframework.eventhandling.TrackingEventProcessor$Instruction,org.axonframework.messaging.deadletter.Ignore,org.axonframework.messaging.deadletter.WrongDeadLetterTypeException,org.axonframework.messaging.annotation.MessageHandlerInvocationException,org.axonframework.queryhandling.SubscriptionQueryUpdateMessage,org.axonframework.queryhandling.SimpleQueryBus$1,org.axonframework.serialization.ChainedConverter$1,org.axonframework.updates.api.UpdateCheckResponse,org.axonframework.updates.detection.AxonVersionDetector,org.axonframework.axonserver.connector.AxonServerConfiguration,org.axonframework.axonserver.connector.event.axon.AxonServerEventStore,org.axonframework.axonserver.connector.AxonServerConfiguration$Eventhandling$ProcessorSettings,org.axonframework.axonserver.connector.event.axon.PersistentStreamConnection$SegmentConnection,org.axonframework.axonserver.connector.util.ProcessingInstructionHelper","BuilderUtils,FieldFilter,NullOrVoidMatcher,AggregateTestFixture$CreationalRepository,MessageHandlerInterceptor,DeadlineMessage,EventStore,MetaData,CommandTargetResolver,HandlerDefinition,IdentifierFactory,AxonNonTransientException,GivenAggregateEventPublisher,WhenAggregateEventPublisher,ResourceInjector,RepositoryContentValidator,SimpleEventBus$Builder,RollbackConfiguration,ExecutionResult,SnapshotTrigger,DirectExecutor,DefaultSnapshotterSpanFactory,ConcurrencyException,EventUpcaster,FilteringEventStorageEngine,Lifecycle,AbstractEventEntry,EventTableFactory,QueryGateway,SagaStore,UpdateCheckerConfigurerModule,PessimisticLockFactory,AbstractMethodPropertyAccessStrategy,NegateCommandMessageFilter,ConsistentHash,RemoteHandlingException,MultiStreamableMessageSource$IdentifiedStreamableMessageSource,TrackerStatus,TrackingEventProcessor$Instruction,Ignore,WrongDeadLetterTypeException,MessageHandlerInvocationException,SubscriptionQueryUpdateMessage,SimpleQueryBus$1,ChainedConverter$1,UpdateCheckResponse,AxonVersionDetector,AxonServerConfiguration,AxonServerEventStore,AxonServerConfiguration$Eventhandling$ProcessorSettings,PersistentStreamConnection$SegmentConnection,ProcessingInstructionHelper",""
"communityMaximumKCutId",82,13,"org.axonframework.test.matchers.DeepEqualsMatcher,org.axonframework.test.saga.FixtureConfiguration,org.axonframework.commandhandling.gateway.CommandGatewayFactory$InvocationHandler,org.axonframework.eventsourcing.conflictresolution.ConflictResolution,org.axonframework.eventsourcing.eventstore.EventStorageEngine,org.axonframework.eventsourcing.eventstore.legacyjpa.SQLErrorCodesResolver,org.axonframework.tracing.SpanAttributesProvider,org.axonframework.eventhandling.DefaultEventBusSpanFactory,org.axonframework.eventhandling.SequenceNumberParameterResolverFactory$SequenceNumberParameterResolver,org.axonframework.eventhandling.ReplayStatus,org.axonframework.serialization.xml.Dom4JToByteArrayConverter,org.axonframework.queryhandling.SimpleQueryBus$SuccessReporter,org.axonframework.springboot.autoconfig.AxonServerAutoConfiguration$DefaultConnectionManagerConfiguration","DeepEqualsMatcher,FixtureConfiguration,CommandGatewayFactory$InvocationHandler,ConflictResolution,EventStorageEngine,SQLErrorCodesResolver,SpanAttributesProvider,DefaultEventBusSpanFactory,SequenceNumberParameterResolverFactory$SequenceNumberParameterResolver,ReplayStatus,Dom4JToByteArrayConverter,SimpleQueryBus$SuccessReporter,AxonServerAutoConfiguration$DefaultConnectionManagerConfiguration",""
"communityMaximumKCutId",72,13,"org.axonframework.test.matchers.MatcherExecutionException,org.axonframework.modelling.saga.AssociationValue,org.axonframework.disruptor.commandhandling.BlacklistDetectingCallback,org.axonframework.eventsourcing.EventStreamUtils,org.axonframework.eventsourcing.eventstore.EmbeddedEventStore$Cleaner,org.axonframework.tracing.opentelemetry.MetadataContextSetter,org.axonframework.config.DefaultConfigurer$1,org.axonframework.messaging.annotation.SourceId,org.axonframework.commandhandling.callbacks.LoggingCallback,org.axonframework.messaging.MessageDecorator,org.axonframework.deadline.dbscheduler.DeadlineManagerNotSuppliedException,org.axonframework.eventhandling.MultiStreamableMessageSource$MultiSourceBlockingStream,org.axonframework.eventhandling.tokenstore.inmemory.InMemoryTokenStore$ProcessAndSegment","MatcherExecutionException,AssociationValue,BlacklistDetectingCallback,EventStreamUtils,EmbeddedEventStore$Cleaner,MetadataContextSetter,DefaultConfigurer$1,SourceId,LoggingCallback,MessageDecorator,DeadlineManagerNotSuppliedException,MultiStreamableMessageSource$MultiSourceBlockingStream,InMemoryTokenStore$ProcessAndSegment",""
"communityMaximumKCutId",52,19,"org.axonframework.test.matchers.AllFieldsFilter,org.axonframework.test.FixtureResourceParameterResolverFactory,org.axonframework.eventhandling.LoggingErrorHandler,org.axonframework.eventhandling.DefaultEventBusSpanFactory$Builder,org.axonframework.updates.LoggingUpdateCheckerReporter,org.axonframework.eventhandling.SubscribingEventProcessor$Builder,org.axonframework.queryhandling.QueryHandler,org.axonframework.deadline.jobrunr.DeadlineDetails,org.axonframework.eventhandling.TrackingEventProcessor$SplitSegmentInstruction,org.axonframework.eventhandling.scheduling.dbscheduler.DbSchedulerScheduleToken,org.axonframework.tracing.LoggingSpanFactory$1,org.axonframework.updates.configuration.PropertyFileUsagePropertyProvider,org.axonframework.actuator.axonserver.AxonServerHealthIndicator,org.axonframework.axonserver.connector.query.QueryPriorityCalculator,org.axonframework.axonserver.connector.TargetContextResolver,org.axonframework.modelling.command.AggregateRolledBackException,org.axonframework.modelling.command.inspection.AnnotatedAggregate$LazyIdentifierDomainEventMessage,org.axonframework.modelling.command.ForwardToAll,org.axonframework.axonserver.connector.event.axon.AxonServerEventStore$AxonIQEventStorageEngine","AllFieldsFilter,FixtureResourceParameterResolverFactory,LoggingErrorHandler,DefaultEventBusSpanFactory$Builder,LoggingUpdateCheckerReporter,SubscribingEventProcessor$Builder,QueryHandler,DeadlineDetails,TrackingEventProcessor$SplitSegmentInstruction,DbSchedulerScheduleToken,LoggingSpanFactory$1,PropertyFileUsagePropertyProvider,AxonServerHealthIndicator,QueryPriorityCalculator,TargetContextResolver,AggregateRolledBackException,AnnotatedAggregate$LazyIdentifierDomainEventMessage,ForwardToAll,AxonServerEventStore$AxonIQEventStorageEngine",""
"communityMaximumKCutId",94,12,"org.axonframework.common.ReflectionUtils,org.axonframework.test.matchers.MapEntryMatcher$Matching,org.axonframework.test.aggregate.AggregateTestFixture$RecordingEventStore,org.axonframework.test.deadline.ScheduledDeadlineInfo,org.axonframework.eventhandling.gateway.DefaultEventGateway$Builder,org.axonframework.config.Component,org.axonframework.modelling.saga.AbstractSagaManager,org.axonframework.commandhandling.gateway.AxonNonTransientExceptionClassesPredicate,org.axonframework.deadline.DeadlineException,org.axonframework.eventhandling.async.EventProcessorTask,org.axonframework.modelling.command.AggregateRoot,org.axonframework.axonserver.connector.heartbeat.connection.checker.ActiveGrpcChannelChecker","ReflectionUtils,MapEntryMatcher$Matching,AggregateTestFixture$RecordingEventStore,ScheduledDeadlineInfo,DefaultEventGateway$Builder,Component,AbstractSagaManager,AxonNonTransientExceptionClassesPredicate,DeadlineException,EventProcessorTask,AggregateRoot,ActiveGrpcChannelChecker",""
"communityMaximumKCutId",30,20,"org.axonframework.test.matchers.PayloadMatcher,org.axonframework.messaging.GenericMessage,org.axonframework.eventsourcing.AbstractSnapshotter$AggregateTypeId,org.axonframework.eventsourcing.eventstore.ConcatenatingDomainEventStream,org.axonframework.common.jdbc.PersistenceExceptionResolver,org.axonframework.eventsourcing.eventstore.AbstractSnapshotEventEntry,org.axonframework.eventhandling.gateway.EventGateway,org.axonframework.common.caching.WeakReferenceCache,org.axonframework.modelling.command.GenericJpaRepository$Builder,org.axonframework.modelling.saga.SagaRepository,org.axonframework.monitoring.NoOpMessageMonitorCallback,org.axonframework.deadline.quartz.QuartzDeadlineManager$Builder,org.axonframework.eventhandling.EventTrackerStatusChangeListener,org.axonframework.eventhandling.deadletter.legacyjpa.EventMessageDeadLetterJpaConverter,org.axonframework.queryhandling.QueryHandlerAdapter,org.axonframework.axonserver.connector.event.axon.AxonServerEventStoreFactory$Builder,org.axonframework.modelling.command.inspection.AggregateMemberAnnotatedChildEntityMapDefinition,org.axonframework.modelling.saga.SagaExecutionException,org.axonframework.axonserver.connector.DispatchInterceptors,org.axonframework.axonserver.connector.util.FlowControllingStreamObserver","PayloadMatcher,GenericMessage,AbstractSnapshotter$AggregateTypeId,ConcatenatingDomainEventStream,PersistenceExceptionResolver,AbstractSnapshotEventEntry,EventGateway,WeakReferenceCache,GenericJpaRepository$Builder,SagaRepository,NoOpMessageMonitorCallback,QuartzDeadlineManager$Builder,EventTrackerStatusChangeListener,EventMessageDeadLetterJpaConverter,QueryHandlerAdapter,AxonServerEventStoreFactory$Builder,AggregateMemberAnnotatedChildEntityMapDefinition,SagaExecutionException,DispatchInterceptors,FlowControllingStreamObserver",""
"communityMaximumKCutId",88,22,"org.axonframework.messaging.Message,org.axonframework.modelling.command.AggregateAnnotationCommandHandler$Builder,org.axonframework.modelling.command.AggregateScopeDescriptor,org.axonframework.test.saga.SagaTestFixture$StubAwareCommandGatewayFactory,org.axonframework.eventhandling.SimpleEventBus,org.axonframework.disruptor.commandhandling.DisruptorCommandBus$ExceptionHandler,org.axonframework.eventsourcing.eventstore.jdbc.JdbcEventStorageEngine$Builder,org.axonframework.updates.detection.TestEnvironmentDetector,org.axonframework.commandhandling.CommandExecutionException,org.axonframework.commandhandling.distributed.ConsistentHash$1,org.axonframework.serialization.xml.InputStreamToDom4jConverter,org.axonframework.eventhandling.async.FullConcurrencyPolicy,org.axonframework.eventhandling.TransactionMethodExecutionException,org.axonframework.messaging.deadletter.DeadLetterQueueOverflowException,org.axonframework.eventhandling.pooled.CoordinatorTask,org.axonframework.eventhandling.pooled.WorkPackage$1,org.axonframework.springboot.TracingProperties,org.axonframework.modelling.command.inspection.CreationPolicyMember,org.axonframework.modelling.saga.repository.legacyjpa.JpaSagaStore$EntryImpl,org.axonframework.axonserver.connector.ErrorCode$ExceptionBuilder,org.axonframework.axonserver.connector.event.axon.QueryResult,org.axonframework.axonserver.connector.TopologyChange$Type","Message,AggregateAnnotationCommandHandler$Builder,AggregateScopeDescriptor,SagaTestFixture$StubAwareCommandGatewayFactory,SimpleEventBus,DisruptorCommandBus$ExceptionHandler,JdbcEventStorageEngine$Builder,TestEnvironmentDetector,CommandExecutionException,ConsistentHash$1,InputStreamToDom4jConverter,FullConcurrencyPolicy,TransactionMethodExecutionException,DeadLetterQueueOverflowException,CoordinatorTask,WorkPackage$1,TracingProperties,CreationPolicyMember,JpaSagaStore$EntryImpl,ErrorCode$ExceptionBuilder,QueryResult,TopologyChange$Type",""
"communityMaximumKCutId",45,15,"org.axonframework.test.matchers.ListWithAllOfMatcher,org.axonframework.eventsourcing.eventstore.jpa.SnapshotEventEntry,org.axonframework.config.Configurer,org.axonframework.config.EventProcessingModule,org.axonframework.eventhandling.async.PropertySequencingPolicy$Builder,org.axonframework.serialization.json.JsonNodeToObjectNodeConverter,org.axonframework.serialization.upcasting.event.EventTypeUpcaster$Builder,org.axonframework.axonserver.connector.event.axon.EventProcessorInfoConfiguration,org.axonframework.springboot.util.OnMissingQualifiedBeanCondition,org.axonframework.springboot.TimeoutProperties,org.axonframework.springboot.autoconfig.AxonDbSchedulerAutoConfiguration,org.axonframework.modelling.command.inspection.ChildEntity,org.axonframework.modelling.command.legacyjpa.GenericJpaRepository$Builder,org.axonframework.modelling.saga.AssociationValuesImpl,org.axonframework.axonserver.connector.util.PriorityExecutorService","ListWithAllOfMatcher,SnapshotEventEntry,Configurer,EventProcessingModule,PropertySequencingPolicy$Builder,JsonNodeToObjectNodeConverter,EventTypeUpcaster$Builder,EventProcessorInfoConfiguration,OnMissingQualifiedBeanCondition,TimeoutProperties,AxonDbSchedulerAutoConfiguration,ChildEntity,GenericJpaRepository$Builder,AssociationValuesImpl,PriorityExecutorService",""
"communityMaximumKCutId",51,17,"org.axonframework.test.matchers.ListMatcher,org.axonframework.modelling.saga.repository.AnnotatedSagaRepository,org.axonframework.eventsourcing.eventstore.DomainEventStream$2,org.axonframework.eventsourcing.eventstore.EmbeddedEventStore$Builder,org.axonframework.eventhandling.DefaultEventProcessorSpanFactory,org.axonframework.messaging.annotation.AbstractAnnotatedParameterResolverFactory,org.axonframework.messaging.annotation.ResultParameterResolverFactory$1,org.axonframework.messaging.unitofwork.RollbackConfigurationType$2,org.axonframework.commandhandling.distributed.ConsistentHashChangeListener,org.axonframework.common.caching.EhCacheAdapter$CacheEventListenerAdapter,org.axonframework.serialization.xml.CompactDriver,org.axonframework.eventhandling.deadletter.jdbc.JdbcSequencedDeadLetterQueue$1,org.axonframework.springboot.util.DeadLetterQueueProviderConfigurerModule,org.axonframework.modelling.saga.AssociationResolver,org.axonframework.axonserver.connector.event.axon.EventBuffer,org.axonframework.axonserver.connector.heartbeat.connection.checker.HeartbeatConnectionChecker,org.axonframework.axonserver.connector.util.ExecutorServiceBuilder","ListMatcher,AnnotatedSagaRepository,DomainEventStream$2,EmbeddedEventStore$Builder,DefaultEventProcessorSpanFactory,AbstractAnnotatedParameterResolverFactory,ResultParameterResolverFactory$1,RollbackConfigurationType$2,ConsistentHashChangeListener,EhCacheAdapter$CacheEventListenerAdapter,CompactDriver,JdbcSequencedDeadLetterQueue$1,DeadLetterQueueProviderConfigurerModule,AssociationResolver,EventBuffer,HeartbeatConnectionChecker,ExecutorServiceBuilder",""
"communityMaximumKCutId",76,13,"org.axonframework.test.matchers.ListWithAnyOfMatcher,org.axonframework.tracing.SpanScope,org.axonframework.eventsourcing.AggregateLoadTimeSnapshotTriggerDefinition$AggregateLoadTimeSnapshotTrigger,org.axonframework.eventsourcing.snapshotting.SnapshotFilter,org.axonframework.common.jdbc.ConnectionProvider,org.axonframework.eventsourcing.eventstore.jdbc.PostgresEventTableFactory,org.axonframework.queryhandling.DefaultQueryGateway,org.axonframework.eventhandling.EventProcessor,org.axonframework.messaging.MessageDispatchInterceptorSupport,org.axonframework.common.property.MethodAccessedProperty,org.axonframework.eventhandling.async.MetaDataSequencingPolicy,org.axonframework.springboot.util.RegisterDefaultEntities,org.axonframework.modelling.saga.Saga","ListWithAnyOfMatcher,SpanScope,AggregateLoadTimeSnapshotTriggerDefinition$AggregateLoadTimeSnapshotTrigger,SnapshotFilter,ConnectionProvider,PostgresEventTableFactory,DefaultQueryGateway,EventProcessor,MessageDispatchInterceptorSupport,MethodAccessedProperty,MetaDataSequencingPolicy,RegisterDefaultEntities,Saga",""
"communityMaximumKCutId",54,14,"org.axonframework.test.matchers.SequenceMatcher,org.axonframework.messaging.annotation.ClasspathHandlerDefinition,org.axonframework.disruptor.commandhandling.AggregateStateCorruptedException,org.axonframework.eventsourcing.EventSourcingHandler,org.axonframework.queryhandling.SimpleQueryBus$Builder,org.axonframework.config.EventProcessingModule$ProcessingGroupSelector,org.axonframework.serialization.SimpleSerializedType,org.axonframework.common.caching.EhCache3Adapter$1,org.axonframework.eventhandling.deadletter.jdbc.DefaultDeadLetterStatementFactory,org.axonframework.springboot.service.connection.PropertiesAxonServerConnectionDetails,org.axonframework.axonserver.connector.command.CommandPriorityCalculator,org.axonframework.modelling.saga.AnnotatedSaga,org.axonframework.modelling.saga.repository.jdbc.PostgresSagaSqlSchema,org.axonframework.axonserver.connector.ConnectionManager","SequenceMatcher,ClasspathHandlerDefinition,AggregateStateCorruptedException,EventSourcingHandler,SimpleQueryBus$Builder,EventProcessingModule$ProcessingGroupSelector,SimpleSerializedType,EhCache3Adapter$1,DefaultDeadLetterStatementFactory,PropertiesAxonServerConnectionDetails,CommandPriorityCalculator,AnnotatedSaga,PostgresSagaSqlSchema,ConnectionManager",""
"communityMaximumKCutId",84,10,"org.axonframework.test.matchers.ExactSequenceMatcher,org.axonframework.test.matchers.NonTransientFieldsFilter,org.axonframework.serialization.LazyDeserializingObject,org.axonframework.eventsourcing.eventstore.jdbc.JdbcEventStorageEngine$1,org.axonframework.deadline.DefaultDeadlineManagerSpanFactory$Builder,org.axonframework.messaging.annotation.ScopeDescriptorParameterResolverFactory$ScopeDescriptorParameterResolver,org.axonframework.eventhandling.pooled.Coordinator$RunState,org.axonframework.serialization.upcasting.event.ContextAwareEventMultiUpcaster,org.axonframework.updates.api.DetectedVulnerability,org.axonframework.axonserver.connector.heartbeat.ConnectionSanityChecker","ExactSequenceMatcher,NonTransientFieldsFilter,LazyDeserializingObject,JdbcEventStorageEngine$1,DefaultDeadlineManagerSpanFactory$Builder,ScopeDescriptorParameterResolverFactory$ScopeDescriptorParameterResolver,Coordinator$RunState,ContextAwareEventMultiUpcaster,DetectedVulnerability,ConnectionSanityChecker",""
"communityMaximumKCutId",16,14,"org.axonframework.test.matchers.PredicateMatcher,org.axonframework.test.matchers.IgnoreField,org.axonframework.commandhandling.GenericCommandResultMessage,org.axonframework.eventsourcing.conflictresolution.Conflicts,org.axonframework.eventsourcing.eventstore.jdbc.statements.FetchTrackedEventsStatementBuilder,org.axonframework.tracing.opentelemetry.OpenTelemetrySpanFactory$Builder,org.axonframework.config.LifecycleHandlerInspector$1,org.axonframework.eventhandling.MultiSourceTrackingToken,org.axonframework.eventhandling.async.MetaDataSequencingPolicy$Builder,org.axonframework.tracing.TracingHandlerEnhancerDefinition$1,org.axonframework.springboot.EventProcessorProperties$Dlq,org.axonframework.springboot.autoconfig.AxonServerBusAutoConfiguration,org.axonframework.modelling.command.AggregateCreationPolicy,org.axonframework.modelling.saga.repository.SagaStore$Entry","PredicateMatcher,IgnoreField,GenericCommandResultMessage,Conflicts,FetchTrackedEventsStatementBuilder,OpenTelemetrySpanFactory$Builder,LifecycleHandlerInspector$1,MultiSourceTrackingToken,MetaDataSequencingPolicy$Builder,TracingHandlerEnhancerDefinition$1,EventProcessorProperties$Dlq,AxonServerBusAutoConfiguration,AggregateCreationPolicy,SagaStore$Entry",""
"communityMaximumKCutId",78,15,"org.axonframework.test.matchers.EmptyCollectionMatcher,org.axonframework.eventhandling.Segment,org.axonframework.eventhandling.AbstractEventBus$Builder,org.axonframework.eventhandling.TrackingTokenParameterResolverFactory$1,org.axonframework.eventhandling.replay.ReplayContextParameterResolverFactory,org.axonframework.commandhandling.MethodCommandHandlerDefinition$MethodCommandMessageHandlingMember,org.axonframework.commandhandling.distributed.RoutingStrategy,org.axonframework.commandhandling.distributed.CommandCallbackWrapper,org.axonframework.commandhandling.gateway.CommandGatewayFactory$DispatchOnInvocationHandler$Builder,org.axonframework.eventhandling.async.PropertySequencingPolicy$Builder$ExceptionRaisingSequencingPolicy,org.axonframework.tracing.LoggingSpanFactory$Slf4jSpan,org.axonframework.springboot.DistributedCommandBusProperties,org.axonframework.modelling.command.AggregateAnnotationCommandHandler$AggregateCreateOrUpdateCommandHandler,org.axonframework.modelling.saga.repository.AssociationValueMap$SagaAssociationValue,org.axonframework.axonserver.connector.processor.EventProcessorControlService","EmptyCollectionMatcher,Segment,AbstractEventBus$Builder,TrackingTokenParameterResolverFactory$1,ReplayContextParameterResolverFactory,MethodCommandHandlerDefinition$MethodCommandMessageHandlingMember,RoutingStrategy,CommandCallbackWrapper,CommandGatewayFactory$DispatchOnInvocationHandler$Builder,PropertySequencingPolicy$Builder$ExceptionRaisingSequencingPolicy,LoggingSpanFactory$Slf4jSpan,DistributedCommandBusProperties,AggregateAnnotationCommandHandler$AggregateCreateOrUpdateCommandHandler,AssociationValueMap$SagaAssociationValue,EventProcessorControlService",""
"communityMaximumKCutId",22,11,"org.axonframework.test.matchers.EqualFieldsMatcher,org.axonframework.test.deadline.DeadlineManagerValidator,org.axonframework.disruptor.commandhandling.EventPublisher$ReportResultTask,org.axonframework.eventsourcing.EventCountSnapshotTriggerDefinition$EventCountSnapshotTrigger,org.axonframework.common.MemberAccessibilityCallback,org.axonframework.commandhandling.gateway.IntervalRetryScheduler,org.axonframework.messaging.deadletter.ShouldEnqueue,org.axonframework.queryhandling.SinksManyWrapper,org.axonframework.springboot.TagsConfigurationProperties,org.axonframework.modelling.saga.repository.LockingSagaRepository$Builder,org.axonframework.modelling.saga.metamodel.AnnotationSagaMetaModelFactory","EqualFieldsMatcher,DeadlineManagerValidator,EventPublisher$ReportResultTask,EventCountSnapshotTriggerDefinition$EventCountSnapshotTrigger,MemberAccessibilityCallback,IntervalRetryScheduler,ShouldEnqueue,SinksManyWrapper,TagsConfigurationProperties,LockingSagaRepository$Builder,AnnotationSagaMetaModelFactory",""
"communityMaximumKCutId",32,14,"org.axonframework.test.matchers.EqualsMatcher,org.axonframework.commandhandling.GenericCommandMessage,org.axonframework.eventsourcing.AbstractSnapshotter$RunnableAndFinally,org.axonframework.eventhandling.deadletter.DeadLetteringEventHandlerInvoker$Builder,org.axonframework.config.SagaConfigurer$SagaConfigurationImpl,org.axonframework.eventhandling.replay.ReplayContextParameterResolverFactory$ReplayContextParameterResolver,org.axonframework.messaging.unitofwork.RollbackConfigurationType$3,org.axonframework.eventhandling.MultiStreamableMessageSource$SourceIdAwareBlockingStream,org.axonframework.springboot.autoconfig.XStreamAutoConfiguration$XStreamConfiguredCondition$GeneralDefaultCondition,org.axonframework.axonserver.connector.event.axon.AxonServerEventStore$Builder,org.axonframework.springboot.autoconfig.AxonJobRunrAutoConfiguration,org.axonframework.modelling.command.MetaDataCommandTargetResolver,org.axonframework.axonserver.connector.event.util.EventStoreClientException,org.axonframework.axonserver.connector.event.axon.QueryResultStreamAdapter","EqualsMatcher,GenericCommandMessage,AbstractSnapshotter$RunnableAndFinally,DeadLetteringEventHandlerInvoker$Builder,SagaConfigurer$SagaConfigurationImpl,ReplayContextParameterResolverFactory$ReplayContextParameterResolver,RollbackConfigurationType$3,MultiStreamableMessageSource$SourceIdAwareBlockingStream,XStreamAutoConfiguration$XStreamConfiguredCondition$GeneralDefaultCondition,AxonServerEventStore$Builder,AxonJobRunrAutoConfiguration,MetaDataCommandTargetResolver,EventStoreClientException,QueryResultStreamAdapter",""
"communityMaximumKCutId",2,19,"org.axonframework.messaging.ScopeDescriptor,org.axonframework.test.AxonAssertionError,org.axonframework.test.saga.DescriptionUtils,org.axonframework.disruptor.commandhandling.CommandHandlingEntry,org.axonframework.eventsourcing.AggregateCacheEntry,org.axonframework.eventsourcing.eventstore.BatchingEventStorageEngine$Builder,org.axonframework.eventsourcing.eventstore.SequenceEventStorageEngine$ConcatenatingSpliterator,org.axonframework.eventsourcing.eventstore.jdbc.statements.AppendSnapshotStatementBuilder,org.axonframework.commandhandling.LoggingDuplicateCommandHandlerResolver,org.axonframework.eventhandling.TimestampParameterResolverFactory,org.axonframework.commandhandling.distributed.CommandMessageFilter,org.axonframework.deadline.AbstractDeadlineManager,org.axonframework.eventhandling.TrackingEventProcessor$WorkerLauncher,org.axonframework.eventhandling.deadletter.jpa.DeadLetterEventEntry,org.axonframework.eventhandling.scheduling.dbscheduler.DbSchedulerEventScheduler,org.axonframework.springboot.autoconfig.CBORMapperAutoConfiguration,org.axonframework.springboot.autoconfig.AxonTimeoutAutoConfiguration$AxonTimeoutConfigurerModule,org.axonframework.modelling.command.NoArgumentConstructorCreationPolicyAggregateFactory,org.axonframework.axonserver.connector.util.GrpcMetaDataConverter$1","ScopeDescriptor,AxonAssertionError,DescriptionUtils,CommandHandlingEntry,AggregateCacheEntry,BatchingEventStorageEngine$Builder,SequenceEventStorageEngine$ConcatenatingSpliterator,AppendSnapshotStatementBuilder,LoggingDuplicateCommandHandlerResolver,TimestampParameterResolverFactory,CommandMessageFilter,AbstractDeadlineManager,TrackingEventProcessor$WorkerLauncher,DeadLetterEventEntry,DbSchedulerEventScheduler,CBORMapperAutoConfiguration,AxonTimeoutAutoConfiguration$AxonTimeoutConfigurerModule,NoArgumentConstructorCreationPolicyAggregateFactory,GrpcMetaDataConverter$1",""
"communityMaximumKCutId",18,15,"org.axonframework.eventsourcing.EventSourcedAggregate,org.axonframework.test.deadline.StubDeadlineManager,org.axonframework.test.utils.AutowiredResourceInjector,org.axonframework.eventsourcing.eventstore.inmemory.InMemoryEventStorageEngine,org.axonframework.common.jdbc.Oracle11Utils,org.axonframework.messaging.deadletter.DeadLetterParameterResolverFactory$DeadLetterParameterResolver,org.axonframework.messaging.annotation.MessageInterceptingMember,org.axonframework.commandhandling.distributed.CommandBusConnectorCommunicationException,org.axonframework.common.jdbc.UnitOfWorkAwareConnectionProviderWrapper$UoWAttachedConnection,org.axonframework.common.legacyjpa.SimpleEntityManagerProvider,org.axonframework.eventhandling.tokenstore.UnableToClaimTokenException,org.axonframework.eventhandling.scheduling.java.SimpleEventScheduler$PublishEventTask,org.axonframework.eventhandling.tokenstore.jdbc.JdbcTokenStore$Builder,org.axonframework.messaging.Headers,org.axonframework.axonserver.connector.event.axon.AxonServerEventStoreFactory","EventSourcedAggregate,StubDeadlineManager,AutowiredResourceInjector,InMemoryEventStorageEngine,Oracle11Utils,DeadLetterParameterResolverFactory$DeadLetterParameterResolver,MessageInterceptingMember,CommandBusConnectorCommunicationException,UnitOfWorkAwareConnectionProviderWrapper$UoWAttachedConnection,SimpleEntityManagerProvider,UnableToClaimTokenException,SimpleEventScheduler$PublishEventTask,JdbcTokenStore$Builder,Headers,AxonServerEventStoreFactory",""
"communityMaximumKCutId",47,10,"org.axonframework.modelling.command.Aggregate,org.axonframework.test.aggregate.Reporter,org.axonframework.disruptor.commandhandling.FirstLevelCache$1,org.axonframework.modelling.command.RepositorySpanFactory,org.axonframework.commandhandling.gateway.AbstractCommandGateway$Builder,org.axonframework.messaging.timeout.AxonTaskJanitor,org.axonframework.modelling.command.inspection.AnnotatedChildEntity,org.axonframework.axonserver.connector.InstructionAckSource,org.axonframework.axonserver.connector.TopologyChange$1,org.axonframework.axonserver.connector.query.QuerySerializer","Aggregate,Reporter,FirstLevelCache$1,RepositorySpanFactory,AbstractCommandGateway$Builder,AxonTaskJanitor,AnnotatedChildEntity,InstructionAckSource,TopologyChange$1,QuerySerializer",""
"communityMaximumKCutId",92,16,"org.axonframework.modelling.command.Repository,org.axonframework.eventsourcing.AbstractSnapshotter$SilentTask,org.axonframework.eventsourcing.DefaultSnapshotterSpanFactory$Builder,org.axonframework.eventsourcing.conflictresolution.ContextAwareConflictExceptionSupplier,org.axonframework.serialization.upcasting.event.NoOpEventUpcaster,org.axonframework.eventsourcing.eventstore.legacyjpa.JpaEventStorageEngine,org.axonframework.queryhandling.LoggingQueryInvocationErrorHandler,org.axonframework.config.LifecycleHandlerInspector,org.axonframework.eventhandling.SequenceNumber,org.axonframework.commandhandling.distributed.MetaDataRoutingStrategy,org.axonframework.eventhandling.pooled.MaxSegmentProvider,org.axonframework.messaging.responsetypes.ResponseTypes,org.axonframework.serialization.upcasting.event.EventMultiUpcaster,org.axonframework.tracing.TracingHandlerEnhancerDefinition,org.axonframework.springboot.DistributedCommandBusProperties$SpringCloudProperties,org.axonframework.modelling.command.inspection.AggregateMemberAnnotatedChildEntityCollectionDefinition","Repository,AbstractSnapshotter$SilentTask,DefaultSnapshotterSpanFactory$Builder,ContextAwareConflictExceptionSupplier,NoOpEventUpcaster,JpaEventStorageEngine,LoggingQueryInvocationErrorHandler,LifecycleHandlerInspector,SequenceNumber,MetaDataRoutingStrategy,MaxSegmentProvider,ResponseTypes,EventMultiUpcaster,TracingHandlerEnhancerDefinition,DistributedCommandBusProperties$SpringCloudProperties,AggregateMemberAnnotatedChildEntityCollectionDefinition",""
"communityMaximumKCutId",29,20,"org.axonframework.modelling.command.inspection.AnnotatedAggregateMetaModelFactory,org.axonframework.commandhandling.CommandBus,org.axonframework.test.saga.SagaTestFixture$ReturnResultFromStub,org.axonframework.eventsourcing.EventSourcedAggregate$IgnoreApplyMore,org.axonframework.eventhandling.GenericTrackedDomainEventMessage,org.axonframework.eventsourcing.eventstore.legacyjpa.EmbeddedEventStore$Builder,org.axonframework.tracing.SpanUtils,org.axonframework.config.MessageHandlerRegistrar,org.axonframework.eventhandling.ErrorHandler,org.axonframework.eventhandling.DirectEventProcessingStrategy,org.axonframework.messaging.interceptors.MessageHandlerInterceptor,org.axonframework.messaging.annotation.DefaultParameterResolverFactory$MetaDataParameterResolver,org.axonframework.commandhandling.AsynchronousCommandBus,org.axonframework.commandhandling.distributed.ConsistentHash$ConsistentHashMember,org.axonframework.common.jpa.SimpleEntityManagerProvider,org.axonframework.messaging.deadletter.NoSuchDeadLetterException,org.axonframework.serialization.json.JacksonSerializer,org.axonframework.modelling.command.IdentifierMissingException,org.axonframework.modelling.command.inspection.ForwardingCommandMessageHandlingMember,org.axonframework.modelling.saga.MetaDataAssociationResolver","AnnotatedAggregateMetaModelFactory,CommandBus,SagaTestFixture$ReturnResultFromStub,EventSourcedAggregate$IgnoreApplyMore,GenericTrackedDomainEventMessage,EmbeddedEventStore$Builder,SpanUtils,MessageHandlerRegistrar,ErrorHandler,DirectEventProcessingStrategy,MessageHandlerInterceptor,DefaultParameterResolverFactory$MetaDataParameterResolver,AsynchronousCommandBus,ConsistentHash$ConsistentHashMember,SimpleEntityManagerProvider,NoSuchDeadLetterException,JacksonSerializer,IdentifierMissingException,ForwardingCommandMessageHandlingMember,MetaDataAssociationResolver",""
"communityMaximumKCutId",81,9,"org.axonframework.modelling.command.RepositoryProvider,org.axonframework.eventhandling.scheduling.EventScheduler,org.axonframework.messaging.unitofwork.RollbackConfigurationType,org.axonframework.eventsourcing.eventstore.jdbc.statements.LastSequenceNumberForStatementBuilder,org.axonframework.config.ConfigurerModule,org.axonframework.commandhandling.distributed.CommandCallbackRepository,org.axonframework.springboot.DistributedCommandBusProperties$JGroupsProperties,org.axonframework.springboot.autoconfig.NoOpTransactionAutoConfiguration,org.axonframework.springboot.autoconfig.AvroSerializerAutoConfiguration","RepositoryProvider,EventScheduler,RollbackConfigurationType,LastSequenceNumberForStatementBuilder,ConfigurerModule,CommandCallbackRepository,DistributedCommandBusProperties$JGroupsProperties,NoOpTransactionAutoConfiguration,AvroSerializerAutoConfiguration",""
"communityMaximumKCutId",13,10,"org.axonframework.test.aggregate.AggregateTestFixture,org.axonframework.test.eventscheduler.StubEventScheduler,org.axonframework.eventsourcing.conflictresolution.ConflictExceptionSupplier,org.axonframework.eventsourcing.eventstore.legacyjpa.EmbeddedEventStore$EventProducer,org.axonframework.eventhandling.DefaultEventProcessorSpanFactory$Builder,org.axonframework.commandhandling.WrappedCommandCallback,org.axonframework.tracing.NoOpSpanFactory$NoOpSpan,org.axonframework.eventhandling.TrackingEventProcessor$MergeSegmentInstruction,org.axonframework.eventhandling.tokenstore.jdbc.TokenSchema$Builder,org.axonframework.axonserver.connector.query.AxonServerQueryDispatchException","AggregateTestFixture,StubEventScheduler,ConflictExceptionSupplier,EmbeddedEventStore$EventProducer,DefaultEventProcessorSpanFactory$Builder,WrappedCommandCallback,NoOpSpanFactory$NoOpSpan,TrackingEventProcessor$MergeSegmentInstruction,TokenSchema$Builder,AxonServerQueryDispatchException",""
"communityMaximumKCutId",25,21,"org.axonframework.test.aggregate.AggregateTestFixture$1,org.axonframework.test.aggregate.FixtureConfiguration,org.axonframework.eventsourcing.eventstore.DomainEventStream,org.axonframework.disruptor.commandhandling.DisruptorCommandBus$1,org.axonframework.common.ObjectUtils,org.axonframework.common.io.IOUtils,org.axonframework.eventsourcing.snapshotting.RevisionSnapshotFilter$Builder,org.axonframework.messaging.correlation.CorrelationDataProvider,org.axonframework.config.EventProcessingConfigurer,org.axonframework.messaging.deadletter.ThrowableCause,org.axonframework.common.digest.Digester,org.axonframework.commandhandling.gateway.AbstractCommandGateway,org.axonframework.common.jdbc.DataSourceConnectionProvider,org.axonframework.deadline.dbscheduler.DbSchedulerBinaryDeadlineDetails,org.axonframework.deadline.quartz.DeadlineJob,org.axonframework.serialization.upcasting.SingleEntryUpcaster,org.axonframework.springboot.EventProcessorProperties$ProcessorSettings,org.axonframework.modelling.command.inspection.MethodCreationPolicyDefinition$MethodCreationPolicyHandlingMember,org.axonframework.modelling.command.legacyjpa.GenericJpaRepository,org.axonframework.axonserver.connector.query.AxonServerNonTransientRemoteQueryHandlingException,org.axonframework.axonserver.connector.util.Scheduler$ScheduledTask","AggregateTestFixture$1,FixtureConfiguration,DomainEventStream,DisruptorCommandBus$1,ObjectUtils,IOUtils,RevisionSnapshotFilter$Builder,CorrelationDataProvider,EventProcessingConfigurer,ThrowableCause,Digester,AbstractCommandGateway,DataSourceConnectionProvider,DbSchedulerBinaryDeadlineDetails,DeadlineJob,SingleEntryUpcaster,EventProcessorProperties$ProcessorSettings,MethodCreationPolicyDefinition$MethodCreationPolicyHandlingMember,GenericJpaRepository,AxonServerNonTransientRemoteQueryHandlingException,Scheduler$ScheduledTask",""
"communityMaximumKCutId",55,15,"org.axonframework.eventsourcing.GenericAggregateFactory,org.axonframework.test.aggregate.TestExecutor,org.axonframework.eventhandling.TrackingEventStream,org.axonframework.eventsourcing.MultiStreamableMessageSource,org.axonframework.eventsourcing.eventstore.jdbc.statements.DeleteSnapshotsStatementBuilder,org.axonframework.queryhandling.QueryBus,org.axonframework.commandhandling.gateway.CommandGateway,org.axonframework.eventhandling.async.AsynchronousEventProcessingStrategy$NoActionCallback,org.axonframework.eventhandling.pooled.WorkPackage$BatchProcessingEntry,org.axonframework.eventhandling.tokenstore.jdbc.TokenTableFactory,org.axonframework.eventhandling.tokenstore.legacyjpa.JpaTokenStore,org.axonframework.modelling.command.inspection.AnnotatedCommandHandlerInterceptor,org.axonframework.modelling.saga.repository.jpa.SerializedSaga,org.axonframework.axonserver.connector.util.ExceptionSerializer,org.axonframework.axonserver.connector.query.subscription.GrpcBackedQueryUpdateMessage","GenericAggregateFactory,TestExecutor,TrackingEventStream,MultiStreamableMessageSource,DeleteSnapshotsStatementBuilder,QueryBus,CommandGateway,AsynchronousEventProcessingStrategy$NoActionCallback,WorkPackage$BatchProcessingEntry,TokenTableFactory,JpaTokenStore,AnnotatedCommandHandlerInterceptor,SerializedSaga,ExceptionSerializer,GrpcBackedQueryUpdateMessage",""
"communityMaximumKCutId",85,14,"org.axonframework.eventhandling.EventBus,org.axonframework.eventsourcing.AggregateSnapshotter$1,org.axonframework.common.property.PropertyAccessStrategy,org.axonframework.messaging.annotation.AggregateTypeParameterResolverFactory,org.axonframework.messaging.annotation.AnnotatedHandlerInspector,org.axonframework.commandhandling.distributed.commandfilter.DenyAll,org.axonframework.commandhandling.gateway.RetryingCallback$RetryDispatch,org.axonframework.common.jpa.PagingJpaQueryIterable,org.axonframework.deadline.annotation.DeadlineHandlingMember,org.axonframework.tracing.LoggingSpanFactory$Slf4jSpan$Slf4jSpanScope,org.axonframework.axonserver.connector.event.axon.AxonServerEventScheduler,org.axonframework.modelling.command.AggregateAnnotationCommandHandler$AggregateConstructorCommandHandler,org.axonframework.modelling.command.AggregateInvocationException,org.axonframework.axonserver.connector.event.axon.AxonServerEventStore$AxonServerMessageSource","EventBus,AggregateSnapshotter$1,PropertyAccessStrategy,AggregateTypeParameterResolverFactory,AnnotatedHandlerInspector,DenyAll,RetryingCallback$RetryDispatch,PagingJpaQueryIterable,DeadlineHandlingMember,LoggingSpanFactory$Slf4jSpan$Slf4jSpanScope,AxonServerEventScheduler,AggregateAnnotationCommandHandler$AggregateConstructorCommandHandler,AggregateInvocationException,AxonServerEventStore$AxonServerMessageSource",""
"communityMaximumKCutId",1,24,"org.axonframework.messaging.unitofwork.DefaultUnitOfWork,org.axonframework.commandhandling.CommandMessage,org.axonframework.eventhandling.GenericEventMessage,org.axonframework.eventhandling.TrackingToken,org.axonframework.messaging.InterceptorChain,org.axonframework.disruptor.commandhandling.DisruptorUnitOfWork,org.axonframework.eventhandling.MultiStreamableMessageSource$Builder,org.axonframework.serialization.RevisionResolver,org.axonframework.serialization.SerializedType,org.axonframework.eventhandling.AbstractEventBus,org.axonframework.queryhandling.SimpleQueryUpdateEmitter,org.axonframework.eventhandling.SimpleEventHandlerInvoker$Builder,org.axonframework.eventhandling.TrackingEventProcessor$Builder,org.axonframework.common.property.Property,org.axonframework.eventhandling.ConcludesBatch,org.axonframework.common.jdbc.ConnectionWrapperFactory$NoOpCloseHandler,org.axonframework.deadline.quartz.QuartzDeadlineManager,org.axonframework.eventhandling.AddedTrackerStatus,org.axonframework.eventhandling.deadletter.jpa.DeadLetterEntry,org.axonframework.messaging.interceptors.ExceptionHandler,org.axonframework.queryhandling.DefaultSubscriptionQueryResult,org.axonframework.serialization.json.MetaDataDeserializer,org.axonframework.springboot.TimeoutProperties$TransactionTimeoutProperties,org.axonframework.springboot.TokenStoreProperties","DefaultUnitOfWork,CommandMessage,GenericEventMessage,TrackingToken,InterceptorChain,DisruptorUnitOfWork,MultiStreamableMessageSource$Builder,RevisionResolver,SerializedType,AbstractEventBus,SimpleQueryUpdateEmitter,SimpleEventHandlerInvoker$Builder,TrackingEventProcessor$Builder,Property,ConcludesBatch,ConnectionWrapperFactory$NoOpCloseHandler,QuartzDeadlineManager,AddedTrackerStatus,DeadLetterEntry,ExceptionHandler,DefaultSubscriptionQueryResult,MetaDataDeserializer,TimeoutProperties$TransactionTimeoutProperties,TokenStoreProperties",""
"communityMaximumKCutId",10,13,"org.axonframework.eventsourcing.EventSourcingRepository$Builder,org.axonframework.test.aggregate.AggregateTestFixture$InMemoryRepository,org.axonframework.common.Registration,org.axonframework.eventsourcing.eventstore.jdbc.statements.JdbcEventStorageEngineStatements,org.axonframework.commandhandling.gateway.CommandGatewayFactory$WrapNonDeclaredCheckedExceptions,org.axonframework.eventhandling.tokenstore.jdbc.GenericTokenTableFactory,org.axonframework.serialization.JavaSerializer,org.axonframework.modelling.saga.repository.jdbc.JdbcSagaStore,org.axonframework.modelling.command.ForwardMatchingInstances$NoProperty,org.axonframework.modelling.saga.repository.jpa.AssociationValueEntry,org.axonframework.axonserver.connector.query.AxonServerRemoteQueryHandlingException,org.axonframework.axonserver.connector.event.axon.AxonServerEventStore$AxonIQEventStorageEngine$Builder,org.axonframework.axonserver.connector.util.Scheduler","EventSourcingRepository$Builder,AggregateTestFixture$InMemoryRepository,Registration,JdbcEventStorageEngineStatements,CommandGatewayFactory$WrapNonDeclaredCheckedExceptions,GenericTokenTableFactory,JavaSerializer,JdbcSagaStore,ForwardMatchingInstances$NoProperty,AssociationValueEntry,AxonServerRemoteQueryHandlingException,AxonServerEventStore$AxonIQEventStorageEngine$Builder,Scheduler",""
"communityMaximumKCutId",46,23,"org.axonframework.modelling.command.inspection.AggregateModel,org.axonframework.test.FixtureResourceParameterResolverFactory$FailingParameterResolver,org.axonframework.modelling.saga.repository.AnnotatedSagaRepository$Builder,org.axonframework.eventsourcing.EventCountSnapshotTriggerDefinition,org.axonframework.eventsourcing.AbstractSnapshotter$CreateSnapshotTask,org.axonframework.eventsourcing.MultiStreamableMessageSource$Builder,org.axonframework.deadline.DeadlineManagerSpanFactory,org.axonframework.eventhandling.SimpleEventHandlerInvoker,org.axonframework.messaging.ScopeAware,org.axonframework.common.property.DirectPropertyAccessStrategy,org.axonframework.eventhandling.TimestampParameterResolverFactory$TimestampParameterResolver,org.axonframework.common.annotation.PriorityAnnotationComparator,org.axonframework.common.lock.Lock,org.axonframework.eventhandling.pooled.Coordinator$1,org.axonframework.eventhandling.pooled.MergeTask,org.axonframework.messaging.deadletter.InMemorySequencedDeadLetterQueue,org.axonframework.messaging.timeout.HandlerTimeoutConfiguration,org.axonframework.queryhandling.GenericQueryMessage,org.axonframework.queryhandling.registration.FailingDuplicateQueryHandlerResolver,org.axonframework.serialization.ChainedConverter,org.axonframework.tracing.attributes.MessageTypeSpanAttributesProvider,org.axonframework.modelling.saga.EndSaga,org.axonframework.modelling.command.AggregateMember","AggregateModel,FixtureResourceParameterResolverFactory$FailingParameterResolver,AnnotatedSagaRepository$Builder,EventCountSnapshotTriggerDefinition,AbstractSnapshotter$CreateSnapshotTask,MultiStreamableMessageSource$Builder,DeadlineManagerSpanFactory,SimpleEventHandlerInvoker,ScopeAware,DirectPropertyAccessStrategy,TimestampParameterResolverFactory$TimestampParameterResolver,PriorityAnnotationComparator,Lock,Coordinator$1,MergeTask,InMemorySequencedDeadLetterQueue,HandlerTimeoutConfiguration,GenericQueryMessage,FailingDuplicateQueryHandlerResolver,ChainedConverter,MessageTypeSpanAttributesProvider,EndSaga,AggregateMember",""
"communityMaximumKCutId",58,16,"org.axonframework.modelling.command.AggregateNotFoundException,org.axonframework.eventsourcing.AbstractSnapshotter$1,org.axonframework.eventsourcing.eventstore.jdbc.statements.ReadEventDataWithoutGapsStatementBuilder,org.axonframework.config.MessageMonitorFactoryBuilder,org.axonframework.messaging.annotation.WrappedMessageHandlingMember,org.axonframework.commandhandling.callbacks.FailureLoggingCallback,org.axonframework.common.caching.AbstractCacheAdapter,org.axonframework.common.jpa.PagingJpaQueryIterable$PagingIterator,org.axonframework.eventhandling.EventTrackerStatus,org.axonframework.serialization.upcasting.Upcaster,org.axonframework.messaging.EventPublicationFailedException,org.axonframework.serialization.json.ByteArrayToJsonNodeConverter,org.axonframework.updates.configuration.EnvironmentVariableUsagePropertyProvider,org.axonframework.springboot.autoconfig.XStreamAutoConfiguration$XStreamConfiguredCondition$MessagesXStreamCondition,org.axonframework.modelling.saga.SagaInitializationPolicy,org.axonframework.modelling.saga.repository.AssociationValueMap","AggregateNotFoundException,AbstractSnapshotter$1,ReadEventDataWithoutGapsStatementBuilder,MessageMonitorFactoryBuilder,WrappedMessageHandlingMember,FailureLoggingCallback,AbstractCacheAdapter,PagingJpaQueryIterable$PagingIterator,EventTrackerStatus,Upcaster,EventPublicationFailedException,ByteArrayToJsonNodeConverter,EnvironmentVariableUsagePropertyProvider,XStreamAutoConfiguration$XStreamConfiguredCondition$MessagesXStreamCondition,SagaInitializationPolicy,AssociationValueMap",""
"communityMaximumKCutId",71,13,"org.axonframework.messaging.MessageHandler,org.axonframework.eventhandling.DomainEventMessage,org.axonframework.eventsourcing.AggregateLoadTimeSnapshotTriggerDefinition,org.axonframework.eventsourcing.AggregateSnapshotter$SnapshotAggregate,org.axonframework.serialization.SerializedMessage,org.axonframework.serialization.converters.BlobToInputStreamConverter,org.axonframework.messaging.IllegalPayloadAccessException,org.axonframework.common.lock.PessimisticLockFactory$1,org.axonframework.monitoring.MultiMessageMonitor$1,org.axonframework.serialization.ChainedConverter$Route,org.axonframework.serialization.avro.AvroSerializerStrategy,org.axonframework.springboot.autoconfig.ObjectMapperAutoConfiguration,org.axonframework.axonserver.connector.util.GrpcSerializedObject$1","MessageHandler,DomainEventMessage,AggregateLoadTimeSnapshotTriggerDefinition,AggregateSnapshotter$SnapshotAggregate,SerializedMessage,BlobToInputStreamConverter,IllegalPayloadAccessException,PessimisticLockFactory$1,MultiMessageMonitor$1,ChainedConverter$Route,AvroSerializerStrategy,ObjectMapperAutoConfiguration,GrpcSerializedObject$1",""
"communityMaximumKCutId",26,16,"org.axonframework.messaging.MessageDispatchInterceptor,org.axonframework.messaging.annotation.SimpleResourceParameterResolverFactory,org.axonframework.tracing.Span,org.axonframework.eventsourcing.conflictresolution.ConflictResolver,org.axonframework.modelling.command.LockingRepository$Builder,org.axonframework.modelling.command.AggregateStreamCreationException,org.axonframework.eventsourcing.eventstore.jdbc.statements.ReadEventDataWithGapsStatementBuilder,org.axonframework.queryhandling.QueryInvocationErrorHandler,org.axonframework.modelling.command.DefaultRepositorySpanFactory$Builder,org.axonframework.updates.UpdateChecker,org.axonframework.eventhandling.SubscribingEventProcessor,org.axonframework.messaging.annotation.ResultParameterResolverFactory,org.axonframework.common.jdbc.PagingJdbcIterable$PagingIterator,org.axonframework.eventhandling.tokenstore.AbstractTokenEntry,org.axonframework.serialization.avro.AvroSerializer,org.axonframework.axonserver.connector.DefaultHandlers","MessageDispatchInterceptor,SimpleResourceParameterResolverFactory,Span,ConflictResolver,LockingRepository$Builder,AggregateStreamCreationException,ReadEventDataWithGapsStatementBuilder,QueryInvocationErrorHandler,DefaultRepositorySpanFactory$Builder,UpdateChecker,SubscribingEventProcessor,ResultParameterResolverFactory,PagingJdbcIterable$PagingIterator,AbstractTokenEntry,AvroSerializer,DefaultHandlers",""
"communityMaximumKCutId",4,15,"org.axonframework.eventhandling.EventMessage,org.axonframework.common.DateTimeUtils,org.axonframework.commandhandling.distributed.ReplyMessage,org.axonframework.common.stream.StreamUtils,org.axonframework.deadline.dbscheduler.DbSchedulerHumanReadableDeadlineDetails,org.axonframework.eventhandling.pooled.WorkPackage,org.axonframework.queryhandling.registration.DuplicateQueryHandlerResolver,org.axonframework.serialization.MavenArtifactRevisionResolver,org.axonframework.serialization.json.JacksonSerializer$Builder,org.axonframework.tracing.attributes.AggregateIdentifierSpanAttributesProvider,org.axonframework.springboot.autoconfig.MetricsAutoConfiguration,org.axonframework.modelling.saga.SagaCreationPolicy,org.axonframework.modelling.command.inspection.MethodCommandHandlerInterceptorDefinition$1,org.axonframework.modelling.command.ConflictingModificationException,org.axonframework.axonserver.connector.AxonServerConfiguration$FlowControlConfiguration","EventMessage,DateTimeUtils,ReplyMessage,StreamUtils,DbSchedulerHumanReadableDeadlineDetails,WorkPackage,DuplicateQueryHandlerResolver,MavenArtifactRevisionResolver,JacksonSerializer$Builder,AggregateIdentifierSpanAttributesProvider,MetricsAutoConfiguration,SagaCreationPolicy,MethodCommandHandlerInterceptorDefinition$1,ConflictingModificationException,AxonServerConfiguration$FlowControlConfiguration",""
"communityMaximumKCutId",28,8,"org.axonframework.messaging.annotation.MultiParameterResolverFactory,org.axonframework.test.saga.SagaTestFixture$1,org.axonframework.disruptor.commandhandling.EventPublisher$1,org.axonframework.messaging.deadletter.SequencedDeadLetterQueue,org.axonframework.messaging.annotation.AnnotatedMessageHandlingMember,org.axonframework.eventhandling.scheduling.quartz.QuartzEventScheduler$DirectEventJobDataBinder,org.axonframework.queryhandling.SimpleQueryBus$CatchLastError,org.axonframework.axonserver.connector.heartbeat.HeartbeatMonitor","MultiParameterResolverFactory,SagaTestFixture$1,EventPublisher$1,SequencedDeadLetterQueue,AnnotatedMessageHandlingMember,QuartzEventScheduler$DirectEventJobDataBinder,SimpleQueryBus$CatchLastError,HeartbeatMonitor",""
"communityMaximumKCutId",48,21,"org.axonframework.messaging.annotation.MultiHandlerEnhancerDefinition,org.axonframework.test.matchers.PayloadsMatcher,org.axonframework.commandhandling.gateway.CommandGatewayFactory,org.axonframework.eventsourcing.NoSnapshotTriggerDefinition,org.axonframework.eventsourcing.eventstore.FilteringDomainEventStream,org.axonframework.eventsourcing.eventstore.jdbc.MySqlEventTableFactory,org.axonframework.modelling.saga.DefaultSagaManagerSpanFactory$Builder,org.axonframework.config.LifecycleHandler,org.axonframework.messaging.deadletter.EnqueueDecision,org.axonframework.messaging.annotation.InterceptorChainParameterResolverFactory,org.axonframework.eventhandling.ConcludesBatchParameterResolverFactory,org.axonframework.messaging.annotation.PayloadParameterResolver,org.axonframework.messaging.ExecutionException,org.axonframework.serialization.AbstractXStreamSerializer,org.axonframework.eventhandling.scheduling.java.SimpleScheduleToken,org.axonframework.messaging.timeout.AxonTimeLimitedTask,org.axonframework.modelling.command.AggregateAnnotationCommandHandler$1,org.axonframework.axonserver.connector.DefaultInstructionAckSource,org.axonframework.axonserver.connector.command.GrpcBackedCommandMessage,org.axonframework.axonserver.connector.query.subscription.SubscriptionMessageSerializer,org.axonframework.axonserver.connector.query.StreamableMultiInstanceResponse","MultiHandlerEnhancerDefinition,PayloadsMatcher,CommandGatewayFactory,NoSnapshotTriggerDefinition,FilteringDomainEventStream,MySqlEventTableFactory,DefaultSagaManagerSpanFactory$Builder,LifecycleHandler,EnqueueDecision,InterceptorChainParameterResolverFactory,ConcludesBatchParameterResolverFactory,PayloadParameterResolver,ExecutionException,AbstractXStreamSerializer,SimpleScheduleToken,AxonTimeLimitedTask,AggregateAnnotationCommandHandler$1,DefaultInstructionAckSource,GrpcBackedCommandMessage,SubscriptionMessageSerializer,StreamableMultiInstanceResponse",""
"communityMaximumKCutId",98,10,"org.axonframework.messaging.annotation.ParameterResolverFactory,org.axonframework.eventsourcing.conflictresolution.ConflictDescription,org.axonframework.eventsourcing.eventstore.SequenceEventStorageEngine,org.axonframework.queryhandling.LoggingQueryInvocationErrorHandler$Builder,org.axonframework.config.DefaultConfigurer$ConfigurationImpl,org.axonframework.commandhandling.CommandMessageHandlingMember,org.axonframework.eventhandling.RemovedTrackerStatus,org.axonframework.modelling.command.inspection.ChildEntityDefinition,org.axonframework.modelling.saga.PayloadAssociationResolver,org.axonframework.axonserver.connector.event.axon.AxonServerEventStoreFactory$AxonServerEventStoreConfiguration","ParameterResolverFactory,ConflictDescription,SequenceEventStorageEngine,LoggingQueryInvocationErrorHandler$Builder,DefaultConfigurer$ConfigurationImpl,CommandMessageHandlingMember,RemovedTrackerStatus,ChildEntityDefinition,PayloadAssociationResolver,AxonServerEventStoreFactory$AxonServerEventStoreConfiguration",""
"communityMaximumKCutId",33,13,"org.axonframework.messaging.annotation.ClasspathHandlerEnhancerDefinition,org.axonframework.test.matchers.MapEntryMatcher,org.axonframework.messaging.unitofwork.AbstractUnitOfWork,org.axonframework.queryhandling.SimpleQueryBus,org.axonframework.eventhandling.TrackingEventProcessor$State,org.axonframework.eventhandling.deadletter.jpa.JpaSequencedDeadLetterQueue$Builder,org.axonframework.eventhandling.pooled.SplitTask,org.axonframework.eventhandling.tokenstore.jpa.TokenEntry,org.axonframework.messaging.interceptors.BeanValidationInterceptor,org.axonframework.axonserver.connector.event.axon.PersistentStreamSequencingPolicyProvider,org.axonframework.springboot.SerializerProperties,org.axonframework.springboot.autoconfig.JdbcAutoConfiguration,org.axonframework.springboot.service.connection.AxonServerTestContainerConnectionDetailsFactory","ClasspathHandlerEnhancerDefinition,MapEntryMatcher,AbstractUnitOfWork,SimpleQueryBus,TrackingEventProcessor$State,JpaSequencedDeadLetterQueue$Builder,SplitTask,TokenEntry,BeanValidationInterceptor,PersistentStreamSequencingPolicyProvider,SerializerProperties,JdbcAutoConfiguration,AxonServerTestContainerConnectionDetailsFactory",""
"communityMaximumKCutId",49,21,"org.axonframework.messaging.annotation.MultiHandlerDefinition,org.axonframework.test.aggregate.AggregateTestFixture$DefaultRepositoryProvider,org.axonframework.eventhandling.EventUtils,org.axonframework.messaging.unitofwork.MessageProcessingContext,org.axonframework.eventsourcing.eventstore.IteratorBackedDomainEventStream,org.axonframework.eventsourcing.eventstore.EmbeddedEventStore$Node,org.axonframework.eventsourcing.eventstore.jpa.SQLErrorCodesResolver,org.axonframework.commandhandling.DefaultCommandBusSpanFactory$Builder,org.axonframework.messaging.SubscribableMessageSource,org.axonframework.eventhandling.pooled.PooledStreamingEventProcessor,org.axonframework.messaging.annotation.FixedValueParameterResolver,org.axonframework.eventhandling.replay.ReplayParameterResolverFactory,org.axonframework.messaging.annotation.HandlerComparator,org.axonframework.commandhandling.gateway.IntervalRetryScheduler$Builder,org.axonframework.common.caching.EhCache3Adapter,org.axonframework.serialization.AbstractXStreamSerializer$MetaDataConverter,org.axonframework.serialization.ChainedConverter$RouteCalculator,org.axonframework.tracing.attributes.MetadataSpanAttributesProvider,org.axonframework.updates.configuration.CommandLineUsagePropertyProvider,org.axonframework.modelling.command.inspection.ChildForwardingCommandMessageHandlingMember,org.axonframework.axonserver.connector.PriorityTask","MultiHandlerDefinition,AggregateTestFixture$DefaultRepositoryProvider,EventUtils,MessageProcessingContext,IteratorBackedDomainEventStream,EmbeddedEventStore$Node,SQLErrorCodesResolver,DefaultCommandBusSpanFactory$Builder,SubscribableMessageSource,PooledStreamingEventProcessor,FixedValueParameterResolver,ReplayParameterResolverFactory,HandlerComparator,IntervalRetryScheduler$Builder,EhCache3Adapter,AbstractXStreamSerializer$MetaDataConverter,ChainedConverter$RouteCalculator,MetadataSpanAttributesProvider,CommandLineUsagePropertyProvider,ChildForwardingCommandMessageHandlingMember,PriorityTask",""
"communityMaximumKCutId",86,18,"org.axonframework.messaging.annotation.HandlerEnhancerDefinition,org.axonframework.test.saga.SagaTestFixture$TransienceValidatingResourceInjector,org.axonframework.eventhandling.DomainEventSequenceAware,org.axonframework.eventsourcing.eventstore.EmbeddedEventStore$EventProducer,org.axonframework.common.jpa.EntityManagerProvider,org.axonframework.common.ExceptionUtils,org.axonframework.config.TagsConfiguration,org.axonframework.eventhandling.async.SequencingPolicy,org.axonframework.commandhandling.gateway.Timeout,org.axonframework.eventhandling.EventProcessingException,org.axonframework.eventhandling.tokenstore.jdbc.Oracle11TokenTableFactory,org.axonframework.queryhandling.QueryResponseMessage,org.axonframework.serialization.avro.AvroSerializerStrategyConfig,org.axonframework.springboot.autoconfig.AvroSerializerAutoConfiguration$OnMissingDefaultSchemaStoreCondition$SchemaStoreIsMissingCondition,org.axonframework.springboot.autoconfig.XStreamAutoConfiguration$XStreamConfiguredCondition$GeneralXStreamCondition,org.axonframework.springboot.autoconfig.XStreamAutoConfiguration$XStreamConfiguredCondition$EventsXStreamCondition,org.axonframework.modelling.saga.repository.jdbc.Oracle11SagaSqlSchema,org.axonframework.axonserver.connector.event.axon.GrpcMetaDataAwareSerializer","HandlerEnhancerDefinition,SagaTestFixture$TransienceValidatingResourceInjector,DomainEventSequenceAware,EmbeddedEventStore$EventProducer,EntityManagerProvider,ExceptionUtils,TagsConfiguration,SequencingPolicy,Timeout,EventProcessingException,Oracle11TokenTableFactory,QueryResponseMessage,AvroSerializerStrategyConfig,AvroSerializerAutoConfiguration$OnMissingDefaultSchemaStoreCondition$SchemaStoreIsMissingCondition,XStreamAutoConfiguration$XStreamConfiguredCondition$GeneralXStreamCondition,XStreamAutoConfiguration$XStreamConfiguredCondition$EventsXStreamCondition,Oracle11SagaSqlSchema,GrpcMetaDataAwareSerializer",""
"communityMaximumKCutId",5,16,"org.axonframework.commandhandling.SimpleCommandBus,org.axonframework.deadline.GenericDeadlineMessage,org.axonframework.test.eventscheduler.EventConsumer,org.axonframework.modelling.saga.repository.inmemory.InMemorySagaStore,org.axonframework.disruptor.commandhandling.DisruptorCommandBus$DisruptorRepository,org.axonframework.eventsourcing.AbstractSnapshotter,org.axonframework.serialization.Serializer,org.axonframework.eventsourcing.eventstore.legacyjpa.EmbeddedEventStore$Cleaner,org.axonframework.queryhandling.DefaultQueryBusSpanFactory$Builder,org.axonframework.config.ConfigurationResourceInjector,org.axonframework.commandhandling.CommandMessageHandler,org.axonframework.messaging.RemoteNonTransientHandlingException,org.axonframework.commandhandling.gateway.AbstractRetryScheduler$Builder,org.axonframework.eventhandling.deadletter.DeadLetteredEventProcessingTask,org.axonframework.messaging.deadletter.InMemorySequencedDeadLetterQueue$Builder,org.axonframework.springboot.TracingProperties$AttributeProviders","SimpleCommandBus,GenericDeadlineMessage,EventConsumer,InMemorySagaStore,DisruptorCommandBus$DisruptorRepository,AbstractSnapshotter,Serializer,EmbeddedEventStore$Cleaner,DefaultQueryBusSpanFactory$Builder,ConfigurationResourceInjector,CommandMessageHandler,RemoteNonTransientHandlingException,AbstractRetryScheduler$Builder,DeadLetteredEventProcessingTask,InMemorySequencedDeadLetterQueue$Builder,TracingProperties$AttributeProviders",""
"communityMaximumKCutId",74,14,"org.axonframework.eventsourcing.AggregateFactory,org.axonframework.modelling.command.AnnotationCommandTargetResolver$Builder,org.axonframework.common.AxonConfigurationException,org.axonframework.eventhandling.EventData,org.axonframework.queryhandling.QueryUpdateEmitterSpanFactory,org.axonframework.eventhandling.Timestamp,org.axonframework.messaging.annotation.AggregateType,org.axonframework.serialization.converters.InputStreamToByteArrayConverter,org.axonframework.tracing.NestingSpanFactory,org.axonframework.springboot.autoconfig.UpdateCheckerAutoConfiguration$NotTestEnvironmentCondition,org.axonframework.springboot.MetricsProperties$AutoConfiguration,org.axonframework.springboot.DistributedCommandBusProperties$JGroupsProperties$Gossip,org.axonframework.axonserver.connector.query.subscription.DeserializedResult,org.axonframework.axonserver.connector.util.GrpcMessageSizeInterceptor$1$1","AggregateFactory,AnnotationCommandTargetResolver$Builder,AxonConfigurationException,EventData,QueryUpdateEmitterSpanFactory,Timestamp,AggregateType,InputStreamToByteArrayConverter,NestingSpanFactory,UpdateCheckerAutoConfiguration$NotTestEnvironmentCondition,MetricsProperties$AutoConfiguration,DistributedCommandBusProperties$JGroupsProperties$Gossip,DeserializedResult,GrpcMessageSizeInterceptor$1$1",""
"communityMaximumKCutId",24,9,"org.axonframework.eventhandling.GenericDomainEventMessage,org.axonframework.config.LifecycleOperations,org.axonframework.serialization.CannotConvertBetweenTypesException,org.axonframework.commandhandling.gateway.CommandGatewayFactory$GatewayInvocationHandler,org.axonframework.eventhandling.scheduling.dbscheduler.DbSchedulerBinaryEventData,org.axonframework.messaging.HandlerAttributes,org.axonframework.serialization.JavaSerializer$Builder,org.axonframework.axonserver.connector.TopologyChange,org.axonframework.axonserver.connector.util.GrpcPayloadSerializer$1","GenericDomainEventMessage,LifecycleOperations,CannotConvertBetweenTypesException,CommandGatewayFactory$GatewayInvocationHandler,DbSchedulerBinaryEventData,HandlerAttributes,JavaSerializer$Builder,TopologyChange,GrpcPayloadSerializer$1",""
"communityMaximumKCutId",12,18,"org.axonframework.eventsourcing.EventSourcingRepository,org.axonframework.test.aggregate.AggregateTestFixture$IdentifierValidatingRepository,org.axonframework.modelling.command.CreationPolicyAggregateFactory,org.axonframework.config.EventProcessingConfigurer$DeadLetteringInvokerConfiguration,org.axonframework.eventhandling.PropagatingErrorHandler,org.axonframework.messaging.RemoteExceptionDescription,org.axonframework.commandhandling.RoutingKey,org.axonframework.common.legacyjpa.PagingJpaQueryIterable,org.axonframework.serialization.CachingSupplier,org.axonframework.eventhandling.deadletter.jdbc.JdbcDeadLetter,org.axonframework.messaging.NoScopeDescriptor,org.axonframework.queryhandling.GenericQueryResponseMessage,org.axonframework.queryhandling.QuerySubscription,org.axonframework.tracing.TracingHandlerEnhancerDefinition$Builder,org.axonframework.updates.api.ArtifactAvailableUpgrade,org.axonframework.axonserver.connector.ManagedChannelCustomizer,org.axonframework.springboot.autoconfig.EventProcessingAutoConfiguration,org.axonframework.axonserver.connector.heartbeat.HeartbeatSource","EventSourcingRepository,AggregateTestFixture$IdentifierValidatingRepository,CreationPolicyAggregateFactory,EventProcessingConfigurer$DeadLetteringInvokerConfiguration,PropagatingErrorHandler,RemoteExceptionDescription,RoutingKey,PagingJpaQueryIterable,CachingSupplier,JdbcDeadLetter,NoScopeDescriptor,GenericQueryResponseMessage,QuerySubscription,TracingHandlerEnhancerDefinition$Builder,ArtifactAvailableUpgrade,ManagedChannelCustomizer,EventProcessingAutoConfiguration,HeartbeatSource",""
"communityMaximumKCutId",23,20,"org.axonframework.modelling.command.AggregateAnnotationCommandHandler,org.axonframework.eventsourcing.eventstore.EmbeddedEventStore$1,org.axonframework.config.ConfigurationParameterResolverFactory,org.axonframework.messaging.annotation.MessageHandlerInterceptorDefinition,org.axonframework.messaging.MetaData$MetaDataCollector,org.axonframework.common.jdbc.PagingJdbcIterable,org.axonframework.eventhandling.StreamingEventProcessor,org.axonframework.eventhandling.AbstractDomainEventEntry,org.axonframework.eventhandling.ReplayToken,org.axonframework.queryhandling.QueryMessage,org.axonframework.messaging.responsetypes.OptionalResponseType,org.axonframework.queryhandling.QueryExecutionException,org.axonframework.serialization.upcasting.ContextAwareSingleEntryUpcaster,org.axonframework.updates.api.Artifact,org.axonframework.springboot.autoconfig.AvroSerializerAutoConfiguration$AvroConfiguredCondition$MessagesAvroCondition,org.axonframework.springboot.autoconfig.OpenTelemetryAutoConfiguration,org.axonframework.springboot.util.legacyjpa.ContainerManagedEntityManagerProvider,org.axonframework.modelling.command.inspection.MethodCommandHandlerInterceptorDefinition$MethodCommandHandlerInterceptorHandlingMember,org.axonframework.modelling.command.inspection.EntityModel,org.axonframework.axonserver.connector.util.ContextAddingInterceptor","AggregateAnnotationCommandHandler,EmbeddedEventStore$1,ConfigurationParameterResolverFactory,MessageHandlerInterceptorDefinition,MetaData$MetaDataCollector,PagingJdbcIterable,StreamingEventProcessor,AbstractDomainEventEntry,ReplayToken,QueryMessage,OptionalResponseType,QueryExecutionException,ContextAwareSingleEntryUpcaster,Artifact,AvroSerializerAutoConfiguration$AvroConfiguredCondition$MessagesAvroCondition,OpenTelemetryAutoConfiguration,ContainerManagedEntityManagerProvider,MethodCommandHandlerInterceptorDefinition$MethodCommandHandlerInterceptorHandlingMember,EntityModel,ContextAddingInterceptor",""
"communityMaximumKCutId",79,23,"org.axonframework.commandhandling.AnnotationCommandHandlerAdapter,org.axonframework.test.saga.FixtureExecutionResult,org.axonframework.commandhandling.DuplicateCommandHandlerResolver,org.axonframework.eventsourcing.eventstore.jdbc.AbstractEventTableFactory,org.axonframework.messaging.annotation.MessageIdentifier,org.axonframework.eventhandling.AbstractEventProcessor,org.axonframework.messaging.deadletter.Cause,org.axonframework.eventhandling.deadletter.legacyjpa.JpaSequencedDeadLetterQueue$Builder,org.axonframework.eventhandling.pooled.Coordinator$CoordinationTask,org.axonframework.eventhandling.scheduling.jobrunr.JobRunrEventScheduler,org.axonframework.messaging.timeout.TaskTimeoutSettings,org.axonframework.serialization.SerialVersionUIDRevisionResolver,org.axonframework.queryhandling.registration.DuplicateQueryHandlerSubscriptionException,org.axonframework.serialization.upcasting.event.EventTypeUpcaster,org.axonframework.actuator.HealthStatus,org.axonframework.springboot.TracingProperties$CommandBusProperties,org.axonframework.springboot.TracingProperties$SnapshotterProperties,org.axonframework.axonserver.connector.event.axon.DefaultPersistentStreamMessageSourceFactory,org.axonframework.axonserver.connector.PriorityCallable,org.axonframework.axonserver.connector.event.axon.GrpcBackedDomainEventData,org.axonframework.axonserver.connector.util.UpstreamAwareStreamObserver,org.axonframework.axonserver.connector.query.StreamableFluxResponse$SendingSubscriber,org.axonframework.axonserver.connector.util.TokenAddingInterceptor$1","AnnotationCommandHandlerAdapter,FixtureExecutionResult,DuplicateCommandHandlerResolver,AbstractEventTableFactory,MessageIdentifier,AbstractEventProcessor,Cause,JpaSequencedDeadLetterQueue$Builder,Coordinator$CoordinationTask,JobRunrEventScheduler,TaskTimeoutSettings,SerialVersionUIDRevisionResolver,DuplicateQueryHandlerSubscriptionException,EventTypeUpcaster,HealthStatus,TracingProperties$CommandBusProperties,TracingProperties$SnapshotterProperties,DefaultPersistentStreamMessageSourceFactory,PriorityCallable,GrpcBackedDomainEventData,UpstreamAwareStreamObserver,StreamableFluxResponse$SendingSubscriber,TokenAddingInterceptor$1",""
"communityMaximumKCutId",9,12,"org.axonframework.commandhandling.SimpleCommandBus$Builder,org.axonframework.commandhandling.gateway.DefaultCommandGateway$Builder,org.axonframework.messaging.GenericResultMessage,org.axonframework.commandhandling.NoHandlerForCommandException,org.axonframework.eventsourcing.conflictresolution.DefaultConflictDescription,org.axonframework.eventsourcing.eventstore.BatchingEventStorageEngine,org.axonframework.lifecycle.Lifecycle$LifecycleRegistry,org.axonframework.eventhandling.TrackingEventProcessorConfiguration,org.axonframework.commandhandling.distributed.AnnotationRoutingStrategy,org.axonframework.eventhandling.pooled.WorkPackage$EventFilter,org.axonframework.serialization.avro.SchemaIncompatibilityChecker,org.axonframework.modelling.command.AggregateVersion","SimpleCommandBus$Builder,DefaultCommandGateway$Builder,GenericResultMessage,NoHandlerForCommandException,DefaultConflictDescription,BatchingEventStorageEngine,Lifecycle$LifecycleRegistry,TrackingEventProcessorConfiguration,AnnotationRoutingStrategy,WorkPackage$EventFilter,SchemaIncompatibilityChecker,AggregateVersion",""
"communityMaximumKCutId",60,12,"org.axonframework.messaging.annotation.ClasspathParameterResolverFactory,org.axonframework.common.stream.BlockingStream,org.axonframework.eventsourcing.conflictresolution.NoConflictResolver,org.axonframework.config.EventProcessingModule$TypeProcessingGroupSelector,org.axonframework.messaging.annotation.MessageHandlerInterceptorMemberChain,org.axonframework.common.jdbc.UnitOfWorkAwareConnectionProviderWrapper,org.axonframework.deadline.SimpleDeadlineManager$DeadlineId,org.axonframework.eventhandling.WrappedTrackerStatus,org.axonframework.eventhandling.ResetHandler,org.axonframework.eventhandling.async.AsynchronousEventProcessingStrategy$SchedulerCleanUp,org.axonframework.modelling.saga.SagaLifecycle,org.axonframework.axonserver.connector.AxonServerConfiguration$Builder","ClasspathParameterResolverFactory,BlockingStream,NoConflictResolver,EventProcessingModule$TypeProcessingGroupSelector,MessageHandlerInterceptorMemberChain,UnitOfWorkAwareConnectionProviderWrapper,SimpleDeadlineManager$DeadlineId,WrappedTrackerStatus,ResetHandler,AsynchronousEventProcessingStrategy$SchedulerCleanUp,SagaLifecycle,AxonServerConfiguration$Builder",""
"communityMaximumKCutId",31,17,"org.axonframework.test.FixtureExecutionException,org.axonframework.disruptor.commandhandling.CommandHandlerInvoker,org.axonframework.eventsourcing.eventstore.legacyjpa.JpaEventStorageEngine$Builder,org.axonframework.updates.UpdateCheckerReporter,org.axonframework.common.transaction.Transaction,org.axonframework.messaging.MetaData$1,org.axonframework.commandhandling.distributed.Member,org.axonframework.common.lock.PessimisticLockFactory$DisposableLock,org.axonframework.eventhandling.deadletter.jdbc.DefaultDeadLetterJdbcConverter$Builder,org.axonframework.eventhandling.deadletter.jdbc.DefaultDeadLetterStatementFactory$Builder,org.axonframework.eventhandling.gateway.AbstractEventGateway,org.axonframework.tracing.attributes.PayloadTypeSpanAttributesProvider,org.axonframework.springboot.TracingProperties$RepositoryProperties,org.axonframework.springboot.autoconfig.AxonServerAutoConfiguration,org.axonframework.modelling.command.inspection.AnnotatedAggregateMetaModelFactory$AnnotatedAggregateModel,org.axonframework.modelling.command.AbstractRepository,org.axonframework.axonserver.connector.query.AxonServerQueryBus$1","FixtureExecutionException,CommandHandlerInvoker,JpaEventStorageEngine$Builder,UpdateCheckerReporter,Transaction,MetaData$1,Member,PessimisticLockFactory$DisposableLock,DefaultDeadLetterJdbcConverter$Builder,DefaultDeadLetterStatementFactory$Builder,AbstractEventGateway,PayloadTypeSpanAttributesProvider,TracingProperties$RepositoryProperties,AxonServerAutoConfiguration,AnnotatedAggregateMetaModelFactory$AnnotatedAggregateModel,AbstractRepository,AxonServerQueryBus$1",""
"communityMaximumKCutId",68,10,"org.axonframework.test.aggregate.AggregateTestFixture$ExecutionExceptionAwareCallback,org.axonframework.common.AxonTransientException,org.axonframework.tracing.opentelemetry.MetadataContextGetter,org.axonframework.tracing.opentelemetry.OpenTelemetrySpanFactory,org.axonframework.eventhandling.deadletter.jpa.EventMessageDeadLetterJpaConverter,org.axonframework.springboot.TracingProperties$DeadlineManagerProperties,org.axonframework.axonserver.connector.event.axon.PersistentStreamMessageSourceDefinition,org.axonframework.springboot.MetricsProperties,org.axonframework.springboot.service.connection.AxonServerDockerComposeConnectionDetailsFactory,org.axonframework.modelling.saga.repository.jdbc.JdbcSagaStore$EntryImpl","AggregateTestFixture$ExecutionExceptionAwareCallback,AxonTransientException,MetadataContextGetter,OpenTelemetrySpanFactory,EventMessageDeadLetterJpaConverter,TracingProperties$DeadlineManagerProperties,PersistentStreamMessageSourceDefinition,MetricsProperties,AxonServerDockerComposeConnectionDetailsFactory,JdbcSagaStore$EntryImpl",""
"communityMaximumKCutId",20,12,"org.axonframework.test.aggregate.ResultValidatorImpl,org.axonframework.messaging.Scope,org.axonframework.deadline.dbscheduler.DbSchedulerDeadlineManager,org.axonframework.eventhandling.TrackingEventProcessor$1,org.axonframework.eventhandling.tokenstore.GenericTokenEntry,org.axonframework.serialization.upcasting.event.SingleEventUpcaster,org.axonframework.axonserver.connector.AxonServerConnectionManager,org.axonframework.springboot.autoconfig.AvroSerializerAutoConfiguration$AvroConfiguredCondition$EventsAvroCondition,org.axonframework.axonserver.connector.event.util.EventCipher,org.axonframework.axonserver.connector.AxonServerConfiguration$EventStoreConfiguration,org.axonframework.axonserver.connector.event.axon.PersistentStreamMessageSource,org.axonframework.axonserver.connector.event.util.GrpcExceptionParser","ResultValidatorImpl,Scope,DbSchedulerDeadlineManager,TrackingEventProcessor$1,GenericTokenEntry,SingleEventUpcaster,AxonServerConnectionManager,AvroSerializerAutoConfiguration$AvroConfiguredCondition$EventsAvroCondition,EventCipher,AxonServerConfiguration$EventStoreConfiguration,PersistentStreamMessageSource,GrpcExceptionParser",""
"communityMaximumKCutId",95,11,"org.axonframework.test.matchers.MatchAllFieldFilter,org.axonframework.eventhandling.GlobalSequenceTrackingToken,org.axonframework.serialization.xml.XStreamSerializer,org.axonframework.eventsourcing.eventstore.legacyjpa.EmbeddedEventStore$EventConsumer,org.axonframework.eventhandling.replay.ReplayParameterResolverFactory$ReplayParameterResolver,org.axonframework.common.TypeReflectionUtils$VarMap,org.axonframework.eventhandling.deadletter.jdbc.JdbcSequencedDeadLetterQueue,org.axonframework.eventhandling.pooled.Coordinator,org.axonframework.queryhandling.QueryBus$1,org.axonframework.serialization.json.ObjectNodeToJsonNodeConverter,org.axonframework.springboot.TimeoutProperties$MessageHandlerTimeoutProperties","MatchAllFieldFilter,GlobalSequenceTrackingToken,XStreamSerializer,EmbeddedEventStore$EventConsumer,ReplayParameterResolverFactory$ReplayParameterResolver,TypeReflectionUtils$VarMap,JdbcSequencedDeadLetterQueue,Coordinator,QueryBus$1,ObjectNodeToJsonNodeConverter,TimeoutProperties$MessageHandlerTimeoutProperties",""
"communityMaximumKCutId",19,18,"org.axonframework.test.aggregate.ResultValidator,org.axonframework.test.aggregate.StubAggregateLifecycleRule,org.axonframework.eventsourcing.IncompatibleAggregateException,org.axonframework.eventhandling.EventHandler,org.axonframework.eventsourcing.eventstore.jpa.DomainEventEntry,org.axonframework.modelling.command.DefaultRepositorySpanFactory,org.axonframework.config.SagaConfiguration,org.axonframework.messaging.deadletter.DeadLetter,org.axonframework.config.EventProcessingModule$InstanceToTypeProcessingGroupSelectorAdapter,org.axonframework.common.legacyjpa.PagingJpaQueryIterable$PagingIterator,org.axonframework.deadline.dbscheduler.DbSchedulerDeadlineToken,org.axonframework.eventhandling.pooled.WorkPackage$BatchProcessor,org.axonframework.serialization.avro.AvroUtil,org.axonframework.modelling.saga.repository.CachingSagaStore$CacheEntry,org.axonframework.modelling.saga.repository.AssociationValueMap$AssociationValueComparator,org.axonframework.axonserver.connector.PriorityRunnable,org.axonframework.axonserver.connector.processor.StreamingEventProcessorInfoMessage,org.axonframework.axonserver.connector.event.axon.QueryResultStream","ResultValidator,StubAggregateLifecycleRule,IncompatibleAggregateException,EventHandler,DomainEventEntry,DefaultRepositorySpanFactory,SagaConfiguration,DeadLetter,EventProcessingModule$InstanceToTypeProcessingGroupSelectorAdapter,PagingJpaQueryIterable$PagingIterator,DbSchedulerDeadlineToken,WorkPackage$BatchProcessor,AvroUtil,CachingSagaStore$CacheEntry,AssociationValueMap$AssociationValueComparator,PriorityRunnable,StreamingEventProcessorInfoMessage,QueryResultStream",""
"communityMaximumKCutId",44,21,"org.axonframework.test.aggregate.AggregateTestFixture$ComparationEntry,org.axonframework.disruptor.commandhandling.CommandHandlerInvoker$1,org.axonframework.eventsourcing.eventstore.legacyjpa.EmbeddedEventStore,org.axonframework.eventhandling.tokenstore.TokenStore,org.axonframework.eventhandling.deadletter.DeadLetteringEventHandlerInvoker,org.axonframework.messaging.annotation.ScopeDescriptorParameterResolverFactory,org.axonframework.commandhandling.distributed.commandfilter.AndCommandMessageFilter,org.axonframework.commandhandling.distributed.CommandBusConnector,org.axonframework.commandhandling.gateway.ExponentialBackOffIntervalRetryScheduler$Builder,org.axonframework.common.lock.LockAcquisitionFailedException,org.axonframework.common.ListUtils,org.axonframework.messaging.annotation.UnsupportedHandlerException,org.axonframework.messaging.responsetypes.PublisherResponseType,org.axonframework.queryhandling.SubscriptionQueryMessage,org.axonframework.springboot.EventProcessorProperties,org.axonframework.modelling.saga.repository.jdbc.SagaSqlSchema,org.axonframework.springboot.util.XStreamSecurityTypeUtility,org.axonframework.modelling.command.AggregateAnnotationCommandHandler$AlwaysCreateAggregateCommandHandler,org.axonframework.modelling.command.inspection.AggregateModellingException,org.axonframework.modelling.saga.metamodel.SagaModel,org.axonframework.axonserver.connector.util.TokenAddingInterceptor","AggregateTestFixture$ComparationEntry,CommandHandlerInvoker$1,EmbeddedEventStore,TokenStore,DeadLetteringEventHandlerInvoker,ScopeDescriptorParameterResolverFactory,AndCommandMessageFilter,CommandBusConnector,ExponentialBackOffIntervalRetryScheduler$Builder,LockAcquisitionFailedException,ListUtils,UnsupportedHandlerException,PublisherResponseType,SubscriptionQueryMessage,EventProcessorProperties,SagaSqlSchema,XStreamSecurityTypeUtility,AggregateAnnotationCommandHandler$AlwaysCreateAggregateCommandHandler,AggregateModellingException,SagaModel,TokenAddingInterceptor",""
"communityMaximumKCutId",17,11,"org.axonframework.common.Assert,org.axonframework.test.matchers.Matchers,org.axonframework.test.saga.WhenState,org.axonframework.eventsourcing.CachingEventSourcingRepository,org.axonframework.eventhandling.DomainEventData,org.axonframework.modelling.saga.repository.jpa.JpaSagaStore$Builder,org.axonframework.eventhandling.replay.ReplayAwareMessageHandlerWrapper,org.axonframework.eventhandling.async.MetaDataSequencingPolicy$1,org.axonframework.eventhandling.pooled.Coordinator$NoToken,org.axonframework.modelling.command.inspection.AbstractChildEntityDefinition,org.axonframework.modelling.saga.AssociationValues","Assert,Matchers,WhenState,CachingEventSourcingRepository,DomainEventData,JpaSagaStore$Builder,ReplayAwareMessageHandlerWrapper,MetaDataSequencingPolicy$1,Coordinator$NoToken,AbstractChildEntityDefinition,AssociationValues",""
"communityMaximumKCutId",87,14,"org.axonframework.modelling.command.inspection.AnnotatedAggregate,org.axonframework.modelling.command.VersionedAggregateIdentifier,org.axonframework.eventsourcing.SnapshotterSpanFactory,org.axonframework.eventsourcing.eventstore.AbstractEventStore$Builder,org.axonframework.eventhandling.EventBusSpanFactory,org.axonframework.eventsourcing.eventstore.jdbc.statements.ReadSnapshotDataStatementBuilder,org.axonframework.config.LifecycleHandlerInspector$LifecycleRegistration,org.axonframework.messaging.annotation.ChainedMessageHandlerInterceptorMember,org.axonframework.serialization.SimpleSerializedObject,org.axonframework.serialization.xml.XomToStringConverter,org.axonframework.queryhandling.SubscriptionQueryBackpressure,org.axonframework.springboot.autoconfig.AxonTimeoutAutoConfiguration,org.axonframework.modelling.saga.repository.jdbc.SagaSchema$Builder,org.axonframework.axonserver.connector.command.AxonServerCommandBus$CommandProcessingTask","AnnotatedAggregate,VersionedAggregateIdentifier,SnapshotterSpanFactory,AbstractEventStore$Builder,EventBusSpanFactory,ReadSnapshotDataStatementBuilder,LifecycleHandlerInspector$LifecycleRegistration,ChainedMessageHandlerInterceptorMember,SimpleSerializedObject,XomToStringConverter,SubscriptionQueryBackpressure,AxonTimeoutAutoConfiguration,SagaSchema$Builder,AxonServerCommandBus$CommandProcessingTask",""
"communityMaximumKCutId",56,20,"org.axonframework.modelling.command.ConflictingAggregateVersionException,org.axonframework.test.eventscheduler.EventSchedulerValidator,org.axonframework.tracing.NoOpSpanFactory,org.axonframework.eventsourcing.NoSnapshotTriggerDefinition$1,org.axonframework.common.lock.LockFactory,org.axonframework.eventsourcing.eventstore.inmemory.InMemoryEventStorageEngine$MapEntrySpliterator,org.axonframework.eventsourcing.eventstore.jdbc.HsqlEventTableFactory,org.axonframework.eventsourcing.eventstore.jdbc.statements.CreateTailTokenStatementBuilder,org.axonframework.commandhandling.DefaultCommandBusSpanFactory,org.axonframework.queryhandling.annotation.AnnotationQueryHandlerAdapter,org.axonframework.messaging.annotation.MessageHandlerInterceptorDefinition$InterceptedMessageHandlingMember,org.axonframework.messaging.annotation.MessageHandlerInterceptorDefinition$ResultHandlingInterceptorMember,org.axonframework.messaging.annotation.ScopeDescriptorParameterResolverFactory$1,org.axonframework.commandhandling.distributed.commandfilter.CommandNameFilter,org.axonframework.commandhandling.gateway.RetryScheduler,org.axonframework.messaging.responsetypes.ResponseType,org.axonframework.messaging.correlation.SimpleCorrelationDataProvider,org.axonframework.axonserver.connector.command.CommandLoadFactorProvider,org.axonframework.modelling.saga.repository.jdbc.HsqlSagaSqlSchema,org.axonframework.axonserver.connector.util.GrpcMetaDataConverter","ConflictingAggregateVersionException,EventSchedulerValidator,NoOpSpanFactory,NoSnapshotTriggerDefinition$1,LockFactory,InMemoryEventStorageEngine$MapEntrySpliterator,HsqlEventTableFactory,CreateTailTokenStatementBuilder,DefaultCommandBusSpanFactory,AnnotationQueryHandlerAdapter,MessageHandlerInterceptorDefinition$InterceptedMessageHandlingMember,MessageHandlerInterceptorDefinition$ResultHandlingInterceptorMember,ScopeDescriptorParameterResolverFactory$1,CommandNameFilter,RetryScheduler,ResponseType,SimpleCorrelationDataProvider,CommandLoadFactorProvider,HsqlSagaSqlSchema,GrpcMetaDataConverter",""
"communityMaximumKCutId",91,14,"org.axonframework.messaging.annotation.ParameterResolver,org.axonframework.modelling.saga.AnnotatedSagaManager,org.axonframework.eventsourcing.NoSnapshotTriggerDefinition$NoSnapshotTrigger,org.axonframework.queryhandling.DefaultQueryBusSpanFactory,org.axonframework.config.Configuration$1,org.axonframework.config.EventProcessingConfigurer$EventProcessorBuilder,org.axonframework.messaging.annotation.NoMoreInterceptors,org.axonframework.eventhandling.gateway.AbstractEventGateway$Builder,org.axonframework.springboot.autoconfig.AxonAutoConfiguration$1,org.axonframework.axonserver.connector.command.AxonServerCommandBus,org.axonframework.modelling.command.EntityId,org.axonframework.axonserver.connector.command.AxonServerNonTransientRemoteCommandHandlingException,org.axonframework.axonserver.connector.event.axon.AxonServerEventStore$1,org.axonframework.axonserver.connector.heartbeat.source.GrpcHeartbeatSource","ParameterResolver,AnnotatedSagaManager,NoSnapshotTriggerDefinition$NoSnapshotTrigger,DefaultQueryBusSpanFactory,Configuration$1,EventProcessingConfigurer$EventProcessorBuilder,NoMoreInterceptors,AbstractEventGateway$Builder,AxonAutoConfiguration$1,AxonServerCommandBus,EntityId,AxonServerNonTransientRemoteCommandHandlingException,AxonServerEventStore$1,GrpcHeartbeatSource",""
"communityMaximumKCutId",66,10,"org.axonframework.test.aggregate.StubAggregateLifecycle$1,org.axonframework.modelling.saga.SimpleResourceInjector,org.axonframework.config.AggregateConfiguration,org.axonframework.common.jdbc.UnitOfWorkAwareConnectionProviderWrapper$UoWAttachedConnectionImpl,org.axonframework.deadline.quartz.DeadlineJob$DeadlineJobDataBinder,org.axonframework.serialization.upcasting.GenericUpcasterChain,org.axonframework.modelling.saga.repository.jdbc.JdbcSagaStore$Builder,org.axonframework.axonserver.connector.query.AxonServerQueryBus,org.axonframework.modelling.saga.repository.CachingSagaStore$Builder,org.axonframework.axonserver.connector.AxonServerConfiguration$Eventhandling","StubAggregateLifecycle$1,SimpleResourceInjector,AggregateConfiguration,UnitOfWorkAwareConnectionProviderWrapper$UoWAttachedConnectionImpl,DeadlineJob$DeadlineJobDataBinder,GenericUpcasterChain,JdbcSagaStore$Builder,AxonServerQueryBus,CachingSagaStore$Builder,AxonServerConfiguration$Eventhandling",""
"communityMaximumKCutId",69,10,"org.axonframework.modelling.command.ApplyMore,org.axonframework.eventhandling.async.SequentialPerAggregatePolicy,org.axonframework.modelling.saga.AbstractResourceInjector,org.axonframework.deadline.annotation.DeadlineMethodMessageHandlerDefinition$1,org.axonframework.commandhandling.FailingDuplicateCommandHandlerResolver,org.axonframework.common.transaction.NoTransactionManager$1,org.axonframework.eventhandling.AbstractEventProcessor$Builder,org.axonframework.eventhandling.pooled.Coordinator$Builder,org.axonframework.axonserver.connector.event.axon.EventBuffer$SimpleSpliterator,org.axonframework.axonserver.connector.query.StreamableResponse","ApplyMore,SequentialPerAggregatePolicy,AbstractResourceInjector,DeadlineMethodMessageHandlerDefinition$1,FailingDuplicateCommandHandlerResolver,NoTransactionManager$1,AbstractEventProcessor$Builder,Coordinator$Builder,EventBuffer$SimpleSpliterator,StreamableResponse",""
"communityMaximumKCutId",63,17,"org.axonframework.test.aggregate.StubAggregateLifecycle,org.axonframework.disruptor.commandhandling.DisruptorCommandBus,org.axonframework.eventsourcing.eventstore.AbstractEventStorageEngine,org.axonframework.eventsourcing.eventstore.jdbc.EventSchema,org.axonframework.eventsourcing.eventstore.jpa.SQLStateResolver,org.axonframework.modelling.saga.DefaultSagaManagerSpanFactory,org.axonframework.commandhandling.gateway.CommandGatewayFactory$WaitForResult,org.axonframework.eventhandling.scheduling.jobrunr.JobRunrScheduleToken,org.axonframework.eventhandling.tokenstore.jdbc.TokenSchema,org.axonframework.messaging.responsetypes.InstanceResponseType,org.axonframework.queryhandling.GenericSubscriptionQueryUpdateMessage,org.axonframework.springboot.TracingProperties$EventProcessorProperties,org.axonframework.axonserver.connector.event.axon.PersistentStreamMessageSourceFactory,org.axonframework.modelling.saga.repository.SagaCreationException,org.axonframework.modelling.saga.repository.AssociationValueMap$1,org.axonframework.axonserver.connector.util.GrpcMessageSizeInterceptor,org.axonframework.axonserver.connector.util.GrpcObjectSerializer","StubAggregateLifecycle,DisruptorCommandBus,AbstractEventStorageEngine,EventSchema,SQLStateResolver,DefaultSagaManagerSpanFactory,CommandGatewayFactory$WaitForResult,JobRunrScheduleToken,TokenSchema,InstanceResponseType,GenericSubscriptionQueryUpdateMessage,TracingProperties$EventProcessorProperties,PersistentStreamMessageSourceFactory,SagaCreationException,AssociationValueMap$1,GrpcMessageSizeInterceptor,GrpcObjectSerializer",""
"communityMaximumKCutId",64,17,"org.axonframework.test.aggregate.StubAggregateLifecycleRule$1,org.axonframework.test.utils.DefaultCallbackBehavior,org.axonframework.eventhandling.scheduling.ScheduleToken,org.axonframework.modelling.command.AnnotationCommandTargetResolver,org.axonframework.eventsourcing.AggregateSnapshotter$Builder,org.axonframework.eventsourcing.AggregateDeletedException,org.axonframework.eventsourcing.eventstore.BatchingEventStorageEngine$EventStreamSpliterator,org.axonframework.eventsourcing.eventstore.jdbc.statements.AppendEventsStatementBuilder,org.axonframework.eventsourcing.eventstore.jpa.JpaEventStorageEngine$Builder,org.axonframework.config.EventProcessingConfigurer$SubscribableMessageSourceDefinitionBuilder,org.axonframework.deadline.annotation.DeadlineMethodMessageHandlerDefinition$DeadlineMethodMessageHandlingMember,org.axonframework.commandhandling.DuplicateCommandHandlerSubscriptionException,org.axonframework.eventhandling.replay.ResetContext,org.axonframework.eventhandling.ResetNotSupportedException,org.axonframework.eventhandling.MergedTrackingToken,org.axonframework.eventhandling.deadletter.jdbc.GenericDeadLetterTableFactory,org.axonframework.lifecycle.ShutdownLatch$ActivityHandle","StubAggregateLifecycleRule$1,DefaultCallbackBehavior,ScheduleToken,AnnotationCommandTargetResolver,AggregateSnapshotter$Builder,AggregateDeletedException,BatchingEventStorageEngine$EventStreamSpliterator,AppendEventsStatementBuilder,JpaEventStorageEngine$Builder,EventProcessingConfigurer$SubscribableMessageSourceDefinitionBuilder,DeadlineMethodMessageHandlerDefinition$DeadlineMethodMessageHandlingMember,DuplicateCommandHandlerSubscriptionException,ResetContext,ResetNotSupportedException,MergedTrackingToken,GenericDeadLetterTableFactory,ShutdownLatch$ActivityHandle",""
"communityMaximumKCutId",35,9,"org.axonframework.messaging.unitofwork.CurrentUnitOfWork,org.axonframework.test.eventscheduler.ScheduledItem,org.axonframework.test.saga.SagaTestFixture$MutableFieldFilter,org.axonframework.config.DefaultConfigurer$LifecycleState,org.axonframework.modelling.command.inspection.AggregateMetaModelFactory,org.axonframework.commandhandling.gateway.ExponentialBackOffIntervalRetryScheduler,org.axonframework.common.caching.EhCacheAdapter,org.axonframework.eventhandling.scheduling.quartz.EventJobDataBinder,org.axonframework.modelling.command.TargetAggregateIdentifier","CurrentUnitOfWork,ScheduledItem,SagaTestFixture$MutableFieldFilter,DefaultConfigurer$LifecycleState,AggregateMetaModelFactory,ExponentialBackOffIntervalRetryScheduler,EhCacheAdapter,EventJobDataBinder,TargetAggregateIdentifier",""
"communityMaximumKCutId",43,18,"org.axonframework.eventsourcing.eventstore.EventStoreException,org.axonframework.eventsourcing.eventstore.BatchingEventStorageEngine$1,org.axonframework.messaging.ScopeAwareProvider,org.axonframework.queryhandling.SimpleQueryUpdateEmitter$Builder,org.axonframework.config.ModuleConfiguration,org.axonframework.messaging.unitofwork.BatchingUnitOfWork,org.axonframework.messaging.annotation.HasHandlerAttributes,org.axonframework.serialization.Converter,org.axonframework.common.caching.Cache$EntryListener,org.axonframework.common.jdbc.ConnectionWrapperFactory,org.axonframework.eventhandling.tokenstore.jdbc.JdbcTokenStore,org.axonframework.queryhandling.registration.DuplicateQueryHandlerResolution,org.axonframework.queryhandling.SimpleQueryBus$ErrorIfComplete,org.axonframework.serialization.upcasting.SingleEntryMultiUpcaster,org.axonframework.serialization.upcasting.event.ContextAwareSingleEventUpcaster,org.axonframework.springboot.autoconfig.AvroSerializerAutoConfiguration$AvroConfiguredCondition,org.axonframework.modelling.saga.AbstractSagaManager$Builder,org.axonframework.modelling.saga.repository.LockingSagaRepository","EventStoreException,BatchingEventStorageEngine$1,ScopeAwareProvider,SimpleQueryUpdateEmitter$Builder,ModuleConfiguration,BatchingUnitOfWork,HasHandlerAttributes,Converter,Cache$EntryListener,ConnectionWrapperFactory,JdbcTokenStore,DuplicateQueryHandlerResolution,SimpleQueryBus$ErrorIfComplete,SingleEntryMultiUpcaster,ContextAwareSingleEventUpcaster,AvroSerializerAutoConfiguration$AvroConfiguredCondition,AbstractSagaManager$Builder,LockingSagaRepository",""
"communityMaximumKCutId",99,9,"org.axonframework.messaging.ResultMessage,org.axonframework.test.saga.SagaTestFixture$WrappingResourceInjector,org.axonframework.messaging.StreamableMessageSource,org.axonframework.common.jdbc.JdbcUtils,org.axonframework.eventsourcing.eventstore.jdbc.statements.CleanGapsStatementBuilder,org.axonframework.common.jdbc.ConnectionWrapperFactory$ConnectionCloseHandler,org.axonframework.eventhandling.deadletter.jpa.NoJpaConverterFoundException,org.axonframework.queryhandling.FluxSinkWrapper,org.axonframework.axonserver.connector.event.axon.PersistentStreamConnection","ResultMessage,SagaTestFixture$WrappingResourceInjector,StreamableMessageSource,JdbcUtils,CleanGapsStatementBuilder,ConnectionWrapperFactory$ConnectionCloseHandler,NoJpaConverterFoundException,FluxSinkWrapper,PersistentStreamConnection",""
"communityMaximumKCutId",62,15,"org.axonframework.deadline.DeadlineManager,org.axonframework.modelling.command.AggregateLifecycle,org.axonframework.serialization.upcasting.event.IntermediateEventRepresentation,org.axonframework.deadline.SimpleDeadlineManager$Builder,org.axonframework.commandhandling.CommandBusSpanFactory,org.axonframework.eventhandling.pooled.PooledStreamingEventProcessor$Builder,org.axonframework.commandhandling.gateway.RetryingCallback,org.axonframework.common.lock.PessimisticLockFactory$PubliclyOwnedReentrantLock,org.axonframework.eventhandling.EventProcessingStrategy,org.axonframework.eventhandling.deadletter.jpa.DeadLetterJpaConverter,org.axonframework.messaging.timeout.UnitOfWorkTimeoutInterceptor,org.axonframework.springboot.util.ConditionalOnMissingQualifiedBean,org.axonframework.springboot.autoconfig.XStreamAutoConfiguration,org.axonframework.modelling.command.ForwardNone,org.axonframework.axonserver.connector.util.GrpcMessageSizeWarningThresholdReachedException","DeadlineManager,AggregateLifecycle,IntermediateEventRepresentation,SimpleDeadlineManager$Builder,CommandBusSpanFactory,PooledStreamingEventProcessor$Builder,RetryingCallback,PessimisticLockFactory$PubliclyOwnedReentrantLock,EventProcessingStrategy,DeadLetterJpaConverter,UnitOfWorkTimeoutInterceptor,ConditionalOnMissingQualifiedBean,XStreamAutoConfiguration,ForwardNone,GrpcMessageSizeWarningThresholdReachedException",""
"communityMaximumKCutId",34,10,"org.axonframework.messaging.DefaultInterceptorChain,org.axonframework.modelling.saga.SagaManagerSpanFactory,org.axonframework.messaging.Distributed,org.axonframework.messaging.annotation.DefaultParameterResolverFactory$AnnotatedMetaDataParameterResolver,org.axonframework.commandhandling.distributed.MetaDataRoutingStrategy$Builder,org.axonframework.eventhandling.deadletter.jpa.JpaSequencedDeadLetterQueue,org.axonframework.messaging.interceptors.legacyvalidation.JSR303ViolationException,org.axonframework.springboot.util.jpa.ContainerManagedEntityManagerProvider,org.axonframework.modelling.command.AggregateIdentifier,org.axonframework.axonserver.connector.query.GrpcBackedQueryMessage","DefaultInterceptorChain,SagaManagerSpanFactory,Distributed,DefaultParameterResolverFactory$AnnotatedMetaDataParameterResolver,MetaDataRoutingStrategy$Builder,JpaSequencedDeadLetterQueue,JSR303ViolationException,ContainerManagedEntityManagerProvider,AggregateIdentifier,GrpcBackedQueryMessage",""
"communityMaximumKCutId",59,17,"org.axonframework.test.deadline.DeadlineConsumer,org.axonframework.commandhandling.MonitorAwareCallback,org.axonframework.eventsourcing.Snapshotter,org.axonframework.eventsourcing.AbstractAggregateFactory,org.axonframework.eventsourcing.eventstore.jdbc.statements.TimestampWriter,org.axonframework.modelling.saga.repository.jpa.JpaSagaStore,org.axonframework.config.AggregateConfigurer,org.axonframework.config.SubscribableMessageSourceDefinition,org.axonframework.eventhandling.TrackingTokenParameterResolverFactory,org.axonframework.messaging.annotation.AggregateTypeParameterResolverFactory$AggregateTypeParameterResolver,org.axonframework.commandhandling.distributed.AnnotationRoutingStrategy$Builder,org.axonframework.commandhandling.callbacks.FutureCallback,org.axonframework.queryhandling.registration.LoggingDuplicateQueryHandlerResolver,org.axonframework.springboot.autoconfig.AxonTracingAutoConfiguration,org.axonframework.modelling.saga.repository.inmemory.InMemorySagaStore$ManagedSaga,org.axonframework.axonserver.connector.command.AxonServerCommandDispatchException,org.axonframework.axonserver.connector.query.QueryProcessingTask","DeadlineConsumer,MonitorAwareCallback,Snapshotter,AbstractAggregateFactory,TimestampWriter,JpaSagaStore,AggregateConfigurer,SubscribableMessageSourceDefinition,TrackingTokenParameterResolverFactory,AggregateTypeParameterResolverFactory$AggregateTypeParameterResolver,AnnotationRoutingStrategy$Builder,FutureCallback,LoggingDuplicateQueryHandlerResolver,AxonTracingAutoConfiguration,InMemorySagaStore$ManagedSaga,AxonServerCommandDispatchException,QueryProcessingTask",""
"communityMaximumKCutId",50,19,"org.axonframework.test.matchers.NonStaticFieldsFilter,org.axonframework.eventhandling.ListenerInvocationErrorHandler,org.axonframework.commandhandling.gateway.CommandGatewayFactory$Builder,org.axonframework.commandhandling.gateway.DefaultCommandGateway,org.axonframework.disruptor.commandhandling.CommandHandlingEntry$1,org.axonframework.messaging.deadletter.SequencedDeadLetterProcessor,org.axonframework.lifecycle.Lifecycle$LifecycleHandler,org.axonframework.messaging.MessageHandlerInterceptorSupport,org.axonframework.config.ProcessingGroup,org.axonframework.messaging.annotation.AnnotatedMessageHandlingMemberDefinition,org.axonframework.eventhandling.SequenceNumberParameterResolverFactory,org.axonframework.commandhandling.gateway.CommandGatewayFactory$GatewayInvocationHandler$Builder,org.axonframework.commandhandling.gateway.AbstractRetryScheduler,org.axonframework.common.ProcessRetriesExhaustedException,org.axonframework.eventhandling.deadletter.jpa.JpaSequencedDeadLetterQueue$1,org.axonframework.eventhandling.scheduling.SchedulingException,org.axonframework.modelling.saga.EndSagaMessageHandlerDefinition$EndSageMessageHandlingMember,org.axonframework.axonserver.connector.command.AxonServerRemoteCommandHandlingException,org.axonframework.axonserver.connector.util.GrpcObjectSerializer$Serializer","NonStaticFieldsFilter,ListenerInvocationErrorHandler,CommandGatewayFactory$Builder,DefaultCommandGateway,CommandHandlingEntry$1,SequencedDeadLetterProcessor,Lifecycle$LifecycleHandler,MessageHandlerInterceptorSupport,ProcessingGroup,AnnotatedMessageHandlingMemberDefinition,SequenceNumberParameterResolverFactory,CommandGatewayFactory$GatewayInvocationHandler$Builder,AbstractRetryScheduler,ProcessRetriesExhaustedException,JpaSequencedDeadLetterQueue$1,SchedulingException,EndSagaMessageHandlerDefinition$EndSageMessageHandlingMember,AxonServerRemoteCommandHandlingException,GrpcObjectSerializer$Serializer",""
"communityMaximumKCutId",70,17,"org.axonframework.common.Priority,org.axonframework.eventsourcing.AggregateSnapshotter,org.axonframework.eventsourcing.conflictresolution.DefaultConflictResolver,org.axonframework.eventsourcing.eventstore.jdbc.statements.ReadEventDataForAggregateStatementBuilder,org.axonframework.updates.configuration.UsagePropertyProvider,org.axonframework.commandhandling.distributed.AbstractRoutingStrategy,org.axonframework.common.caching.JCacheAdapter,org.axonframework.messaging.deadletter.DoNotEnqueue,org.axonframework.eventhandling.deadletter.legacyjpa.JpaDeadLetter,org.axonframework.eventhandling.pooled.WorkPackage$ProcessingEntry,org.axonframework.axonserver.connector.TopologyChangeListener,org.axonframework.springboot.autoconfig.AxonAutoConfiguration,org.axonframework.modelling.saga.SagaInstantiationException,org.axonframework.modelling.saga.repository.jpa.AbstractSagaEntry,org.axonframework.axonserver.connector.query.StreamableFluxResponse,org.axonframework.axonserver.connector.query.subscription.AxonServerSubscriptionQueryResult,org.axonframework.axonserver.connector.util.ContextAddingInterceptor$1","Priority,AggregateSnapshotter,DefaultConflictResolver,ReadEventDataForAggregateStatementBuilder,UsagePropertyProvider,AbstractRoutingStrategy,JCacheAdapter,DoNotEnqueue,JpaDeadLetter,WorkPackage$ProcessingEntry,TopologyChangeListener,AxonAutoConfiguration,SagaInstantiationException,AbstractSagaEntry,StreamableFluxResponse,AxonServerSubscriptionQueryResult,ContextAddingInterceptor$1",""
"communityMaximumKCutId",80,8,"org.axonframework.test.aggregate.StubAggregateLifecycleExtension,org.axonframework.disruptor.commandhandling.AggregateBlacklistedException,org.axonframework.commandhandling.distributed.commandfilter.DenyCommandNameFilter,org.axonframework.commandhandling.gateway.CommandGatewayFactory$CompositeCallback,org.axonframework.common.DefaultIdentifierFactory,org.axonframework.eventhandling.scheduling.quartz.FireEventJob,org.axonframework.serialization.GapAwareTrackingTokenConverter,org.axonframework.springboot.autoconfig.MicrometerMetricsAutoConfiguration","StubAggregateLifecycleExtension,AggregateBlacklistedException,DenyCommandNameFilter,CommandGatewayFactory$CompositeCallback,DefaultIdentifierFactory,FireEventJob,GapAwareTrackingTokenConverter,MicrometerMetricsAutoConfiguration",""
"communityMaximumKCutId",97,16,"org.axonframework.commandhandling.CommandResultMessage,org.axonframework.test.utils.CallbackBehavior,org.axonframework.messaging.unitofwork.UnitOfWork$Phase,org.axonframework.messaging.annotation.MessageHandler,org.axonframework.eventhandling.replay.ReplayParameterResolverFactory$1,org.axonframework.commandhandling.distributed.commandfilter.AcceptAll,org.axonframework.eventhandling.TrackingEventProcessor$ClaimSegmentInstruction,org.axonframework.eventhandling.async.PropertySequencingPolicy,org.axonframework.eventhandling.deadletter.SequenceIdentifierCache,org.axonframework.messaging.responsetypes.AbstractResponseType,org.axonframework.queryhandling.GenericStreamingQueryMessage,org.axonframework.queryhandling.NoHandlerForQueryException,org.axonframework.serialization.GapAwareTrackingTokenConverter$ReflectivelyConstructedGapSetConverter,org.axonframework.springboot.autoconfig.legacyjpa.JpaJavaxEventStoreAutoConfiguration,org.axonframework.springboot.service.connection.AxonServerTestContainerConnectionDetailsFactory$AxonServerContainerConnectionDetails,org.axonframework.axonserver.connector.event.axon.AxonServerEventStore$AxonIQEventStorageEngine$1","CommandResultMessage,CallbackBehavior,UnitOfWork$Phase,MessageHandler,ReplayParameterResolverFactory$1,AcceptAll,TrackingEventProcessor$ClaimSegmentInstruction,PropertySequencingPolicy,SequenceIdentifierCache,AbstractResponseType,GenericStreamingQueryMessage,NoHandlerForQueryException,GapAwareTrackingTokenConverter$ReflectivelyConstructedGapSetConverter,JpaJavaxEventStoreAutoConfiguration,AxonServerTestContainerConnectionDetailsFactory$AxonServerContainerConnectionDetails,AxonServerEventStore$AxonIQEventStorageEngine$1",""
"communityMaximumKCutId",57,22,"org.axonframework.test.utils.RecordingCommandBus,org.axonframework.test.saga.RecordingListenerInvocationErrorHandler,org.axonframework.eventsourcing.eventstore.jdbc.statements.CreateTokenAtStatementBuilder,org.axonframework.deadline.SimpleDeadlineManager,org.axonframework.updates.UpdateCheckerHttpClient,org.axonframework.modelling.command.GenericJpaRepository,org.axonframework.messaging.deadletter.Decisions,org.axonframework.messaging.interceptors.ResultHandler,org.axonframework.serialization.converters.ByteArrayToInputStreamConverter,org.axonframework.common.TypeReflectionUtils,org.axonframework.common.caching.WeakReferenceCache$Entry,org.axonframework.serialization.AbstractXStreamSerializer$Builder,org.axonframework.eventhandling.scheduling.jobrunr.JobRunrEventScheduler$Builder,org.axonframework.messaging.interceptors.LoggingInterceptor,org.axonframework.messaging.responsetypes.ConvertingResponseMessage,org.axonframework.serialization.avro.AvroSerializerStrategyConfig$Builder,org.axonframework.serialization.avro.ByteArrayToGenericRecordConverter,org.axonframework.tracing.NestingSpanFactory$Builder,org.axonframework.axonserver.connector.event.axon.AxonServerEventScheduler$Builder,org.axonframework.springboot.autoconfig.AxonServerAutoConfiguration$ConnectionDetailsConnectionManagerConfiguration,org.axonframework.axonserver.connector.command.AxonServerCommandBus$Builder,org.axonframework.axonserver.connector.query.subscription.GrpcBackedSubscriptionQueryMessage","RecordingCommandBus,RecordingListenerInvocationErrorHandler,CreateTokenAtStatementBuilder,SimpleDeadlineManager,UpdateCheckerHttpClient,GenericJpaRepository,Decisions,ResultHandler,ByteArrayToInputStreamConverter,TypeReflectionUtils,WeakReferenceCache$Entry,AbstractXStreamSerializer$Builder,JobRunrEventScheduler$Builder,LoggingInterceptor,ConvertingResponseMessage,AvroSerializerStrategyConfig$Builder,ByteArrayToGenericRecordConverter,NestingSpanFactory$Builder,AxonServerEventScheduler$Builder,AxonServerAutoConfiguration$ConnectionDetailsConnectionManagerConfiguration,AxonServerCommandBus$Builder,GrpcBackedSubscriptionQueryMessage",""
"communityMaximumKCutId",53,10,"org.axonframework.test.saga.ContinuedGivenState,org.axonframework.common.transaction.TransactionManager,org.axonframework.common.StringUtils,org.axonframework.commandhandling.CurrentUnitOfWorkParameterResolverFactory,org.axonframework.commandhandling.distributed.UnresolvedRoutingKeyPolicy,org.axonframework.commandhandling.gateway.CommandGatewayFactory$MetaDataExtractor,org.axonframework.common.CollectionUtils,org.axonframework.common.caching.EhCache3Adapter$CacheEventListenerAdapter,org.axonframework.deadline.SimpleDeadlineManager$1,org.axonframework.modelling.saga.repository.jdbc.SagaSchema","ContinuedGivenState,TransactionManager,StringUtils,CurrentUnitOfWorkParameterResolverFactory,UnresolvedRoutingKeyPolicy,CommandGatewayFactory$MetaDataExtractor,CollectionUtils,EhCache3Adapter$CacheEventListenerAdapter,SimpleDeadlineManager$1,SagaSchema",""
"communityMaximumKCutId",42,18,"org.axonframework.test.eventscheduler.StubScheduleToken,org.axonframework.serialization.AnnotationRevisionResolver,org.axonframework.lifecycle.LifecycleHandlerInvocationException,org.axonframework.config.ConfigurationScopeAwareProvider,org.axonframework.common.property.BeanPropertyAccessStrategy,org.axonframework.messaging.annotation.SourceIdParameterResolverFactory,org.axonframework.messaging.AbstractMessage,org.axonframework.serialization.SerializedObjectHolder,org.axonframework.commandhandling.distributed.CommandRouter,org.axonframework.common.caching.JCacheAdapter$JCacheListenerAdapter,org.axonframework.eventhandling.GenericTrackedEventMessage,org.axonframework.messaging.interceptors.JSR303ViolationException,org.axonframework.messaging.timeout.TimeoutWrappedMessageHandlingMember,org.axonframework.tracing.LoggingSpanFactory,org.axonframework.updates.configuration.DefaultUsagePropertyProvider,org.axonframework.axonserver.connector.query.AxonServerQueryBus$Builder,org.axonframework.axonserver.connector.event.axon.PersistentStreamConnection$SegmentState,org.axonframework.axonserver.connector.util.GrpcBufferingInterceptor","StubScheduleToken,AnnotationRevisionResolver,LifecycleHandlerInvocationException,ConfigurationScopeAwareProvider,BeanPropertyAccessStrategy,SourceIdParameterResolverFactory,AbstractMessage,SerializedObjectHolder,CommandRouter,JCacheAdapter$JCacheListenerAdapter,GenericTrackedEventMessage,JSR303ViolationException,TimeoutWrappedMessageHandlingMember,LoggingSpanFactory,DefaultUsagePropertyProvider,AxonServerQueryBus$Builder,PersistentStreamConnection$SegmentState,GrpcBufferingInterceptor",""
"communityMaximumKCutId",39,12,"org.axonframework.test.server.AxonServerContainer,org.axonframework.disruptor.commandhandling.CommandHandlerInvoker$DisruptorRepository,org.axonframework.eventhandling.tokenstore.jpa.JpaTokenStore,org.axonframework.eventhandling.AllowReplay,org.axonframework.eventhandling.replay.ReplayContext,org.axonframework.commandhandling.distributed.DistributedCommandBus$Builder,org.axonframework.common.caching.Cache$EntryListenerAdapter,org.axonframework.eventhandling.scheduling.quartz.QuartzScheduleToken,org.axonframework.springboot.autoconfig.SecurityAutoConfiguration,org.axonframework.modelling.command.LockAwareAggregate$LockSupplier,org.axonframework.axonserver.connector.event.axon.PersistentStreamConnection$1,org.axonframework.axonserver.connector.query.AxonServerQueryBus$LocalSegmentAdapter$1","AxonServerContainer,CommandHandlerInvoker$DisruptorRepository,JpaTokenStore,AllowReplay,ReplayContext,DistributedCommandBus$Builder,Cache$EntryListenerAdapter,QuartzScheduleToken,SecurityAutoConfiguration,LockAwareAggregate$LockSupplier,PersistentStreamConnection$1,AxonServerQueryBus$LocalSegmentAdapter$1",""
"communityMaximumKCutId",11,14,"org.axonframework.test.server.AxonServerContainerUtils,org.axonframework.modelling.command.AbstractRepository$Builder,org.axonframework.eventsourcing.eventstore.SequenceEventStorageEngine$ConcatenatingDomainEventStream,org.axonframework.eventsourcing.eventstore.jdbc.statements.CreateHeadTokenStatementBuilder,org.axonframework.queryhandling.QueryUpdateEmitter,org.axonframework.commandhandling.AsynchronousCommandBus$Builder,org.axonframework.serialization.ChainingConverter,org.axonframework.eventhandling.scheduling.dbscheduler.DbSchedulerEventSchedulerSupplier,org.axonframework.eventhandling.scheduling.java.SimpleEventScheduler,org.axonframework.tracing.attributes.MessageNameSpanAttributesProvider,org.axonframework.springboot.TracingProperties$QueryBusProperties,org.axonframework.modelling.command.ForwardingMode,org.axonframework.modelling.command.AggregateAnnotationCommandHandler$AggregateCommandHandler,org.axonframework.axonserver.connector.query.AxonServerQueryBus$ResponseProcessingTask","AxonServerContainerUtils,AbstractRepository$Builder,SequenceEventStorageEngine$ConcatenatingDomainEventStream,CreateHeadTokenStatementBuilder,QueryUpdateEmitter,AsynchronousCommandBus$Builder,ChainingConverter,DbSchedulerEventSchedulerSupplier,SimpleEventScheduler,MessageNameSpanAttributesProvider,TracingProperties$QueryBusProperties,ForwardingMode,AggregateAnnotationCommandHandler$AggregateCommandHandler,AxonServerQueryBus$ResponseProcessingTask",""
"communityMaximumKCutId",36,12,"org.axonframework.test.saga.SagaTestFixture,org.axonframework.eventsourcing.eventstore.EmbeddedEventStore,org.axonframework.queryhandling.DefaultQueryUpdateEmitterSpanFactory$Builder,org.axonframework.serialization.xml.InputStreamToXomConverter,org.axonframework.deadline.jobrunr.JobRunrDeadlineManager$Builder,org.axonframework.messaging.annotation.MessageHandlerTimeout,org.axonframework.actuator.axonserver.AxonServerStatusAggregator,org.axonframework.springboot.updates.UpdateCheckConfiguration,org.axonframework.modelling.command.inspection.MethodCreationPolicyDefinition$1,org.axonframework.axonserver.connector.util.GrpcPayloadSerializer,org.axonframework.axonserver.connector.util.PriorityTaskSchedulers,org.axonframework.axonserver.connector.Handlers","SagaTestFixture,EmbeddedEventStore,DefaultQueryUpdateEmitterSpanFactory$Builder,InputStreamToXomConverter,JobRunrDeadlineManager$Builder,MessageHandlerTimeout,AxonServerStatusAggregator,UpdateCheckConfiguration,MethodCreationPolicyDefinition$1,GrpcPayloadSerializer,PriorityTaskSchedulers,Handlers",""
"communityMaximumKCutId",65,18,"org.axonframework.test.saga.SagaTestFixture$AggregateEventPublisherImpl,org.axonframework.test.saga.CommandValidator,org.axonframework.disruptor.commandhandling.FirstLevelCache,org.axonframework.monitoring.MessageMonitor$MonitorCallback,org.axonframework.eventsourcing.AbstractSnapshotTrigger,org.axonframework.eventhandling.MultiStreamableMessageSource,org.axonframework.eventsourcing.eventstore.EmbeddedEventStore$EventConsumer,org.axonframework.messaging.deadletter.DeadLetterParameterResolverFactory,org.axonframework.commandhandling.gateway.CommandGatewayFactory$WaitForResultWithFixedTimeout,org.axonframework.deadline.dbscheduler.DbSchedulerDeadlineManager$Builder,org.axonframework.eventhandling.async.EventProcessorTask$ProcessingTask,org.axonframework.eventhandling.deadletter.jdbc.DefaultDeadLetterJdbcConverter,org.axonframework.eventhandling.scheduling.quartz.QuartzEventScheduler$Builder,org.axonframework.queryhandling.SubscriptionQueryResult,org.axonframework.springboot.EventProcessorProperties$DlqCache,org.axonframework.springboot.autoconfig.XStreamAutoConfiguration$XStreamConfiguredCondition,org.axonframework.springboot.util.DefaultEntityRegistrar,org.axonframework.modelling.saga.SagaEventHandler","SagaTestFixture$AggregateEventPublisherImpl,CommandValidator,FirstLevelCache,MessageMonitor$MonitorCallback,AbstractSnapshotTrigger,MultiStreamableMessageSource,EmbeddedEventStore$EventConsumer,DeadLetterParameterResolverFactory,CommandGatewayFactory$WaitForResultWithFixedTimeout,DbSchedulerDeadlineManager$Builder,EventProcessorTask$ProcessingTask,DefaultDeadLetterJdbcConverter,QuartzEventScheduler$Builder,SubscriptionQueryResult,EventProcessorProperties$DlqCache,XStreamAutoConfiguration$XStreamConfiguredCondition,DefaultEntityRegistrar,SagaEventHandler",""
"communityMaximumKCutId",40,13,"org.axonframework.test.saga.SagaTestFixture$StubAwareCommandGatewayFactory$Builder,org.axonframework.eventsourcing.snapshotting.RevisionSnapshotFilter,org.axonframework.eventhandling.tokenstore.jpa.JpaTokenStore$Builder,org.axonframework.commandhandling.gateway.CommandGatewayFactory$TypeSafeCallbackWrapper,org.axonframework.commandhandling.gateway.CommandGatewayFactory$WaitForResultWithTimeoutInArguments,org.axonframework.common.stream.StreamUtils$1,org.axonframework.eventhandling.deadletter.DeadLetteringEventHandlerInvoker$1,org.axonframework.messaging.deadletter.GenericDeadLetter,org.axonframework.eventhandling.deadletter.jdbc.DeadLetterTableFactory,org.axonframework.queryhandling.annotation.QueryHandlingMember,org.axonframework.modelling.command.inspection.AggregateMemberAnnotatedChildEntityDefinition,org.axonframework.axonserver.connector.ErrorCode,org.axonframework.axonserver.connector.event.axon.PersistentStreamConnection$SegmentConnection$RetryState","SagaTestFixture$StubAwareCommandGatewayFactory$Builder,RevisionSnapshotFilter,JpaTokenStore$Builder,CommandGatewayFactory$TypeSafeCallbackWrapper,CommandGatewayFactory$WaitForResultWithTimeoutInArguments,StreamUtils$1,DeadLetteringEventHandlerInvoker$1,GenericDeadLetter,DeadLetterTableFactory,QueryHandlingMember,AggregateMemberAnnotatedChildEntityDefinition,ErrorCode,PersistentStreamConnection$SegmentConnection$RetryState",""
"communityMaximumKCutId",37,16,"org.axonframework.eventhandling.EventMessageHandler,org.axonframework.tracing.SpanFactory,org.axonframework.eventsourcing.eventstore.AbstractEventStorageEngine$Builder,org.axonframework.eventsourcing.eventstore.EqualRevisionPredicate,org.axonframework.eventhandling.GenericDomainEventEntry,org.axonframework.messaging.correlation.MessageOriginProvider,org.axonframework.common.property.UniformPropertyAccessStrategy,org.axonframework.commandhandling.distributed.SimpleMember,org.axonframework.common.TypeReflectionUtils$VarMap$UnresolvedTypeVariableException,org.axonframework.eventhandling.pooled.ClaimTask,org.axonframework.messaging.timeout.AxonTimeoutException,org.axonframework.messaging.timeout.HandlerTimeoutHandlerEnhancerDefinition,org.axonframework.serialization.avro.GenericRecordToByteArrayConverter,org.axonframework.updates.configuration.HierarchicalUsagePropertyProvider,org.axonframework.modelling.saga.SagaStorageException,org.axonframework.axonserver.connector.util.GrpcMessageSizeInterceptor$1","EventMessageHandler,SpanFactory,AbstractEventStorageEngine$Builder,EqualRevisionPredicate,GenericDomainEventEntry,MessageOriginProvider,UniformPropertyAccessStrategy,SimpleMember,TypeReflectionUtils$VarMap$UnresolvedTypeVariableException,ClaimTask,AxonTimeoutException,HandlerTimeoutHandlerEnhancerDefinition,GenericRecordToByteArrayConverter,HierarchicalUsagePropertyProvider,SagaStorageException,GrpcMessageSizeInterceptor$1",""
"communityMaximumKCutId",61,11,"org.axonframework.test.saga.FixtureExecutionResultImpl,org.axonframework.disruptor.commandhandling.FirstLevelCache$WeakValue,org.axonframework.eventsourcing.eventstore.legacyjpa.EmbeddedEventStore$1,org.axonframework.serialization.Revision,org.axonframework.serialization.ContentTypeConverter,org.axonframework.commandhandling.gateway.CommandGatewayFactory$FireAndForget,org.axonframework.common.lock.PessimisticLockFactory$Builder,org.axonframework.eventhandling.TrackingEventProcessor$Worker,org.axonframework.serialization.FixedValueRevisionResolver,org.axonframework.serialization.avro.SpecificRecordBaseSerializerStrategy,org.axonframework.modelling.command.CreationPolicy","FixtureExecutionResultImpl,FirstLevelCache$WeakValue,EmbeddedEventStore$1,Revision,ContentTypeConverter,CommandGatewayFactory$FireAndForget,PessimisticLockFactory$Builder,TrackingEventProcessor$Worker,FixedValueRevisionResolver,SpecificRecordBaseSerializerStrategy,CreationPolicy",""
"communityMaximumKCutId",15,20,"org.axonframework.test.saga.EventValidator,org.axonframework.disruptor.commandhandling.EventPublisher,org.axonframework.serialization.upcasting.event.InitialEventRepresentation,org.axonframework.eventhandling.MultiEventHandlerInvoker,org.axonframework.eventhandling.tokenstore.inmemory.InMemoryTokenStore,org.axonframework.eventhandling.TrackingTokenParameterResolverFactory$TrackingTokenParameterResolver,org.axonframework.commandhandling.MethodCommandHandlerDefinition$1,org.axonframework.commandhandling.distributed.AnnotationRoutingStrategy$RoutingKeyResolver,org.axonframework.eventhandling.async.SequentialPolicy,org.axonframework.eventhandling.deadletter.jpa.JpaDeadLetter,org.axonframework.eventhandling.interceptors.EventLoggingInterceptor,org.axonframework.eventhandling.scheduling.dbscheduler.EventSchedulerNotSuppliedException,org.axonframework.eventhandling.tokenstore.jdbc.PostgresTokenTableFactory,org.axonframework.serialization.json.JsonNodeToByteArrayConverter,org.axonframework.tracing.MultiSpanFactory,org.axonframework.updates.configuration.EnvironmentVariableUsagePropertyProvider$EnvironmentVariableSupplier,org.axonframework.axonserver.connector.AxonServerConnectionManager$Builder,org.axonframework.springboot.util.AbstractQualifiedBeanCondition,org.axonframework.axonserver.connector.util.GrpcSerializedObject,org.axonframework.axonserver.connector.event.axon.PersistentStreamConnection$SegmentConnection$ProcessingState","EventValidator,EventPublisher,InitialEventRepresentation,MultiEventHandlerInvoker,InMemoryTokenStore,TrackingTokenParameterResolverFactory$TrackingTokenParameterResolver,MethodCommandHandlerDefinition$1,AnnotationRoutingStrategy$RoutingKeyResolver,SequentialPolicy,JpaDeadLetter,EventLoggingInterceptor,EventSchedulerNotSuppliedException,PostgresTokenTableFactory,JsonNodeToByteArrayConverter,MultiSpanFactory,EnvironmentVariableUsagePropertyProvider$EnvironmentVariableSupplier,AxonServerConnectionManager$Builder,AbstractQualifiedBeanCondition,GrpcSerializedObject,PersistentStreamConnection$SegmentConnection$ProcessingState",""
"communityMaximumKCutId",27,15,"org.axonframework.modelling.saga.AnnotatedSagaManager$Builder,org.axonframework.util.HandlerTypeResolver,org.axonframework.util.MavenArtifactVersionResolver,org.axonframework.config.SagaConfigurer,org.axonframework.messaging.annotation.DefaultParameterResolverFactory$MessageParameterResolver,org.axonframework.messaging.annotation.MessageIdentifierParameterResolverFactory,org.axonframework.commandhandling.gateway.NonTransientExceptionClassesPredicate,org.axonframework.common.lock.NoOpLock,org.axonframework.messaging.interceptors.TransactionManagingInterceptor,org.axonframework.updates.api.UpdateCheckRequest,org.axonframework.springboot.EventProcessorProperties$Mode,org.axonframework.springboot.service.connection.AxonServerConnectionDetails,org.axonframework.springboot.util.ConditionalOnQualifiedBean,org.axonframework.springboot.autoconfig.InfraConfiguration,org.axonframework.axonserver.connector.AxonServerException","AnnotatedSagaManager$Builder,HandlerTypeResolver,MavenArtifactVersionResolver,SagaConfigurer,DefaultParameterResolverFactory$MessageParameterResolver,MessageIdentifierParameterResolverFactory,NonTransientExceptionClassesPredicate,NoOpLock,TransactionManagingInterceptor,UpdateCheckRequest,EventProcessorProperties$Mode,AxonServerConnectionDetails,ConditionalOnQualifiedBean,InfraConfiguration,AxonServerException",""
"communityMaximumKCutId",93,9,"org.axonframework.eventhandling.TrackedEventMessage,org.axonframework.common.caching.Cache,org.axonframework.tracing.opentelemetry.OpenTelemetrySpan,org.axonframework.config.Configuration,org.axonframework.common.property.DirectlyAccessedProperty,org.axonframework.eventhandling.deadletter.jdbc.DeadLetterSchema$Builder,org.axonframework.eventhandling.async.AsynchronousEventProcessingStrategy,org.axonframework.queryhandling.SimpleQueryBus$MonitorCallbackContextWriter,org.axonframework.tracing.MultiSpanFactory$MultiSpan","TrackedEventMessage,Cache,OpenTelemetrySpan,Configuration,DirectlyAccessedProperty,DeadLetterSchema$Builder,AsynchronousEventProcessingStrategy,SimpleQueryBus$MonitorCallbackContextWriter,MultiSpanFactory$MultiSpan",""
"communityMaximumKCutId",3,15,"org.axonframework.disruptor.commandhandling.CommandHandlingEntry$RepeatingCommandHandler,org.axonframework.eventsourcing.eventstore.DomainEventStream$1,org.axonframework.eventhandling.TrackedEventData,org.axonframework.serialization.SerializedObject,org.axonframework.eventsourcing.eventstore.AbstractSnapshotEventEntry$PK,org.axonframework.config.DefaultConfigurer,org.axonframework.config.EventProcessingModule$1,org.axonframework.messaging.annotation.MetaDataValue,org.axonframework.commandhandling.gateway.CommandGatewayFactory$DispatchOnInvocationHandler,org.axonframework.deadline.SimpleDeadlineManager$DeadlineTask,org.axonframework.eventhandling.TrackingEventProcessor$WrappedMessageStream,org.axonframework.eventhandling.pooled.WorkPackage$DefaultProcessingEntry,org.axonframework.modelling.saga.repository.legacyjpa.JpaSagaStore$Builder,org.axonframework.modelling.saga.SagaMethodMessageHandlingMember,org.axonframework.axonserver.connector.TopologyChange$HandlerSubscription","CommandHandlingEntry$RepeatingCommandHandler,DomainEventStream$1,TrackedEventData,SerializedObject,AbstractSnapshotEventEntry$PK,DefaultConfigurer,EventProcessingModule$1,MetaDataValue,CommandGatewayFactory$DispatchOnInvocationHandler,SimpleDeadlineManager$DeadlineTask,TrackingEventProcessor$WrappedMessageStream,WorkPackage$DefaultProcessingEntry,JpaSagaStore$Builder,SagaMethodMessageHandlingMember,TopologyChange$HandlerSubscription",""
"communityMaximumKCutId",73,13,"org.axonframework.monitoring.MessageMonitor,org.axonframework.modelling.command.LockingRepository,org.axonframework.eventsourcing.eventstore.jdbc.EventSchema$1,org.axonframework.eventhandling.TrackedDomainEventData,org.axonframework.common.legacyjpa.EntityManagerProvider,org.axonframework.serialization.upcasting.event.EventUpcasterChain,org.axonframework.config.EventProcessingModule$InstanceProcessingGroupSelector,org.axonframework.queryhandling.annotation.MethodQueryMessageHandlerDefinition,org.axonframework.eventhandling.async.PropertySequencingPolicy$1,org.axonframework.eventhandling.pooled.Coordinator$EventFilter,org.axonframework.queryhandling.SinkWrapper,org.axonframework.modelling.command.ForwardMatchingInstances,org.axonframework.axonserver.connector.util.GrpcMetaData","MessageMonitor,LockingRepository,EventSchema$1,TrackedDomainEventData,EntityManagerProvider,EventUpcasterChain,EventProcessingModule$InstanceProcessingGroupSelector,MethodQueryMessageHandlerDefinition,PropertySequencingPolicy$1,Coordinator$EventFilter,SinkWrapper,ForwardMatchingInstances,GrpcMetaData",""
"communityMaximumKCutId",14,15,"org.axonframework.common.AxonThreadFactory,org.axonframework.commandhandling.DuplicateCommandHandlerResolution,org.axonframework.eventsourcing.eventstore.AbstractEventStore,org.axonframework.eventhandling.gateway.DefaultEventGateway,org.axonframework.config.AxonIQConsoleModule,org.axonframework.messaging.annotation.SourceIdParameterResolverFactory$SourceIdParameterResolver,org.axonframework.commandhandling.distributed.CommandDispatchException,org.axonframework.common.lock.DeadlockException,org.axonframework.monitoring.MultiMessageMonitor,org.axonframework.serialization.avro.AvroSerializer$Builder,org.axonframework.springboot.autoconfig.JpaEventStoreAutoConfiguration,org.axonframework.modelling.command.AggregateEntityNotFoundException,org.axonframework.axonserver.connector.heartbeat.HeartbeatConfiguration,org.axonframework.axonserver.connector.command.CommandSerializer,org.axonframework.axonserver.connector.query.StreamableInstanceResponse","AxonThreadFactory,DuplicateCommandHandlerResolution,AbstractEventStore,DefaultEventGateway,AxonIQConsoleModule,SourceIdParameterResolverFactory$SourceIdParameterResolver,CommandDispatchException,DeadlockException,MultiMessageMonitor,AvroSerializer$Builder,JpaEventStoreAutoConfiguration,AggregateEntityNotFoundException,HeartbeatConfiguration,CommandSerializer,StreamableInstanceResponse",""
"communityMaximumKCutId",96,7,"org.axonframework.disruptor.commandhandling.DisruptorCommandBus$FailureLoggingCommandCallback,org.axonframework.eventhandling.EventProcessorSpanFactory,org.axonframework.config.EventProcessingConfigurer$PooledStreamingProcessorConfiguration,org.axonframework.serialization.upcasting.event.UpcastedEventRepresentation,org.axonframework.eventhandling.tokenstore.UnableToInitializeTokenException,org.axonframework.eventhandling.async.EventProcessorTask$ShutdownCallback,org.axonframework.springboot.autoconfig.InterceptorAutoConfiguration","DisruptorCommandBus$FailureLoggingCommandCallback,EventProcessorSpanFactory,EventProcessingConfigurer$PooledStreamingProcessorConfiguration,UpcastedEventRepresentation,UnableToInitializeTokenException,EventProcessorTask$ShutdownCallback,InterceptorAutoConfiguration",""
"communityMaximumKCutId",77,12,"org.axonframework.disruptor.commandhandling.DisruptorCommandBus$Builder,org.axonframework.eventsourcing.eventstore.jdbc.Oracle11EventTableFactory,org.axonframework.modelling.saga.repository.NoResourceInjector,org.axonframework.eventhandling.TrackingEventProcessor,org.axonframework.messaging.annotation.DefaultParameterResolverFactory,org.axonframework.commandhandling.distributed.commandfilter.OrCommandMessageFilter,org.axonframework.commandhandling.gateway.CommandGatewayFactory$1,org.axonframework.tracing.attributes.MessageIdSpanAttributesProvider,org.axonframework.axonserver.connector.event.axon.PersistentStreamScheduledExecutorBuilder,org.axonframework.modelling.command.inspection.MethodCommandHandlerInterceptorDefinition,org.axonframework.modelling.command.ForwardMatchingInstances$1,org.axonframework.axonserver.connector.AxonServerConfiguration$HeartbeatConfiguration","DisruptorCommandBus$Builder,Oracle11EventTableFactory,NoResourceInjector,TrackingEventProcessor,DefaultParameterResolverFactory,OrCommandMessageFilter,CommandGatewayFactory$1,MessageIdSpanAttributesProvider,PersistentStreamScheduledExecutorBuilder,MethodCommandHandlerInterceptorDefinition,ForwardMatchingInstances$1,AxonServerConfiguration$HeartbeatConfiguration",""
"communityMaximumKCutId",8,12,"org.axonframework.common.caching.NoCache,org.axonframework.eventsourcing.eventstore.jdbc.EventSchema$Builder,org.axonframework.messaging.annotation.MessageIdentifierParameterResolverFactory$MessageIdentifierParameterResolver,org.axonframework.common.AxonException,org.axonframework.commandhandling.MethodCommandHandlerDefinition,org.axonframework.eventhandling.ErrorContext,org.axonframework.eventhandling.deadletter.legacyjpa.JpaSequencedDeadLetterQueue,org.axonframework.eventhandling.tokenstore.ConfigToken,org.axonframework.messaging.annotation.AnnotatedHandlerAttributes,org.axonframework.queryhandling.StreamingQueryMessage,org.axonframework.modelling.saga.SagaScopeDescriptor,org.axonframework.modelling.command.inspection.CommandHandlerInterceptorHandlingMember","NoCache,EventSchema$Builder,MessageIdentifierParameterResolverFactory$MessageIdentifierParameterResolver,AxonException,MethodCommandHandlerDefinition,ErrorContext,JpaSequencedDeadLetterQueue,ConfigToken,AnnotatedHandlerAttributes,StreamingQueryMessage,SagaScopeDescriptor,CommandHandlerInterceptorHandlingMember",""
"communityMaximumKCutId",38,13,"org.axonframework.monitoring.NoOpMessageMonitor,org.axonframework.eventsourcing.eventstore.jdbc.JdbcSQLErrorCodesResolver,org.axonframework.eventsourcing.eventstore.legacyjpa.EmbeddedEventStore$Node,org.axonframework.messaging.interceptors.CorrelationDataInterceptor,org.axonframework.commandhandling.CommandHandler,org.axonframework.messaging.unitofwork.RollbackConfigurationType$4,org.axonframework.eventhandling.tokenstore.UnableToRetrieveIdentifierException,org.axonframework.eventhandling.deadletter.jdbc.DeadLetterStatementFactory,org.axonframework.eventhandling.scheduling.dbscheduler.DbSchedulerEventScheduler$Builder,org.axonframework.eventhandling.tokenstore.jdbc.TokenSchema$1,org.axonframework.lifecycle.ShutdownInProgressException,org.axonframework.modelling.saga.metamodel.SagaMetaModelFactory,org.axonframework.axonserver.connector.ServerConnectorConfigurerModule","NoOpMessageMonitor,JdbcSQLErrorCodesResolver,EmbeddedEventStore$Node,CorrelationDataInterceptor,CommandHandler,RollbackConfigurationType$4,UnableToRetrieveIdentifierException,DeadLetterStatementFactory,DbSchedulerEventScheduler$Builder,TokenSchema$1,ShutdownInProgressException,SagaMetaModelFactory,ServerConnectorConfigurerModule",""
"communityMaximumKCutId",7,11,"org.axonframework.commandhandling.callbacks.NoOpCallback,org.axonframework.modelling.command.LockAwareAggregate,org.axonframework.eventhandling.AbstractSequencedDomainEventEntry,org.axonframework.common.jdbc.PagingJdbcIterable$PagingStatementSupplier,org.axonframework.lifecycle.ShutdownLatch,org.axonframework.eventhandling.tokenstore.legacyjpa.JpaTokenStore$Builder,org.axonframework.updates.detection.KotlinVersion,org.axonframework.springboot.autoconfig.AvroSerializerAutoConfiguration$OnMissingDefaultSchemaStoreCondition,org.axonframework.modelling.command.inspection.MethodCreationPolicyDefinition,org.axonframework.axonserver.connector.command.AxonServerRegistration,org.axonframework.axonserver.connector.query.subscription.DisposableResult","NoOpCallback,LockAwareAggregate,AbstractSequencedDomainEventEntry,PagingJdbcIterable$PagingStatementSupplier,ShutdownLatch,JpaTokenStore$Builder,KotlinVersion,AvroSerializerAutoConfiguration$OnMissingDefaultSchemaStoreCondition,MethodCreationPolicyDefinition,AxonServerRegistration,DisposableResult",""
"communityMaximumKCutId",21,13,"org.axonframework.eventsourcing.AbstractSnapshotter$Builder,org.axonframework.queryhandling.DefaultQueryUpdateEmitterSpanFactory,org.axonframework.commandhandling.distributed.DistributedCommandBus,org.axonframework.commandhandling.distributed.DispatchMessage,org.axonframework.common.ProcessUtils,org.axonframework.common.TypeReflectionUtils$VarMap$ParameterizedTypeImpl,org.axonframework.eventhandling.pooled.WorkPackage$Builder,org.axonframework.serialization.avro.DefaultSchemaIncompatibilityChecker,org.axonframework.serialization.upcasting.ContextAwareSingleEntryMultiUpcaster,org.axonframework.springboot.autoconfig.AxonServerActuatorAutoConfiguration,org.axonframework.springboot.autoconfig.UpdateCheckerAutoConfiguration,org.axonframework.modelling.saga.metamodel.AnnotationSagaMetaModelFactory$InspectedSagaModel,org.axonframework.axonserver.connector.query.GrpcBackedResponseMessage","AbstractSnapshotter$Builder,DefaultQueryUpdateEmitterSpanFactory,DistributedCommandBus,DispatchMessage,ProcessUtils,TypeReflectionUtils$VarMap$ParameterizedTypeImpl,WorkPackage$Builder,DefaultSchemaIncompatibilityChecker,ContextAwareSingleEntryMultiUpcaster,AxonServerActuatorAutoConfiguration,UpdateCheckerAutoConfiguration,AnnotationSagaMetaModelFactory$InspectedSagaModel,GrpcBackedResponseMessage",""
"communityMaximumKCutId",67,14,"org.axonframework.common.transaction.NoTransactionManager,org.axonframework.eventhandling.GapAwareTrackingToken,org.axonframework.deadline.DefaultDeadlineManagerSpanFactory,org.axonframework.queryhandling.DefaultQueryGateway$Builder,org.axonframework.config.MessageMonitorFactory,org.axonframework.common.annotation.AnnotationUtils,org.axonframework.deadline.annotation.DeadlineHandler,org.axonframework.common.IdentifierValidator,org.axonframework.deadline.dbscheduler.DbSchedulerDeadlineManagerSupplier,org.axonframework.deadline.jobrunr.JobRunrDeadlineManager,org.axonframework.eventhandling.TrackingEventProcessor$TrackingSegmentWorker,org.axonframework.messaging.correlation.MultiCorrelationDataProvider,org.axonframework.messaging.interceptors.legacyvalidation.BeanValidationInterceptor,org.axonframework.axonserver.connector.processor.EventProcessorControlService$AxonProcessorInstructionHandler","NoTransactionManager,GapAwareTrackingToken,DefaultDeadlineManagerSpanFactory,DefaultQueryGateway$Builder,MessageMonitorFactory,AnnotationUtils,DeadlineHandler,IdentifierValidator,DbSchedulerDeadlineManagerSupplier,JobRunrDeadlineManager,TrackingEventProcessor$TrackingSegmentWorker,MultiCorrelationDataProvider,BeanValidationInterceptor,EventProcessorControlService$AxonProcessorInstructionHandler",""
"communityMaximumKCutId",83,12,"org.axonframework.common.jdbc.JdbcUtils$SqlResultConverter,org.axonframework.messaging.deadletter.EnqueuePolicy,org.axonframework.commandhandling.distributed.ServiceRegistryException,org.axonframework.deadline.jobrunr.LabelUtils,org.axonframework.serialization.SerializationException,org.axonframework.eventhandling.deadletter.legacyjpa.DeadLetterJpaConverter,org.axonframework.eventhandling.deadletter.legacyjpa.JpaSequencedDeadLetterQueue$1,org.axonframework.eventhandling.tokenstore.jpa.TokenEntry$PK,org.axonframework.util.ClasspathResolver,org.axonframework.messaging.responsetypes.MultipleInstancesResponseType,org.axonframework.springboot.autoconfig.PersistentStreamMessageSourceRegistrar,org.axonframework.modelling.saga.repository.jpa.SagaEntry","JdbcUtils$SqlResultConverter,EnqueuePolicy,ServiceRegistryException,LabelUtils,SerializationException,DeadLetterJpaConverter,JpaSequencedDeadLetterQueue$1,TokenEntry$PK,ClasspathResolver,MultipleInstancesResponseType,PersistentStreamMessageSourceRegistrar,SagaEntry",""
"communityMaximumKCutId",75,14,"org.axonframework.common.jdbc.JdbcUtils$SqlFunction,org.axonframework.common.lock.NullLockFactory,org.axonframework.messaging.annotation.MessageHandlingMember,org.axonframework.serialization.SerializedMetaData,org.axonframework.messaging.unitofwork.RollbackConfigurationType$1,org.axonframework.eventhandling.deadletter.jdbc.DeadLetterSchema,org.axonframework.eventhandling.deadletter.jdbc.DeadLetterJdbcConverter,org.axonframework.eventhandling.scheduling.quartz.QuartzEventScheduler,org.axonframework.messaging.SimpleHandlerAttributes,org.axonframework.queryhandling.CompletedEmitterException,org.axonframework.springboot.MetricsProperties$Micrometer,org.axonframework.springboot.autoconfig.legacyjpa.JpaJavaxAutoConfiguration,org.axonframework.modelling.saga.StartSaga,org.axonframework.axonserver.connector.query.AxonServerQueryBus$LocalSegmentAdapter","JdbcUtils$SqlFunction,NullLockFactory,MessageHandlingMember,SerializedMetaData,RollbackConfigurationType$1,DeadLetterSchema,DeadLetterJdbcConverter,QuartzEventScheduler,SimpleHandlerAttributes,CompletedEmitterException,MetricsProperties$Micrometer,JpaJavaxAutoConfiguration,StartSaga,AxonServerQueryBus$LocalSegmentAdapter",""
"communityMaximumKCutId",89,14,"org.axonframework.eventsourcing.eventstore.jpa.JpaEventStorageEngine,org.axonframework.config.EventProcessingConfiguration,org.axonframework.deadline.annotation.DeadlineMethodMessageHandlerDefinition,org.axonframework.queryhandling.annotation.MethodQueryMessageHandlerDefinition$MethodQueryMessageHandlingMember,org.axonframework.serialization.converters.ByteArrayToStringConverter,org.axonframework.common.jdbc.JdbcException,org.axonframework.common.jdbc.UnitOfWorkAwareConnectionProviderWrapper$1,org.axonframework.eventhandling.replay.GenericResetContext,org.axonframework.eventhandling.deadletter.jdbc.JdbcSequencedDeadLetterQueue$Builder,org.axonframework.updates.detection.MachineId,org.axonframework.springboot.SerializerProperties$SerializerType,org.axonframework.springboot.autoconfig.JpaAutoConfiguration,org.axonframework.modelling.saga.repository.legacyjpa.JpaSagaStore,org.axonframework.axonserver.connector.util.GrpcBufferingInterceptor$AdditionalMessageRequestingCall","JpaEventStorageEngine,EventProcessingConfiguration,DeadlineMethodMessageHandlerDefinition,MethodQueryMessageHandlerDefinition$MethodQueryMessageHandlingMember,ByteArrayToStringConverter,JdbcException,UnitOfWorkAwareConnectionProviderWrapper$1,GenericResetContext,JdbcSequencedDeadLetterQueue$Builder,MachineId,SerializerProperties$SerializerType,JpaAutoConfiguration,JpaSagaStore,GrpcBufferingInterceptor$AdditionalMessageRequestingCall",""
"communityMaximumKCutId",90,11,"org.axonframework.serialization.xml.XStreamSerializer$Builder,org.axonframework.commandhandling.gateway.RetryingCallback$1,org.axonframework.common.property.PropertyAccessException,org.axonframework.axonserver.connector.AxonServerConfiguration$PersistentStreamSettings,org.axonframework.modelling.saga.repository.jdbc.GenericSagaSqlSchema,org.axonframework.springboot.util.OnQualifiedBeanCondition,org.axonframework.modelling.command.TargetAggregateVersion,org.axonframework.modelling.saga.repository.CachingSagaStore,org.axonframework.modelling.saga.repository.jpa.JpaSagaStore$EntryImpl,org.axonframework.axonserver.connector.util.GrpcMetadataSerializer,org.axonframework.axonserver.connector.query.AxonServerQueryBus$ActivityFinisher","XStreamSerializer$Builder,RetryingCallback$1,PropertyAccessException,AxonServerConfiguration$PersistentStreamSettings,GenericSagaSqlSchema,OnQualifiedBeanCondition,TargetAggregateVersion,CachingSagaStore,JpaSagaStore$EntryImpl,GrpcMetadataSerializer,AxonServerQueryBus$ActivityFinisher",""
"communityMaximumKCutId",41,14,"org.axonframework.queryhandling.QueryBusSpanFactory,org.axonframework.lifecycle.ShutdownHandler,org.axonframework.eventhandling.EventHandlerInvoker,org.axonframework.eventhandling.replay.ReplayAwareMessageHandlerWrapper$ReplayBlockingMessageHandlingMember,org.axonframework.eventhandling.WrappedToken,org.axonframework.eventhandling.async.AsynchronousEventProcessingStrategy$1,org.axonframework.eventhandling.scheduling.java.SimpleEventScheduler$Builder,org.axonframework.queryhandling.UpdateHandlerRegistration,org.axonframework.updates.api.DetectedVulnerabilitySeverity,org.axonframework.springboot.autoconfig.TransactionAutoConfiguration,org.axonframework.modelling.saga.SagaMethodMessageHandlerDefinition,org.axonframework.modelling.saga.EndSagaMessageHandlerDefinition,org.axonframework.axonserver.connector.heartbeat.HeartbeatMonitor$DefaultScheduler,org.axonframework.axonserver.connector.query.AxonServerQueryBus$QueryResponseSpliterator","QueryBusSpanFactory,ShutdownHandler,EventHandlerInvoker,ReplayAwareMessageHandlerWrapper$ReplayBlockingMessageHandlingMember,WrappedToken,AsynchronousEventProcessingStrategy$1,SimpleEventScheduler$Builder,UpdateHandlerRegistration,DetectedVulnerabilitySeverity,TransactionAutoConfiguration,SagaMethodMessageHandlerDefinition,EndSagaMessageHandlerDefinition,HeartbeatMonitor$DefaultScheduler,AxonServerQueryBus$QueryResponseSpliterator",""
