"similarity","sourceArtifactName","sourceNodeName","sourceNodeIncomingDependencies","sourceNodeOutgoingDependencies","targetArtifactName","targetNodeName","targetNodeIncomingDependencies","targetNodeOutgoingDependencies","Source Cypher File: domains/graph-algorithms/queries/similarity/Similarity_1d_Stream_Mutated.cypher"
1,"axon-server-connector-5.1.2","io.axoniq.framework.axonserver.connector.api.AxonServerException",1,1,"axon-common-5.1.2","org.axonframework.common.AxonNonTransientException",15,1,""
1,"axon-server-connector-5.1.2","io.axoniq.framework.axonserver.connector.api.AxonServerException",1,1,"axon-common-5.1.2","org.axonframework.common.AxonTransientException",8,1,""
1,"axon-server-connector-5.1.2","io.axoniq.framework.axonserver.connector.api.AxonServerException",1,1,"axon-common-5.1.2","org.axonframework.common.ProcessRetriesExhaustedException",1,1,""
1,"axon-server-connector-5.1.2","io.axoniq.framework.axonserver.connector.api.command.AxonServerNonTransientRemoteCommandHandlingException",1,2,"axon-server-connector-5.1.2","io.axoniq.framework.axonserver.connector.api.query.AxonServerNonTransientRemoteQueryHandlingException",1,2,""
1,"axon-server-connector-5.1.2","io.axoniq.framework.axonserver.connector.api.command.AxonServerRemoteCommandHandlingException",1,2,"axon-server-connector-5.1.2","io.axoniq.framework.axonserver.connector.api.query.AxonServerRemoteQueryHandlingException",1,2,""
1,"axon-server-connector-5.1.2","io.axoniq.framework.axonserver.connector.api.query.AxonServerNonTransientRemoteQueryHandlingException",1,2,"axon-server-connector-5.1.2","io.axoniq.framework.axonserver.connector.api.command.AxonServerNonTransientRemoteCommandHandlingException",1,2,""
1,"axon-server-connector-5.1.2","io.axoniq.framework.axonserver.connector.api.query.AxonServerQueryDispatchException",1,1,"axon-messaging-5.1.2","org.axonframework.messaging.core.HandlerExecutionException",3,1,""
1,"axon-server-connector-5.1.2","io.axoniq.framework.axonserver.connector.api.query.AxonServerQueryDispatchException",1,1,"axon-messaging-5.1.2","org.axonframework.messaging.eventhandling.TransactionMethodExecutionException",0,1,""
1,"axon-server-connector-5.1.2","io.axoniq.framework.axonserver.connector.api.query.AxonServerQueryDispatchException",1,1,"axon-messaging-5.1.2","org.axonframework.messaging.eventhandling.processing.EventProcessingException",3,1,""
1,"axon-server-connector-5.1.2","io.axoniq.framework.axonserver.connector.api.query.AxonServerRemoteQueryHandlingException",1,2,"axon-server-connector-5.1.2","io.axoniq.framework.axonserver.connector.api.command.AxonServerRemoteCommandHandlingException",1,2,""
1,"axon-server-connector-5.1.2","io.axoniq.framework.axonserver.connector.event.AggregateBasedAxonServerEventStorageEngine$AggregateSource",1,3,"axon-eventsourcing-5.1.2","org.axonframework.eventsourcing.eventstore.jpa.AggregateBasedJpaEventStorageEngine$AggregateSource",1,3,""
1,"axon-common-5.1.2","org.axonframework.common.AxonConfigurationException",25,1,"axon-common-5.1.2","org.axonframework.common.infra.ComponentDescriptorException",2,1,""
1,"axon-common-5.1.2","org.axonframework.common.AxonConfigurationException",25,1,"axon-test-5.1.2","org.axonframework.test.FixtureExecutionException",4,1,""
1,"axon-common-5.1.2","org.axonframework.common.AxonConfigurationException",25,1,"axon-test-5.1.2","org.axonframework.test.matchers.MatcherExecutionException",1,1,""
1,"axon-common-5.1.2","org.axonframework.common.AxonNonTransientException",15,1,"axon-server-connector-5.1.2","io.axoniq.framework.axonserver.connector.api.AxonServerException",1,1,""
1,"axon-common-5.1.2","org.axonframework.common.AxonNonTransientException",15,1,"axon-common-5.1.2","org.axonframework.common.AxonTransientException",8,1,""
1,"axon-common-5.1.2","org.axonframework.common.AxonNonTransientException",15,1,"axon-common-5.1.2","org.axonframework.common.ProcessRetriesExhaustedException",1,1,""
1,"axon-common-5.1.2","org.axonframework.common.AxonTransientException",8,1,"axon-server-connector-5.1.2","io.axoniq.framework.axonserver.connector.api.AxonServerException",1,1,""
1,"axon-common-5.1.2","org.axonframework.common.AxonTransientException",8,1,"axon-common-5.1.2","org.axonframework.common.AxonNonTransientException",15,1,""
1,"axon-common-5.1.2","org.axonframework.common.AxonTransientException",8,1,"axon-common-5.1.2","org.axonframework.common.ProcessRetriesExhaustedException",1,1,""
1,"axon-common-5.1.2","org.axonframework.common.ProcessRetriesExhaustedException",1,1,"axon-server-connector-5.1.2","io.axoniq.framework.axonserver.connector.api.AxonServerException",1,1,""
1,"axon-common-5.1.2","org.axonframework.common.ProcessRetriesExhaustedException",1,1,"axon-common-5.1.2","org.axonframework.common.AxonNonTransientException",15,1,""
1,"axon-common-5.1.2","org.axonframework.common.ProcessRetriesExhaustedException",1,1,"axon-common-5.1.2","org.axonframework.common.AxonTransientException",8,1,""
1,"axon-common-5.1.2","org.axonframework.common.TypeReference$1",1,1,"axon-common-5.1.2","org.axonframework.common.TypeReference$2",1,1,""
1,"axon-common-5.1.2","org.axonframework.common.TypeReference$2",1,1,"axon-common-5.1.2","org.axonframework.common.TypeReference$1",1,1,""
1,"axon-common-5.1.2","org.axonframework.common.TypeReflectionUtils$VarMap$ParameterizedTypeImpl",2,1,"axon-common-5.1.2","org.axonframework.common.TypeReflectionUtils$VarMap$UnresolvedTypeVariableException",2,1,""
1,"axon-common-5.1.2","org.axonframework.common.TypeReflectionUtils$VarMap$UnresolvedTypeVariableException",2,1,"axon-common-5.1.2","org.axonframework.common.TypeReflectionUtils$VarMap$ParameterizedTypeImpl",2,1,""
1,"axon-common-5.1.2","org.axonframework.common.configuration.AxonConfiguration",13,1,"axon-common-5.1.2","org.axonframework.common.configuration.ComponentBuilder",36,1,""
1,"axon-common-5.1.2","org.axonframework.common.configuration.AxonConfiguration",13,1,"axon-common-5.1.2","org.axonframework.common.configuration.ComponentLifecycleHandler",5,1,""
1,"axon-common-5.1.2","org.axonframework.common.configuration.AxonConfiguration",13,1,"axon-common-5.1.2","org.axonframework.common.configuration.LifecycleHandler",4,1,""
1,"axon-common-5.1.2","org.axonframework.common.configuration.ComponentBuilder",36,1,"axon-common-5.1.2","org.axonframework.common.configuration.AxonConfiguration",13,1,""
1,"axon-common-5.1.2","org.axonframework.common.configuration.ComponentBuilder",36,1,"axon-common-5.1.2","org.axonframework.common.configuration.ComponentLifecycleHandler",5,1,""
1,"axon-common-5.1.2","org.axonframework.common.configuration.ComponentBuilder",36,1,"axon-common-5.1.2","org.axonframework.common.configuration.LifecycleHandler",4,1,""
1,"axon-common-5.1.2","org.axonframework.common.configuration.ComponentDecorator",7,1,"axon-common-5.1.2","org.axonframework.common.configuration.AxonConfiguration",13,1,""
1,"axon-common-5.1.2","org.axonframework.common.configuration.ComponentDecorator",7,1,"axon-common-5.1.2","org.axonframework.common.configuration.ComponentBuilder",36,1,""
1,"axon-common-5.1.2","org.axonframework.common.configuration.ComponentDecorator",7,1,"axon-common-5.1.2","org.axonframework.common.configuration.LifecycleHandler",4,1,""
1,"axon-common-5.1.2","org.axonframework.common.configuration.ComponentLifecycleHandler",5,1,"axon-common-5.1.2","org.axonframework.common.configuration.AxonConfiguration",13,1,""
1,"axon-common-5.1.2","org.axonframework.common.configuration.ComponentLifecycleHandler",5,1,"axon-common-5.1.2","org.axonframework.common.configuration.ComponentBuilder",36,1,""
1,"axon-common-5.1.2","org.axonframework.common.configuration.ComponentLifecycleHandler",5,1,"axon-common-5.1.2","org.axonframework.common.configuration.LifecycleHandler",4,1,""
1,"axon-common-5.1.2","org.axonframework.common.configuration.ExtendedConfiguration",2,2,"axon-common-5.1.2","org.axonframework.common.configuration.ExtensibleConfigurer",4,2,""
1,"axon-common-5.1.2","org.axonframework.common.configuration.ExtensibleConfigurer",4,2,"axon-common-5.1.2","org.axonframework.common.configuration.ExtendedConfiguration",2,2,""
1,"axon-common-5.1.2","org.axonframework.common.configuration.LifecycleHandler",4,1,"axon-common-5.1.2","org.axonframework.common.configuration.AxonConfiguration",13,1,""
1,"axon-common-5.1.2","org.axonframework.common.configuration.LifecycleHandler",4,1,"axon-common-5.1.2","org.axonframework.common.configuration.ComponentBuilder",36,1,""
1,"axon-common-5.1.2","org.axonframework.common.configuration.LifecycleHandler",4,1,"axon-common-5.1.2","org.axonframework.common.configuration.ComponentLifecycleHandler",5,1,""
1,"axon-common-5.1.2","org.axonframework.common.configuration.ModuleBuilder",14,1,"axon-modelling-5.1.2","org.axonframework.modelling.configuration.EntityModule",4,1,""
1,"axon-common-5.1.2","org.axonframework.common.infra.ComponentDescriptorException",2,1,"axon-common-5.1.2","org.axonframework.common.AxonConfigurationException",25,1,""
1,"axon-common-5.1.2","org.axonframework.common.infra.ComponentDescriptorException",2,1,"axon-test-5.1.2","org.axonframework.test.FixtureExecutionException",4,1,""
1,"axon-common-5.1.2","org.axonframework.common.infra.ComponentDescriptorException",2,1,"axon-test-5.1.2","org.axonframework.test.matchers.MatcherExecutionException",1,1,""
1,"axon-common-5.1.2","org.axonframework.common.jdbc.ConnectionProvider",2,1,"axon-update-5.1.2","org.axonframework.update.api.Artifact",3,1,""
1,"axon-common-5.1.2","org.axonframework.common.jdbc.ConnectionProvider",2,1,"axon-update-5.1.2","org.axonframework.update.api.ArtifactAvailableUpgrade",2,1,""
1,"axon-common-5.1.2","org.axonframework.common.jdbc.ConnectionProvider",2,1,"axon-update-5.1.2","org.axonframework.update.api.DetectedVulnerabilitySeverity",3,1,""
1,"axon-common-5.1.2","org.axonframework.common.jdbc.JdbcException",2,1,"axon-messaging-5.1.2","org.axonframework.messaging.core.ExecutionException",0,1,""
1,"axon-common-5.1.2","org.axonframework.common.jdbc.JdbcException",2,1,"axon-messaging-5.1.2","org.axonframework.messaging.eventhandling.processing.streaming.token.store.UnableToRetrieveIdentifierException",2,1,""
1,"axon-common-5.1.2","org.axonframework.common.jpa.EntityManagerProvider",5,1,"axon-update-5.1.2","org.axonframework.update.api.Artifact",3,1,""
1,"axon-common-5.1.2","org.axonframework.common.jpa.EntityManagerProvider",5,1,"axon-update-5.1.2","org.axonframework.update.api.ArtifactAvailableUpgrade",2,1,""
1,"axon-common-5.1.2","org.axonframework.common.jpa.EntityManagerProvider",5,1,"axon-update-5.1.2","org.axonframework.update.api.DetectedVulnerabilitySeverity",3,1,""
1,"axon-common-5.1.2","org.axonframework.common.lifecycle.ShutdownInProgressException",1,1,"axon-messaging-5.1.2","org.axonframework.messaging.core.interception.JSR303ViolationException",1,1,""
1,"axon-common-5.1.2","org.axonframework.common.lifecycle.ShutdownInProgressException",1,1,"axon-messaging-5.1.2","org.axonframework.messaging.queryhandling.CompletedEmitterException",0,1,""
1,"axon-common-5.1.2","org.axonframework.common.lock.LockAcquisitionFailedException",2,1,"axon-messaging-5.1.2","org.axonframework.messaging.eventhandling.processing.streaming.token.store.UnableToClaimTokenException",4,1,""
1,"axon-common-5.1.2","org.axonframework.common.lock.LockAcquisitionFailedException",2,1,"axon-messaging-5.1.2","org.axonframework.messaging.eventhandling.processing.streaming.token.store.UnableToInitializeTokenException",3,1,""
1,"axon-common-5.1.2","org.axonframework.common.lock.LockAcquisitionFailedException",2,1,"axon-modelling-5.1.2","org.axonframework.modelling.ConcurrencyException",1,1,""
1,"axon-common-5.1.2","org.axonframework.common.property.BeanPropertyAccessStrategy",0,1,"axon-common-5.1.2","org.axonframework.common.property.UniformPropertyAccessStrategy",0,1,""
1,"axon-common-5.1.2","org.axonframework.common.property.PropertyAccessException",2,1,"axon-messaging-5.1.2","org.axonframework.messaging.core.annotation.UnsupportedHandlerException",4,1,""
1,"axon-common-5.1.2","org.axonframework.common.property.UniformPropertyAccessStrategy",0,1,"axon-common-5.1.2","org.axonframework.common.property.BeanPropertyAccessStrategy",0,1,""
1,"axon-common-5.1.2","org.axonframework.common.util.PriorityCallable",1,1,"axon-common-5.1.2","org.axonframework.common.util.PriorityRunnable",1,1,""
1,"axon-common-5.1.2","org.axonframework.common.util.PriorityRunnable",1,1,"axon-common-5.1.2","org.axonframework.common.util.PriorityCallable",1,1,""
1,"axon-conversion-5.1.2","org.axonframework.conversion.ConversionException",20,1,"axon-common-5.1.2","org.axonframework.common.AxonConfigurationException",25,1,""
1,"axon-conversion-5.1.2","org.axonframework.conversion.ConversionException",20,1,"axon-common-5.1.2","org.axonframework.common.infra.ComponentDescriptorException",2,1,""
1,"axon-conversion-5.1.2","org.axonframework.conversion.ConversionException",20,1,"axon-test-5.1.2","org.axonframework.test.FixtureExecutionException",4,1,""
1,"axon-conversion-5.1.2","org.axonframework.conversion.Converter",52,1,"axon-messaging-5.1.2","org.axonframework.messaging.eventhandling.processing.EventProcessor",8,1,""
1,"axon-conversion-5.1.2","org.axonframework.conversion.converter.BlobToInputStreamConverter",0,2,"axon-conversion-5.1.2","org.axonframework.conversion.jackson.ByteArrayToJsonNodeConverter",1,2,""
1,"axon-conversion-5.1.2","org.axonframework.conversion.converter.BlobToInputStreamConverter",0,2,"axon-conversion-5.1.2","org.axonframework.conversion.jackson.JsonNodeToByteArrayConverter",1,2,""
1,"axon-conversion-5.1.2","org.axonframework.conversion.converter.BlobToInputStreamConverter",0,2,"axon-conversion-5.1.2","org.axonframework.conversion.jackson.JsonNodeToObjectNodeConverter",1,2,""
1,"axon-conversion-5.1.2","org.axonframework.conversion.converter.ByteArrayToInputStreamConverter",0,1,"axon-conversion-5.1.2","org.axonframework.conversion.converter.ByteArrayToStringConverter",0,1,""
1,"axon-conversion-5.1.2","org.axonframework.conversion.converter.ByteArrayToInputStreamConverter",0,1,"axon-conversion-5.1.2","org.axonframework.conversion.converter.StringToByteArrayConverter",0,1,""
1,"axon-conversion-5.1.2","org.axonframework.conversion.converter.ByteArrayToInputStreamConverter",0,1,"axon-conversion-5.1.2","org.axonframework.conversion.jackson.ObjectNodeToJsonNodeConverter",1,1,""
1,"axon-conversion-5.1.2","org.axonframework.conversion.converter.ByteArrayToStringConverter",0,1,"axon-conversion-5.1.2","org.axonframework.conversion.converter.ByteArrayToInputStreamConverter",0,1,""
1,"axon-conversion-5.1.2","org.axonframework.conversion.converter.ByteArrayToStringConverter",0,1,"axon-conversion-5.1.2","org.axonframework.conversion.converter.StringToByteArrayConverter",0,1,""
1,"axon-conversion-5.1.2","org.axonframework.conversion.converter.ByteArrayToStringConverter",0,1,"axon-conversion-5.1.2","org.axonframework.conversion.jackson.ObjectNodeToJsonNodeConverter",1,1,""
1,"axon-conversion-5.1.2","org.axonframework.conversion.converter.InputStreamToByteArrayConverter",0,2,"axon-conversion-5.1.2","org.axonframework.conversion.jackson.ByteArrayToJsonNodeConverter",1,2,""
1,"axon-conversion-5.1.2","org.axonframework.conversion.converter.InputStreamToByteArrayConverter",0,2,"axon-conversion-5.1.2","org.axonframework.conversion.jackson.JsonNodeToByteArrayConverter",1,2,""
1,"axon-conversion-5.1.2","org.axonframework.conversion.converter.InputStreamToByteArrayConverter",0,2,"axon-conversion-5.1.2","org.axonframework.conversion.jackson.JsonNodeToObjectNodeConverter",1,2,""
1,"axon-conversion-5.1.2","org.axonframework.conversion.converter.StringToByteArrayConverter",0,1,"axon-conversion-5.1.2","org.axonframework.conversion.converter.ByteArrayToInputStreamConverter",0,1,""
1,"axon-conversion-5.1.2","org.axonframework.conversion.converter.StringToByteArrayConverter",0,1,"axon-conversion-5.1.2","org.axonframework.conversion.converter.ByteArrayToStringConverter",0,1,""
1,"axon-conversion-5.1.2","org.axonframework.conversion.converter.StringToByteArrayConverter",0,1,"axon-conversion-5.1.2","org.axonframework.conversion.jackson.ObjectNodeToJsonNodeConverter",1,1,""
1,"axon-conversion-5.1.2","org.axonframework.conversion.jackson.ByteArrayToJsonNodeConverter",1,2,"axon-conversion-5.1.2","org.axonframework.conversion.converter.InputStreamToByteArrayConverter",0,2,""
1,"axon-conversion-5.1.2","org.axonframework.conversion.jackson.ByteArrayToJsonNodeConverter",1,2,"axon-conversion-5.1.2","org.axonframework.conversion.jackson.JsonNodeToByteArrayConverter",1,2,""
1,"axon-conversion-5.1.2","org.axonframework.conversion.jackson.ByteArrayToJsonNodeConverter",1,2,"axon-conversion-5.1.2","org.axonframework.conversion.jackson.JsonNodeToObjectNodeConverter",1,2,""
1,"axon-conversion-5.1.2","org.axonframework.conversion.jackson.JsonNodeToByteArrayConverter",1,2,"axon-conversion-5.1.2","org.axonframework.conversion.converter.InputStreamToByteArrayConverter",0,2,""
1,"axon-conversion-5.1.2","org.axonframework.conversion.jackson.JsonNodeToByteArrayConverter",1,2,"axon-conversion-5.1.2","org.axonframework.conversion.jackson.ByteArrayToJsonNodeConverter",1,2,""
1,"axon-conversion-5.1.2","org.axonframework.conversion.jackson.JsonNodeToByteArrayConverter",1,2,"axon-conversion-5.1.2","org.axonframework.conversion.jackson.JsonNodeToObjectNodeConverter",1,2,""
1,"axon-conversion-5.1.2","org.axonframework.conversion.jackson.JsonNodeToObjectNodeConverter",1,2,"axon-conversion-5.1.2","org.axonframework.conversion.converter.InputStreamToByteArrayConverter",0,2,""
1,"axon-conversion-5.1.2","org.axonframework.conversion.jackson.JsonNodeToObjectNodeConverter",1,2,"axon-conversion-5.1.2","org.axonframework.conversion.jackson.ByteArrayToJsonNodeConverter",1,2,""
1,"axon-conversion-5.1.2","org.axonframework.conversion.jackson.JsonNodeToObjectNodeConverter",1,2,"axon-conversion-5.1.2","org.axonframework.conversion.jackson.JsonNodeToByteArrayConverter",1,2,""
1,"axon-conversion-5.1.2","org.axonframework.conversion.jackson.ObjectNodeToJsonNodeConverter",1,1,"axon-conversion-5.1.2","org.axonframework.conversion.converter.ByteArrayToInputStreamConverter",0,1,""
1,"axon-conversion-5.1.2","org.axonframework.conversion.jackson.ObjectNodeToJsonNodeConverter",1,1,"axon-conversion-5.1.2","org.axonframework.conversion.converter.ByteArrayToStringConverter",0,1,""
1,"axon-conversion-5.1.2","org.axonframework.conversion.jackson.ObjectNodeToJsonNodeConverter",1,1,"axon-conversion-5.1.2","org.axonframework.conversion.converter.StringToByteArrayConverter",0,1,""
1,"axon-conversion-5.1.2","org.axonframework.conversion.jackson2.ByteArrayToJsonNodeConverter",1,2,"axon-conversion-5.1.2","org.axonframework.conversion.jackson.ByteArrayToJsonNodeConverter",1,2,""
1,"axon-conversion-5.1.2","org.axonframework.conversion.jackson2.ByteArrayToJsonNodeConverter",1,2,"axon-conversion-5.1.2","org.axonframework.conversion.jackson.JsonNodeToByteArrayConverter",1,2,""
1,"axon-conversion-5.1.2","org.axonframework.conversion.jackson2.ByteArrayToJsonNodeConverter",1,2,"axon-conversion-5.1.2","org.axonframework.conversion.jackson.JsonNodeToObjectNodeConverter",1,2,""
1,"axon-conversion-5.1.2","org.axonframework.conversion.jackson2.JsonNodeToByteArrayConverter",1,2,"axon-conversion-5.1.2","org.axonframework.conversion.jackson.ByteArrayToJsonNodeConverter",1,2,""
1,"axon-conversion-5.1.2","org.axonframework.conversion.jackson2.JsonNodeToByteArrayConverter",1,2,"axon-conversion-5.1.2","org.axonframework.conversion.jackson.JsonNodeToByteArrayConverter",1,2,""
1,"axon-conversion-5.1.2","org.axonframework.conversion.jackson2.JsonNodeToByteArrayConverter",1,2,"axon-conversion-5.1.2","org.axonframework.conversion.jackson.JsonNodeToObjectNodeConverter",1,2,""
1,"axon-conversion-5.1.2","org.axonframework.conversion.jackson2.JsonNodeToObjectNodeConverter",1,2,"axon-conversion-5.1.2","org.axonframework.conversion.jackson.ByteArrayToJsonNodeConverter",1,2,""
1,"axon-conversion-5.1.2","org.axonframework.conversion.jackson2.JsonNodeToObjectNodeConverter",1,2,"axon-conversion-5.1.2","org.axonframework.conversion.jackson.JsonNodeToByteArrayConverter",1,2,""
1,"axon-conversion-5.1.2","org.axonframework.conversion.jackson2.JsonNodeToObjectNodeConverter",1,2,"axon-conversion-5.1.2","org.axonframework.conversion.jackson.JsonNodeToObjectNodeConverter",1,2,""
1,"axon-conversion-5.1.2","org.axonframework.conversion.jackson2.ObjectNodeToJsonNodeConverter",1,1,"axon-conversion-5.1.2","org.axonframework.conversion.converter.ByteArrayToInputStreamConverter",0,1,""
1,"axon-conversion-5.1.2","org.axonframework.conversion.jackson2.ObjectNodeToJsonNodeConverter",1,1,"axon-conversion-5.1.2","org.axonframework.conversion.converter.ByteArrayToStringConverter",0,1,""
1,"axon-conversion-5.1.2","org.axonframework.conversion.jackson2.ObjectNodeToJsonNodeConverter",1,1,"axon-conversion-5.1.2","org.axonframework.conversion.jackson.ObjectNodeToJsonNodeConverter",1,1,""
1,"axon-eventsourcing-5.1.2","org.axonframework.eventsourcing.EventSourcingRepository$EventSourcedEntity",1,1,"axon-modelling-5.1.2","org.axonframework.modelling.repository.SimpleRepository$SimpleEntity",1,1,""
1,"axon-eventsourcing-5.1.2","org.axonframework.eventsourcing.eventstore.AggregateSequenceNumberPosition",4,2,"axon-eventsourcing-5.1.2","org.axonframework.eventsourcing.eventstore.GlobalIndexPosition",4,2,""
1,"axon-eventsourcing-5.1.2","org.axonframework.eventsourcing.eventstore.EventStoreException",1,1,"axon-common-5.1.2","org.axonframework.common.AxonConfigurationException",25,1,""
1,"axon-eventsourcing-5.1.2","org.axonframework.eventsourcing.eventstore.EventStoreException",1,1,"axon-common-5.1.2","org.axonframework.common.infra.ComponentDescriptorException",2,1,""
1,"axon-eventsourcing-5.1.2","org.axonframework.eventsourcing.eventstore.EventStoreException",1,1,"axon-test-5.1.2","org.axonframework.test.FixtureExecutionException",4,1,""
1,"axon-eventsourcing-5.1.2","org.axonframework.eventsourcing.eventstore.GlobalIndexPosition",4,2,"axon-eventsourcing-5.1.2","org.axonframework.eventsourcing.eventstore.AggregateSequenceNumberPosition",4,2,""
1,"axon-eventsourcing-5.1.2","org.axonframework.eventsourcing.eventstore.StartPosition",1,1,"axon-eventsourcing-5.1.2","org.axonframework.eventsourcing.snapshot.api.Snapshot",6,1,""
1,"axon-eventsourcing-5.1.2","org.axonframework.eventsourcing.eventstore.StreamSpliterator",1,1,"axon-update-5.1.2","org.axonframework.update.api.Artifact",3,1,""
1,"axon-eventsourcing-5.1.2","org.axonframework.eventsourcing.eventstore.StreamSpliterator",1,1,"axon-update-5.1.2","org.axonframework.update.api.ArtifactAvailableUpgrade",2,1,""
1,"axon-eventsourcing-5.1.2","org.axonframework.eventsourcing.eventstore.StreamSpliterator",1,1,"axon-update-5.1.2","org.axonframework.update.api.DetectedVulnerabilitySeverity",3,1,""
1,"axon-eventsourcing-5.1.2","org.axonframework.eventsourcing.eventstore.jpa.AggregateBasedJpaEventStorageEngine$AggregateSource",1,3,"axon-server-connector-5.1.2","io.axoniq.framework.axonserver.connector.event.AggregateBasedAxonServerEventStorageEngine$AggregateSource",1,3,""
1,"axon-eventsourcing-5.1.2","org.axonframework.eventsourcing.snapshot.api.Snapshot",6,1,"axon-eventsourcing-5.1.2","org.axonframework.eventsourcing.eventstore.StartPosition",1,1,""
1,"axon-tracing-opentelemetry-5.1.2","org.axonframework.extension.tracing.opentelemetry.OpenTelemetrySpan",1,2,"axon-messaging-5.1.2","org.axonframework.messaging.tracing.NoOpSpanFactory$NoOpSpan",2,2,""
1,"axon-messaging-5.1.2","org.axonframework.messaging.commandhandling.CommandDispatchException",2,1,"axon-server-connector-5.1.2","io.axoniq.framework.axonserver.connector.api.AxonServerException",1,1,""
1,"axon-messaging-5.1.2","org.axonframework.messaging.commandhandling.CommandDispatchException",2,1,"axon-common-5.1.2","org.axonframework.common.AxonTransientException",8,1,""
1,"axon-messaging-5.1.2","org.axonframework.messaging.commandhandling.CommandDispatchException",2,1,"axon-common-5.1.2","org.axonframework.common.ProcessRetriesExhaustedException",1,1,""
1,"axon-messaging-5.1.2","org.axonframework.messaging.commandhandling.CommandExecutionException",2,1,"axon-messaging-5.1.2","org.axonframework.messaging.queryhandling.QueryExecutionException",3,1,""
1,"axon-messaging-5.1.2","org.axonframework.messaging.commandhandling.CommandHandler",22,5,"axon-modelling-5.1.2","org.axonframework.modelling.entity.EntityCommandHandler",5,5,""
1,"axon-messaging-5.1.2","org.axonframework.messaging.commandhandling.CommandMessage",67,3,"axon-messaging-5.1.2","org.axonframework.messaging.core.ResultMessage",7,3,""
1,"axon-messaging-5.1.2","org.axonframework.messaging.commandhandling.CommandMessage",67,3,"axon-messaging-5.1.2","org.axonframework.messaging.eventhandling.EventMessage",137,3,""
1,"axon-messaging-5.1.2","org.axonframework.messaging.commandhandling.CommandMessage",67,3,"axon-messaging-5.1.2","org.axonframework.messaging.queryhandling.QueryMessage",37,3,""
1,"axon-messaging-5.1.2","org.axonframework.messaging.commandhandling.CommandPriorityCalculator",2,1,"axon-modelling-5.1.2","org.axonframework.modelling.entity.ChildEntityNotFoundException",2,1,""
1,"axon-messaging-5.1.2","org.axonframework.messaging.commandhandling.CommandPriorityCalculator",2,1,"axon-modelling-5.1.2","org.axonframework.modelling.entity.EntityAlreadyExistsForCreationalCommandHandlerException",2,1,""
1,"axon-messaging-5.1.2","org.axonframework.messaging.commandhandling.CommandPriorityCalculator",2,1,"axon-modelling-5.1.2","org.axonframework.modelling.entity.EntityMissingForInstanceCommandHandlerException",2,1,""
1,"axon-messaging-5.1.2","org.axonframework.messaging.commandhandling.CommandResultMessage",30,4,"axon-messaging-5.1.2","org.axonframework.messaging.queryhandling.QueryResponseMessage",22,4,""
1,"axon-messaging-5.1.2","org.axonframework.messaging.commandhandling.annotation.CommandHandlingMember",3,2,"axon-messaging-5.1.2","org.axonframework.messaging.core.interception.annotation.MessageInterceptingMember",3,2,""
1,"axon-messaging-5.1.2","org.axonframework.messaging.commandhandling.annotation.CommandHandlingMember",3,2,"axon-messaging-5.1.2","org.axonframework.messaging.eventhandling.annotation.EventHandlingMember",2,2,""
1,"axon-messaging-5.1.2","org.axonframework.messaging.commandhandling.annotation.CommandHandlingMember",3,2,"axon-messaging-5.1.2","org.axonframework.messaging.queryhandling.annotation.QueryHandlingMember",2,2,""
1,"axon-messaging-5.1.2","org.axonframework.messaging.core.AbstractMessageStream$FetchResult$Completed",3,2,"axon-messaging-5.1.2","org.axonframework.messaging.core.AbstractMessageStream$FetchResult$Error",3,2,""
1,"axon-messaging-5.1.2","org.axonframework.messaging.core.AbstractMessageStream$FetchResult$Completed",3,2,"axon-messaging-5.1.2","org.axonframework.messaging.core.AbstractMessageStream$FetchResult$NotReady",2,2,""
1,"axon-messaging-5.1.2","org.axonframework.messaging.core.AbstractMessageStream$FetchResult$Completed",3,2,"axon-messaging-5.1.2","org.axonframework.messaging.core.AbstractMessageStream$FetchResult$Value",4,2,""
1,"axon-messaging-5.1.2","org.axonframework.messaging.core.AbstractMessageStream$FetchResult$Error",3,2,"axon-messaging-5.1.2","org.axonframework.messaging.core.AbstractMessageStream$FetchResult$Completed",3,2,""
1,"axon-messaging-5.1.2","org.axonframework.messaging.core.AbstractMessageStream$FetchResult$Error",3,2,"axon-messaging-5.1.2","org.axonframework.messaging.core.AbstractMessageStream$FetchResult$NotReady",2,2,""
1,"axon-messaging-5.1.2","org.axonframework.messaging.core.AbstractMessageStream$FetchResult$Error",3,2,"axon-messaging-5.1.2","org.axonframework.messaging.core.AbstractMessageStream$FetchResult$Value",4,2,""
1,"axon-messaging-5.1.2","org.axonframework.messaging.core.AbstractMessageStream$FetchResult$NotReady",2,2,"axon-messaging-5.1.2","org.axonframework.messaging.core.AbstractMessageStream$FetchResult$Completed",3,2,""
1,"axon-messaging-5.1.2","org.axonframework.messaging.core.AbstractMessageStream$FetchResult$NotReady",2,2,"axon-messaging-5.1.2","org.axonframework.messaging.core.AbstractMessageStream$FetchResult$Error",3,2,""
1,"axon-messaging-5.1.2","org.axonframework.messaging.core.AbstractMessageStream$FetchResult$NotReady",2,2,"axon-messaging-5.1.2","org.axonframework.messaging.core.AbstractMessageStream$FetchResult$Value",4,2,""
1,"axon-messaging-5.1.2","org.axonframework.messaging.core.AbstractMessageStream$FetchResult$Value",4,2,"axon-messaging-5.1.2","org.axonframework.messaging.core.AbstractMessageStream$FetchResult$Completed",3,2,""
1,"axon-messaging-5.1.2","org.axonframework.messaging.core.AbstractMessageStream$FetchResult$Value",4,2,"axon-messaging-5.1.2","org.axonframework.messaging.core.AbstractMessageStream$FetchResult$Error",3,2,""
1,"axon-messaging-5.1.2","org.axonframework.messaging.core.AbstractMessageStream$FetchResult$Value",4,2,"axon-messaging-5.1.2","org.axonframework.messaging.core.AbstractMessageStream$FetchResult$NotReady",2,2,""
1,"axon-messaging-5.1.2","org.axonframework.messaging.core.EventPublicationFailedException",1,1,"axon-server-connector-5.1.2","io.axoniq.framework.axonserver.connector.api.query.AxonServerQueryDispatchException",1,1,""
1,"axon-messaging-5.1.2","org.axonframework.messaging.core.EventPublicationFailedException",1,1,"axon-messaging-5.1.2","org.axonframework.messaging.core.HandlerExecutionException",3,1,""
1,"axon-messaging-5.1.2","org.axonframework.messaging.core.EventPublicationFailedException",1,1,"axon-messaging-5.1.2","org.axonframework.messaging.eventhandling.TransactionMethodExecutionException",0,1,""
1,"axon-messaging-5.1.2","org.axonframework.messaging.core.ExecutionException",0,1,"axon-common-5.1.2","org.axonframework.common.jdbc.JdbcException",2,1,""
1,"axon-messaging-5.1.2","org.axonframework.messaging.core.ExecutionException",0,1,"axon-messaging-5.1.2","org.axonframework.messaging.eventhandling.processing.streaming.token.store.UnableToRetrieveIdentifierException",2,1,""
1,"axon-messaging-5.1.2","org.axonframework.messaging.core.HandlerExecutionException",3,1,"axon-server-connector-5.1.2","io.axoniq.framework.axonserver.connector.api.query.AxonServerQueryDispatchException",1,1,""
1,"axon-messaging-5.1.2","org.axonframework.messaging.core.HandlerExecutionException",3,1,"axon-messaging-5.1.2","org.axonframework.messaging.eventhandling.TransactionMethodExecutionException",0,1,""
1,"axon-messaging-5.1.2","org.axonframework.messaging.core.HandlerExecutionException",3,1,"axon-messaging-5.1.2","org.axonframework.messaging.eventhandling.processing.EventProcessingException",3,1,""
1,"axon-messaging-5.1.2","org.axonframework.messaging.core.IllegalPayloadAccessException",0,1,"axon-common-5.1.2","org.axonframework.common.AxonConfigurationException",25,1,""
1,"axon-messaging-5.1.2","org.axonframework.messaging.core.IllegalPayloadAccessException",0,1,"axon-common-5.1.2","org.axonframework.common.infra.ComponentDescriptorException",2,1,""
1,"axon-messaging-5.1.2","org.axonframework.messaging.core.IllegalPayloadAccessException",0,1,"axon-test-5.1.2","org.axonframework.test.FixtureExecutionException",4,1,""
1,"axon-messaging-5.1.2","org.axonframework.messaging.core.MessageDispatchInterceptorChain",9,3,"axon-messaging-5.1.2","org.axonframework.messaging.core.MessageHandlerInterceptorChain",19,3,""
1,"axon-messaging-5.1.2","org.axonframework.messaging.core.MessageHandlerInterceptorChain",19,3,"axon-messaging-5.1.2","org.axonframework.messaging.core.MessageDispatchInterceptorChain",9,3,""
1,"axon-messaging-5.1.2","org.axonframework.messaging.core.MessageTypeNotResolvedException",1,1,"axon-server-connector-5.1.2","io.axoniq.framework.axonserver.connector.api.query.AxonServerQueryDispatchException",1,1,""
1,"axon-messaging-5.1.2","org.axonframework.messaging.core.MessageTypeNotResolvedException",1,1,"axon-messaging-5.1.2","org.axonframework.messaging.core.HandlerExecutionException",3,1,""
1,"axon-messaging-5.1.2","org.axonframework.messaging.core.MessageTypeNotResolvedException",1,1,"axon-messaging-5.1.2","org.axonframework.messaging.eventhandling.TransactionMethodExecutionException",0,1,""
1,"axon-messaging-5.1.2","org.axonframework.messaging.core.ResultMessage",7,3,"axon-messaging-5.1.2","org.axonframework.messaging.commandhandling.CommandMessage",67,3,""
1,"axon-messaging-5.1.2","org.axonframework.messaging.core.ResultMessage",7,3,"axon-messaging-5.1.2","org.axonframework.messaging.eventhandling.EventMessage",137,3,""
1,"axon-messaging-5.1.2","org.axonframework.messaging.core.ResultMessage",7,3,"axon-messaging-5.1.2","org.axonframework.messaging.queryhandling.QueryMessage",37,3,""
1,"axon-messaging-5.1.2","org.axonframework.messaging.core.annotation.MessageHandlerInvocationException",1,1,"axon-server-connector-5.1.2","io.axoniq.framework.axonserver.connector.api.query.AxonServerQueryDispatchException",1,1,""
1,"axon-messaging-5.1.2","org.axonframework.messaging.core.annotation.MessageHandlerInvocationException",1,1,"axon-messaging-5.1.2","org.axonframework.messaging.core.HandlerExecutionException",3,1,""
1,"axon-messaging-5.1.2","org.axonframework.messaging.core.annotation.MessageHandlerInvocationException",1,1,"axon-messaging-5.1.2","org.axonframework.messaging.eventhandling.TransactionMethodExecutionException",0,1,""
1,"axon-messaging-5.1.2","org.axonframework.messaging.core.annotation.MessageHandlerTimeout",0,1,"axon-messaging-5.1.2","org.axonframework.messaging.core.interception.annotation.ResultHandler",2,1,""
1,"axon-messaging-5.1.2","org.axonframework.messaging.core.annotation.MessageHandlerTimeout",0,1,"axon-messaging-5.1.2","org.axonframework.messaging.eventhandling.replay.annotation.AllowReplay",2,1,""
1,"axon-messaging-5.1.2","org.axonframework.messaging.core.annotation.SourceIdParameterResolverFactory$SourceIdParameterResolver",1,4,"axon-messaging-5.1.2","org.axonframework.messaging.eventhandling.annotation.SequenceNumberParameterResolverFactory$SequenceNumberParameterResolver",1,4,""
1,"axon-messaging-5.1.2","org.axonframework.messaging.core.annotation.UnsupportedHandlerException",4,1,"axon-common-5.1.2","org.axonframework.common.property.PropertyAccessException",2,1,""
1,"axon-messaging-5.1.2","org.axonframework.messaging.core.correlation.CorrelationDataProvider",8,1,"axon-messaging-5.1.2","org.axonframework.messaging.tracing.SpanAttributesProvider",11,1,""
1,"axon-messaging-5.1.2","org.axonframework.messaging.core.interception.JSR303ViolationException",1,1,"axon-common-5.1.2","org.axonframework.common.lifecycle.ShutdownInProgressException",1,1,""
1,"axon-messaging-5.1.2","org.axonframework.messaging.core.interception.JSR303ViolationException",1,1,"axon-messaging-5.1.2","org.axonframework.messaging.queryhandling.CompletedEmitterException",0,1,""
1,"axon-messaging-5.1.2","org.axonframework.messaging.core.interception.annotation.MessageInterceptingMember",3,2,"axon-messaging-5.1.2","org.axonframework.messaging.commandhandling.annotation.CommandHandlingMember",3,2,""
1,"axon-messaging-5.1.2","org.axonframework.messaging.core.interception.annotation.MessageInterceptingMember",3,2,"axon-messaging-5.1.2","org.axonframework.messaging.eventhandling.annotation.EventHandlingMember",2,2,""
1,"axon-messaging-5.1.2","org.axonframework.messaging.core.interception.annotation.MessageInterceptingMember",3,2,"axon-messaging-5.1.2","org.axonframework.messaging.queryhandling.annotation.QueryHandlingMember",2,2,""
1,"axon-messaging-5.1.2","org.axonframework.messaging.core.interception.annotation.ResultHandler",2,1,"axon-messaging-5.1.2","org.axonframework.messaging.core.annotation.MessageHandlerTimeout",0,1,""
1,"axon-messaging-5.1.2","org.axonframework.messaging.core.interception.annotation.ResultHandler",2,1,"axon-messaging-5.1.2","org.axonframework.messaging.eventhandling.replay.annotation.AllowReplay",2,1,""
1,"axon-messaging-5.1.2","org.axonframework.messaging.core.retry.DoNotRetryOutcome",1,1,"axon-messaging-5.1.2","org.axonframework.messaging.core.retry.RetryOutcome",1,1,""
1,"axon-messaging-5.1.2","org.axonframework.messaging.core.retry.FilteringRetryPolicy",0,4,"axon-messaging-5.1.2","org.axonframework.messaging.core.retry.MaxAttemptsPolicy",0,4,""
1,"axon-messaging-5.1.2","org.axonframework.messaging.core.retry.MaxAttemptsPolicy",0,4,"axon-messaging-5.1.2","org.axonframework.messaging.core.retry.FilteringRetryPolicy",0,4,""
1,"axon-messaging-5.1.2","org.axonframework.messaging.core.retry.RetryOutcome",1,1,"axon-messaging-5.1.2","org.axonframework.messaging.core.retry.DoNotRetryOutcome",1,1,""
1,"axon-messaging-5.1.2","org.axonframework.messaging.eventhandling.EventMessage",137,3,"axon-messaging-5.1.2","org.axonframework.messaging.commandhandling.CommandMessage",67,3,""
1,"axon-messaging-5.1.2","org.axonframework.messaging.eventhandling.EventMessage",137,3,"axon-messaging-5.1.2","org.axonframework.messaging.core.ResultMessage",7,3,""
1,"axon-messaging-5.1.2","org.axonframework.messaging.eventhandling.EventMessage",137,3,"axon-messaging-5.1.2","org.axonframework.messaging.queryhandling.QueryMessage",37,3,""
1,"axon-messaging-5.1.2","org.axonframework.messaging.eventhandling.TransactionMethodExecutionException",0,1,"axon-server-connector-5.1.2","io.axoniq.framework.axonserver.connector.api.query.AxonServerQueryDispatchException",1,1,""
1,"axon-messaging-5.1.2","org.axonframework.messaging.eventhandling.TransactionMethodExecutionException",0,1,"axon-messaging-5.1.2","org.axonframework.messaging.core.HandlerExecutionException",3,1,""
1,"axon-messaging-5.1.2","org.axonframework.messaging.eventhandling.TransactionMethodExecutionException",0,1,"axon-messaging-5.1.2","org.axonframework.messaging.eventhandling.processing.EventProcessingException",3,1,""
1,"axon-messaging-5.1.2","org.axonframework.messaging.eventhandling.annotation.EventHandlingMember",2,2,"axon-messaging-5.1.2","org.axonframework.messaging.commandhandling.annotation.CommandHandlingMember",3,2,""
1,"axon-messaging-5.1.2","org.axonframework.messaging.eventhandling.annotation.EventHandlingMember",2,2,"axon-messaging-5.1.2","org.axonframework.messaging.core.interception.annotation.MessageInterceptingMember",3,2,""
1,"axon-messaging-5.1.2","org.axonframework.messaging.eventhandling.annotation.EventHandlingMember",2,2,"axon-messaging-5.1.2","org.axonframework.messaging.queryhandling.annotation.QueryHandlingMember",2,2,""
1,"axon-messaging-5.1.2","org.axonframework.messaging.eventhandling.annotation.SequenceNumberParameterResolverFactory$SequenceNumberParameterResolver",1,4,"axon-messaging-5.1.2","org.axonframework.messaging.core.annotation.SourceIdParameterResolverFactory$SourceIdParameterResolver",1,4,""
1,"axon-messaging-5.1.2","org.axonframework.messaging.eventhandling.processing.EventProcessingException",3,1,"axon-server-connector-5.1.2","io.axoniq.framework.axonserver.connector.api.query.AxonServerQueryDispatchException",1,1,""
1,"axon-messaging-5.1.2","org.axonframework.messaging.eventhandling.processing.EventProcessingException",3,1,"axon-messaging-5.1.2","org.axonframework.messaging.core.HandlerExecutionException",3,1,""
1,"axon-messaging-5.1.2","org.axonframework.messaging.eventhandling.processing.EventProcessingException",3,1,"axon-messaging-5.1.2","org.axonframework.messaging.eventhandling.TransactionMethodExecutionException",0,1,""
1,"axon-messaging-5.1.2","org.axonframework.messaging.eventhandling.processing.EventProcessor",8,1,"axon-conversion-5.1.2","org.axonframework.conversion.Converter",52,1,""
1,"axon-messaging-5.1.2","org.axonframework.messaging.eventhandling.processing.streaming.pooled.PooledStreamingEventProcessor$SegmentToken",1,2,"axon-messaging-5.1.2","org.axonframework.messaging.eventhandling.processing.streaming.token.store.inmemory.InMemoryTokenStore$SegmentAndToken",1,2,""
1,"axon-messaging-5.1.2","org.axonframework.messaging.eventhandling.processing.streaming.segmenting.AddedTrackerStatus",0,2,"axon-messaging-5.1.2","org.axonframework.messaging.eventhandling.processing.streaming.segmenting.RemovedTrackerStatus",0,2,""
1,"axon-messaging-5.1.2","org.axonframework.messaging.eventhandling.processing.streaming.segmenting.RemovedTrackerStatus",0,2,"axon-messaging-5.1.2","org.axonframework.messaging.eventhandling.processing.streaming.segmenting.AddedTrackerStatus",0,2,""
1,"axon-messaging-5.1.2","org.axonframework.messaging.eventhandling.processing.streaming.token.FirstTrackingToken",1,1,"axon-messaging-5.1.2","org.axonframework.messaging.eventhandling.processing.streaming.token.LatestTrackingToken",1,1,""
1,"axon-messaging-5.1.2","org.axonframework.messaging.eventhandling.processing.streaming.token.LatestTrackingToken",1,1,"axon-messaging-5.1.2","org.axonframework.messaging.eventhandling.processing.streaming.token.FirstTrackingToken",1,1,""
1,"axon-messaging-5.1.2","org.axonframework.messaging.eventhandling.processing.streaming.token.store.UnableToClaimTokenException",4,1,"axon-common-5.1.2","org.axonframework.common.lock.LockAcquisitionFailedException",2,1,""
1,"axon-messaging-5.1.2","org.axonframework.messaging.eventhandling.processing.streaming.token.store.UnableToClaimTokenException",4,1,"axon-messaging-5.1.2","org.axonframework.messaging.eventhandling.processing.streaming.token.store.UnableToInitializeTokenException",3,1,""
1,"axon-messaging-5.1.2","org.axonframework.messaging.eventhandling.processing.streaming.token.store.UnableToClaimTokenException",4,1,"axon-modelling-5.1.2","org.axonframework.modelling.ConcurrencyException",1,1,""
1,"axon-messaging-5.1.2","org.axonframework.messaging.eventhandling.processing.streaming.token.store.UnableToInitializeTokenException",3,1,"axon-common-5.1.2","org.axonframework.common.lock.LockAcquisitionFailedException",2,1,""
1,"axon-messaging-5.1.2","org.axonframework.messaging.eventhandling.processing.streaming.token.store.UnableToInitializeTokenException",3,1,"axon-messaging-5.1.2","org.axonframework.messaging.eventhandling.processing.streaming.token.store.UnableToClaimTokenException",4,1,""
1,"axon-messaging-5.1.2","org.axonframework.messaging.eventhandling.processing.streaming.token.store.UnableToInitializeTokenException",3,1,"axon-modelling-5.1.2","org.axonframework.modelling.ConcurrencyException",1,1,""
1,"axon-messaging-5.1.2","org.axonframework.messaging.eventhandling.processing.streaming.token.store.UnableToRetrieveIdentifierException",2,1,"axon-common-5.1.2","org.axonframework.common.jdbc.JdbcException",2,1,""
1,"axon-messaging-5.1.2","org.axonframework.messaging.eventhandling.processing.streaming.token.store.UnableToRetrieveIdentifierException",2,1,"axon-messaging-5.1.2","org.axonframework.messaging.core.ExecutionException",0,1,""
1,"axon-messaging-5.1.2","org.axonframework.messaging.eventhandling.processing.streaming.token.store.inmemory.InMemoryTokenStore$SegmentAndToken",1,2,"axon-messaging-5.1.2","org.axonframework.messaging.eventhandling.processing.streaming.pooled.PooledStreamingEventProcessor$SegmentToken",1,2,""
1,"axon-messaging-5.1.2","org.axonframework.messaging.eventhandling.processing.streaming.token.store.jdbc.GenericTokenTableFactory",1,2,"axon-messaging-5.1.2","org.axonframework.messaging.eventhandling.processing.streaming.token.store.jdbc.Oracle11TokenTableFactory",0,2,""
1,"axon-messaging-5.1.2","org.axonframework.messaging.eventhandling.processing.streaming.token.store.jdbc.Oracle11TokenTableFactory",0,2,"axon-messaging-5.1.2","org.axonframework.messaging.eventhandling.processing.streaming.token.store.jdbc.GenericTokenTableFactory",1,2,""
1,"axon-messaging-5.1.2","org.axonframework.messaging.eventhandling.replay.ResetContext",10,3,"axon-messaging-5.1.2","org.axonframework.messaging.commandhandling.CommandMessage",67,3,""
1,"axon-messaging-5.1.2","org.axonframework.messaging.eventhandling.replay.ResetContext",10,3,"axon-messaging-5.1.2","org.axonframework.messaging.eventhandling.EventMessage",137,3,""
1,"axon-messaging-5.1.2","org.axonframework.messaging.eventhandling.replay.ResetContext",10,3,"axon-messaging-5.1.2","org.axonframework.messaging.queryhandling.QueryMessage",37,3,""
1,"axon-messaging-5.1.2","org.axonframework.messaging.eventhandling.replay.ResetNotSupportedException",0,1,"axon-common-5.1.2","org.axonframework.common.AxonConfigurationException",25,1,""
1,"axon-messaging-5.1.2","org.axonframework.messaging.eventhandling.replay.ResetNotSupportedException",0,1,"axon-common-5.1.2","org.axonframework.common.infra.ComponentDescriptorException",2,1,""
1,"axon-messaging-5.1.2","org.axonframework.messaging.eventhandling.replay.ResetNotSupportedException",0,1,"axon-test-5.1.2","org.axonframework.test.FixtureExecutionException",4,1,""
1,"axon-messaging-5.1.2","org.axonframework.messaging.eventhandling.replay.annotation.AllowReplay",2,1,"axon-messaging-5.1.2","org.axonframework.messaging.core.annotation.MessageHandlerTimeout",0,1,""
1,"axon-messaging-5.1.2","org.axonframework.messaging.eventhandling.replay.annotation.AllowReplay",2,1,"axon-messaging-5.1.2","org.axonframework.messaging.core.interception.annotation.ResultHandler",2,1,""
1,"axon-messaging-5.1.2","org.axonframework.messaging.queryhandling.CompletedEmitterException",0,1,"axon-common-5.1.2","org.axonframework.common.lifecycle.ShutdownInProgressException",1,1,""
1,"axon-messaging-5.1.2","org.axonframework.messaging.queryhandling.CompletedEmitterException",0,1,"axon-messaging-5.1.2","org.axonframework.messaging.core.interception.JSR303ViolationException",1,1,""
1,"axon-messaging-5.1.2","org.axonframework.messaging.queryhandling.QueryExecutionException",3,1,"axon-messaging-5.1.2","org.axonframework.messaging.commandhandling.CommandExecutionException",2,1,""
1,"axon-messaging-5.1.2","org.axonframework.messaging.queryhandling.QueryMessage",37,3,"axon-messaging-5.1.2","org.axonframework.messaging.commandhandling.CommandMessage",67,3,""
1,"axon-messaging-5.1.2","org.axonframework.messaging.queryhandling.QueryMessage",37,3,"axon-messaging-5.1.2","org.axonframework.messaging.core.ResultMessage",7,3,""
1,"axon-messaging-5.1.2","org.axonframework.messaging.queryhandling.QueryMessage",37,3,"axon-messaging-5.1.2","org.axonframework.messaging.eventhandling.EventMessage",137,3,""
1,"axon-messaging-5.1.2","org.axonframework.messaging.queryhandling.QueryResponseMessage",22,4,"axon-messaging-5.1.2","org.axonframework.messaging.commandhandling.CommandResultMessage",30,4,""
1,"axon-messaging-5.1.2","org.axonframework.messaging.queryhandling.annotation.QueryHandlingMember",2,2,"axon-messaging-5.1.2","org.axonframework.messaging.commandhandling.annotation.CommandHandlingMember",3,2,""
1,"axon-messaging-5.1.2","org.axonframework.messaging.queryhandling.annotation.QueryHandlingMember",2,2,"axon-messaging-5.1.2","org.axonframework.messaging.core.interception.annotation.MessageInterceptingMember",3,2,""
1,"axon-messaging-5.1.2","org.axonframework.messaging.queryhandling.annotation.QueryHandlingMember",2,2,"axon-messaging-5.1.2","org.axonframework.messaging.eventhandling.annotation.EventHandlingMember",2,2,""
1,"axon-messaging-5.1.2","org.axonframework.messaging.tracing.NoOpSpanFactory$NoOpSpan",2,2,"axon-tracing-opentelemetry-5.1.2","org.axonframework.extension.tracing.opentelemetry.OpenTelemetrySpan",1,2,""
1,"axon-messaging-5.1.2","org.axonframework.messaging.tracing.SpanAttributesProvider",11,1,"axon-messaging-5.1.2","org.axonframework.messaging.core.correlation.CorrelationDataProvider",8,1,""
1,"axon-messaging-5.1.2","org.axonframework.messaging.tracing.attributes.MessageIdSpanAttributesProvider",0,2,"axon-messaging-5.1.2","org.axonframework.messaging.tracing.attributes.MessageTypeSpanAttributesProvider",0,2,""
1,"axon-messaging-5.1.2","org.axonframework.messaging.tracing.attributes.MessageIdSpanAttributesProvider",0,2,"axon-messaging-5.1.2","org.axonframework.messaging.tracing.attributes.PayloadTypeSpanAttributesProvider",0,2,""
1,"axon-messaging-5.1.2","org.axonframework.messaging.tracing.attributes.MessageTypeSpanAttributesProvider",0,2,"axon-messaging-5.1.2","org.axonframework.messaging.tracing.attributes.MessageIdSpanAttributesProvider",0,2,""
1,"axon-messaging-5.1.2","org.axonframework.messaging.tracing.attributes.MessageTypeSpanAttributesProvider",0,2,"axon-messaging-5.1.2","org.axonframework.messaging.tracing.attributes.PayloadTypeSpanAttributesProvider",0,2,""
1,"axon-messaging-5.1.2","org.axonframework.messaging.tracing.attributes.PayloadTypeSpanAttributesProvider",0,2,"axon-messaging-5.1.2","org.axonframework.messaging.tracing.attributes.MessageIdSpanAttributesProvider",0,2,""
1,"axon-messaging-5.1.2","org.axonframework.messaging.tracing.attributes.PayloadTypeSpanAttributesProvider",0,2,"axon-messaging-5.1.2","org.axonframework.messaging.tracing.attributes.MessageTypeSpanAttributesProvider",0,2,""
1,"axon-modelling-5.1.2","org.axonframework.modelling.ConcurrencyException",1,1,"axon-common-5.1.2","org.axonframework.common.lock.LockAcquisitionFailedException",2,1,""
1,"axon-modelling-5.1.2","org.axonframework.modelling.ConcurrencyException",1,1,"axon-messaging-5.1.2","org.axonframework.messaging.eventhandling.processing.streaming.token.store.UnableToClaimTokenException",4,1,""
1,"axon-modelling-5.1.2","org.axonframework.modelling.ConcurrencyException",1,1,"axon-messaging-5.1.2","org.axonframework.messaging.eventhandling.processing.streaming.token.store.UnableToInitializeTokenException",3,1,""
1,"axon-modelling-5.1.2","org.axonframework.modelling.configuration.EntityModule",4,1,"axon-common-5.1.2","org.axonframework.common.configuration.ModuleBuilder",14,1,""
1,"axon-modelling-5.1.2","org.axonframework.modelling.entity.ChildEntityNotFoundException",2,1,"axon-modelling-5.1.2","org.axonframework.modelling.entity.EntityAlreadyExistsForCreationalCommandHandlerException",2,1,""
1,"axon-modelling-5.1.2","org.axonframework.modelling.entity.ChildEntityNotFoundException",2,1,"axon-modelling-5.1.2","org.axonframework.modelling.entity.EntityMissingForInstanceCommandHandlerException",2,1,""
1,"axon-modelling-5.1.2","org.axonframework.modelling.entity.ChildEntityNotFoundException",2,1,"axon-modelling-5.1.2","org.axonframework.modelling.entity.WrongPolymorphicEntityTypeException",1,1,""
1,"axon-modelling-5.1.2","org.axonframework.modelling.entity.EntityAlreadyExistsForCreationalCommandHandlerException",2,1,"axon-modelling-5.1.2","org.axonframework.modelling.entity.ChildEntityNotFoundException",2,1,""
1,"axon-modelling-5.1.2","org.axonframework.modelling.entity.EntityAlreadyExistsForCreationalCommandHandlerException",2,1,"axon-modelling-5.1.2","org.axonframework.modelling.entity.EntityMissingForInstanceCommandHandlerException",2,1,""
1,"axon-modelling-5.1.2","org.axonframework.modelling.entity.EntityAlreadyExistsForCreationalCommandHandlerException",2,1,"axon-modelling-5.1.2","org.axonframework.modelling.entity.WrongPolymorphicEntityTypeException",1,1,""
1,"axon-modelling-5.1.2","org.axonframework.modelling.entity.EntityCommandHandler",5,5,"axon-messaging-5.1.2","org.axonframework.messaging.commandhandling.CommandHandler",22,5,""
1,"axon-modelling-5.1.2","org.axonframework.modelling.entity.EntityMissingForInstanceCommandHandlerException",2,1,"axon-modelling-5.1.2","org.axonframework.modelling.entity.ChildEntityNotFoundException",2,1,""
1,"axon-modelling-5.1.2","org.axonframework.modelling.entity.EntityMissingForInstanceCommandHandlerException",2,1,"axon-modelling-5.1.2","org.axonframework.modelling.entity.EntityAlreadyExistsForCreationalCommandHandlerException",2,1,""
1,"axon-modelling-5.1.2","org.axonframework.modelling.entity.EntityMissingForInstanceCommandHandlerException",2,1,"axon-modelling-5.1.2","org.axonframework.modelling.entity.WrongPolymorphicEntityTypeException",1,1,""
1,"axon-modelling-5.1.2","org.axonframework.modelling.entity.WrongPolymorphicEntityTypeException",1,1,"axon-modelling-5.1.2","org.axonframework.modelling.entity.ChildEntityNotFoundException",2,1,""
1,"axon-modelling-5.1.2","org.axonframework.modelling.entity.WrongPolymorphicEntityTypeException",1,1,"axon-modelling-5.1.2","org.axonframework.modelling.entity.EntityAlreadyExistsForCreationalCommandHandlerException",2,1,""
1,"axon-modelling-5.1.2","org.axonframework.modelling.entity.WrongPolymorphicEntityTypeException",1,1,"axon-modelling-5.1.2","org.axonframework.modelling.entity.EntityMissingForInstanceCommandHandlerException",2,1,""
1,"axon-modelling-5.1.2","org.axonframework.modelling.entity.child.GetterEvolverChildEntityFieldDefinition",1,1,"axon-modelling-5.1.2","org.axonframework.modelling.entity.child.GetterSetterChildEntityFieldDefinition",1,1,""
1,"axon-modelling-5.1.2","org.axonframework.modelling.entity.child.GetterSetterChildEntityFieldDefinition",1,1,"axon-modelling-5.1.2","org.axonframework.modelling.entity.child.GetterEvolverChildEntityFieldDefinition",1,1,""
1,"axon-modelling-5.1.2","org.axonframework.modelling.repository.SimpleRepository$SimpleEntity",1,1,"axon-eventsourcing-5.1.2","org.axonframework.eventsourcing.EventSourcingRepository$EventSourcedEntity",1,1,""
1,"axon-modelling-5.1.2","org.axonframework.modelling.repository.SimpleRepositoryEntityLoader",4,1,"axon-modelling-5.1.2","org.axonframework.modelling.repository.SimpleRepositoryEntityPersister",4,1,""
1,"axon-modelling-5.1.2","org.axonframework.modelling.repository.SimpleRepositoryEntityPersister",4,1,"axon-modelling-5.1.2","org.axonframework.modelling.repository.SimpleRepositoryEntityLoader",4,1,""
1,"axon-test-5.1.2","org.axonframework.test.FixtureExecutionException",4,1,"axon-common-5.1.2","org.axonframework.common.AxonConfigurationException",25,1,""
1,"axon-test-5.1.2","org.axonframework.test.FixtureExecutionException",4,1,"axon-common-5.1.2","org.axonframework.common.infra.ComponentDescriptorException",2,1,""
1,"axon-test-5.1.2","org.axonframework.test.FixtureExecutionException",4,1,"axon-test-5.1.2","org.axonframework.test.matchers.MatcherExecutionException",1,1,""
1,"axon-test-5.1.2","org.axonframework.test.fixture.AxonTestPhase$Then$Event",5,2,"axon-test-5.1.2","org.axonframework.test.fixture.AxonTestPhase$Then$Nothing",7,2,""
1,"axon-test-5.1.2","org.axonframework.test.fixture.AxonTestPhase$Then$Nothing",7,2,"axon-test-5.1.2","org.axonframework.test.fixture.AxonTestPhase$Then$Event",5,2,""
1,"axon-test-5.1.2","org.axonframework.test.matchers.AllFieldsFilter",2,1,"axon-test-5.1.2","org.axonframework.test.matchers.NonStaticFieldsFilter",0,1,""
1,"axon-test-5.1.2","org.axonframework.test.matchers.ExactSequenceMatcher",1,1,"axon-test-5.1.2","org.axonframework.test.matchers.ListWithAllOfMatcher",1,1,""
1,"axon-test-5.1.2","org.axonframework.test.matchers.ExactSequenceMatcher",1,1,"axon-test-5.1.2","org.axonframework.test.matchers.ListWithAnyOfMatcher",1,1,""
1,"axon-test-5.1.2","org.axonframework.test.matchers.ExactSequenceMatcher",1,1,"axon-test-5.1.2","org.axonframework.test.matchers.SequenceMatcher",1,1,""
1,"axon-test-5.1.2","org.axonframework.test.matchers.ListWithAllOfMatcher",1,1,"axon-test-5.1.2","org.axonframework.test.matchers.ExactSequenceMatcher",1,1,""
1,"axon-test-5.1.2","org.axonframework.test.matchers.ListWithAllOfMatcher",1,1,"axon-test-5.1.2","org.axonframework.test.matchers.ListWithAnyOfMatcher",1,1,""
1,"axon-test-5.1.2","org.axonframework.test.matchers.ListWithAllOfMatcher",1,1,"axon-test-5.1.2","org.axonframework.test.matchers.SequenceMatcher",1,1,""
1,"axon-test-5.1.2","org.axonframework.test.matchers.ListWithAnyOfMatcher",1,1,"axon-test-5.1.2","org.axonframework.test.matchers.ExactSequenceMatcher",1,1,""
1,"axon-test-5.1.2","org.axonframework.test.matchers.ListWithAnyOfMatcher",1,1,"axon-test-5.1.2","org.axonframework.test.matchers.ListWithAllOfMatcher",1,1,""
1,"axon-test-5.1.2","org.axonframework.test.matchers.ListWithAnyOfMatcher",1,1,"axon-test-5.1.2","org.axonframework.test.matchers.SequenceMatcher",1,1,""
1,"axon-test-5.1.2","org.axonframework.test.matchers.MatcherExecutionException",1,1,"axon-common-5.1.2","org.axonframework.common.AxonConfigurationException",25,1,""
1,"axon-test-5.1.2","org.axonframework.test.matchers.MatcherExecutionException",1,1,"axon-common-5.1.2","org.axonframework.common.infra.ComponentDescriptorException",2,1,""
1,"axon-test-5.1.2","org.axonframework.test.matchers.MatcherExecutionException",1,1,"axon-test-5.1.2","org.axonframework.test.FixtureExecutionException",4,1,""
1,"axon-test-5.1.2","org.axonframework.test.matchers.NonStaticFieldsFilter",0,1,"axon-test-5.1.2","org.axonframework.test.matchers.AllFieldsFilter",2,1,""
1,"axon-test-5.1.2","org.axonframework.test.matchers.PayloadMatcher",2,1,"axon-test-5.1.2","org.axonframework.test.matchers.PayloadsMatcher",1,1,""
1,"axon-test-5.1.2","org.axonframework.test.matchers.PayloadsMatcher",1,1,"axon-test-5.1.2","org.axonframework.test.matchers.PayloadMatcher",2,1,""
1,"axon-test-5.1.2","org.axonframework.test.matchers.SequenceMatcher",1,1,"axon-test-5.1.2","org.axonframework.test.matchers.ExactSequenceMatcher",1,1,""
1,"axon-test-5.1.2","org.axonframework.test.matchers.SequenceMatcher",1,1,"axon-test-5.1.2","org.axonframework.test.matchers.ListWithAllOfMatcher",1,1,""
1,"axon-test-5.1.2","org.axonframework.test.matchers.SequenceMatcher",1,1,"axon-test-5.1.2","org.axonframework.test.matchers.ListWithAnyOfMatcher",1,1,""
1,"axon-test-5.1.2","org.axonframework.test.util.MessageMonitorReport$Report$Failure",3,2,"axon-test-5.1.2","org.axonframework.test.util.MessageMonitorReport$Report$Ignored",3,2,""
1,"axon-test-5.1.2","org.axonframework.test.util.MessageMonitorReport$Report$Failure",3,2,"axon-test-5.1.2","org.axonframework.test.util.MessageMonitorReport$Report$Success",3,2,""
1,"axon-test-5.1.2","org.axonframework.test.util.MessageMonitorReport$Report$Ignored",3,2,"axon-test-5.1.2","org.axonframework.test.util.MessageMonitorReport$Report$Failure",3,2,""
1,"axon-test-5.1.2","org.axonframework.test.util.MessageMonitorReport$Report$Ignored",3,2,"axon-test-5.1.2","org.axonframework.test.util.MessageMonitorReport$Report$Success",3,2,""
1,"axon-test-5.1.2","org.axonframework.test.util.MessageMonitorReport$Report$Success",3,2,"axon-test-5.1.2","org.axonframework.test.util.MessageMonitorReport$Report$Failure",3,2,""
1,"axon-test-5.1.2","org.axonframework.test.util.MessageMonitorReport$Report$Success",3,2,"axon-test-5.1.2","org.axonframework.test.util.MessageMonitorReport$Report$Ignored",3,2,""
1,"axon-update-5.1.2","org.axonframework.update.api.Artifact",3,1,"axon-update-5.1.2","org.axonframework.update.api.ArtifactAvailableUpgrade",2,1,""
1,"axon-update-5.1.2","org.axonframework.update.api.Artifact",3,1,"axon-update-5.1.2","org.axonframework.update.api.DetectedVulnerabilitySeverity",3,1,""
1,"axon-update-5.1.2","org.axonframework.update.api.Artifact",3,1,"axon-update-5.1.2","org.axonframework.update.detection.MachineId",1,1,""
1,"axon-update-5.1.2","org.axonframework.update.api.ArtifactAvailableUpgrade",2,1,"axon-update-5.1.2","org.axonframework.update.api.Artifact",3,1,""
1,"axon-update-5.1.2","org.axonframework.update.api.ArtifactAvailableUpgrade",2,1,"axon-update-5.1.2","org.axonframework.update.api.DetectedVulnerabilitySeverity",3,1,""
1,"axon-update-5.1.2","org.axonframework.update.api.ArtifactAvailableUpgrade",2,1,"axon-update-5.1.2","org.axonframework.update.detection.MachineId",1,1,""
1,"axon-update-5.1.2","org.axonframework.update.api.DetectedVulnerabilitySeverity",3,1,"axon-update-5.1.2","org.axonframework.update.api.Artifact",3,1,""
1,"axon-update-5.1.2","org.axonframework.update.api.DetectedVulnerabilitySeverity",3,1,"axon-update-5.1.2","org.axonframework.update.api.ArtifactAvailableUpgrade",2,1,""
1,"axon-update-5.1.2","org.axonframework.update.api.DetectedVulnerabilitySeverity",3,1,"axon-update-5.1.2","org.axonframework.update.detection.MachineId",1,1,""
1,"axon-update-5.1.2","org.axonframework.update.common.DelayedTask",1,1,"axon-update-5.1.2","org.axonframework.update.api.Artifact",3,1,""
1,"axon-update-5.1.2","org.axonframework.update.common.DelayedTask",1,1,"axon-update-5.1.2","org.axonframework.update.api.ArtifactAvailableUpgrade",2,1,""
1,"axon-update-5.1.2","org.axonframework.update.common.DelayedTask",1,1,"axon-update-5.1.2","org.axonframework.update.api.DetectedVulnerabilitySeverity",3,1,""
1,"axon-update-5.1.2","org.axonframework.update.configuration.CommandLineUsagePropertyProvider",1,2,"axon-update-5.1.2","org.axonframework.update.configuration.DefaultUsagePropertyProvider",2,2,""
1,"axon-update-5.1.2","org.axonframework.update.configuration.DefaultUsagePropertyProvider",2,2,"axon-update-5.1.2","org.axonframework.update.configuration.CommandLineUsagePropertyProvider",1,2,""
1,"axon-update-5.1.2","org.axonframework.update.detection.KotlinVersion",1,1,"axon-update-5.1.2","org.axonframework.update.api.Artifact",3,1,""
1,"axon-update-5.1.2","org.axonframework.update.detection.KotlinVersion",1,1,"axon-update-5.1.2","org.axonframework.update.api.ArtifactAvailableUpgrade",2,1,""
1,"axon-update-5.1.2","org.axonframework.update.detection.KotlinVersion",1,1,"axon-update-5.1.2","org.axonframework.update.api.DetectedVulnerabilitySeverity",3,1,""
1,"axon-update-5.1.2","org.axonframework.update.detection.MachineId",1,1,"axon-update-5.1.2","org.axonframework.update.api.Artifact",3,1,""
1,"axon-update-5.1.2","org.axonframework.update.detection.MachineId",1,1,"axon-update-5.1.2","org.axonframework.update.api.ArtifactAvailableUpgrade",2,1,""
1,"axon-update-5.1.2","org.axonframework.update.detection.MachineId",1,1,"axon-update-5.1.2","org.axonframework.update.api.DetectedVulnerabilitySeverity",3,1,""
1,"axon-update-5.1.2","org.axonframework.update.detection.TestEnvironmentDetector",1,1,"axon-update-5.1.2","org.axonframework.update.api.Artifact",3,1,""
1,"axon-update-5.1.2","org.axonframework.update.detection.TestEnvironmentDetector",1,1,"axon-update-5.1.2","org.axonframework.update.api.ArtifactAvailableUpgrade",2,1,""
1,"axon-update-5.1.2","org.axonframework.update.detection.TestEnvironmentDetector",1,1,"axon-update-5.1.2","org.axonframework.update.api.DetectedVulnerabilitySeverity",3,1,""
0.9090909090909091,"axon-server-connector-5.1.2","io.axoniq.framework.axonserver.connector.query.QueryResponseMessageStream",1,7,"axon-server-connector-5.1.2","io.axoniq.framework.axonserver.connector.query.QueryUpdateMessageStream",1,6,""
0.9090909090909091,"axon-server-connector-5.1.2","io.axoniq.framework.axonserver.connector.query.QueryUpdateMessageStream",1,6,"axon-server-connector-5.1.2","io.axoniq.framework.axonserver.connector.query.QueryResponseMessageStream",1,7,""
0.9090909090909091,"axon-common-5.1.2","org.axonframework.common.configuration.DecoratorDefinition$1",1,5,"axon-common-5.1.2","org.axonframework.common.configuration.DecoratorDefinition$2",1,5,""
0.9090909090909091,"axon-common-5.1.2","org.axonframework.common.configuration.DecoratorDefinition$2",1,5,"axon-common-5.1.2","org.axonframework.common.configuration.DecoratorDefinition$1",1,5,""
0.9090909090909091,"axon-messaging-5.1.2","org.axonframework.messaging.eventhandling.processing.streaming.segmenting.Segment",26,4,"axon-messaging-5.1.2","org.axonframework.messaging.eventstreaming.Tag",22,3,""
0.9090909090909091,"axon-messaging-5.1.2","org.axonframework.messaging.eventstreaming.Tag",22,3,"axon-messaging-5.1.2","org.axonframework.messaging.eventhandling.processing.streaming.segmenting.Segment",26,4,""
0.8888888888888888,"axon-messaging-5.1.2","org.axonframework.messaging.core.annotation.AggregateTypeParameterResolverFactory$AggregateTypeParameterResolver",1,5,"axon-messaging-5.1.2","org.axonframework.messaging.core.annotation.SourceIdParameterResolverFactory$SourceIdParameterResolver",1,4,""
0.8888888888888888,"axon-messaging-5.1.2","org.axonframework.messaging.core.annotation.AggregateTypeParameterResolverFactory$AggregateTypeParameterResolver",1,5,"axon-messaging-5.1.2","org.axonframework.messaging.eventhandling.annotation.SequenceNumberParameterResolverFactory$SequenceNumberParameterResolver",1,4,""
0.8888888888888888,"axon-messaging-5.1.2","org.axonframework.messaging.core.annotation.SourceIdParameterResolverFactory$SourceIdParameterResolver",1,4,"axon-messaging-5.1.2","org.axonframework.messaging.core.annotation.AggregateTypeParameterResolverFactory$AggregateTypeParameterResolver",1,5,""
0.8888888888888888,"axon-messaging-5.1.2","org.axonframework.messaging.eventhandling.annotation.SequenceNumberParameterResolverFactory$SequenceNumberParameterResolver",1,4,"axon-messaging-5.1.2","org.axonframework.messaging.core.annotation.AggregateTypeParameterResolverFactory$AggregateTypeParameterResolver",1,5,""
0.8823529411764706,"axon-messaging-5.1.2","org.axonframework.messaging.eventhandling.replay.ReplayStatusChanged",8,5,"axon-messaging-5.1.2","org.axonframework.messaging.commandhandling.CommandMessage",67,3,""
0.8823529411764706,"axon-messaging-5.1.2","org.axonframework.messaging.eventhandling.replay.ReplayStatusChanged",8,5,"axon-messaging-5.1.2","org.axonframework.messaging.eventhandling.EventMessage",137,3,""
0.8823529411764706,"axon-messaging-5.1.2","org.axonframework.messaging.eventhandling.replay.ReplayStatusChanged",8,5,"axon-messaging-5.1.2","org.axonframework.messaging.queryhandling.QueryMessage",37,3,""
0.875,"axon-eventsourcing-5.1.2","org.axonframework.eventsourcing.eventstore.ConsistencyMarkers$InfinityConsistencyMarker",2,2,"axon-eventsourcing-5.1.2","org.axonframework.eventsourcing.eventstore.ConsistencyMarkers$OriginConsistencyMarker",2,2,""
0.875,"axon-eventsourcing-5.1.2","org.axonframework.eventsourcing.eventstore.ConsistencyMarkers$OriginConsistencyMarker",2,2,"axon-eventsourcing-5.1.2","org.axonframework.eventsourcing.eventstore.ConsistencyMarkers$InfinityConsistencyMarker",2,2,""
0.875,"axon-messaging-5.1.2","org.axonframework.messaging.core.annotation.DefaultParameterResolverFactory$MessageParameterResolver",1,3,"axon-messaging-5.1.2","org.axonframework.messaging.core.annotation.PayloadParameterResolver",2,3,""
0.875,"axon-messaging-5.1.2","org.axonframework.messaging.core.annotation.PayloadParameterResolver",2,3,"axon-messaging-5.1.2","org.axonframework.messaging.core.annotation.DefaultParameterResolverFactory$MessageParameterResolver",1,3,""
0.875,"axon-messaging-5.1.2","org.axonframework.messaging.eventhandling.processing.streaming.pooled.Coordinator$NoToken",2,1,"axon-messaging-5.1.2","org.axonframework.messaging.eventhandling.processing.streaming.token.store.ConfigToken",2,1,""
0.875,"axon-messaging-5.1.2","org.axonframework.messaging.eventhandling.processing.streaming.token.store.ConfigToken",2,1,"axon-messaging-5.1.2","org.axonframework.messaging.eventhandling.processing.streaming.pooled.Coordinator$NoToken",2,1,""
0.8571428571428571,"axon-messaging-5.1.2","org.axonframework.messaging.core.annotation.MessageIdentifierParameterResolverFactory$MessageIdentifierParameterResolver",1,3,"axon-messaging-5.1.2","org.axonframework.messaging.core.annotation.PayloadParameterResolver",2,3,""
0.8571428571428571,"axon-messaging-5.1.2","org.axonframework.messaging.core.annotation.PayloadParameterResolver",2,3,"axon-messaging-5.1.2","org.axonframework.messaging.core.annotation.MessageIdentifierParameterResolverFactory$MessageIdentifierParameterResolver",1,3,""
0.8571428571428571,"axon-messaging-5.1.2","org.axonframework.messaging.eventhandling.processing.streaming.token.FirstTrackingToken",1,1,"axon-messaging-5.1.2","org.axonframework.messaging.eventhandling.processing.streaming.token.store.ConfigToken",2,1,""
0.8571428571428571,"axon-messaging-5.1.2","org.axonframework.messaging.eventhandling.processing.streaming.token.LatestTrackingToken",1,1,"axon-messaging-5.1.2","org.axonframework.messaging.eventhandling.processing.streaming.token.store.ConfigToken",2,1,""
0.8571428571428571,"axon-messaging-5.1.2","org.axonframework.messaging.eventhandling.processing.streaming.token.store.ConfigToken",2,1,"axon-messaging-5.1.2","org.axonframework.messaging.eventhandling.processing.streaming.token.FirstTrackingToken",1,1,""
0.8571428571428571,"axon-messaging-5.1.2","org.axonframework.messaging.eventhandling.processing.streaming.token.store.ConfigToken",2,1,"axon-messaging-5.1.2","org.axonframework.messaging.eventhandling.processing.streaming.token.LatestTrackingToken",1,1,""
0.8461538461538461,"axon-messaging-5.1.2","org.axonframework.messaging.core.sequencing.FallbackSequencingPolicy",0,3,"axon-messaging-5.1.2","org.axonframework.messaging.core.sequencing.HierarchicalSequencingPolicy",1,3,""
0.8461538461538461,"axon-messaging-5.1.2","org.axonframework.messaging.core.sequencing.HierarchicalSequencingPolicy",1,3,"axon-messaging-5.1.2","org.axonframework.messaging.core.sequencing.FallbackSequencingPolicy",0,3,""
0.8421052631578947,"axon-messaging-5.1.2","org.axonframework.messaging.queryhandling.interception.InterceptingQueryBus$SubscribeToUpdatesInterceptingDispatcher",1,7,"axon-messaging-5.1.2","org.axonframework.messaging.queryhandling.interception.InterceptingQueryBus$SubscriptionQueryInterceptingDispatcher",1,7,""
0.8421052631578947,"axon-messaging-5.1.2","org.axonframework.messaging.queryhandling.interception.InterceptingQueryBus$SubscriptionQueryInterceptingDispatcher",1,7,"axon-messaging-5.1.2","org.axonframework.messaging.queryhandling.interception.InterceptingQueryBus$SubscribeToUpdatesInterceptingDispatcher",1,7,""
0.8235294117647058,"axon-common-5.1.2","org.axonframework.common.configuration.ComponentDefinition$1",1,6,"axon-common-5.1.2","org.axonframework.common.configuration.ComponentDefinition$2",1,7,""
0.8235294117647058,"axon-common-5.1.2","org.axonframework.common.configuration.ComponentDefinition$2",1,7,"axon-common-5.1.2","org.axonframework.common.configuration.ComponentDefinition$1",1,6,""
0.8235294117647058,"axon-metrics-micrometer-5.1.2","org.axonframework.extension.metrics.micrometer.TagsUtil",1,3,"axon-messaging-5.1.2","org.axonframework.messaging.core.MessageDecorator",6,4,""
0.8235294117647058,"axon-messaging-5.1.2","org.axonframework.messaging.core.MessageDecorator",6,4,"axon-metrics-micrometer-5.1.2","org.axonframework.extension.metrics.micrometer.TagsUtil",1,3,""
0.8043478260869565,"axon-messaging-5.1.2","org.axonframework.messaging.queryhandling.GenericQueryResponseMessage",2,9,"axon-messaging-5.1.2","org.axonframework.messaging.queryhandling.GenericSubscriptionQueryUpdateMessage",2,10,""
0.8043478260869565,"axon-messaging-5.1.2","org.axonframework.messaging.queryhandling.GenericSubscriptionQueryUpdateMessage",2,10,"axon-messaging-5.1.2","org.axonframework.messaging.queryhandling.GenericQueryResponseMessage",2,9,""
0.8,"axon-messaging-5.1.2","org.axonframework.messaging.core.conversion.MessageConverter",24,2,"axon-test-5.1.2","org.axonframework.test.matchers.PayloadMatcher",2,1,""
0.8,"axon-messaging-5.1.2","org.axonframework.messaging.core.conversion.MessageConverter",24,2,"axon-test-5.1.2","org.axonframework.test.matchers.PayloadsMatcher",1,1,""
0.8,"axon-messaging-5.1.2","org.axonframework.messaging.core.sequencing.FullConcurrencyPolicy",0,3,"axon-messaging-5.1.2","org.axonframework.messaging.core.sequencing.NoOpSequencingPolicy",1,3,""
0.8,"axon-messaging-5.1.2","org.axonframework.messaging.core.sequencing.NoOpSequencingPolicy",1,3,"axon-messaging-5.1.2","org.axonframework.messaging.core.sequencing.FullConcurrencyPolicy",0,3,""
0.8,"axon-messaging-5.1.2","org.axonframework.messaging.core.sequencing.NoOpSequencingPolicy",1,3,"axon-messaging-5.1.2","org.axonframework.messaging.core.sequencing.SequentialPolicy",2,4,""
0.8,"axon-messaging-5.1.2","org.axonframework.messaging.core.sequencing.SequentialPolicy",2,4,"axon-messaging-5.1.2","org.axonframework.messaging.core.sequencing.NoOpSequencingPolicy",1,3,""
0.8,"axon-messaging-5.1.2","org.axonframework.messaging.eventhandling.EventSink",15,3,"axon-modelling-5.1.2","org.axonframework.modelling.entity.child.EventTargetMatcher",12,2,""
0.8,"axon-messaging-5.1.2","org.axonframework.messaging.eventhandling.tracing.EventBusSpanFactory",1,2,"axon-messaging-5.1.2","org.axonframework.messaging.eventhandling.tracing.EventProcessorSpanFactory",1,2,""
0.8,"axon-messaging-5.1.2","org.axonframework.messaging.eventhandling.tracing.EventProcessorSpanFactory",1,2,"axon-messaging-5.1.2","org.axonframework.messaging.eventhandling.tracing.EventBusSpanFactory",1,2,""
0.8,"axon-modelling-5.1.2","org.axonframework.modelling.entity.child.EventTargetMatcher",12,2,"axon-messaging-5.1.2","org.axonframework.messaging.eventhandling.EventSink",15,3,""
0.8,"axon-test-5.1.2","org.axonframework.test.matchers.PayloadMatcher",2,1,"axon-messaging-5.1.2","org.axonframework.messaging.core.conversion.MessageConverter",24,2,""
0.8,"axon-test-5.1.2","org.axonframework.test.matchers.PayloadsMatcher",1,1,"axon-messaging-5.1.2","org.axonframework.messaging.core.conversion.MessageConverter",24,2,""
0.7945205479452054,"axon-messaging-5.1.2","org.axonframework.messaging.eventhandling.processing.streaming.token.MergedTrackingToken",2,2,"axon-messaging-5.1.2","org.axonframework.messaging.eventhandling.processing.streaming.token.ReplayToken",9,3,""
0.7945205479452054,"axon-messaging-5.1.2","org.axonframework.messaging.eventhandling.processing.streaming.token.ReplayToken",9,3,"axon-messaging-5.1.2","org.axonframework.messaging.eventhandling.processing.streaming.token.MergedTrackingToken",2,2,""
0.7777777777777778,"axon-common-5.1.2","org.axonframework.common.caching.EhCacheAdapter$CacheEventListenerAdapter",1,2,"axon-common-5.1.2","org.axonframework.common.caching.JCacheAdapter$JCacheListenerAdapter",1,1,""
0.7777777777777778,"axon-common-5.1.2","org.axonframework.common.caching.JCacheAdapter$JCacheListenerAdapter",1,1,"axon-common-5.1.2","org.axonframework.common.caching.EhCacheAdapter$CacheEventListenerAdapter",1,2,""
0.7714285714285715,"axon-messaging-5.1.2","org.axonframework.messaging.monitoring.interception.MonitoringEventDispatchInterceptor",1,10,"axon-messaging-5.1.2","org.axonframework.messaging.monitoring.interception.MonitoringEventHandlerInterceptor",1,10,""
0.7714285714285715,"axon-messaging-5.1.2","org.axonframework.messaging.monitoring.interception.MonitoringEventHandlerInterceptor",1,10,"axon-messaging-5.1.2","org.axonframework.messaging.monitoring.interception.MonitoringEventDispatchInterceptor",1,10,""
0.7692307692307693,"axon-messaging-5.1.2","org.axonframework.messaging.eventstreaming.TagAndTypeFilteredEventCriteria",2,6,"axon-messaging-5.1.2","org.axonframework.messaging.eventstreaming.TagFilteredEventCriteria",2,8,""
0.7692307692307693,"axon-messaging-5.1.2","org.axonframework.messaging.eventstreaming.TagFilteredEventCriteria",2,8,"axon-messaging-5.1.2","org.axonframework.messaging.eventstreaming.TagAndTypeFilteredEventCriteria",2,6,""
0.75,"axon-conversion-5.1.2","org.axonframework.conversion.avro.GenericRecordToByteArrayConverter",0,3,"axon-conversion-5.1.2","org.axonframework.conversion.jackson.ByteArrayToJsonNodeConverter",1,2,""
0.75,"axon-conversion-5.1.2","org.axonframework.conversion.avro.GenericRecordToByteArrayConverter",0,3,"axon-conversion-5.1.2","org.axonframework.conversion.jackson.JsonNodeToByteArrayConverter",1,2,""
0.75,"axon-conversion-5.1.2","org.axonframework.conversion.avro.GenericRecordToByteArrayConverter",0,3,"axon-conversion-5.1.2","org.axonframework.conversion.jackson.JsonNodeToObjectNodeConverter",1,2,""
0.75,"axon-messaging-5.1.2","org.axonframework.messaging.core.MessageDispatchInterceptor",29,4,"axon-messaging-5.1.2","org.axonframework.messaging.core.MessageDispatchInterceptorChain",9,3,""
0.75,"axon-messaging-5.1.2","org.axonframework.messaging.core.MessageDispatchInterceptor",29,4,"axon-messaging-5.1.2","org.axonframework.messaging.core.MessageHandlerInterceptorChain",19,3,""
0.75,"axon-messaging-5.1.2","org.axonframework.messaging.core.MessageDispatchInterceptorChain",9,3,"axon-messaging-5.1.2","org.axonframework.messaging.core.MessageDispatchInterceptor",29,4,""
0.75,"axon-messaging-5.1.2","org.axonframework.messaging.core.MessageDispatchInterceptorChain",9,3,"axon-messaging-5.1.2","org.axonframework.messaging.core.MessageHandlerInterceptor",32,4,""
0.75,"axon-messaging-5.1.2","org.axonframework.messaging.core.MessageHandlerInterceptor",32,4,"axon-messaging-5.1.2","org.axonframework.messaging.core.MessageDispatchInterceptorChain",9,3,""
0.75,"axon-messaging-5.1.2","org.axonframework.messaging.core.MessageHandlerInterceptor",32,4,"axon-messaging-5.1.2","org.axonframework.messaging.core.MessageHandlerInterceptorChain",19,3,""
0.75,"axon-messaging-5.1.2","org.axonframework.messaging.core.MessageHandlerInterceptorChain",19,3,"axon-messaging-5.1.2","org.axonframework.messaging.core.MessageDispatchInterceptor",29,4,""
0.75,"axon-messaging-5.1.2","org.axonframework.messaging.core.MessageHandlerInterceptorChain",19,3,"axon-messaging-5.1.2","org.axonframework.messaging.core.MessageHandlerInterceptor",32,4,""
0.75,"axon-messaging-5.1.2","org.axonframework.messaging.core.annotation.DefaultParameterResolverFactory$MessageParameterResolver",1,3,"axon-messaging-5.1.2","org.axonframework.messaging.core.annotation.MessageIdentifierParameterResolverFactory$MessageIdentifierParameterResolver",1,3,""
0.75,"axon-messaging-5.1.2","org.axonframework.messaging.core.annotation.DefaultParameterResolverFactory$MetadataParameterResolver",1,4,"axon-messaging-5.1.2","org.axonframework.messaging.core.annotation.MessageIdentifierParameterResolverFactory$MessageIdentifierParameterResolver",1,3,""
0.75,"axon-messaging-5.1.2","org.axonframework.messaging.core.annotation.MessageIdentifierParameterResolverFactory$MessageIdentifierParameterResolver",1,3,"axon-messaging-5.1.2","org.axonframework.messaging.core.annotation.DefaultParameterResolverFactory$MessageParameterResolver",1,3,""
0.75,"axon-messaging-5.1.2","org.axonframework.messaging.core.annotation.MessageIdentifierParameterResolverFactory$MessageIdentifierParameterResolver",1,3,"axon-messaging-5.1.2","org.axonframework.messaging.core.annotation.DefaultParameterResolverFactory$MetadataParameterResolver",1,4,""
0.75,"axon-messaging-5.1.2","org.axonframework.messaging.core.retry.RetryScheduler$Dispatcher",3,3,"axon-messaging-5.1.2","org.axonframework.messaging.core.MessageDispatchInterceptorChain",9,3,""
0.75,"axon-messaging-5.1.2","org.axonframework.messaging.core.retry.RetryScheduler$Dispatcher",3,3,"axon-messaging-5.1.2","org.axonframework.messaging.core.MessageHandlerInterceptorChain",19,3,""
0.75,"axon-messaging-5.1.2","org.axonframework.messaging.eventhandling.DelegatingEventHandlingComponent",5,9,"axon-messaging-5.1.2","org.axonframework.messaging.eventhandling.processing.streaming.segmenting.SequenceOverridingEventHandlingComponent",0,11,""
0.75,"axon-messaging-5.1.2","org.axonframework.messaging.eventhandling.processing.streaming.pooled.Coordinator$NoToken",2,1,"axon-messaging-5.1.2","org.axonframework.messaging.eventhandling.processing.streaming.token.FirstTrackingToken",1,1,""
0.75,"axon-messaging-5.1.2","org.axonframework.messaging.eventhandling.processing.streaming.pooled.Coordinator$NoToken",2,1,"axon-messaging-5.1.2","org.axonframework.messaging.eventhandling.processing.streaming.token.LatestTrackingToken",1,1,""
0.75,"axon-messaging-5.1.2","org.axonframework.messaging.eventhandling.processing.streaming.segmenting.SequenceOverridingEventHandlingComponent",0,11,"axon-messaging-5.1.2","org.axonframework.messaging.eventhandling.DelegatingEventHandlingComponent",5,9,""
0.75,"axon-messaging-5.1.2","org.axonframework.messaging.eventhandling.processing.streaming.token.FirstTrackingToken",1,1,"axon-messaging-5.1.2","org.axonframework.messaging.eventhandling.processing.streaming.pooled.Coordinator$NoToken",2,1,""
0.75,"axon-messaging-5.1.2","org.axonframework.messaging.eventhandling.processing.streaming.token.LatestTrackingToken",1,1,"axon-messaging-5.1.2","org.axonframework.messaging.eventhandling.processing.streaming.pooled.Coordinator$NoToken",2,1,""
0.75,"axon-messaging-5.1.2","org.axonframework.messaging.eventstreaming.EventCriterion",8,3,"axon-messaging-5.1.2","org.axonframework.messaging.eventstreaming.EventsCondition",7,3,""
0.75,"axon-messaging-5.1.2","org.axonframework.messaging.eventstreaming.EventsCondition",7,3,"axon-messaging-5.1.2","org.axonframework.messaging.eventstreaming.EventCriterion",8,3,""
0.75,"axon-messaging-5.1.2","org.axonframework.messaging.tracing.SpanUtils",1,2,"axon-messaging-5.1.2","org.axonframework.messaging.tracing.attributes.MessageNameSpanAttributesProvider",0,3,""
0.75,"axon-messaging-5.1.2","org.axonframework.messaging.tracing.attributes.MessageIdSpanAttributesProvider",0,2,"axon-messaging-5.1.2","org.axonframework.messaging.tracing.attributes.MessageNameSpanAttributesProvider",0,3,""
0.75,"axon-messaging-5.1.2","org.axonframework.messaging.tracing.attributes.MessageNameSpanAttributesProvider",0,3,"axon-messaging-5.1.2","org.axonframework.messaging.tracing.attributes.MessageIdSpanAttributesProvider",0,2,""
0.75,"axon-messaging-5.1.2","org.axonframework.messaging.tracing.attributes.MessageNameSpanAttributesProvider",0,3,"axon-messaging-5.1.2","org.axonframework.messaging.tracing.attributes.MessageTypeSpanAttributesProvider",0,2,""
0.75,"axon-messaging-5.1.2","org.axonframework.messaging.tracing.attributes.MessageNameSpanAttributesProvider",0,3,"axon-messaging-5.1.2","org.axonframework.messaging.tracing.attributes.PayloadTypeSpanAttributesProvider",0,2,""
0.75,"axon-messaging-5.1.2","org.axonframework.messaging.tracing.attributes.MessageTypeSpanAttributesProvider",0,2,"axon-messaging-5.1.2","org.axonframework.messaging.tracing.attributes.MessageNameSpanAttributesProvider",0,3,""
0.75,"axon-messaging-5.1.2","org.axonframework.messaging.tracing.attributes.MetadataSpanAttributesProvider",0,3,"axon-messaging-5.1.2","org.axonframework.messaging.tracing.attributes.MessageIdSpanAttributesProvider",0,2,""
0.75,"axon-messaging-5.1.2","org.axonframework.messaging.tracing.attributes.MetadataSpanAttributesProvider",0,3,"axon-messaging-5.1.2","org.axonframework.messaging.tracing.attributes.MessageTypeSpanAttributesProvider",0,2,""
0.75,"axon-messaging-5.1.2","org.axonframework.messaging.tracing.attributes.MetadataSpanAttributesProvider",0,3,"axon-messaging-5.1.2","org.axonframework.messaging.tracing.attributes.PayloadTypeSpanAttributesProvider",0,2,""
0.75,"axon-messaging-5.1.2","org.axonframework.messaging.tracing.attributes.PayloadTypeSpanAttributesProvider",0,2,"axon-messaging-5.1.2","org.axonframework.messaging.tracing.attributes.MessageNameSpanAttributesProvider",0,3,""
0.75,"axon-test-5.1.2","org.axonframework.test.fixture.AxonTestPhase$Then$Command",5,3,"axon-test-5.1.2","org.axonframework.test.fixture.AxonTestPhase$Then$Event",5,2,""
0.75,"axon-test-5.1.2","org.axonframework.test.fixture.AxonTestPhase$Then$Command",5,3,"axon-test-5.1.2","org.axonframework.test.fixture.AxonTestPhase$Then$Nothing",7,2,""
0.75,"axon-test-5.1.2","org.axonframework.test.fixture.AxonTestPhase$Then$Event",5,2,"axon-test-5.1.2","org.axonframework.test.fixture.AxonTestPhase$Then$Command",5,3,""
0.75,"axon-test-5.1.2","org.axonframework.test.fixture.AxonTestPhase$Then$Nothing",7,2,"axon-test-5.1.2","org.axonframework.test.fixture.AxonTestPhase$Then$Command",5,3,""
0.7419354838709677,"axon-messaging-5.1.2","org.axonframework.messaging.core.unitofwork.LegacyMessageSupportingContext",1,7,"axon-messaging-5.1.2","org.axonframework.messaging.eventhandling.processing.streaming.pooled.EventSchedulingProcessingContext",2,7,""
0.7419354838709677,"axon-messaging-5.1.2","org.axonframework.messaging.eventhandling.processing.streaming.pooled.EventSchedulingProcessingContext",2,7,"axon-messaging-5.1.2","org.axonframework.messaging.core.unitofwork.LegacyMessageSupportingContext",1,7,""
0.7407407407407407,"axon-messaging-5.1.2","org.axonframework.messaging.core.ConcatenatingMessageStream",1,6,"axon-messaging-5.1.2","org.axonframework.messaging.core.OnErrorContinueMessageStream",1,7,""
0.7407407407407407,"axon-messaging-5.1.2","org.axonframework.messaging.core.OnErrorContinueMessageStream",1,7,"axon-messaging-5.1.2","org.axonframework.messaging.core.ConcatenatingMessageStream",1,6,""
0.7368421052631579,"axon-messaging-5.1.2","org.axonframework.messaging.eventhandling.processing.streaming.token.GapAwareTrackingToken",3,3,"axon-messaging-5.1.2","org.axonframework.messaging.eventhandling.processing.streaming.token.GlobalSequenceTrackingToken",8,2,""
0.7368421052631579,"axon-messaging-5.1.2","org.axonframework.messaging.eventhandling.processing.streaming.token.GlobalSequenceTrackingToken",8,2,"axon-messaging-5.1.2","org.axonframework.messaging.eventhandling.processing.streaming.token.GapAwareTrackingToken",3,3,""
0.7368421052631579,"axon-messaging-5.1.2","org.axonframework.messaging.eventhandling.processing.streaming.token.GlobalSequenceTrackingToken",8,2,"axon-messaging-5.1.2","org.axonframework.messaging.eventhandling.processing.streaming.token.WrappedToken",6,1,""
0.7368421052631579,"axon-messaging-5.1.2","org.axonframework.messaging.eventhandling.processing.streaming.token.WrappedToken",6,1,"axon-messaging-5.1.2","org.axonframework.messaging.eventhandling.processing.streaming.token.GlobalSequenceTrackingToken",8,2,""
0.7368421052631579,"axon-messaging-5.1.2","org.axonframework.messaging.queryhandling.interception.InterceptingQueryBus$QueryInterceptingDispatcher",1,6,"axon-messaging-5.1.2","org.axonframework.messaging.queryhandling.interception.InterceptingQueryBus$SubscriptionQueryInterceptingDispatcher",1,7,""
0.7368421052631579,"axon-messaging-5.1.2","org.axonframework.messaging.queryhandling.interception.InterceptingQueryBus$SubscriptionQueryInterceptingDispatcher",1,7,"axon-messaging-5.1.2","org.axonframework.messaging.queryhandling.interception.InterceptingQueryBus$QueryInterceptingDispatcher",1,6,""
0.7307692307692307,"axon-messaging-5.1.2","org.axonframework.messaging.core.EmptyMessageStream",1,8,"axon-messaging-5.1.2","org.axonframework.messaging.core.FailedMessageStream",1,7,""
0.7307692307692307,"axon-messaging-5.1.2","org.axonframework.messaging.core.FailedMessageStream",1,7,"axon-messaging-5.1.2","org.axonframework.messaging.core.EmptyMessageStream",1,8,""
0.7272727272727273,"axon-messaging-5.1.2","org.axonframework.messaging.core.annotation.DefaultParameterResolverFactory$AnnotatedMetadataParameterResolver",1,4,"axon-messaging-5.1.2","org.axonframework.messaging.core.annotation.DefaultParameterResolverFactory$MessageParameterResolver",1,3,""
0.7272727272727273,"axon-messaging-5.1.2","org.axonframework.messaging.core.annotation.DefaultParameterResolverFactory$AnnotatedMetadataParameterResolver",1,4,"axon-messaging-5.1.2","org.axonframework.messaging.core.annotation.DefaultParameterResolverFactory$MetadataParameterResolver",1,4,""
0.7272727272727273,"axon-messaging-5.1.2","org.axonframework.messaging.core.annotation.DefaultParameterResolverFactory$MessageParameterResolver",1,3,"axon-messaging-5.1.2","org.axonframework.messaging.core.annotation.DefaultParameterResolverFactory$AnnotatedMetadataParameterResolver",1,4,""
0.7272727272727273,"axon-messaging-5.1.2","org.axonframework.messaging.core.annotation.DefaultParameterResolverFactory$MetadataParameterResolver",1,4,"axon-messaging-5.1.2","org.axonframework.messaging.core.annotation.DefaultParameterResolverFactory$AnnotatedMetadataParameterResolver",1,4,""
0.7142857142857143,"axon-messaging-5.1.2","org.axonframework.messaging.core.sequencing.FullConcurrencyPolicy",0,3,"axon-messaging-5.1.2","org.axonframework.messaging.core.sequencing.MetadataSequencingPolicy",0,5,""
0.7142857142857143,"axon-messaging-5.1.2","org.axonframework.messaging.core.sequencing.MetadataSequencingPolicy",0,5,"axon-messaging-5.1.2","org.axonframework.messaging.core.sequencing.FullConcurrencyPolicy",0,3,""
0.7142857142857143,"axon-messaging-5.1.2","org.axonframework.messaging.eventhandling.EventHandler",6,5,"axon-messaging-5.1.2","org.axonframework.messaging.eventhandling.replay.ResetHandler",5,5,""
0.7142857142857143,"axon-messaging-5.1.2","org.axonframework.messaging.eventhandling.replay.ResetHandler",5,5,"axon-messaging-5.1.2","org.axonframework.messaging.eventhandling.EventHandler",6,5,""
0.7037037037037037,"axon-messaging-5.1.2","org.axonframework.messaging.core.annotation.ChainedMessageHandlerInterceptorMember",1,6,"axon-messaging-5.1.2","org.axonframework.messaging.core.annotation.WrappedMessageHandlingMember",9,4,""
0.7037037037037037,"axon-messaging-5.1.2","org.axonframework.messaging.core.annotation.WrappedMessageHandlingMember",9,4,"axon-messaging-5.1.2","org.axonframework.messaging.core.annotation.ChainedMessageHandlerInterceptorMember",1,6,""
0.7,"axon-server-connector-5.1.2","io.axoniq.framework.axonserver.connector.event.SourcingEventMessageStream",1,13,"axon-server-connector-5.1.2","io.axoniq.framework.axonserver.connector.event.StreamingEventMessageStream",1,10,""
0.7,"axon-server-connector-5.1.2","io.axoniq.framework.axonserver.connector.event.StreamingEventMessageStream",1,10,"axon-server-connector-5.1.2","io.axoniq.framework.axonserver.connector.event.SourcingEventMessageStream",1,13,""
0.7,"axon-messaging-5.1.2","org.axonframework.messaging.core.LegacyResources",7,1,"axon-messaging-5.1.2","org.axonframework.messaging.core.SimpleContext",1,2,""
0.7,"axon-messaging-5.1.2","org.axonframework.messaging.core.SimpleContext",1,2,"axon-messaging-5.1.2","org.axonframework.messaging.core.LegacyResources",7,1,""
0.6976744186046512,"axon-messaging-5.1.2","org.axonframework.messaging.commandhandling.GenericCommandMessage",4,8,"axon-messaging-5.1.2","org.axonframework.messaging.eventhandling.GenericEventMessage",15,10,""
0.6976744186046512,"axon-messaging-5.1.2","org.axonframework.messaging.eventhandling.GenericEventMessage",15,10,"axon-messaging-5.1.2","org.axonframework.messaging.commandhandling.GenericCommandMessage",4,8,""
0.6923076923076923,"axon-update-5.1.2","org.axonframework.update.api.UpdateCheckRequest",4,2,"axon-update-5.1.2","org.axonframework.update.detection.AxonVersionDetector",1,2,""
0.6923076923076923,"axon-update-5.1.2","org.axonframework.update.detection.AxonVersionDetector",1,2,"axon-update-5.1.2","org.axonframework.update.api.UpdateCheckRequest",4,2,""
0.6875,"axon-messaging-5.1.2","org.axonframework.messaging.core.MappedMessageStream",2,5,"axon-messaging-5.1.2","org.axonframework.messaging.core.OnNextMessageStream",2,5,""
0.6875,"axon-messaging-5.1.2","org.axonframework.messaging.core.OnNextMessageStream",2,5,"axon-messaging-5.1.2","org.axonframework.messaging.core.MappedMessageStream",2,5,""
0.6842105263157895,"axon-messaging-5.1.2","org.axonframework.messaging.commandhandling.GenericCommandMessage",4,8,"axon-messaging-5.1.2","org.axonframework.messaging.queryhandling.GenericQueryMessage",2,8,""
0.6842105263157895,"axon-messaging-5.1.2","org.axonframework.messaging.queryhandling.GenericQueryMessage",2,8,"axon-messaging-5.1.2","org.axonframework.messaging.commandhandling.GenericCommandMessage",4,8,""
0.6764705882352942,"axon-messaging-5.1.2","org.axonframework.messaging.commandhandling.CommandResultMessage",30,4,"axon-messaging-5.1.2","org.axonframework.messaging.queryhandling.SubscriptionQueryUpdateMessage",21,5,""
0.6764705882352942,"axon-messaging-5.1.2","org.axonframework.messaging.queryhandling.QueryResponseMessage",22,4,"axon-messaging-5.1.2","org.axonframework.messaging.queryhandling.SubscriptionQueryUpdateMessage",21,5,""
0.6764705882352942,"axon-messaging-5.1.2","org.axonframework.messaging.queryhandling.SubscriptionQueryUpdateMessage",21,5,"axon-messaging-5.1.2","org.axonframework.messaging.commandhandling.CommandResultMessage",30,4,""
0.6764705882352942,"axon-messaging-5.1.2","org.axonframework.messaging.queryhandling.SubscriptionQueryUpdateMessage",21,5,"axon-messaging-5.1.2","org.axonframework.messaging.queryhandling.QueryResponseMessage",22,4,""
0.6756756756756757,"axon-messaging-5.1.2","org.axonframework.messaging.core.FilteringMessageStream",2,6,"axon-messaging-5.1.2","org.axonframework.messaging.core.IgnoredEntriesMessageStream",1,6,""
0.6756756756756757,"axon-messaging-5.1.2","org.axonframework.messaging.core.IgnoredEntriesMessageStream",1,6,"axon-messaging-5.1.2","org.axonframework.messaging.core.FilteringMessageStream",2,6,""
0.6756756756756757,"axon-messaging-5.1.2","org.axonframework.messaging.monitoring.interception.MonitoringCommandHandlerInterceptor",1,10,"axon-messaging-5.1.2","org.axonframework.messaging.monitoring.interception.MonitoringEventHandlerInterceptor",1,10,""
0.6756756756756757,"axon-messaging-5.1.2","org.axonframework.messaging.monitoring.interception.MonitoringCommandHandlerInterceptor",1,10,"axon-messaging-5.1.2","org.axonframework.messaging.monitoring.interception.MonitoringQueryHandlerInterceptor",1,10,""
0.6756756756756757,"axon-messaging-5.1.2","org.axonframework.messaging.monitoring.interception.MonitoringEventDispatchInterceptor",1,10,"axon-messaging-5.1.2","org.axonframework.messaging.monitoring.interception.MonitoringSubscriptionQueryUpdateDispatchInterceptor",1,10,""
0.6756756756756757,"axon-messaging-5.1.2","org.axonframework.messaging.monitoring.interception.MonitoringEventHandlerInterceptor",1,10,"axon-messaging-5.1.2","org.axonframework.messaging.monitoring.interception.MonitoringCommandHandlerInterceptor",1,10,""
0.6756756756756757,"axon-messaging-5.1.2","org.axonframework.messaging.monitoring.interception.MonitoringEventHandlerInterceptor",1,10,"axon-messaging-5.1.2","org.axonframework.messaging.monitoring.interception.MonitoringQueryHandlerInterceptor",1,10,""
0.6756756756756757,"axon-messaging-5.1.2","org.axonframework.messaging.monitoring.interception.MonitoringQueryHandlerInterceptor",1,10,"axon-messaging-5.1.2","org.axonframework.messaging.monitoring.interception.MonitoringCommandHandlerInterceptor",1,10,""
0.6756756756756757,"axon-messaging-5.1.2","org.axonframework.messaging.monitoring.interception.MonitoringQueryHandlerInterceptor",1,10,"axon-messaging-5.1.2","org.axonframework.messaging.monitoring.interception.MonitoringEventHandlerInterceptor",1,10,""
0.6756756756756757,"axon-messaging-5.1.2","org.axonframework.messaging.monitoring.interception.MonitoringSubscriptionQueryUpdateDispatchInterceptor",1,10,"axon-messaging-5.1.2","org.axonframework.messaging.monitoring.interception.MonitoringEventDispatchInterceptor",1,10,""
0.6666666666666666,"axon-common-5.1.2","org.axonframework.common.TypeReference$1",1,1,"axon-common-5.1.2","org.axonframework.common.configuration.ComponentNotFoundException",2,1,""
0.6666666666666666,"axon-common-5.1.2","org.axonframework.common.TypeReference$2",1,1,"axon-common-5.1.2","org.axonframework.common.configuration.ComponentNotFoundException",2,1,""
0.6666666666666666,"axon-common-5.1.2","org.axonframework.common.annotation.AnnotationUtils",19,2,"axon-common-5.1.2","org.axonframework.common.property.PropertyAccessException",2,1,""
0.6666666666666666,"axon-common-5.1.2","org.axonframework.common.annotation.AnnotationUtils",19,2,"axon-messaging-5.1.2","org.axonframework.messaging.core.annotation.UnsupportedHandlerException",4,1,""
0.6666666666666666,"axon-common-5.1.2","org.axonframework.common.configuration.ComponentNotFoundException",2,1,"axon-common-5.1.2","org.axonframework.common.TypeReference$1",1,1,""
0.6666666666666666,"axon-common-5.1.2","org.axonframework.common.configuration.ComponentNotFoundException",2,1,"axon-common-5.1.2","org.axonframework.common.TypeReference$2",1,1,""
0.6666666666666666,"axon-common-5.1.2","org.axonframework.common.configuration.ComponentNotFoundException",2,1,"axon-eventsourcing-5.1.2","org.axonframework.eventsourcing.eventstore.jpa.AggregateBasedJpaEventStorageEngine$1",1,2,""
0.6666666666666666,"axon-common-5.1.2","org.axonframework.common.jdbc.JdbcException",2,1,"axon-common-5.1.2","org.axonframework.common.lock.LockAcquisitionFailedException",2,1,""
0.6666666666666666,"axon-common-5.1.2","org.axonframework.common.lifecycle.ShutdownInProgressException",1,1,"axon-common-5.1.2","org.axonframework.common.infra.ComponentDescriptorException",2,1,""
0.6666666666666666,"axon-common-5.1.2","org.axonframework.common.property.PropertyAccessException",2,1,"axon-common-5.1.2","org.axonframework.common.annotation.AnnotationUtils",19,2,""
0.6666666666666666,"axon-conversion-5.1.2","org.axonframework.conversion.avro.ByteArrayToGenericRecordConverter",1,3,"axon-conversion-5.1.2","org.axonframework.conversion.avro.GenericRecordToByteArrayConverter",0,3,""
0.6666666666666666,"axon-eventsourcing-5.1.2","org.axonframework.eventsourcing.configuration.SimpleEventSourcedEntityModule$1",1,3,"axon-eventsourcing-5.1.2","org.axonframework.eventsourcing.configuration.SimpleEventSourcedEntityModule$2",1,3,""
0.6666666666666666,"axon-eventsourcing-5.1.2","org.axonframework.eventsourcing.configuration.SimpleEventSourcedEntityModule$1",1,3,"axon-eventsourcing-5.1.2","org.axonframework.eventsourcing.configuration.SimpleEventSourcedEntityModule$4",1,3,""
0.6666666666666666,"axon-eventsourcing-5.1.2","org.axonframework.eventsourcing.configuration.SimpleEventSourcedEntityModule$1",1,3,"axon-eventsourcing-5.1.2","org.axonframework.eventsourcing.configuration.SimpleEventSourcedEntityModule$5",1,3,""
0.6666666666666666,"axon-eventsourcing-5.1.2","org.axonframework.eventsourcing.configuration.SimpleEventSourcedEntityModule$2",1,3,"axon-eventsourcing-5.1.2","org.axonframework.eventsourcing.configuration.SimpleEventSourcedEntityModule$1",1,3,""
0.6666666666666666,"axon-eventsourcing-5.1.2","org.axonframework.eventsourcing.configuration.SimpleEventSourcedEntityModule$2",1,3,"axon-eventsourcing-5.1.2","org.axonframework.eventsourcing.configuration.SimpleEventSourcedEntityModule$4",1,3,""
0.6666666666666666,"axon-eventsourcing-5.1.2","org.axonframework.eventsourcing.configuration.SimpleEventSourcedEntityModule$2",1,3,"axon-eventsourcing-5.1.2","org.axonframework.eventsourcing.configuration.SimpleEventSourcedEntityModule$5",1,3,""
0.6666666666666666,"axon-eventsourcing-5.1.2","org.axonframework.eventsourcing.configuration.SimpleEventSourcedEntityModule$3",1,3,"axon-eventsourcing-5.1.2","org.axonframework.eventsourcing.configuration.SimpleEventSourcedEntityModule$1",1,3,""
0.6666666666666666,"axon-eventsourcing-5.1.2","org.axonframework.eventsourcing.configuration.SimpleEventSourcedEntityModule$3",1,3,"axon-eventsourcing-5.1.2","org.axonframework.eventsourcing.configuration.SimpleEventSourcedEntityModule$2",1,3,""
0.6666666666666666,"axon-eventsourcing-5.1.2","org.axonframework.eventsourcing.configuration.SimpleEventSourcedEntityModule$3",1,3,"axon-eventsourcing-5.1.2","org.axonframework.eventsourcing.configuration.SimpleEventSourcedEntityModule$4",1,3,""
0.6666666666666666,"axon-eventsourcing-5.1.2","org.axonframework.eventsourcing.configuration.SimpleEventSourcedEntityModule$4",1,3,"axon-eventsourcing-5.1.2","org.axonframework.eventsourcing.configuration.SimpleEventSourcedEntityModule$1",1,3,""
0.6666666666666666,"axon-eventsourcing-5.1.2","org.axonframework.eventsourcing.configuration.SimpleEventSourcedEntityModule$4",1,3,"axon-eventsourcing-5.1.2","org.axonframework.eventsourcing.configuration.SimpleEventSourcedEntityModule$2",1,3,""
0.6666666666666666,"axon-eventsourcing-5.1.2","org.axonframework.eventsourcing.configuration.SimpleEventSourcedEntityModule$4",1,3,"axon-eventsourcing-5.1.2","org.axonframework.eventsourcing.configuration.SimpleEventSourcedEntityModule$5",1,3,""
0.6666666666666666,"axon-eventsourcing-5.1.2","org.axonframework.eventsourcing.configuration.SimpleEventSourcedEntityModule$5",1,3,"axon-eventsourcing-5.1.2","org.axonframework.eventsourcing.configuration.SimpleEventSourcedEntityModule$1",1,3,""
0.6666666666666666,"axon-eventsourcing-5.1.2","org.axonframework.eventsourcing.configuration.SimpleEventSourcedEntityModule$5",1,3,"axon-eventsourcing-5.1.2","org.axonframework.eventsourcing.configuration.SimpleEventSourcedEntityModule$2",1,3,""
0.6666666666666666,"axon-eventsourcing-5.1.2","org.axonframework.eventsourcing.configuration.SimpleEventSourcedEntityModule$5",1,3,"axon-eventsourcing-5.1.2","org.axonframework.eventsourcing.configuration.SimpleEventSourcedEntityModule$4",1,3,""
0.6666666666666666,"axon-eventsourcing-5.1.2","org.axonframework.eventsourcing.eventstore.AppendEventsTransactionRejectedException",4,2,"axon-common-5.1.2","org.axonframework.common.lifecycle.ShutdownInProgressException",1,1,""
0.6666666666666666,"axon-eventsourcing-5.1.2","org.axonframework.eventsourcing.eventstore.AppendEventsTransactionRejectedException",4,2,"axon-messaging-5.1.2","org.axonframework.messaging.core.interception.JSR303ViolationException",1,1,""
0.6666666666666666,"axon-eventsourcing-5.1.2","org.axonframework.eventsourcing.eventstore.AppendEventsTransactionRejectedException",4,2,"axon-messaging-5.1.2","org.axonframework.messaging.queryhandling.CompletedEmitterException",0,1,""
0.6666666666666666,"axon-eventsourcing-5.1.2","org.axonframework.eventsourcing.eventstore.TaggedEventMessage",16,2,"axon-eventsourcing-5.1.2","org.axonframework.eventsourcing.eventstore.TooManyTagsOnEventMessageException",1,2,""
0.6666666666666666,"axon-eventsourcing-5.1.2","org.axonframework.eventsourcing.eventstore.TooManyTagsOnEventMessageException",1,2,"axon-eventsourcing-5.1.2","org.axonframework.eventsourcing.eventstore.TaggedEventMessage",16,2,""
0.6666666666666666,"axon-eventsourcing-5.1.2","org.axonframework.eventsourcing.eventstore.jpa.AggregateBasedJpaEventStorageEngine$1",1,2,"axon-common-5.1.2","org.axonframework.common.configuration.ComponentNotFoundException",2,1,""
0.6666666666666666,"axon-eventsourcing-5.1.2","org.axonframework.eventsourcing.handler.SourcingHandler",1,2,"axon-messaging-5.1.2","org.axonframework.messaging.core.unitofwork.transaction.TransactionalExecutorProvider",5,3,""
0.6666666666666666,"axon-metrics-micrometer-5.1.2","org.axonframework.extension.metrics.micrometer.MessageCountingMonitor$1",1,2,"axon-messaging-5.1.2","org.axonframework.messaging.monitoring.NoOpMessageMonitorCallback",2,1,""
0.6666666666666666,"axon-messaging-5.1.2","org.axonframework.messaging.core.EmptyContext",1,2,"axon-messaging-5.1.2","org.axonframework.messaging.eventhandling.processing.streaming.token.TrackingToken",61,4,""
0.6666666666666666,"axon-messaging-5.1.2","org.axonframework.messaging.core.ExecutionException",0,1,"axon-common-5.1.2","org.axonframework.common.lock.LockAcquisitionFailedException",2,1,""
0.6666666666666666,"axon-messaging-5.1.2","org.axonframework.messaging.core.FluxUtils$FluxStreamAdapter",1,3,"axon-messaging-5.1.2","org.axonframework.messaging.core.MessageStreamUtils$Reducer",1,3,""
0.6666666666666666,"axon-messaging-5.1.2","org.axonframework.messaging.core.MessageStreamUtils$Reducer",1,3,"axon-messaging-5.1.2","org.axonframework.messaging.core.FluxUtils$FluxStreamAdapter",1,3,""
0.6666666666666666,"axon-messaging-5.1.2","org.axonframework.messaging.core.SimpleContext",1,2,"axon-messaging-5.1.2","org.axonframework.messaging.core.unitofwork.ProcessingContext",228,5,""
0.6666666666666666,"axon-messaging-5.1.2","org.axonframework.messaging.core.SubscribableEventSource",5,3,"axon-modelling-5.1.2","org.axonframework.modelling.EntityEvolver",13,2,""
0.6666666666666666,"axon-messaging-5.1.2","org.axonframework.messaging.core.annotation.DefaultParameterResolverFactory$MetadataParameterResolver",1,4,"axon-messaging-5.1.2","org.axonframework.messaging.core.annotation.PayloadParameterResolver",2,3,""
0.6666666666666666,"axon-messaging-5.1.2","org.axonframework.messaging.core.annotation.FixedValueParameterResolver",2,2,"axon-messaging-5.1.2","org.axonframework.messaging.core.annotation.ParameterResolver",47,1,""
0.6666666666666666,"axon-messaging-5.1.2","org.axonframework.messaging.core.annotation.ParameterResolver",47,1,"axon-messaging-5.1.2","org.axonframework.messaging.core.annotation.FixedValueParameterResolver",2,2,""
0.6666666666666666,"axon-messaging-5.1.2","org.axonframework.messaging.core.annotation.ParameterResolver",47,1,"axon-messaging-5.1.2","org.axonframework.messaging.eventhandling.gateway.EventGateway",2,2,""
0.6666666666666666,"axon-messaging-5.1.2","org.axonframework.messaging.core.annotation.PayloadParameterResolver",2,3,"axon-messaging-5.1.2","org.axonframework.messaging.core.annotation.DefaultParameterResolverFactory$MetadataParameterResolver",1,4,""
0.6666666666666666,"axon-messaging-5.1.2","org.axonframework.messaging.core.annotation.UnsupportedHandlerException",4,1,"axon-common-5.1.2","org.axonframework.common.annotation.AnnotationUtils",19,2,""
0.6666666666666666,"axon-messaging-5.1.2","org.axonframework.messaging.core.correlation.MessageOriginProvider",1,3,"axon-test-5.1.2","org.axonframework.test.matchers.PayloadMatcher",2,1,""
0.6666666666666666,"axon-messaging-5.1.2","org.axonframework.messaging.core.correlation.MessageOriginProvider",1,3,"axon-test-5.1.2","org.axonframework.test.matchers.PayloadsMatcher",1,1,""
0.6666666666666666,"axon-messaging-5.1.2","org.axonframework.messaging.core.interception.DefaultDispatchInterceptorRegistry$1",1,4,"axon-messaging-5.1.2","org.axonframework.messaging.core.interception.DefaultDispatchInterceptorRegistry$2",1,4,""
0.6666666666666666,"axon-messaging-5.1.2","org.axonframework.messaging.core.interception.DefaultDispatchInterceptorRegistry$1",1,4,"axon-messaging-5.1.2","org.axonframework.messaging.core.interception.DefaultDispatchInterceptorRegistry$3",1,4,""
0.6666666666666666,"axon-messaging-5.1.2","org.axonframework.messaging.core.interception.DefaultDispatchInterceptorRegistry$1",1,4,"axon-messaging-5.1.2","org.axonframework.messaging.core.interception.DefaultDispatchInterceptorRegistry$5",1,4,""
0.6666666666666666,"axon-messaging-5.1.2","org.axonframework.messaging.core.interception.DefaultDispatchInterceptorRegistry$2",1,4,"axon-messaging-5.1.2","org.axonframework.messaging.core.interception.DefaultDispatchInterceptorRegistry$1",1,4,""
0.6666666666666666,"axon-messaging-5.1.2","org.axonframework.messaging.core.interception.DefaultDispatchInterceptorRegistry$2",1,4,"axon-messaging-5.1.2","org.axonframework.messaging.core.interception.DefaultDispatchInterceptorRegistry$3",1,4,""
0.6666666666666666,"axon-messaging-5.1.2","org.axonframework.messaging.core.interception.DefaultDispatchInterceptorRegistry$2",1,4,"axon-messaging-5.1.2","org.axonframework.messaging.core.interception.DefaultDispatchInterceptorRegistry$5",1,4,""
0.6666666666666666,"axon-messaging-5.1.2","org.axonframework.messaging.core.interception.DefaultDispatchInterceptorRegistry$3",1,4,"axon-messaging-5.1.2","org.axonframework.messaging.core.interception.DefaultDispatchInterceptorRegistry$1",1,4,""
0.6666666666666666,"axon-messaging-5.1.2","org.axonframework.messaging.core.interception.DefaultDispatchInterceptorRegistry$3",1,4,"axon-messaging-5.1.2","org.axonframework.messaging.core.interception.DefaultDispatchInterceptorRegistry$2",1,4,""
0.6666666666666666,"axon-messaging-5.1.2","org.axonframework.messaging.core.interception.DefaultDispatchInterceptorRegistry$3",1,4,"axon-messaging-5.1.2","org.axonframework.messaging.core.interception.DefaultDispatchInterceptorRegistry$5",1,4,""
0.6666666666666666,"axon-messaging-5.1.2","org.axonframework.messaging.core.interception.DefaultDispatchInterceptorRegistry$4",1,4,"axon-messaging-5.1.2","org.axonframework.messaging.core.interception.DefaultDispatchInterceptorRegistry$2",1,4,""
0.6666666666666666,"axon-messaging-5.1.2","org.axonframework.messaging.core.interception.DefaultDispatchInterceptorRegistry$4",1,4,"axon-messaging-5.1.2","org.axonframework.messaging.core.interception.DefaultDispatchInterceptorRegistry$3",1,4,""
0.6666666666666666,"axon-messaging-5.1.2","org.axonframework.messaging.core.interception.DefaultDispatchInterceptorRegistry$4",1,4,"axon-messaging-5.1.2","org.axonframework.messaging.core.interception.DefaultDispatchInterceptorRegistry$5",1,4,""
0.6666666666666666,"axon-messaging-5.1.2","org.axonframework.messaging.core.interception.DefaultDispatchInterceptorRegistry$5",1,4,"axon-messaging-5.1.2","org.axonframework.messaging.core.interception.DefaultDispatchInterceptorRegistry$1",1,4,""
0.6666666666666666,"axon-messaging-5.1.2","org.axonframework.messaging.core.interception.DefaultDispatchInterceptorRegistry$5",1,4,"axon-messaging-5.1.2","org.axonframework.messaging.core.interception.DefaultDispatchInterceptorRegistry$2",1,4,""
0.6666666666666666,"axon-messaging-5.1.2","org.axonframework.messaging.core.interception.DefaultDispatchInterceptorRegistry$5",1,4,"axon-messaging-5.1.2","org.axonframework.messaging.core.interception.DefaultDispatchInterceptorRegistry$3",1,4,""
0.6666666666666666,"axon-messaging-5.1.2","org.axonframework.messaging.core.interception.DefaultHandlerInterceptorRegistry$1",1,4,"axon-messaging-5.1.2","org.axonframework.messaging.core.interception.DefaultHandlerInterceptorRegistry$2",1,4,""
0.6666666666666666,"axon-messaging-5.1.2","org.axonframework.messaging.core.interception.DefaultHandlerInterceptorRegistry$1",1,4,"axon-messaging-5.1.2","org.axonframework.messaging.core.interception.DefaultHandlerInterceptorRegistry$3",1,4,""
0.6666666666666666,"axon-messaging-5.1.2","org.axonframework.messaging.core.interception.DefaultHandlerInterceptorRegistry$1",1,4,"axon-messaging-5.1.2","org.axonframework.messaging.core.interception.DefaultHandlerInterceptorRegistry$4",1,4,""
0.6666666666666666,"axon-messaging-5.1.2","org.axonframework.messaging.core.interception.DefaultHandlerInterceptorRegistry$2",1,4,"axon-messaging-5.1.2","org.axonframework.messaging.core.interception.DefaultHandlerInterceptorRegistry$1",1,4,""
0.6666666666666666,"axon-messaging-5.1.2","org.axonframework.messaging.core.interception.DefaultHandlerInterceptorRegistry$2",1,4,"axon-messaging-5.1.2","org.axonframework.messaging.core.interception.DefaultHandlerInterceptorRegistry$3",1,4,""
0.6666666666666666,"axon-messaging-5.1.2","org.axonframework.messaging.core.interception.DefaultHandlerInterceptorRegistry$2",1,4,"axon-messaging-5.1.2","org.axonframework.messaging.core.interception.DefaultHandlerInterceptorRegistry$4",1,4,""
0.6666666666666666,"axon-messaging-5.1.2","org.axonframework.messaging.core.interception.DefaultHandlerInterceptorRegistry$3",1,4,"axon-messaging-5.1.2","org.axonframework.messaging.core.interception.DefaultHandlerInterceptorRegistry$1",1,4,""
0.6666666666666666,"axon-messaging-5.1.2","org.axonframework.messaging.core.interception.DefaultHandlerInterceptorRegistry$3",1,4,"axon-messaging-5.1.2","org.axonframework.messaging.core.interception.DefaultHandlerInterceptorRegistry$2",1,4,""
0.6666666666666666,"axon-messaging-5.1.2","org.axonframework.messaging.core.interception.DefaultHandlerInterceptorRegistry$3",1,4,"axon-messaging-5.1.2","org.axonframework.messaging.core.interception.DefaultHandlerInterceptorRegistry$4",1,4,""
0.6666666666666666,"axon-messaging-5.1.2","org.axonframework.messaging.core.interception.DefaultHandlerInterceptorRegistry$4",1,4,"axon-messaging-5.1.2","org.axonframework.messaging.core.interception.DefaultHandlerInterceptorRegistry$1",1,4,""
0.6666666666666666,"axon-messaging-5.1.2","org.axonframework.messaging.core.interception.DefaultHandlerInterceptorRegistry$4",1,4,"axon-messaging-5.1.2","org.axonframework.messaging.core.interception.DefaultHandlerInterceptorRegistry$2",1,4,""
0.6666666666666666,"axon-messaging-5.1.2","org.axonframework.messaging.core.interception.DefaultHandlerInterceptorRegistry$4",1,4,"axon-messaging-5.1.2","org.axonframework.messaging.core.interception.DefaultHandlerInterceptorRegistry$3",1,4,""
0.6666666666666666,"axon-messaging-5.1.2","org.axonframework.messaging.core.interception.JSR303ViolationException",1,1,"axon-common-5.1.2","org.axonframework.common.infra.ComponentDescriptorException",2,1,""
0.6666666666666666,"axon-messaging-5.1.2","org.axonframework.messaging.core.retry.RetryScheduler",2,4,"axon-messaging-5.1.2","org.axonframework.messaging.core.retry.RetryScheduler$Dispatcher",3,3,""
0.6666666666666666,"axon-messaging-5.1.2","org.axonframework.messaging.core.retry.RetryScheduler$Dispatcher",3,3,"axon-messaging-5.1.2","org.axonframework.messaging.core.retry.RetryScheduler",2,4,""
0.6666666666666666,"axon-messaging-5.1.2","org.axonframework.messaging.core.sequencing.FullConcurrencyPolicy",0,3,"axon-messaging-5.1.2","org.axonframework.messaging.core.sequencing.SequentialPolicy",2,4,""
0.6666666666666666,"axon-messaging-5.1.2","org.axonframework.messaging.core.sequencing.SequencingPolicy",17,2,"axon-messaging-5.1.2","org.axonframework.messaging.core.MessageDispatchInterceptorChain",9,3,""
0.6666666666666666,"axon-messaging-5.1.2","org.axonframework.messaging.core.sequencing.SequencingPolicy",17,2,"axon-messaging-5.1.2","org.axonframework.messaging.core.MessageHandlerInterceptorChain",19,3,""
0.6666666666666666,"axon-messaging-5.1.2","org.axonframework.messaging.core.sequencing.SequencingPolicy",17,2,"axon-modelling-5.1.2","org.axonframework.modelling.EntityIdResolver",17,3,""
0.6666666666666666,"axon-messaging-5.1.2","org.axonframework.messaging.core.sequencing.SequentialPolicy",2,4,"axon-messaging-5.1.2","org.axonframework.messaging.core.sequencing.FullConcurrencyPolicy",0,3,""
0.6666666666666666,"axon-messaging-5.1.2","org.axonframework.messaging.core.unitofwork.ProcessingContext",228,5,"axon-messaging-5.1.2","org.axonframework.messaging.core.SimpleContext",1,2,""
0.6666666666666666,"axon-messaging-5.1.2","org.axonframework.messaging.core.unitofwork.ProcessingLifecycle$DefaultPhases",1,1,"axon-messaging-5.1.2","org.axonframework.messaging.core.unitofwork.ProcessingLifecycle$ErrorHandler",15,2,""
0.6666666666666666,"axon-messaging-5.1.2","org.axonframework.messaging.core.unitofwork.ProcessingLifecycle$ErrorHandler",15,2,"axon-messaging-5.1.2","org.axonframework.messaging.core.unitofwork.ProcessingLifecycle$DefaultPhases",1,1,""
0.6666666666666666,"axon-messaging-5.1.2","org.axonframework.messaging.core.unitofwork.transaction.TransactionalExecutorProvider",5,3,"axon-eventsourcing-5.1.2","org.axonframework.eventsourcing.handler.SourcingHandler",1,2,""
0.6666666666666666,"axon-messaging-5.1.2","org.axonframework.messaging.core.unitofwork.transaction.jpa.EntityManagerTransactionManager$1",1,2,"axon-messaging-5.1.2","org.axonframework.messaging.core.unitofwork.transaction.jpa.EntityManagerTransactionManager$2",1,2,""
0.6666666666666666,"axon-messaging-5.1.2","org.axonframework.messaging.core.unitofwork.transaction.jpa.EntityManagerTransactionManager$2",1,2,"axon-messaging-5.1.2","org.axonframework.messaging.core.unitofwork.transaction.jpa.EntityManagerTransactionManager$1",1,2,""
0.6666666666666666,"axon-messaging-5.1.2","org.axonframework.messaging.eventhandling.gateway.EventGateway",2,2,"axon-messaging-5.1.2","org.axonframework.messaging.core.annotation.ParameterResolver",47,1,""
0.6666666666666666,"axon-messaging-5.1.2","org.axonframework.messaging.eventhandling.processing.streaming.pooled.WorkPackage$EventFilter",4,3,"axon-modelling-5.1.2","org.axonframework.modelling.EntityEvolver",13,2,""
0.6666666666666666,"axon-messaging-5.1.2","org.axonframework.messaging.eventhandling.processing.streaming.token.TrackingToken",61,4,"axon-messaging-5.1.2","org.axonframework.messaging.core.EmptyContext",1,2,""
0.6666666666666666,"axon-messaging-5.1.2","org.axonframework.messaging.eventhandling.processing.streaming.token.store.UnableToRetrieveIdentifierException",2,1,"axon-common-5.1.2","org.axonframework.common.lock.LockAcquisitionFailedException",2,1,""
0.6666666666666666,"axon-messaging-5.1.2","org.axonframework.messaging.eventhandling.processing.streaming.token.store.jdbc.JdbcTokenEntry",1,5,"axon-messaging-5.1.2","org.axonframework.messaging.eventhandling.processing.streaming.token.store.jpa.TokenEntry",1,6,""
0.6666666666666666,"axon-messaging-5.1.2","org.axonframework.messaging.eventhandling.processing.streaming.token.store.jpa.TokenEntry",1,6,"axon-messaging-5.1.2","org.axonframework.messaging.eventhandling.processing.streaming.token.store.jdbc.JdbcTokenEntry",1,5,""
0.6666666666666666,"axon-messaging-5.1.2","org.axonframework.messaging.monitoring.NoOpMessageMonitorCallback",2,1,"axon-metrics-micrometer-5.1.2","org.axonframework.extension.metrics.micrometer.MessageCountingMonitor$1",1,2,""
0.6666666666666666,"axon-messaging-5.1.2","org.axonframework.messaging.monitoring.configuration.DefaultMessageMonitorRegistry$1",1,4,"axon-messaging-5.1.2","org.axonframework.messaging.monitoring.configuration.DefaultMessageMonitorRegistry$2",1,4,""
0.6666666666666666,"axon-messaging-5.1.2","org.axonframework.messaging.monitoring.configuration.DefaultMessageMonitorRegistry$1",1,4,"axon-messaging-5.1.2","org.axonframework.messaging.monitoring.configuration.DefaultMessageMonitorRegistry$3",1,4,""
0.6666666666666666,"axon-messaging-5.1.2","org.axonframework.messaging.monitoring.configuration.DefaultMessageMonitorRegistry$1",1,4,"axon-messaging-5.1.2","org.axonframework.messaging.monitoring.configuration.DefaultMessageMonitorRegistry$4",1,4,""
0.6666666666666666,"axon-messaging-5.1.2","org.axonframework.messaging.monitoring.configuration.DefaultMessageMonitorRegistry$2",1,4,"axon-messaging-5.1.2","org.axonframework.messaging.monitoring.configuration.DefaultMessageMonitorRegistry$1",1,4,""
0.6666666666666666,"axon-messaging-5.1.2","org.axonframework.messaging.monitoring.configuration.DefaultMessageMonitorRegistry$2",1,4,"axon-messaging-5.1.2","org.axonframework.messaging.monitoring.configuration.DefaultMessageMonitorRegistry$3",1,4,""
0.6666666666666666,"axon-messaging-5.1.2","org.axonframework.messaging.monitoring.configuration.DefaultMessageMonitorRegistry$2",1,4,"axon-messaging-5.1.2","org.axonframework.messaging.monitoring.configuration.DefaultMessageMonitorRegistry$4",1,4,""
0.6666666666666666,"axon-messaging-5.1.2","org.axonframework.messaging.monitoring.configuration.DefaultMessageMonitorRegistry$3",1,4,"axon-messaging-5.1.2","org.axonframework.messaging.monitoring.configuration.DefaultMessageMonitorRegistry$1",1,4,""
0.6666666666666666,"axon-messaging-5.1.2","org.axonframework.messaging.monitoring.configuration.DefaultMessageMonitorRegistry$3",1,4,"axon-messaging-5.1.2","org.axonframework.messaging.monitoring.configuration.DefaultMessageMonitorRegistry$2",1,4,""
0.6666666666666666,"axon-messaging-5.1.2","org.axonframework.messaging.monitoring.configuration.DefaultMessageMonitorRegistry$3",1,4,"axon-messaging-5.1.2","org.axonframework.messaging.monitoring.configuration.DefaultMessageMonitorRegistry$4",1,4,""
0.6666666666666666,"axon-messaging-5.1.2","org.axonframework.messaging.monitoring.configuration.DefaultMessageMonitorRegistry$4",1,4,"axon-messaging-5.1.2","org.axonframework.messaging.monitoring.configuration.DefaultMessageMonitorRegistry$1",1,4,""
0.6666666666666666,"axon-messaging-5.1.2","org.axonframework.messaging.monitoring.configuration.DefaultMessageMonitorRegistry$4",1,4,"axon-messaging-5.1.2","org.axonframework.messaging.monitoring.configuration.DefaultMessageMonitorRegistry$2",1,4,""
0.6666666666666666,"axon-messaging-5.1.2","org.axonframework.messaging.monitoring.configuration.DefaultMessageMonitorRegistry$4",1,4,"axon-messaging-5.1.2","org.axonframework.messaging.monitoring.configuration.DefaultMessageMonitorRegistry$3",1,4,""
0.6666666666666666,"axon-messaging-5.1.2","org.axonframework.messaging.monitoring.configuration.DefaultMessageMonitorRegistry$5",1,4,"axon-messaging-5.1.2","org.axonframework.messaging.monitoring.configuration.DefaultMessageMonitorRegistry$1",1,4,""
0.6666666666666666,"axon-messaging-5.1.2","org.axonframework.messaging.monitoring.configuration.DefaultMessageMonitorRegistry$5",1,4,"axon-messaging-5.1.2","org.axonframework.messaging.monitoring.configuration.DefaultMessageMonitorRegistry$2",1,4,""
0.6666666666666666,"axon-messaging-5.1.2","org.axonframework.messaging.monitoring.configuration.DefaultMessageMonitorRegistry$5",1,4,"axon-messaging-5.1.2","org.axonframework.messaging.monitoring.configuration.DefaultMessageMonitorRegistry$3",1,4,""
0.6666666666666666,"axon-messaging-5.1.2","org.axonframework.messaging.queryhandling.CompletedEmitterException",0,1,"axon-common-5.1.2","org.axonframework.common.infra.ComponentDescriptorException",2,1,""
0.6666666666666666,"axon-messaging-5.1.2","org.axonframework.messaging.tracing.attributes.AggregateIdentifierSpanAttributesProvider",0,2,"axon-messaging-5.1.2","org.axonframework.messaging.tracing.attributes.MessageIdSpanAttributesProvider",0,2,""
0.6666666666666666,"axon-messaging-5.1.2","org.axonframework.messaging.tracing.attributes.AggregateIdentifierSpanAttributesProvider",0,2,"axon-messaging-5.1.2","org.axonframework.messaging.tracing.attributes.MessageTypeSpanAttributesProvider",0,2,""
0.6666666666666666,"axon-messaging-5.1.2","org.axonframework.messaging.tracing.attributes.AggregateIdentifierSpanAttributesProvider",0,2,"axon-messaging-5.1.2","org.axonframework.messaging.tracing.attributes.PayloadTypeSpanAttributesProvider",0,2,""
0.6666666666666666,"axon-modelling-5.1.2","org.axonframework.modelling.EntityEvolver",13,2,"axon-messaging-5.1.2","org.axonframework.messaging.core.SubscribableEventSource",5,3,""
0.6666666666666666,"axon-modelling-5.1.2","org.axonframework.modelling.EntityEvolver",13,2,"axon-messaging-5.1.2","org.axonframework.messaging.eventhandling.processing.streaming.pooled.WorkPackage$EventFilter",4,3,""
0.6666666666666666,"axon-modelling-5.1.2","org.axonframework.modelling.EntityIdResolver",17,3,"axon-messaging-5.1.2","org.axonframework.messaging.core.sequencing.SequencingPolicy",17,2,""
0.6666666666666666,"axon-modelling-5.1.2","org.axonframework.modelling.configuration.SimpleStateBasedEntityModule$1",1,3,"axon-modelling-5.1.2","org.axonframework.modelling.configuration.SimpleStateBasedEntityModule$2",1,3,""
0.6666666666666666,"axon-modelling-5.1.2","org.axonframework.modelling.configuration.SimpleStateBasedEntityModule$1",1,3,"axon-modelling-5.1.2","org.axonframework.modelling.configuration.SimpleStateBasedEntityModule$3",1,3,""
0.6666666666666666,"axon-modelling-5.1.2","org.axonframework.modelling.configuration.SimpleStateBasedEntityModule$2",1,3,"axon-modelling-5.1.2","org.axonframework.modelling.configuration.SimpleStateBasedEntityModule$1",1,3,""
0.6666666666666666,"axon-modelling-5.1.2","org.axonframework.modelling.configuration.SimpleStateBasedEntityModule$2",1,3,"axon-modelling-5.1.2","org.axonframework.modelling.configuration.SimpleStateBasedEntityModule$3",1,3,""
0.6666666666666666,"axon-modelling-5.1.2","org.axonframework.modelling.configuration.SimpleStateBasedEntityModule$3",1,3,"axon-modelling-5.1.2","org.axonframework.modelling.configuration.SimpleStateBasedEntityModule$1",1,3,""
0.6666666666666666,"axon-modelling-5.1.2","org.axonframework.modelling.configuration.SimpleStateBasedEntityModule$3",1,3,"axon-modelling-5.1.2","org.axonframework.modelling.configuration.SimpleStateBasedEntityModule$2",1,3,""
0.6666666666666666,"axon-test-5.1.2","org.axonframework.test.matchers.PayloadMatcher",2,1,"axon-messaging-5.1.2","org.axonframework.messaging.core.correlation.MessageOriginProvider",1,3,""
0.6666666666666666,"axon-test-5.1.2","org.axonframework.test.matchers.PayloadsMatcher",1,1,"axon-messaging-5.1.2","org.axonframework.messaging.core.correlation.MessageOriginProvider",1,3,""
0.6551724137931034,"axon-messaging-5.1.2","org.axonframework.messaging.core.CloseCallbackMessageStream",1,7,"axon-messaging-5.1.2","org.axonframework.messaging.core.CompletionCallbackMessageStream",3,7,""
0.6551724137931034,"axon-messaging-5.1.2","org.axonframework.messaging.core.CompletionCallbackMessageStream",3,7,"axon-messaging-5.1.2","org.axonframework.messaging.core.CloseCallbackMessageStream",1,7,""
0.6538461538461539,"axon-messaging-5.1.2","org.axonframework.messaging.core.CompletionCallbackMessageStream",3,7,"axon-messaging-5.1.2","org.axonframework.messaging.core.ConcatenatingMessageStream",1,6,""
0.6538461538461539,"axon-messaging-5.1.2","org.axonframework.messaging.core.ConcatenatingMessageStream",1,6,"axon-messaging-5.1.2","org.axonframework.messaging.core.CompletionCallbackMessageStream",3,7,""
0.6428571428571429,"axon-common-5.1.2","org.axonframework.common.configuration.InstantiatedComponentDefinition",3,5,"axon-common-5.1.2","org.axonframework.common.configuration.LazyInitializedComponentDefinition",7,6,""
0.6428571428571429,"axon-common-5.1.2","org.axonframework.common.configuration.LazyInitializedComponentDefinition",7,6,"axon-common-5.1.2","org.axonframework.common.configuration.InstantiatedComponentDefinition",3,5,""
0.6382978723404256,"axon-messaging-5.1.2","org.axonframework.messaging.commandhandling.GenericCommandResultMessage",4,8,"axon-messaging-5.1.2","org.axonframework.messaging.queryhandling.GenericQueryResponseMessage",2,9,""
0.6382978723404256,"axon-messaging-5.1.2","org.axonframework.messaging.queryhandling.GenericQueryResponseMessage",2,9,"axon-messaging-5.1.2","org.axonframework.messaging.commandhandling.GenericCommandResultMessage",4,8,""
0.6363636363636364,"axon-messaging-5.1.2","org.axonframework.messaging.core.EmptyContext",1,2,"axon-messaging-5.1.2","org.axonframework.messaging.core.SimpleContext",1,2,""
0.6363636363636364,"axon-messaging-5.1.2","org.axonframework.messaging.core.SimpleContext",1,2,"axon-messaging-5.1.2","org.axonframework.messaging.core.EmptyContext",1,2,""
0.6363636363636364,"axon-messaging-5.1.2","org.axonframework.messaging.core.annotation.DefaultParameterResolverFactory$AnnotatedMetadataParameterResolver",1,4,"axon-messaging-5.1.2","org.axonframework.messaging.core.annotation.PayloadParameterResolver",2,3,""
0.631578947368421,"axon-messaging-5.1.2","org.axonframework.messaging.core.FluxMessageStream",2,6,"axon-messaging-5.1.2","org.axonframework.messaging.core.IteratorMessageStream",1,4,""
0.631578947368421,"axon-messaging-5.1.2","org.axonframework.messaging.core.IteratorMessageStream",1,4,"axon-messaging-5.1.2","org.axonframework.messaging.core.FluxMessageStream",2,6,""
0.6285714285714286,"axon-messaging-5.1.2","org.axonframework.messaging.core.CloseCallbackMessageStream",1,7,"axon-messaging-5.1.2","org.axonframework.messaging.core.IgnoredEntriesMessageStream",1,6,""
0.6285714285714286,"axon-messaging-5.1.2","org.axonframework.messaging.core.IgnoredEntriesMessageStream",1,6,"axon-messaging-5.1.2","org.axonframework.messaging.core.CloseCallbackMessageStream",1,7,""
0.625,"axon-eventsourcing-5.1.2","org.axonframework.eventsourcing.eventstore.MetadataBasedTagResolver",0,4,"axon-eventsourcing-5.1.2","org.axonframework.eventsourcing.eventstore.TooManyTagsOnEventMessageException",1,2,""
0.625,"axon-eventsourcing-5.1.2","org.axonframework.eventsourcing.eventstore.TooManyTagsOnEventMessageException",1,2,"axon-eventsourcing-5.1.2","org.axonframework.eventsourcing.eventstore.MetadataBasedTagResolver",0,4,""
0.625,"axon-messaging-5.1.2","org.axonframework.messaging.core.DelegatingMessageStream",2,2,"axon-messaging-5.1.2","org.axonframework.messaging.core.MessageStreamUtils$Reducer",1,3,""
0.625,"axon-messaging-5.1.2","org.axonframework.messaging.core.MessageStreamUtils$Reducer",1,3,"axon-messaging-5.1.2","org.axonframework.messaging.core.DelegatingMessageStream",2,2,""
0.625,"axon-messaging-5.1.2","org.axonframework.messaging.core.annotation.SourceIdParameterResolverFactory$SourceIdParameterResolver",1,4,"axon-messaging-5.1.2","org.axonframework.messaging.core.unitofwork.annotation.ProcessingContextParameterResolverFactory$ProcessingContextParameterResolver",1,2,""
0.625,"axon-messaging-5.1.2","org.axonframework.messaging.core.unitofwork.annotation.ProcessingContextParameterResolverFactory$ProcessingContextParameterResolver",1,2,"axon-messaging-5.1.2","org.axonframework.messaging.core.annotation.SourceIdParameterResolverFactory$SourceIdParameterResolver",1,4,""
0.625,"axon-messaging-5.1.2","org.axonframework.messaging.core.unitofwork.annotation.ProcessingContextParameterResolverFactory$ProcessingContextParameterResolver",1,2,"axon-messaging-5.1.2","org.axonframework.messaging.eventhandling.annotation.SequenceNumberParameterResolverFactory$SequenceNumberParameterResolver",1,4,""
0.625,"axon-messaging-5.1.2","org.axonframework.messaging.eventhandling.EventHandler",6,5,"axon-messaging-5.1.2","org.axonframework.messaging.eventhandling.processing.streaming.pooled.WorkPackage$BatchProcessor",3,5,""
0.625,"axon-messaging-5.1.2","org.axonframework.messaging.eventhandling.EventHandler",6,5,"axon-messaging-5.1.2","org.axonframework.messaging.eventhandling.replay.ReplayStatusChangedHandler",4,6,""
0.625,"axon-messaging-5.1.2","org.axonframework.messaging.eventhandling.annotation.SequenceNumberParameterResolverFactory$SequenceNumberParameterResolver",1,4,"axon-messaging-5.1.2","org.axonframework.messaging.core.unitofwork.annotation.ProcessingContextParameterResolverFactory$ProcessingContextParameterResolver",1,2,""
0.625,"axon-messaging-5.1.2","org.axonframework.messaging.eventhandling.processing.streaming.pooled.WorkPackage$BatchProcessor",3,5,"axon-messaging-5.1.2","org.axonframework.messaging.eventhandling.EventHandler",6,5,""
0.625,"axon-messaging-5.1.2","org.axonframework.messaging.eventhandling.replay.ReplayStatusChangedHandler",4,6,"axon-messaging-5.1.2","org.axonframework.messaging.eventhandling.EventHandler",6,5,""
0.625,"axon-messaging-5.1.2","org.axonframework.messaging.eventhandling.replay.ReplayStatusChangedHandler",4,6,"axon-messaging-5.1.2","org.axonframework.messaging.eventhandling.replay.ResetHandler",5,5,""
0.625,"axon-messaging-5.1.2","org.axonframework.messaging.eventhandling.replay.ResetHandler",5,5,"axon-messaging-5.1.2","org.axonframework.messaging.eventhandling.replay.ReplayStatusChangedHandler",4,6,""
0.6206896551724138,"axon-modelling-5.1.2","org.axonframework.modelling.entity.ConcreteEntityMetamodel$Builder",1,9,"axon-modelling-5.1.2","org.axonframework.modelling.entity.PolymorphicEntityMetamodelBuilder",4,7,""
0.6206896551724138,"axon-modelling-5.1.2","org.axonframework.modelling.entity.PolymorphicEntityMetamodelBuilder",4,7,"axon-modelling-5.1.2","org.axonframework.modelling.entity.ConcreteEntityMetamodel$Builder",1,9,""
0.6190476190476191,"axon-modelling-5.1.2","org.axonframework.modelling.entity.child.ListEntityChildMetamodel$Builder",3,6,"axon-modelling-5.1.2","org.axonframework.modelling.entity.child.SingleEntityChildMetamodel$Builder",3,6,""
0.6190476190476191,"axon-modelling-5.1.2","org.axonframework.modelling.entity.child.SingleEntityChildMetamodel$Builder",3,6,"axon-modelling-5.1.2","org.axonframework.modelling.entity.child.ListEntityChildMetamodel$Builder",3,6,""
0.6046511627906976,"axon-messaging-5.1.2","org.axonframework.messaging.eventhandling.GenericEventMessage",15,10,"axon-messaging-5.1.2","org.axonframework.messaging.queryhandling.GenericQueryMessage",2,8,""
0.6046511627906976,"axon-messaging-5.1.2","org.axonframework.messaging.queryhandling.GenericQueryMessage",2,8,"axon-messaging-5.1.2","org.axonframework.messaging.eventhandling.GenericEventMessage",15,10,""
0.6,"axon-common-5.1.2","org.axonframework.common.caching.Cache",3,3,"axon-common-5.1.2","org.axonframework.common.caching.NoCache",0,3,""
0.6,"axon-common-5.1.2","org.axonframework.common.caching.NoCache",0,3,"axon-common-5.1.2","org.axonframework.common.caching.Cache",3,3,""
0.6,"axon-eventsourcing-5.1.2","org.axonframework.eventsourcing.eventstore.EventCoordinator$1",1,3,"axon-eventsourcing-5.1.2","org.axonframework.eventsourcing.eventstore.jpa.JpaPollingEventCoordinator$1",1,3,""
0.6,"axon-eventsourcing-5.1.2","org.axonframework.eventsourcing.eventstore.jpa.JpaPollingEventCoordinator$1",1,3,"axon-eventsourcing-5.1.2","org.axonframework.eventsourcing.eventstore.EventCoordinator$1",1,3,""
0.6,"axon-eventsourcing-5.1.2","org.axonframework.eventsourcing.handler.EntityLifecycleHandler",3,4,"axon-messaging-5.1.2","org.axonframework.messaging.eventhandling.gateway.EventGateway",2,2,""
0.6,"axon-messaging-5.1.2","org.axonframework.messaging.commandhandling.gateway.FutureCommandResult",1,2,"axon-test-5.1.2","org.axonframework.test.matchers.PayloadMatcher",2,1,""
0.6,"axon-messaging-5.1.2","org.axonframework.messaging.commandhandling.gateway.FutureCommandResult",1,2,"axon-test-5.1.2","org.axonframework.test.matchers.PayloadsMatcher",1,1,""
0.6,"axon-messaging-5.1.2","org.axonframework.messaging.core.CloseCallbackMessageStream",1,7,"axon-messaging-5.1.2","org.axonframework.messaging.core.EmptyMessageStream",1,8,""
0.6,"axon-messaging-5.1.2","org.axonframework.messaging.core.CompletionCallbackMessageStream",3,7,"axon-messaging-5.1.2","org.axonframework.messaging.core.TruncateFirstMessageStream",1,7,""
0.6,"axon-messaging-5.1.2","org.axonframework.messaging.core.EmptyMessageStream",1,8,"axon-messaging-5.1.2","org.axonframework.messaging.core.CloseCallbackMessageStream",1,7,""
0.6,"axon-messaging-5.1.2","org.axonframework.messaging.core.EmptyMessageStream",1,8,"axon-messaging-5.1.2","org.axonframework.messaging.core.TruncateFirstMessageStream",1,7,""
0.6,"axon-messaging-5.1.2","org.axonframework.messaging.core.FilteringMessageStream$Single",2,4,"axon-messaging-5.1.2","org.axonframework.messaging.core.OnNextMessageStream$Single",2,4,""
0.6,"axon-messaging-5.1.2","org.axonframework.messaging.core.MessageDispatchInterceptor",29,4,"axon-messaging-5.1.2","org.axonframework.messaging.core.MessageHandlerInterceptor",32,4,""
0.6,"axon-messaging-5.1.2","org.axonframework.messaging.core.MessageHandlerInterceptor",32,4,"axon-messaging-5.1.2","org.axonframework.messaging.core.MessageDispatchInterceptor",29,4,""
0.6,"axon-messaging-5.1.2","org.axonframework.messaging.core.OnNextMessageStream$Single",2,4,"axon-messaging-5.1.2","org.axonframework.messaging.core.FilteringMessageStream$Single",2,4,""
0.6,"axon-messaging-5.1.2","org.axonframework.messaging.core.TruncateFirstMessageStream",1,7,"axon-messaging-5.1.2","org.axonframework.messaging.core.CompletionCallbackMessageStream",3,7,""
0.6,"axon-messaging-5.1.2","org.axonframework.messaging.core.TruncateFirstMessageStream",1,7,"axon-messaging-5.1.2","org.axonframework.messaging.core.EmptyMessageStream",1,8,""
0.6,"axon-messaging-5.1.2","org.axonframework.messaging.core.annotation.FixedValueParameterResolver",2,2,"axon-messaging-5.1.2","org.axonframework.messaging.core.unitofwork.annotation.ProcessingContextParameterResolverFactory$ProcessingContextParameterResolver",1,2,""
0.6,"axon-messaging-5.1.2","org.axonframework.messaging.core.annotation.FixedValueParameterResolver",2,2,"axon-test-5.1.2","org.axonframework.test.FixtureResourceParameterResolverFactory$FailingParameterResolver",1,3,""
0.6,"axon-messaging-5.1.2","org.axonframework.messaging.core.configuration.reflection.ConfigurationParameterResolverConfigurationEnhancer",0,4,"axon-modelling-5.1.2","org.axonframework.modelling.annotation.InjectEntityParameterResolverFactoryConfigurationEnhancer",0,4,""
0.6,"axon-messaging-5.1.2","org.axonframework.messaging.core.sequencing.NoOpSequencingPolicy",1,3,"axon-messaging-5.1.2","org.axonframework.messaging.core.retry.RetryScheduler$Dispatcher",3,3,""
0.6,"axon-messaging-5.1.2","org.axonframework.messaging.core.sequencing.RoutingKeySequencingPolicy",1,4,"axon-modelling-5.1.2","org.axonframework.modelling.entity.child.CommandTargetResolver",12,3,""
0.6,"axon-messaging-5.1.2","org.axonframework.messaging.core.unitofwork.annotation.ProcessingContextParameterResolverFactory$ProcessingContextParameterResolver",1,2,"axon-messaging-5.1.2","org.axonframework.messaging.core.annotation.FixedValueParameterResolver",2,2,""
0.6,"axon-messaging-5.1.2","org.axonframework.messaging.eventhandling.EventSink",15,3,"axon-messaging-5.1.2","org.axonframework.messaging.eventhandling.gateway.EventGateway",2,2,""
0.6,"axon-messaging-5.1.2","org.axonframework.messaging.eventhandling.InterceptingEventSink",2,7,"axon-test-5.1.2","org.axonframework.test.fixture.RecordingEventSink",5,5,""
0.6,"axon-messaging-5.1.2","org.axonframework.messaging.eventhandling.gateway.EventGateway",2,2,"axon-eventsourcing-5.1.2","org.axonframework.eventsourcing.handler.EntityLifecycleHandler",3,4,""
0.6,"axon-messaging-5.1.2","org.axonframework.messaging.eventhandling.gateway.EventGateway",2,2,"axon-messaging-5.1.2","org.axonframework.messaging.eventhandling.EventSink",15,3,""
0.6,"axon-messaging-5.1.2","org.axonframework.messaging.eventhandling.processing.streaming.token.GapAwareTrackingToken",3,3,"axon-messaging-5.1.2","org.axonframework.messaging.eventhandling.processing.streaming.token.WrappedToken",6,1,""
0.6,"axon-messaging-5.1.2","org.axonframework.messaging.eventhandling.processing.streaming.token.WrappedToken",6,1,"axon-messaging-5.1.2","org.axonframework.messaging.eventhandling.processing.streaming.token.GapAwareTrackingToken",3,3,""
0.6,"axon-messaging-5.1.2","org.axonframework.messaging.queryhandling.interception.InterceptingQueryBus$QueryInterceptingDispatcher",1,6,"axon-messaging-5.1.2","org.axonframework.messaging.queryhandling.interception.InterceptingQueryBus$SubscribeToUpdatesInterceptingDispatcher",1,7,""
0.6,"axon-messaging-5.1.2","org.axonframework.messaging.queryhandling.interception.InterceptingQueryBus$SubscribeToUpdatesInterceptingDispatcher",1,7,"axon-messaging-5.1.2","org.axonframework.messaging.queryhandling.interception.InterceptingQueryBus$QueryInterceptingDispatcher",1,6,""
0.6,"axon-modelling-5.1.2","org.axonframework.modelling.annotation.InjectEntityParameterResolverFactoryConfigurationEnhancer",0,4,"axon-messaging-5.1.2","org.axonframework.messaging.core.configuration.reflection.ConfigurationParameterResolverConfigurationEnhancer",0,4,""
0.6,"axon-modelling-5.1.2","org.axonframework.modelling.entity.child.CommandTargetResolver",12,3,"axon-messaging-5.1.2","org.axonframework.messaging.core.sequencing.RoutingKeySequencingPolicy",1,4,""
0.6,"axon-test-5.1.2","org.axonframework.test.FixtureResourceParameterResolverFactory$FailingParameterResolver",1,3,"axon-messaging-5.1.2","org.axonframework.messaging.core.annotation.FixedValueParameterResolver",2,2,""
0.6,"axon-test-5.1.2","org.axonframework.test.fixture.RecordingEventSink",5,5,"axon-messaging-5.1.2","org.axonframework.messaging.eventhandling.InterceptingEventSink",2,7,""
0.59375,"axon-messaging-5.1.2","org.axonframework.messaging.core.FailedMessageStream",1,7,"axon-messaging-5.1.2","org.axonframework.messaging.core.CloseCallbackMessageStream",1,7,""
0.5882352941176471,"axon-messaging-5.1.2","org.axonframework.messaging.core.ConcatenatingMessageStream",1,6,"axon-messaging-5.1.2","org.axonframework.messaging.core.FilteringMessageStream",2,6,""
0.5882352941176471,"axon-messaging-5.1.2","org.axonframework.messaging.core.FilteringMessageStream",2,6,"axon-messaging-5.1.2","org.axonframework.messaging.core.ConcatenatingMessageStream",1,6,""
0.5862068965517241,"axon-messaging-5.1.2","org.axonframework.messaging.core.OnErrorContinueMessageStream",1,7,"axon-messaging-5.1.2","org.axonframework.messaging.core.CompletionCallbackMessageStream",3,7,""
0.5862068965517241,"axon-messaging-5.1.2","org.axonframework.messaging.core.TruncateFirstMessageStream",1,7,"axon-messaging-5.1.2","org.axonframework.messaging.core.CloseCallbackMessageStream",1,7,""
0.5833333333333334,"axon-messaging-5.1.2","org.axonframework.messaging.core.FilteringMessageStream",2,6,"axon-messaging-5.1.2","org.axonframework.messaging.core.OnErrorContinueMessageStream",1,7,""
0.5833333333333334,"axon-messaging-5.1.2","org.axonframework.messaging.core.OnErrorContinueMessageStream",1,7,"axon-messaging-5.1.2","org.axonframework.messaging.core.FilteringMessageStream",2,6,""
0.5833333333333334,"axon-messaging-5.1.2","org.axonframework.messaging.core.retry.ExponentialBackOffRetryPolicy",0,4,"axon-messaging-5.1.2","org.axonframework.messaging.core.retry.FilteringRetryPolicy",0,4,""
0.5833333333333334,"axon-messaging-5.1.2","org.axonframework.messaging.core.retry.ExponentialBackOffRetryPolicy",0,4,"axon-messaging-5.1.2","org.axonframework.messaging.core.retry.MaxAttemptsPolicy",0,4,""
0.5833333333333334,"axon-messaging-5.1.2","org.axonframework.messaging.core.retry.FilteringRetryPolicy",0,4,"axon-messaging-5.1.2","org.axonframework.messaging.core.retry.ExponentialBackOffRetryPolicy",0,4,""
0.5833333333333334,"axon-messaging-5.1.2","org.axonframework.messaging.core.retry.MaxAttemptsPolicy",0,4,"axon-messaging-5.1.2","org.axonframework.messaging.core.retry.ExponentialBackOffRetryPolicy",0,4,""
0.5806451612903226,"axon-messaging-5.1.2","org.axonframework.messaging.eventhandling.interception.EventMessageHandlerInterceptorChain",1,10,"axon-messaging-5.1.2","org.axonframework.messaging.eventhandling.interception.EventMessageHandlerInterceptorChain$InterceptingHandler",1,8,""
0.5806451612903226,"axon-messaging-5.1.2","org.axonframework.messaging.eventhandling.interception.EventMessageHandlerInterceptorChain$InterceptingHandler",1,8,"axon-messaging-5.1.2","org.axonframework.messaging.eventhandling.interception.EventMessageHandlerInterceptorChain",1,10,""
0.5789473684210527,"axon-conversion-5.1.2","org.axonframework.conversion.jackson.JacksonConverter",1,9,"axon-conversion-5.1.2","org.axonframework.conversion.jackson2.Jackson2Converter",0,9,""
0.5789473684210527,"axon-conversion-5.1.2","org.axonframework.conversion.jackson2.Jackson2Converter",0,9,"axon-conversion-5.1.2","org.axonframework.conversion.jackson.JacksonConverter",1,9,""
0.5789473684210527,"axon-messaging-5.1.2","org.axonframework.messaging.core.DelayedMessageStream",9,7,"axon-messaging-5.1.2","org.axonframework.messaging.core.MergedMessageStream",0,3,""
0.5789473684210527,"axon-messaging-5.1.2","org.axonframework.messaging.core.MergedMessageStream",0,3,"axon-messaging-5.1.2","org.axonframework.messaging.core.DelayedMessageStream",9,7,""
0.5769230769230769,"axon-messaging-5.1.2","org.axonframework.messaging.core.DefaultMessageDispatchInterceptorChain",7,8,"axon-messaging-5.1.2","org.axonframework.messaging.core.DefaultMessageDispatchInterceptorChain$InterceptingDispatcher",1,6,""
0.5769230769230769,"axon-messaging-5.1.2","org.axonframework.messaging.core.DefaultMessageDispatchInterceptorChain$InterceptingDispatcher",1,6,"axon-messaging-5.1.2","org.axonframework.messaging.core.DefaultMessageDispatchInterceptorChain",7,8,""
0.5757575757575758,"axon-messaging-5.1.2","org.axonframework.messaging.core.IgnoredEntriesMessageStream",1,6,"axon-messaging-5.1.2","org.axonframework.messaging.core.ConcatenatingMessageStream",1,6,""
0.5714285714285714,"axon-common-5.1.2","org.axonframework.common.BuilderUtils",32,3,"axon-common-5.1.2","org.axonframework.common.digest.Digester",0,1,""
0.5714285714285714,"axon-common-5.1.2","org.axonframework.common.digest.Digester",0,1,"axon-common-5.1.2","org.axonframework.common.BuilderUtils",32,3,""
0.5714285714285714,"axon-conversion-5.1.2","org.axonframework.conversion.DelegatingGeneralConverter",1,4,"axon-messaging-5.1.2","org.axonframework.messaging.core.conversion.DelegatingMessageConverter",2,5,""
0.5714285714285714,"axon-eventsourcing-5.1.2","org.axonframework.eventsourcing.eventstore.MetadataBasedTagResolver",0,4,"axon-eventsourcing-5.1.2","org.axonframework.eventsourcing.eventstore.TaggedEventMessage",16,2,""
0.5714285714285714,"axon-eventsourcing-5.1.2","org.axonframework.eventsourcing.eventstore.TaggedEventMessage",16,2,"axon-eventsourcing-5.1.2","org.axonframework.eventsourcing.eventstore.MetadataBasedTagResolver",0,4,""
0.5714285714285714,"axon-metrics-micrometer-5.1.2","org.axonframework.extension.metrics.micrometer.TagsUtil",1,3,"axon-messaging-5.1.2","org.axonframework.messaging.commandhandling.gateway.CommandResult",7,3,""
0.5714285714285714,"axon-messaging-5.1.2","org.axonframework.messaging.commandhandling.configuration.CommandHandlingModule$CommandHandlerPhase",3,13,"axon-messaging-5.1.2","org.axonframework.messaging.queryhandling.configuration.QueryHandlingModule$QueryHandlerPhase",3,13,""
0.5714285714285714,"axon-messaging-5.1.2","org.axonframework.messaging.commandhandling.gateway.CommandResult",7,3,"axon-metrics-micrometer-5.1.2","org.axonframework.extension.metrics.micrometer.TagsUtil",1,3,""
0.5714285714285714,"axon-messaging-5.1.2","org.axonframework.messaging.core.conversion.DelegatingMessageConverter",2,5,"axon-conversion-5.1.2","org.axonframework.conversion.DelegatingGeneralConverter",1,4,""
0.5714285714285714,"axon-messaging-5.1.2","org.axonframework.messaging.core.conversion.MessageConverter",24,2,"axon-messaging-5.1.2","org.axonframework.messaging.core.correlation.MessageOriginProvider",1,3,""
0.5714285714285714,"axon-messaging-5.1.2","org.axonframework.messaging.core.correlation.MessageOriginProvider",1,3,"axon-messaging-5.1.2","org.axonframework.messaging.core.conversion.MessageConverter",24,2,""
0.5714285714285714,"axon-messaging-5.1.2","org.axonframework.messaging.core.correlation.SimpleCorrelationDataProvider",0,3,"axon-messaging-5.1.2","org.axonframework.messaging.core.correlation.MessageOriginProvider",1,3,""
0.5714285714285714,"axon-messaging-5.1.2","org.axonframework.messaging.core.sequencing.MetadataSequencingPolicy",0,5,"axon-messaging-5.1.2","org.axonframework.messaging.core.sequencing.NoOpSequencingPolicy",1,3,""
0.5714285714285714,"axon-messaging-5.1.2","org.axonframework.messaging.eventhandling.processing.streaming.token.TrackingToken",61,4,"axon-messaging-5.1.2","org.axonframework.messaging.eventstreaming.Tag",22,3,""
0.5714285714285714,"axon-messaging-5.1.2","org.axonframework.messaging.eventhandling.replay.GenericResetContext",1,8,"axon-messaging-5.1.2","org.axonframework.messaging.queryhandling.GenericQueryMessage",2,8,""
0.5714285714285714,"axon-messaging-5.1.2","org.axonframework.messaging.eventstreaming.Tag",22,3,"axon-messaging-5.1.2","org.axonframework.messaging.eventhandling.processing.streaming.token.TrackingToken",61,4,""
0.5714285714285714,"axon-messaging-5.1.2","org.axonframework.messaging.queryhandling.GenericQueryMessage",2,8,"axon-messaging-5.1.2","org.axonframework.messaging.eventhandling.replay.GenericResetContext",1,8,""
0.5714285714285714,"axon-messaging-5.1.2","org.axonframework.messaging.queryhandling.configuration.QueryHandlingModule$QueryHandlerPhase",3,13,"axon-messaging-5.1.2","org.axonframework.messaging.commandhandling.configuration.CommandHandlingModule$CommandHandlerPhase",3,13,""
0.5714285714285714,"axon-modelling-5.1.2","org.axonframework.modelling.entity.child.ListEntityChildMetamodel",3,6,"axon-modelling-5.1.2","org.axonframework.modelling.entity.child.SingleEntityChildMetamodel",3,6,""
0.5714285714285714,"axon-modelling-5.1.2","org.axonframework.modelling.entity.child.SingleEntityChildMetamodel",3,6,"axon-modelling-5.1.2","org.axonframework.modelling.entity.child.ListEntityChildMetamodel",3,6,""
0.5714285714285714,"axon-test-5.1.2","org.axonframework.test.fixture.AxonTestFixture$Customization",10,2,"axon-test-5.1.2","org.axonframework.test.matchers.MatchAllFieldFilter",1,1,""
0.5714285714285714,"axon-test-5.1.2","org.axonframework.test.matchers.MatchAllFieldFilter",1,1,"axon-test-5.1.2","org.axonframework.test.fixture.AxonTestFixture$Customization",10,2,""
0.5675675675675675,"axon-messaging-5.1.2","org.axonframework.messaging.eventhandling.replay.GenericReplayStatusChanged",1,10,"axon-messaging-5.1.2","org.axonframework.messaging.eventhandling.replay.GenericResetContext",1,8,""
0.5675675675675675,"axon-messaging-5.1.2","org.axonframework.messaging.eventhandling.replay.GenericResetContext",1,8,"axon-messaging-5.1.2","org.axonframework.messaging.eventhandling.replay.GenericReplayStatusChanged",1,10,""
0.5666666666666667,"axon-messaging-5.1.2","org.axonframework.messaging.queryhandling.interception.QueryMessageHandlerInterceptorChain",1,10,"axon-messaging-5.1.2","org.axonframework.messaging.queryhandling.interception.QueryMessageHandlerInterceptorChain$InterceptingHandler",1,8,""
0.5666666666666667,"axon-messaging-5.1.2","org.axonframework.messaging.queryhandling.interception.QueryMessageHandlerInterceptorChain$InterceptingHandler",1,8,"axon-messaging-5.1.2","org.axonframework.messaging.queryhandling.interception.QueryMessageHandlerInterceptorChain",1,10,""
0.5652173913043478,"axon-messaging-5.1.2","org.axonframework.messaging.commandhandling.gateway.CommandResult",7,3,"axon-messaging-5.1.2","org.axonframework.messaging.core.MessageDecorator",6,4,""
0.5652173913043478,"axon-messaging-5.1.2","org.axonframework.messaging.core.MessageDecorator",6,4,"axon-messaging-5.1.2","org.axonframework.messaging.commandhandling.gateway.CommandResult",7,3,""
0.5625,"axon-metrics-micrometer-5.1.2","org.axonframework.extension.metrics.micrometer.EventProcessorLatencyMonitor$Builder",2,3,"axon-metrics-micrometer-5.1.2","org.axonframework.extension.metrics.micrometer.MessageTimerMonitor$Builder",2,3,""
0.5625,"axon-metrics-micrometer-5.1.2","org.axonframework.extension.metrics.micrometer.MessageTimerMonitor$Builder",2,3,"axon-metrics-micrometer-5.1.2","org.axonframework.extension.metrics.micrometer.EventProcessorLatencyMonitor$Builder",2,3,""
0.5625,"axon-messaging-5.1.2","org.axonframework.messaging.commandhandling.interception.CommandMessageHandlerInterceptorChain",1,11,"axon-messaging-5.1.2","org.axonframework.messaging.commandhandling.interception.CommandMessageHandlerInterceptorChain$InterceptingHandler",1,9,""
0.5625,"axon-messaging-5.1.2","org.axonframework.messaging.commandhandling.interception.CommandMessageHandlerInterceptorChain$InterceptingHandler",1,9,"axon-messaging-5.1.2","org.axonframework.messaging.commandhandling.interception.CommandMessageHandlerInterceptorChain",1,11,""
0.56,"axon-messaging-5.1.2","org.axonframework.messaging.commandhandling.CommandResultMessage",30,4,"axon-messaging-5.1.2","org.axonframework.messaging.queryhandling.QueryMessage",37,3,""
0.56,"axon-messaging-5.1.2","org.axonframework.messaging.commandhandling.GenericCommandResultMessage",4,8,"axon-messaging-5.1.2","org.axonframework.messaging.queryhandling.GenericSubscriptionQueryUpdateMessage",2,10,""
0.56,"axon-messaging-5.1.2","org.axonframework.messaging.queryhandling.GenericSubscriptionQueryUpdateMessage",2,10,"axon-messaging-5.1.2","org.axonframework.messaging.commandhandling.GenericCommandResultMessage",4,8,""
0.56,"axon-messaging-5.1.2","org.axonframework.messaging.queryhandling.QueryResponseMessage",22,4,"axon-messaging-5.1.2","org.axonframework.messaging.queryhandling.QueryMessage",37,3,""
0.5555555555555556,"axon-eventsourcing-5.1.2","org.axonframework.eventsourcing.eventstore.SnapshotEventMessage",2,4,"axon-eventsourcing-5.1.2","org.axonframework.eventsourcing.eventstore.TerminalEventMessage",4,3,""
0.5555555555555556,"axon-eventsourcing-5.1.2","org.axonframework.eventsourcing.eventstore.TerminalEventMessage",4,3,"axon-eventsourcing-5.1.2","org.axonframework.eventsourcing.eventstore.SnapshotEventMessage",2,4,""
0.5555555555555556,"axon-messaging-5.1.2","org.axonframework.messaging.commandhandling.annotation.CommandDispatcherParameterResolverFactoryConfigurationEnhancer",0,6,"axon-messaging-5.1.2","org.axonframework.messaging.core.reflection.ClasspathParameterResolverConfigurationEnhancer",0,6,""
0.5555555555555556,"axon-messaging-5.1.2","org.axonframework.messaging.commandhandling.annotation.CommandDispatcherParameterResolverFactoryConfigurationEnhancer",0,6,"axon-messaging-5.1.2","org.axonframework.messaging.eventhandling.annotation.EventAppenderParameterResolverFactoryConfigurationEnhancer",0,6,""
0.5555555555555556,"axon-messaging-5.1.2","org.axonframework.messaging.core.annotation.AggregateTypeParameterResolverFactory$AggregateTypeParameterResolver",1,5,"axon-messaging-5.1.2","org.axonframework.messaging.core.unitofwork.annotation.ProcessingContextParameterResolverFactory$ProcessingContextParameterResolver",1,2,""
0.5555555555555556,"axon-messaging-5.1.2","org.axonframework.messaging.core.reflection.ClasspathParameterResolverConfigurationEnhancer",0,6,"axon-messaging-5.1.2","org.axonframework.messaging.commandhandling.annotation.CommandDispatcherParameterResolverFactoryConfigurationEnhancer",0,6,""
0.5555555555555556,"axon-messaging-5.1.2","org.axonframework.messaging.core.reflection.ClasspathParameterResolverConfigurationEnhancer",0,6,"axon-messaging-5.1.2","org.axonframework.messaging.eventhandling.annotation.EventAppenderParameterResolverFactoryConfigurationEnhancer",0,6,""
0.5555555555555556,"axon-messaging-5.1.2","org.axonframework.messaging.eventhandling.annotation.EventAppenderParameterResolverFactoryConfigurationEnhancer",0,6,"axon-messaging-5.1.2","org.axonframework.messaging.commandhandling.annotation.CommandDispatcherParameterResolverFactoryConfigurationEnhancer",0,6,""
0.5555555555555556,"axon-messaging-5.1.2","org.axonframework.messaging.eventhandling.annotation.EventAppenderParameterResolverFactoryConfigurationEnhancer",0,6,"axon-messaging-5.1.2","org.axonframework.messaging.core.reflection.ClasspathParameterResolverConfigurationEnhancer",0,6,""
0.5526315789473685,"axon-messaging-5.1.2","org.axonframework.messaging.commandhandling.GenericCommandMessage",4,8,"axon-messaging-5.1.2","org.axonframework.messaging.eventhandling.replay.GenericResetContext",1,8,""
0.5526315789473685,"axon-messaging-5.1.2","org.axonframework.messaging.core.GenericResultMessage",3,8,"axon-messaging-5.1.2","org.axonframework.messaging.eventhandling.replay.GenericResetContext",1,8,""
0.5526315789473685,"axon-messaging-5.1.2","org.axonframework.messaging.eventhandling.replay.GenericResetContext",1,8,"axon-messaging-5.1.2","org.axonframework.messaging.commandhandling.GenericCommandMessage",4,8,""
0.5490196078431373,"axon-server-connector-5.1.2","io.axoniq.framework.axonserver.connector.api.AxonServerConfiguration$Builder",1,2,"axon-server-connector-5.1.2","io.axoniq.framework.axonserver.connector.api.AxonServerConnectionManager$Builder",2,8,""
0.5490196078431373,"axon-server-connector-5.1.2","io.axoniq.framework.axonserver.connector.api.AxonServerConnectionManager$Builder",2,8,"axon-server-connector-5.1.2","io.axoniq.framework.axonserver.connector.api.AxonServerConfiguration$Builder",1,2,""
0.5454545454545454,"axon-messaging-5.1.2","org.axonframework.messaging.core.Context",25,4,"axon-messaging-5.1.2","org.axonframework.messaging.core.LegacyResources",7,1,""
0.5454545454545454,"axon-messaging-5.1.2","org.axonframework.messaging.core.LegacyResources",7,1,"axon-messaging-5.1.2","org.axonframework.messaging.core.Context",25,4,""
0.5454545454545454,"axon-messaging-5.1.2","org.axonframework.messaging.core.annotation.MessageHandlingMember",38,4,"axon-messaging-5.1.2","org.axonframework.messaging.core.annotation.PayloadParameterResolver",2,3,""
0.5454545454545454,"axon-modelling-5.1.2","org.axonframework.modelling.annotation.AnnotationBasedEntityIdResolverDefinition",0,5,"axon-modelling-5.1.2","org.axonframework.modelling.entity.annotation.AnnotatedEntityIdResolverDefinition",1,7,""
0.5454545454545454,"axon-modelling-5.1.2","org.axonframework.modelling.entity.annotation.AnnotatedEntityIdResolverDefinition",1,7,"axon-modelling-5.1.2","org.axonframework.modelling.annotation.AnnotationBasedEntityIdResolverDefinition",0,5,""
0.5384615384615384,"axoniq-spring-boot-autoconfigure-5.1.2","io.axoniq.framework.springboot.autoconfig.JdbcDeadLetterQueueAutoConfiguration",0,4,"axoniq-spring-boot-autoconfigure-5.1.2","io.axoniq.framework.springboot.autoconfig.JpaDeadLetterQueueAutoConfiguration",0,4,""
0.5384615384615384,"axoniq-spring-boot-autoconfigure-5.1.2","io.axoniq.framework.springboot.autoconfig.JpaDeadLetterQueueAutoConfiguration",0,4,"axoniq-spring-boot-autoconfigure-5.1.2","io.axoniq.framework.springboot.autoconfig.JdbcDeadLetterQueueAutoConfiguration",0,4,""
0.5384615384615384,"axon-tracing-opentelemetry-5.1.2","org.axonframework.extension.tracing.opentelemetry.MetadataContextGetter",1,2,"axon-messaging-5.1.2","org.axonframework.messaging.core.annotation.DefaultParameterResolverFactory$AnnotatedMetadataParameterResolver",1,4,""
0.5384615384615384,"axon-messaging-5.1.2","org.axonframework.messaging.core.annotation.ClasspathParameterResolverFactory",3,2,"axon-messaging-5.1.2","org.axonframework.messaging.core.annotation.HierarchicalParameterResolverFactory",1,3,""
0.5384615384615384,"axon-messaging-5.1.2","org.axonframework.messaging.core.annotation.HierarchicalParameterResolverFactory",1,3,"axon-messaging-5.1.2","org.axonframework.messaging.core.annotation.ClasspathParameterResolverFactory",3,2,""
0.5384615384615384,"axon-messaging-5.1.2","org.axonframework.messaging.eventhandling.processing.streaming.token.annotation.TrackingTokenParameterResolverFactory$TrackingTokenParameterResolver",1,5,"axon-messaging-5.1.2","org.axonframework.messaging.eventhandling.processing.streaming.token.store.ConfigToken",2,1,""
0.5333333333333333,"axon-eventsourcing-5.1.2","org.axonframework.eventsourcing.eventstore.DefaultAppendCondition",3,3,"axon-eventsourcing-5.1.2","org.axonframework.eventsourcing.eventstore.NoAppendCondition",1,4,""
0.5333333333333333,"axon-eventsourcing-5.1.2","org.axonframework.eventsourcing.eventstore.NoAppendCondition",1,4,"axon-eventsourcing-5.1.2","org.axonframework.eventsourcing.eventstore.DefaultAppendCondition",3,3,""
0.5333333333333333,"axon-metrics-micrometer-5.1.2","org.axonframework.extension.metrics.micrometer.TagsUtil",1,3,"axon-tracing-opentelemetry-5.1.2","org.axonframework.extension.tracing.opentelemetry.MetadataContextGetter",1,2,""
0.5333333333333333,"axon-tracing-opentelemetry-5.1.2","org.axonframework.extension.tracing.opentelemetry.MetadataContextGetter",1,2,"axon-metrics-micrometer-5.1.2","org.axonframework.extension.metrics.micrometer.TagsUtil",1,3,""
0.5333333333333333,"axon-messaging-5.1.2","org.axonframework.messaging.eventhandling.processing.streaming.segmenting.Segment",26,4,"axon-messaging-5.1.2","org.axonframework.messaging.eventhandling.processing.streaming.token.TrackingToken",61,4,""
0.5333333333333333,"axon-messaging-5.1.2","org.axonframework.messaging.eventhandling.processing.streaming.token.TrackingToken",61,4,"axon-messaging-5.1.2","org.axonframework.messaging.eventhandling.processing.streaming.segmenting.Segment",26,4,""
0.5306122448979592,"axon-messaging-5.1.2","org.axonframework.messaging.queryhandling.GenericQueryResponseMessage",2,9,"axon-messaging-5.1.2","org.axonframework.messaging.commandhandling.GenericCommandMessage",4,8,""
0.5294117647058824,"axon-conversion-5.1.2","org.axonframework.conversion.ChainedConverter",1,5,"axon-conversion-5.1.2","org.axonframework.conversion.ChainingContentTypeConverter",3,5,""
0.5294117647058824,"axon-conversion-5.1.2","org.axonframework.conversion.ChainingContentTypeConverter",3,5,"axon-conversion-5.1.2","org.axonframework.conversion.ChainedConverter",1,5,""
0.5294117647058824,"axon-messaging-5.1.2","org.axonframework.messaging.core.interception.DefaultDispatchInterceptorRegistry$GenericInterceptorDefinition",1,6,"axon-messaging-5.1.2","org.axonframework.messaging.core.interception.DefaultHandlerInterceptorRegistry$GenericInterceptorDefinition",1,6,""
0.5294117647058824,"axon-messaging-5.1.2","org.axonframework.messaging.core.interception.DefaultDispatchInterceptorRegistry$GenericInterceptorDefinition",1,6,"axon-messaging-5.1.2","org.axonframework.messaging.monitoring.configuration.DefaultMessageMonitorRegistry$GenericMonitorDefinition",1,6,""
0.5294117647058824,"axon-messaging-5.1.2","org.axonframework.messaging.core.interception.DefaultHandlerInterceptorRegistry$GenericInterceptorDefinition",1,6,"axon-messaging-5.1.2","org.axonframework.messaging.core.interception.DefaultDispatchInterceptorRegistry$GenericInterceptorDefinition",1,6,""
0.5294117647058824,"axon-messaging-5.1.2","org.axonframework.messaging.core.interception.DefaultHandlerInterceptorRegistry$GenericInterceptorDefinition",1,6,"axon-messaging-5.1.2","org.axonframework.messaging.monitoring.configuration.DefaultMessageMonitorRegistry$GenericMonitorDefinition",1,6,""
0.5294117647058824,"axon-messaging-5.1.2","org.axonframework.messaging.monitoring.configuration.DefaultMessageMonitorRegistry$GenericMonitorDefinition",1,6,"axon-messaging-5.1.2","org.axonframework.messaging.core.interception.DefaultDispatchInterceptorRegistry$GenericInterceptorDefinition",1,6,""
0.5294117647058824,"axon-messaging-5.1.2","org.axonframework.messaging.monitoring.configuration.DefaultMessageMonitorRegistry$GenericMonitorDefinition",1,6,"axon-messaging-5.1.2","org.axonframework.messaging.core.interception.DefaultHandlerInterceptorRegistry$GenericInterceptorDefinition",1,6,""
0.5277777777777778,"axon-messaging-5.1.2","org.axonframework.messaging.core.AbstractMessageStream",15,10,"axon-messaging-5.1.2","org.axonframework.messaging.core.AbstractMessageStream$FetchResult",21,7,""
0.5277777777777778,"axon-messaging-5.1.2","org.axonframework.messaging.core.AbstractMessageStream$FetchResult",21,7,"axon-messaging-5.1.2","org.axonframework.messaging.core.AbstractMessageStream",15,10,""
0.5263157894736842,"axon-messaging-5.1.2","org.axonframework.messaging.commandhandling.annotation.MethodCommandHandlerDefinition$MethodCommandHandlingMember",1,7,"axon-messaging-5.1.2","org.axonframework.messaging.core.interception.annotation.MessageHandlerInterceptorDefinition$InterceptedMessageHandlingMember",1,7,""
0.5263157894736842,"axon-messaging-5.1.2","org.axonframework.messaging.core.annotation.HierarchicalParameterResolverFactory",1,3,"axon-messaging-5.1.2","org.axonframework.messaging.core.annotation.MultiParameterResolverFactory",2,3,""
0.5263157894736842,"axon-messaging-5.1.2","org.axonframework.messaging.core.annotation.MultiParameterResolverFactory",2,3,"axon-messaging-5.1.2","org.axonframework.messaging.core.annotation.HierarchicalParameterResolverFactory",1,3,""
0.5263157894736842,"axon-messaging-5.1.2","org.axonframework.messaging.core.interception.annotation.MessageHandlerInterceptorDefinition$InterceptedMessageHandlingMember",1,7,"axon-messaging-5.1.2","org.axonframework.messaging.commandhandling.annotation.MethodCommandHandlerDefinition$MethodCommandHandlingMember",1,7,""
0.5217391304347826,"axon-messaging-5.1.2","org.axonframework.messaging.core.IteratorMessageStream",1,4,"axon-messaging-5.1.2","org.axonframework.messaging.core.SingleValueMessageStream",1,5,""
0.5217391304347826,"axon-messaging-5.1.2","org.axonframework.messaging.core.SingleValueMessageStream",1,5,"axon-messaging-5.1.2","org.axonframework.messaging.core.IteratorMessageStream",1,4,""
0.52,"axon-messaging-5.1.2","org.axonframework.messaging.eventhandling.gateway.DefaultEventGateway",1,8,"axon-messaging-5.1.2","org.axonframework.messaging.eventhandling.gateway.ProcessingContextEventAppender",1,9,""
0.52,"axon-messaging-5.1.2","org.axonframework.messaging.eventhandling.gateway.ProcessingContextEventAppender",1,9,"axon-messaging-5.1.2","org.axonframework.messaging.eventhandling.gateway.DefaultEventGateway",1,8,""
0.52,"axon-messaging-5.1.2","org.axonframework.messaging.queryhandling.GenericSubscriptionQueryUpdateMessage",2,10,"axon-messaging-5.1.2","org.axonframework.messaging.commandhandling.GenericCommandMessage",4,8,""
0.5172413793103449,"axon-messaging-5.1.2","org.axonframework.messaging.commandhandling.interception.InterceptingCommandBus$InterceptingDispatcher",1,8,"axon-messaging-5.1.2","org.axonframework.messaging.queryhandling.interception.InterceptingQueryBus$InterceptingResponseUpdateDispatcher",1,7,""
0.5172413793103449,"axon-messaging-5.1.2","org.axonframework.messaging.queryhandling.interception.InterceptingQueryBus$InterceptingResponseUpdateDispatcher",1,7,"axon-messaging-5.1.2","org.axonframework.messaging.commandhandling.interception.InterceptingCommandBus$InterceptingDispatcher",1,8,""
0.5161290322580645,"axon-server-connector-5.1.2","io.axoniq.framework.axonserver.connector.event.AxonServerMessageStream",1,10,"axon-server-connector-5.1.2","io.axoniq.framework.axonserver.connector.event.StreamingEventMessageStream",1,10,""
0.5161290322580645,"axon-server-connector-5.1.2","io.axoniq.framework.axonserver.connector.event.StreamingEventMessageStream",1,10,"axon-server-connector-5.1.2","io.axoniq.framework.axonserver.connector.event.AxonServerMessageStream",1,10,""
0.5151515151515151,"axon-common-5.1.2","org.axonframework.common.infra.FilesystemStyleComponentDescriptor",1,8,"axon-common-5.1.2","org.axonframework.common.infra.JacksonComponentDescriptor",0,5,""
0.5151515151515151,"axon-common-5.1.2","org.axonframework.common.infra.JacksonComponentDescriptor",0,5,"axon-common-5.1.2","org.axonframework.common.infra.FilesystemStyleComponentDescriptor",1,8,""
0.5121951219512195,"axon-messaging-5.1.2","org.axonframework.messaging.monitoring.interception.MonitoringCommandHandlerInterceptor",1,10,"axon-messaging-5.1.2","org.axonframework.messaging.monitoring.interception.MonitoringSubscriptionQueryUpdateDispatchInterceptor",1,10,""
0.5121951219512195,"axon-messaging-5.1.2","org.axonframework.messaging.monitoring.interception.MonitoringEventDispatchInterceptor",1,10,"axon-messaging-5.1.2","org.axonframework.messaging.monitoring.interception.MonitoringQueryHandlerInterceptor",1,10,""
0.5121951219512195,"axon-messaging-5.1.2","org.axonframework.messaging.monitoring.interception.MonitoringQueryHandlerInterceptor",1,10,"axon-messaging-5.1.2","org.axonframework.messaging.monitoring.interception.MonitoringSubscriptionQueryUpdateDispatchInterceptor",1,10,""
0.5121951219512195,"axon-messaging-5.1.2","org.axonframework.messaging.monitoring.interception.MonitoringSubscriptionQueryUpdateDispatchInterceptor",1,10,"axon-messaging-5.1.2","org.axonframework.messaging.monitoring.interception.MonitoringCommandHandlerInterceptor",1,10,""
0.5121951219512195,"axon-messaging-5.1.2","org.axonframework.messaging.monitoring.interception.MonitoringSubscriptionQueryUpdateDispatchInterceptor",1,10,"axon-messaging-5.1.2","org.axonframework.messaging.monitoring.interception.MonitoringQueryHandlerInterceptor",1,10,""
0.5111111111111111,"axon-messaging-5.1.2","org.axonframework.messaging.core.GenericResultMessage",3,8,"axon-messaging-5.1.2","org.axonframework.messaging.commandhandling.GenericCommandMessage",4,8,""
0.5094339622641509,"axon-messaging-5.1.2","org.axonframework.messaging.eventhandling.GenericEventMessage",15,10,"axon-messaging-5.1.2","org.axonframework.messaging.queryhandling.GenericQueryResponseMessage",2,9,""
0.5,"axon-server-connector-5.1.2","io.axoniq.framework.axonserver.connector.event.AggregateBasedAxonServerEventStorageEngine$1",1,6,"axon-eventsourcing-5.1.2","org.axonframework.eventsourcing.eventstore.jpa.AggregateBasedJpaEventStorageEngine$2",1,6,""
0.5,"axon-server-connector-5.1.2","io.axoniq.framework.axonserver.connector.shared.ErrorCode",7,1,"axon-messaging-5.1.2","org.axonframework.messaging.core.RemoteExceptionDescription",6,1,""
0.5,"axoniq-spring-boot-autoconfigure-5.1.2","io.axoniq.framework.springboot.service.connection.AxonServerDockerComposeConnectionDetailsFactory",0,1,"axoniq-spring-boot-autoconfigure-5.1.2","io.axoniq.framework.springboot.service.connection.AxonServerTestContainerConnectionDetailsFactory$AxonServerContainerConnectionDetails",1,1,""
0.5,"axoniq-spring-boot-autoconfigure-5.1.2","io.axoniq.framework.springboot.service.connection.AxonServerTestContainerConnectionDetailsFactory$AxonServerContainerConnectionDetails",1,1,"axoniq-spring-boot-autoconfigure-5.1.2","io.axoniq.framework.springboot.service.connection.AxonServerDockerComposeConnectionDetailsFactory",0,1,""
0.5,"axon-common-5.1.2","org.axonframework.common.AxonThreadFactory",2,1,"axon-common-5.1.2","org.axonframework.common.jpa.SimpleEntityManagerProvider",0,2,""
0.5,"axon-common-5.1.2","org.axonframework.common.ConstructorUtils",3,1,"axon-common-5.1.2","org.axonframework.common.IdentifierValidator",0,1,""
0.5,"axon-common-5.1.2","org.axonframework.common.ExceptionUtils",4,1,"axon-common-5.1.2","org.axonframework.common.lifecycle.ShutdownInProgressException",1,1,""
0.5,"axon-common-5.1.2","org.axonframework.common.ExceptionUtils",4,1,"axon-messaging-5.1.2","org.axonframework.messaging.core.interception.JSR303ViolationException",1,1,""
0.5,"axon-common-5.1.2","org.axonframework.common.ExceptionUtils",4,1,"axon-messaging-5.1.2","org.axonframework.messaging.queryhandling.CompletedEmitterException",0,1,""
0.5,"axon-common-5.1.2","org.axonframework.common.IdentifierValidator",0,1,"axon-common-5.1.2","org.axonframework.common.ConstructorUtils",3,1,""
0.5,"axon-common-5.1.2","org.axonframework.common.IdentifierValidator",0,1,"axon-test-5.1.2","org.axonframework.test.matchers.NonTransientFieldsFilter",0,2,""
0.5,"axon-common-5.1.2","org.axonframework.common.TypeReference$1",1,1,"axon-eventsourcing-5.1.2","org.axonframework.eventsourcing.eventstore.jpa.AggregateBasedJpaEventStorageEngine$1",1,2,""
0.5,"axon-common-5.1.2","org.axonframework.common.TypeReference$2",1,1,"axon-eventsourcing-5.1.2","org.axonframework.eventsourcing.eventstore.jpa.AggregateBasedJpaEventStorageEngine$1",1,2,""
0.5,"axon-common-5.1.2","org.axonframework.common.caching.Cache",3,3,"axon-common-5.1.2","org.axonframework.common.caching.Cache$EntryListenerAdapter",1,1,""
0.5,"axon-common-5.1.2","org.axonframework.common.caching.Cache$EntryListenerAdapter",1,1,"axon-common-5.1.2","org.axonframework.common.caching.Cache",3,3,""
0.5,"axon-common-5.1.2","org.axonframework.common.caching.Cache$EntryListenerAdapter",1,1,"axon-common-5.1.2","org.axonframework.common.caching.NoCache",0,3,""
0.5,"axon-common-5.1.2","org.axonframework.common.caching.EhCacheAdapter",1,5,"axon-common-5.1.2","org.axonframework.common.caching.JCacheAdapter",0,4,""
0.5,"axon-common-5.1.2","org.axonframework.common.caching.JCacheAdapter",0,4,"axon-common-5.1.2","org.axonframework.common.caching.EhCacheAdapter",1,5,""
0.5,"axon-common-5.1.2","org.axonframework.common.caching.NoCache",0,3,"axon-common-5.1.2","org.axonframework.common.caching.Cache$EntryListenerAdapter",1,1,""
0.5,"axon-common-5.1.2","org.axonframework.common.configuration.DuplicateModuleRegistrationException",1,1,"axon-common-5.1.2","org.axonframework.common.configuration.ModuleBuilder",14,1,""
0.5,"axon-common-5.1.2","org.axonframework.common.configuration.DuplicateModuleRegistrationException",1,1,"axon-modelling-5.1.2","org.axonframework.modelling.configuration.EntityModule",4,1,""
0.5,"axon-common-5.1.2","org.axonframework.common.configuration.ExtendedConfiguration",2,2,"axon-update-5.1.2","org.axonframework.update.api.Artifact",3,1,""
0.5,"axon-common-5.1.2","org.axonframework.common.configuration.ExtendedConfiguration",2,2,"axon-update-5.1.2","org.axonframework.update.api.DetectedVulnerabilitySeverity",3,1,""
0.5,"axon-common-5.1.2","org.axonframework.common.configuration.ExtensibleConfigurer",4,2,"axon-update-5.1.2","org.axonframework.update.api.Artifact",3,1,""
0.5,"axon-common-5.1.2","org.axonframework.common.configuration.ExtensibleConfigurer",4,2,"axon-update-5.1.2","org.axonframework.update.api.DetectedVulnerabilitySeverity",3,1,""
0.5,"axon-common-5.1.2","org.axonframework.common.configuration.ModuleBuilder",14,1,"axon-common-5.1.2","org.axonframework.common.configuration.DuplicateModuleRegistrationException",1,1,""
0.5,"axon-common-5.1.2","org.axonframework.common.digest.Digester",0,1,"axon-common-5.1.2","org.axonframework.common.property.PropertyAccessException",2,1,""
0.5,"axon-common-5.1.2","org.axonframework.common.digest.Digester",0,1,"axon-eventsourcing-5.1.2","org.axonframework.eventsourcing.eventstore.jpa.SQLErrorCodesResolver",0,4,""
0.5,"axon-common-5.1.2","org.axonframework.common.infra.DescribableComponent",47,1,"axon-conversion-5.1.2","org.axonframework.conversion.PassThroughConverter",0,2,""
0.5,"axon-common-5.1.2","org.axonframework.common.jdbc.JdbcSQLErrorCodesResolver",0,1,"axon-eventsourcing-5.1.2","org.axonframework.eventsourcing.eventstore.jpa.SQLStateResolver",0,2,""
0.5,"axon-common-5.1.2","org.axonframework.common.jpa.FactoryBasedEntityManagerProvider",0,1,"axon-common-5.1.2","org.axonframework.common.jpa.SimpleEntityManagerProvider",0,2,""
0.5,"axon-common-5.1.2","org.axonframework.common.jpa.SimpleEntityManagerProvider",0,2,"axon-common-5.1.2","org.axonframework.common.AxonThreadFactory",2,1,""
0.5,"axon-common-5.1.2","org.axonframework.common.jpa.SimpleEntityManagerProvider",0,2,"axon-common-5.1.2","org.axonframework.common.jpa.FactoryBasedEntityManagerProvider",0,1,""
0.5,"axon-common-5.1.2","org.axonframework.common.lock.LockFactory",2,1,"axon-common-5.1.2","org.axonframework.common.lock.NoOpLock",1,1,""
0.5,"axon-common-5.1.2","org.axonframework.common.lock.NoOpLock",1,1,"axon-common-5.1.2","org.axonframework.common.lock.LockFactory",2,1,""
0.5,"axon-common-5.1.2","org.axonframework.common.property.DirectlyAccessedProperty",1,2,"axon-common-5.1.2","org.axonframework.common.property.MethodAccessedProperty",1,3,""
0.5,"axon-common-5.1.2","org.axonframework.common.property.MethodAccessedProperty",1,3,"axon-common-5.1.2","org.axonframework.common.property.DirectlyAccessedProperty",1,2,""
0.5,"axon-common-5.1.2","org.axonframework.common.property.PropertyAccessException",2,1,"axon-common-5.1.2","org.axonframework.common.digest.Digester",0,1,""
0.5,"axon-conversion-5.1.2","org.axonframework.conversion.Converter",52,1,"axon-conversion-5.1.2","org.axonframework.conversion.avro.AvroConverterStrategy",3,2,""
0.5,"axon-conversion-5.1.2","org.axonframework.conversion.GeneralConverter",5,1,"axon-conversion-5.1.2","org.axonframework.conversion.PassThroughConverter",0,2,""
0.5,"axon-conversion-5.1.2","org.axonframework.conversion.PassThroughConverter",0,2,"axon-common-5.1.2","org.axonframework.common.infra.DescribableComponent",47,1,""
0.5,"axon-conversion-5.1.2","org.axonframework.conversion.PassThroughConverter",0,2,"axon-conversion-5.1.2","org.axonframework.conversion.GeneralConverter",5,1,""
0.5,"axon-conversion-5.1.2","org.axonframework.conversion.avro.AvroConverterStrategy",3,2,"axon-conversion-5.1.2","org.axonframework.conversion.Converter",52,1,""
0.5,"axon-conversion-5.1.2","org.axonframework.conversion.avro.AvroConverterStrategy",3,2,"axon-messaging-5.1.2","org.axonframework.messaging.eventhandling.processing.EventProcessor",8,1,""
0.5,"axon-conversion-5.1.2","org.axonframework.conversion.avro.ByteArrayToGenericRecordConverter",1,3,"axon-conversion-5.1.2","org.axonframework.conversion.jackson.ByteArrayToJsonNodeConverter",1,2,""
0.5,"axon-conversion-5.1.2","org.axonframework.conversion.avro.ByteArrayToGenericRecordConverter",1,3,"axon-conversion-5.1.2","org.axonframework.conversion.jackson.JsonNodeToObjectNodeConverter",1,2,""
0.5,"axon-conversion-5.1.2","org.axonframework.conversion.avro.SchemaIncompatibilityChecker",3,1,"axon-conversion-5.1.2","org.axonframework.conversion.avro.ByteArrayToGenericRecordConverter",1,3,""
0.5,"axon-eventsourcing-5.1.2","org.axonframework.eventsourcing.CriteriaResolver",10,2,"axon-modelling-5.1.2","org.axonframework.modelling.repository.SimpleRepositoryEntityLoader",4,1,""
0.5,"axon-eventsourcing-5.1.2","org.axonframework.eventsourcing.CriteriaResolver",10,2,"axon-modelling-5.1.2","org.axonframework.modelling.repository.SimpleRepositoryEntityPersister",4,1,""
0.5,"axon-eventsourcing-5.1.2","org.axonframework.eventsourcing.EventSourcedEntityFactory",9,2,"axon-messaging-5.1.2","org.axonframework.messaging.eventhandling.EventSubscribers",1,6,""
0.5,"axon-eventsourcing-5.1.2","org.axonframework.eventsourcing.annotation.CriteriaResolverDefinition",3,2,"axon-common-5.1.2","org.axonframework.common.configuration.AxonConfiguration",13,1,""
0.5,"axon-eventsourcing-5.1.2","org.axonframework.eventsourcing.annotation.CriteriaResolverDefinition",3,2,"axon-common-5.1.2","org.axonframework.common.configuration.ComponentBuilder",36,1,""
0.5,"axon-eventsourcing-5.1.2","org.axonframework.eventsourcing.annotation.CriteriaResolverDefinition",3,2,"axon-common-5.1.2","org.axonframework.common.configuration.LifecycleHandler",4,1,""
0.5,"axon-eventsourcing-5.1.2","org.axonframework.eventsourcing.annotation.EventSourcedEntityFactoryDefinition",3,2,"axon-common-5.1.2","org.axonframework.common.configuration.AxonConfiguration",13,1,""
0.5,"axon-eventsourcing-5.1.2","org.axonframework.eventsourcing.annotation.EventSourcedEntityFactoryDefinition",3,2,"axon-common-5.1.2","org.axonframework.common.configuration.ComponentBuilder",36,1,""
0.5,"axon-eventsourcing-5.1.2","org.axonframework.eventsourcing.annotation.EventSourcedEntityFactoryDefinition",3,2,"axon-common-5.1.2","org.axonframework.common.configuration.LifecycleHandler",4,1,""
0.5,"axon-eventsourcing-5.1.2","org.axonframework.eventsourcing.annotation.reflection.AnnotationBasedEventSourcedEntityFactory$IdTypeParameterResolver",1,4,"axon-messaging-5.1.2","org.axonframework.messaging.core.annotation.SourceIdParameterResolverFactory$SourceIdParameterResolver",1,4,""
0.5,"axon-eventsourcing-5.1.2","org.axonframework.eventsourcing.annotation.reflection.AnnotationBasedEventSourcedEntityFactory$IdTypeParameterResolver",1,4,"axon-messaging-5.1.2","org.axonframework.messaging.core.unitofwork.annotation.ProcessingContextParameterResolverFactory$ProcessingContextParameterResolver",1,2,""
0.5,"axon-eventsourcing-5.1.2","org.axonframework.eventsourcing.annotation.reflection.AnnotationBasedEventSourcedEntityFactory$IdTypeParameterResolver",1,4,"axon-messaging-5.1.2","org.axonframework.messaging.eventhandling.annotation.SequenceNumberParameterResolverFactory$SequenceNumberParameterResolver",1,4,""
0.5,"axon-eventsourcing-5.1.2","org.axonframework.eventsourcing.eventstore.ConsistencyMarkers$InfinityConsistencyMarker",2,2,"axon-eventsourcing-5.1.2","org.axonframework.eventsourcing.eventstore.GlobalIndexConsistencyMarker",6,4,""
0.5,"axon-eventsourcing-5.1.2","org.axonframework.eventsourcing.eventstore.GlobalIndexConsistencyMarker",6,4,"axon-eventsourcing-5.1.2","org.axonframework.eventsourcing.eventstore.ConsistencyMarkers$InfinityConsistencyMarker",2,2,""
0.5,"axon-eventsourcing-5.1.2","org.axonframework.eventsourcing.eventstore.SourcingStrategy$Absolute",5,3,"axon-eventsourcing-5.1.2","org.axonframework.eventsourcing.eventstore.SourcingStrategy$Snapshot",4,3,""
0.5,"axon-eventsourcing-5.1.2","org.axonframework.eventsourcing.eventstore.SourcingStrategy$Snapshot",4,3,"axon-eventsourcing-5.1.2","org.axonframework.eventsourcing.eventstore.SourcingStrategy$Absolute",5,3,""
0.5,"axon-eventsourcing-5.1.2","org.axonframework.eventsourcing.eventstore.TagResolver",7,2,"axon-eventsourcing-5.1.2","org.axonframework.eventsourcing.eventstore.TaggedEventMessage",16,2,""
0.5,"axon-eventsourcing-5.1.2","org.axonframework.eventsourcing.eventstore.TaggedEventMessage",16,2,"axon-eventsourcing-5.1.2","org.axonframework.eventsourcing.eventstore.TagResolver",7,2,""
0.5,"axon-eventsourcing-5.1.2","org.axonframework.eventsourcing.eventstore.jpa.AggregateBasedJpaEventStorageEngine$1",1,2,"axon-common-5.1.2","org.axonframework.common.TypeReference$1",1,1,""
0.5,"axon-eventsourcing-5.1.2","org.axonframework.eventsourcing.eventstore.jpa.AggregateBasedJpaEventStorageEngine$1",1,2,"axon-common-5.1.2","org.axonframework.common.TypeReference$2",1,1,""
0.5,"axon-eventsourcing-5.1.2","org.axonframework.eventsourcing.eventstore.jpa.AggregateBasedJpaEventStorageEngine$2",1,6,"axon-server-connector-5.1.2","io.axoniq.framework.axonserver.connector.event.AggregateBasedAxonServerEventStorageEngine$1",1,6,""
0.5,"axon-eventsourcing-5.1.2","org.axonframework.eventsourcing.eventstore.jpa.SQLErrorCodesResolver",0,4,"axon-common-5.1.2","org.axonframework.common.digest.Digester",0,1,""
0.5,"axon-eventsourcing-5.1.2","org.axonframework.eventsourcing.eventstore.jpa.SQLStateResolver",0,2,"axon-common-5.1.2","org.axonframework.common.jdbc.JdbcSQLErrorCodesResolver",0,1,""
0.5,"axon-eventsourcing-5.1.2","org.axonframework.eventsourcing.eventstore.jpa.SQLStateResolver",0,2,"axon-messaging-5.1.2","org.axonframework.messaging.core.RemoteExceptionDescription",6,1,""
0.5,"axon-eventsourcing-5.1.2","org.axonframework.eventsourcing.handler.SourcingHandler",1,2,"axon-modelling-5.1.2","org.axonframework.modelling.repository.SimpleRepositoryEntityPersister",4,1,""
0.5,"axon-eventsourcing-5.1.2","org.axonframework.eventsourcing.handler.SourcingHandler",1,2,"axon-update-5.1.2","org.axonframework.update.api.ArtifactAvailableUpgrade",2,1,""
0.5,"axon-tracing-opentelemetry-5.1.2","org.axonframework.extension.tracing.opentelemetry.MetadataContextGetter",1,2,"axon-messaging-5.1.2","org.axonframework.messaging.core.correlation.MessageOriginProvider",1,3,""
0.5,"axon-messaging-5.1.2","org.axonframework.messaging.commandhandling.CommandHandlingComponent",8,3,"axon-messaging-5.1.2","org.axonframework.messaging.commandhandling.DuplicateCommandHandlerSubscriptionException",3,2,""
0.5,"axon-messaging-5.1.2","org.axonframework.messaging.commandhandling.CommandHandlingComponent",8,3,"axon-messaging-5.1.2","org.axonframework.messaging.queryhandling.QueryHandlingComponent",5,3,""
0.5,"axon-messaging-5.1.2","org.axonframework.messaging.commandhandling.DuplicateCommandHandlerSubscriptionException",3,2,"axon-messaging-5.1.2","org.axonframework.messaging.commandhandling.CommandHandlingComponent",8,3,""
0.5,"axon-messaging-5.1.2","org.axonframework.messaging.commandhandling.MetadataRoutingStrategy",0,3,"axon-modelling-5.1.2","org.axonframework.modelling.entity.ChildEntityNotFoundException",2,1,""
0.5,"axon-messaging-5.1.2","org.axonframework.messaging.commandhandling.MetadataRoutingStrategy",0,3,"axon-modelling-5.1.2","org.axonframework.modelling.entity.EntityAlreadyExistsForCreationalCommandHandlerException",2,1,""
0.5,"axon-messaging-5.1.2","org.axonframework.messaging.commandhandling.MetadataRoutingStrategy",0,3,"axon-modelling-5.1.2","org.axonframework.modelling.entity.EntityMissingForInstanceCommandHandlerException",2,1,""
0.5,"axon-messaging-5.1.2","org.axonframework.messaging.commandhandling.NoHandlerForCommandException",6,2,"axon-messaging-5.1.2","org.axonframework.messaging.commandhandling.tracing.CommandBusSpanFactory",3,2,""
0.5,"axon-messaging-5.1.2","org.axonframework.messaging.commandhandling.RoutingStrategy",5,1,"axon-modelling-5.1.2","org.axonframework.modelling.entity.ChildEntityNotFoundException",2,1,""
0.5,"axon-messaging-5.1.2","org.axonframework.messaging.commandhandling.RoutingStrategy",5,1,"axon-modelling-5.1.2","org.axonframework.modelling.entity.EntityAlreadyExistsForCreationalCommandHandlerException",2,1,""
0.5,"axon-messaging-5.1.2","org.axonframework.messaging.commandhandling.RoutingStrategy",5,1,"axon-modelling-5.1.2","org.axonframework.modelling.entity.EntityMissingForInstanceCommandHandlerException",2,1,""
0.5,"axon-messaging-5.1.2","org.axonframework.messaging.commandhandling.annotation.Command",1,2,"axon-messaging-5.1.2","org.axonframework.messaging.commandhandling.RoutingStrategy",5,1,""
0.5,"axon-messaging-5.1.2","org.axonframework.messaging.commandhandling.annotation.CommandHandler",1,2,"axon-messaging-5.1.2","org.axonframework.messaging.commandhandling.RoutingStrategy",5,1,""
0.5,"axon-messaging-5.1.2","org.axonframework.messaging.commandhandling.gateway.ContextAwareCommandDispatcher",1,7,"axon-messaging-5.1.2","org.axonframework.messaging.commandhandling.gateway.ConvertingCommandGateway",1,7,""
0.5,"axon-messaging-5.1.2","org.axonframework.messaging.commandhandling.gateway.ConvertingCommandGateway",1,7,"axon-messaging-5.1.2","org.axonframework.messaging.commandhandling.gateway.ContextAwareCommandDispatcher",1,7,""
0.5,"axon-messaging-5.1.2","org.axonframework.messaging.commandhandling.gateway.FutureCommandResult",1,2,"axon-test-5.1.2","org.axonframework.test.util.MessageMonitorReport$Report$Success",3,2,""
0.5,"axon-messaging-5.1.2","org.axonframework.messaging.commandhandling.tracing.CommandBusSpanFactory",3,2,"axon-messaging-5.1.2","org.axonframework.messaging.commandhandling.NoHandlerForCommandException",6,2,""
0.5,"axon-messaging-5.1.2","org.axonframework.messaging.core.CompletionCallbackMessageStream$Empty",2,3,"axon-messaging-5.1.2","org.axonframework.messaging.core.DelayedMessageStream$Empty",1,3,""
0.5,"axon-messaging-5.1.2","org.axonframework.messaging.core.CompletionCallbackMessageStream$Single",2,3,"axon-messaging-5.1.2","org.axonframework.messaging.core.DelayedMessageStream$Single",1,3,""
0.5,"axon-messaging-5.1.2","org.axonframework.messaging.core.DelayedMessageStream$Empty",1,3,"axon-messaging-5.1.2","org.axonframework.messaging.core.CompletionCallbackMessageStream$Empty",2,3,""
0.5,"axon-messaging-5.1.2","org.axonframework.messaging.core.DelayedMessageStream$Single",1,3,"axon-messaging-5.1.2","org.axonframework.messaging.core.CompletionCallbackMessageStream$Single",2,3,""
0.5,"axon-messaging-5.1.2","org.axonframework.messaging.core.DelegatingMessageStream",2,2,"axon-messaging-5.1.2","org.axonframework.messaging.core.FluxUtils$FluxStreamAdapter",1,3,""
0.5,"axon-messaging-5.1.2","org.axonframework.messaging.core.EmptyApplicationContext",3,2,"axon-update-5.1.2","org.axonframework.update.api.Artifact",3,1,""
0.5,"axon-messaging-5.1.2","org.axonframework.messaging.core.EmptyApplicationContext",3,2,"axon-update-5.1.2","org.axonframework.update.api.ArtifactAvailableUpgrade",2,1,""
0.5,"axon-messaging-5.1.2","org.axonframework.messaging.core.EmptyApplicationContext",3,2,"axon-update-5.1.2","org.axonframework.update.api.DetectedVulnerabilitySeverity",3,1,""
0.5,"axon-messaging-5.1.2","org.axonframework.messaging.core.EmptyContext",1,2,"axon-messaging-5.1.2","org.axonframework.messaging.core.LegacyResources",7,1,""
0.5,"axon-messaging-5.1.2","org.axonframework.messaging.core.FilteringMessageStream$Single",2,4,"axon-messaging-5.1.2","org.axonframework.messaging.core.MappedMessageStream$Single",2,4,""
0.5,"axon-messaging-5.1.2","org.axonframework.messaging.core.FluxMessageStream",2,6,"axon-messaging-5.1.2","org.axonframework.messaging.core.SingleValueMessageStream",1,5,""
0.5,"axon-messaging-5.1.2","org.axonframework.messaging.core.FluxUtils$FluxStreamAdapter",1,3,"axon-messaging-5.1.2","org.axonframework.messaging.core.DelegatingMessageStream",2,2,""
0.5,"axon-messaging-5.1.2","org.axonframework.messaging.core.LegacyResources",7,1,"axon-messaging-5.1.2","org.axonframework.messaging.core.EmptyContext",1,2,""
0.5,"axon-messaging-5.1.2","org.axonframework.messaging.core.MappedMessageStream$Single",2,4,"axon-messaging-5.1.2","org.axonframework.messaging.core.FilteringMessageStream$Single",2,4,""
0.5,"axon-messaging-5.1.2","org.axonframework.messaging.core.MappedMessageStream$Single",2,4,"axon-messaging-5.1.2","org.axonframework.messaging.core.OnNextMessageStream$Single",2,4,""
0.5,"axon-messaging-5.1.2","org.axonframework.messaging.core.MessageStream$Entry",69,3,"axon-messaging-5.1.2","org.axonframework.messaging.core.EmptyContext",1,2,""
0.5,"axon-messaging-5.1.2","org.axonframework.messaging.core.MessageStreamUtils$Reducer",1,3,"axon-messaging-5.1.2","org.axonframework.messaging.core.OnNextMessageStream",2,5,""
0.5,"axon-messaging-5.1.2","org.axonframework.messaging.core.OnNextMessageStream",2,5,"axon-messaging-5.1.2","org.axonframework.messaging.core.MessageStreamUtils$Reducer",1,3,""
0.5,"axon-messaging-5.1.2","org.axonframework.messaging.core.OnNextMessageStream$Single",2,4,"axon-messaging-5.1.2","org.axonframework.messaging.core.MappedMessageStream$Single",2,4,""
0.5,"axon-messaging-5.1.2","org.axonframework.messaging.core.RemoteExceptionDescription",6,1,"axon-server-connector-5.1.2","io.axoniq.framework.axonserver.connector.shared.ErrorCode",7,1,""
0.5,"axon-messaging-5.1.2","org.axonframework.messaging.core.RemoteExceptionDescription",6,1,"axon-eventsourcing-5.1.2","org.axonframework.eventsourcing.eventstore.jpa.SQLStateResolver",0,2,""
0.5,"axon-messaging-5.1.2","org.axonframework.messaging.core.SingleValueMessageStream",1,5,"axon-messaging-5.1.2","org.axonframework.messaging.core.FluxMessageStream",2,6,""
0.5,"axon-messaging-5.1.2","org.axonframework.messaging.core.SubscribableEventSource",5,3,"axon-messaging-5.1.2","org.axonframework.messaging.eventhandling.processing.streaming.pooled.WorkPackage$EventFilter",4,3,""
0.5,"axon-messaging-5.1.2","org.axonframework.messaging.core.annotation.HandlerComparator",1,1,"axon-messaging-5.1.2","org.axonframework.messaging.core.annotation.WrappedMessageHandlingMember",9,4,""
0.5,"axon-messaging-5.1.2","org.axonframework.messaging.core.annotation.MessageHandler",8,2,"axon-messaging-5.1.2","org.axonframework.messaging.core.interception.annotation.MessageHandlerInterceptor",2,2,""
0.5,"axon-messaging-5.1.2","org.axonframework.messaging.core.annotation.MessageHandler",8,2,"axon-messaging-5.1.2","org.axonframework.messaging.tracing.attributes.MessageIdSpanAttributesProvider",0,2,""
0.5,"axon-messaging-5.1.2","org.axonframework.messaging.core.annotation.MessageHandler",8,2,"axon-messaging-5.1.2","org.axonframework.messaging.tracing.attributes.MessageTypeSpanAttributesProvider",0,2,""
0.5,"axon-messaging-5.1.2","org.axonframework.messaging.core.annotation.MessageHandlingMember",38,4,"axon-messaging-5.1.2","org.axonframework.messaging.core.annotation.DefaultParameterResolverFactory$MessageParameterResolver",1,3,""
0.5,"axon-messaging-5.1.2","org.axonframework.messaging.core.annotation.ParameterResolver",47,1,"axon-modelling-5.1.2","org.axonframework.modelling.repository.SimpleRepositoryEntityLoader",4,1,""
0.5,"axon-messaging-5.1.2","org.axonframework.messaging.core.annotation.UnsupportedHandlerException",4,1,"axon-common-5.1.2","org.axonframework.common.digest.Digester",0,1,""
0.5,"axon-messaging-5.1.2","org.axonframework.messaging.core.annotation.WrappedMessageHandlingMember",9,4,"axon-messaging-5.1.2","org.axonframework.messaging.core.annotation.HandlerComparator",1,1,""
0.5,"axon-messaging-5.1.2","org.axonframework.messaging.core.conversion.DelegatingMessageConverter",2,5,"axon-messaging-5.1.2","org.axonframework.messaging.eventhandling.replay.ReplayStatusChanged",8,5,""
0.5,"axon-messaging-5.1.2","org.axonframework.messaging.core.correlation.CorrelationDataProvider",8,1,"axon-messaging-5.1.2","org.axonframework.messaging.core.sequencing.SequencingPolicy",17,2,""
0.5,"axon-messaging-5.1.2","org.axonframework.messaging.core.correlation.CorrelationDataProvider",8,1,"axon-messaging-5.1.2","org.axonframework.messaging.tracing.attributes.AggregateIdentifierSpanAttributesProvider",0,2,""
0.5,"axon-messaging-5.1.2","org.axonframework.messaging.core.correlation.SimpleCorrelationDataProvider",0,3,"axon-messaging-5.1.2","org.axonframework.messaging.tracing.attributes.MetadataSpanAttributesProvider",0,3,""
0.5,"axon-messaging-5.1.2","org.axonframework.messaging.core.interception.DispatchInterceptorFactory",2,3,"axon-messaging-5.1.2","org.axonframework.messaging.core.interception.HandlerInterceptorFactory",2,3,""
0.5,"axon-messaging-5.1.2","org.axonframework.messaging.core.interception.DispatchInterceptorFactory",2,3,"axon-messaging-5.1.2","org.axonframework.messaging.monitoring.configuration.MessageMonitorFactory",3,3,""
0.5,"axon-messaging-5.1.2","org.axonframework.messaging.core.interception.HandlerInterceptorFactory",2,3,"axon-messaging-5.1.2","org.axonframework.messaging.core.interception.DispatchInterceptorFactory",2,3,""
0.5,"axon-messaging-5.1.2","org.axonframework.messaging.core.interception.HandlerInterceptorFactory",2,3,"axon-messaging-5.1.2","org.axonframework.messaging.monitoring.configuration.MessageMonitorFactory",3,3,""
0.5,"axon-messaging-5.1.2","org.axonframework.messaging.core.interception.annotation.MessageHandlerInterceptor",2,2,"axon-messaging-5.1.2","org.axonframework.messaging.core.annotation.MessageHandler",8,2,""
0.5,"axon-messaging-5.1.2","org.axonframework.messaging.core.interception.annotation.MessageHandlerInterceptor",2,2,"axon-messaging-5.1.2","org.axonframework.messaging.tracing.attributes.MessageIdSpanAttributesProvider",0,2,""
0.5,"axon-messaging-5.1.2","org.axonframework.messaging.core.interception.annotation.MessageHandlerInterceptor",2,2,"axon-messaging-5.1.2","org.axonframework.messaging.tracing.attributes.MessageTypeSpanAttributesProvider",0,2,""
0.5,"axon-messaging-5.1.2","org.axonframework.messaging.core.interception.annotation.ResultParameterResolverFactory$ExceptionResultParameterResolver",1,3,"axon-messaging-5.1.2","org.axonframework.messaging.core.annotation.FixedValueParameterResolver",2,2,""
0.5,"axon-messaging-5.1.2","org.axonframework.messaging.core.retry.DoNotRetryOutcome",1,1,"axon-messaging-5.1.2","org.axonframework.messaging.core.retry.RetryPolicy",5,3,""
0.5,"axon-messaging-5.1.2","org.axonframework.messaging.core.retry.RetryOutcome",1,1,"axon-messaging-5.1.2","org.axonframework.messaging.core.retry.RetryPolicy",5,3,""
0.5,"axon-messaging-5.1.2","org.axonframework.messaging.core.retry.RetryPolicy",5,3,"axon-messaging-5.1.2","org.axonframework.messaging.core.retry.DoNotRetryOutcome",1,1,""
0.5,"axon-messaging-5.1.2","org.axonframework.messaging.core.retry.RetryPolicy",5,3,"axon-messaging-5.1.2","org.axonframework.messaging.core.retry.RetryOutcome",1,1,""
0.5,"axon-messaging-5.1.2","org.axonframework.messaging.core.retry.RetryScheduler",2,4,"axon-messaging-5.1.2","org.axonframework.messaging.core.MessageDispatchInterceptorChain",9,3,""
0.5,"axon-messaging-5.1.2","org.axonframework.messaging.core.retry.RetryScheduler",2,4,"axon-messaging-5.1.2","org.axonframework.messaging.core.MessageHandlerInterceptorChain",19,3,""
0.5,"axon-messaging-5.1.2","org.axonframework.messaging.core.sequencing.MetadataSequencingPolicy",0,5,"axon-messaging-5.1.2","org.axonframework.messaging.core.annotation.DefaultParameterResolverFactory$MetadataParameterResolver",1,4,""
0.5,"axon-messaging-5.1.2","org.axonframework.messaging.core.sequencing.SequentialPolicy",2,4,"axon-messaging-5.1.2","org.axonframework.messaging.core.sequencing.MetadataSequencingPolicy",0,5,""
0.5,"axon-messaging-5.1.2","org.axonframework.messaging.eventhandling.DelegatingEventBus",0,6,"axon-test-5.1.2","org.axonframework.test.fixture.RecordingEventBus",1,8,""
0.5,"axon-messaging-5.1.2","org.axonframework.messaging.eventhandling.EventSubscribers",1,6,"axon-eventsourcing-5.1.2","org.axonframework.eventsourcing.EventSourcedEntityFactory",9,2,""
0.5,"axon-messaging-5.1.2","org.axonframework.messaging.eventhandling.NoHandlerForEventException",1,1,"axon-modelling-5.1.2","org.axonframework.modelling.EntityEvolvingComponent",2,2,""
0.5,"axon-messaging-5.1.2","org.axonframework.messaging.eventhandling.configuration.EventHandlingComponentsConfigurer$AdditionalComponentPhase",3,2,"axon-messaging-5.1.2","org.axonframework.messaging.eventhandling.configuration.EventHandlingComponentsConfigurer$RequiredComponentPhase",7,1,""
0.5,"axon-messaging-5.1.2","org.axonframework.messaging.eventhandling.configuration.EventHandlingComponentsConfigurer$RequiredComponentPhase",7,1,"axon-messaging-5.1.2","org.axonframework.messaging.eventhandling.configuration.EventHandlingComponentsConfigurer$AdditionalComponentPhase",3,2,""
0.5,"axon-messaging-5.1.2","org.axonframework.messaging.eventhandling.configuration.SubscribableEventSourceDefinition",0,2,"axon-common-5.1.2","org.axonframework.common.configuration.AxonConfiguration",13,1,""
0.5,"axon-messaging-5.1.2","org.axonframework.messaging.eventhandling.configuration.SubscribableEventSourceDefinition",0,2,"axon-common-5.1.2","org.axonframework.common.configuration.ComponentBuilder",36,1,""
0.5,"axon-messaging-5.1.2","org.axonframework.messaging.eventhandling.configuration.SubscribableEventSourceDefinition",0,2,"axon-common-5.1.2","org.axonframework.common.configuration.LifecycleHandler",4,1,""
0.5,"axon-messaging-5.1.2","org.axonframework.messaging.eventhandling.gateway.ProcessingContextEventAppender",1,9,"axon-test-5.1.2","org.axonframework.test.fixture.RecordingEventSink",5,5,""
0.5,"axon-messaging-5.1.2","org.axonframework.messaging.eventhandling.processing.EventProcessor",8,1,"axon-conversion-5.1.2","org.axonframework.conversion.avro.AvroConverterStrategy",3,2,""
0.5,"axon-messaging-5.1.2","org.axonframework.messaging.eventhandling.processing.streaming.pooled.WorkPackage$EventFilter",4,3,"axon-messaging-5.1.2","org.axonframework.messaging.core.SubscribableEventSource",5,3,""
0.5,"axon-messaging-5.1.2","org.axonframework.messaging.eventhandling.processing.streaming.token.GapAwareTrackingToken",3,3,"axon-messaging-5.1.2","org.axonframework.messaging.eventhandling.processing.streaming.pooled.Coordinator$NoToken",2,1,""
0.5,"axon-messaging-5.1.2","org.axonframework.messaging.eventhandling.processing.streaming.token.WrappedToken",6,1,"axon-messaging-5.1.2","org.axonframework.messaging.eventhandling.processing.streaming.pooled.Coordinator$NoToken",2,1,""
0.5,"axon-messaging-5.1.2","org.axonframework.messaging.eventhandling.processing.streaming.token.annotation.TrackingTokenParameterResolverFactory$TrackingTokenParameterResolver",1,5,"axon-messaging-5.1.2","org.axonframework.messaging.eventhandling.processing.streaming.pooled.Coordinator$NoToken",2,1,""
0.5,"axon-messaging-5.1.2","org.axonframework.messaging.eventhandling.replay.ReplayStatusChangedHandlerRegistry",1,2,"axon-update-5.1.2","org.axonframework.update.api.Artifact",3,1,""
0.5,"axon-messaging-5.1.2","org.axonframework.messaging.eventhandling.replay.ReplayStatusChangedHandlerRegistry",1,2,"axon-update-5.1.2","org.axonframework.update.api.ArtifactAvailableUpgrade",2,1,""
0.5,"axon-messaging-5.1.2","org.axonframework.messaging.eventhandling.replay.ReplayStatusChangedHandlerRegistry",1,2,"axon-update-5.1.2","org.axonframework.update.api.DetectedVulnerabilitySeverity",3,1,""
0.5,"axon-messaging-5.1.2","org.axonframework.messaging.eventstreaming.DefaultStreamingCondition",2,3,"axon-messaging-5.1.2","org.axonframework.messaging.eventstreaming.StartingFrom",1,4,""
0.5,"axon-messaging-5.1.2","org.axonframework.messaging.eventstreaming.StartingFrom",1,4,"axon-messaging-5.1.2","org.axonframework.messaging.eventstreaming.DefaultStreamingCondition",2,3,""
0.5,"axon-messaging-5.1.2","org.axonframework.messaging.eventstreaming.Tag",22,3,"axon-messaging-5.1.2","org.axonframework.messaging.core.EmptyContext",1,2,""
0.5,"axon-messaging-5.1.2","org.axonframework.messaging.monitoring.MessageMonitor",26,2,"axon-messaging-5.1.2","org.axonframework.messaging.monitoring.NoOpMessageMonitor",4,4,""
0.5,"axon-messaging-5.1.2","org.axonframework.messaging.monitoring.NoOpMessageMonitor",4,4,"axon-messaging-5.1.2","org.axonframework.messaging.monitoring.MessageMonitor",26,2,""
0.5,"axon-messaging-5.1.2","org.axonframework.messaging.monitoring.configuration.MessageMonitorFactory",3,3,"axon-messaging-5.1.2","org.axonframework.messaging.core.interception.DispatchInterceptorFactory",2,3,""
0.5,"axon-messaging-5.1.2","org.axonframework.messaging.monitoring.configuration.MessageMonitorFactory",3,3,"axon-messaging-5.1.2","org.axonframework.messaging.core.interception.HandlerInterceptorFactory",2,3,""
0.5,"axon-messaging-5.1.2","org.axonframework.messaging.queryhandling.DuplicateQueryHandlerSubscriptionException",2,2,"axon-messaging-5.1.2","org.axonframework.messaging.queryhandling.QueryHandlingComponent",5,3,""
0.5,"axon-messaging-5.1.2","org.axonframework.messaging.queryhandling.QueryHandlingComponent",5,3,"axon-messaging-5.1.2","org.axonframework.messaging.commandhandling.CommandHandlingComponent",8,3,""
0.5,"axon-messaging-5.1.2","org.axonframework.messaging.queryhandling.QueryHandlingComponent",5,3,"axon-messaging-5.1.2","org.axonframework.messaging.queryhandling.DuplicateQueryHandlerSubscriptionException",2,2,""
0.5,"axon-messaging-5.1.2","org.axonframework.messaging.tracing.SpanAttributesProvider",11,1,"axon-messaging-5.1.2","org.axonframework.messaging.core.sequencing.SequencingPolicy",17,2,""
0.5,"axon-messaging-5.1.2","org.axonframework.messaging.tracing.SpanAttributesProvider",11,1,"axon-messaging-5.1.2","org.axonframework.messaging.tracing.attributes.AggregateIdentifierSpanAttributesProvider",0,2,""
0.5,"axon-messaging-5.1.2","org.axonframework.messaging.tracing.SpanUtils",1,2,"axon-messaging-5.1.2","org.axonframework.messaging.core.interception.annotation.MessageHandlerInterceptor",2,2,""
0.5,"axon-messaging-5.1.2","org.axonframework.messaging.tracing.SpanUtils",1,2,"axon-messaging-5.1.2","org.axonframework.messaging.tracing.attributes.MessageIdSpanAttributesProvider",0,2,""
0.5,"axon-modelling-5.1.2","org.axonframework.modelling.EntityEvolver",13,2,"axon-modelling-5.1.2","org.axonframework.modelling.repository.SimpleRepositoryEntityLoader",4,1,""
0.5,"axon-modelling-5.1.2","org.axonframework.modelling.EntityEvolvingComponent",2,2,"axon-messaging-5.1.2","org.axonframework.messaging.eventhandling.NoHandlerForEventException",1,1,""
0.5,"axon-modelling-5.1.2","org.axonframework.modelling.EntityIdResolver",17,3,"axon-messaging-5.1.2","org.axonframework.messaging.core.MessageDispatchInterceptorChain",9,3,""
0.5,"axon-modelling-5.1.2","org.axonframework.modelling.EntityIdResolver",17,3,"axon-messaging-5.1.2","org.axonframework.messaging.core.MessageHandlerInterceptorChain",19,3,""
0.5,"axon-modelling-5.1.2","org.axonframework.modelling.PayloadBasedEntityEvolver",0,3,"axon-modelling-5.1.2","org.axonframework.modelling.entity.child.EventTargetMatcher",12,2,""
0.5,"axon-modelling-5.1.2","org.axonframework.modelling.annotation.AnnotationBasedEntityIdResolverDefinition",0,5,"axon-modelling-5.1.2","org.axonframework.modelling.annotation.EntityIdResolverDefinition",4,3,""
0.5,"axon-modelling-5.1.2","org.axonframework.modelling.annotation.EntityIdResolverDefinition",4,3,"axon-modelling-5.1.2","org.axonframework.modelling.annotation.AnnotationBasedEntityIdResolverDefinition",0,5,""
0.5,"axon-modelling-5.1.2","org.axonframework.modelling.configuration.EntityModule",4,1,"axon-common-5.1.2","org.axonframework.common.configuration.DuplicateModuleRegistrationException",1,1,""
0.5,"axon-modelling-5.1.2","org.axonframework.modelling.entity.annotation.AnnotatedEntityMetamodelFactory",2,2,"axon-update-5.1.2","org.axonframework.update.api.Artifact",3,1,""
0.5,"axon-modelling-5.1.2","org.axonframework.modelling.entity.annotation.AnnotatedEntityMetamodelFactory",2,2,"axon-update-5.1.2","org.axonframework.update.api.ArtifactAvailableUpgrade",2,1,""
0.5,"axon-modelling-5.1.2","org.axonframework.modelling.entity.annotation.AnnotatedEntityMetamodelFactory",2,2,"axon-update-5.1.2","org.axonframework.update.api.DetectedVulnerabilitySeverity",3,1,""
0.5,"axon-modelling-5.1.2","org.axonframework.modelling.entity.child.EventTargetMatcher",12,2,"axon-messaging-5.1.2","org.axonframework.messaging.core.annotation.ParameterResolver",47,1,""
0.5,"axon-modelling-5.1.2","org.axonframework.modelling.entity.child.EventTargetMatcher",12,2,"axon-modelling-5.1.2","org.axonframework.modelling.PayloadBasedEntityEvolver",0,3,""
0.5,"axon-modelling-5.1.2","org.axonframework.modelling.repository.SimpleRepositoryEntityLoader",4,1,"axon-eventsourcing-5.1.2","org.axonframework.eventsourcing.CriteriaResolver",10,2,""
0.5,"axon-modelling-5.1.2","org.axonframework.modelling.repository.SimpleRepositoryEntityLoader",4,1,"axon-modelling-5.1.2","org.axonframework.modelling.EntityEvolver",13,2,""
0.5,"axon-modelling-5.1.2","org.axonframework.modelling.repository.SimpleRepositoryEntityPersister",4,1,"axon-eventsourcing-5.1.2","org.axonframework.eventsourcing.CriteriaResolver",10,2,""
0.5,"axon-modelling-5.1.2","org.axonframework.modelling.repository.SimpleRepositoryEntityPersister",4,1,"axon-modelling-5.1.2","org.axonframework.modelling.EntityEvolver",13,2,""
0.5,"axon-test-5.1.2","org.axonframework.test.fixture.RecordingEventBus",1,8,"axon-messaging-5.1.2","org.axonframework.messaging.eventhandling.DelegatingEventBus",0,6,""
0.5,"axon-test-5.1.2","org.axonframework.test.fixture.RecordingEventSink",5,5,"axon-messaging-5.1.2","org.axonframework.messaging.eventhandling.gateway.ProcessingContextEventAppender",1,9,""
0.5,"axon-test-5.1.2","org.axonframework.test.matchers.AllFieldsFilter",2,1,"axon-test-5.1.2","org.axonframework.test.matchers.NonTransientFieldsFilter",0,2,""
0.5,"axon-test-5.1.2","org.axonframework.test.matchers.NonStaticFieldsFilter",0,1,"axon-test-5.1.2","org.axonframework.test.matchers.NonTransientFieldsFilter",0,2,""
0.5,"axon-test-5.1.2","org.axonframework.test.matchers.NonTransientFieldsFilter",0,2,"axon-common-5.1.2","org.axonframework.common.IdentifierValidator",0,1,""
0.5,"axon-test-5.1.2","org.axonframework.test.matchers.NonTransientFieldsFilter",0,2,"axon-test-5.1.2","org.axonframework.test.matchers.AllFieldsFilter",2,1,""
0.5,"axon-test-5.1.2","org.axonframework.test.matchers.NonTransientFieldsFilter",0,2,"axon-test-5.1.2","org.axonframework.test.matchers.NonStaticFieldsFilter",0,1,""
0.5,"axon-test-5.1.2","org.axonframework.test.util.CallbackBehavior",2,1,"axon-test-5.1.2","org.axonframework.test.util.DefaultCallbackBehavior",1,2,""
0.5,"axon-test-5.1.2","org.axonframework.test.util.DefaultCallbackBehavior",1,2,"axon-test-5.1.2","org.axonframework.test.util.CallbackBehavior",2,1,""
0.5,"axon-test-5.1.2","org.axonframework.test.util.MessageMonitorReport$Report$Failure",3,2,"axon-test-5.1.2","org.axonframework.test.matchers.PayloadsMatcher",1,1,""
0.5,"axon-test-5.1.2","org.axonframework.test.util.MessageMonitorReport$Report$Ignored",3,2,"axon-test-5.1.2","org.axonframework.test.matchers.PayloadsMatcher",1,1,""
0.5,"axon-test-5.1.2","org.axonframework.test.util.MessageMonitorReport$Report$Success",3,2,"axon-test-5.1.2","org.axonframework.test.matchers.PayloadsMatcher",1,1,""
0.5,"axon-update-5.1.2","org.axonframework.update.configuration.CommandLineUsagePropertyProvider",1,2,"axon-update-5.1.2","org.axonframework.update.api.Artifact",3,1,""
0.5,"axon-update-5.1.2","org.axonframework.update.configuration.CommandLineUsagePropertyProvider",1,2,"axon-update-5.1.2","org.axonframework.update.api.DetectedVulnerabilitySeverity",3,1,""
0.5,"axon-update-5.1.2","org.axonframework.update.configuration.DefaultUsagePropertyProvider",2,2,"axon-update-5.1.2","org.axonframework.update.api.Artifact",3,1,""
0.5,"axon-update-5.1.2","org.axonframework.update.configuration.DefaultUsagePropertyProvider",2,2,"axon-update-5.1.2","org.axonframework.update.api.DetectedVulnerabilitySeverity",3,1,""
0.4954954954954955,"axon-test-5.1.2","org.axonframework.test.fixture.AxonTestGiven",1,21,"axon-test-5.1.2","org.axonframework.test.fixture.AxonTestWhen",5,25,""
0.4954954954954955,"axon-test-5.1.2","org.axonframework.test.fixture.AxonTestWhen",5,25,"axon-test-5.1.2","org.axonframework.test.fixture.AxonTestGiven",1,21,""
0.48936170212765956,"axon-messaging-5.1.2","org.axonframework.messaging.commandhandling.GenericCommandResultMessage",4,8,"axon-messaging-5.1.2","org.axonframework.messaging.core.GenericResultMessage",3,8,""
0.48936170212765956,"axon-messaging-5.1.2","org.axonframework.messaging.core.GenericResultMessage",3,8,"axon-messaging-5.1.2","org.axonframework.messaging.commandhandling.GenericCommandResultMessage",4,8,""
0.4838709677419355,"axon-eventsourcing-5.1.2","org.axonframework.eventsourcing.eventstore.InterceptingEventStore$InterceptingAppender",2,7,"axon-messaging-5.1.2","org.axonframework.messaging.eventhandling.InterceptingEventSink$InterceptingPublisher",1,8,""
0.4838709677419355,"axon-messaging-5.1.2","org.axonframework.messaging.eventhandling.InterceptingEventSink$InterceptingPublisher",1,8,"axon-eventsourcing-5.1.2","org.axonframework.eventsourcing.eventstore.InterceptingEventStore$InterceptingAppender",2,7,""
0.4827586206896552,"axon-messaging-5.1.2","org.axonframework.messaging.core.FailedMessageStream",1,7,"axon-messaging-5.1.2","org.axonframework.messaging.core.TruncateFirstMessageStream",1,7,""
0.48,"axon-messaging-5.1.2","org.axonframework.messaging.tracing.NoOpSpanFactory",0,5,"axon-messaging-5.1.2","org.axonframework.messaging.tracing.SpanFactory",16,3,""
0.48,"axon-messaging-5.1.2","org.axonframework.messaging.tracing.SpanFactory",16,3,"axon-messaging-5.1.2","org.axonframework.messaging.tracing.NoOpSpanFactory",0,5,""
0.475,"axon-messaging-5.1.2","org.axonframework.messaging.core.interception.BeanValidationInterceptor",0,9,"axon-messaging-5.1.2","org.axonframework.messaging.core.interception.LoggingInterceptor",0,10,""
0.475,"axon-messaging-5.1.2","org.axonframework.messaging.core.interception.LoggingInterceptor",0,10,"axon-messaging-5.1.2","org.axonframework.messaging.core.interception.BeanValidationInterceptor",0,9,""
0.47368421052631576,"axon-server-connector-5.1.2","io.axoniq.framework.axonserver.connector.event.AxonServerMessageStream",1,10,"axon-server-connector-5.1.2","io.axoniq.framework.axonserver.connector.event.SourcingEventMessageStream",1,13,""
0.47368421052631576,"axon-server-connector-5.1.2","io.axoniq.framework.axonserver.connector.event.SourcingEventMessageStream",1,13,"axon-server-connector-5.1.2","io.axoniq.framework.axonserver.connector.event.AxonServerMessageStream",1,10,""
0.47368421052631576,"axon-eventsourcing-5.1.2","org.axonframework.eventsourcing.eventstore.AbstractConsistencyMarker",2,1,"axon-eventsourcing-5.1.2","org.axonframework.eventsourcing.eventstore.GlobalIndexConsistencyMarker",6,4,""
0.47368421052631576,"axon-eventsourcing-5.1.2","org.axonframework.eventsourcing.eventstore.GlobalIndexConsistencyMarker",6,4,"axon-eventsourcing-5.1.2","org.axonframework.eventsourcing.eventstore.AbstractConsistencyMarker",2,1,""
0.47368421052631576,"axon-messaging-5.1.2","org.axonframework.messaging.core.conversion.DelegatingMessageConverter",2,5,"axon-messaging-5.1.2","org.axonframework.messaging.queryhandling.QueryMessage",37,3,""
0.47368421052631576,"axon-messaging-5.1.2","org.axonframework.messaging.core.unitofwork.transaction.jdbc.JdbcTransactionalExecutorProvider",2,7,"axon-messaging-5.1.2","org.axonframework.messaging.core.unitofwork.transaction.jpa.JpaTransactionalExecutorProvider",3,7,""
0.47368421052631576,"axon-messaging-5.1.2","org.axonframework.messaging.core.unitofwork.transaction.jpa.JpaTransactionalExecutorProvider",3,7,"axon-messaging-5.1.2","org.axonframework.messaging.core.unitofwork.transaction.jdbc.JdbcTransactionalExecutorProvider",2,7,""
0.47368421052631576,"axon-messaging-5.1.2","org.axonframework.messaging.eventhandling.gateway.DefaultEventGateway",1,8,"axon-test-5.1.2","org.axonframework.test.fixture.RecordingEventSink",5,5,""
0.47368421052631576,"axon-test-5.1.2","org.axonframework.test.fixture.RecordingEventSink",5,5,"axon-messaging-5.1.2","org.axonframework.messaging.eventhandling.gateway.DefaultEventGateway",1,8,""
0.4716981132075472,"axon-messaging-5.1.2","org.axonframework.messaging.core.interception.DispatchInterceptorRegistry",5,11,"axon-messaging-5.1.2","org.axonframework.messaging.monitoring.configuration.MessageMonitorRegistry",5,11,""
0.4716981132075472,"axon-messaging-5.1.2","org.axonframework.messaging.monitoring.configuration.MessageMonitorRegistry",5,11,"axon-messaging-5.1.2","org.axonframework.messaging.core.interception.DispatchInterceptorRegistry",5,11,""
0.47058823529411764,"axon-eventsourcing-5.1.2","org.axonframework.eventsourcing.eventstore.AppendCondition",15,5,"axon-eventsourcing-5.1.2","org.axonframework.eventsourcing.eventstore.NoAppendCondition",1,4,""
0.47058823529411764,"axon-eventsourcing-5.1.2","org.axonframework.eventsourcing.eventstore.NoAppendCondition",1,4,"axon-eventsourcing-5.1.2","org.axonframework.eventsourcing.eventstore.AppendCondition",15,5,""
0.47058823529411764,"axon-messaging-5.1.2","org.axonframework.messaging.eventhandling.processing.streaming.token.GlobalSequenceTrackingToken",8,2,"axon-messaging-5.1.2","org.axonframework.messaging.eventhandling.processing.streaming.pooled.Coordinator$NoToken",2,1,""
0.4666666666666667,"axon-eventsourcing-5.1.2","org.axonframework.eventsourcing.EventSourcedEntityFactory",9,2,"axon-messaging-5.1.2","org.axonframework.messaging.eventhandling.processing.streaming.segmenting.SegmentMatcher",1,5,""
0.4666666666666667,"axon-eventsourcing-5.1.2","org.axonframework.eventsourcing.eventstore.ConsistencyMarkers$OriginConsistencyMarker",2,2,"axon-eventsourcing-5.1.2","org.axonframework.eventsourcing.eventstore.GlobalIndexConsistencyMarker",6,4,""
0.4666666666666667,"axon-eventsourcing-5.1.2","org.axonframework.eventsourcing.eventstore.GlobalIndexConsistencyMarker",6,4,"axon-eventsourcing-5.1.2","org.axonframework.eventsourcing.eventstore.ConsistencyMarkers$OriginConsistencyMarker",2,2,""
0.4666666666666667,"axon-messaging-5.1.2","org.axonframework.messaging.core.AbstractMessage",1,3,"axon-messaging-5.1.2","org.axonframework.messaging.core.annotation.DefaultParameterResolverFactory$AnnotatedMetadataParameterResolver",1,4,""
0.4666666666666667,"axon-messaging-5.1.2","org.axonframework.messaging.core.FluxUtils$FluxStreamAdapter",1,3,"axon-messaging-5.1.2","org.axonframework.messaging.core.OnNextMessageStream",2,5,""
0.4666666666666667,"axon-messaging-5.1.2","org.axonframework.messaging.core.OnNextMessageStream",2,5,"axon-messaging-5.1.2","org.axonframework.messaging.core.FluxUtils$FluxStreamAdapter",1,3,""
0.4666666666666667,"axon-messaging-5.1.2","org.axonframework.messaging.core.unitofwork.ProcessingContext",228,5,"axon-messaging-5.1.2","org.axonframework.messaging.core.LegacyResources",7,1,""
0.4666666666666667,"axon-messaging-5.1.2","org.axonframework.messaging.eventhandling.processing.streaming.segmenting.SegmentMatcher",1,5,"axon-eventsourcing-5.1.2","org.axonframework.eventsourcing.EventSourcedEntityFactory",9,2,""
0.4666666666666667,"axon-messaging-5.1.2","org.axonframework.messaging.eventstreaming.DefaultStreamingCondition",2,3,"axon-messaging-5.1.2","org.axonframework.messaging.eventstreaming.StreamingCondition",14,5,""
0.4666666666666667,"axon-messaging-5.1.2","org.axonframework.messaging.eventstreaming.StreamingCondition",14,5,"axon-messaging-5.1.2","org.axonframework.messaging.eventstreaming.DefaultStreamingCondition",2,3,""
0.46511627906976744,"axon-messaging-5.1.2","org.axonframework.messaging.eventhandling.replay.GenericReplayStatusChanged",1,10,"axon-messaging-5.1.2","org.axonframework.messaging.queryhandling.GenericQueryMessage",2,8,""
0.46153846153846156,"axon-server-connector-5.1.2","io.axoniq.framework.axonserver.connector.query.FlowControlledResponseSender",1,7,"axon-messaging-5.1.2","org.axonframework.messaging.core.MessageStreamUtils$Reducer",1,3,""
0.46153846153846156,"axon-eventsourcing-5.1.2","org.axonframework.eventsourcing.EventSourcedEntityFactory",9,2,"axon-messaging-5.1.2","org.axonframework.messaging.core.sequencing.SequentialPerAggregatePolicy",1,6,""
0.46153846153846156,"axon-eventsourcing-5.1.2","org.axonframework.eventsourcing.eventstore.ConsistencyMarker",24,5,"axon-messaging-5.1.2","org.axonframework.messaging.core.EmptyContext",1,2,""
0.46153846153846156,"axon-messaging-5.1.2","org.axonframework.messaging.core.sequencing.SequentialPerAggregatePolicy",1,6,"axon-eventsourcing-5.1.2","org.axonframework.eventsourcing.EventSourcedEntityFactory",9,2,""
0.46153846153846156,"axon-messaging-5.1.2","org.axonframework.messaging.eventhandling.DelegatingEventBus",0,6,"axon-messaging-5.1.2","org.axonframework.messaging.eventhandling.InterceptingEventBus",2,8,""
0.46153846153846156,"axon-messaging-5.1.2","org.axonframework.messaging.eventhandling.InterceptingEventBus",2,8,"axon-messaging-5.1.2","org.axonframework.messaging.eventhandling.DelegatingEventBus",0,6,""
0.46153846153846156,"axon-messaging-5.1.2","org.axonframework.messaging.eventhandling.annotation.TimestampParameterResolverFactory$TimestampParameterResolver",1,5,"axon-eventsourcing-5.1.2","org.axonframework.eventsourcing.EventSourcedEntityFactory",9,2,""
0.46153846153846156,"axon-messaging-5.1.2","org.axonframework.messaging.eventhandling.processing.streaming.segmenting.Segment",26,4,"axon-messaging-5.1.2","org.axonframework.messaging.core.EmptyContext",1,2,""
0.46153846153846156,"axon-messaging-5.1.2","org.axonframework.messaging.eventhandling.processing.streaming.token.annotation.TrackingTokenParameterResolverFactory$TrackingTokenParameterResolver",1,5,"axon-messaging-5.1.2","org.axonframework.messaging.eventstreaming.TrackingTokenSource",6,2,""
0.46153846153846156,"axon-messaging-5.1.2","org.axonframework.messaging.eventstreaming.TrackingTokenSource",6,2,"axon-messaging-5.1.2","org.axonframework.messaging.eventhandling.processing.streaming.token.annotation.TrackingTokenParameterResolverFactory$TrackingTokenParameterResolver",1,5,""
0.4583333333333333,"axon-eventsourcing-5.1.2","org.axonframework.eventsourcing.eventstore.ContinuousMessageStream",1,6,"axon-messaging-5.1.2","org.axonframework.messaging.core.IteratorMessageStream",1,4,""
0.4583333333333333,"axon-messaging-5.1.2","org.axonframework.messaging.core.IteratorMessageStream",1,4,"axon-eventsourcing-5.1.2","org.axonframework.eventsourcing.eventstore.ContinuousMessageStream",1,6,""
0.4583333333333333,"axon-messaging-5.1.2","org.axonframework.messaging.eventstreaming.AnyEvent",4,6,"axon-messaging-5.1.2","org.axonframework.messaging.eventstreaming.TagFilteredEventCriteria",2,8,""
0.4583333333333333,"axon-messaging-5.1.2","org.axonframework.messaging.eventstreaming.TagFilteredEventCriteria",2,8,"axon-messaging-5.1.2","org.axonframework.messaging.eventstreaming.AnyEvent",4,6,""
0.45652173913043476,"axon-messaging-5.1.2","org.axonframework.messaging.eventhandling.replay.GenericReplayStatusChanged",1,10,"axon-messaging-5.1.2","org.axonframework.messaging.commandhandling.GenericCommandMessage",4,8,""
0.45454545454545453,"axon-messaging-5.1.2","org.axonframework.messaging.core.annotation.MessageHandlingMember",38,4,"axon-messaging-5.1.2","org.axonframework.messaging.core.annotation.MessageIdentifierParameterResolverFactory$MessageIdentifierParameterResolver",1,3,""
0.45454545454545453,"axon-messaging-5.1.2","org.axonframework.messaging.core.configuration.reflection.ParameterResolverFactoryUtils",7,5,"axon-messaging-5.1.2","org.axonframework.messaging.core.reflection.HierarchicalParameterResolverFactoryConfigurationEnhancer",0,5,""
0.45454545454545453,"axon-messaging-5.1.2","org.axonframework.messaging.core.reflection.HierarchicalParameterResolverFactoryConfigurationEnhancer",0,5,"axon-messaging-5.1.2","org.axonframework.messaging.core.configuration.reflection.ParameterResolverFactoryUtils",7,5,""
0.45454545454545453,"axon-messaging-5.1.2","org.axonframework.messaging.eventhandling.annotation.TimestampParameterResolverFactory$TimestampParameterResolver",1,5,"axon-messaging-5.1.2","org.axonframework.messaging.core.annotation.MessageIdentifierParameterResolverFactory$MessageIdentifierParameterResolver",1,3,""
0.45454545454545453,"axon-messaging-5.1.2","org.axonframework.messaging.tracing.SpanFactory",16,3,"axon-metrics-micrometer-5.1.2","org.axonframework.extension.metrics.micrometer.TagsUtil",1,3,""
0.4489795918367347,"axon-messaging-5.1.2","org.axonframework.messaging.commandhandling.interception.InterceptingCommandBus",1,15,"axon-test-5.1.2","org.axonframework.test.fixture.RecordingCommandBus",4,10,""
0.4489795918367347,"axon-messaging-5.1.2","org.axonframework.messaging.commandhandling.retry.RetryingCommandBus",0,14,"axon-test-5.1.2","org.axonframework.test.fixture.RecordingCommandBus",4,10,""
0.4489795918367347,"axon-test-5.1.2","org.axonframework.test.fixture.RecordingCommandBus",4,10,"axon-messaging-5.1.2","org.axonframework.messaging.commandhandling.interception.InterceptingCommandBus",1,15,""
0.4489795918367347,"axon-test-5.1.2","org.axonframework.test.fixture.RecordingCommandBus",4,10,"axon-messaging-5.1.2","org.axonframework.messaging.commandhandling.retry.RetryingCommandBus",0,14,""
0.4482758620689655,"axon-eventsourcing-5.1.2","org.axonframework.eventsourcing.eventstore.ContinuousMessageStream",1,6,"axon-messaging-5.1.2","org.axonframework.messaging.core.FluxMessageStream",2,6,""
0.4482758620689655,"axon-messaging-5.1.2","org.axonframework.messaging.core.FluxMessageStream",2,6,"axon-eventsourcing-5.1.2","org.axonframework.eventsourcing.eventstore.ContinuousMessageStream",1,6,""
0.4482758620689655,"axon-messaging-5.1.2","org.axonframework.messaging.core.MessageDecorator",6,4,"axon-messaging-5.1.2","org.axonframework.messaging.eventhandling.replay.GenericResetContext",1,8,""
0.4444444444444444,"axon-conversion-5.1.2","org.axonframework.conversion.ChainedConverter",1,5,"axon-conversion-5.1.2","org.axonframework.conversion.ChainedConverter$Route",2,2,""
0.4444444444444444,"axon-conversion-5.1.2","org.axonframework.conversion.ChainedConverter$Route",2,2,"axon-conversion-5.1.2","org.axonframework.conversion.ChainedConverter",1,5,""
0.4444444444444444,"axon-eventsourcing-5.1.2","org.axonframework.eventsourcing.eventstore.inmemory.InMemoryEventStorageEngine$MapBackedSourcingEventMessageStream",1,11,"axon-eventsourcing-5.1.2","org.axonframework.eventsourcing.eventstore.inmemory.InMemoryEventStorageEngine$MapBackedStreamingEventMessageStream",1,5,""
0.4444444444444444,"axon-eventsourcing-5.1.2","org.axonframework.eventsourcing.eventstore.inmemory.InMemoryEventStorageEngine$MapBackedStreamingEventMessageStream",1,5,"axon-eventsourcing-5.1.2","org.axonframework.eventsourcing.eventstore.inmemory.InMemoryEventStorageEngine$MapBackedSourcingEventMessageStream",1,11,""
0.4444444444444444,"axon-eventsourcing-5.1.2","org.axonframework.eventsourcing.handler.EntityLifecycleHandler",3,4,"axon-modelling-5.1.2","org.axonframework.modelling.repository.Repository",11,4,""
0.4444444444444444,"axon-messaging-5.1.2","org.axonframework.messaging.core.ClassBasedMessageTypeResolver",1,2,"axon-messaging-5.1.2","org.axonframework.messaging.core.NamespaceMessageTypeResolver",1,3,""
0.4444444444444444,"axon-messaging-5.1.2","org.axonframework.messaging.core.NamespaceMessageTypeResolver",1,3,"axon-messaging-5.1.2","org.axonframework.messaging.core.ClassBasedMessageTypeResolver",1,2,""
0.4444444444444444,"axon-messaging-5.1.2","org.axonframework.messaging.core.correlation.SimpleCorrelationDataProvider",0,3,"axon-messaging-5.1.2","org.axonframework.messaging.core.annotation.DefaultParameterResolverFactory$MetadataParameterResolver",1,4,""
0.4444444444444444,"axon-messaging-5.1.2","org.axonframework.messaging.eventhandling.annotation.MethodEventHandlerDefinition",0,5,"axon-messaging-5.1.2","org.axonframework.messaging.eventhandling.replay.annotation.ReplayAwareMessageHandlerWrapper",0,6,""
0.4444444444444444,"axon-messaging-5.1.2","org.axonframework.messaging.eventhandling.processing.streaming.pooled.WorkPackage$BatchProcessor",3,5,"axon-messaging-5.1.2","org.axonframework.messaging.eventhandling.replay.ResetHandler",5,5,""
0.4444444444444444,"axon-messaging-5.1.2","org.axonframework.messaging.eventhandling.processing.streaming.token.store.jpa.JpaTokenStoreConfiguration",1,1,"axon-messaging-5.1.2","org.axonframework.messaging.eventhandling.tracing.DefaultEventProcessorSpanFactory$Builder",1,3,""
0.4444444444444444,"axon-messaging-5.1.2","org.axonframework.messaging.eventhandling.replay.ResetHandler",5,5,"axon-messaging-5.1.2","org.axonframework.messaging.eventhandling.processing.streaming.pooled.WorkPackage$BatchProcessor",3,5,""
0.4444444444444444,"axon-messaging-5.1.2","org.axonframework.messaging.eventhandling.replay.annotation.ReplayAwareMessageHandlerWrapper",0,6,"axon-messaging-5.1.2","org.axonframework.messaging.eventhandling.annotation.MethodEventHandlerDefinition",0,5,""
0.4444444444444444,"axon-messaging-5.1.2","org.axonframework.messaging.eventhandling.replay.annotation.ReplayContextParameterResolverFactory$ReplayContextParameterResolver",1,7,"axon-messaging-5.1.2","org.axonframework.messaging.eventhandling.replay.annotation.ReplayParameterResolverFactory$ReplayParameterResolver",1,7,""
0.4444444444444444,"axon-messaging-5.1.2","org.axonframework.messaging.eventhandling.replay.annotation.ReplayParameterResolverFactory$ReplayParameterResolver",1,7,"axon-messaging-5.1.2","org.axonframework.messaging.eventhandling.replay.annotation.ReplayContextParameterResolverFactory$ReplayContextParameterResolver",1,7,""
0.4444444444444444,"axon-messaging-5.1.2","org.axonframework.messaging.eventhandling.tracing.DefaultEventProcessorSpanFactory$Builder",1,3,"axon-messaging-5.1.2","org.axonframework.messaging.eventhandling.processing.streaming.token.store.jpa.JpaTokenStoreConfiguration",1,1,""
0.4444444444444444,"axon-modelling-5.1.2","org.axonframework.modelling.repository.Repository",11,4,"axon-eventsourcing-5.1.2","org.axonframework.eventsourcing.handler.EntityLifecycleHandler",3,4,""
0.4387755102040816,"axon-eventsourcing-5.1.2","org.axonframework.eventsourcing.handler.SimpleEntityLifecycleHandler",2,13,"axon-eventsourcing-5.1.2","org.axonframework.eventsourcing.handler.SnapshottingEntityLifecycleHandler",1,25,""
0.4387755102040816,"axon-eventsourcing-5.1.2","org.axonframework.eventsourcing.handler.SnapshottingEntityLifecycleHandler",1,25,"axon-eventsourcing-5.1.2","org.axonframework.eventsourcing.handler.SimpleEntityLifecycleHandler",2,13,""
0.43859649122807015,"axon-messaging-5.1.2","org.axonframework.messaging.commandhandling.interception.InterceptingCommandBus",1,15,"axon-messaging-5.1.2","org.axonframework.messaging.commandhandling.retry.RetryingCommandBus",0,14,""
0.43859649122807015,"axon-messaging-5.1.2","org.axonframework.messaging.commandhandling.retry.RetryingCommandBus",0,14,"axon-messaging-5.1.2","org.axonframework.messaging.commandhandling.interception.InterceptingCommandBus",1,15,""
0.4375,"axon-messaging-5.1.2","org.axonframework.messaging.core.sequencing.ExtractionSequencingPolicy",1,7,"axon-messaging-5.1.2","org.axonframework.messaging.eventhandling.replay.annotation.ReplayContextParameterResolverFactory$ReplayContextParameterResolver",1,7,""
0.4375,"axon-messaging-5.1.2","org.axonframework.messaging.core.unitofwork.ProcessingContext",228,5,"axon-messaging-5.1.2","org.axonframework.messaging.core.EmptyContext",1,2,""
0.4375,"axon-messaging-5.1.2","org.axonframework.messaging.eventhandling.annotation.MethodEventHandlerDefinition",0,5,"axon-messaging-5.1.2","org.axonframework.messaging.queryhandling.annotation.MethodQueryHandlerDefinition",0,3,""
0.4375,"axon-messaging-5.1.2","org.axonframework.messaging.eventhandling.replay.annotation.ReplayAwareMessageHandlerWrapper",0,6,"axon-messaging-5.1.2","org.axonframework.messaging.queryhandling.annotation.MethodQueryHandlerDefinition",0,3,""
0.4375,"axon-messaging-5.1.2","org.axonframework.messaging.eventhandling.replay.annotation.ReplayContextParameterResolverFactory$ReplayContextParameterResolver",1,7,"axon-messaging-5.1.2","org.axonframework.messaging.core.sequencing.ExtractionSequencingPolicy",1,7,""
0.4375,"axon-messaging-5.1.2","org.axonframework.messaging.queryhandling.annotation.MethodQueryHandlerDefinition",0,3,"axon-messaging-5.1.2","org.axonframework.messaging.eventhandling.annotation.MethodEventHandlerDefinition",0,5,""
0.4375,"axon-messaging-5.1.2","org.axonframework.messaging.queryhandling.annotation.MethodQueryHandlerDefinition",0,3,"axon-messaging-5.1.2","org.axonframework.messaging.eventhandling.replay.annotation.ReplayAwareMessageHandlerWrapper",0,6,""
0.4358974358974359,"axon-messaging-5.1.2","org.axonframework.messaging.commandhandling.interception.CommandSequencingInterceptor",1,9,"axon-messaging-5.1.2","org.axonframework.messaging.monitoring.interception.MonitoringCommandHandlerInterceptor",1,10,""
0.4358974358974359,"axon-messaging-5.1.2","org.axonframework.messaging.core.interception.BeanValidationInterceptor",0,9,"axon-messaging-5.1.2","org.axonframework.messaging.core.interception.CorrelationDataInterceptor",1,10,""
0.4358974358974359,"axon-messaging-5.1.2","org.axonframework.messaging.core.interception.CorrelationDataInterceptor",1,10,"axon-messaging-5.1.2","org.axonframework.messaging.core.interception.BeanValidationInterceptor",0,9,""
0.43529411764705883,"axon-messaging-5.1.2","org.axonframework.messaging.eventhandling.processing.streaming.pooled.MergeTask",1,10,"axon-messaging-5.1.2","org.axonframework.messaging.eventhandling.processing.streaming.pooled.SplitTask",1,10,""
0.43529411764705883,"axon-messaging-5.1.2","org.axonframework.messaging.eventhandling.processing.streaming.pooled.SplitTask",1,10,"axon-messaging-5.1.2","org.axonframework.messaging.eventhandling.processing.streaming.pooled.MergeTask",1,10,""
0.43478260869565216,"axon-messaging-5.1.2","org.axonframework.messaging.core.DelegatingMessageStream",2,2,"axon-messaging-5.1.2","org.axonframework.messaging.core.ConcatenatingMessageStream",1,6,""
0.4329896907216495,"axon-messaging-5.1.2","org.axonframework.messaging.eventhandling.processing.streaming.pooled.PooledStreamingEventProcessorModule",2,27,"axon-messaging-5.1.2","org.axonframework.messaging.eventhandling.processing.subscribing.SubscribingEventProcessorModule",2,23,""
0.4329896907216495,"axon-messaging-5.1.2","org.axonframework.messaging.eventhandling.processing.subscribing.SubscribingEventProcessorModule",2,23,"axon-messaging-5.1.2","org.axonframework.messaging.eventhandling.processing.streaming.pooled.PooledStreamingEventProcessorModule",2,27,""
0.42857142857142855,"axon-common-5.1.2","org.axonframework.common.configuration.Component",16,5,"axon-common-5.1.2","org.axonframework.common.configuration.Module",15,2,""
0.42857142857142855,"axon-common-5.1.2","org.axonframework.common.configuration.Module",15,2,"axon-common-5.1.2","org.axonframework.common.configuration.Component",16,5,""
0.42857142857142855,"axon-common-5.1.2","org.axonframework.common.property.AbstractMethodPropertyAccessStrategy",2,3,"axon-common-5.1.2","org.axonframework.common.property.DirectPropertyAccessStrategy",0,3,""
0.42857142857142855,"axon-common-5.1.2","org.axonframework.common.property.DirectPropertyAccessStrategy",0,3,"axon-common-5.1.2","org.axonframework.common.property.AbstractMethodPropertyAccessStrategy",2,3,""
0.42857142857142855,"axon-eventsourcing-5.1.2","org.axonframework.eventsourcing.eventstore.EventTypeResolver",2,3,"axon-messaging-5.1.2","org.axonframework.messaging.core.ClassBasedMessageTypeResolver",1,2,""
0.42857142857142855,"axon-eventsourcing-5.1.2","org.axonframework.eventsourcing.eventstore.PayloadBasedTagResolver",0,3,"axon-eventsourcing-5.1.2","org.axonframework.eventsourcing.eventstore.TooManyTagsOnEventMessageException",1,2,""
0.42857142857142855,"axon-eventsourcing-5.1.2","org.axonframework.eventsourcing.eventstore.TooManyTagsOnEventMessageException",1,2,"axon-eventsourcing-5.1.2","org.axonframework.eventsourcing.eventstore.PayloadBasedTagResolver",0,3,""
0.42857142857142855,"axon-eventsourcing-5.1.2","org.axonframework.eventsourcing.handler.EntityLifecycleHandler",3,4,"axon-messaging-5.1.2","org.axonframework.messaging.eventhandling.EventSink",15,3,""
0.42857142857142855,"axon-messaging-5.1.2","org.axonframework.messaging.commandhandling.tracing.TracingCommandBus",1,11,"axon-test-5.1.2","org.axonframework.test.fixture.RecordingCommandBus",4,10,""
0.42857142857142855,"axon-messaging-5.1.2","org.axonframework.messaging.core.AbstractMessage",1,3,"axon-tracing-opentelemetry-5.1.2","org.axonframework.extension.tracing.opentelemetry.MetadataContextGetter",1,2,""
0.42857142857142855,"axon-messaging-5.1.2","org.axonframework.messaging.core.ClassBasedMessageTypeResolver",1,2,"axon-eventsourcing-5.1.2","org.axonframework.eventsourcing.eventstore.EventTypeResolver",2,3,""
0.42857142857142855,"axon-messaging-5.1.2","org.axonframework.messaging.core.Context",25,4,"axon-messaging-5.1.2","org.axonframework.messaging.core.SimpleContext",1,2,""
0.42857142857142855,"axon-messaging-5.1.2","org.axonframework.messaging.core.DefaultMessageDispatchInterceptorChain",7,8,"axon-messaging-5.1.2","org.axonframework.messaging.core.interception.BeanValidationInterceptor",0,9,""
0.42857142857142855,"axon-messaging-5.1.2","org.axonframework.messaging.core.MappedMessageStream",2,5,"axon-messaging-5.1.2","org.axonframework.messaging.core.MessageStreamUtils$Reducer",1,3,""
0.42857142857142855,"axon-messaging-5.1.2","org.axonframework.messaging.core.annotation.HierarchicalParameterResolverFactory",1,3,"axon-messaging-5.1.2","org.axonframework.messaging.core.configuration.reflection.ParameterResolverFactoryUtils",7,5,""
0.42857142857142855,"axon-messaging-5.1.2","org.axonframework.messaging.core.configuration.reflection.ParameterResolverFactoryUtils",7,5,"axon-messaging-5.1.2","org.axonframework.messaging.core.annotation.HierarchicalParameterResolverFactory",1,3,""
0.42857142857142855,"axon-messaging-5.1.2","org.axonframework.messaging.core.interception.BeanValidationInterceptor",0,9,"axon-messaging-5.1.2","org.axonframework.messaging.core.DefaultMessageDispatchInterceptorChain",7,8,""
0.42857142857142855,"axon-messaging-5.1.2","org.axonframework.messaging.core.sequencing.SequentialPerAggregatePolicy",1,6,"axon-messaging-5.1.2","org.axonframework.messaging.eventhandling.annotation.TimestampParameterResolverFactory$TimestampParameterResolver",1,5,""
0.42857142857142855,"axon-messaging-5.1.2","org.axonframework.messaging.eventhandling.EventSink",15,3,"axon-eventsourcing-5.1.2","org.axonframework.eventsourcing.handler.EntityLifecycleHandler",3,4,""
0.42857142857142855,"axon-messaging-5.1.2","org.axonframework.messaging.eventhandling.annotation.TimestampParameterResolverFactory$TimestampParameterResolver",1,5,"axon-messaging-5.1.2","org.axonframework.messaging.core.sequencing.SequentialPerAggregatePolicy",1,6,""
0.42857142857142855,"axon-messaging-5.1.2","org.axonframework.messaging.eventhandling.conversion.EventConverter",17,2,"axon-messaging-5.1.2","org.axonframework.messaging.eventhandling.tracing.EventBusSpanFactory",1,2,""
0.42857142857142855,"axon-messaging-5.1.2","org.axonframework.messaging.eventhandling.conversion.EventConverter",17,2,"axon-modelling-5.1.2","org.axonframework.modelling.PayloadBasedEntityEvolver",0,3,""
0.42857142857142855,"axon-messaging-5.1.2","org.axonframework.messaging.eventhandling.tracing.EventBusSpanFactory",1,2,"axon-messaging-5.1.2","org.axonframework.messaging.eventhandling.conversion.EventConverter",17,2,""
0.42857142857142855,"axon-messaging-5.1.2","org.axonframework.messaging.eventhandling.tracing.EventBusSpanFactory",1,2,"axon-modelling-5.1.2","org.axonframework.modelling.PayloadBasedEntityEvolver",0,3,""
0.42857142857142855,"axon-messaging-5.1.2","org.axonframework.messaging.eventstreaming.StartingFrom",1,4,"axon-messaging-5.1.2","org.axonframework.messaging.eventstreaming.StreamingCondition",14,5,""
0.42857142857142855,"axon-messaging-5.1.2","org.axonframework.messaging.eventstreaming.StreamingCondition",14,5,"axon-messaging-5.1.2","org.axonframework.messaging.eventstreaming.StartingFrom",1,4,""
0.42857142857142855,"axon-messaging-5.1.2","org.axonframework.messaging.monitoring.MessageMonitor",26,2,"axon-test-5.1.2","org.axonframework.test.matchers.PayloadMatcher",2,1,""
0.42857142857142855,"axon-messaging-5.1.2","org.axonframework.messaging.monitoring.MessageMonitor",26,2,"axon-test-5.1.2","org.axonframework.test.matchers.PayloadsMatcher",1,1,""
0.42857142857142855,"axon-modelling-5.1.2","org.axonframework.modelling.PayloadBasedEntityEvolver",0,3,"axon-messaging-5.1.2","org.axonframework.messaging.eventhandling.EventSink",15,3,""
0.42857142857142855,"axon-modelling-5.1.2","org.axonframework.modelling.PayloadBasedEntityEvolver",0,3,"axon-messaging-5.1.2","org.axonframework.messaging.eventhandling.conversion.EventConverter",17,2,""
0.42857142857142855,"axon-modelling-5.1.2","org.axonframework.modelling.configuration.SimpleStateBasedEntityModule$1",1,3,"axon-eventsourcing-5.1.2","org.axonframework.eventsourcing.configuration.SimpleEventSourcedEntityModule$3",1,3,""
0.42857142857142855,"axon-modelling-5.1.2","org.axonframework.modelling.configuration.SimpleStateBasedEntityModule$2",1,3,"axon-eventsourcing-5.1.2","org.axonframework.eventsourcing.configuration.SimpleEventSourcedEntityModule$1",1,3,""
0.42857142857142855,"axon-modelling-5.1.2","org.axonframework.modelling.configuration.SimpleStateBasedEntityModule$3",1,3,"axon-eventsourcing-5.1.2","org.axonframework.eventsourcing.configuration.SimpleEventSourcedEntityModule$2",1,3,""
0.42857142857142855,"axon-modelling-5.1.2","org.axonframework.modelling.entity.annotation.RoutingKeyCommandTargetResolver",1,6,"axon-modelling-5.1.2","org.axonframework.modelling.entity.annotation.RoutingKeyEventTargetMatcher",1,5,""
0.42857142857142855,"axon-modelling-5.1.2","org.axonframework.modelling.entity.annotation.RoutingKeyCommandTargetResolver",1,6,"axon-modelling-5.1.2","org.axonframework.modelling.entity.child.CommandTargetResolver",12,3,""
0.42857142857142855,"axon-modelling-5.1.2","org.axonframework.modelling.entity.annotation.RoutingKeyEventTargetMatcher",1,5,"axon-modelling-5.1.2","org.axonframework.modelling.entity.annotation.RoutingKeyCommandTargetResolver",1,6,""
0.42857142857142855,"axon-modelling-5.1.2","org.axonframework.modelling.entity.child.CommandTargetResolver",12,3,"axon-modelling-5.1.2","org.axonframework.modelling.entity.annotation.RoutingKeyCommandTargetResolver",1,6,""
0.42857142857142855,"axon-test-5.1.2","org.axonframework.test.FixtureResourceParameterResolverFactory$FailingParameterResolver",1,3,"axon-messaging-5.1.2","org.axonframework.messaging.core.unitofwork.annotation.ProcessingContextParameterResolverFactory$ProcessingContextParameterResolver",1,2,""
0.42857142857142855,"axon-test-5.1.2","org.axonframework.test.fixture.AxonTestWhen$Event",1,7,"axon-test-5.1.2","org.axonframework.test.fixture.AxonTestWhen$Nothing",1,7,""
0.42857142857142855,"axon-test-5.1.2","org.axonframework.test.fixture.AxonTestWhen$Nothing",1,7,"axon-test-5.1.2","org.axonframework.test.fixture.AxonTestWhen$Event",1,7,""
0.42857142857142855,"axon-test-5.1.2","org.axonframework.test.fixture.RecordingCommandBus",4,10,"axon-messaging-5.1.2","org.axonframework.messaging.commandhandling.tracing.TracingCommandBus",1,11,""
0.42424242424242425,"axon-messaging-5.1.2","org.axonframework.messaging.core.DefaultMessageDispatchInterceptorChain$InterceptingDispatcher",1,6,"axon-messaging-5.1.2","org.axonframework.messaging.core.interception.BeanValidationInterceptor",0,9,""
0.42424242424242425,"axon-messaging-5.1.2","org.axonframework.messaging.core.SingleValueMessageStream",1,5,"axon-messaging-5.1.2","org.axonframework.messaging.core.FailedMessageStream",1,7,""
0.4230769230769231,"axon-conversion-5.1.2","org.axonframework.conversion.ChainedConverter$Route",2,2,"axon-conversion-5.1.2","org.axonframework.conversion.ChainingContentTypeConverter",3,5,""
0.4230769230769231,"axon-conversion-5.1.2","org.axonframework.conversion.ChainingContentTypeConverter",3,5,"axon-conversion-5.1.2","org.axonframework.conversion.ChainedConverter$Route",2,2,""
0.4230769230769231,"axon-messaging-5.1.2","org.axonframework.messaging.core.annotation.ChainedMessageHandlerInterceptorMember",1,6,"axon-messaging-5.1.2","org.axonframework.messaging.core.interception.annotation.NoMoreInterceptors",2,5,""
0.4230769230769231,"axon-messaging-5.1.2","org.axonframework.messaging.core.interception.annotation.NoMoreInterceptors",2,5,"axon-messaging-5.1.2","org.axonframework.messaging.core.annotation.ChainedMessageHandlerInterceptorMember",1,6,""
0.417910447761194,"axon-server-connector-5.1.2","io.axoniq.framework.axonserver.connector.command.AxonServerCommandBusConnector",2,13,"axon-server-connector-5.1.2","io.axoniq.framework.axonserver.connector.query.AxonServerQueryBusConnector",3,16,""
0.417910447761194,"axon-server-connector-5.1.2","io.axoniq.framework.axonserver.connector.query.AxonServerQueryBusConnector",3,16,"axon-server-connector-5.1.2","io.axoniq.framework.axonserver.connector.command.AxonServerCommandBusConnector",2,13,""
0.4166666666666667,"axon-common-5.1.2","org.axonframework.common.caching.AbstractCacheAdapter",2,3,"axon-common-5.1.2","org.axonframework.common.caching.JCacheAdapter$JCacheListenerAdapter",1,1,""
0.4166666666666667,"axon-common-5.1.2","org.axonframework.common.caching.JCacheAdapter$JCacheListenerAdapter",1,1,"axon-common-5.1.2","org.axonframework.common.caching.AbstractCacheAdapter",2,3,""
0.4166666666666667,"axon-messaging-5.1.2","org.axonframework.messaging.core.AbstractMessage",1,3,"axon-messaging-5.1.2","org.axonframework.messaging.core.correlation.MessageOriginProvider",1,3,""
0.4166666666666667,"axon-messaging-5.1.2","org.axonframework.messaging.core.MessageStream$Entry",69,3,"axon-messaging-5.1.2","org.axonframework.messaging.core.SimpleContext",1,2,""
0.4166666666666667,"axon-messaging-5.1.2","org.axonframework.messaging.core.MessageStream$Entry",69,3,"axon-messaging-5.1.2","org.axonframework.messaging.eventstreaming.Tag",22,3,""
0.4166666666666667,"axon-messaging-5.1.2","org.axonframework.messaging.core.sequencing.ExtractionSequencingPolicy",1,7,"axon-messaging-5.1.2","org.axonframework.messaging.core.sequencing.FullConcurrencyPolicy",0,3,""
0.4166666666666667,"axon-messaging-5.1.2","org.axonframework.messaging.eventhandling.EventSubscribers",1,6,"axon-messaging-5.1.2","org.axonframework.messaging.eventhandling.EventSink",15,3,""
0.4166666666666667,"axon-messaging-5.1.2","org.axonframework.messaging.eventhandling.configuration.EventProcessorCustomization",3,2,"axon-messaging-5.1.2","org.axonframework.messaging.eventhandling.configuration.EventProcessorModule$CustomizationPhase",6,3,""
0.4166666666666667,"axon-messaging-5.1.2","org.axonframework.messaging.eventhandling.configuration.EventProcessorModule$CustomizationPhase",6,3,"axon-messaging-5.1.2","org.axonframework.messaging.eventhandling.configuration.EventProcessorCustomization",3,2,""
0.4166666666666667,"axon-messaging-5.1.2","org.axonframework.messaging.eventhandling.replay.annotation.ReplayContextParameterResolverFactory$ReplayContextParameterResolver",1,7,"axon-messaging-5.1.2","org.axonframework.messaging.eventstreaming.TrackingTokenSource",6,2,""
0.4166666666666667,"axon-messaging-5.1.2","org.axonframework.messaging.eventstreaming.TrackingTokenSource",6,2,"axon-messaging-5.1.2","org.axonframework.messaging.eventhandling.replay.annotation.ReplayContextParameterResolverFactory$ReplayContextParameterResolver",1,7,""
0.4166666666666667,"axon-test-5.1.2","org.axonframework.test.fixture.AxonTestPhase",0,12,"axon-test-5.1.2","org.axonframework.test.fixture.AxonTestPhase$Then",18,5,""
0.4166666666666667,"axon-test-5.1.2","org.axonframework.test.fixture.AxonTestPhase$Then",18,5,"axon-test-5.1.2","org.axonframework.test.fixture.AxonTestPhase",0,12,""
0.4146341463414634,"axon-messaging-5.1.2","org.axonframework.messaging.core.retry.AsyncRetryScheduler$RetryTask",1,9,"axon-messaging-5.1.2","org.axonframework.messaging.core.IgnoredEntriesMessageStream",1,6,""
0.41379310344827586,"axon-messaging-5.1.2","org.axonframework.messaging.core.MessageStream$Empty",52,5,"axon-messaging-5.1.2","org.axonframework.messaging.core.MessageStreamUtils$Reducer",1,3,""
0.4117647058823529,"axon-messaging-5.1.2","org.axonframework.messaging.queryhandling.SubscriptionQueryUpdateMessage",21,5,"axon-messaging-5.1.2","org.axonframework.messaging.queryhandling.QueryMessage",37,3,""
0.4090909090909091,"axon-messaging-5.1.2","org.axonframework.messaging.core.annotation.WrappedMessageHandlingMember",9,4,"axon-messaging-5.1.2","org.axonframework.messaging.core.interception.annotation.NoMoreInterceptors",2,5,""
0.4090909090909091,"axon-messaging-5.1.2","org.axonframework.messaging.core.interception.annotation.NoMoreInterceptors",2,5,"axon-messaging-5.1.2","org.axonframework.messaging.core.annotation.WrappedMessageHandlingMember",9,4,""
0.4090909090909091,"axon-test-5.1.2","org.axonframework.test.fixture.AxonTestWhen$Command",1,7,"axon-test-5.1.2","org.axonframework.test.fixture.AxonTestWhen$Event",1,7,""
0.4090909090909091,"axon-test-5.1.2","org.axonframework.test.fixture.AxonTestWhen$Command",1,7,"axon-test-5.1.2","org.axonframework.test.fixture.AxonTestWhen$Nothing",1,7,""
0.4090909090909091,"axon-test-5.1.2","org.axonframework.test.fixture.AxonTestWhen$Event",1,7,"axon-test-5.1.2","org.axonframework.test.fixture.AxonTestWhen$Command",1,7,""
0.4090909090909091,"axon-test-5.1.2","org.axonframework.test.fixture.AxonTestWhen$Nothing",1,7,"axon-test-5.1.2","org.axonframework.test.fixture.AxonTestWhen$Command",1,7,""
0.4074074074074074,"axon-eventsourcing-5.1.2","org.axonframework.eventsourcing.handler.InitializingEntityEvolver",4,9,"axon-messaging-5.1.2","org.axonframework.messaging.eventhandling.EventSubscribers",1,6,""
0.4074074074074074,"axon-messaging-5.1.2","org.axonframework.messaging.eventhandling.EventSubscribers",1,6,"axon-eventsourcing-5.1.2","org.axonframework.eventsourcing.handler.InitializingEntityEvolver",4,9,""
0.40625,"axon-messaging-5.1.2","org.axonframework.messaging.queryhandling.QueryBus",11,7,"axon-messaging-5.1.2","org.axonframework.messaging.queryhandling.interception.QueryMessageHandlerInterceptorChain$InterceptingHandler",1,8,""
0.40625,"axon-messaging-5.1.2","org.axonframework.messaging.queryhandling.interception.QueryMessageHandlerInterceptorChain$InterceptingHandler",1,8,"axon-messaging-5.1.2","org.axonframework.messaging.queryhandling.QueryBus",11,7,""
0.40540540540540543,"axon-messaging-5.1.2","org.axonframework.messaging.core.unitofwork.transaction.TransactionManager",4,5,"axon-messaging-5.1.2","org.axonframework.messaging.core.unitofwork.transaction.jpa.EntityManagerTransactionManager",2,13,""
0.40540540540540543,"axon-messaging-5.1.2","org.axonframework.messaging.core.unitofwork.transaction.jpa.EntityManagerTransactionManager",2,13,"axon-messaging-5.1.2","org.axonframework.messaging.core.unitofwork.transaction.TransactionManager",4,5,""
0.40350877192982454,"axon-modelling-5.1.2","org.axonframework.modelling.entity.ConcreteEntityMetamodel$Builder",1,9,"axon-modelling-5.1.2","org.axonframework.modelling.entity.PolymorphicEntityMetamodel$Builder",1,10,""
0.40350877192982454,"axon-modelling-5.1.2","org.axonframework.modelling.entity.PolymorphicEntityMetamodel$Builder",1,10,"axon-modelling-5.1.2","org.axonframework.modelling.entity.ConcreteEntityMetamodel$Builder",1,9,""
0.4024390243902439,"axon-eventsourcing-5.1.2","org.axonframework.eventsourcing.EventSourcingRepository",1,13,"axon-modelling-5.1.2","org.axonframework.modelling.repository.SimpleRepository",3,8,""
0.4024390243902439,"axon-modelling-5.1.2","org.axonframework.modelling.repository.SimpleRepository",3,8,"axon-eventsourcing-5.1.2","org.axonframework.eventsourcing.EventSourcingRepository",1,13,""
0.4,"axoniq-spring-boot-autoconfigure-5.1.2","io.axoniq.framework.springboot.service.connection.AxonServerDockerComposeConnectionDetailsFactory",0,1,"axoniq-spring-boot-autoconfigure-5.1.2","io.axoniq.framework.springboot.service.connection.AxonServerTestContainerConnectionDetailsFactory",0,2,""
0.4,"axoniq-spring-boot-autoconfigure-5.1.2","io.axoniq.framework.springboot.service.connection.AxonServerTestContainerConnectionDetailsFactory",0,2,"axoniq-spring-boot-autoconfigure-5.1.2","io.axoniq.framework.springboot.service.connection.AxonServerDockerComposeConnectionDetailsFactory",0,1,""
0.4,"axon-common-5.1.2","org.axonframework.common.annotation.AnnotationUtils",19,2,"axon-common-5.1.2","org.axonframework.common.digest.Digester",0,1,""
0.4,"axon-common-5.1.2","org.axonframework.common.caching.AbstractCacheAdapter",2,3,"axon-common-5.1.2","org.axonframework.common.caching.NoCache",0,3,""
0.4,"axon-common-5.1.2","org.axonframework.common.caching.NoCache",0,3,"axon-common-5.1.2","org.axonframework.common.caching.AbstractCacheAdapter",2,3,""
0.4,"axon-common-5.1.2","org.axonframework.common.configuration.ComponentFactory",4,4,"axon-common-5.1.2","org.axonframework.common.configuration.Module",15,2,""
0.4,"axon-common-5.1.2","org.axonframework.common.configuration.Module",15,2,"axon-common-5.1.2","org.axonframework.common.configuration.ComponentFactory",4,4,""
0.4,"axon-conversion-5.1.2","org.axonframework.conversion.avro.DefaultSchemaIncompatibilityChecker",1,2,"axon-conversion-5.1.2","org.axonframework.conversion.avro.SchemaIncompatibilityChecker",3,1,""
0.4,"axon-conversion-5.1.2","org.axonframework.conversion.avro.SchemaIncompatibilityChecker",3,1,"axon-conversion-5.1.2","org.axonframework.conversion.avro.DefaultSchemaIncompatibilityChecker",1,2,""
0.4,"axon-eventsourcing-5.1.2","org.axonframework.eventsourcing.annotation.AnnotationBasedEventCriteriaResolverDefinition",1,4,"axon-eventsourcing-5.1.2","org.axonframework.eventsourcing.annotation.CriteriaResolverDefinition",3,2,""
0.4,"axon-eventsourcing-5.1.2","org.axonframework.eventsourcing.eventstore.AbstractConsistencyMarker",2,1,"axon-eventsourcing-5.1.2","org.axonframework.eventsourcing.eventstore.ConsistencyMarkers$InfinityConsistencyMarker",2,2,""
0.4,"axon-eventsourcing-5.1.2","org.axonframework.eventsourcing.eventstore.ConsistencyMarker",24,5,"axon-messaging-5.1.2","org.axonframework.messaging.eventstreaming.Tag",22,3,""
0.4,"axon-eventsourcing-5.1.2","org.axonframework.eventsourcing.eventstore.ConsistencyMarkers$InfinityConsistencyMarker",2,2,"axon-eventsourcing-5.1.2","org.axonframework.eventsourcing.eventstore.AbstractConsistencyMarker",2,1,""
0.4,"axon-eventsourcing-5.1.2","org.axonframework.eventsourcing.eventstore.GenericTaggedEventMessage",1,4,"axon-eventsourcing-5.1.2","org.axonframework.eventsourcing.eventstore.TaggedEventMessage",16,2,""
0.4,"axon-eventsourcing-5.1.2","org.axonframework.eventsourcing.eventstore.InterceptingEventStore$InterceptingAppender",2,7,"axon-messaging-5.1.2","org.axonframework.messaging.queryhandling.interception.InterceptingQueryBus$QueryInterceptingDispatcher",1,6,""
0.4,"axon-eventsourcing-5.1.2","org.axonframework.eventsourcing.eventstore.MetadataBasedTagResolver",0,4,"axon-eventsourcing-5.1.2","org.axonframework.eventsourcing.eventstore.PayloadBasedTagResolver",0,3,""
0.4,"axon-eventsourcing-5.1.2","org.axonframework.eventsourcing.eventstore.PayloadBasedTagResolver",0,3,"axon-eventsourcing-5.1.2","org.axonframework.eventsourcing.eventstore.MetadataBasedTagResolver",0,4,""
0.4,"axon-eventsourcing-5.1.2","org.axonframework.eventsourcing.snapshot.api.SnapshotPolicy$1",1,3,"axon-eventsourcing-5.1.2","org.axonframework.eventsourcing.snapshot.api.SnapshotPolicy$2",1,3,""
0.4,"axon-eventsourcing-5.1.2","org.axonframework.eventsourcing.snapshot.api.SnapshotPolicy$2",1,3,"axon-eventsourcing-5.1.2","org.axonframework.eventsourcing.snapshot.api.SnapshotPolicy$1",1,3,""
0.4,"axon-eventsourcing-5.1.2","org.axonframework.eventsourcing.snapshot.inmemory.InMemorySnapshotStore",0,3,"axon-eventsourcing-5.1.2","org.axonframework.eventsourcing.snapshot.store.SnapshotStore",7,3,""
0.4,"axon-eventsourcing-5.1.2","org.axonframework.eventsourcing.snapshot.store.SnapshotStore",7,3,"axon-eventsourcing-5.1.2","org.axonframework.eventsourcing.snapshot.inmemory.InMemorySnapshotStore",0,3,""
0.4,"axon-metrics-micrometer-5.1.2","org.axonframework.extension.metrics.micrometer.MessageCountingMonitor",2,4,"axon-tracing-opentelemetry-5.1.2","org.axonframework.extension.tracing.opentelemetry.MetadataContextGetter",1,2,""
0.4,"axon-metrics-micrometer-5.1.2","org.axonframework.extension.metrics.micrometer.MessageCountingMonitor",2,4,"axon-test-5.1.2","org.axonframework.test.util.RecordingMessageMonitor",1,5,""
0.4,"axon-messaging-5.1.2","org.axonframework.messaging.commandhandling.NoHandlerForCommandException",6,2,"axon-messaging-5.1.2","org.axonframework.messaging.core.sequencing.RoutingKeySequencingPolicy",1,4,""
0.4,"axon-messaging-5.1.2","org.axonframework.messaging.commandhandling.NoHandlerForCommandException",6,2,"axon-modelling-5.1.2","org.axonframework.modelling.entity.child.CommandTargetResolver",12,3,""
0.4,"axon-messaging-5.1.2","org.axonframework.messaging.commandhandling.tracing.CommandBusSpanFactory",3,2,"axon-messaging-5.1.2","org.axonframework.messaging.core.sequencing.RoutingKeySequencingPolicy",1,4,""
0.4,"axon-messaging-5.1.2","org.axonframework.messaging.commandhandling.tracing.CommandBusSpanFactory",3,2,"axon-modelling-5.1.2","org.axonframework.modelling.entity.child.CommandTargetResolver",12,3,""
0.4,"axon-messaging-5.1.2","org.axonframework.messaging.commandhandling.tracing.DefaultCommandBusSpanFactory$Builder",1,3,"axon-messaging-5.1.2","org.axonframework.messaging.eventhandling.tracing.DefaultEventBusSpanFactory$Builder",1,3,""
0.4,"axon-messaging-5.1.2","org.axonframework.messaging.commandhandling.tracing.DefaultCommandBusSpanFactory$Builder",1,3,"axon-messaging-5.1.2","org.axonframework.messaging.queryhandling.tracing.DefaultQueryBusSpanFactory$Builder",1,3,""
0.4,"axon-messaging-5.1.2","org.axonframework.messaging.commandhandling.tracing.DefaultCommandBusSpanFactory$Builder",1,3,"axon-messaging-5.1.2","org.axonframework.messaging.queryhandling.tracing.DefaultQueryUpdateEmitterSpanFactory$Builder",1,3,""
0.4,"axon-messaging-5.1.2","org.axonframework.messaging.core.ClassBasedMessageTypeResolver",1,2,"axon-messaging-5.1.2","org.axonframework.messaging.core.NamespaceMessageTypeResolver$Builder",1,4,""
0.4,"axon-messaging-5.1.2","org.axonframework.messaging.core.CompletionCallbackMessageStream$Single",2,3,"axon-messaging-5.1.2","org.axonframework.messaging.core.MonoUtils",1,4,""
0.4,"axon-messaging-5.1.2","org.axonframework.messaging.core.CompletionCallbackMessageStream$Single",2,3,"axon-messaging-5.1.2","org.axonframework.messaging.core.OnNextMessageStream$Single",2,4,""
0.4,"axon-messaging-5.1.2","org.axonframework.messaging.core.DelayedMessageStream$Single",1,3,"axon-messaging-5.1.2","org.axonframework.messaging.core.MonoUtils",1,4,""
0.4,"axon-messaging-5.1.2","org.axonframework.messaging.core.DelayedMessageStream$Single",1,3,"axon-messaging-5.1.2","org.axonframework.messaging.core.OnNextMessageStream$Single",2,4,""
0.4,"axon-messaging-5.1.2","org.axonframework.messaging.core.FilteringMessageStream$Single",2,4,"axon-messaging-5.1.2","org.axonframework.messaging.core.DelayedMessageStream$Single",1,3,""
0.4,"axon-messaging-5.1.2","org.axonframework.messaging.core.MonoUtils",1,4,"axon-messaging-5.1.2","org.axonframework.messaging.core.CompletionCallbackMessageStream$Single",2,3,""
0.4,"axon-messaging-5.1.2","org.axonframework.messaging.core.MonoUtils",1,4,"axon-messaging-5.1.2","org.axonframework.messaging.core.DelayedMessageStream$Single",1,3,""
0.4,"axon-messaging-5.1.2","org.axonframework.messaging.core.NamespaceMessageTypeResolver$Builder",1,4,"axon-messaging-5.1.2","org.axonframework.messaging.core.ClassBasedMessageTypeResolver",1,2,""
0.4,"axon-messaging-5.1.2","org.axonframework.messaging.core.OnNextMessageStream$Single",2,4,"axon-messaging-5.1.2","org.axonframework.messaging.core.CompletionCallbackMessageStream$Single",2,3,""
0.4,"axon-messaging-5.1.2","org.axonframework.messaging.core.RemoteNonTransientHandlingException",2,2,"axon-common-5.1.2","org.axonframework.common.lifecycle.ShutdownInProgressException",1,1,""
0.4,"axon-messaging-5.1.2","org.axonframework.messaging.core.RemoteNonTransientHandlingException",2,2,"axon-messaging-5.1.2","org.axonframework.messaging.core.interception.JSR303ViolationException",1,1,""
0.4,"axon-messaging-5.1.2","org.axonframework.messaging.core.RemoteNonTransientHandlingException",2,2,"axon-messaging-5.1.2","org.axonframework.messaging.queryhandling.CompletedEmitterException",0,1,""
0.4,"axon-messaging-5.1.2","org.axonframework.messaging.core.SimpleEntry",11,5,"axon-messaging-5.1.2","org.axonframework.messaging.eventhandling.processing.streaming.token.TrackingToken",61,4,""
0.4,"axon-messaging-5.1.2","org.axonframework.messaging.core.SubscribableEventSource",5,3,"axon-modelling-5.1.2","org.axonframework.modelling.entity.child.EventTargetMatcher",12,2,""
0.4,"axon-messaging-5.1.2","org.axonframework.messaging.core.annotation.ClasspathParameterResolverFactory",3,2,"axon-messaging-5.1.2","org.axonframework.messaging.core.configuration.reflection.ParameterResolverFactoryUtils",7,5,""
0.4,"axon-messaging-5.1.2","org.axonframework.messaging.core.annotation.SimpleResourceParameterResolverFactory",0,4,"axon-messaging-5.1.2","org.axonframework.messaging.core.configuration.reflection.ConfigurationParameterResolverFactory",1,5,""
0.4,"axon-messaging-5.1.2","org.axonframework.messaging.core.configuration.reflection.ConfigurationParameterResolverFactory",1,5,"axon-messaging-5.1.2","org.axonframework.messaging.core.annotation.SimpleResourceParameterResolverFactory",0,4,""
0.4,"axon-messaging-5.1.2","org.axonframework.messaging.core.configuration.reflection.ParameterResolverFactoryUtils",7,5,"axon-messaging-5.1.2","org.axonframework.messaging.core.annotation.ClasspathParameterResolverFactory",3,2,""
0.4,"axon-messaging-5.1.2","org.axonframework.messaging.core.interception.DispatchInterceptorRegistry",5,11,"axon-messaging-5.1.2","org.axonframework.messaging.core.interception.HandlerInterceptorRegistry",4,10,""
0.4,"axon-messaging-5.1.2","org.axonframework.messaging.core.interception.HandlerInterceptorRegistry",4,10,"axon-messaging-5.1.2","org.axonframework.messaging.core.interception.DispatchInterceptorRegistry",5,11,""
0.4,"axon-messaging-5.1.2","org.axonframework.messaging.core.interception.HandlerInterceptorRegistry",4,10,"axon-messaging-5.1.2","org.axonframework.messaging.monitoring.configuration.MessageMonitorRegistry",5,11,""
0.4,"axon-messaging-5.1.2","org.axonframework.messaging.core.interception.annotation.ExceptionHandler",0,3,"axon-messaging-5.1.2","org.axonframework.messaging.core.annotation.MessageHandler",8,2,""
0.4,"axon-messaging-5.1.2","org.axonframework.messaging.core.interception.annotation.ExceptionHandler",0,3,"axon-messaging-5.1.2","org.axonframework.messaging.core.interception.annotation.MessageHandlerInterceptor",2,2,""
0.4,"axon-messaging-5.1.2","org.axonframework.messaging.core.interception.annotation.ExceptionHandler",0,3,"axon-messaging-5.1.2","org.axonframework.messaging.tracing.attributes.MessageIdSpanAttributesProvider",0,2,""
0.4,"axon-messaging-5.1.2","org.axonframework.messaging.core.sequencing.RoutingKeySequencingPolicy",1,4,"axon-messaging-5.1.2","org.axonframework.messaging.commandhandling.NoHandlerForCommandException",6,2,""
0.4,"axon-messaging-5.1.2","org.axonframework.messaging.core.sequencing.RoutingKeySequencingPolicy",1,4,"axon-messaging-5.1.2","org.axonframework.messaging.commandhandling.tracing.CommandBusSpanFactory",3,2,""
0.4,"axon-messaging-5.1.2","org.axonframework.messaging.core.sequencing.SequentialPerAggregatePolicy",1,6,"axon-modelling-5.1.2","org.axonframework.modelling.entity.child.EventTargetMatcher",12,2,""
0.4,"axon-messaging-5.1.2","org.axonframework.messaging.core.unitofwork.ProcessingLifecycle$DefaultPhases",1,1,"axon-messaging-5.1.2","org.axonframework.messaging.core.unitofwork.UnitOfWork$UnitOfWorkProcessingContext$CauseAndPhase",2,2,""
0.4,"axon-messaging-5.1.2","org.axonframework.messaging.core.unitofwork.UnitOfWork$UnitOfWorkProcessingContext$CauseAndPhase",2,2,"axon-messaging-5.1.2","org.axonframework.messaging.core.unitofwork.ProcessingLifecycle$DefaultPhases",1,1,""
0.4,"axon-messaging-5.1.2","org.axonframework.messaging.eventhandling.conversion.EventConverter",17,2,"axon-eventsourcing-5.1.2","org.axonframework.eventsourcing.EventSourcedEntityFactory",9,2,""
0.4,"axon-messaging-5.1.2","org.axonframework.messaging.eventhandling.processing.streaming.pooled.WorkPackage$BatchProcessor",3,5,"axon-messaging-5.1.2","org.axonframework.messaging.eventhandling.replay.ReplayStatusChangedHandler",4,6,""
0.4,"axon-messaging-5.1.2","org.axonframework.messaging.eventhandling.processing.streaming.pooled.WorkPackage$EventFilter",4,3,"axon-modelling-5.1.2","org.axonframework.modelling.entity.child.EventTargetMatcher",12,2,""
0.4,"axon-messaging-5.1.2","org.axonframework.messaging.eventhandling.processing.streaming.token.store.jdbc.JdbcTokenStoreConfiguration",1,2,"axon-messaging-5.1.2","org.axonframework.messaging.eventhandling.processing.streaming.token.store.jpa.JpaTokenStoreConfiguration",1,1,""
0.4,"axon-messaging-5.1.2","org.axonframework.messaging.eventhandling.processing.streaming.token.store.jpa.JpaTokenStoreConfiguration",1,1,"axon-messaging-5.1.2","org.axonframework.messaging.eventhandling.processing.streaming.token.store.jdbc.JdbcTokenStoreConfiguration",1,2,""
0.4,"axon-messaging-5.1.2","org.axonframework.messaging.eventhandling.replay.ReplayStatusChangedHandler",4,6,"axon-messaging-5.1.2","org.axonframework.messaging.eventhandling.processing.streaming.pooled.WorkPackage$BatchProcessor",3,5,""
0.4,"axon-messaging-5.1.2","org.axonframework.messaging.eventhandling.tracing.DefaultEventBusSpanFactory$Builder",1,3,"axon-messaging-5.1.2","org.axonframework.messaging.commandhandling.tracing.DefaultCommandBusSpanFactory$Builder",1,3,""
0.4,"axon-messaging-5.1.2","org.axonframework.messaging.eventhandling.tracing.DefaultEventBusSpanFactory$Builder",1,3,"axon-messaging-5.1.2","org.axonframework.messaging.queryhandling.tracing.DefaultQueryBusSpanFactory$Builder",1,3,""
0.4,"axon-messaging-5.1.2","org.axonframework.messaging.eventhandling.tracing.DefaultEventBusSpanFactory$Builder",1,3,"axon-messaging-5.1.2","org.axonframework.messaging.queryhandling.tracing.DefaultQueryUpdateEmitterSpanFactory$Builder",1,3,""
0.4,"axon-messaging-5.1.2","org.axonframework.messaging.eventstreaming.AnyEvent",4,6,"axon-messaging-5.1.2","org.axonframework.messaging.eventstreaming.OrEventCriteria",4,5,""
0.4,"axon-messaging-5.1.2","org.axonframework.messaging.eventstreaming.OrEventCriteria",4,5,"axon-messaging-5.1.2","org.axonframework.messaging.eventstreaming.AnyEvent",4,6,""
0.4,"axon-messaging-5.1.2","org.axonframework.messaging.eventstreaming.StreamableEventSource",7,5,"axon-modelling-5.1.2","org.axonframework.modelling.EntityEvolver",13,2,""
0.4,"axon-messaging-5.1.2","org.axonframework.messaging.monitoring.configuration.MessageMonitorRegistry",5,11,"axon-messaging-5.1.2","org.axonframework.messaging.core.interception.HandlerInterceptorRegistry",4,10,""
0.4,"axon-messaging-5.1.2","org.axonframework.messaging.queryhandling.QueryBus",11,7,"axon-messaging-5.1.2","org.axonframework.messaging.queryhandling.interception.InterceptingQueryBus$QueryInterceptingDispatcher",1,6,""
0.4,"axon-messaging-5.1.2","org.axonframework.messaging.queryhandling.interception.InterceptingQueryBus$QueryInterceptingDispatcher",1,6,"axon-eventsourcing-5.1.2","org.axonframework.eventsourcing.eventstore.InterceptingEventStore$InterceptingAppender",2,7,""
0.4,"axon-messaging-5.1.2","org.axonframework.messaging.queryhandling.tracing.DefaultQueryBusSpanFactory$Builder",1,3,"axon-messaging-5.1.2","org.axonframework.messaging.commandhandling.tracing.DefaultCommandBusSpanFactory$Builder",1,3,""
0.4,"axon-messaging-5.1.2","org.axonframework.messaging.queryhandling.tracing.DefaultQueryBusSpanFactory$Builder",1,3,"axon-messaging-5.1.2","org.axonframework.messaging.eventhandling.tracing.DefaultEventBusSpanFactory$Builder",1,3,""
0.4,"axon-messaging-5.1.2","org.axonframework.messaging.queryhandling.tracing.DefaultQueryBusSpanFactory$Builder",1,3,"axon-messaging-5.1.2","org.axonframework.messaging.queryhandling.tracing.DefaultQueryUpdateEmitterSpanFactory$Builder",1,3,""
0.4,"axon-messaging-5.1.2","org.axonframework.messaging.queryhandling.tracing.DefaultQueryUpdateEmitterSpanFactory$Builder",1,3,"axon-messaging-5.1.2","org.axonframework.messaging.commandhandling.tracing.DefaultCommandBusSpanFactory$Builder",1,3,""
0.4,"axon-messaging-5.1.2","org.axonframework.messaging.queryhandling.tracing.DefaultQueryUpdateEmitterSpanFactory$Builder",1,3,"axon-messaging-5.1.2","org.axonframework.messaging.eventhandling.tracing.DefaultEventBusSpanFactory$Builder",1,3,""
0.4,"axon-messaging-5.1.2","org.axonframework.messaging.queryhandling.tracing.DefaultQueryUpdateEmitterSpanFactory$Builder",1,3,"axon-messaging-5.1.2","org.axonframework.messaging.queryhandling.tracing.DefaultQueryBusSpanFactory$Builder",1,3,""
0.4,"axon-messaging-5.1.2","org.axonframework.messaging.tracing.SpanFactory",16,3,"axon-messaging-5.1.2","org.axonframework.messaging.core.MessageDecorator",6,4,""
0.4,"axon-modelling-5.1.2","org.axonframework.modelling.StateManager",7,6,"axon-modelling-5.1.2","org.axonframework.modelling.repository.Repository$LifecycleManagement",4,3,""
0.4,"axon-modelling-5.1.2","org.axonframework.modelling.entity.child.CommandTargetResolver",12,3,"axon-messaging-5.1.2","org.axonframework.messaging.commandhandling.tracing.CommandBusSpanFactory",3,2,""
0.4,"axon-modelling-5.1.2","org.axonframework.modelling.repository.Repository$LifecycleManagement",4,3,"axon-modelling-5.1.2","org.axonframework.modelling.StateManager",7,6,""
0.4,"axon-test-5.1.2","org.axonframework.test.FixtureResourceParameterResolverFactory$FailingParameterResolver",1,3,"axon-messaging-5.1.2","org.axonframework.messaging.core.annotation.ParameterResolver",47,1,""
0.4,"axon-test-5.1.2","org.axonframework.test.util.RecordingMessageMonitor",1,5,"axon-metrics-micrometer-5.1.2","org.axonframework.extension.metrics.micrometer.MessageCountingMonitor",2,4,""
0.39473684210526316,"axon-messaging-5.1.2","org.axonframework.messaging.core.MergedMessageStream",0,3,"axon-messaging-5.1.2","org.axonframework.messaging.core.MessageStreamUtils$Reducer",1,3,""
0.39473684210526316,"axon-messaging-5.1.2","org.axonframework.messaging.core.MessageStream$Empty",52,5,"axon-messaging-5.1.2","org.axonframework.messaging.core.CloseCallbackMessageStream",1,7,""
0.3939393939393939,"axon-eventsourcing-5.1.2","org.axonframework.eventsourcing.eventstore.ContinuousMessageStream",1,6,"axon-messaging-5.1.2","org.axonframework.messaging.core.SingleValueMessageStream",1,5,""
0.3939393939393939,"axon-messaging-5.1.2","org.axonframework.messaging.eventhandling.tracing.TracingEventHandlingComponent",0,9,"axon-messaging-5.1.2","org.axonframework.messaging.tracing.MultiSpanFactory$MultiSpan",1,2,""
0.3939393939393939,"axon-messaging-5.1.2","org.axonframework.messaging.eventstreaming.EventCriteria",31,8,"axon-messaging-5.1.2","org.axonframework.messaging.eventstreaming.TagFilteredEventCriteria",2,8,""
0.3939393939393939,"axon-messaging-5.1.2","org.axonframework.messaging.eventstreaming.TagFilteredEventCriteria",2,8,"axon-messaging-5.1.2","org.axonframework.messaging.eventstreaming.EventCriteria",31,8,""
0.3939393939393939,"axon-messaging-5.1.2","org.axonframework.messaging.tracing.MultiSpanFactory$MultiSpan",1,2,"axon-messaging-5.1.2","org.axonframework.messaging.eventhandling.tracing.TracingEventHandlingComponent",0,9,""
0.39285714285714285,"axon-messaging-5.1.2","org.axonframework.messaging.core.AbstractMessageStream$FetchResult",21,7,"axon-messaging-5.1.2","org.axonframework.messaging.core.MappedMessageStream",2,5,""
0.39285714285714285,"axon-messaging-5.1.2","org.axonframework.messaging.core.AbstractMessageStream$FetchResult",21,7,"axon-messaging-5.1.2","org.axonframework.messaging.core.MessageStreamUtils$Reducer",1,3,""
0.39285714285714285,"axon-messaging-5.1.2","org.axonframework.messaging.core.MappedMessageStream",2,5,"axon-messaging-5.1.2","org.axonframework.messaging.core.FailedMessageStream",1,7,""
0.39285714285714285,"axon-messaging-5.1.2","org.axonframework.messaging.core.retry.AsyncRetryScheduler$RetryTask",1,9,"axon-messaging-5.1.2","org.axonframework.messaging.core.DelegatingMessageStream",2,2,""
0.39215686274509803,"axon-messaging-5.1.2","org.axonframework.messaging.commandhandling.interception.InterceptingCommandBus",1,15,"axon-messaging-5.1.2","org.axonframework.messaging.commandhandling.tracing.TracingCommandBus",1,11,""
0.39215686274509803,"axon-messaging-5.1.2","org.axonframework.messaging.commandhandling.retry.RetryingCommandBus",0,14,"axon-messaging-5.1.2","org.axonframework.messaging.commandhandling.tracing.TracingCommandBus",1,11,""
0.39215686274509803,"axon-messaging-5.1.2","org.axonframework.messaging.commandhandling.tracing.TracingCommandBus",1,11,"axon-messaging-5.1.2","org.axonframework.messaging.commandhandling.interception.InterceptingCommandBus",1,15,""
0.39215686274509803,"axon-messaging-5.1.2","org.axonframework.messaging.commandhandling.tracing.TracingCommandBus",1,11,"axon-messaging-5.1.2","org.axonframework.messaging.commandhandling.retry.RetryingCommandBus",0,14,""
0.3888888888888889,"axon-messaging-5.1.2","org.axonframework.messaging.commandhandling.annotation.MethodCommandHandlerDefinition$MethodCommandHandlingMember",1,7,"axon-messaging-5.1.2","org.axonframework.messaging.eventhandling.annotation.MethodEventHandlerDefinition$MethodEventMessageHandlingMember",1,8,""
0.3888888888888889,"axon-messaging-5.1.2","org.axonframework.messaging.eventhandling.annotation.MethodEventHandlerDefinition$MethodEventMessageHandlingMember",1,8,"axon-messaging-5.1.2","org.axonframework.messaging.commandhandling.annotation.MethodCommandHandlerDefinition$MethodCommandHandlingMember",1,7,""
0.3888888888888889,"axon-messaging-5.1.2","org.axonframework.messaging.eventhandling.replay.annotation.ReplayParameterResolverFactory$ReplayParameterResolver",1,7,"axon-messaging-5.1.2","org.axonframework.messaging.eventhandling.annotation.TimestampParameterResolverFactory$TimestampParameterResolver",1,5,""
0.3888888888888889,"axon-modelling-5.1.2","org.axonframework.modelling.entity.EntityMetamodelBuilder",8,6,"axon-modelling-5.1.2","org.axonframework.modelling.entity.PolymorphicEntityMetamodelBuilder",4,7,""
0.3888888888888889,"axon-modelling-5.1.2","org.axonframework.modelling.entity.PolymorphicEntityMetamodelBuilder",4,7,"axon-modelling-5.1.2","org.axonframework.modelling.entity.EntityMetamodelBuilder",8,6,""
0.3870967741935484,"axon-messaging-5.1.2","org.axonframework.messaging.core.retry.AsyncRetryScheduler$RetryTask",1,9,"axon-messaging-5.1.2","org.axonframework.messaging.core.MessageStreamUtils$Reducer",1,3,""
0.38461538461538464,"axon-eventsourcing-5.1.2","org.axonframework.eventsourcing.eventstore.ConsistencyMarker",24,5,"axon-messaging-5.1.2","org.axonframework.messaging.core.MessageStream$Entry",69,3,""
0.38461538461538464,"axon-metrics-micrometer-5.1.2","org.axonframework.extension.metrics.micrometer.MessageCountingMonitor",2,4,"axon-messaging-5.1.2","org.axonframework.messaging.monitoring.MessageMonitor",26,2,""
0.38461538461538464,"axon-messaging-5.1.2","org.axonframework.messaging.commandhandling.annotation.MethodCommandHandlerDefinition",0,3,"axon-messaging-5.1.2","org.axonframework.messaging.queryhandling.annotation.MethodQueryHandlerDefinition",0,3,""
0.38461538461538464,"axon-messaging-5.1.2","org.axonframework.messaging.core.Context",25,4,"axon-messaging-5.1.2","org.axonframework.messaging.core.EmptyContext",1,2,""
0.38461538461538464,"axon-messaging-5.1.2","org.axonframework.messaging.core.MappedMessageStream$Single",2,4,"axon-messaging-5.1.2","org.axonframework.messaging.core.MonoUtils",1,4,""
0.38461538461538464,"axon-messaging-5.1.2","org.axonframework.messaging.core.MessageStream$Empty",52,5,"axon-messaging-5.1.2","org.axonframework.messaging.core.FluxUtils$FluxStreamAdapter",1,3,""
0.38461538461538464,"axon-messaging-5.1.2","org.axonframework.messaging.core.MonoUtils",1,4,"axon-messaging-5.1.2","org.axonframework.messaging.core.MappedMessageStream$Single",2,4,""
0.38461538461538464,"axon-messaging-5.1.2","org.axonframework.messaging.core.sequencing.ExtractionSequencingPolicy",1,7,"axon-messaging-5.1.2","org.axonframework.messaging.core.annotation.MessageIdentifierParameterResolverFactory$MessageIdentifierParameterResolver",1,3,""
0.38461538461538464,"axon-messaging-5.1.2","org.axonframework.messaging.monitoring.NoOpMessageMonitor",4,4,"axon-metrics-micrometer-5.1.2","org.axonframework.extension.metrics.micrometer.MessageCountingMonitor",2,4,""
0.38461538461538464,"axon-messaging-5.1.2","org.axonframework.messaging.queryhandling.annotation.MethodQueryHandlerDefinition",0,3,"axon-messaging-5.1.2","org.axonframework.messaging.commandhandling.annotation.MethodCommandHandlerDefinition",0,3,""
0.38349514563106796,"axon-eventsourcing-5.1.2","org.axonframework.eventsourcing.configuration.SimpleEventSourcedEntityModule",6,41,"axon-modelling-5.1.2","org.axonframework.modelling.configuration.SimpleStateBasedEntityModule",4,28,""
0.38349514563106796,"axon-modelling-5.1.2","org.axonframework.modelling.configuration.SimpleStateBasedEntityModule",4,28,"axon-eventsourcing-5.1.2","org.axonframework.eventsourcing.configuration.SimpleEventSourcedEntityModule",6,41,""
0.38181818181818183,"axon-test-5.1.2","org.axonframework.test.util.RecordingCommandBus",1,15,"axon-test-5.1.2","org.axonframework.test.fixture.RecordingCommandBus",4,10,""
0.3815789473684211,"axon-messaging-5.1.2","org.axonframework.messaging.commandhandling.SimpleCommandBus",1,15,"axon-test-5.1.2","org.axonframework.test.util.RecordingCommandBus",1,15,""
0.3815789473684211,"axon-test-5.1.2","org.axonframework.test.util.RecordingCommandBus",1,15,"axon-messaging-5.1.2","org.axonframework.messaging.commandhandling.SimpleCommandBus",1,15,""
0.38095238095238093,"axon-messaging-5.1.2","org.axonframework.messaging.eventstreaming.EventTypeRestrictableEventCriteria",6,4,"axon-messaging-5.1.2","org.axonframework.messaging.eventstreaming.OrEventCriteria",4,5,""
0.38095238095238093,"axon-messaging-5.1.2","org.axonframework.messaging.eventstreaming.EventTypeRestrictableOrEventCriteria",1,4,"axon-messaging-5.1.2","org.axonframework.messaging.eventstreaming.OrEventCriteriaBuilder",1,5,""
0.38095238095238093,"axon-messaging-5.1.2","org.axonframework.messaging.eventstreaming.OrEventCriteria",4,5,"axon-messaging-5.1.2","org.axonframework.messaging.eventstreaming.EventTypeRestrictableEventCriteria",6,4,""
0.38095238095238093,"axon-messaging-5.1.2","org.axonframework.messaging.eventstreaming.OrEventCriteriaBuilder",1,5,"axon-messaging-5.1.2","org.axonframework.messaging.eventstreaming.EventTypeRestrictableOrEventCriteria",1,4,""
0.3783783783783784,"axon-server-connector-5.1.2","io.axoniq.framework.axonserver.connector.query.FlowControlledResponseSender",1,7,"axon-messaging-5.1.2","org.axonframework.messaging.core.retry.AsyncRetryScheduler$RetryTask",1,9,""
0.3783783783783784,"axon-messaging-5.1.2","org.axonframework.messaging.core.QueueMessageStream",1,7,"axon-messaging-5.1.2","org.axonframework.messaging.core.FluxMessageStream",2,6,""
0.375,"axon-server-connector-5.1.2","io.axoniq.framework.axonserver.connector.query.FlowControlledResponseSender",1,7,"axon-messaging-5.1.2","org.axonframework.messaging.core.FluxUtils$FluxStreamAdapter",1,3,""
0.375,"axoniq-spring-boot-autoconfigure-5.1.2","io.axoniq.framework.springboot.autoconfig.AxonServerAutoConfiguration$1",1,4,"axoniq-spring-boot-autoconfigure-5.1.2","io.axoniq.framework.springboot.autoconfig.PostgresqlAutoConfiguration$1",1,3,""
0.375,"axoniq-spring-boot-autoconfigure-5.1.2","io.axoniq.framework.springboot.autoconfig.PostgresqlAutoConfiguration$1",1,3,"axoniq-spring-boot-autoconfigure-5.1.2","io.axoniq.framework.springboot.autoconfig.AxonServerAutoConfiguration$1",1,4,""
0.375,"axoniq-spring-boot-autoconfigure-5.1.2","io.axoniq.framework.springboot.autoconfig.PostgresqlAutoConfiguration$1",1,3,"axon-metrics-micrometer-5.1.2","org.axonframework.extension.metrics.micrometer.springboot.MicrometerMetricsAutoConfiguration$1",1,4,""
0.375,"axon-common-5.1.2","org.axonframework.common.configuration.Component",16,5,"axon-common-5.1.2","org.axonframework.common.configuration.ComponentFactory",4,4,""
0.375,"axon-common-5.1.2","org.axonframework.common.configuration.ComponentFactory",4,4,"axon-common-5.1.2","org.axonframework.common.configuration.Component",16,5,""
0.375,"axon-eventsourcing-5.1.2","org.axonframework.eventsourcing.configuration.EventSourcedEntityModule$OptionalPhase",4,5,"axon-modelling-5.1.2","org.axonframework.modelling.configuration.StateBasedEntityModule$EntityIdResolverPhase",3,4,""
0.375,"axon-eventsourcing-5.1.2","org.axonframework.eventsourcing.eventstore.AbstractConsistencyMarker",2,1,"axon-eventsourcing-5.1.2","org.axonframework.eventsourcing.eventstore.ConsistencyMarkers$OriginConsistencyMarker",2,2,""
0.375,"axon-eventsourcing-5.1.2","org.axonframework.eventsourcing.eventstore.AggregateSequenceNumberPosition",4,2,"axon-eventsourcing-5.1.2","org.axonframework.eventsourcing.eventstore.StartPosition",1,1,""
0.375,"axon-eventsourcing-5.1.2","org.axonframework.eventsourcing.eventstore.AggregateSequenceNumberPosition",4,2,"axon-eventsourcing-5.1.2","org.axonframework.eventsourcing.snapshot.api.Snapshot",6,1,""
0.375,"axon-eventsourcing-5.1.2","org.axonframework.eventsourcing.eventstore.ConsistencyMarkers$OriginConsistencyMarker",2,2,"axon-eventsourcing-5.1.2","org.axonframework.eventsourcing.eventstore.AbstractConsistencyMarker",2,1,""
0.375,"axon-eventsourcing-5.1.2","org.axonframework.eventsourcing.eventstore.GlobalIndexPosition",4,2,"axon-eventsourcing-5.1.2","org.axonframework.eventsourcing.eventstore.StartPosition",1,1,""
0.375,"axon-eventsourcing-5.1.2","org.axonframework.eventsourcing.eventstore.GlobalIndexPosition",4,2,"axon-eventsourcing-5.1.2","org.axonframework.eventsourcing.snapshot.api.Snapshot",6,1,""
0.375,"axon-eventsourcing-5.1.2","org.axonframework.eventsourcing.eventstore.StartPosition",1,1,"axon-eventsourcing-5.1.2","org.axonframework.eventsourcing.eventstore.AggregateSequenceNumberPosition",4,2,""
0.375,"axon-eventsourcing-5.1.2","org.axonframework.eventsourcing.eventstore.StartPosition",1,1,"axon-eventsourcing-5.1.2","org.axonframework.eventsourcing.eventstore.GlobalIndexPosition",4,2,""
0.375,"axon-eventsourcing-5.1.2","org.axonframework.eventsourcing.snapshot.api.Snapshot",6,1,"axon-eventsourcing-5.1.2","org.axonframework.eventsourcing.eventstore.AggregateSequenceNumberPosition",4,2,""
0.375,"axon-eventsourcing-5.1.2","org.axonframework.eventsourcing.snapshot.api.Snapshot",6,1,"axon-eventsourcing-5.1.2","org.axonframework.eventsourcing.eventstore.GlobalIndexPosition",4,2,""
0.375,"axon-metrics-micrometer-5.1.2","org.axonframework.extension.metrics.micrometer.springboot.MicrometerMetricsAutoConfiguration$1",1,4,"axoniq-spring-boot-autoconfigure-5.1.2","io.axoniq.framework.springboot.autoconfig.PostgresqlAutoConfiguration$1",1,3,""
0.375,"axon-messaging-5.1.2","org.axonframework.messaging.commandhandling.CommandBus",17,5,"axon-messaging-5.1.2","org.axonframework.messaging.commandhandling.CommandHandler",22,5,""
0.375,"axon-messaging-5.1.2","org.axonframework.messaging.commandhandling.CommandBus",17,5,"axon-modelling-5.1.2","org.axonframework.modelling.entity.EntityCommandHandler",5,5,""
0.375,"axon-messaging-5.1.2","org.axonframework.messaging.commandhandling.CommandHandler",22,5,"axon-messaging-5.1.2","org.axonframework.messaging.commandhandling.CommandBus",17,5,""
0.375,"axon-messaging-5.1.2","org.axonframework.messaging.commandhandling.CommandHandlerRegistry",8,3,"axon-messaging-5.1.2","org.axonframework.messaging.commandhandling.DuplicateCommandHandlerSubscriptionException",3,2,""
0.375,"axon-messaging-5.1.2","org.axonframework.messaging.commandhandling.DuplicateCommandHandlerSubscriptionException",3,2,"axon-messaging-5.1.2","org.axonframework.messaging.commandhandling.CommandHandlerRegistry",8,3,""
0.375,"axon-messaging-5.1.2","org.axonframework.messaging.commandhandling.annotation.CommandDispatcherParameterResolverFactory$1",1,4,"axon-messaging-5.1.2","org.axonframework.messaging.core.annotation.FixedValueParameterResolver",2,2,""
0.375,"axon-messaging-5.1.2","org.axonframework.messaging.commandhandling.annotation.CommandDispatcherParameterResolverFactoryConfigurationEnhancer",0,6,"axon-modelling-5.1.2","org.axonframework.modelling.annotation.InjectEntityParameterResolverFactoryConfigurationEnhancer",0,4,""
0.375,"axon-messaging-5.1.2","org.axonframework.messaging.commandhandling.interception.InterceptingCommandBus$InterceptingHandler",1,8,"axon-messaging-5.1.2","org.axonframework.messaging.commandhandling.tracing.TracingCommandBus$TracingHandler",1,8,""
0.375,"axon-messaging-5.1.2","org.axonframework.messaging.commandhandling.tracing.TracingCommandBus$TracingHandler",1,8,"axon-messaging-5.1.2","org.axonframework.messaging.commandhandling.interception.InterceptingCommandBus$InterceptingHandler",1,8,""
0.375,"axon-messaging-5.1.2","org.axonframework.messaging.core.QueueMessageStream",1,7,"axon-messaging-5.1.2","org.axonframework.messaging.core.IteratorMessageStream",1,4,""
0.375,"axon-messaging-5.1.2","org.axonframework.messaging.core.RemoteHandlingException",2,2,"axon-messaging-5.1.2","org.axonframework.messaging.core.RemoteNonTransientHandlingException",2,2,""
0.375,"axon-messaging-5.1.2","org.axonframework.messaging.core.annotation.SimpleResourceParameterResolverFactory",0,4,"axon-test-5.1.2","org.axonframework.test.FixtureResourceParameterResolverFactory",0,4,""
0.375,"axon-messaging-5.1.2","org.axonframework.messaging.core.configuration.reflection.ConfigurationParameterResolverConfigurationEnhancer",0,4,"axon-messaging-5.1.2","org.axonframework.messaging.commandhandling.annotation.CommandDispatcherParameterResolverFactoryConfigurationEnhancer",0,6,""
0.375,"axon-messaging-5.1.2","org.axonframework.messaging.core.configuration.reflection.ConfigurationParameterResolverConfigurationEnhancer",0,4,"axon-messaging-5.1.2","org.axonframework.messaging.eventhandling.annotation.EventAppenderParameterResolverFactoryConfigurationEnhancer",0,6,""
0.375,"axon-messaging-5.1.2","org.axonframework.messaging.core.interception.annotation.ResultParameterResolverFactory$ExceptionResultParameterResolver",1,3,"axon-messaging-5.1.2","org.axonframework.messaging.core.unitofwork.annotation.ProcessingContextParameterResolverFactory$ProcessingContextParameterResolver",1,2,""
0.375,"axon-messaging-5.1.2","org.axonframework.messaging.core.interception.annotation.ResultParameterResolverFactory$ExceptionResultParameterResolver",1,3,"axon-test-5.1.2","org.axonframework.test.FixtureResourceParameterResolverFactory$FailingParameterResolver",1,3,""
0.375,"axon-messaging-5.1.2","org.axonframework.messaging.core.reflection.ClasspathParameterResolverConfigurationEnhancer",0,6,"axon-modelling-5.1.2","org.axonframework.modelling.annotation.InjectEntityParameterResolverFactoryConfigurationEnhancer",0,4,""
0.375,"axon-messaging-5.1.2","org.axonframework.messaging.eventhandling.annotation.EventAppenderParameterResolverFactory$1",1,4,"axon-messaging-5.1.2","org.axonframework.messaging.core.annotation.FixedValueParameterResolver",2,2,""
0.375,"axon-messaging-5.1.2","org.axonframework.messaging.eventhandling.annotation.EventAppenderParameterResolverFactoryConfigurationEnhancer",0,6,"axon-modelling-5.1.2","org.axonframework.modelling.annotation.InjectEntityParameterResolverFactoryConfigurationEnhancer",0,4,""
0.375,"axon-messaging-5.1.2","org.axonframework.messaging.eventhandling.processing.errorhandling.ErrorContext",5,2,"axon-messaging-5.1.2","org.axonframework.messaging.eventhandling.conversion.EventConverter",17,2,""
0.375,"axon-messaging-5.1.2","org.axonframework.messaging.eventhandling.processing.errorhandling.ErrorContext",5,2,"axon-messaging-5.1.2","org.axonframework.messaging.eventhandling.tracing.EventBusSpanFactory",1,2,""
0.375,"axon-messaging-5.1.2","org.axonframework.messaging.eventhandling.processing.errorhandling.ErrorContext",5,2,"axon-modelling-5.1.2","org.axonframework.modelling.PayloadBasedEntityEvolver",0,3,""
0.375,"axon-messaging-5.1.2","org.axonframework.messaging.eventhandling.processing.streaming.segmenting.SequenceOverridingEventHandlingComponent",0,11,"axon-messaging-5.1.2","org.axonframework.messaging.eventhandling.processing.streaming.segmenting.SequencingEventHandlingComponent",1,10,""
0.375,"axon-messaging-5.1.2","org.axonframework.messaging.eventhandling.processing.streaming.segmenting.SequencingEventHandlingComponent",1,10,"axon-messaging-5.1.2","org.axonframework.messaging.eventhandling.processing.streaming.segmenting.SequenceOverridingEventHandlingComponent",0,11,""
0.375,"axon-messaging-5.1.2","org.axonframework.messaging.eventhandling.processing.streaming.token.store.jdbc.GenericTokenTableFactory",1,2,"axon-messaging-5.1.2","org.axonframework.messaging.eventhandling.processing.streaming.token.store.jdbc.JdbcTokenStoreConfiguration",1,2,""
0.375,"axon-messaging-5.1.2","org.axonframework.messaging.eventhandling.processing.streaming.token.store.jdbc.JdbcTokenStoreConfiguration",1,2,"axon-messaging-5.1.2","org.axonframework.messaging.eventhandling.processing.streaming.token.store.jdbc.GenericTokenTableFactory",1,2,""
0.375,"axon-messaging-5.1.2","org.axonframework.messaging.eventhandling.processing.streaming.token.store.jdbc.JdbcTokenStoreConfiguration",1,2,"axon-messaging-5.1.2","org.axonframework.messaging.eventhandling.processing.streaming.token.store.jdbc.Oracle11TokenTableFactory",0,2,""
0.375,"axon-messaging-5.1.2","org.axonframework.messaging.eventhandling.processing.streaming.token.store.jdbc.Oracle11TokenTableFactory",0,2,"axon-messaging-5.1.2","org.axonframework.messaging.eventhandling.processing.streaming.token.store.jdbc.JdbcTokenStoreConfiguration",1,2,""
0.375,"axon-messaging-5.1.2","org.axonframework.messaging.eventstreaming.AnyEvent",4,6,"axon-messaging-5.1.2","org.axonframework.messaging.eventstreaming.EventTypeRestrictableOrEventCriteria",1,4,""
0.375,"axon-messaging-5.1.2","org.axonframework.messaging.eventstreaming.EventCriteria",31,8,"axon-messaging-5.1.2","org.axonframework.messaging.eventstreaming.TagAndTypeFilteredEventCriteria",2,6,""
0.375,"axon-messaging-5.1.2","org.axonframework.messaging.eventstreaming.EventTypeRestrictableOrEventCriteria",1,4,"axon-messaging-5.1.2","org.axonframework.messaging.eventstreaming.AnyEvent",4,6,""
0.375,"axon-messaging-5.1.2","org.axonframework.messaging.eventstreaming.TagAndTypeFilteredEventCriteria",2,6,"axon-messaging-5.1.2","org.axonframework.messaging.eventstreaming.EventCriteria",31,8,""
0.375,"axon-messaging-5.1.2","org.axonframework.messaging.eventstreaming.TrackingTokenSource",6,2,"axon-messaging-5.1.2","org.axonframework.messaging.core.unitofwork.annotation.ProcessingContextParameterResolverFactory$ProcessingContextParameterResolver",1,2,""
0.375,"axon-messaging-5.1.2","org.axonframework.messaging.queryhandling.DuplicateQueryHandlerSubscriptionException",2,2,"axon-messaging-5.1.2","org.axonframework.messaging.queryhandling.QueryHandlerRegistry",4,3,""
0.375,"axon-messaging-5.1.2","org.axonframework.messaging.queryhandling.QueryHandlerRegistry",4,3,"axon-messaging-5.1.2","org.axonframework.messaging.queryhandling.DuplicateQueryHandlerSubscriptionException",2,2,""
0.375,"axon-messaging-5.1.2","org.axonframework.messaging.queryhandling.QueryUpdateEmitterParameterResolverFactory$1",1,4,"axon-messaging-5.1.2","org.axonframework.messaging.core.annotation.FixedValueParameterResolver",2,2,""
0.375,"axon-modelling-5.1.2","org.axonframework.modelling.annotation.InjectEntityParameterResolverFactoryConfigurationEnhancer",0,4,"axon-messaging-5.1.2","org.axonframework.messaging.core.reflection.ClasspathParameterResolverConfigurationEnhancer",0,6,""
0.375,"axon-modelling-5.1.2","org.axonframework.modelling.annotation.InjectEntityParameterResolverFactoryConfigurationEnhancer",0,4,"axon-messaging-5.1.2","org.axonframework.messaging.eventhandling.annotation.EventAppenderParameterResolverFactoryConfigurationEnhancer",0,6,""
0.375,"axon-modelling-5.1.2","org.axonframework.modelling.configuration.StateBasedEntityModule$EntityIdResolverPhase",3,4,"axon-eventsourcing-5.1.2","org.axonframework.eventsourcing.configuration.EventSourcedEntityModule$OptionalPhase",4,5,""
0.375,"axon-modelling-5.1.2","org.axonframework.modelling.entity.EntityCommandHandler",5,5,"axon-messaging-5.1.2","org.axonframework.messaging.commandhandling.CommandBus",17,5,""
0.375,"axon-modelling-5.1.2","org.axonframework.modelling.repository.Repository",11,4,"axon-messaging-5.1.2","org.axonframework.messaging.eventhandling.gateway.EventGateway",2,2,""
0.375,"axon-test-5.1.2","org.axonframework.test.FixtureResourceParameterResolverFactory",0,4,"axon-messaging-5.1.2","org.axonframework.messaging.core.annotation.SimpleResourceParameterResolverFactory",0,4,""
0.37142857142857144,"axon-messaging-5.1.2","org.axonframework.messaging.eventhandling.interception.InterceptingEventHandlingComponent",2,11,"axon-messaging-5.1.2","org.axonframework.messaging.eventhandling.processing.streaming.segmenting.SequencingEventHandlingComponent",1,10,""
0.37142857142857144,"axon-messaging-5.1.2","org.axonframework.messaging.eventhandling.processing.streaming.segmenting.SequencingEventHandlingComponent",1,10,"axon-messaging-5.1.2","org.axonframework.messaging.eventhandling.interception.InterceptingEventHandlingComponent",2,11,""
0.37037037037037035,"axon-messaging-5.1.2","org.axonframework.messaging.commandhandling.gateway.CommandResult",7,3,"axon-messaging-5.1.2","org.axonframework.messaging.tracing.SpanFactory",16,3,""
0.37037037037037035,"axon-messaging-5.1.2","org.axonframework.messaging.eventhandling.InterceptingEventBus",2,8,"axon-test-5.1.2","org.axonframework.test.fixture.RecordingEventBus",1,8,""
0.37037037037037035,"axon-messaging-5.1.2","org.axonframework.messaging.queryhandling.interception.InterceptingQueryBus$InterceptingResponseUpdateDispatcher",1,7,"axon-messaging-5.1.2","org.axonframework.messaging.queryhandling.interception.InterceptingQueryBus$QueryInterceptingDispatcher",1,6,""
0.37037037037037035,"axon-test-5.1.2","org.axonframework.test.fixture.RecordingEventBus",1,8,"axon-messaging-5.1.2","org.axonframework.messaging.eventhandling.InterceptingEventBus",2,8,""
0.3698630136986301,"axon-eventsourcing-5.1.2","org.axonframework.eventsourcing.eventstore.InterceptingEventStore",2,15,"axon-test-5.1.2","org.axonframework.test.fixture.RecordingEventStore",1,12,""
0.3698630136986301,"axon-test-5.1.2","org.axonframework.test.fixture.RecordingEventStore",1,12,"axon-eventsourcing-5.1.2","org.axonframework.eventsourcing.eventstore.InterceptingEventStore",2,15,""
0.3684210526315789,"axon-common-5.1.2","org.axonframework.common.configuration.Component$Identifier",21,2,"axon-common-5.1.2","org.axonframework.common.configuration.Configuration",93,3,""
0.3684210526315789,"axon-common-5.1.2","org.axonframework.common.configuration.Configuration",93,3,"axon-common-5.1.2","org.axonframework.common.configuration.Component$Identifier",21,2,""
0.3684210526315789,"axon-messaging-5.1.2","org.axonframework.messaging.commandhandling.interception.CommandMessageHandlerInterceptorChain$InterceptingHandler",1,9,"axon-messaging-5.1.2","org.axonframework.messaging.commandhandling.interception.CommandSequencingInterceptor",1,9,""
0.3684210526315789,"axon-messaging-5.1.2","org.axonframework.messaging.commandhandling.interception.CommandSequencingInterceptor",1,9,"axon-messaging-5.1.2","org.axonframework.messaging.commandhandling.interception.CommandMessageHandlerInterceptorChain$InterceptingHandler",1,9,""
0.3684210526315789,"axon-messaging-5.1.2","org.axonframework.messaging.core.DelayedMessageStream",9,7,"axon-messaging-5.1.2","org.axonframework.messaging.core.MessageStream$Empty",52,5,""
0.3684210526315789,"axon-messaging-5.1.2","org.axonframework.messaging.core.reflection.HierarchicalParameterResolverFactoryConfigurationEnhancer",0,5,"axon-modelling-5.1.2","org.axonframework.modelling.HierarchicalStateManagerConfigurationEnhancer",0,5,""
0.3684210526315789,"axon-messaging-5.1.2","org.axonframework.messaging.eventhandling.DelegatingEventBus",0,6,"axon-messaging-5.1.2","org.axonframework.messaging.eventhandling.EventSubscribers",1,6,""
0.3684210526315789,"axon-modelling-5.1.2","org.axonframework.modelling.HierarchicalStateManagerConfigurationEnhancer",0,5,"axon-messaging-5.1.2","org.axonframework.messaging.core.reflection.HierarchicalParameterResolverFactoryConfigurationEnhancer",0,5,""
0.3673469387755102,"axon-server-connector-5.1.2","io.axoniq.framework.axonserver.connector.event.SourcingEventMessageStream",1,13,"axon-eventsourcing-5.1.2","org.axonframework.eventsourcing.eventstore.inmemory.InMemoryEventStorageEngine$MapBackedMessageStream",4,11,""
0.3673469387755102,"axon-eventsourcing-5.1.2","org.axonframework.eventsourcing.eventstore.inmemory.InMemoryEventStorageEngine$MapBackedMessageStream",4,11,"axon-server-connector-5.1.2","io.axoniq.framework.axonserver.connector.event.SourcingEventMessageStream",1,13,""
0.36363636363636365,"axon-common-5.1.2","org.axonframework.common.BuilderUtils",32,3,"axon-eventsourcing-5.1.2","org.axonframework.eventsourcing.eventstore.jpa.SQLErrorCodesResolver",0,4,""
0.36363636363636365,"axon-common-5.1.2","org.axonframework.common.configuration.AmbiguousComponentMatchException",1,1,"axon-common-5.1.2","org.axonframework.common.configuration.DecoratorDefinition$2",1,5,""
0.36363636363636365,"axon-common-5.1.2","org.axonframework.common.configuration.DecoratorDefinition$2",1,5,"axon-common-5.1.2","org.axonframework.common.configuration.AmbiguousComponentMatchException",1,1,""
0.36363636363636365,"axon-eventsourcing-5.1.2","org.axonframework.eventsourcing.eventstore.EventTypeResolver",2,3,"axon-messaging-5.1.2","org.axonframework.messaging.core.NamespaceMessageTypeResolver",1,3,""
0.36363636363636365,"axon-eventsourcing-5.1.2","org.axonframework.eventsourcing.eventstore.jpa.SQLErrorCodesResolver",0,4,"axon-common-5.1.2","org.axonframework.common.BuilderUtils",32,3,""
0.36363636363636365,"axon-messaging-5.1.2","org.axonframework.messaging.core.ConfigurationApplicationContext",2,3,"axon-messaging-5.1.2","org.axonframework.messaging.core.configuration.reflection.ConfigurationParameterResolverFactory",1,5,""
0.36363636363636365,"axon-messaging-5.1.2","org.axonframework.messaging.core.DefaultMessageDispatchInterceptorChain$InterceptingDispatcher",1,6,"axon-messaging-5.1.2","org.axonframework.messaging.core.DelegatingMessageStream",2,2,""
0.36363636363636365,"axon-messaging-5.1.2","org.axonframework.messaging.core.NamespaceMessageTypeResolver",1,3,"axon-eventsourcing-5.1.2","org.axonframework.eventsourcing.eventstore.EventTypeResolver",2,3,""
0.36363636363636365,"axon-messaging-5.1.2","org.axonframework.messaging.core.configuration.reflection.ConfigurationParameterResolverFactory",1,5,"axon-messaging-5.1.2","org.axonframework.messaging.core.ConfigurationApplicationContext",2,3,""
0.36363636363636365,"axon-messaging-5.1.2","org.axonframework.messaging.core.interception.annotation.MessageHandlerInterceptorDefinition$InterceptedMessageHandlingMember",1,7,"axon-messaging-5.1.2","org.axonframework.messaging.eventhandling.annotation.MethodEventHandlerDefinition$MethodEventMessageHandlingMember",1,8,""
0.36363636363636365,"axon-messaging-5.1.2","org.axonframework.messaging.core.interception.annotation.NoMoreInterceptors",2,5,"axon-messaging-5.1.2","org.axonframework.messaging.core.retry.RetryScheduler$Dispatcher",3,3,""
0.36363636363636365,"axon-messaging-5.1.2","org.axonframework.messaging.core.unitofwork.SimpleUnitOfWorkFactory",2,4,"axon-messaging-5.1.2","org.axonframework.messaging.core.unitofwork.UnitOfWorkFactory",25,2,""
0.36363636363636365,"axon-messaging-5.1.2","org.axonframework.messaging.core.unitofwork.UnitOfWorkFactory",25,2,"axon-messaging-5.1.2","org.axonframework.messaging.core.unitofwork.SimpleUnitOfWorkFactory",2,4,""
0.36363636363636365,"axon-messaging-5.1.2","org.axonframework.messaging.eventhandling.annotation.MethodEventHandlerDefinition$MethodEventMessageHandlingMember",1,8,"axon-messaging-5.1.2","org.axonframework.messaging.core.interception.annotation.MessageHandlerInterceptorDefinition$InterceptedMessageHandlingMember",1,7,""
0.36363636363636365,"axon-messaging-5.1.2","org.axonframework.messaging.eventhandling.processing.streaming.pooled.WorkPackage$BatchProcessingEntry",1,4,"axon-messaging-5.1.2","org.axonframework.messaging.eventhandling.processing.streaming.pooled.WorkPackage$DefaultProcessingEntry",1,5,""
0.36363636363636365,"axon-messaging-5.1.2","org.axonframework.messaging.eventhandling.processing.streaming.pooled.WorkPackage$DefaultProcessingEntry",1,5,"axon-messaging-5.1.2","org.axonframework.messaging.eventhandling.processing.streaming.pooled.WorkPackage$BatchProcessingEntry",1,4,""
0.36363636363636365,"axon-messaging-5.1.2","org.axonframework.messaging.eventstreaming.EventsCondition",7,3,"axon-messaging-5.1.2","org.axonframework.messaging.eventstreaming.AnyEvent",4,6,""
0.36363636363636365,"axon-test-5.1.2","org.axonframework.test.fixture.AxonTestPhase$Then$MessageAssertions",6,4,"axon-messaging-5.1.2","org.axonframework.messaging.eventhandling.conversion.EventConverter",17,2,""
0.36231884057971014,"axon-messaging-5.1.2","org.axonframework.messaging.queryhandling.tracing.DefaultQueryBusSpanFactory",1,7,"axon-messaging-5.1.2","org.axonframework.messaging.tracing.MultiSpanFactory",0,5,""
0.36231884057971014,"axon-messaging-5.1.2","org.axonframework.messaging.tracing.MultiSpanFactory",0,5,"axon-messaging-5.1.2","org.axonframework.messaging.queryhandling.tracing.DefaultQueryBusSpanFactory",1,7,""
0.3611111111111111,"axon-messaging-5.1.2","org.axonframework.messaging.eventhandling.DelegatingEventHandlingComponent",5,9,"axon-messaging-5.1.2","org.axonframework.messaging.eventhandling.EventHandlingComponent",18,12,""
0.3611111111111111,"axon-messaging-5.1.2","org.axonframework.messaging.eventhandling.EventHandlingComponent",18,12,"axon-messaging-5.1.2","org.axonframework.messaging.eventhandling.DelegatingEventHandlingComponent",5,9,""
0.36,"axon-metrics-micrometer-5.1.2","org.axonframework.extension.metrics.micrometer.CapacityMonitor",2,5,"axon-metrics-micrometer-5.1.2","org.axonframework.extension.metrics.micrometer.MessageCountingMonitor",2,4,""
0.36,"axon-messaging-5.1.2","org.axonframework.messaging.commandhandling.gateway.CommandDispatcher",3,7,"axon-messaging-5.1.2","org.axonframework.messaging.commandhandling.gateway.CommandGateway",5,4,""
0.36,"axon-messaging-5.1.2","org.axonframework.messaging.commandhandling.gateway.CommandGateway",5,4,"axon-messaging-5.1.2","org.axonframework.messaging.commandhandling.gateway.CommandDispatcher",3,7,""
0.36,"axon-messaging-5.1.2","org.axonframework.messaging.commandhandling.interception.CommandMessageHandlerInterceptorChain$InterceptingHandler",1,9,"axon-messaging-5.1.2","org.axonframework.messaging.commandhandling.interception.InterceptingCommandBus",1,15,""
0.36,"axon-messaging-5.1.2","org.axonframework.messaging.eventhandling.InterceptingEventSink",2,7,"axon-messaging-5.1.2","org.axonframework.messaging.eventhandling.gateway.DefaultEventGateway",1,8,""
0.36,"axon-messaging-5.1.2","org.axonframework.messaging.eventhandling.gateway.DefaultEventGateway",1,8,"axon-messaging-5.1.2","org.axonframework.messaging.eventhandling.InterceptingEventSink",2,7,""
0.358974358974359,"axon-conversion-5.1.2","org.axonframework.conversion.avro.AvroConverterConfiguration",1,4,"axon-conversion-5.1.2","org.axonframework.conversion.avro.SpecificRecordBaseConverterStrategy",1,7,""
0.358974358974359,"axon-conversion-5.1.2","org.axonframework.conversion.avro.SpecificRecordBaseConverterStrategy",1,7,"axon-conversion-5.1.2","org.axonframework.conversion.avro.AvroConverterConfiguration",1,4,""
0.35714285714285715,"axon-server-connector-5.1.2","io.axoniq.framework.axonserver.connector.query.AbstractQueryResponseMessageStream",2,8,"axon-messaging-5.1.2","org.axonframework.messaging.core.FluxMessageStream",2,6,""
0.35714285714285715,"axon-common-5.1.2","org.axonframework.common.caching.AbstractCacheAdapter",2,3,"axon-common-5.1.2","org.axonframework.common.caching.EhCacheAdapter$CacheEventListenerAdapter",1,2,""
0.35714285714285715,"axon-common-5.1.2","org.axonframework.common.caching.EhCacheAdapter$CacheEventListenerAdapter",1,2,"axon-common-5.1.2","org.axonframework.common.caching.AbstractCacheAdapter",2,3,""
0.35714285714285715,"axon-common-5.1.2","org.axonframework.common.jpa.EntityManagerExecutor",2,4,"axon-eventsourcing-5.1.2","org.axonframework.eventsourcing.eventstore.jpa.JpaPollingEventCoordinator",1,5,""
0.35714285714285715,"axon-conversion-5.1.2","org.axonframework.conversion.DelegatingGeneralConverter",1,4,"axon-messaging-5.1.2","org.axonframework.messaging.core.ConversionCache",1,3,""
0.35714285714285715,"axon-eventsourcing-5.1.2","org.axonframework.eventsourcing.eventstore.jpa.JpaPollingEventCoordinator",1,5,"axon-common-5.1.2","org.axonframework.common.jpa.EntityManagerExecutor",2,4,""
0.35714285714285715,"axon-messaging-5.1.2","org.axonframework.messaging.core.ConversionCache",1,3,"axon-conversion-5.1.2","org.axonframework.conversion.DelegatingGeneralConverter",1,4,""
0.35714285714285715,"axon-messaging-5.1.2","org.axonframework.messaging.core.FluxUtils",2,7,"axon-messaging-5.1.2","org.axonframework.messaging.core.MessageStream$Empty",52,5,""
0.35714285714285715,"axon-messaging-5.1.2","org.axonframework.messaging.eventhandling.annotation.MethodEventHandlerDefinition$MethodEventMessageHandlingMember",1,8,"axon-messaging-5.1.2","org.axonframework.messaging.queryhandling.annotation.MethodQueryHandlerDefinition$MethodQueryHandlingMember",1,9,""
0.35714285714285715,"axon-messaging-5.1.2","org.axonframework.messaging.eventhandling.processing.streaming.pooled.WorkPackage$BatchProcessingEntry",1,4,"axon-messaging-5.1.2","org.axonframework.messaging.eventhandling.processing.streaming.pooled.WorkPackage$ProcessingEntry",3,3,""
0.35714285714285715,"axon-messaging-5.1.2","org.axonframework.messaging.eventhandling.processing.streaming.pooled.WorkPackage$ProcessingEntry",3,3,"axon-messaging-5.1.2","org.axonframework.messaging.eventhandling.processing.streaming.pooled.WorkPackage$BatchProcessingEntry",1,4,""
0.35714285714285715,"axon-messaging-5.1.2","org.axonframework.messaging.queryhandling.QueryBus",11,7,"axon-messaging-5.1.2","org.axonframework.messaging.queryhandling.interception.InterceptingQueryBus$SubscriptionQueryInterceptingDispatcher",1,7,""
0.35714285714285715,"axon-messaging-5.1.2","org.axonframework.messaging.queryhandling.annotation.MethodQueryHandlerDefinition$MethodQueryHandlingMember",1,9,"axon-messaging-5.1.2","org.axonframework.messaging.eventhandling.annotation.MethodEventHandlerDefinition$MethodEventMessageHandlingMember",1,8,""
0.35714285714285715,"axon-messaging-5.1.2","org.axonframework.messaging.queryhandling.interception.InterceptingQueryBus$SubscriptionQueryInterceptingDispatcher",1,7,"axon-messaging-5.1.2","org.axonframework.messaging.queryhandling.QueryBus",11,7,""
0.35714285714285715,"axon-update-5.1.2","org.axonframework.update.UpdateCheckerHttpClient",2,4,"axon-update-5.1.2","org.axonframework.update.configuration.HierarchicalUsagePropertyProvider",1,2,""
0.35714285714285715,"axon-update-5.1.2","org.axonframework.update.configuration.HierarchicalUsagePropertyProvider",1,2,"axon-update-5.1.2","org.axonframework.update.UpdateCheckerHttpClient",2,4,""
0.35555555555555557,"axon-tracing-opentelemetry-5.1.2","org.axonframework.extension.tracing.opentelemetry.OpenTelemetrySpanFactory",1,7,"axon-messaging-5.1.2","org.axonframework.messaging.tracing.SpanFactory",16,3,""
0.3548387096774194,"axon-server-connector-5.1.2","io.axoniq.framework.axonserver.connector.query.AbstractQueryResponseMessageStream",2,8,"axon-eventsourcing-5.1.2","org.axonframework.eventsourcing.eventstore.ContinuousMessageStream",1,6,""
0.3548387096774194,"axon-messaging-5.1.2","org.axonframework.messaging.core.annotation.ChainedMessageHandlerInterceptorMember",1,6,"axon-messaging-5.1.2","org.axonframework.messaging.core.annotation.HandlerComparator",1,1,""
0.3548387096774194,"axon-messaging-5.1.2","org.axonframework.messaging.core.annotation.HandlerComparator",1,1,"axon-messaging-5.1.2","org.axonframework.messaging.core.annotation.ChainedMessageHandlerInterceptorMember",1,6,""
0.3548387096774194,"axon-messaging-5.1.2","org.axonframework.messaging.eventhandling.InterceptingEventSink",2,7,"axon-messaging-5.1.2","org.axonframework.messaging.eventhandling.gateway.ProcessingContextEventAppender",1,9,""
0.3548387096774194,"axon-messaging-5.1.2","org.axonframework.messaging.eventhandling.gateway.ProcessingContextEventAppender",1,9,"axon-messaging-5.1.2","org.axonframework.messaging.eventhandling.InterceptingEventSink",2,7,""
0.3548387096774194,"axon-messaging-5.1.2","org.axonframework.messaging.eventhandling.processing.streaming.pooled.EventSchedulingProcessingContext",2,7,"axon-messaging-5.1.2","org.axonframework.messaging.core.unitofwork.ProcessingContext",228,5,""
0.35294117647058826,"axon-messaging-5.1.2","org.axonframework.messaging.core.FluxUtils",2,7,"axon-messaging-5.1.2","org.axonframework.messaging.core.MessageStreamUtils$Reducer",1,3,""
0.35294117647058826,"axon-messaging-5.1.2","org.axonframework.messaging.eventhandling.gateway.EventAppender",3,7,"axon-messaging-5.1.2","org.axonframework.messaging.queryhandling.QueryUpdateEmitter",3,8,""
0.35294117647058826,"axon-messaging-5.1.2","org.axonframework.messaging.eventhandling.processing.streaming.segmenting.SegmentMatcher",1,5,"axon-messaging-5.1.2","org.axonframework.messaging.core.sequencing.SequentialPerAggregatePolicy",1,6,""
0.35294117647058826,"axon-messaging-5.1.2","org.axonframework.messaging.eventhandling.processing.streaming.segmenting.SegmentMatcher",1,5,"axon-messaging-5.1.2","org.axonframework.messaging.eventhandling.annotation.TimestampParameterResolverFactory$TimestampParameterResolver",1,5,""
0.35294117647058826,"axon-messaging-5.1.2","org.axonframework.messaging.eventstreaming.EventTypeRestrictableEventCriteria",6,4,"axon-messaging-5.1.2","org.axonframework.messaging.eventstreaming.AnyEvent",4,6,""
0.35294117647058826,"axon-messaging-5.1.2","org.axonframework.messaging.queryhandling.QueryUpdateEmitter",3,8,"axon-messaging-5.1.2","org.axonframework.messaging.eventhandling.gateway.EventAppender",3,7,""
0.35294117647058826,"axon-messaging-5.1.2","org.axonframework.messaging.tracing.MultiSpanFactory",0,5,"axon-messaging-5.1.2","org.axonframework.messaging.tracing.SpanFactory",16,3,""
0.35294117647058826,"axon-modelling-5.1.2","org.axonframework.modelling.HierarchicalStateManagerConfigurationEnhancer",0,5,"axon-modelling-5.1.2","org.axonframework.modelling.configuration.ModellingConfigurationDefaults",1,7,""
0.35294117647058826,"axon-modelling-5.1.2","org.axonframework.modelling.configuration.ModellingConfigurationDefaults",1,7,"axon-modelling-5.1.2","org.axonframework.modelling.HierarchicalStateManagerConfigurationEnhancer",0,5,""
0.35294117647058826,"axon-modelling-5.1.2","org.axonframework.modelling.entity.PolymorphicEntityMetamodel$Builder",1,10,"axon-modelling-5.1.2","org.axonframework.modelling.entity.PolymorphicEntityMetamodelBuilder",4,7,""
0.35294117647058826,"axon-modelling-5.1.2","org.axonframework.modelling.entity.PolymorphicEntityMetamodelBuilder",4,7,"axon-modelling-5.1.2","org.axonframework.modelling.entity.PolymorphicEntityMetamodel$Builder",1,10,""
0.35135135135135137,"axon-messaging-5.1.2","org.axonframework.messaging.core.MessageStream$Single",45,7,"axon-messaging-5.1.2","org.axonframework.messaging.core.MappedMessageStream",2,5,""
0.35135135135135137,"axon-messaging-5.1.2","org.axonframework.messaging.core.MessageStream$Single",45,7,"axon-messaging-5.1.2","org.axonframework.messaging.core.MessageStreamUtils$Reducer",1,3,""
0.35,"axon-messaging-5.1.2","org.axonframework.messaging.core.MessageTypeResolver",32,4,"axon-messaging-5.1.2","org.axonframework.messaging.core.AbstractMessage",1,3,""
0.35,"axon-messaging-5.1.2","org.axonframework.messaging.core.annotation.ClasspathParameterResolverFactory",3,2,"axon-messaging-5.1.2","org.axonframework.messaging.core.annotation.MultiParameterResolverFactory",2,3,""
0.35,"axon-messaging-5.1.2","org.axonframework.messaging.core.annotation.MultiParameterResolverFactory",2,3,"axon-messaging-5.1.2","org.axonframework.messaging.core.annotation.ClasspathParameterResolverFactory",3,2,""
0.3488372093023256,"axon-server-connector-5.1.2","io.axoniq.framework.axonserver.connector.event.StreamingEventMessageStream",1,10,"axon-eventsourcing-5.1.2","org.axonframework.eventsourcing.eventstore.inmemory.InMemoryEventStorageEngine$MapBackedMessageStream",4,11,""
0.3488372093023256,"axon-eventsourcing-5.1.2","org.axonframework.eventsourcing.eventstore.inmemory.InMemoryEventStorageEngine$MapBackedMessageStream",4,11,"axon-server-connector-5.1.2","io.axoniq.framework.axonserver.connector.event.StreamingEventMessageStream",1,10,""
0.34831460674157305,"axon-messaging-5.1.2","org.axonframework.messaging.commandhandling.configuration.SimpleCommandHandlingModule",1,16,"axon-messaging-5.1.2","org.axonframework.messaging.queryhandling.configuration.SimpleQueryHandlingModule",1,16,""
0.34831460674157305,"axon-messaging-5.1.2","org.axonframework.messaging.queryhandling.configuration.SimpleQueryHandlingModule",1,16,"axon-messaging-5.1.2","org.axonframework.messaging.commandhandling.configuration.SimpleCommandHandlingModule",1,16,""
0.34782608695652173,"axon-server-connector-5.1.2","io.axoniq.framework.axonserver.connector.query.AbstractQueryResponseMessageStream",2,8,"axon-messaging-5.1.2","org.axonframework.messaging.core.IteratorMessageStream",1,4,""
0.34782608695652173,"axon-messaging-5.1.2","org.axonframework.messaging.core.FluxUtils",2,7,"axon-messaging-5.1.2","org.axonframework.messaging.core.interception.LoggingInterceptor",0,10,""
0.34782608695652173,"axon-messaging-5.1.2","org.axonframework.messaging.core.SimpleEntry",11,5,"axon-messaging-5.1.2","org.axonframework.messaging.core.EmptyContext",1,2,""
0.34782608695652173,"axon-messaging-5.1.2","org.axonframework.messaging.core.interception.LoggingInterceptor",0,10,"axon-messaging-5.1.2","org.axonframework.messaging.core.FluxUtils",2,7,""
0.34782608695652173,"axon-messaging-5.1.2","org.axonframework.messaging.core.interception.annotation.MessageHandlerInterceptorMemberChain",7,10,"axon-messaging-5.1.2","org.axonframework.messaging.core.annotation.MessageHandlingMember",38,4,""
0.34782608695652173,"axon-messaging-5.1.2","org.axonframework.messaging.eventhandling.annotation.MethodSequencingPolicyEventHandlerDefinition",0,5,"axon-messaging-5.1.2","org.axonframework.messaging.eventhandling.replay.annotation.ReplayAwareMessageHandlerWrapper",0,6,""
0.34782608695652173,"axon-messaging-5.1.2","org.axonframework.messaging.eventhandling.replay.annotation.ReplayAwareMessageHandlerWrapper",0,6,"axon-messaging-5.1.2","org.axonframework.messaging.eventhandling.annotation.MethodSequencingPolicyEventHandlerDefinition",0,5,""
0.3475177304964539,"axon-modelling-5.1.2","org.axonframework.modelling.entity.ConcreteEntityMetamodel",3,23,"axon-modelling-5.1.2","org.axonframework.modelling.entity.PolymorphicEntityMetamodel",3,18,""
0.3475177304964539,"axon-modelling-5.1.2","org.axonframework.modelling.entity.PolymorphicEntityMetamodel",3,18,"axon-modelling-5.1.2","org.axonframework.modelling.entity.ConcreteEntityMetamodel",3,23,""
0.34545454545454546,"axon-messaging-5.1.2","org.axonframework.messaging.eventhandling.processing.streaming.pooled.ClaimTask",1,8,"axon-messaging-5.1.2","org.axonframework.messaging.eventhandling.processing.streaming.pooled.SplitTask",1,10,""
0.34545454545454546,"axon-messaging-5.1.2","org.axonframework.messaging.eventhandling.processing.streaming.pooled.SplitTask",1,10,"axon-messaging-5.1.2","org.axonframework.messaging.eventhandling.processing.streaming.pooled.ClaimTask",1,8,""
0.3448275862068966,"axon-common-5.1.2","org.axonframework.common.configuration.HierarchicalLifecycleRegistry",1,3,"axon-common-5.1.2","org.axonframework.common.configuration.LifecycleRegistry",16,3,""
0.3448275862068966,"axon-common-5.1.2","org.axonframework.common.configuration.LifecycleRegistry",16,3,"axon-common-5.1.2","org.axonframework.common.configuration.HierarchicalLifecycleRegistry",1,3,""
0.3442622950819672,"axon-messaging-5.1.2","org.axonframework.messaging.core.interception.LoggingInterceptor",0,10,"axon-messaging-5.1.2","org.axonframework.messaging.core.interception.annotation.MessageHandlerInterceptorDefinition$ResultHandlingInterceptorMember",1,12,""
0.3442622950819672,"axon-messaging-5.1.2","org.axonframework.messaging.core.interception.annotation.MessageHandlerInterceptorDefinition$ResultHandlingInterceptorMember",1,12,"axon-messaging-5.1.2","org.axonframework.messaging.core.interception.LoggingInterceptor",0,10,""
0.34285714285714286,"axon-eventsourcing-5.1.2","org.axonframework.eventsourcing.eventstore.InterceptingEventStore",2,15,"axon-eventsourcing-5.1.2","org.axonframework.eventsourcing.eventstore.StorageEngineBackedEventStore",1,19,""
0.34285714285714286,"axon-eventsourcing-5.1.2","org.axonframework.eventsourcing.eventstore.InterceptingEventStore$InterceptingAppender",2,7,"axon-messaging-5.1.2","org.axonframework.messaging.eventhandling.interception.EventMessageHandlerInterceptorChain$InterceptingHandler",1,8,""
0.34285714285714286,"axon-eventsourcing-5.1.2","org.axonframework.eventsourcing.eventstore.StorageEngineBackedEventStore",1,19,"axon-eventsourcing-5.1.2","org.axonframework.eventsourcing.eventstore.InterceptingEventStore",2,15,""
0.34285714285714286,"axon-messaging-5.1.2","org.axonframework.messaging.eventhandling.gateway.EventAppender",3,7,"axon-messaging-5.1.2","org.axonframework.messaging.eventhandling.gateway.ProcessingContextEventAppender",1,9,""
0.34285714285714286,"axon-messaging-5.1.2","org.axonframework.messaging.eventhandling.interception.EventMessageHandlerInterceptorChain$InterceptingHandler",1,8,"axon-eventsourcing-5.1.2","org.axonframework.eventsourcing.eventstore.InterceptingEventStore$InterceptingAppender",2,7,""
0.34210526315789475,"axon-messaging-5.1.2","org.axonframework.messaging.core.QueueMessageStream",1,7,"axon-server-connector-5.1.2","io.axoniq.framework.axonserver.connector.query.AbstractQueryResponseMessageStream",2,8,""
0.34146341463414637,"axon-messaging-5.1.2","org.axonframework.messaging.commandhandling.SimpleCommandBus",1,15,"axon-messaging-5.1.2","org.axonframework.messaging.commandhandling.SimpleCommandHandlingComponent",2,15,""
0.34146341463414637,"axon-messaging-5.1.2","org.axonframework.messaging.commandhandling.SimpleCommandHandlingComponent",2,15,"axon-messaging-5.1.2","org.axonframework.messaging.commandhandling.SimpleCommandBus",1,15,""
0.3404255319148936,"axon-server-connector-5.1.2","io.axoniq.framework.axonserver.connector.event.AxonServerMessageStream",1,10,"axon-eventsourcing-5.1.2","org.axonframework.eventsourcing.eventstore.inmemory.InMemoryEventStorageEngine$MapBackedMessageStream",4,11,""
0.3404255319148936,"axon-eventsourcing-5.1.2","org.axonframework.eventsourcing.eventstore.inmemory.InMemoryEventStorageEngine$MapBackedMessageStream",4,11,"axon-server-connector-5.1.2","io.axoniq.framework.axonserver.connector.event.AxonServerMessageStream",1,10,""
0.3375,"axon-eventsourcing-5.1.2","org.axonframework.eventsourcing.eventstore.StorageEngineBackedEventStore",1,19,"axon-messaging-5.1.2","org.axonframework.messaging.eventhandling.SimpleEventBus",2,8,""
0.3375,"axon-messaging-5.1.2","org.axonframework.messaging.eventhandling.SimpleEventBus",2,8,"axon-eventsourcing-5.1.2","org.axonframework.eventsourcing.eventstore.StorageEngineBackedEventStore",1,19,""
0.3333333333333333,"axon-server-connector-5.1.2","io.axoniq.framework.axonserver.connector.api.command.AxonServerNonTransientRemoteCommandHandlingException",1,2,"axon-server-connector-5.1.2","io.axoniq.framework.axonserver.connector.api.command.AxonServerRemoteCommandHandlingException",1,2,""
0.3333333333333333,"axon-server-connector-5.1.2","io.axoniq.framework.axonserver.connector.api.command.AxonServerNonTransientRemoteCommandHandlingException",1,2,"axon-server-connector-5.1.2","io.axoniq.framework.axonserver.connector.api.query.AxonServerRemoteQueryHandlingException",1,2,""
0.3333333333333333,"axon-server-connector-5.1.2","io.axoniq.framework.axonserver.connector.api.command.AxonServerRemoteCommandHandlingException",1,2,"axon-server-connector-5.1.2","io.axoniq.framework.axonserver.connector.api.command.AxonServerNonTransientRemoteCommandHandlingException",1,2,""
0.3333333333333333,"axon-server-connector-5.1.2","io.axoniq.framework.axonserver.connector.api.command.AxonServerRemoteCommandHandlingException",1,2,"axon-server-connector-5.1.2","io.axoniq.framework.axonserver.connector.api.query.AxonServerNonTransientRemoteQueryHandlingException",1,2,""
0.3333333333333333,"axon-server-connector-5.1.2","io.axoniq.framework.axonserver.connector.api.query.AxonServerNonTransientRemoteQueryHandlingException",1,2,"axon-server-connector-5.1.2","io.axoniq.framework.axonserver.connector.api.command.AxonServerRemoteCommandHandlingException",1,2,""
0.3333333333333333,"axon-server-connector-5.1.2","io.axoniq.framework.axonserver.connector.api.query.AxonServerNonTransientRemoteQueryHandlingException",1,2,"axon-server-connector-5.1.2","io.axoniq.framework.axonserver.connector.api.query.AxonServerRemoteQueryHandlingException",1,2,""
0.3333333333333333,"axon-server-connector-5.1.2","io.axoniq.framework.axonserver.connector.api.query.AxonServerRemoteQueryHandlingException",1,2,"axon-server-connector-5.1.2","io.axoniq.framework.axonserver.connector.api.command.AxonServerNonTransientRemoteCommandHandlingException",1,2,""
0.3333333333333333,"axon-server-connector-5.1.2","io.axoniq.framework.axonserver.connector.api.query.AxonServerRemoteQueryHandlingException",1,2,"axon-server-connector-5.1.2","io.axoniq.framework.axonserver.connector.api.query.AxonServerNonTransientRemoteQueryHandlingException",1,2,""
0.3333333333333333,"axon-server-connector-5.1.2","io.axoniq.framework.axonserver.connector.configuration.TopologyChange$1",1,1,"axon-server-connector-5.1.2","io.axoniq.framework.axonserver.connector.configuration.TopologyChangeListener",2,1,""
0.3333333333333333,"axon-server-connector-5.1.2","io.axoniq.framework.axonserver.connector.configuration.TopologyChangeListener",2,1,"axon-server-connector-5.1.2","io.axoniq.framework.axonserver.connector.configuration.TopologyChange$1",1,1,""
0.3333333333333333,"axon-server-connector-5.1.2","io.axoniq.framework.axonserver.connector.event.AggregateBasedAxonServerEventStorageEngine$1",1,6,"axon-eventsourcing-5.1.2","org.axonframework.eventsourcing.eventstore.AggregateBasedConsistencyMarker$AggregateSequencer",5,1,""
0.3333333333333333,"axon-server-connector-5.1.2","io.axoniq.framework.axonserver.connector.event.AggregateBasedAxonServerEventStorageEngine$AggregateSource",1,3,"axon-eventsourcing-5.1.2","org.axonframework.eventsourcing.eventstore.EventStoreTransaction",9,6,""
0.3333333333333333,"axon-server-connector-5.1.2","io.axoniq.framework.axonserver.connector.shared.ErrorCode",7,1,"axon-eventsourcing-5.1.2","org.axonframework.eventsourcing.eventstore.jpa.SQLStateResolver",0,2,""
0.3333333333333333,"axon-server-connector-5.1.2","io.axoniq.framework.axonserver.connector.shared.ExceptionConverter",6,4,"axon-server-connector-5.1.2","io.axoniq.framework.axonserver.connector.shared.GrpcExceptionParser",0,2,""
0.3333333333333333,"axon-server-connector-5.1.2","io.axoniq.framework.axonserver.connector.shared.GrpcExceptionParser",0,2,"axon-server-connector-5.1.2","io.axoniq.framework.axonserver.connector.shared.ExceptionConverter",6,4,""
0.3333333333333333,"axon-server-connector-5.1.2","io.axoniq.framework.axonserver.connector.shared.MetadataConverter",4,2,"axon-update-5.1.2","org.axonframework.update.api.Artifact",3,1,""
0.3333333333333333,"axon-server-connector-5.1.2","io.axoniq.framework.axonserver.connector.shared.MetadataConverter",4,2,"axon-update-5.1.2","org.axonframework.update.api.ArtifactAvailableUpgrade",2,1,""
0.3333333333333333,"axon-server-connector-5.1.2","io.axoniq.framework.axonserver.connector.shared.MetadataConverter",4,2,"axon-update-5.1.2","org.axonframework.update.api.DetectedVulnerabilitySeverity",3,1,""
0.3333333333333333,"axoniq-spring-boot-autoconfigure-5.1.2","io.axoniq.framework.springboot.autoconfig.AxonServerAutoConfiguration$1",1,4,"axon-metrics-micrometer-5.1.2","org.axonframework.extension.metrics.micrometer.springboot.MicrometerMetricsAutoConfiguration$1",1,4,""
0.3333333333333333,"axon-common-5.1.2","org.axonframework.common.ConstructorUtils",3,1,"axon-test-5.1.2","org.axonframework.test.matchers.NonTransientFieldsFilter",0,2,""
0.3333333333333333,"axon-common-5.1.2","org.axonframework.common.IdentifierValidator",0,1,"axon-common-5.1.2","org.axonframework.common.annotation.AnnotationUtils",19,2,""
0.3333333333333333,"axon-common-5.1.2","org.axonframework.common.caching.JCacheAdapter",0,4,"axon-common-5.1.2","org.axonframework.common.caching.AbstractCacheAdapter",2,3,""
0.3333333333333333,"axon-common-5.1.2","org.axonframework.common.configuration.Component",16,5,"axon-common-5.1.2","org.axonframework.common.configuration.InstantiatedComponentDefinition",3,5,""
0.3333333333333333,"axon-common-5.1.2","org.axonframework.common.configuration.InstantiatedComponentDefinition",3,5,"axon-common-5.1.2","org.axonframework.common.configuration.Component",16,5,""
0.3333333333333333,"axon-common-5.1.2","org.axonframework.common.configuration.Module",15,2,"axon-common-5.1.2","org.axonframework.common.configuration.AxonConfiguration",13,1,""
0.3333333333333333,"axon-common-5.1.2","org.axonframework.common.jdbc.ConnectionExecutor",1,4,"axon-common-5.1.2","org.axonframework.common.jpa.EntityManagerExecutor",2,4,""
0.3333333333333333,"axon-common-5.1.2","org.axonframework.common.jpa.EntityManagerExecutor",2,4,"axon-common-5.1.2","org.axonframework.common.jdbc.ConnectionExecutor",1,4,""
0.3333333333333333,"axon-common-5.1.2","org.axonframework.common.lock.LockFactory",2,1,"axon-common-5.1.2","org.axonframework.common.lock.NullLockFactory",0,3,""
0.3333333333333333,"axon-common-5.1.2","org.axonframework.common.lock.NullLockFactory",0,3,"axon-common-5.1.2","org.axonframework.common.lock.LockFactory",2,1,""
0.3333333333333333,"axon-common-5.1.2","org.axonframework.common.property.PropertyAccessStrategy",5,1,"axon-messaging-5.1.2","org.axonframework.messaging.core.sequencing.PropertySequencingPolicy",0,4,""
0.3333333333333333,"axon-conversion-5.1.2","org.axonframework.conversion.Converter",52,1,"axon-messaging-5.1.2","org.axonframework.messaging.eventhandling.gateway.EventGateway",2,2,""
0.3333333333333333,"axon-conversion-5.1.2","org.axonframework.conversion.DelegatingGeneralConverter",1,4,"axon-messaging-5.1.2","org.axonframework.messaging.core.ConversionCache$Target",1,1,""
0.3333333333333333,"axon-conversion-5.1.2","org.axonframework.conversion.GeneralConverter",5,1,"axon-messaging-5.1.2","org.axonframework.messaging.core.ConversionCache$Target",1,1,""
0.3333333333333333,"axon-eventsourcing-5.1.2","org.axonframework.eventsourcing.CriteriaResolver",10,2,"axon-modelling-5.1.2","org.axonframework.modelling.EntityEvolver",13,2,""
0.3333333333333333,"axon-eventsourcing-5.1.2","org.axonframework.eventsourcing.EventSourcingRepository$EventSourcedEntity",1,1,"axon-modelling-5.1.2","org.axonframework.modelling.repository.Repository",11,4,""
0.3333333333333333,"axon-eventsourcing-5.1.2","org.axonframework.eventsourcing.EventSourcingRepository$EventSourcedEntity",1,1,"axon-modelling-5.1.2","org.axonframework.modelling.repository.Repository$LifecycleManagement",4,3,""
0.3333333333333333,"axon-eventsourcing-5.1.2","org.axonframework.eventsourcing.eventstore.AggregateBasedConsistencyMarker$AggregateSequencer",5,1,"axon-server-connector-5.1.2","io.axoniq.framework.axonserver.connector.event.AggregateBasedAxonServerEventStorageEngine$1",1,6,""
0.3333333333333333,"axon-eventsourcing-5.1.2","org.axonframework.eventsourcing.eventstore.AppendCondition",15,5,"axon-eventsourcing-5.1.2","org.axonframework.eventsourcing.eventstore.DefaultAppendCondition",3,3,""
0.3333333333333333,"axon-eventsourcing-5.1.2","org.axonframework.eventsourcing.eventstore.DefaultAppendCondition",3,3,"axon-eventsourcing-5.1.2","org.axonframework.eventsourcing.eventstore.AppendCondition",15,5,""
0.3333333333333333,"axon-eventsourcing-5.1.2","org.axonframework.eventsourcing.eventstore.DefaultAppendCondition",3,3,"axon-eventsourcing-5.1.2","org.axonframework.eventsourcing.eventstore.ConsistencyMarkers$InfinityConsistencyMarker",2,2,""
0.3333333333333333,"axon-eventsourcing-5.1.2","org.axonframework.eventsourcing.eventstore.EventStorageEngine$AppendTransaction",13,1,"axon-eventsourcing-5.1.2","org.axonframework.eventsourcing.eventstore.AppendEventsTransactionRejectedException",4,2,""
0.3333333333333333,"axon-eventsourcing-5.1.2","org.axonframework.eventsourcing.eventstore.EventStoreTransaction",9,6,"axon-server-connector-5.1.2","io.axoniq.framework.axonserver.connector.event.AggregateBasedAxonServerEventStorageEngine$AggregateSource",1,3,""
0.3333333333333333,"axon-eventsourcing-5.1.2","org.axonframework.eventsourcing.eventstore.EventStoreTransaction",9,6,"axon-eventsourcing-5.1.2","org.axonframework.eventsourcing.eventstore.jpa.AggregateBasedJpaEventStorageEngine$AggregateSource",1,3,""
0.3333333333333333,"axon-eventsourcing-5.1.2","org.axonframework.eventsourcing.eventstore.EventStoreTransaction",9,6,"axon-messaging-5.1.2","org.axonframework.messaging.eventhandling.conversion.EventConverter",17,2,""
0.3333333333333333,"axon-eventsourcing-5.1.2","org.axonframework.eventsourcing.eventstore.GenericTaggedEventMessage",1,4,"axon-eventsourcing-5.1.2","org.axonframework.eventsourcing.eventstore.PayloadBasedTagResolver",0,3,""
0.3333333333333333,"axon-eventsourcing-5.1.2","org.axonframework.eventsourcing.eventstore.GenericTaggedEventMessage",1,4,"axon-eventsourcing-5.1.2","org.axonframework.eventsourcing.eventstore.TooManyTagsOnEventMessageException",1,2,""
0.3333333333333333,"axon-eventsourcing-5.1.2","org.axonframework.eventsourcing.eventstore.PayloadBasedTagResolver",0,3,"axon-eventsourcing-5.1.2","org.axonframework.eventsourcing.eventstore.GenericTaggedEventMessage",1,4,""
0.3333333333333333,"axon-eventsourcing-5.1.2","org.axonframework.eventsourcing.eventstore.SourcingStrategy$Absolute",5,3,"axon-eventsourcing-5.1.2","org.axonframework.eventsourcing.eventstore.StartPosition",1,1,""
0.3333333333333333,"axon-eventsourcing-5.1.2","org.axonframework.eventsourcing.eventstore.SourcingStrategy$Absolute",5,3,"axon-eventsourcing-5.1.2","org.axonframework.eventsourcing.snapshot.api.Snapshot",6,1,""
0.3333333333333333,"axon-eventsourcing-5.1.2","org.axonframework.eventsourcing.eventstore.SourcingStrategy$Snapshot",4,3,"axon-eventsourcing-5.1.2","org.axonframework.eventsourcing.eventstore.StartPosition",1,1,""
0.3333333333333333,"axon-eventsourcing-5.1.2","org.axonframework.eventsourcing.eventstore.SourcingStrategy$Snapshot",4,3,"axon-eventsourcing-5.1.2","org.axonframework.eventsourcing.snapshot.api.Snapshot",6,1,""
0.3333333333333333,"axon-eventsourcing-5.1.2","org.axonframework.eventsourcing.eventstore.TagResolver",7,2,"axon-eventsourcing-5.1.2","org.axonframework.eventsourcing.eventstore.TooManyTagsOnEventMessageException",1,2,""
0.3333333333333333,"axon-eventsourcing-5.1.2","org.axonframework.eventsourcing.eventstore.TagResolver",7,2,"axon-modelling-5.1.2","org.axonframework.modelling.EntityEvolver",13,2,""
0.3333333333333333,"axon-eventsourcing-5.1.2","org.axonframework.eventsourcing.eventstore.jpa.AggregateBasedJpaEventStorageEngine$AggregateSource",1,3,"axon-eventsourcing-5.1.2","org.axonframework.eventsourcing.eventstore.EventStoreTransaction",9,6,""
0.3333333333333333,"axon-eventsourcing-5.1.2","org.axonframework.eventsourcing.eventstore.jpa.SQLStateResolver",0,2,"axon-server-connector-5.1.2","io.axoniq.framework.axonserver.connector.shared.ErrorCode",7,1,""
0.3333333333333333,"axon-metrics-micrometer-5.1.2","org.axonframework.extension.metrics.micrometer.EventProcessorLatencyMonitor$Builder",2,3,"axon-messaging-5.1.2","org.axonframework.messaging.eventhandling.processing.streaming.token.store.jpa.JpaTokenStoreConfiguration",1,1,""
0.3333333333333333,"axon-metrics-micrometer-5.1.2","org.axonframework.extension.metrics.micrometer.springboot.MicrometerMetricsAutoConfiguration$1",1,4,"axoniq-spring-boot-autoconfigure-5.1.2","io.axoniq.framework.springboot.autoconfig.AxonServerAutoConfiguration$1",1,4,""
0.3333333333333333,"axon-tracing-opentelemetry-5.1.2","org.axonframework.extension.tracing.opentelemetry.OpenTelemetrySpan",1,2,"axon-messaging-5.1.2","org.axonframework.messaging.tracing.MultiSpanFactory$MultiSpan",1,2,""
0.3333333333333333,"axon-messaging-5.1.2","org.axonframework.messaging.commandhandling.CommandBus",17,5,"axon-messaging-5.1.2","org.axonframework.messaging.eventhandling.gateway.EventGateway",2,2,""
0.3333333333333333,"axon-messaging-5.1.2","org.axonframework.messaging.commandhandling.CommandHandlingComponent",8,3,"axon-messaging-5.1.2","org.axonframework.messaging.eventhandling.NoHandlerForEventException",1,1,""
0.3333333333333333,"axon-messaging-5.1.2","org.axonframework.messaging.commandhandling.DuplicateCommandHandlerSubscriptionException",3,2,"axon-messaging-5.1.2","org.axonframework.messaging.eventhandling.NoHandlerForEventException",1,1,""
0.3333333333333333,"axon-messaging-5.1.2","org.axonframework.messaging.commandhandling.UnresolvedRoutingKeyPolicy",0,3,"axon-messaging-5.1.2","org.axonframework.messaging.commandhandling.NoHandlerForCommandException",6,2,""
0.3333333333333333,"axon-messaging-5.1.2","org.axonframework.messaging.commandhandling.UnresolvedRoutingKeyPolicy",0,3,"axon-messaging-5.1.2","org.axonframework.messaging.commandhandling.tracing.CommandBusSpanFactory",3,2,""
0.3333333333333333,"axon-messaging-5.1.2","org.axonframework.messaging.commandhandling.annotation.AnnotatedCommandHandlingComponent",1,22,"axon-messaging-5.1.2","org.axonframework.messaging.queryhandling.annotation.AnnotatedQueryHandlingComponent",1,23,""
0.3333333333333333,"axon-messaging-5.1.2","org.axonframework.messaging.commandhandling.annotation.AnnotationRoutingStrategy$RoutingKeyResolver",1,2,"axon-common-5.1.2","org.axonframework.common.IdentifierValidator",0,1,""
0.3333333333333333,"axon-messaging-5.1.2","org.axonframework.messaging.commandhandling.annotation.Command",1,2,"axon-modelling-5.1.2","org.axonframework.modelling.entity.EntityAlreadyExistsForCreationalCommandHandlerException",2,1,""
0.3333333333333333,"axon-messaging-5.1.2","org.axonframework.messaging.commandhandling.annotation.Command",1,2,"axon-modelling-5.1.2","org.axonframework.modelling.entity.EntityMissingForInstanceCommandHandlerException",2,1,""
0.3333333333333333,"axon-messaging-5.1.2","org.axonframework.messaging.commandhandling.annotation.CommandHandler",1,2,"axon-modelling-5.1.2","org.axonframework.modelling.entity.EntityAlreadyExistsForCreationalCommandHandlerException",2,1,""
0.3333333333333333,"axon-messaging-5.1.2","org.axonframework.messaging.commandhandling.annotation.CommandHandler",1,2,"axon-modelling-5.1.2","org.axonframework.modelling.entity.EntityMissingForInstanceCommandHandlerException",2,1,""
0.3333333333333333,"axon-messaging-5.1.2","org.axonframework.messaging.commandhandling.annotation.MethodCommandHandlerDefinition",0,3,"axon-messaging-5.1.2","org.axonframework.messaging.core.interception.annotation.MessageHandlerInterceptorDefinition",0,5,""
0.3333333333333333,"axon-messaging-5.1.2","org.axonframework.messaging.commandhandling.interception.CommandMessageHandlerInterceptorChain",1,11,"axon-messaging-5.1.2","org.axonframework.messaging.commandhandling.interception.CommandSequencingInterceptor",1,9,""
0.3333333333333333,"axon-messaging-5.1.2","org.axonframework.messaging.commandhandling.interception.CommandSequencingInterceptor",1,9,"axon-messaging-5.1.2","org.axonframework.messaging.commandhandling.interception.CommandMessageHandlerInterceptorChain",1,11,""
0.3333333333333333,"axon-messaging-5.1.2","org.axonframework.messaging.core.CompletionCallbackMessageStream$Empty",2,3,"axon-messaging-5.1.2","org.axonframework.messaging.eventhandling.EventHandler",6,5,""
0.3333333333333333,"axon-messaging-5.1.2","org.axonframework.messaging.core.CompletionCallbackMessageStream$Empty",2,3,"axon-messaging-5.1.2","org.axonframework.messaging.eventhandling.replay.ResetHandler",5,5,""
0.3333333333333333,"axon-messaging-5.1.2","org.axonframework.messaging.core.ConfigurationApplicationContext",2,3,"axon-messaging-5.1.2","org.axonframework.messaging.core.EmptyApplicationContext",3,2,""
0.3333333333333333,"axon-messaging-5.1.2","org.axonframework.messaging.core.ConversionCache$Target",1,1,"axon-conversion-5.1.2","org.axonframework.conversion.DelegatingGeneralConverter",1,4,""
0.3333333333333333,"axon-messaging-5.1.2","org.axonframework.messaging.core.ConversionCache$Target",1,1,"axon-conversion-5.1.2","org.axonframework.conversion.GeneralConverter",5,1,""
0.3333333333333333,"axon-messaging-5.1.2","org.axonframework.messaging.core.DelayedMessageStream$Empty",1,3,"axon-messaging-5.1.2","org.axonframework.messaging.core.DelayedMessageStream$Single",1,3,""
0.3333333333333333,"axon-messaging-5.1.2","org.axonframework.messaging.core.DelayedMessageStream$Empty",1,3,"axon-messaging-5.1.2","org.axonframework.messaging.eventhandling.replay.ResetHandler",5,5,""
0.3333333333333333,"axon-messaging-5.1.2","org.axonframework.messaging.core.Metadata$MetadataCollector",1,1,"axon-messaging-5.1.2","org.axonframework.messaging.core.correlation.SimpleCorrelationDataProvider",0,3,""
0.3333333333333333,"axon-messaging-5.1.2","org.axonframework.messaging.core.Metadata$MetadataCollector",1,1,"axon-test-5.1.2","org.axonframework.test.util.CallbackBehavior",2,1,""
0.3333333333333333,"axon-messaging-5.1.2","org.axonframework.messaging.core.RemoteHandlingException",2,2,"axon-messaging-5.1.2","org.axonframework.messaging.core.HandlerExecutionException",3,1,""
0.3333333333333333,"axon-messaging-5.1.2","org.axonframework.messaging.core.RemoteHandlingException",2,2,"axon-messaging-5.1.2","org.axonframework.messaging.eventhandling.TransactionMethodExecutionException",0,1,""
0.3333333333333333,"axon-messaging-5.1.2","org.axonframework.messaging.core.annotation.AggregateTypeParameterResolverFactory",0,5,"axon-messaging-5.1.2","org.axonframework.messaging.core.annotation.MessageIdentifierParameterResolverFactory",0,5,""
0.3333333333333333,"axon-messaging-5.1.2","org.axonframework.messaging.core.annotation.AggregateTypeParameterResolverFactory",0,5,"axon-messaging-5.1.2","org.axonframework.messaging.eventhandling.annotation.SequenceNumberParameterResolverFactory",0,5,""
0.3333333333333333,"axon-messaging-5.1.2","org.axonframework.messaging.core.annotation.AggregateTypeParameterResolverFactory",0,5,"axon-messaging-5.1.2","org.axonframework.messaging.eventhandling.annotation.TimestampParameterResolverFactory",0,5,""
0.3333333333333333,"axon-messaging-5.1.2","org.axonframework.messaging.core.annotation.HandlerEnhancerDefinition",11,1,"axon-messaging-5.1.2","org.axonframework.messaging.commandhandling.annotation.CommandHandlingMember",3,2,""
0.3333333333333333,"axon-messaging-5.1.2","org.axonframework.messaging.core.annotation.HandlerEnhancerDefinition",11,1,"axon-messaging-5.1.2","org.axonframework.messaging.eventhandling.annotation.EventHandlingMember",2,2,""
0.3333333333333333,"axon-messaging-5.1.2","org.axonframework.messaging.core.annotation.HandlerEnhancerDefinition",11,1,"axon-messaging-5.1.2","org.axonframework.messaging.queryhandling.annotation.QueryHandlingMember",2,2,""
0.3333333333333333,"axon-messaging-5.1.2","org.axonframework.messaging.core.annotation.Message",5,3,"axon-update-5.1.2","org.axonframework.update.api.Artifact",3,1,""
0.3333333333333333,"axon-messaging-5.1.2","org.axonframework.messaging.core.annotation.Message",5,3,"axon-update-5.1.2","org.axonframework.update.api.ArtifactAvailableUpgrade",2,1,""
0.3333333333333333,"axon-messaging-5.1.2","org.axonframework.messaging.core.annotation.Message",5,3,"axon-update-5.1.2","org.axonframework.update.api.DetectedVulnerabilitySeverity",3,1,""
0.3333333333333333,"axon-messaging-5.1.2","org.axonframework.messaging.core.annotation.MessageHandlerTimeout",0,1,"axon-messaging-5.1.2","org.axonframework.messaging.core.annotation.SequencingPolicy",1,3,""
0.3333333333333333,"axon-messaging-5.1.2","org.axonframework.messaging.core.annotation.MessageIdentifierParameterResolverFactory",0,5,"axon-messaging-5.1.2","org.axonframework.messaging.core.annotation.AggregateTypeParameterResolverFactory",0,5,""
0.3333333333333333,"axon-messaging-5.1.2","org.axonframework.messaging.core.annotation.MessageIdentifierParameterResolverFactory",0,5,"axon-messaging-5.1.2","org.axonframework.messaging.eventhandling.annotation.SequenceNumberParameterResolverFactory",0,5,""
0.3333333333333333,"axon-messaging-5.1.2","org.axonframework.messaging.core.annotation.MessageIdentifierParameterResolverFactory",0,5,"axon-messaging-5.1.2","org.axonframework.messaging.eventhandling.annotation.TimestampParameterResolverFactory",0,5,""
0.3333333333333333,"axon-messaging-5.1.2","org.axonframework.messaging.core.annotation.ParameterResolverFactory",40,1,"axon-messaging-5.1.2","org.axonframework.messaging.core.annotation.FixedValueParameterResolver",2,2,""
0.3333333333333333,"axon-messaging-5.1.2","org.axonframework.messaging.core.annotation.SequencingPolicy",1,3,"axon-messaging-5.1.2","org.axonframework.messaging.core.annotation.MessageHandlerTimeout",0,1,""
0.3333333333333333,"axon-messaging-5.1.2","org.axonframework.messaging.core.annotation.SequencingPolicy",1,3,"axon-messaging-5.1.2","org.axonframework.messaging.core.interception.annotation.ResultHandler",2,1,""
0.3333333333333333,"axon-messaging-5.1.2","org.axonframework.messaging.core.annotation.SequencingPolicy",1,3,"axon-messaging-5.1.2","org.axonframework.messaging.eventhandling.replay.annotation.AllowReplay",2,1,""
0.3333333333333333,"axon-messaging-5.1.2","org.axonframework.messaging.core.annotation.SourceIdParameterResolverFactory",0,5,"axon-messaging-5.1.2","org.axonframework.messaging.core.annotation.MessageIdentifierParameterResolverFactory",0,5,""
0.3333333333333333,"axon-messaging-5.1.2","org.axonframework.messaging.core.annotation.SourceIdParameterResolverFactory",0,5,"axon-messaging-5.1.2","org.axonframework.messaging.eventhandling.annotation.SequenceNumberParameterResolverFactory",0,5,""
0.3333333333333333,"axon-messaging-5.1.2","org.axonframework.messaging.core.annotation.SourceIdParameterResolverFactory",0,5,"axon-messaging-5.1.2","org.axonframework.messaging.eventhandling.annotation.TimestampParameterResolverFactory",0,5,""
0.3333333333333333,"axon-messaging-5.1.2","org.axonframework.messaging.core.interception.DispatchInterceptorFactory",2,3,"axon-common-5.1.2","org.axonframework.common.configuration.AxonConfiguration",13,1,""
0.3333333333333333,"axon-messaging-5.1.2","org.axonframework.messaging.core.interception.HandlerInterceptorFactory",2,3,"axon-common-5.1.2","org.axonframework.common.configuration.AxonConfiguration",13,1,""
0.3333333333333333,"axon-messaging-5.1.2","org.axonframework.messaging.core.interception.annotation.MessageHandlerInterceptorDefinition",0,5,"axon-messaging-5.1.2","org.axonframework.messaging.commandhandling.annotation.MethodCommandHandlerDefinition",0,3,""
0.3333333333333333,"axon-messaging-5.1.2","org.axonframework.messaging.core.interception.annotation.MessageHandlerInterceptorDefinition$InterceptedMessageHandlingMember",1,7,"axon-messaging-5.1.2","org.axonframework.messaging.core.interception.annotation.MessageHandlerInterceptorDefinition$ResultHandlingInterceptorMember",1,12,""
0.3333333333333333,"axon-messaging-5.1.2","org.axonframework.messaging.core.interception.annotation.MessageHandlerInterceptorDefinition$ResultHandlingInterceptorMember",1,12,"axon-messaging-5.1.2","org.axonframework.messaging.core.interception.annotation.MessageHandlerInterceptorDefinition$InterceptedMessageHandlingMember",1,7,""
0.3333333333333333,"axon-messaging-5.1.2","org.axonframework.messaging.core.interception.annotation.MessageHandlerInterceptorMemberChain",7,10,"axon-messaging-5.1.2","org.axonframework.messaging.core.interception.annotation.NoMoreInterceptors",2,5,""
0.3333333333333333,"axon-messaging-5.1.2","org.axonframework.messaging.core.interception.annotation.ResultHandler",2,1,"axon-messaging-5.1.2","org.axonframework.messaging.core.annotation.SequencingPolicy",1,3,""
0.3333333333333333,"axon-messaging-5.1.2","org.axonframework.messaging.core.reflection.HierarchicalParameterResolverFactoryConfigurationEnhancer",0,5,"axon-messaging-5.1.2","org.axonframework.messaging.core.reflection.ClasspathParameterResolverConfigurationEnhancer",0,6,""
0.3333333333333333,"axon-messaging-5.1.2","org.axonframework.messaging.core.retry.AxonNonTransientExceptionClassesPredicate",0,2,"axon-common-5.1.2","org.axonframework.common.ExceptionUtils",4,1,""
0.3333333333333333,"axon-messaging-5.1.2","org.axonframework.messaging.core.retry.ExponentialBackOffRetryPolicy",0,4,"axon-messaging-5.1.2","org.axonframework.messaging.core.retry.RetryPolicy",5,3,""
0.3333333333333333,"axon-messaging-5.1.2","org.axonframework.messaging.core.retry.RetryPolicy",5,3,"axon-messaging-5.1.2","org.axonframework.messaging.core.retry.ExponentialBackOffRetryPolicy",0,4,""
0.3333333333333333,"axon-messaging-5.1.2","org.axonframework.messaging.core.sequencing.PropertySequencingPolicy",0,4,"axon-common-5.1.2","org.axonframework.common.property.PropertyAccessStrategy",5,1,""
0.3333333333333333,"axon-messaging-5.1.2","org.axonframework.messaging.core.unitofwork.ProcessingLifecycle$ErrorHandler",15,2,"axon-messaging-5.1.2","org.axonframework.messaging.core.unitofwork.UnitOfWork$UnitOfWorkProcessingContext$CauseAndPhase",2,2,""
0.3333333333333333,"axon-messaging-5.1.2","org.axonframework.messaging.core.unitofwork.ProcessingLifecycle$ErrorHandler",15,2,"axon-modelling-5.1.2","org.axonframework.modelling.repository.SimpleRepositoryEntityPersister",4,1,""
0.3333333333333333,"axon-messaging-5.1.2","org.axonframework.messaging.core.unitofwork.UnitOfWork$UnitOfWorkProcessingContext$CauseAndPhase",2,2,"axon-messaging-5.1.2","org.axonframework.messaging.core.unitofwork.ProcessingLifecycle$ErrorHandler",15,2,""
0.3333333333333333,"axon-messaging-5.1.2","org.axonframework.messaging.core.unitofwork.annotation.ProcessingContextParameterResolverFactory",0,5,"axon-messaging-5.1.2","org.axonframework.messaging.core.annotation.FixedValueParameterResolver",2,2,""
0.3333333333333333,"axon-messaging-5.1.2","org.axonframework.messaging.core.unitofwork.transaction.NoTransactionManager$1",1,2,"axon-messaging-5.1.2","org.axonframework.messaging.core.unitofwork.transaction.jpa.EntityManagerTransactionManager$2",1,2,""
0.3333333333333333,"axon-messaging-5.1.2","org.axonframework.messaging.core.unitofwork.transaction.TransactionalExecutorProvider",5,3,"axon-modelling-5.1.2","org.axonframework.modelling.repository.SimpleRepositoryEntityPersister",4,1,""
0.3333333333333333,"axon-messaging-5.1.2","org.axonframework.messaging.core.unitofwork.transaction.TransactionalExecutorProvider",5,3,"axon-update-5.1.2","org.axonframework.update.api.ArtifactAvailableUpgrade",2,1,""
0.3333333333333333,"axon-messaging-5.1.2","org.axonframework.messaging.core.unitofwork.transaction.jpa.EntityManagerTransactionManager$2",1,2,"axon-messaging-5.1.2","org.axonframework.messaging.core.unitofwork.transaction.NoTransactionManager$1",1,2,""
0.3333333333333333,"axon-messaging-5.1.2","org.axonframework.messaging.eventhandling.DelegatingEventHandlingComponent",5,9,"axon-messaging-5.1.2","org.axonframework.messaging.eventhandling.processing.streaming.segmenting.SequencingEventHandlingComponent",1,10,""
0.3333333333333333,"axon-messaging-5.1.2","org.axonframework.messaging.eventhandling.EventBus",8,2,"axon-messaging-5.1.2","org.axonframework.messaging.eventhandling.configuration.SubscribableEventSourceDefinition",0,2,""
0.3333333333333333,"axon-messaging-5.1.2","org.axonframework.messaging.eventhandling.InterceptingEventBus",2,8,"axon-messaging-5.1.2","org.axonframework.messaging.eventhandling.EventSubscribers",1,6,""
0.3333333333333333,"axon-messaging-5.1.2","org.axonframework.messaging.eventhandling.InterceptingEventSink$InterceptingPublisher",1,8,"axon-messaging-5.1.2","org.axonframework.messaging.queryhandling.interception.InterceptingQueryBus$InterceptingResponseUpdateDispatcher",1,7,""
0.3333333333333333,"axon-messaging-5.1.2","org.axonframework.messaging.eventhandling.NoHandlerForEventException",1,1,"axon-messaging-5.1.2","org.axonframework.messaging.commandhandling.CommandHandlingComponent",8,3,""
0.3333333333333333,"axon-messaging-5.1.2","org.axonframework.messaging.eventhandling.NoHandlerForEventException",1,1,"axon-messaging-5.1.2","org.axonframework.messaging.commandhandling.DuplicateCommandHandlerSubscriptionException",3,2,""
0.3333333333333333,"axon-messaging-5.1.2","org.axonframework.messaging.eventhandling.annotation.Event",0,2,"axon-eventsourcing-5.1.2","org.axonframework.eventsourcing.eventstore.TagResolver",7,2,""
0.3333333333333333,"axon-messaging-5.1.2","org.axonframework.messaging.eventhandling.annotation.Event",0,2,"axon-messaging-5.1.2","org.axonframework.messaging.commandhandling.annotation.Command",1,2,""
0.3333333333333333,"axon-messaging-5.1.2","org.axonframework.messaging.eventhandling.annotation.Event",0,2,"axon-modelling-5.1.2","org.axonframework.modelling.EntityEvolver",13,2,""
0.3333333333333333,"axon-messaging-5.1.2","org.axonframework.messaging.eventhandling.annotation.EventHandler",3,2,"axon-eventsourcing-5.1.2","org.axonframework.eventsourcing.eventstore.TagResolver",7,2,""
0.3333333333333333,"axon-messaging-5.1.2","org.axonframework.messaging.eventhandling.annotation.EventHandler",3,2,"axon-messaging-5.1.2","org.axonframework.messaging.commandhandling.annotation.CommandHandler",1,2,""
0.3333333333333333,"axon-messaging-5.1.2","org.axonframework.messaging.eventhandling.annotation.EventHandler",3,2,"axon-modelling-5.1.2","org.axonframework.modelling.EntityEvolver",13,2,""
0.3333333333333333,"axon-messaging-5.1.2","org.axonframework.messaging.eventhandling.annotation.MethodSequencingPolicyEventHandlerDefinition",0,5,"axon-messaging-5.1.2","org.axonframework.messaging.queryhandling.annotation.MethodQueryHandlerDefinition",0,3,""
0.3333333333333333,"axon-messaging-5.1.2","org.axonframework.messaging.eventhandling.annotation.SequenceNumberParameterResolverFactory",0,5,"axon-messaging-5.1.2","org.axonframework.messaging.core.annotation.AggregateTypeParameterResolverFactory",0,5,""
0.3333333333333333,"axon-messaging-5.1.2","org.axonframework.messaging.eventhandling.annotation.SequenceNumberParameterResolverFactory",0,5,"axon-messaging-5.1.2","org.axonframework.messaging.core.annotation.MessageIdentifierParameterResolverFactory",0,5,""
0.3333333333333333,"axon-messaging-5.1.2","org.axonframework.messaging.eventhandling.annotation.SequenceNumberParameterResolverFactory",0,5,"axon-messaging-5.1.2","org.axonframework.messaging.eventhandling.annotation.TimestampParameterResolverFactory",0,5,""
0.3333333333333333,"axon-messaging-5.1.2","org.axonframework.messaging.eventhandling.annotation.TimestampParameterResolverFactory",0,5,"axon-messaging-5.1.2","org.axonframework.messaging.core.annotation.AggregateTypeParameterResolverFactory",0,5,""
0.3333333333333333,"axon-messaging-5.1.2","org.axonframework.messaging.eventhandling.annotation.TimestampParameterResolverFactory",0,5,"axon-messaging-5.1.2","org.axonframework.messaging.core.annotation.MessageIdentifierParameterResolverFactory",0,5,""
0.3333333333333333,"axon-messaging-5.1.2","org.axonframework.messaging.eventhandling.annotation.TimestampParameterResolverFactory",0,5,"axon-messaging-5.1.2","org.axonframework.messaging.eventhandling.annotation.SequenceNumberParameterResolverFactory",0,5,""
0.3333333333333333,"axon-messaging-5.1.2","org.axonframework.messaging.eventhandling.configuration.EventHandlingComponentsConfigurer",0,4,"axon-messaging-5.1.2","org.axonframework.messaging.eventhandling.configuration.EventHandlingComponentsConfigurer$AdditionalComponentPhase",3,2,""
0.3333333333333333,"axon-messaging-5.1.2","org.axonframework.messaging.eventhandling.configuration.EventHandlingComponentsConfigurer$AdditionalComponentPhase",3,2,"axon-messaging-5.1.2","org.axonframework.messaging.eventhandling.configuration.EventHandlingComponentsConfigurer",0,4,""
0.3333333333333333,"axon-messaging-5.1.2","org.axonframework.messaging.eventhandling.interception.EventMessageHandlerInterceptorChain",1,10,"axon-messaging-5.1.2","org.axonframework.messaging.queryhandling.interception.QueryMessageHandlerInterceptorChain",1,10,""
0.3333333333333333,"axon-messaging-5.1.2","org.axonframework.messaging.eventhandling.processing.EventProcessor",8,1,"axon-messaging-5.1.2","org.axonframework.messaging.commandhandling.CommandHandlingComponent",8,3,""
0.3333333333333333,"axon-messaging-5.1.2","org.axonframework.messaging.eventhandling.processing.streaming.pooled.PooledStreamingEventProcessor$SegmentToken",1,2,"axon-messaging-5.1.2","org.axonframework.messaging.eventhandling.processing.streaming.token.LatestTrackingToken",1,1,""
0.3333333333333333,"axon-messaging-5.1.2","org.axonframework.messaging.eventhandling.processing.streaming.pooled.PooledStreamingEventProcessor$SegmentToken",1,2,"axon-messaging-5.1.2","org.axonframework.messaging.eventhandling.processing.streaming.token.store.jdbc.JdbcTokenEntry",1,5,""
0.3333333333333333,"axon-messaging-5.1.2","org.axonframework.messaging.eventhandling.processing.streaming.pooled.WorkPackage$ProcessingEntry",3,3,"axon-messaging-5.1.2","org.axonframework.messaging.eventhandling.processing.streaming.pooled.WorkPackage$BatchProcessor",3,5,""
0.3333333333333333,"axon-messaging-5.1.2","org.axonframework.messaging.eventhandling.processing.streaming.segmenting.AddedTrackerStatus",0,2,"axon-messaging-5.1.2","org.axonframework.messaging.eventhandling.processing.streaming.segmenting.EventTrackerStatusChangeListener",0,1,""
0.3333333333333333,"axon-messaging-5.1.2","org.axonframework.messaging.eventhandling.processing.streaming.segmenting.EventTrackerStatus",8,2,"axon-messaging-5.1.2","org.axonframework.messaging.eventhandling.processing.streaming.pooled.PooledStreamingEventProcessor$SegmentToken",1,2,""
0.3333333333333333,"axon-messaging-5.1.2","org.axonframework.messaging.eventhandling.processing.streaming.segmenting.EventTrackerStatus",8,2,"axon-messaging-5.1.2","org.axonframework.messaging.eventhandling.processing.streaming.token.store.inmemory.InMemoryTokenStore$SegmentAndToken",1,2,""
0.3333333333333333,"axon-messaging-5.1.2","org.axonframework.messaging.eventhandling.processing.streaming.segmenting.EventTrackerStatusChangeListener",0,1,"axon-messaging-5.1.2","org.axonframework.messaging.eventhandling.processing.streaming.segmenting.AddedTrackerStatus",0,2,""
0.3333333333333333,"axon-messaging-5.1.2","org.axonframework.messaging.eventhandling.processing.streaming.segmenting.EventTrackerStatusChangeListener",0,1,"axon-messaging-5.1.2","org.axonframework.messaging.eventhandling.processing.streaming.segmenting.RemovedTrackerStatus",0,2,""
0.3333333333333333,"axon-messaging-5.1.2","org.axonframework.messaging.eventhandling.processing.streaming.segmenting.RemovedTrackerStatus",0,2,"axon-messaging-5.1.2","org.axonframework.messaging.eventhandling.processing.streaming.segmenting.EventTrackerStatusChangeListener",0,1,""
0.3333333333333333,"axon-messaging-5.1.2","org.axonframework.messaging.eventhandling.processing.streaming.segmenting.SequencingEventHandlingComponent",1,10,"axon-messaging-5.1.2","org.axonframework.messaging.eventhandling.DelegatingEventHandlingComponent",5,9,""
0.3333333333333333,"axon-messaging-5.1.2","org.axonframework.messaging.eventhandling.processing.streaming.token.store.inmemory.InMemoryTokenStore$SegmentAndToken",1,2,"axon-messaging-5.1.2","org.axonframework.messaging.eventhandling.processing.streaming.token.store.jdbc.JdbcTokenEntry",1,5,""
0.3333333333333333,"axon-messaging-5.1.2","org.axonframework.messaging.eventhandling.processing.streaming.token.store.inmemory.InMemoryTokenStore$SegmentAndToken",1,2,"axon-messaging-5.1.2","org.axonframework.messaging.eventstreaming.TrackingTokenSource",6,2,""
0.3333333333333333,"axon-messaging-5.1.2","org.axonframework.messaging.eventhandling.processing.streaming.token.store.jdbc.JdbcTokenEntry",1,5,"axon-messaging-5.1.2","org.axonframework.messaging.eventhandling.processing.streaming.pooled.PooledStreamingEventProcessor$SegmentToken",1,2,""
0.3333333333333333,"axon-messaging-5.1.2","org.axonframework.messaging.eventhandling.processing.streaming.token.store.jdbc.JdbcTokenEntry",1,5,"axon-messaging-5.1.2","org.axonframework.messaging.eventhandling.processing.streaming.token.store.inmemory.InMemoryTokenStore$SegmentAndToken",1,2,""
0.3333333333333333,"axon-messaging-5.1.2","org.axonframework.messaging.eventhandling.processing.streaming.token.store.jdbc.TokenSchema$Builder",1,1,"axon-messaging-5.1.2","org.axonframework.messaging.eventhandling.processing.streaming.token.store.jdbc.TokenTableFactory",3,1,""
0.3333333333333333,"axon-messaging-5.1.2","org.axonframework.messaging.eventhandling.processing.streaming.token.store.jdbc.TokenTableFactory",3,1,"axon-messaging-5.1.2","org.axonframework.messaging.eventhandling.processing.streaming.token.store.jdbc.TokenSchema$Builder",1,1,""
0.3333333333333333,"axon-messaging-5.1.2","org.axonframework.messaging.eventhandling.processing.streaming.token.store.jpa.JpaTokenStoreConfiguration",1,1,"axon-metrics-micrometer-5.1.2","org.axonframework.extension.metrics.micrometer.EventProcessorLatencyMonitor$Builder",2,3,""
0.3333333333333333,"axon-messaging-5.1.2","org.axonframework.messaging.eventhandling.replay.annotation.AllowReplay",2,1,"axon-messaging-5.1.2","org.axonframework.messaging.core.annotation.SequencingPolicy",1,3,""
0.3333333333333333,"axon-messaging-5.1.2","org.axonframework.messaging.eventhandling.replay.annotation.ReplayStatusChangedHandler",0,3,"axon-update-5.1.2","org.axonframework.update.api.Artifact",3,1,""
0.3333333333333333,"axon-messaging-5.1.2","org.axonframework.messaging.eventhandling.replay.annotation.ReplayStatusChangedHandler",0,3,"axon-update-5.1.2","org.axonframework.update.api.ArtifactAvailableUpgrade",2,1,""
0.3333333333333333,"axon-messaging-5.1.2","org.axonframework.messaging.eventhandling.replay.annotation.ReplayStatusChangedHandler",0,3,"axon-update-5.1.2","org.axonframework.update.api.DetectedVulnerabilitySeverity",3,1,""
0.3333333333333333,"axon-messaging-5.1.2","org.axonframework.messaging.eventhandling.replay.annotation.ResetHandler",0,2,"axon-messaging-5.1.2","org.axonframework.messaging.commandhandling.annotation.CommandHandler",1,2,""
0.3333333333333333,"axon-messaging-5.1.2","org.axonframework.messaging.eventhandling.replay.annotation.ResetHandler",0,2,"axon-messaging-5.1.2","org.axonframework.messaging.eventhandling.annotation.EventHandler",3,2,""
0.3333333333333333,"axon-messaging-5.1.2","org.axonframework.messaging.eventhandling.replay.annotation.ResetHandler",0,2,"axon-messaging-5.1.2","org.axonframework.messaging.queryhandling.annotation.QueryHandler",1,2,""
0.3333333333333333,"axon-messaging-5.1.2","org.axonframework.messaging.eventhandling.tracing.DefaultEventProcessorSpanFactory$Builder",1,3,"axon-messaging-5.1.2","org.axonframework.messaging.commandhandling.tracing.DefaultCommandBusSpanFactory$Builder",1,3,""
0.3333333333333333,"axon-messaging-5.1.2","org.axonframework.messaging.eventhandling.tracing.DefaultEventProcessorSpanFactory$Builder",1,3,"axon-messaging-5.1.2","org.axonframework.messaging.eventhandling.tracing.DefaultEventBusSpanFactory$Builder",1,3,""
0.3333333333333333,"axon-messaging-5.1.2","org.axonframework.messaging.eventhandling.tracing.EventProcessorSpanFactory",1,2,"axon-modelling-5.1.2","org.axonframework.modelling.entity.child.EventTargetMatcher",12,2,""
0.3333333333333333,"axon-messaging-5.1.2","org.axonframework.messaging.eventstreaming.EventCriterion",8,3,"axon-messaging-5.1.2","org.axonframework.messaging.eventhandling.NoHandlerForEventException",1,1,""
0.3333333333333333,"axon-messaging-5.1.2","org.axonframework.messaging.eventstreaming.StreamableEventSource",7,5,"axon-messaging-5.1.2","org.axonframework.messaging.core.MessageDispatchInterceptorChain",9,3,""
0.3333333333333333,"axon-messaging-5.1.2","org.axonframework.messaging.eventstreaming.StreamableEventSource",7,5,"axon-messaging-5.1.2","org.axonframework.messaging.core.MessageHandlerInterceptorChain",19,3,""
0.3333333333333333,"axon-messaging-5.1.2","org.axonframework.messaging.monitoring.NoOpMessageMonitor",4,4,"axon-messaging-5.1.2","org.axonframework.messaging.monitoring.NoOpMessageMonitorCallback",2,1,""
0.3333333333333333,"axon-messaging-5.1.2","org.axonframework.messaging.monitoring.NoOpMessageMonitorCallback",2,1,"axon-messaging-5.1.2","org.axonframework.messaging.monitoring.MessageMonitor",26,2,""
0.3333333333333333,"axon-messaging-5.1.2","org.axonframework.messaging.monitoring.NoOpMessageMonitorCallback",2,1,"axon-messaging-5.1.2","org.axonframework.messaging.monitoring.NoOpMessageMonitor",4,4,""
0.3333333333333333,"axon-messaging-5.1.2","org.axonframework.messaging.monitoring.configuration.MessageMonitorFactory",3,3,"axon-common-5.1.2","org.axonframework.common.configuration.AxonConfiguration",13,1,""
0.3333333333333333,"axon-messaging-5.1.2","org.axonframework.messaging.queryhandling.DuplicateQueryHandlerSubscriptionException",2,2,"axon-messaging-5.1.2","org.axonframework.messaging.eventhandling.NoHandlerForEventException",1,1,""
0.3333333333333333,"axon-messaging-5.1.2","org.axonframework.messaging.queryhandling.NoHandlerForQueryException",3,2,"axon-server-connector-5.1.2","io.axoniq.framework.axonserver.connector.api.query.AxonServerQueryDispatchException",1,1,""
0.3333333333333333,"axon-messaging-5.1.2","org.axonframework.messaging.queryhandling.NoHandlerForQueryException",3,2,"axon-messaging-5.1.2","org.axonframework.messaging.core.HandlerExecutionException",3,1,""
0.3333333333333333,"axon-messaging-5.1.2","org.axonframework.messaging.queryhandling.NoHandlerForQueryException",3,2,"axon-messaging-5.1.2","org.axonframework.messaging.eventhandling.TransactionMethodExecutionException",0,1,""
0.3333333333333333,"axon-messaging-5.1.2","org.axonframework.messaging.queryhandling.QueryHandler",12,5,"axon-messaging-5.1.2","org.axonframework.messaging.core.MessageDispatchInterceptorChain",9,3,""
0.3333333333333333,"axon-messaging-5.1.2","org.axonframework.messaging.queryhandling.QueryHandler",12,5,"axon-messaging-5.1.2","org.axonframework.messaging.core.MessageHandlerInterceptorChain",19,3,""
0.3333333333333333,"axon-messaging-5.1.2","org.axonframework.messaging.queryhandling.QueryHandlingComponent",5,3,"axon-messaging-5.1.2","org.axonframework.messaging.eventhandling.NoHandlerForEventException",1,1,""
0.3333333333333333,"axon-messaging-5.1.2","org.axonframework.messaging.queryhandling.QueryPriorityCalculator",2,1,"axon-messaging-5.1.2","org.axonframework.messaging.queryhandling.NoHandlerForQueryException",3,2,""
0.3333333333333333,"axon-messaging-5.1.2","org.axonframework.messaging.queryhandling.QueryPriorityCalculator",2,1,"axon-messaging-5.1.2","org.axonframework.messaging.queryhandling.annotation.Query",0,2,""
0.3333333333333333,"axon-messaging-5.1.2","org.axonframework.messaging.queryhandling.QueryPriorityCalculator",2,1,"axon-messaging-5.1.2","org.axonframework.messaging.queryhandling.annotation.QueryHandler",1,2,""
0.3333333333333333,"axon-messaging-5.1.2","org.axonframework.messaging.queryhandling.annotation.AnnotatedQueryHandlingComponent",1,23,"axon-messaging-5.1.2","org.axonframework.messaging.commandhandling.annotation.AnnotatedCommandHandlingComponent",1,22,""
0.3333333333333333,"axon-messaging-5.1.2","org.axonframework.messaging.queryhandling.annotation.Query",0,2,"axon-messaging-5.1.2","org.axonframework.messaging.commandhandling.annotation.Command",1,2,""
0.3333333333333333,"axon-messaging-5.1.2","org.axonframework.messaging.queryhandling.annotation.Query",0,2,"axon-messaging-5.1.2","org.axonframework.messaging.eventhandling.annotation.Event",0,2,""
0.3333333333333333,"axon-messaging-5.1.2","org.axonframework.messaging.queryhandling.annotation.Query",0,2,"axon-messaging-5.1.2","org.axonframework.messaging.queryhandling.QueryPriorityCalculator",2,1,""
0.3333333333333333,"axon-messaging-5.1.2","org.axonframework.messaging.queryhandling.annotation.QueryHandler",1,2,"axon-messaging-5.1.2","org.axonframework.messaging.commandhandling.annotation.CommandHandler",1,2,""
0.3333333333333333,"axon-messaging-5.1.2","org.axonframework.messaging.queryhandling.annotation.QueryHandler",1,2,"axon-messaging-5.1.2","org.axonframework.messaging.eventhandling.annotation.EventHandler",3,2,""
0.3333333333333333,"axon-messaging-5.1.2","org.axonframework.messaging.queryhandling.annotation.QueryHandler",1,2,"axon-messaging-5.1.2","org.axonframework.messaging.eventhandling.replay.annotation.ResetHandler",0,2,""
0.3333333333333333,"axon-messaging-5.1.2","org.axonframework.messaging.queryhandling.annotation.QueryResponse",0,2,"axon-messaging-5.1.2","org.axonframework.messaging.commandhandling.annotation.Command",1,2,""
0.3333333333333333,"axon-messaging-5.1.2","org.axonframework.messaging.queryhandling.annotation.QueryResponse",0,2,"axon-messaging-5.1.2","org.axonframework.messaging.eventhandling.annotation.Event",0,2,""
0.3333333333333333,"axon-messaging-5.1.2","org.axonframework.messaging.queryhandling.annotation.QueryResponse",0,2,"axon-messaging-5.1.2","org.axonframework.messaging.queryhandling.annotation.Query",0,2,""
0.3333333333333333,"axon-messaging-5.1.2","org.axonframework.messaging.queryhandling.interception.InterceptingQueryBus$InterceptingResponseUpdateDispatcher",1,7,"axon-messaging-5.1.2","org.axonframework.messaging.eventhandling.InterceptingEventSink$InterceptingPublisher",1,8,""
0.3333333333333333,"axon-messaging-5.1.2","org.axonframework.messaging.queryhandling.interception.QueryMessageHandlerInterceptorChain",1,10,"axon-messaging-5.1.2","org.axonframework.messaging.eventhandling.interception.EventMessageHandlerInterceptorChain",1,10,""
0.3333333333333333,"axon-messaging-5.1.2","org.axonframework.messaging.queryhandling.interception.QueryMessageHandlerInterceptorChain$InterceptingHandler",1,8,"axon-messaging-5.1.2","org.axonframework.messaging.queryhandling.interception.InterceptingQueryBus$QueryInterceptingDispatcher",1,6,""
0.3333333333333333,"axon-messaging-5.1.2","org.axonframework.messaging.tracing.MultiSpanFactory$MultiSpan",1,2,"axon-tracing-opentelemetry-5.1.2","org.axonframework.extension.tracing.opentelemetry.OpenTelemetrySpan",1,2,""
0.3333333333333333,"axon-messaging-5.1.2","org.axonframework.messaging.tracing.MultiSpanFactory$MultiSpan",1,2,"axon-messaging-5.1.2","org.axonframework.messaging.tracing.NoOpSpanFactory$NoOpSpan",2,2,""
0.3333333333333333,"axon-messaging-5.1.2","org.axonframework.messaging.tracing.NoOpSpanFactory$NoOpSpan",2,2,"axon-messaging-5.1.2","org.axonframework.messaging.tracing.MultiSpanFactory$MultiSpan",1,2,""
0.3333333333333333,"axon-modelling-5.1.2","org.axonframework.modelling.PropertyBasedEntityIdResolver",1,8,"axon-modelling-5.1.2","org.axonframework.modelling.annotation.AnnotationBasedEntityIdResolver",3,6,""
0.3333333333333333,"axon-modelling-5.1.2","org.axonframework.modelling.annotation.AnnotationBasedEntityIdResolver",3,6,"axon-modelling-5.1.2","org.axonframework.modelling.PropertyBasedEntityIdResolver",1,8,""
0.3333333333333333,"axon-modelling-5.1.2","org.axonframework.modelling.annotation.AnnotationBasedEntityIdResolverDefinition",0,5,"axon-modelling-5.1.2","org.axonframework.modelling.annotation.InjectEntity",1,2,""
0.3333333333333333,"axon-modelling-5.1.2","org.axonframework.modelling.annotation.EntityIdResolverDefinition",4,3,"axon-common-5.1.2","org.axonframework.common.configuration.AxonConfiguration",13,1,""
0.3333333333333333,"axon-modelling-5.1.2","org.axonframework.modelling.annotation.EntityIdResolverDefinition",4,3,"axon-common-5.1.2","org.axonframework.common.configuration.LifecycleHandler",4,1,""
0.3333333333333333,"axon-modelling-5.1.2","org.axonframework.modelling.annotation.InjectEntity",1,2,"axon-modelling-5.1.2","org.axonframework.modelling.annotation.AnnotationBasedEntityIdResolverDefinition",0,5,""
0.3333333333333333,"axon-modelling-5.1.2","org.axonframework.modelling.configuration.EntityMetamodelConfigurationBuilder",4,3,"axon-common-5.1.2","org.axonframework.common.configuration.AxonConfiguration",13,1,""
0.3333333333333333,"axon-modelling-5.1.2","org.axonframework.modelling.configuration.EntityMetamodelConfigurationBuilder",4,3,"axon-common-5.1.2","org.axonframework.common.configuration.ComponentBuilder",36,1,""
0.3333333333333333,"axon-modelling-5.1.2","org.axonframework.modelling.configuration.EntityMetamodelConfigurationBuilder",4,3,"axon-common-5.1.2","org.axonframework.common.configuration.LifecycleHandler",4,1,""
0.3333333333333333,"axon-modelling-5.1.2","org.axonframework.modelling.configuration.StateBasedEntityModule$PersisterPhase",3,3,"axon-modelling-5.1.2","org.axonframework.modelling.configuration.StateBasedEntityModule$RepositoryPhase",2,5,""
0.3333333333333333,"axon-modelling-5.1.2","org.axonframework.modelling.configuration.StateBasedEntityModule$RepositoryPhase",2,5,"axon-modelling-5.1.2","org.axonframework.modelling.configuration.StateBasedEntityModule$PersisterPhase",3,3,""
0.3333333333333333,"axon-modelling-5.1.2","org.axonframework.modelling.entity.annotation.CommandTargetResolverDefinition",3,2,"axon-modelling-5.1.2","org.axonframework.modelling.entity.annotation.AnnotatedEntityMetamodelFactory",2,2,""
0.3333333333333333,"axon-modelling-5.1.2","org.axonframework.modelling.entity.annotation.CommandTargetResolverDefinition",3,2,"axon-modelling-5.1.2","org.axonframework.modelling.entity.annotation.EventTargetMatcherDefinition",3,2,""
0.3333333333333333,"axon-modelling-5.1.2","org.axonframework.modelling.entity.annotation.EventTargetMatcherDefinition",3,2,"axon-modelling-5.1.2","org.axonframework.modelling.entity.annotation.AnnotatedEntityMetamodelFactory",2,2,""
0.3333333333333333,"axon-modelling-5.1.2","org.axonframework.modelling.entity.annotation.EventTargetMatcherDefinition",3,2,"axon-modelling-5.1.2","org.axonframework.modelling.entity.annotation.CommandTargetResolverDefinition",3,2,""
0.3333333333333333,"axon-modelling-5.1.2","org.axonframework.modelling.entity.annotation.RoutingKeyCommandTargetResolverDefinition",1,7,"axon-modelling-5.1.2","org.axonframework.modelling.entity.annotation.RoutingKeyEventTargetMatcherDefinition",1,7,""
0.3333333333333333,"axon-modelling-5.1.2","org.axonframework.modelling.entity.annotation.RoutingKeyEventTargetMatcherDefinition",1,7,"axon-modelling-5.1.2","org.axonframework.modelling.entity.annotation.RoutingKeyCommandTargetResolverDefinition",1,7,""
0.3333333333333333,"axon-modelling-5.1.2","org.axonframework.modelling.entity.annotation.RoutingKeyUtils",2,3,"axon-update-5.1.2","org.axonframework.update.api.Artifact",3,1,""
0.3333333333333333,"axon-modelling-5.1.2","org.axonframework.modelling.entity.annotation.RoutingKeyUtils",2,3,"axon-update-5.1.2","org.axonframework.update.api.ArtifactAvailableUpgrade",2,1,""
0.3333333333333333,"axon-modelling-5.1.2","org.axonframework.modelling.entity.annotation.RoutingKeyUtils",2,3,"axon-update-5.1.2","org.axonframework.update.api.DetectedVulnerabilitySeverity",3,1,""
0.3333333333333333,"axon-modelling-5.1.2","org.axonframework.modelling.repository.Repository",11,4,"axon-modelling-5.1.2","org.axonframework.modelling.repository.Repository$LifecycleManagement",4,3,""
0.3333333333333333,"axon-modelling-5.1.2","org.axonframework.modelling.repository.Repository$LifecycleManagement",4,3,"axon-modelling-5.1.2","org.axonframework.modelling.repository.Repository",11,4,""
0.3333333333333333,"axon-modelling-5.1.2","org.axonframework.modelling.repository.Repository$LifecycleManagement",4,3,"axon-modelling-5.1.2","org.axonframework.modelling.repository.SimpleRepository$SimpleEntity",1,1,""
0.3333333333333333,"axon-modelling-5.1.2","org.axonframework.modelling.repository.SimpleRepository$SimpleEntity",1,1,"axon-modelling-5.1.2","org.axonframework.modelling.repository.Repository",11,4,""
0.3333333333333333,"axon-modelling-5.1.2","org.axonframework.modelling.repository.SimpleRepository$SimpleEntity",1,1,"axon-modelling-5.1.2","org.axonframework.modelling.repository.Repository$LifecycleManagement",4,3,""
0.3333333333333333,"axon-test-5.1.2","org.axonframework.test.fixture.AxonTestPhase$When$Command",4,3,"axon-test-5.1.2","org.axonframework.test.fixture.AxonTestPhase$When$Event",4,3,""
0.3333333333333333,"axon-test-5.1.2","org.axonframework.test.fixture.AxonTestPhase$When$Command",4,3,"axon-test-5.1.2","org.axonframework.test.fixture.AxonTestPhase$When$Nothing",4,3,""
0.3333333333333333,"axon-test-5.1.2","org.axonframework.test.fixture.AxonTestPhase$When$Event",4,3,"axon-test-5.1.2","org.axonframework.test.fixture.AxonTestPhase$When$Command",4,3,""
0.3333333333333333,"axon-test-5.1.2","org.axonframework.test.fixture.AxonTestPhase$When$Event",4,3,"axon-test-5.1.2","org.axonframework.test.fixture.AxonTestPhase$When$Nothing",4,3,""
0.3333333333333333,"axon-test-5.1.2","org.axonframework.test.fixture.AxonTestPhase$When$Nothing",4,3,"axon-test-5.1.2","org.axonframework.test.fixture.AxonTestPhase$When$Command",4,3,""
0.3333333333333333,"axon-test-5.1.2","org.axonframework.test.fixture.AxonTestPhase$When$Nothing",4,3,"axon-test-5.1.2","org.axonframework.test.fixture.AxonTestPhase$When$Event",4,3,""
0.3333333333333333,"axon-test-5.1.2","org.axonframework.test.matchers.AllFieldsFilter",2,1,"axon-test-5.1.2","org.axonframework.test.matchers.IgnoreField",1,2,""
0.3333333333333333,"axon-test-5.1.2","org.axonframework.test.matchers.IgnoreField",1,2,"axon-test-5.1.2","org.axonframework.test.FixtureResourceParameterResolverFactory$FailingParameterResolver",1,3,""
0.3333333333333333,"axon-test-5.1.2","org.axonframework.test.matchers.IgnoreField",1,2,"axon-test-5.1.2","org.axonframework.test.matchers.AllFieldsFilter",2,1,""
0.3333333333333333,"axon-test-5.1.2","org.axonframework.test.matchers.IgnoreField",1,2,"axon-test-5.1.2","org.axonframework.test.matchers.NonStaticFieldsFilter",0,1,""
0.3333333333333333,"axon-test-5.1.2","org.axonframework.test.matchers.NonStaticFieldsFilter",0,1,"axon-test-5.1.2","org.axonframework.test.matchers.IgnoreField",1,2,""
0.3333333333333333,"axon-test-5.1.2","org.axonframework.test.util.CallbackBehavior",2,1,"axon-messaging-5.1.2","org.axonframework.messaging.core.Metadata$MetadataCollector",1,1,""
0.3333333333333333,"axon-update-5.1.2","org.axonframework.update.configuration.PropertyFileUsagePropertyProvider",1,3,"axon-update-5.1.2","org.axonframework.update.configuration.CommandLineUsagePropertyProvider",1,2,""
0.3333333333333333,"axon-update-5.1.2","org.axonframework.update.configuration.PropertyFileUsagePropertyProvider",1,3,"axon-update-5.1.2","org.axonframework.update.configuration.DefaultUsagePropertyProvider",2,2,""
0.3287671232876712,"axon-messaging-5.1.2","org.axonframework.messaging.commandhandling.SimpleCommandHandlingComponent",2,15,"axon-test-5.1.2","org.axonframework.test.util.RecordingCommandBus",1,15,""
0.3287671232876712,"axon-test-5.1.2","org.axonframework.test.util.RecordingCommandBus",1,15,"axon-messaging-5.1.2","org.axonframework.messaging.commandhandling.SimpleCommandHandlingComponent",2,15,""
0.32781456953642385,"axon-server-connector-5.1.2","io.axoniq.framework.axonserver.connector.event.AggregateBasedAxonServerEventStorageEngine",1,36,"axon-eventsourcing-5.1.2","org.axonframework.eventsourcing.eventstore.jpa.AggregateBasedJpaEventStorageEngine",2,54,""
0.32781456953642385,"axon-eventsourcing-5.1.2","org.axonframework.eventsourcing.eventstore.jpa.AggregateBasedJpaEventStorageEngine",2,54,"axon-server-connector-5.1.2","io.axoniq.framework.axonserver.connector.event.AggregateBasedAxonServerEventStorageEngine",1,36,""
0.32727272727272727,"axon-eventsourcing-5.1.2","org.axonframework.eventsourcing.handler.SimpleEntityLifecycleHandler",2,13,"axon-test-5.1.2","org.axonframework.test.fixture.RecordingEventStore",1,12,""
0.32727272727272727,"axon-test-5.1.2","org.axonframework.test.fixture.RecordingEventStore",1,12,"axon-eventsourcing-5.1.2","org.axonframework.eventsourcing.handler.SimpleEntityLifecycleHandler",2,13,""
0.32608695652173914,"axon-messaging-5.1.2","org.axonframework.messaging.core.MergedMessageStream",0,3,"axon-server-connector-5.1.2","io.axoniq.framework.axonserver.connector.query.FlowControlledResponseSender",1,7,""
0.32608695652173914,"axon-messaging-5.1.2","org.axonframework.messaging.core.MessageStream$Single",45,7,"axon-messaging-5.1.2","org.axonframework.messaging.core.MessageStream$Empty",52,5,""
0.32558139534883723,"axon-messaging-5.1.2","org.axonframework.messaging.eventhandling.tracing.TracingEventHandlingComponent",0,9,"axon-messaging-5.1.2","org.axonframework.messaging.eventhandling.processing.streaming.segmenting.SequencingEventHandlingComponent",1,10,""
0.32558139534883723,"axon-messaging-5.1.2","org.axonframework.messaging.queryhandling.tracing.DefaultQueryBusSpanFactory",1,7,"axon-messaging-5.1.2","org.axonframework.messaging.queryhandling.tracing.QueryBusSpanFactory",1,3,""
0.32558139534883723,"axon-messaging-5.1.2","org.axonframework.messaging.queryhandling.tracing.QueryBusSpanFactory",1,3,"axon-messaging-5.1.2","org.axonframework.messaging.queryhandling.tracing.DefaultQueryBusSpanFactory",1,7,""
0.325,"axon-eventsourcing-5.1.2","org.axonframework.eventsourcing.eventstore.InterceptingEventStore",2,15,"axon-messaging-5.1.2","org.axonframework.messaging.eventhandling.SimpleEventBus",2,8,""
0.325,"axon-messaging-5.1.2","org.axonframework.messaging.eventhandling.SimpleEventBus",2,8,"axon-eventsourcing-5.1.2","org.axonframework.eventsourcing.eventstore.InterceptingEventStore",2,15,""
0.3235294117647059,"axon-messaging-5.1.2","org.axonframework.messaging.commandhandling.interception.CommandMessageHandlerInterceptorChain",1,11,"axon-messaging-5.1.2","org.axonframework.messaging.eventhandling.interception.EventMessageHandlerInterceptorChain",1,10,""
0.3235294117647059,"axon-messaging-5.1.2","org.axonframework.messaging.commandhandling.tracing.TracingCommandBus$TracingHandler",1,8,"axon-messaging-5.1.2","org.axonframework.messaging.commandhandling.interception.CommandMessageHandlerInterceptorChain$InterceptingHandler",1,9,""
0.3235294117647059,"axon-messaging-5.1.2","org.axonframework.messaging.eventhandling.interception.EventMessageHandlerInterceptorChain",1,10,"axon-messaging-5.1.2","org.axonframework.messaging.commandhandling.interception.CommandMessageHandlerInterceptorChain",1,11,""
0.3235294117647059,"axon-messaging-5.1.2","org.axonframework.messaging.eventhandling.processing.streaming.segmenting.SequenceCachingEventHandlingComponent",2,7,"axon-messaging-5.1.2","org.axonframework.messaging.eventhandling.processing.streaming.segmenting.SequencingEventHandlingComponent",1,10,""
0.3235294117647059,"axon-messaging-5.1.2","org.axonframework.messaging.queryhandling.interception.QueryMessageHandlerInterceptorChain",1,10,"axon-messaging-5.1.2","org.axonframework.messaging.commandhandling.interception.CommandMessageHandlerInterceptorChain",1,11,""
0.3225806451612903,"axon-eventsourcing-5.1.2","org.axonframework.eventsourcing.handler.InitializingEntityEvolver",4,9,"axon-modelling-5.1.2","org.axonframework.modelling.SimpleEntityEvolvingComponent",0,8,""
0.3225806451612903,"axon-messaging-5.1.2","org.axonframework.messaging.core.retry.AsyncRetryScheduler",1,12,"axon-messaging-5.1.2","org.axonframework.messaging.core.retry.FilteringRetryPolicy",0,4,""
0.3225806451612903,"axon-messaging-5.1.2","org.axonframework.messaging.core.retry.AsyncRetryScheduler",1,12,"axon-messaging-5.1.2","org.axonframework.messaging.core.retry.MaxAttemptsPolicy",0,4,""
0.3225806451612903,"axon-messaging-5.1.2","org.axonframework.messaging.core.retry.FilteringRetryPolicy",0,4,"axon-messaging-5.1.2","org.axonframework.messaging.core.retry.AsyncRetryScheduler",1,12,""
0.3225806451612903,"axon-messaging-5.1.2","org.axonframework.messaging.core.retry.MaxAttemptsPolicy",0,4,"axon-messaging-5.1.2","org.axonframework.messaging.core.retry.AsyncRetryScheduler",1,12,""
0.3225806451612903,"axon-messaging-5.1.2","org.axonframework.messaging.eventstreaming.OrEventCriteria",4,5,"axon-messaging-5.1.2","org.axonframework.messaging.eventstreaming.TagFilteredEventCriteria",2,8,""
0.3225806451612903,"axon-modelling-5.1.2","org.axonframework.modelling.SimpleEntityEvolvingComponent",0,8,"axon-eventsourcing-5.1.2","org.axonframework.eventsourcing.handler.InitializingEntityEvolver",4,9,""
0.3217391304347826,"axon-modelling-5.1.2","org.axonframework.modelling.entity.EntityCommandHandlingComponent",2,19,"axon-modelling-5.1.2","org.axonframework.modelling.entity.PolymorphicEntityMetamodel",3,18,""
0.3217391304347826,"axon-modelling-5.1.2","org.axonframework.modelling.entity.PolymorphicEntityMetamodel",3,18,"axon-modelling-5.1.2","org.axonframework.modelling.entity.EntityCommandHandlingComponent",2,19,""
0.32142857142857145,"axon-eventsourcing-5.1.2","org.axonframework.eventsourcing.eventstore.DefaultSourcingCondition",1,5,"axon-eventsourcing-5.1.2","org.axonframework.eventsourcing.eventstore.SourcingCondition",13,6,""
0.32142857142857145,"axon-eventsourcing-5.1.2","org.axonframework.eventsourcing.eventstore.SourcingCondition",13,6,"axon-eventsourcing-5.1.2","org.axonframework.eventsourcing.eventstore.DefaultSourcingCondition",1,5,""
0.32142857142857145,"axon-messaging-5.1.2","org.axonframework.messaging.commandhandling.interception.InterceptingCommandBus$InterceptingDispatcher",1,8,"axon-messaging-5.1.2","org.axonframework.messaging.queryhandling.interception.InterceptingQueryBus$QueryInterceptingDispatcher",1,6,""
0.32142857142857145,"axon-messaging-5.1.2","org.axonframework.messaging.core.Message",234,6,"axon-messaging-5.1.2","org.axonframework.messaging.commandhandling.CommandMessage",67,3,""
0.32142857142857145,"axon-messaging-5.1.2","org.axonframework.messaging.core.Message",234,6,"axon-messaging-5.1.2","org.axonframework.messaging.eventhandling.EventMessage",137,3,""
0.32142857142857145,"axon-messaging-5.1.2","org.axonframework.messaging.core.Message",234,6,"axon-messaging-5.1.2","org.axonframework.messaging.queryhandling.QueryMessage",37,3,""
0.32142857142857145,"axon-messaging-5.1.2","org.axonframework.messaging.core.annotation.MultiParameterResolverFactory",2,3,"axon-messaging-5.1.2","org.axonframework.messaging.core.configuration.reflection.ParameterResolverFactoryUtils",7,5,""
0.32142857142857145,"axon-messaging-5.1.2","org.axonframework.messaging.queryhandling.interception.InterceptingQueryBus$SubscribeToUpdatesInterceptingDispatcher",1,7,"axon-messaging-5.1.2","org.axonframework.messaging.queryhandling.QueryBus",11,7,""
0.32038834951456313,"axon-messaging-5.1.2","org.axonframework.messaging.eventhandling.SimpleEventHandlingComponent",1,23,"axon-messaging-5.1.2","org.axonframework.messaging.eventhandling.processing.streaming.segmenting.SequenceOverridingEventHandlingComponent",0,11,""
0.32038834951456313,"axon-messaging-5.1.2","org.axonframework.messaging.eventhandling.processing.ProcessorEventHandlingComponents",3,20,"axon-messaging-5.1.2","org.axonframework.messaging.eventhandling.processing.streaming.segmenting.SequenceOverridingEventHandlingComponent",0,11,""
0.32038834951456313,"axon-messaging-5.1.2","org.axonframework.messaging.eventhandling.processing.streaming.segmenting.SequenceOverridingEventHandlingComponent",0,11,"axon-messaging-5.1.2","org.axonframework.messaging.eventhandling.processing.ProcessorEventHandlingComponents",3,20,""
0.32,"axon-common-5.1.2","org.axonframework.common.configuration.Components",2,6,"axon-common-5.1.2","org.axonframework.common.configuration.DefaultComponentRegistry$LocalConfiguration",1,10,""
0.32,"axon-common-5.1.2","org.axonframework.common.configuration.DefaultComponentRegistry$LocalConfiguration",1,10,"axon-common-5.1.2","org.axonframework.common.configuration.Components",2,6,""
0.32,"axon-eventsourcing-5.1.2","org.axonframework.eventsourcing.eventstore.InterceptingEventStore$InterceptingEventStoreTransaction",1,10,"axon-eventsourcing-5.1.2","org.axonframework.eventsourcing.eventstore.EventStoreTransaction",9,6,""
0.32,"axon-messaging-5.1.2","org.axonframework.messaging.core.DefaultMessageDispatchInterceptorChain",7,8,"axon-messaging-5.1.2","org.axonframework.messaging.core.DelegatingMessageStream",2,2,""
0.32,"axon-messaging-5.1.2","org.axonframework.messaging.core.SimpleEntry",11,5,"axon-messaging-5.1.2","org.axonframework.messaging.eventstreaming.Tag",22,3,""
0.32,"axon-messaging-5.1.2","org.axonframework.messaging.eventstreaming.TagAndTypeFilteredEventCriteria",2,6,"axon-messaging-5.1.2","org.axonframework.messaging.eventstreaming.AnyEvent",4,6,""
0.3181818181818182,"axon-eventsourcing-5.1.2","org.axonframework.eventsourcing.eventstore.AggregateBasedEventStorageEngineUtils",3,5,"axon-eventsourcing-5.1.2","org.axonframework.eventsourcing.eventstore.GenericTaggedEventMessage",1,4,""
0.3181818181818182,"axon-messaging-5.1.2","org.axonframework.messaging.core.annotation.HandlerComparator",1,1,"axon-messaging-5.1.2","org.axonframework.messaging.eventhandling.annotation.MethodEventHandlerDefinition",0,5,""
0.3181818181818182,"axon-messaging-5.1.2","org.axonframework.messaging.core.annotation.MethodInvokingMessageHandlingMember",1,15,"axon-messaging-5.1.2","org.axonframework.messaging.core.interception.annotation.MessageHandlerInterceptorDefinition$ResultHandlingInterceptorMember",1,12,""
0.3181818181818182,"axon-messaging-5.1.2","org.axonframework.messaging.core.interception.annotation.MessageHandlerInterceptorDefinition$ResultHandlingInterceptorMember",1,12,"axon-messaging-5.1.2","org.axonframework.messaging.core.annotation.MethodInvokingMessageHandlingMember",1,15,""
0.3181818181818182,"axon-messaging-5.1.2","org.axonframework.messaging.eventhandling.annotation.MethodEventHandlerDefinition",0,5,"axon-messaging-5.1.2","org.axonframework.messaging.core.annotation.HandlerComparator",1,1,""
0.3181818181818182,"axon-messaging-5.1.2","org.axonframework.messaging.eventhandling.interception.EventMessageHandlerInterceptorChain$InterceptingHandler",1,8,"axon-messaging-5.1.2","org.axonframework.messaging.monitoring.interception.MonitoringEventHandlerInterceptor",1,10,""
0.3173076923076923,"axon-messaging-5.1.2","org.axonframework.messaging.queryhandling.SimpleQueryUpdateEmitter",1,12,"axon-messaging-5.1.2","org.axonframework.messaging.queryhandling.interception.InterceptingQueryBus",1,18,""
0.3173076923076923,"axon-messaging-5.1.2","org.axonframework.messaging.queryhandling.interception.InterceptingQueryBus",1,18,"axon-messaging-5.1.2","org.axonframework.messaging.queryhandling.SimpleQueryUpdateEmitter",1,12,""
0.3161764705882353,"axon-messaging-5.1.2","org.axonframework.messaging.eventhandling.processing.streaming.pooled.PooledStreamingEventProcessorConfiguration",6,31,"axon-messaging-5.1.2","org.axonframework.messaging.eventhandling.processing.subscribing.SubscribingEventProcessorConfiguration",5,16,""
0.3161764705882353,"axon-messaging-5.1.2","org.axonframework.messaging.eventhandling.processing.subscribing.SubscribingEventProcessorConfiguration",5,16,"axon-messaging-5.1.2","org.axonframework.messaging.eventhandling.processing.streaming.pooled.PooledStreamingEventProcessorConfiguration",6,31,""
0.3157894736842105,"axon-metrics-micrometer-5.1.2","org.axonframework.extension.metrics.micrometer.EventProcessorLatencyMonitor$Builder",2,3,"axon-tracing-opentelemetry-5.1.2","org.axonframework.extension.tracing.opentelemetry.OpenTelemetrySpanFactory$Builder",1,6,""
0.3157894736842105,"axon-tracing-opentelemetry-5.1.2","org.axonframework.extension.tracing.opentelemetry.OpenTelemetrySpanFactory$Builder",1,6,"axon-metrics-micrometer-5.1.2","org.axonframework.extension.metrics.micrometer.EventProcessorLatencyMonitor$Builder",2,3,""
0.3157894736842105,"axon-messaging-5.1.2","org.axonframework.messaging.commandhandling.SimpleCommandBus",1,15,"axon-messaging-5.1.2","org.axonframework.messaging.commandhandling.retry.RetryingCommandBus",0,14,""
0.3157894736842105,"axon-messaging-5.1.2","org.axonframework.messaging.commandhandling.annotation.MethodCommandHandlerDefinition$MethodCommandHandlingMember",1,7,"axon-messaging-5.1.2","org.axonframework.messaging.eventhandling.replay.annotation.ReplayAwareMessageHandlerWrapper$ReplayBlockingMessageHandlingMember",1,8,""
0.3157894736842105,"axon-messaging-5.1.2","org.axonframework.messaging.core.AbstractMessageStream",15,10,"axon-messaging-5.1.2","org.axonframework.messaging.core.FluxMessageStream",2,6,""
0.3157894736842105,"axon-messaging-5.1.2","org.axonframework.messaging.core.MessageTypeResolver",32,4,"axon-tracing-opentelemetry-5.1.2","org.axonframework.extension.tracing.opentelemetry.MetadataContextGetter",1,2,""
0.3157894736842105,"axon-messaging-5.1.2","org.axonframework.messaging.core.MessageTypeResolver",32,4,"axon-messaging-5.1.2","org.axonframework.messaging.core.GenericResultMessage",3,8,""
0.3157894736842105,"axon-messaging-5.1.2","org.axonframework.messaging.eventhandling.replay.annotation.ReplayAwareMessageHandlerWrapper$ReplayBlockingMessageHandlingMember",1,8,"axon-messaging-5.1.2","org.axonframework.messaging.commandhandling.annotation.MethodCommandHandlerDefinition$MethodCommandHandlingMember",1,7,""
0.3157894736842105,"axon-test-5.1.2","org.axonframework.test.fixture.RecordingEventBus",1,8,"axon-messaging-5.1.2","org.axonframework.messaging.eventhandling.EventSubscribers",1,6,""
0.3142857142857143,"axon-messaging-5.1.2","org.axonframework.messaging.eventhandling.EventHandlingComponent",18,12,"axon-messaging-5.1.2","org.axonframework.messaging.eventhandling.interception.EventMessageHandlerInterceptorChain$InterceptingHandler",1,8,""
0.3125,"axon-common-5.1.2","org.axonframework.common.caching.EhCacheAdapter",1,5,"axon-common-5.1.2","org.axonframework.common.caching.AbstractCacheAdapter",2,3,""
0.3125,"axon-messaging-5.1.2","org.axonframework.messaging.commandhandling.CommandHandler",22,5,"axon-messaging-5.1.2","org.axonframework.messaging.commandhandling.interception.InterceptingCommandBus$InterceptingHandler",1,8,""
0.3125,"axon-messaging-5.1.2","org.axonframework.messaging.commandhandling.annotation.MethodCommandHandlerDefinition",0,3,"axon-messaging-5.1.2","org.axonframework.messaging.eventhandling.replay.annotation.ReplayAwareMessageHandlerWrapper",0,6,""
0.3125,"axon-messaging-5.1.2","org.axonframework.messaging.commandhandling.interception.InterceptingCommandBus$InterceptingDispatcher",1,8,"axon-messaging-5.1.2","org.axonframework.messaging.commandhandling.retry.RetryingCommandBus",0,14,""
0.3125,"axon-messaging-5.1.2","org.axonframework.messaging.commandhandling.interception.InterceptingCommandBus$InterceptingHandler",1,8,"axon-messaging-5.1.2","org.axonframework.messaging.commandhandling.CommandHandler",22,5,""
0.3125,"axon-messaging-5.1.2","org.axonframework.messaging.commandhandling.interception.InterceptingCommandBus$InterceptingHandler",1,8,"axon-messaging-5.1.2","org.axonframework.messaging.commandhandling.interception.CommandMessageHandlerInterceptorChain$InterceptingHandler",1,9,""
0.3125,"axon-messaging-5.1.2","org.axonframework.messaging.core.MessageStreamUtils",4,5,"axon-messaging-5.1.2","org.axonframework.messaging.core.FluxUtils$FluxStreamAdapter",1,3,""
0.3125,"axon-messaging-5.1.2","org.axonframework.messaging.core.unitofwork.LegacyMessageSupportingContext",1,7,"axon-messaging-5.1.2","org.axonframework.messaging.core.unitofwork.ProcessingContext",228,5,""
0.3125,"axon-messaging-5.1.2","org.axonframework.messaging.eventhandling.interception.InterceptingEventHandlingComponent",2,11,"axon-messaging-5.1.2","org.axonframework.messaging.eventhandling.replay.ReplayBlockingEventHandlingComponent",0,11,""
0.3125,"axon-messaging-5.1.2","org.axonframework.messaging.eventhandling.processing.streaming.pooled.WorkPackage$DefaultProcessingEntry",1,5,"axon-messaging-5.1.2","org.axonframework.messaging.eventhandling.processing.streaming.pooled.WorkPackage$ProcessingEntry",3,3,""
0.3125,"axon-messaging-5.1.2","org.axonframework.messaging.eventhandling.processing.streaming.pooled.WorkPackage$ProcessingEntry",3,3,"axon-messaging-5.1.2","org.axonframework.messaging.eventhandling.processing.streaming.pooled.WorkPackage$DefaultProcessingEntry",1,5,""
0.3125,"axon-messaging-5.1.2","org.axonframework.messaging.eventhandling.replay.ReplayBlockingEventHandlingComponent",0,11,"axon-messaging-5.1.2","org.axonframework.messaging.eventhandling.interception.InterceptingEventHandlingComponent",2,11,""
0.3125,"axon-messaging-5.1.2","org.axonframework.messaging.eventhandling.replay.annotation.ReplayParameterResolverFactory$ReplayParameterResolver",1,7,"axon-messaging-5.1.2","org.axonframework.messaging.core.annotation.MessageIdentifierParameterResolverFactory$MessageIdentifierParameterResolver",1,3,""
0.3125,"axon-messaging-5.1.2","org.axonframework.messaging.queryhandling.annotation.MethodQueryHandlerDefinition$MethodQueryHandlingMember",1,9,"axon-messaging-5.1.2","org.axonframework.messaging.core.interception.annotation.MessageHandlerInterceptorDefinition$InterceptedMessageHandlingMember",1,7,""
0.3125,"axon-modelling-5.1.2","org.axonframework.modelling.entity.EntityCommandHandler",5,5,"axon-messaging-5.1.2","org.axonframework.messaging.commandhandling.interception.InterceptingCommandBus$InterceptingHandler",1,8,""
0.3125,"axon-test-5.1.2","org.axonframework.test.fixture.RecordingEventStore",1,12,"axon-messaging-5.1.2","org.axonframework.messaging.eventhandling.EventSubscribers",1,6,""
0.3125,"axon-update-5.1.2","org.axonframework.update.LoggingUpdateCheckerReporter",1,7,"axon-update-5.1.2","org.axonframework.update.api.UpdateCheckResponse",4,4,""
0.3125,"axon-update-5.1.2","org.axonframework.update.UpdateChecker",1,11,"axon-update-5.1.2","org.axonframework.update.UpdateCheckerHttpClient",2,4,""
0.3125,"axon-update-5.1.2","org.axonframework.update.UpdateCheckerHttpClient",2,4,"axon-update-5.1.2","org.axonframework.update.UpdateChecker",1,11,""
0.3125,"axon-update-5.1.2","org.axonframework.update.api.UpdateCheckResponse",4,4,"axon-update-5.1.2","org.axonframework.update.LoggingUpdateCheckerReporter",1,7,""
0.3111111111111111,"axon-messaging-5.1.2","org.axonframework.messaging.core.interception.CorrelationDataInterceptor",1,10,"axon-messaging-5.1.2","org.axonframework.messaging.core.interception.LoggingInterceptor",0,10,""
0.3103448275862069,"axon-messaging-5.1.2","org.axonframework.messaging.core.interception.CorrelationDataInterceptor",1,10,"axon-messaging-5.1.2","org.axonframework.messaging.core.annotation.MessageHandlingMember",38,4,""
0.3103448275862069,"axon-messaging-5.1.2","org.axonframework.messaging.eventhandling.processing.streaming.token.store.TokenStore",16,3,"axon-messaging-5.1.2","org.axonframework.messaging.queryhandling.gateway.QueryGateway",2,3,""
0.3103448275862069,"axon-messaging-5.1.2","org.axonframework.messaging.queryhandling.gateway.QueryGateway",2,3,"axon-messaging-5.1.2","org.axonframework.messaging.eventhandling.processing.streaming.token.store.TokenStore",16,3,""
0.3103448275862069,"axon-messaging-5.1.2","org.axonframework.messaging.queryhandling.interception.InterceptingQueryBus$InterceptingHandler",1,7,"axon-messaging-5.1.2","org.axonframework.messaging.queryhandling.interception.QueryMessageHandlerInterceptorChain$InterceptingHandler",1,8,""
0.3103448275862069,"axon-modelling-5.1.2","org.axonframework.modelling.entity.annotation.ListEntityChildModelDefinition",0,11,"axon-modelling-5.1.2","org.axonframework.modelling.entity.annotation.SingleEntityChildModelDefinition",0,10,""
0.3103448275862069,"axon-modelling-5.1.2","org.axonframework.modelling.entity.annotation.SingleEntityChildModelDefinition",0,10,"axon-modelling-5.1.2","org.axonframework.modelling.entity.annotation.ListEntityChildModelDefinition",0,11,""
0.3076923076923077,"axon-metrics-micrometer-5.1.2","org.axonframework.extension.metrics.micrometer.MessageTimerMonitor$Builder",2,3,"axon-messaging-5.1.2","org.axonframework.messaging.eventhandling.processing.streaming.token.store.jpa.JpaTokenStoreConfiguration",1,1,""
0.3076923076923077,"axon-tracing-opentelemetry-5.1.2","org.axonframework.extension.tracing.opentelemetry.OpenTelemetrySpanFactory$Builder",1,6,"axon-messaging-5.1.2","org.axonframework.messaging.eventhandling.processing.streaming.token.store.jpa.JpaTokenStoreConfiguration",1,1,""
0.3076923076923077,"axon-messaging-5.1.2","org.axonframework.messaging.commandhandling.gateway.CommandDispatcher",3,7,"axon-messaging-5.1.2","org.axonframework.messaging.commandhandling.gateway.ContextAwareCommandDispatcher",1,7,""
0.3076923076923077,"axon-messaging-5.1.2","org.axonframework.messaging.commandhandling.gateway.ContextAwareCommandDispatcher",1,7,"axon-messaging-5.1.2","org.axonframework.messaging.commandhandling.gateway.CommandDispatcher",3,7,""
0.3076923076923077,"axon-messaging-5.1.2","org.axonframework.messaging.core.sequencing.HierarchicalSequencingPolicy",1,3,"axon-messaging-5.1.2","org.axonframework.messaging.core.sequencing.NoOpSequencingPolicy",1,3,""
0.3076923076923077,"axon-messaging-5.1.2","org.axonframework.messaging.eventhandling.processing.streaming.StreamingEventProcessor",5,4,"axon-messaging-5.1.2","org.axonframework.messaging.eventhandling.processing.streaming.token.FirstTrackingToken",1,1,""
0.3076923076923077,"axon-messaging-5.1.2","org.axonframework.messaging.eventhandling.processing.streaming.StreamingEventProcessor",5,4,"axon-messaging-5.1.2","org.axonframework.messaging.eventhandling.processing.streaming.token.LatestTrackingToken",1,1,""
0.3076923076923077,"axon-messaging-5.1.2","org.axonframework.messaging.eventhandling.processing.streaming.pooled.PooledStreamingEventProcessorsConfigurer",1,16,"axon-messaging-5.1.2","org.axonframework.messaging.eventhandling.processing.subscribing.SubscribingEventProcessorsConfigurer",1,14,""
0.3076923076923077,"axon-messaging-5.1.2","org.axonframework.messaging.eventhandling.processing.subscribing.SubscribingEventProcessorsConfigurer",1,14,"axon-messaging-5.1.2","org.axonframework.messaging.eventhandling.processing.streaming.pooled.PooledStreamingEventProcessorsConfigurer",1,16,""
0.3076923076923077,"axon-messaging-5.1.2","org.axonframework.messaging.queryhandling.gateway.QueryGateway",2,3,"axon-messaging-5.1.2","org.axonframework.messaging.queryhandling.QueryBus",11,7,""
0.3076923076923077,"axon-modelling-5.1.2","org.axonframework.modelling.HierarchicalStateManagerConfigurationEnhancer",0,5,"axon-modelling-5.1.2","org.axonframework.modelling.annotation.InjectEntityParameterResolver",1,8,""
0.3076923076923077,"axon-modelling-5.1.2","org.axonframework.modelling.annotation.InjectEntityParameterResolver",1,8,"axon-modelling-5.1.2","org.axonframework.modelling.HierarchicalStateManagerConfigurationEnhancer",0,5,""
0.3076923076923077,"axon-modelling-5.1.2","org.axonframework.modelling.entity.annotation.SingleEntityChildModelDefinition",0,10,"axon-modelling-5.1.2","org.axonframework.modelling.entity.child.SingleEntityChildMetamodel",3,6,""
0.3076923076923077,"axon-modelling-5.1.2","org.axonframework.modelling.entity.child.SingleEntityChildMetamodel",3,6,"axon-modelling-5.1.2","org.axonframework.modelling.entity.annotation.SingleEntityChildModelDefinition",0,10,""
0.3072100313479624,"axon-messaging-5.1.2","org.axonframework.messaging.eventhandling.processing.streaming.token.store.jdbc.JdbcTokenStore",0,21,"axon-messaging-5.1.2","org.axonframework.messaging.eventhandling.processing.streaming.token.store.jpa.JpaTokenStore",0,17,""
0.3072100313479624,"axon-messaging-5.1.2","org.axonframework.messaging.eventhandling.processing.streaming.token.store.jpa.JpaTokenStore",0,17,"axon-messaging-5.1.2","org.axonframework.messaging.eventhandling.processing.streaming.token.store.jdbc.JdbcTokenStore",0,21,""
0.3055555555555556,"axon-server-connector-5.1.2","io.axoniq.framework.axonserver.connector.event.EventProcessorControlService$AxonProcessorInstructionHandler",1,3,"axon-server-connector-5.1.2","io.axoniq.framework.axonserver.connector.event.EventProcessorInfoUtils",1,7,""
0.3055555555555556,"axon-server-connector-5.1.2","io.axoniq.framework.axonserver.connector.event.EventProcessorInfoUtils",1,7,"axon-server-connector-5.1.2","io.axoniq.framework.axonserver.connector.event.EventProcessorControlService$AxonProcessorInstructionHandler",1,3,""
0.3055555555555556,"axon-messaging-5.1.2","org.axonframework.messaging.eventhandling.InterceptingEventSink$InterceptingPublisher",1,8,"axon-messaging-5.1.2","org.axonframework.messaging.core.EmptyMessageStream",1,8,""
0.30434782608695654,"axon-messaging-5.1.2","org.axonframework.messaging.core.timeout.TimeoutWrappedMessageHandlingMember",1,6,"axon-messaging-5.1.2","org.axonframework.messaging.tracing.TracingHandlerEnhancerDefinition$1",1,7,""
0.30434782608695654,"axon-messaging-5.1.2","org.axonframework.messaging.tracing.TracingHandlerEnhancerDefinition$1",1,7,"axon-messaging-5.1.2","org.axonframework.messaging.core.timeout.TimeoutWrappedMessageHandlingMember",1,6,""
0.30357142857142855,"axon-messaging-5.1.2","org.axonframework.messaging.core.timeout.UnitOfWorkTimeoutInterceptorBuilder",0,14,"axon-messaging-5.1.2","org.axonframework.messaging.monitoring.interception.MonitoringCommandHandlerInterceptor",1,10,""
0.30357142857142855,"axon-messaging-5.1.2","org.axonframework.messaging.core.timeout.UnitOfWorkTimeoutInterceptorBuilder",0,14,"axon-messaging-5.1.2","org.axonframework.messaging.monitoring.interception.MonitoringEventHandlerInterceptor",1,10,""
0.30357142857142855,"axon-messaging-5.1.2","org.axonframework.messaging.core.timeout.UnitOfWorkTimeoutInterceptorBuilder",0,14,"axon-messaging-5.1.2","org.axonframework.messaging.monitoring.interception.MonitoringQueryHandlerInterceptor",1,10,""
0.30303030303030304,"axon-server-connector-5.1.2","io.axoniq.framework.axonserver.connector.event.EventProcessorInfoUtils",1,7,"axon-messaging-5.1.2","org.axonframework.messaging.eventhandling.processing.streaming.segmenting.WrappedTrackerStatus",2,3,""
0.30303030303030304,"axon-messaging-5.1.2","org.axonframework.messaging.core.AbstractMessageStream",15,10,"axon-messaging-5.1.2","org.axonframework.messaging.core.IteratorMessageStream",1,4,""
0.30303030303030304,"axon-messaging-5.1.2","org.axonframework.messaging.eventhandling.processing.streaming.segmenting.WrappedTrackerStatus",2,3,"axon-server-connector-5.1.2","io.axoniq.framework.axonserver.connector.event.EventProcessorInfoUtils",1,7,""
0.3,"axoniq-spring-boot-autoconfigure-5.1.2","io.axoniq.framework.springboot.autoconfig.JdbcDeadLetterQueueAutoConfiguration",0,4,"axon-messaging-5.1.2","org.axonframework.messaging.core.ConversionCache$Target",1,1,""
0.3,"axoniq-spring-boot-autoconfigure-5.1.2","io.axoniq.framework.springboot.autoconfig.JpaDeadLetterQueueAutoConfiguration",0,4,"axon-messaging-5.1.2","org.axonframework.messaging.core.ConversionCache$Target",1,1,""
0.3,"axon-eventsourcing-5.1.2","org.axonframework.eventsourcing.eventstore.inmemory.InMemoryEventStorageEngine$MapBackedStreamingEventMessageStream",1,5,"axon-messaging-5.1.2","org.axonframework.messaging.eventhandling.processing.streaming.pooled.WorkPackage$ProcessingEntry",3,3,""
0.3,"axon-metrics-micrometer-5.1.2","org.axonframework.extension.metrics.micrometer.MessageTimerMonitor$Builder",2,3,"axon-tracing-opentelemetry-5.1.2","org.axonframework.extension.tracing.opentelemetry.OpenTelemetrySpanFactory$Builder",1,6,""
0.3,"axon-tracing-opentelemetry-5.1.2","org.axonframework.extension.tracing.opentelemetry.OpenTelemetrySpanFactory$Builder",1,6,"axon-metrics-micrometer-5.1.2","org.axonframework.extension.metrics.micrometer.MessageTimerMonitor$Builder",2,3,""
0.3,"axon-messaging-5.1.2","org.axonframework.messaging.commandhandling.annotation.CommandDispatcherParameterResolverFactory$1",1,4,"axon-messaging-5.1.2","org.axonframework.messaging.core.unitofwork.annotation.ProcessingContextParameterResolverFactory$ProcessingContextParameterResolver",1,2,""
0.3,"axon-messaging-5.1.2","org.axonframework.messaging.commandhandling.annotation.CommandDispatcherParameterResolverFactory$1",1,4,"axon-test-5.1.2","org.axonframework.test.FixtureResourceParameterResolverFactory$FailingParameterResolver",1,3,""
0.3,"axon-messaging-5.1.2","org.axonframework.messaging.commandhandling.gateway.ConvertingCommandGateway$ConvertingCommandResult",1,3,"axon-tracing-opentelemetry-5.1.2","org.axonframework.extension.tracing.opentelemetry.MetadataContextGetter",1,2,""
0.3,"axon-messaging-5.1.2","org.axonframework.messaging.core.ConfigurationApplicationContext",2,3,"axon-common-5.1.2","org.axonframework.common.configuration.Component",16,5,""
0.3,"axon-messaging-5.1.2","org.axonframework.messaging.core.ConversionCache",1,3,"axon-messaging-5.1.2","org.axonframework.messaging.core.ConversionCache$Target",1,1,""
0.3,"axon-messaging-5.1.2","org.axonframework.messaging.core.ConversionCache$Target",1,1,"axon-messaging-5.1.2","org.axonframework.messaging.core.ConversionCache",1,3,""
0.3,"axon-messaging-5.1.2","org.axonframework.messaging.core.interception.annotation.ResultParameterResolverFactory",2,8,"axon-messaging-5.1.2","org.axonframework.messaging.core.annotation.SourceIdParameterResolverFactory$SourceIdParameterResolver",1,4,""
0.3,"axon-messaging-5.1.2","org.axonframework.messaging.core.interception.annotation.ResultParameterResolverFactory",2,8,"axon-messaging-5.1.2","org.axonframework.messaging.eventhandling.annotation.SequenceNumberParameterResolverFactory$SequenceNumberParameterResolver",1,4,""
0.3,"axon-messaging-5.1.2","org.axonframework.messaging.eventhandling.annotation.EventAppenderParameterResolverFactory$1",1,4,"axon-messaging-5.1.2","org.axonframework.messaging.core.unitofwork.annotation.ProcessingContextParameterResolverFactory$ProcessingContextParameterResolver",1,2,""
0.3,"axon-messaging-5.1.2","org.axonframework.messaging.eventhandling.annotation.EventAppenderParameterResolverFactory$1",1,4,"axon-test-5.1.2","org.axonframework.test.FixtureResourceParameterResolverFactory$FailingParameterResolver",1,3,""
0.3,"axon-messaging-5.1.2","org.axonframework.messaging.eventhandling.processing.streaming.segmenting.SimpleSegmentChangeListener",1,2,"axon-messaging-5.1.2","org.axonframework.messaging.eventhandling.processing.streaming.pooled.PooledStreamingEventProcessor$SegmentToken",1,2,""
0.3,"axon-messaging-5.1.2","org.axonframework.messaging.eventhandling.processing.streaming.segmenting.SimpleSegmentChangeListener",1,2,"axon-messaging-5.1.2","org.axonframework.messaging.eventhandling.processing.streaming.token.store.inmemory.InMemoryTokenStore$SegmentAndToken",1,2,""
0.3,"axon-messaging-5.1.2","org.axonframework.messaging.eventhandling.processing.streaming.token.store.jdbc.TokenSchema$Builder",1,1,"axon-messaging-5.1.2","org.axonframework.messaging.eventhandling.processing.streaming.token.store.jdbc.JdbcTokenStoreConfiguration",1,2,""
0.3,"axon-messaging-5.1.2","org.axonframework.messaging.eventhandling.replay.annotation.ReplayAwareMessageHandlerWrapper$ReplayBlockingMessageHandlingMember",1,8,"axon-messaging-5.1.2","org.axonframework.messaging.eventhandling.annotation.MethodEventHandlerDefinition$MethodEventMessageHandlingMember",1,8,""
0.3,"axon-messaging-5.1.2","org.axonframework.messaging.monitoring.MultiMessageMonitor$1",1,2,"axon-messaging-5.1.2","org.axonframework.messaging.monitoring.MessageMonitor",26,2,""
0.3,"axon-messaging-5.1.2","org.axonframework.messaging.queryhandling.QueryUpdateEmitterParameterResolverFactory$1",1,4,"axon-messaging-5.1.2","org.axonframework.messaging.core.unitofwork.annotation.ProcessingContextParameterResolverFactory$ProcessingContextParameterResolver",1,2,""
0.3,"axon-messaging-5.1.2","org.axonframework.messaging.queryhandling.QueryUpdateEmitterParameterResolverFactory$1",1,4,"axon-test-5.1.2","org.axonframework.test.FixtureResourceParameterResolverFactory$FailingParameterResolver",1,3,""
0.3,"axon-messaging-5.1.2","org.axonframework.messaging.tracing.TracingHandlerEnhancerDefinition$Builder",1,3,"axon-messaging-5.1.2","org.axonframework.messaging.commandhandling.tracing.DefaultCommandBusSpanFactory$Builder",1,3,""
0.3,"axon-messaging-5.1.2","org.axonframework.messaging.tracing.TracingHandlerEnhancerDefinition$Builder",1,3,"axon-messaging-5.1.2","org.axonframework.messaging.eventhandling.tracing.DefaultEventBusSpanFactory$Builder",1,3,""
0.3,"axon-messaging-5.1.2","org.axonframework.messaging.tracing.TracingHandlerEnhancerDefinition$Builder",1,3,"axon-messaging-5.1.2","org.axonframework.messaging.queryhandling.tracing.DefaultQueryBusSpanFactory$Builder",1,3,""
0.3,"axon-modelling-5.1.2","org.axonframework.modelling.entity.annotation.RoutingKeyCommandTargetResolverDefinition",1,7,"axon-common-5.1.2","org.axonframework.common.annotation.AnnotationUtils",19,2,""
0.3,"axon-modelling-5.1.2","org.axonframework.modelling.entity.annotation.RoutingKeyEventTargetMatcherDefinition",1,7,"axon-common-5.1.2","org.axonframework.common.annotation.AnnotationUtils",19,2,""
0.2972972972972973,"axon-server-connector-5.1.2","io.axoniq.framework.axonserver.connector.event.ConditionConverter",1,11,"axon-messaging-5.1.2","org.axonframework.messaging.eventstreaming.TagAndTypeFilteredEventCriteria",2,6,""
0.2972972972972973,"axon-eventsourcing-5.1.2","org.axonframework.eventsourcing.eventstore.inmemory.InMemoryEventStorageEngine$MapBackedSourcingEventMessageStream",1,11,"axon-server-connector-5.1.2","io.axoniq.framework.axonserver.connector.event.SourcingEventMessageStream",1,13,""
0.2962962962962963,"axon-eventsourcing-5.1.2","org.axonframework.eventsourcing.eventstore.AggregateBasedConsistencyMarker",7,8,"axon-eventsourcing-5.1.2","org.axonframework.eventsourcing.eventstore.DefaultAppendCondition",3,3,""
0.2962962962962963,"axon-messaging-5.1.2","org.axonframework.messaging.eventstreaming.EventTypeRestrictableOrEventCriteria",1,4,"axon-messaging-5.1.2","org.axonframework.messaging.eventstreaming.TagFilteredEventCriteria",2,8,""
0.2962962962962963,"axon-messaging-5.1.2","org.axonframework.messaging.queryhandling.interception.InterceptingQueryBus$InterceptingHandler",1,7,"axon-messaging-5.1.2","org.axonframework.messaging.queryhandling.interception.QueryMessageHandlerInterceptorChain",1,10,""
0.2953020134228188,"axon-messaging-5.1.2","org.axonframework.messaging.eventhandling.processing.streaming.pooled.PooledStreamingEventProcessor",2,43,"axon-messaging-5.1.2","org.axonframework.messaging.eventhandling.processing.streaming.pooled.WorkPackage",8,22,""
0.2953020134228188,"axon-messaging-5.1.2","org.axonframework.messaging.eventhandling.processing.streaming.pooled.WorkPackage",8,22,"axon-messaging-5.1.2","org.axonframework.messaging.eventhandling.processing.streaming.pooled.PooledStreamingEventProcessor",2,43,""
0.29508196721311475,"axon-messaging-5.1.2","org.axonframework.messaging.core.DelayedMessageStream",9,7,"axon-messaging-5.1.2","org.axonframework.messaging.core.CloseCallbackMessageStream",1,7,""
0.29411764705882354,"axon-messaging-5.1.2","org.axonframework.messaging.core.configuration.reflection.ConfigurationParameterResolverFactory",1,5,"axon-messaging-5.1.2","org.axonframework.messaging.core.reflection.HierarchicalParameterResolverFactoryConfigurationEnhancer",0,5,""
0.29411764705882354,"axon-messaging-5.1.2","org.axonframework.messaging.core.interception.annotation.MessageHandlerInterceptorDefinition",0,5,"axon-messaging-5.1.2","org.axonframework.messaging.queryhandling.annotation.MethodQueryHandlerDefinition",0,3,""
0.29411764705882354,"axon-messaging-5.1.2","org.axonframework.messaging.eventhandling.interception.InterceptingEventHandlingComponent",2,11,"axon-messaging-5.1.2","org.axonframework.messaging.eventhandling.interception.EventMessageHandlerInterceptorChain",1,10,""
0.29411764705882354,"axon-messaging-5.1.2","org.axonframework.messaging.eventhandling.processing.streaming.pooled.ClaimTask",1,8,"axon-messaging-5.1.2","org.axonframework.messaging.eventhandling.processing.streaming.pooled.MergeTask",1,10,""
0.29411764705882354,"axon-messaging-5.1.2","org.axonframework.messaging.eventhandling.processing.streaming.pooled.MergeTask",1,10,"axon-messaging-5.1.2","org.axonframework.messaging.eventhandling.processing.streaming.pooled.ClaimTask",1,8,""
0.29411764705882354,"axon-messaging-5.1.2","org.axonframework.messaging.eventhandling.processing.streaming.pooled.WorkPackage$DefaultProcessingEntry",1,5,"axon-messaging-5.1.2","org.axonframework.messaging.eventhandling.processing.streaming.token.FirstTrackingToken",1,1,""
0.29411764705882354,"axon-messaging-5.1.2","org.axonframework.messaging.eventstreaming.DefaultStreamingCondition",2,3,"axon-messaging-5.1.2","org.axonframework.messaging.eventstreaming.EventTypeRestrictableEventCriteria",6,4,""
0.29411764705882354,"axon-messaging-5.1.2","org.axonframework.messaging.eventstreaming.EventTypeRestrictableEventCriteria",6,4,"axon-messaging-5.1.2","org.axonframework.messaging.eventstreaming.DefaultStreamingCondition",2,3,""
0.29411764705882354,"axon-messaging-5.1.2","org.axonframework.messaging.monitoring.MultiMessageMonitor",3,5,"axon-messaging-5.1.2","org.axonframework.messaging.monitoring.MessageMonitor",26,2,""
0.29411764705882354,"axon-messaging-5.1.2","org.axonframework.messaging.monitoring.MultiMessageMonitor",3,5,"axon-messaging-5.1.2","org.axonframework.messaging.monitoring.NoOpMessageMonitor",4,4,""
0.29411764705882354,"axon-test-5.1.2","org.axonframework.test.util.RecordingMessageMonitor",1,5,"axon-messaging-5.1.2","org.axonframework.messaging.monitoring.MessageMonitor",26,2,""
0.29411764705882354,"axon-test-5.1.2","org.axonframework.test.util.RecordingMessageMonitor",1,5,"axon-messaging-5.1.2","org.axonframework.messaging.monitoring.NoOpMessageMonitor",4,4,""
0.2926829268292683,"axon-messaging-5.1.2","org.axonframework.messaging.eventhandling.tracing.TracingEventHandlingComponent",0,9,"axon-messaging-5.1.2","org.axonframework.messaging.eventhandling.interception.InterceptingEventHandlingComponent",2,11,""
0.2923076923076923,"axon-messaging-5.1.2","org.axonframework.messaging.commandhandling.configuration.CommandHandlingModule$CommandHandlerPhase",3,13,"axon-messaging-5.1.2","org.axonframework.messaging.eventhandling.configuration.EventHandlingComponentsConfigurer$ComponentsPhase",3,10,""
0.2923076923076923,"axon-messaging-5.1.2","org.axonframework.messaging.eventhandling.configuration.EventHandlingComponentsConfigurer$ComponentsPhase",3,10,"axon-messaging-5.1.2","org.axonframework.messaging.commandhandling.configuration.CommandHandlingModule$CommandHandlerPhase",3,13,""
0.2923076923076923,"axon-messaging-5.1.2","org.axonframework.messaging.eventhandling.configuration.EventHandlingComponentsConfigurer$ComponentsPhase",3,10,"axon-messaging-5.1.2","org.axonframework.messaging.queryhandling.configuration.QueryHandlingModule$QueryHandlerPhase",3,13,""
0.2923076923076923,"axon-messaging-5.1.2","org.axonframework.messaging.queryhandling.configuration.QueryHandlingModule$QueryHandlerPhase",3,13,"axon-messaging-5.1.2","org.axonframework.messaging.eventhandling.configuration.EventHandlingComponentsConfigurer$ComponentsPhase",3,10,""
0.2916666666666667,"axon-metrics-micrometer-5.1.2","org.axonframework.extension.metrics.micrometer.CapacityMonitor",2,5,"axon-tracing-opentelemetry-5.1.2","org.axonframework.extension.tracing.opentelemetry.MetadataContextGetter",1,2,""
0.2916666666666667,"axon-messaging-5.1.2","org.axonframework.messaging.core.annotation.InterceptorChainParameterResolverFactory",1,9,"axon-messaging-5.1.2","org.axonframework.messaging.commandhandling.interception.CommandSequencingInterceptor",1,9,""
0.2916666666666667,"axon-messaging-5.1.2","org.axonframework.messaging.eventhandling.annotation.MethodSequencingPolicyEventHandlerDefinition",0,5,"axon-messaging-5.1.2","org.axonframework.messaging.eventhandling.annotation.MethodEventHandlerDefinition",0,5,""
0.2903225806451613,"axon-modelling-5.1.2","org.axonframework.modelling.entity.EntityMetamodel",25,13,"axon-modelling-5.1.2","org.axonframework.modelling.entity.child.EntityChildMetamodel",11,11,""
0.2903225806451613,"axon-modelling-5.1.2","org.axonframework.modelling.entity.child.EntityChildMetamodel",11,11,"axon-modelling-5.1.2","org.axonframework.modelling.entity.EntityMetamodel",25,13,""
0.29,"axon-messaging-5.1.2","org.axonframework.messaging.queryhandling.SimpleQueryUpdateEmitter",1,12,"axon-messaging-5.1.2","org.axonframework.messaging.queryhandling.gateway.DefaultQueryGateway",1,16,""
0.29,"axon-messaging-5.1.2","org.axonframework.messaging.queryhandling.gateway.DefaultQueryGateway",1,16,"axon-messaging-5.1.2","org.axonframework.messaging.queryhandling.SimpleQueryUpdateEmitter",1,12,""
0.28888888888888886,"axon-messaging-5.1.2","org.axonframework.messaging.core.retry.AsyncRetryScheduler",1,12,"axon-messaging-5.1.2","org.axonframework.messaging.core.retry.AsyncRetryScheduler$RetryTask",1,9,""
0.2857142857142857,"axon-server-connector-5.1.2","io.axoniq.framework.axonserver.connector.event.AxonServerEventStorageEngine",2,19,"axon-eventsourcing-5.1.2","org.axonframework.eventsourcing.eventstore.EventStorageEngine",10,11,""
0.2857142857142857,"axon-server-connector-5.1.2","io.axoniq.framework.axonserver.connector.util.GrpcMessageSizeInterceptor$1",2,4,"axon-server-connector-5.1.2","io.axoniq.framework.axonserver.connector.util.GrpcMessageSizeInterceptor$1$1",2,3,""
0.2857142857142857,"axon-server-connector-5.1.2","io.axoniq.framework.axonserver.connector.util.GrpcMessageSizeInterceptor$1$1",2,3,"axon-server-connector-5.1.2","io.axoniq.framework.axonserver.connector.util.GrpcMessageSizeInterceptor$1",2,4,""
0.2857142857142857,"axoniq-spring-boot-autoconfigure-5.1.2","io.axoniq.framework.springboot.autoconfig.PostgresqlAutoConfiguration$1",1,3,"axon-messaging-5.1.2","org.axonframework.messaging.core.configuration.reflection.ConfigurationParameterResolverConfigurationEnhancer",0,4,""
0.2857142857142857,"axon-common-5.1.2","org.axonframework.common.BuilderUtils",32,3,"axon-common-5.1.2","org.axonframework.common.property.PropertyAccessException",2,1,""
0.2857142857142857,"axon-common-5.1.2","org.axonframework.common.caching.Cache$EntryListenerAdapter",1,1,"axon-common-5.1.2","org.axonframework.common.caching.JCacheAdapter$JCacheListenerAdapter",1,1,""
0.2857142857142857,"axon-common-5.1.2","org.axonframework.common.caching.JCacheAdapter$JCacheListenerAdapter",1,1,"axon-common-5.1.2","org.axonframework.common.caching.Cache$EntryListenerAdapter",1,1,""
0.2857142857142857,"axon-common-5.1.2","org.axonframework.common.configuration.AmbiguousComponentMatchException",1,1,"axon-common-5.1.2","org.axonframework.common.configuration.DecoratorDefinition$CompletedDecoratorDefinition",3,3,""
0.2857142857142857,"axon-common-5.1.2","org.axonframework.common.configuration.DecoratorDefinition$CompletedDecoratorDefinition",3,3,"axon-common-5.1.2","org.axonframework.common.configuration.AmbiguousComponentMatchException",1,1,""
0.2857142857142857,"axon-common-5.1.2","org.axonframework.common.configuration.LifecycleRegistry",16,3,"axon-messaging-5.1.2","org.axonframework.messaging.core.ConfigurationApplicationContext",2,3,""
0.2857142857142857,"axon-eventsourcing-5.1.2","org.axonframework.eventsourcing.annotation.reflection.AnnotationBasedEventSourcedEntityFactoryDefinition",1,7,"axon-messaging-5.1.2","org.axonframework.messaging.core.reflection.HierarchicalParameterResolverFactoryConfigurationEnhancer",0,5,""
0.2857142857142857,"axon-eventsourcing-5.1.2","org.axonframework.eventsourcing.eventstore.EventStorageEngine",10,11,"axon-server-connector-5.1.2","io.axoniq.framework.axonserver.connector.event.AxonServerEventStorageEngine",2,19,""
0.2857142857142857,"axon-eventsourcing-5.1.2","org.axonframework.eventsourcing.eventstore.TerminalEventMessage",4,3,"axon-messaging-5.1.2","org.axonframework.messaging.core.ClassBasedMessageTypeResolver",1,2,""
0.2857142857142857,"axon-metrics-micrometer-5.1.2","org.axonframework.extension.metrics.micrometer.CapacityMonitor",2,5,"axon-metrics-micrometer-5.1.2","org.axonframework.extension.metrics.micrometer.TagsUtil",1,3,""
0.2857142857142857,"axon-metrics-micrometer-5.1.2","org.axonframework.extension.metrics.micrometer.EventProcessorLatencyMonitor",2,6,"axon-messaging-5.1.2","org.axonframework.messaging.monitoring.NoOpMessageMonitor",4,4,""
0.2857142857142857,"axon-metrics-micrometer-5.1.2","org.axonframework.extension.metrics.micrometer.MessageCountingMonitor$1",1,2,"axon-messaging-5.1.2","org.axonframework.messaging.monitoring.MessageMonitor",26,2,""
0.2857142857142857,"axon-metrics-micrometer-5.1.2","org.axonframework.extension.metrics.micrometer.MessageCountingMonitor$1",1,2,"axon-messaging-5.1.2","org.axonframework.messaging.monitoring.NoOpMessageMonitor",4,4,""
0.2857142857142857,"axon-metrics-micrometer-5.1.2","org.axonframework.extension.metrics.micrometer.MessageTimerMonitor$1",1,2,"axon-messaging-5.1.2","org.axonframework.messaging.monitoring.NoOpMessageMonitorCallback",2,1,""
0.2857142857142857,"axon-tracing-opentelemetry-5.1.2","org.axonframework.extension.tracing.opentelemetry.OpenTelemetrySpan",1,2,"axon-messaging-5.1.2","org.axonframework.messaging.eventhandling.tracing.EventProcessorSpanFactory",1,2,""
0.2857142857142857,"axon-messaging-5.1.2","org.axonframework.messaging.commandhandling.UnresolvedRoutingKeyPolicy",0,3,"axon-modelling-5.1.2","org.axonframework.modelling.entity.child.CommandTargetResolver",12,3,""
0.2857142857142857,"axon-messaging-5.1.2","org.axonframework.messaging.core.HierarchicalMessageTypeResolver",1,2,"axon-messaging-5.1.2","org.axonframework.messaging.core.NamespaceMessageTypeResolver$Builder",1,4,""
0.2857142857142857,"axon-messaging-5.1.2","org.axonframework.messaging.core.NamespaceMessageTypeResolver$Builder",1,4,"axon-messaging-5.1.2","org.axonframework.messaging.core.HierarchicalMessageTypeResolver",1,2,""
0.2857142857142857,"axon-messaging-5.1.2","org.axonframework.messaging.core.annotation.AnnotatedHandlerInspector",5,16,"axon-messaging-5.1.2","org.axonframework.messaging.core.annotation.HandlerComparator",1,1,""
0.2857142857142857,"axon-messaging-5.1.2","org.axonframework.messaging.core.interception.annotation.ResultParameterResolverFactory",2,8,"axon-messaging-5.1.2","org.axonframework.messaging.core.annotation.AggregateTypeParameterResolverFactory$AggregateTypeParameterResolver",1,5,""
0.2857142857142857,"axon-messaging-5.1.2","org.axonframework.messaging.core.sequencing.HierarchicalSequencingPolicy",1,3,"axon-messaging-5.1.2","org.axonframework.messaging.core.sequencing.FullConcurrencyPolicy",0,3,""
0.2857142857142857,"axon-messaging-5.1.2","org.axonframework.messaging.core.timeout.HandlerTimeoutHandlerEnhancerDefinition",0,8,"axon-messaging-5.1.2","org.axonframework.messaging.eventhandling.annotation.MethodEventHandlerDefinition",0,5,""
0.2857142857142857,"axon-messaging-5.1.2","org.axonframework.messaging.core.timeout.HandlerTimeoutHandlerEnhancerDefinition",0,8,"axon-messaging-5.1.2","org.axonframework.messaging.eventhandling.replay.annotation.ReplayAwareMessageHandlerWrapper",0,6,""
0.2857142857142857,"axon-messaging-5.1.2","org.axonframework.messaging.core.timeout.TimeoutWrappedMessageHandlingMember",1,6,"axon-messaging-5.1.2","org.axonframework.messaging.commandhandling.annotation.MethodCommandHandlerDefinition$MethodCommandHandlingMember",1,7,""
0.2857142857142857,"axon-messaging-5.1.2","org.axonframework.messaging.eventhandling.annotation.MethodSequencingPolicyEventHandlerDefinition$SequencingPolicyEventMessageHandlingMember",2,6,"axon-messaging-5.1.2","org.axonframework.messaging.queryhandling.annotation.MethodQueryHandlerDefinition$MethodQueryHandlingMember",1,9,""
0.2857142857142857,"axon-messaging-5.1.2","org.axonframework.messaging.eventhandling.configuration.EventProcessorModule$CustomizationPhase",6,3,"axon-common-5.1.2","org.axonframework.common.configuration.Module",15,2,""
0.2857142857142857,"axon-messaging-5.1.2","org.axonframework.messaging.eventhandling.processing.ProcessorEventHandlingComponents",3,20,"axon-messaging-5.1.2","org.axonframework.messaging.eventhandling.DelegatingEventHandlingComponent",5,9,""
0.2857142857142857,"axon-messaging-5.1.2","org.axonframework.messaging.eventhandling.processing.streaming.StreamingEventProcessor",5,4,"axon-messaging-5.1.2","org.axonframework.messaging.eventhandling.processing.streaming.token.store.ConfigToken",2,1,""
0.2857142857142857,"axon-messaging-5.1.2","org.axonframework.messaging.eventhandling.tracing.EventProcessorSpanFactory",1,2,"axon-tracing-opentelemetry-5.1.2","org.axonframework.extension.tracing.opentelemetry.OpenTelemetrySpan",1,2,""
0.2857142857142857,"axon-messaging-5.1.2","org.axonframework.messaging.monitoring.MultiMessageMonitor$1",1,2,"axon-messaging-5.1.2","org.axonframework.messaging.monitoring.NoOpMessageMonitorCallback",2,1,""
0.2857142857142857,"axon-messaging-5.1.2","org.axonframework.messaging.monitoring.configuration.DefaultMessageMonitorRegistry",7,26,"axon-messaging-5.1.2","org.axonframework.messaging.monitoring.configuration.MessageMonitorRegistry",5,11,""
0.2857142857142857,"axon-messaging-5.1.2","org.axonframework.messaging.monitoring.configuration.MessageMonitorRegistry",5,11,"axon-messaging-5.1.2","org.axonframework.messaging.monitoring.configuration.DefaultMessageMonitorRegistry",7,26,""
0.2857142857142857,"axon-messaging-5.1.2","org.axonframework.messaging.queryhandling.QueryHandler",12,5,"axon-messaging-5.1.2","org.axonframework.messaging.core.MessageDispatchInterceptor",29,4,""
0.2857142857142857,"axon-messaging-5.1.2","org.axonframework.messaging.queryhandling.annotation.MethodQueryHandlerDefinition$MethodQueryHandlingMember",1,9,"axon-messaging-5.1.2","org.axonframework.messaging.core.interception.annotation.NoMoreInterceptors",2,5,""
0.2857142857142857,"axon-messaging-5.1.2","org.axonframework.messaging.queryhandling.interception.InterceptingQueryBus$InterceptingHandler",1,7,"axon-messaging-5.1.2","org.axonframework.messaging.queryhandling.QueryHandler",12,5,""
0.2857142857142857,"axon-messaging-5.1.2","org.axonframework.messaging.queryhandling.tracing.QueryUpdateEmitterSpanFactory",1,2,"axon-messaging-5.1.2","org.axonframework.messaging.eventhandling.tracing.EventProcessorSpanFactory",1,2,""
0.2857142857142857,"axon-messaging-5.1.2","org.axonframework.messaging.tracing.NoOpSpanFactory$NoOpSpan",2,2,"axon-messaging-5.1.2","org.axonframework.messaging.eventhandling.tracing.EventProcessorSpanFactory",1,2,""
0.2857142857142857,"axon-messaging-5.1.2","org.axonframework.messaging.tracing.TracingHandlerEnhancerDefinition$1",1,7,"axon-messaging-5.1.2","org.axonframework.messaging.commandhandling.annotation.MethodCommandHandlerDefinition$MethodCommandHandlingMember",1,7,""
0.2857142857142857,"axon-modelling-5.1.2","org.axonframework.modelling.EntityEvolvingComponent",2,2,"axon-modelling-5.1.2","org.axonframework.modelling.entity.EntityMetamodelBuilder",8,6,""
0.2857142857142857,"axon-modelling-5.1.2","org.axonframework.modelling.SimpleEntityEvolvingComponent",0,8,"axon-messaging-5.1.2","org.axonframework.messaging.eventhandling.EventSubscribers",1,6,""
0.2857142857142857,"axon-modelling-5.1.2","org.axonframework.modelling.StateManager",7,6,"axon-modelling-5.1.2","org.axonframework.modelling.repository.Repository",11,4,""
0.2857142857142857,"axon-modelling-5.1.2","org.axonframework.modelling.annotation.AnnotationBasedEntityIdResolver",3,6,"axon-messaging-5.1.2","org.axonframework.messaging.core.sequencing.FullConcurrencyPolicy",0,3,""
0.2857142857142857,"axon-modelling-5.1.2","org.axonframework.modelling.annotation.InjectEntityParameterResolver",1,8,"axon-messaging-5.1.2","org.axonframework.messaging.core.annotation.MessageIdentifierParameterResolverFactory$MessageIdentifierParameterResolver",1,3,""
0.2857142857142857,"axon-modelling-5.1.2","org.axonframework.modelling.entity.EntityMetamodelBuilder",8,6,"axon-modelling-5.1.2","org.axonframework.modelling.EntityEvolvingComponent",2,2,""
0.2857142857142857,"axon-update-5.1.2","org.axonframework.update.configuration.HierarchicalUsagePropertyProvider",1,2,"axon-update-5.1.2","org.axonframework.update.configuration.CommandLineUsagePropertyProvider",1,2,""
0.2857142857142857,"axon-update-5.1.2","org.axonframework.update.configuration.HierarchicalUsagePropertyProvider",1,2,"axon-update-5.1.2","org.axonframework.update.configuration.DefaultUsagePropertyProvider",2,2,""
0.2826086956521739,"axon-messaging-5.1.2","org.axonframework.messaging.eventhandling.EventHandlingComponent",18,12,"axon-messaging-5.1.2","org.axonframework.messaging.eventhandling.processing.streaming.segmenting.SequenceOverridingEventHandlingComponent",0,11,""
0.28205128205128205,"axon-server-connector-5.1.2","io.axoniq.framework.axonserver.connector.event.ConditionConverter",1,11,"axon-messaging-5.1.2","org.axonframework.messaging.eventstreaming.TagFilteredEventCriteria",2,8,""
0.28125,"axon-messaging-5.1.2","org.axonframework.messaging.commandhandling.tracing.TracingCommandBus$TracingHandler",1,8,"axon-messaging-5.1.2","org.axonframework.messaging.commandhandling.interception.CommandMessageHandlerInterceptorChain",1,11,""
0.28125,"axon-messaging-5.1.2","org.axonframework.messaging.core.annotation.AnnotatedHandlerInspector",5,16,"axon-messaging-5.1.2","org.axonframework.messaging.core.annotation.ChainedMessageHandlerInterceptorMember",1,6,""
0.28125,"axon-messaging-5.1.2","org.axonframework.messaging.core.interception.annotation.MessageHandlerInterceptorMemberChain",7,10,"axon-messaging-5.1.2","org.axonframework.messaging.core.annotation.WrappedMessageHandlingMember",9,4,""
0.28,"axon-messaging-5.1.2","org.axonframework.messaging.core.FluxMessageStream$1",1,3,"axon-messaging-5.1.2","org.axonframework.messaging.core.IteratorMessageStream",1,4,""
0.28,"axon-messaging-5.1.2","org.axonframework.messaging.eventhandling.SimpleEventHandlingComponent",1,23,"axon-messaging-5.1.2","org.axonframework.messaging.eventhandling.processing.ProcessorEventHandlingComponents",3,20,""
0.28,"axon-messaging-5.1.2","org.axonframework.messaging.eventhandling.processing.ProcessorEventHandlingComponents",3,20,"axon-messaging-5.1.2","org.axonframework.messaging.eventhandling.SimpleEventHandlingComponent",1,23,""
0.27906976744186046,"axon-eventsourcing-5.1.2","org.axonframework.eventsourcing.eventstore.AnnotationBasedTagResolver",1,7,"axon-eventsourcing-5.1.2","org.axonframework.eventsourcing.eventstore.PayloadBasedTagResolver",0,3,""
0.27906976744186046,"axon-messaging-5.1.2","org.axonframework.messaging.commandhandling.tracing.DefaultCommandBusSpanFactory",1,6,"axon-messaging-5.1.2","org.axonframework.messaging.eventhandling.tracing.DefaultEventProcessorSpanFactory",1,7,""
0.27906976744186046,"axon-messaging-5.1.2","org.axonframework.messaging.eventhandling.tracing.DefaultEventProcessorSpanFactory",1,7,"axon-messaging-5.1.2","org.axonframework.messaging.commandhandling.tracing.DefaultCommandBusSpanFactory",1,6,""
0.2783882783882784,"axon-messaging-5.1.2","org.axonframework.messaging.core.interception.DefaultDispatchInterceptorRegistry",7,26,"axon-messaging-5.1.2","org.axonframework.messaging.core.interception.DefaultHandlerInterceptorRegistry",6,24,""
0.2783882783882784,"axon-messaging-5.1.2","org.axonframework.messaging.core.interception.DefaultHandlerInterceptorRegistry",6,24,"axon-messaging-5.1.2","org.axonframework.messaging.core.interception.DefaultDispatchInterceptorRegistry",7,26,""
0.2777777777777778,"axon-eventsourcing-5.1.2","org.axonframework.eventsourcing.annotation.reflection.AnnotationBasedEventSourcedEntityFactoryDefinition",1,7,"axon-messaging-5.1.2","org.axonframework.messaging.core.configuration.reflection.ConfigurationParameterResolverFactory",1,5,""
0.2777777777777778,"axon-messaging-5.1.2","org.axonframework.messaging.core.ConversionCache",1,3,"axon-messaging-5.1.2","org.axonframework.messaging.core.conversion.DelegatingMessageConverter",2,5,""
0.2777777777777778,"axon-messaging-5.1.2","org.axonframework.messaging.core.MessageStreamUtils",4,5,"axon-messaging-5.1.2","org.axonframework.messaging.core.OnNextMessageStream",2,5,""
0.2777777777777778,"axon-messaging-5.1.2","org.axonframework.messaging.eventhandling.processing.streaming.pooled.ClaimTask",1,8,"axon-messaging-5.1.2","org.axonframework.messaging.eventhandling.processing.streaming.pooled.WorkPackage$Builder",2,12,""
0.2777777777777778,"axon-messaging-5.1.2","org.axonframework.messaging.eventhandling.processing.streaming.pooled.WorkPackage$Builder",2,12,"axon-messaging-5.1.2","org.axonframework.messaging.eventhandling.processing.streaming.pooled.ClaimTask",1,8,""
0.27710843373493976,"axon-eventsourcing-5.1.2","org.axonframework.eventsourcing.EventSourcingRepository",1,13,"axon-eventsourcing-5.1.2","org.axonframework.eventsourcing.handler.SimpleEntityLifecycleHandler",2,13,""
0.27710843373493976,"axon-eventsourcing-5.1.2","org.axonframework.eventsourcing.handler.SimpleEntityLifecycleHandler",2,13,"axon-eventsourcing-5.1.2","org.axonframework.eventsourcing.EventSourcingRepository",1,13,""
0.27586206896551724,"axon-common-5.1.2","org.axonframework.common.configuration.DecoratedComponent",1,8,"axon-common-5.1.2","org.axonframework.common.configuration.InstantiatedComponentDefinition",3,5,""
0.27586206896551724,"axon-common-5.1.2","org.axonframework.common.configuration.InstantiatedComponentDefinition",3,5,"axon-common-5.1.2","org.axonframework.common.configuration.DecoratedComponent",1,8,""
0.27586206896551724,"axon-messaging-5.1.2","org.axonframework.messaging.commandhandling.gateway.DefaultCommandGateway",1,13,"axon-test-5.1.2","org.axonframework.test.fixture.RecordingCommandBus",4,10,""
0.27586206896551724,"axon-messaging-5.1.2","org.axonframework.messaging.core.unitofwork.LegacyMessageSupportingContext",1,7,"axon-messaging-5.1.2","org.axonframework.messaging.core.SimpleContext",1,2,""
0.27586206896551724,"axon-messaging-5.1.2","org.axonframework.messaging.eventhandling.processing.streaming.pooled.EventSchedulingProcessingContext",2,7,"axon-messaging-5.1.2","org.axonframework.messaging.core.SimpleContext",1,2,""
0.27586206896551724,"axon-messaging-5.1.2","org.axonframework.messaging.eventhandling.processing.streaming.token.MergedTrackingToken",2,2,"axon-messaging-5.1.2","org.axonframework.messaging.eventhandling.processing.streaming.token.WrappedToken",6,1,""
0.27586206896551724,"axon-messaging-5.1.2","org.axonframework.messaging.eventhandling.processing.streaming.token.store.TokenStore",16,3,"axon-messaging-5.1.2","org.axonframework.messaging.eventhandling.processing.streaming.token.annotation.TrackingTokenParameterResolverFactory$TrackingTokenParameterResolver",1,5,""
0.27586206896551724,"axon-modelling-5.1.2","org.axonframework.modelling.entity.annotation.ListEntityChildModelDefinition",0,11,"axon-modelling-5.1.2","org.axonframework.modelling.entity.child.ListEntityChildMetamodel",3,6,""
0.27586206896551724,"axon-modelling-5.1.2","org.axonframework.modelling.entity.child.ListEntityChildMetamodel",3,6,"axon-modelling-5.1.2","org.axonframework.modelling.entity.annotation.ListEntityChildModelDefinition",0,11,""
0.27586206896551724,"axon-test-5.1.2","org.axonframework.test.util.RecordingMessageMonitor$1",1,8,"axon-test-5.1.2","org.axonframework.test.util.RecordingMessageMonitor",1,5,""
0.2753623188405797,"axon-eventsourcing-5.1.2","org.axonframework.eventsourcing.configuration.EventSourcingConfigurer",0,15,"axon-modelling-5.1.2","org.axonframework.modelling.configuration.ModellingConfigurer",1,10,""
0.2753623188405797,"axon-messaging-5.1.2","org.axonframework.messaging.eventhandling.SimpleEventBus",2,8,"axon-modelling-5.1.2","org.axonframework.modelling.repository.SimpleRepository",3,8,""
0.2753623188405797,"axon-modelling-5.1.2","org.axonframework.modelling.configuration.ModellingConfigurer",1,10,"axon-eventsourcing-5.1.2","org.axonframework.eventsourcing.configuration.EventSourcingConfigurer",0,15,""
0.2753623188405797,"axon-modelling-5.1.2","org.axonframework.modelling.repository.SimpleRepository",3,8,"axon-messaging-5.1.2","org.axonframework.messaging.eventhandling.SimpleEventBus",2,8,""
0.275,"axon-messaging-5.1.2","org.axonframework.messaging.eventhandling.processing.streaming.token.store.TokenStore",16,3,"axon-messaging-5.1.2","org.axonframework.messaging.eventhandling.processing.streaming.token.store.jpa.TokenEntry",1,6,""
0.275,"axon-messaging-5.1.2","org.axonframework.messaging.eventhandling.processing.streaming.token.store.jpa.TokenEntry",1,6,"axon-messaging-5.1.2","org.axonframework.messaging.eventhandling.processing.streaming.token.store.TokenStore",16,3,""
0.27485380116959063,"axon-messaging-5.1.2","org.axonframework.messaging.eventhandling.SimpleEventHandlingComponent",1,23,"axon-messaging-5.1.2","org.axonframework.messaging.eventhandling.annotation.AnnotatedEventHandlingComponent",1,26,""
0.27485380116959063,"axon-messaging-5.1.2","org.axonframework.messaging.eventhandling.annotation.AnnotatedEventHandlingComponent",1,26,"axon-messaging-5.1.2","org.axonframework.messaging.eventhandling.SimpleEventHandlingComponent",1,23,""
0.27450980392156865,"axon-messaging-5.1.2","org.axonframework.messaging.core.annotation.InterceptorChainParameterResolverFactory",1,9,"axon-messaging-5.1.2","org.axonframework.messaging.core.interception.CorrelationDataInterceptor",1,10,""
0.27419354838709675,"axon-messaging-5.1.2","org.axonframework.messaging.core.annotation.InterceptorChainParameterResolverFactory",1,9,"axon-messaging-5.1.2","org.axonframework.messaging.core.timeout.UnitOfWorkTimeoutInterceptorBuilder",0,14,""
0.27419354838709675,"axon-modelling-5.1.2","org.axonframework.modelling.repository.InMemoryRepository",0,6,"axon-modelling-5.1.2","org.axonframework.modelling.repository.SimpleRepository",3,8,""
0.27419354838709675,"axon-modelling-5.1.2","org.axonframework.modelling.repository.SimpleRepository",3,8,"axon-modelling-5.1.2","org.axonframework.modelling.repository.InMemoryRepository",0,6,""
0.2727272727272727,"axon-server-connector-5.1.2","io.axoniq.framework.axonserver.connector.event.AggregateBasedAxonServerEventStorageEngine$AggregateSource",1,3,"axon-eventsourcing-5.1.2","org.axonframework.eventsourcing.eventstore.AggregateBasedConsistencyMarker$AggregateSequencer",5,1,""
0.2727272727272727,"axon-common-5.1.2","org.axonframework.common.ReflectionUtils",28,4,"axon-common-5.1.2","org.axonframework.common.lock.PessimisticLockFactory$Builder",1,2,""
0.2727272727272727,"axon-common-5.1.2","org.axonframework.common.caching.Cache",3,3,"axon-common-5.1.2","org.axonframework.common.caching.AbstractCacheAdapter",2,3,""
0.2727272727272727,"axon-common-5.1.2","org.axonframework.common.caching.JCacheAdapter",0,4,"axon-common-5.1.2","org.axonframework.common.caching.Cache",3,3,""
0.2727272727272727,"axon-common-5.1.2","org.axonframework.common.configuration.AmbiguousComponentMatchException",1,1,"axon-common-5.1.2","org.axonframework.common.configuration.DecoratorDefinition$1",1,5,""
0.2727272727272727,"axon-common-5.1.2","org.axonframework.common.configuration.ComponentDefinition$1",1,6,"axon-messaging-5.1.2","org.axonframework.messaging.core.interception.DefaultDispatchInterceptorRegistry$GenericInterceptorDefinition",1,6,""
0.2727272727272727,"axon-common-5.1.2","org.axonframework.common.configuration.ComponentDefinition$1",1,6,"axon-messaging-5.1.2","org.axonframework.messaging.monitoring.configuration.DefaultMessageMonitorRegistry$GenericMonitorDefinition",1,6,""
0.2727272727272727,"axon-common-5.1.2","org.axonframework.common.configuration.DecoratedComponent",1,8,"axon-common-5.1.2","org.axonframework.common.configuration.LazyInitializedComponentDefinition",7,6,""
0.2727272727272727,"axon-common-5.1.2","org.axonframework.common.configuration.DecoratorDefinition$1",1,5,"axon-common-5.1.2","org.axonframework.common.configuration.AmbiguousComponentMatchException",1,1,""
0.2727272727272727,"axon-common-5.1.2","org.axonframework.common.configuration.LazyInitializedComponentDefinition",7,6,"axon-common-5.1.2","org.axonframework.common.configuration.DecoratedComponent",1,8,""
0.2727272727272727,"axon-common-5.1.2","org.axonframework.common.lock.PessimisticLockFactory$Builder",1,2,"axon-common-5.1.2","org.axonframework.common.ReflectionUtils",28,4,""
0.2727272727272727,"axon-eventsourcing-5.1.2","org.axonframework.eventsourcing.eventstore.AggregateBasedConsistencyMarker$AggregateSequencer",5,1,"axon-server-connector-5.1.2","io.axoniq.framework.axonserver.connector.event.AggregateBasedAxonServerEventStorageEngine$AggregateSource",1,3,""
0.2727272727272727,"axon-eventsourcing-5.1.2","org.axonframework.eventsourcing.eventstore.AggregateBasedConsistencyMarker$AggregateSequencer",5,1,"axon-eventsourcing-5.1.2","org.axonframework.eventsourcing.eventstore.jpa.AggregateBasedJpaEventStorageEngine$AggregateSource",1,3,""
0.2727272727272727,"axon-eventsourcing-5.1.2","org.axonframework.eventsourcing.eventstore.InterceptingEventStore$InterceptingEventStoreTransaction",1,10,"axon-eventsourcing-5.1.2","org.axonframework.eventsourcing.eventstore.InterceptingEventStore$InterceptingAppender",2,7,""
0.2727272727272727,"axon-eventsourcing-5.1.2","org.axonframework.eventsourcing.eventstore.SnapshotEventMessage",2,4,"axon-eventsourcing-5.1.2","org.axonframework.eventsourcing.snapshot.store.SnapshotStore",7,3,""
0.2727272727272727,"axon-eventsourcing-5.1.2","org.axonframework.eventsourcing.eventstore.jpa.AggregateBasedJpaEventStorageEngine$AggregateSource",1,3,"axon-modelling-5.1.2","org.axonframework.modelling.PayloadBasedEntityEvolver",0,3,""
0.2727272727272727,"axon-eventsourcing-5.1.2","org.axonframework.eventsourcing.snapshot.store.SnapshotStore",7,3,"axon-eventsourcing-5.1.2","org.axonframework.eventsourcing.eventstore.SnapshotEventMessage",2,4,""
0.2727272727272727,"axon-messaging-5.1.2","org.axonframework.messaging.commandhandling.gateway.CommandDispatcher",3,7,"axon-messaging-5.1.2","org.axonframework.messaging.eventhandling.gateway.EventAppender",3,7,""
0.2727272727272727,"axon-messaging-5.1.2","org.axonframework.messaging.commandhandling.gateway.ContextAwareCommandDispatcher",1,7,"axon-messaging-5.1.2","org.axonframework.messaging.eventhandling.EventSubscribers",1,6,""
0.2727272727272727,"axon-messaging-5.1.2","org.axonframework.messaging.core.Metadata$MetadataCollector",1,1,"axon-messaging-5.1.2","org.axonframework.messaging.core.annotation.DefaultParameterResolverFactory$AnnotatedMetadataParameterResolver",1,4,""
0.2727272727272727,"axon-messaging-5.1.2","org.axonframework.messaging.core.QualifiedName",68,3,"axon-messaging-5.1.2","org.axonframework.messaging.core.annotation.AbstractAnnotatedParameterResolverFactory",5,5,""
0.2727272727272727,"axon-messaging-5.1.2","org.axonframework.messaging.core.annotation.AbstractAnnotatedParameterResolverFactory",5,5,"axon-messaging-5.1.2","org.axonframework.messaging.core.QualifiedName",68,3,""
0.2727272727272727,"axon-messaging-5.1.2","org.axonframework.messaging.core.annotation.AnnotatedMessageHandlingMemberDefinition",0,8,"axon-messaging-5.1.2","org.axonframework.messaging.core.annotation.HandlerDefinition",10,3,""
0.2727272727272727,"axon-messaging-5.1.2","org.axonframework.messaging.core.annotation.HandlerDefinition",10,3,"axon-messaging-5.1.2","org.axonframework.messaging.core.annotation.AnnotatedMessageHandlingMemberDefinition",0,8,""
0.2727272727272727,"axon-messaging-5.1.2","org.axonframework.messaging.core.annotation.SimpleResourceParameterResolverFactory",0,4,"axon-messaging-5.1.2","org.axonframework.messaging.core.unitofwork.annotation.ProcessingContextParameterResolverFactory",0,5,""
0.2727272727272727,"axon-messaging-5.1.2","org.axonframework.messaging.core.interception.DefaultDispatchInterceptorRegistry$GenericInterceptorDefinition",1,6,"axon-common-5.1.2","org.axonframework.common.configuration.ComponentDefinition$1",1,6,""
0.2727272727272727,"axon-messaging-5.1.2","org.axonframework.messaging.core.interception.DefaultHandlerInterceptorRegistry$GenericInterceptorDefinition",1,6,"axon-common-5.1.2","org.axonframework.common.configuration.ComponentDefinition$1",1,6,""
0.2727272727272727,"axon-messaging-5.1.2","org.axonframework.messaging.core.timeout.TimeoutWrappedMessageHandlingMember",1,6,"axon-messaging-5.1.2","org.axonframework.messaging.eventhandling.replay.annotation.ReplayAwareMessageHandlerWrapper$ReplayBlockingMessageHandlingMember",1,8,""
0.2727272727272727,"axon-messaging-5.1.2","org.axonframework.messaging.core.unitofwork.annotation.ProcessingContextParameterResolverFactory",0,5,"axon-messaging-5.1.2","org.axonframework.messaging.core.annotation.SimpleResourceParameterResolverFactory",0,4,""
0.2727272727272727,"axon-messaging-5.1.2","org.axonframework.messaging.core.unitofwork.annotation.ProcessingContextParameterResolverFactory",0,5,"axon-test-5.1.2","org.axonframework.test.FixtureResourceParameterResolverFactory$FailingParameterResolver",1,3,""
0.2727272727272727,"axon-messaging-5.1.2","org.axonframework.messaging.eventhandling.gateway.EventAppender",3,7,"axon-messaging-5.1.2","org.axonframework.messaging.commandhandling.gateway.CommandDispatcher",3,7,""
0.2727272727272727,"axon-messaging-5.1.2","org.axonframework.messaging.eventhandling.replay.annotation.ReplayAwareMessageHandlerWrapper$ReplayBlockingMessageHandlingMember",1,8,"axon-messaging-5.1.2","org.axonframework.messaging.core.timeout.TimeoutWrappedMessageHandlingMember",1,6,""
0.2727272727272727,"axon-messaging-5.1.2","org.axonframework.messaging.eventstreaming.EventCriterion",8,3,"axon-messaging-5.1.2","org.axonframework.messaging.eventstreaming.AnyEvent",4,6,""
0.2727272727272727,"axon-messaging-5.1.2","org.axonframework.messaging.eventstreaming.StartingFrom",1,4,"axon-messaging-5.1.2","org.axonframework.messaging.eventhandling.processing.streaming.token.store.inmemory.InMemoryTokenStore$SegmentAndToken",1,2,""
0.2727272727272727,"axon-messaging-5.1.2","org.axonframework.messaging.monitoring.configuration.DefaultMessageMonitorRegistry$GenericMonitorDefinition",1,6,"axon-common-5.1.2","org.axonframework.common.configuration.ComponentDefinition$1",1,6,""
0.2727272727272727,"axon-messaging-5.1.2","org.axonframework.messaging.tracing.NoOpSpanFactory",0,5,"axon-tracing-opentelemetry-5.1.2","org.axonframework.extension.tracing.opentelemetry.MetadataContextGetter",1,2,""
0.2727272727272727,"axon-messaging-5.1.2","org.axonframework.messaging.tracing.TracingHandlerEnhancerDefinition$1",1,7,"axon-messaging-5.1.2","org.axonframework.messaging.eventhandling.replay.annotation.ReplayAwareMessageHandlerWrapper$ReplayBlockingMessageHandlingMember",1,8,""
0.2727272727272727,"axon-modelling-5.1.2","org.axonframework.modelling.annotation.InjectEntityParameterResolver",1,8,"axon-messaging-5.1.2","org.axonframework.messaging.core.annotation.PayloadParameterResolver",2,3,""
0.2727272727272727,"axon-modelling-5.1.2","org.axonframework.modelling.entity.annotation.AnnotatedEntityIdResolverDefinition",1,7,"axon-modelling-5.1.2","org.axonframework.modelling.annotation.EntityIdResolverDefinition",4,3,""
0.2727272727272727,"axon-modelling-5.1.2","org.axonframework.modelling.repository.InMemoryRepository",0,6,"axon-eventsourcing-5.1.2","org.axonframework.eventsourcing.handler.SimpleEntityLifecycleHandler",2,13,""
0.2727272727272727,"axon-test-5.1.2","org.axonframework.test.fixture.AxonTestPhase$When$Nothing",4,3,"axon-test-5.1.2","org.axonframework.test.fixture.AxonTestThenNothing",2,6,""
0.2727272727272727,"axon-test-5.1.2","org.axonframework.test.fixture.AxonTestThenNothing",2,6,"axon-test-5.1.2","org.axonframework.test.fixture.AxonTestPhase$When$Nothing",4,3,""
0.2727272727272727,"axon-test-5.1.2","org.axonframework.test.matchers.DeepEqualsMatcher",1,5,"axon-test-5.1.2","org.axonframework.test.matchers.MatchAllFieldFilter",1,1,""
0.2727272727272727,"axon-test-5.1.2","org.axonframework.test.matchers.MatchAllFieldFilter",1,1,"axon-test-5.1.2","org.axonframework.test.matchers.DeepEqualsMatcher",1,5,""
0.2708333333333333,"axon-messaging-5.1.2","org.axonframework.messaging.queryhandling.tracing.DefaultQueryBusSpanFactory",1,7,"axon-messaging-5.1.2","org.axonframework.messaging.tracing.SpanFactory",16,3,""
0.2702702702702703,"axon-messaging-5.1.2","org.axonframework.messaging.core.GenericMessage",14,9,"axon-messaging-5.1.2","org.axonframework.messaging.core.AbstractMessage",1,3,""
0.2702702702702703,"axon-messaging-5.1.2","org.axonframework.messaging.eventhandling.processing.streaming.pooled.DefaultWorkPackageEventFilter",1,12,"axon-messaging-5.1.2","org.axonframework.messaging.eventhandling.processing.streaming.segmenting.SegmentMatcher",1,5,""
0.2702702702702703,"axon-messaging-5.1.2","org.axonframework.messaging.eventhandling.tracing.DefaultEventBusSpanFactory",1,6,"axon-messaging-5.1.2","org.axonframework.messaging.eventhandling.tracing.DefaultEventProcessorSpanFactory",1,7,""
0.2702702702702703,"axon-messaging-5.1.2","org.axonframework.messaging.eventhandling.tracing.DefaultEventProcessorSpanFactory",1,7,"axon-messaging-5.1.2","org.axonframework.messaging.eventhandling.tracing.DefaultEventBusSpanFactory",1,6,""
0.2698412698412698,"axon-modelling-5.1.2","org.axonframework.modelling.entity.ConcreteEntityMetamodel",3,23,"axon-messaging-5.1.2","org.axonframework.messaging.commandhandling.SimpleCommandBus",1,15,""
0.2692307692307692,"axon-eventsourcing-5.1.2","org.axonframework.eventsourcing.annotation.reflection.AnnotationBasedEventSourcedEntityFactory$ScannedEntityCreator",1,8,"axon-messaging-5.1.2","org.axonframework.messaging.core.annotation.MethodInvokingMessageHandlingMember",1,15,""
0.2692307692307692,"axon-messaging-5.1.2","org.axonframework.messaging.core.annotation.MethodInvokingMessageHandlingMember",1,15,"axon-eventsourcing-5.1.2","org.axonframework.eventsourcing.annotation.reflection.AnnotationBasedEventSourcedEntityFactory$ScannedEntityCreator",1,8,""
0.2692307692307692,"axon-messaging-5.1.2","org.axonframework.messaging.core.timeout.HandlerTimeoutHandlerEnhancerDefinition",0,8,"axon-messaging-5.1.2","org.axonframework.messaging.queryhandling.annotation.MethodQueryHandlerDefinition",0,3,""
0.2692307692307692,"axon-messaging-5.1.2","org.axonframework.messaging.eventhandling.replay.ReplayBlockingEventHandlingComponent",0,11,"axon-messaging-5.1.2","org.axonframework.messaging.eventhandling.replay.annotation.ReplayAwareMessageHandlerWrapper$ReplayBlockingMessageHandlingMember",1,8,""
0.2692307692307692,"axon-messaging-5.1.2","org.axonframework.messaging.eventstreaming.EventCriteria",31,8,"axon-messaging-5.1.2","org.axonframework.messaging.eventstreaming.EventTypeRestrictableOrEventCriteria",1,4,""
0.2692307692307692,"axon-modelling-5.1.2","org.axonframework.modelling.entity.EntityCommandHandlingComponent",2,19,"axon-modelling-5.1.2","org.axonframework.modelling.entity.child.AbstractEntityChildMetamodel",2,15,""
0.2692307692307692,"axon-modelling-5.1.2","org.axonframework.modelling.entity.child.AbstractEntityChildMetamodel",2,15,"axon-modelling-5.1.2","org.axonframework.modelling.entity.EntityCommandHandlingComponent",2,19,""
0.26881720430107525,"axon-server-connector-5.1.2","io.axoniq.framework.axonserver.connector.event.AxonServerEventStorageEngine",2,19,"axon-eventsourcing-5.1.2","org.axonframework.eventsourcing.eventstore.inmemory.InMemoryEventStorageEngine",5,23,""
0.26881720430107525,"axon-eventsourcing-5.1.2","org.axonframework.eventsourcing.eventstore.inmemory.InMemoryEventStorageEngine",5,23,"axon-server-connector-5.1.2","io.axoniq.framework.axonserver.connector.event.AxonServerEventStorageEngine",2,19,""
0.26666666666666666,"axon-tracing-opentelemetry-5.1.2","org.axonframework.extension.tracing.opentelemetry.OpenTelemetrySpanFactory",1,7,"axon-metrics-micrometer-5.1.2","org.axonframework.extension.metrics.micrometer.TagsUtil",1,3,""
0.26666666666666666,"axon-messaging-5.1.2","org.axonframework.messaging.core.NamespaceMessageTypeResolver",1,3,"axon-messaging-5.1.2","org.axonframework.messaging.core.NamespaceMessageTypeResolver$Builder",1,4,""
0.26666666666666666,"axon-messaging-5.1.2","org.axonframework.messaging.core.NamespaceMessageTypeResolver$Builder",1,4,"axon-messaging-5.1.2","org.axonframework.messaging.core.NamespaceMessageTypeResolver",1,3,""
0.26666666666666666,"axon-messaging-5.1.2","org.axonframework.messaging.eventhandling.processing.streaming.token.store.inmemory.InMemoryTokenStore",1,11,"axon-messaging-5.1.2","org.axonframework.messaging.eventhandling.processing.streaming.token.store.TokenStore",16,3,""
0.26666666666666666,"axon-messaging-5.1.2","org.axonframework.messaging.queryhandling.gateway.QueryGateway",2,3,"axon-messaging-5.1.2","org.axonframework.messaging.core.unitofwork.annotation.ProcessingContextParameterResolverFactory$ProcessingContextParameterResolver",1,2,""
0.26666666666666666,"axon-messaging-5.1.2","org.axonframework.messaging.queryhandling.tracing.QueryBusSpanFactory",1,3,"axon-tracing-opentelemetry-5.1.2","org.axonframework.extension.tracing.opentelemetry.OpenTelemetrySpan",1,2,""
0.26666666666666666,"axon-messaging-5.1.2","org.axonframework.messaging.queryhandling.tracing.QueryBusSpanFactory",1,3,"axon-messaging-5.1.2","org.axonframework.messaging.tracing.NoOpSpanFactory$NoOpSpan",2,2,""
0.26666666666666666,"axon-modelling-5.1.2","org.axonframework.modelling.annotation.AnnotationBasedEntityIdResolver",3,6,"axon-messaging-5.1.2","org.axonframework.messaging.core.annotation.MessageIdentifierParameterResolverFactory$MessageIdentifierParameterResolver",1,3,""
0.26666666666666666,"axon-test-5.1.2","org.axonframework.test.fixture.AxonTestPhase$Then$MessageAssertions",6,4,"axon-eventsourcing-5.1.2","org.axonframework.eventsourcing.EventSourcedEntityFactory",9,2,""
0.26666666666666666,"axon-test-5.1.2","org.axonframework.test.fixture.AxonTestPhase$When$Event",4,3,"axon-test-5.1.2","org.axonframework.test.fixture.AxonTestWhen$Event",1,7,""
0.26666666666666666,"axon-test-5.1.2","org.axonframework.test.fixture.AxonTestWhen$Event",1,7,"axon-test-5.1.2","org.axonframework.test.fixture.AxonTestPhase$When$Event",4,3,""
0.26666666666666666,"axon-test-5.1.2","org.axonframework.test.fixture.AxonTestWhen$Nothing",1,7,"axon-test-5.1.2","org.axonframework.test.fixture.AxonTestPhase$When$Nothing",4,3,""
0.265625,"axon-messaging-5.1.2","org.axonframework.messaging.eventhandling.configuration.DefaultEventHandlingComponentsConfigurer",2,9,"axon-messaging-5.1.2","org.axonframework.messaging.eventhandling.configuration.EventHandlingComponentsConfigurer$ComponentsPhase",3,10,""
0.265625,"axon-messaging-5.1.2","org.axonframework.messaging.eventhandling.configuration.EventHandlingComponentsConfigurer$ComponentsPhase",3,10,"axon-messaging-5.1.2","org.axonframework.messaging.eventhandling.configuration.DefaultEventHandlingComponentsConfigurer",2,9,""
0.2653061224489796,"axon-tracing-opentelemetry-5.1.2","org.axonframework.extension.tracing.opentelemetry.OpenTelemetrySpanFactory",1,7,"axon-messaging-5.1.2","org.axonframework.messaging.tracing.NoOpSpanFactory",0,5,""
0.2653061224489796,"axon-messaging-5.1.2","org.axonframework.messaging.eventhandling.processing.streaming.pooled.Coordinator$Builder",2,15,"axon-messaging-5.1.2","org.axonframework.messaging.eventhandling.processing.streaming.pooled.WorkPackage$Builder",2,12,""
0.2653061224489796,"axon-messaging-5.1.2","org.axonframework.messaging.eventhandling.processing.streaming.pooled.WorkPackage$Builder",2,12,"axon-messaging-5.1.2","org.axonframework.messaging.eventhandling.processing.streaming.pooled.Coordinator$Builder",2,15,""
0.2653061224489796,"axon-messaging-5.1.2","org.axonframework.messaging.tracing.NoOpSpanFactory",0,5,"axon-tracing-opentelemetry-5.1.2","org.axonframework.extension.tracing.opentelemetry.OpenTelemetrySpanFactory",1,7,""
0.2631578947368421,"axon-messaging-5.1.2","org.axonframework.messaging.core.annotation.MethodInvokingMessageHandlingMember",1,15,"axon-messaging-5.1.2","org.axonframework.messaging.core.interception.LoggingInterceptor",0,10,""
0.2631578947368421,"axon-messaging-5.1.2","org.axonframework.messaging.core.annotation.MultiHandlerDefinition",1,8,"axon-messaging-5.1.2","org.axonframework.messaging.core.annotation.MultiHandlerEnhancerDefinition",2,3,""
0.2631578947368421,"axon-messaging-5.1.2","org.axonframework.messaging.core.annotation.MultiHandlerEnhancerDefinition",2,3,"axon-messaging-5.1.2","org.axonframework.messaging.core.annotation.MultiHandlerDefinition",1,8,""
0.2631578947368421,"axon-messaging-5.1.2","org.axonframework.messaging.eventhandling.tracing.DefaultEventBusSpanFactory",1,6,"axon-messaging-5.1.2","org.axonframework.messaging.eventhandling.tracing.EventBusSpanFactory",1,2,""
0.2631578947368421,"axon-messaging-5.1.2","org.axonframework.messaging.queryhandling.tracing.DefaultQueryUpdateEmitterSpanFactory",1,6,"axon-messaging-5.1.2","org.axonframework.messaging.queryhandling.tracing.QueryUpdateEmitterSpanFactory",1,2,""
0.2631578947368421,"axon-messaging-5.1.2","org.axonframework.messaging.queryhandling.tracing.QueryUpdateEmitterSpanFactory",1,2,"axon-messaging-5.1.2","org.axonframework.messaging.queryhandling.tracing.DefaultQueryUpdateEmitterSpanFactory",1,6,""
0.2631578947368421,"axon-modelling-5.1.2","org.axonframework.modelling.entity.child.EntityChildMetamodel",11,11,"axon-messaging-5.1.2","org.axonframework.messaging.commandhandling.CommandHandler",22,5,""
0.2631578947368421,"axon-modelling-5.1.2","org.axonframework.modelling.entity.child.EntityChildMetamodel",11,11,"axon-modelling-5.1.2","org.axonframework.modelling.entity.EntityCommandHandler",5,5,""
0.2620689655172414,"axon-messaging-5.1.2","org.axonframework.messaging.eventhandling.processing.subscribing.SubscribingEventProcessorModule",2,23,"axon-messaging-5.1.2","org.axonframework.messaging.eventhandling.processing.subscribing.SubscribingEventProcessorsConfigurer",1,14,""
0.2620689655172414,"axon-messaging-5.1.2","org.axonframework.messaging.eventhandling.processing.subscribing.SubscribingEventProcessorsConfigurer",1,14,"axon-messaging-5.1.2","org.axonframework.messaging.eventhandling.processing.subscribing.SubscribingEventProcessorModule",2,23,""
0.2619047619047619,"axon-common-5.1.2","org.axonframework.common.configuration.DecoratedComponent",1,8,"axon-common-5.1.2","org.axonframework.common.configuration.DefaultDecoratorDefinition",2,8,""
0.2619047619047619,"axon-common-5.1.2","org.axonframework.common.configuration.DefaultDecoratorDefinition",2,8,"axon-common-5.1.2","org.axonframework.common.configuration.DecoratedComponent",1,8,""
0.26126126126126126,"axon-messaging-5.1.2","org.axonframework.messaging.queryhandling.annotation.AnnotatedQueryHandlingComponent",1,23,"axon-messaging-5.1.2","org.axonframework.messaging.queryhandling.gateway.DefaultQueryGateway",1,16,""
0.26126126126126126,"axon-messaging-5.1.2","org.axonframework.messaging.queryhandling.gateway.DefaultQueryGateway",1,16,"axon-messaging-5.1.2","org.axonframework.messaging.queryhandling.annotation.AnnotatedQueryHandlingComponent",1,23,""
0.2608695652173913,"axon-server-connector-5.1.2","io.axoniq.framework.axonserver.connector.query.AxonServerQueryBusConnector$AxonServerUpdateCallback",2,5,"axon-server-connector-5.1.2","io.axoniq.framework.axonserver.connector.query.AxonServerQueryBusConnector$LocalSegmentAdapter",1,7,""
0.2608695652173913,"axon-server-connector-5.1.2","io.axoniq.framework.axonserver.connector.query.AxonServerQueryBusConnector$LocalSegmentAdapter",1,7,"axon-server-connector-5.1.2","io.axoniq.framework.axonserver.connector.query.AxonServerQueryBusConnector$AxonServerUpdateCallback",2,5,""
0.2608695652173913,"axoniq-spring-boot-autoconfigure-5.1.2","io.axoniq.framework.springboot.DeadLetterQueueProcessorProperties",1,3,"axoniq-spring-boot-autoconfigure-5.1.2","io.axoniq.framework.springboot.autoconfig.DeadLetterQueueAutoConfiguration",0,7,""
0.2608695652173913,"axoniq-spring-boot-autoconfigure-5.1.2","io.axoniq.framework.springboot.autoconfig.DeadLetterQueueAutoConfiguration",0,7,"axoniq-spring-boot-autoconfigure-5.1.2","io.axoniq.framework.springboot.DeadLetterQueueProcessorProperties",1,3,""
0.2608695652173913,"axon-common-5.1.2","org.axonframework.common.configuration.ComponentDefinition$2",1,7,"axon-messaging-5.1.2","org.axonframework.messaging.core.interception.DefaultDispatchInterceptorRegistry$GenericInterceptorDefinition",1,6,""
0.2608695652173913,"axon-common-5.1.2","org.axonframework.common.configuration.ComponentDefinition$2",1,7,"axon-messaging-5.1.2","org.axonframework.messaging.monitoring.configuration.DefaultMessageMonitorRegistry$GenericMonitorDefinition",1,6,""
0.2608695652173913,"axon-eventsourcing-5.1.2","org.axonframework.eventsourcing.eventstore.SourcingCondition",13,6,"axon-eventsourcing-5.1.2","org.axonframework.eventsourcing.eventstore.SourcingStrategy$Absolute",5,3,""
0.2608695652173913,"axon-messaging-5.1.2","org.axonframework.messaging.commandhandling.gateway.ConvertingCommandGateway$ConvertingCommandResult",1,3,"axon-metrics-micrometer-5.1.2","org.axonframework.extension.metrics.micrometer.MessageCountingMonitor",2,4,""
0.2608695652173913,"axon-messaging-5.1.2","org.axonframework.messaging.eventstreaming.OrEventCriteriaBuilder",1,5,"axon-messaging-5.1.2","org.axonframework.messaging.eventstreaming.AnyEvent",4,6,""
0.2608695652173913,"axon-messaging-5.1.2","org.axonframework.messaging.tracing.TracingHandlerEnhancerDefinition",2,6,"axon-messaging-5.1.2","org.axonframework.messaging.queryhandling.annotation.MethodQueryHandlerDefinition",0,3,""
0.2604166666666667,"axon-messaging-5.1.2","org.axonframework.messaging.queryhandling.SimpleQueryUpdateEmitter",1,12,"axon-messaging-5.1.2","org.axonframework.messaging.queryhandling.annotation.AnnotatedQueryHandlingComponent",1,23,""
0.2604166666666667,"axon-messaging-5.1.2","org.axonframework.messaging.queryhandling.annotation.AnnotatedQueryHandlingComponent",1,23,"axon-messaging-5.1.2","org.axonframework.messaging.queryhandling.SimpleQueryUpdateEmitter",1,12,""
0.25882352941176473,"axon-test-5.1.2","org.axonframework.test.fixture.AxonTestThenCommand",1,13,"axon-test-5.1.2","org.axonframework.test.fixture.AxonTestThenEvent",1,10,""
0.25882352941176473,"axon-test-5.1.2","org.axonframework.test.fixture.AxonTestThenEvent",1,10,"axon-test-5.1.2","org.axonframework.test.fixture.AxonTestThenCommand",1,13,""
0.25806451612903225,"axon-eventsourcing-5.1.2","org.axonframework.eventsourcing.handler.InitializingEntityEvolver",4,9,"axon-test-5.1.2","org.axonframework.test.fixture.RecordingEventSink",5,5,""
0.2571428571428571,"axon-eventsourcing-5.1.2","org.axonframework.eventsourcing.annotation.reflection.AnnotationBasedEventSourcedEntityFactory$ScannedEntityCreator",1,8,"axon-eventsourcing-5.1.2","org.axonframework.eventsourcing.annotation.reflection.AnnotationBasedEventSourcedEntityFactory$IdTypeParameterResolver",1,4,""
0.2571428571428571,"axon-messaging-5.1.2","org.axonframework.messaging.queryhandling.QueryUpdateEmitter",3,8,"axon-modelling-5.1.2","org.axonframework.modelling.entity.EntityMetamodel",25,13,""
0.2571428571428571,"axon-modelling-5.1.2","org.axonframework.modelling.entity.EntityMetamodel",25,13,"axon-messaging-5.1.2","org.axonframework.messaging.commandhandling.interception.InterceptingCommandBus$InterceptingDispatcher",1,8,""
0.2571428571428571,"axon-modelling-5.1.2","org.axonframework.modelling.entity.EntityMetamodel",25,13,"axon-messaging-5.1.2","org.axonframework.messaging.queryhandling.QueryUpdateEmitter",3,8,""
0.25675675675675674,"axon-messaging-5.1.2","org.axonframework.messaging.commandhandling.configuration.CommandHandlingModule$CommandHandlerPhase",3,13,"axon-messaging-5.1.2","org.axonframework.messaging.commandhandling.configuration.SimpleCommandHandlingModule",1,16,""
0.25675675675675674,"axon-messaging-5.1.2","org.axonframework.messaging.commandhandling.configuration.SimpleCommandHandlingModule",1,16,"axon-messaging-5.1.2","org.axonframework.messaging.commandhandling.configuration.CommandHandlingModule$CommandHandlerPhase",3,13,""
0.25675675675675674,"axon-messaging-5.1.2","org.axonframework.messaging.queryhandling.configuration.QueryHandlingModule$QueryHandlerPhase",3,13,"axon-messaging-5.1.2","org.axonframework.messaging.queryhandling.configuration.SimpleQueryHandlingModule",1,16,""
0.25675675675675674,"axon-messaging-5.1.2","org.axonframework.messaging.queryhandling.configuration.SimpleQueryHandlingModule",1,16,"axon-messaging-5.1.2","org.axonframework.messaging.queryhandling.configuration.QueryHandlingModule$QueryHandlerPhase",3,13,""
0.25609756097560976,"axon-messaging-5.1.2","org.axonframework.messaging.queryhandling.SimpleQueryBus",1,22,"axon-messaging-5.1.2","org.axonframework.messaging.queryhandling.interception.InterceptingQueryBus",1,18,""
0.25609756097560976,"axon-messaging-5.1.2","org.axonframework.messaging.queryhandling.interception.InterceptingQueryBus",1,18,"axon-messaging-5.1.2","org.axonframework.messaging.queryhandling.SimpleQueryBus",1,22,""
0.2558139534883721,"axon-messaging-5.1.2","org.axonframework.messaging.commandhandling.annotation.AnnotatedCommandHandlingComponent",1,22,"axon-test-5.1.2","org.axonframework.test.util.RecordingCommandBus",1,15,""
0.2558139534883721,"axon-messaging-5.1.2","org.axonframework.messaging.eventhandling.annotation.MethodSequencingPolicyEventHandlerDefinition$SequencingPolicyEventMessageHandlingMember",2,6,"axon-messaging-5.1.2","org.axonframework.messaging.core.annotation.HandlerComparator",1,1,""
0.2558139534883721,"axon-modelling-5.1.2","org.axonframework.modelling.entity.child.AbstractEntityChildMetamodel",2,15,"axon-modelling-5.1.2","org.axonframework.modelling.entity.child.EntityChildMetamodel",11,11,""
0.2553191489361702,"axon-server-connector-5.1.2","io.axoniq.framework.axonserver.connector.event.AxonServerEventStorageEngineFactory",1,10,"axon-common-5.1.2","org.axonframework.common.configuration.DecoratedComponent",1,8,""
0.2553191489361702,"axon-messaging-5.1.2","org.axonframework.messaging.core.unitofwork.UnitOfWork",17,10,"axon-messaging-5.1.2","org.axonframework.messaging.eventhandling.processing.streaming.pooled.EventSchedulingProcessingContext",2,7,""
0.2542372881355932,"axon-messaging-5.1.2","org.axonframework.messaging.core.unitofwork.ProcessingLifecycle",9,5,"axon-messaging-5.1.2","org.axonframework.messaging.eventhandling.SimpleEventBus",2,8,""
0.25333333333333335,"axon-messaging-5.1.2","org.axonframework.messaging.tracing.MultiSpanFactory",0,5,"axon-tracing-opentelemetry-5.1.2","org.axonframework.extension.tracing.opentelemetry.OpenTelemetrySpanFactory",1,7,""
0.25316455696202533,"axon-eventsourcing-5.1.2","org.axonframework.eventsourcing.EventSourcingRepository",1,13,"axon-messaging-5.1.2","org.axonframework.messaging.eventhandling.SimpleEventBus",2,8,""
0.2518518518518518,"axon-messaging-5.1.2","org.axonframework.messaging.eventhandling.processing.subscribing.SubscribingEventProcessor",4,23,"axon-messaging-5.1.2","org.axonframework.messaging.eventhandling.SimpleEventHandlingComponent",1,23,""
0.25,"axon-server-connector-5.1.2","io.axoniq.framework.axonserver.connector.event.AxonServerEventStorageEngine$AxonServerAppendTransaction",1,5,"axon-eventsourcing-5.1.2","org.axonframework.eventsourcing.eventstore.EmptyAppendTransaction",3,2,""
0.25,"axon-server-connector-5.1.2","io.axoniq.framework.axonserver.connector.event.TaggedEventConverter",3,10,"axon-messaging-5.1.2","org.axonframework.messaging.eventhandling.gateway.EventPublishingUtils",2,5,""
0.25,"axoniq-spring-boot-autoconfigure-5.1.2","io.axoniq.framework.springboot.actuator.axonserver.AxonServerHealthIndicator",1,2,"axoniq-spring-boot-autoconfigure-5.1.2","io.axoniq.framework.springboot.actuator.axonserver.AxonServerStatusAggregator",1,1,""
0.25,"axoniq-spring-boot-autoconfigure-5.1.2","io.axoniq.framework.springboot.actuator.axonserver.AxonServerStatusAggregator",1,1,"axoniq-spring-boot-autoconfigure-5.1.2","io.axoniq.framework.springboot.actuator.axonserver.AxonServerHealthIndicator",1,2,""
0.25,"axoniq-spring-boot-autoconfigure-5.1.2","io.axoniq.framework.springboot.autoconfig.AxonServerAutoConfiguration$1",1,4,"axon-messaging-5.1.2","org.axonframework.messaging.core.configuration.reflection.ConfigurationParameterResolverConfigurationEnhancer",0,4,""
0.25,"axon-common-5.1.2","org.axonframework.common.ConstructorUtils",3,1,"axon-common-5.1.2","org.axonframework.common.annotation.AnnotationUtils",19,2,""
0.25,"axon-common-5.1.2","org.axonframework.common.ReflectionUtils",28,4,"axon-common-5.1.2","org.axonframework.common.BuilderUtils",32,3,""
0.25,"axon-common-5.1.2","org.axonframework.common.ReflectionUtils",28,4,"axon-common-5.1.2","org.axonframework.common.property.PropertyAccessException",2,1,""
0.25,"axon-common-5.1.2","org.axonframework.common.annotation.PriorityAnnotationComparator",3,2,"axon-modelling-5.1.2","org.axonframework.modelling.entity.annotation.RoutingKeyUtils",2,3,""
0.25,"axon-common-5.1.2","org.axonframework.common.caching.EhCacheAdapter",1,5,"axon-common-5.1.2","org.axonframework.common.caching.Cache",3,3,""
0.25,"axon-common-5.1.2","org.axonframework.common.caching.EhCacheAdapter$CacheEventListenerAdapter",1,2,"axon-common-5.1.2","org.axonframework.common.caching.EhCacheAdapter",1,5,""
0.25,"axon-common-5.1.2","org.axonframework.common.configuration.BaseModule",7,6,"axon-messaging-5.1.2","org.axonframework.messaging.core.configuration.reflection.ParameterResolverFactoryUtils",7,5,""
0.25,"axon-common-5.1.2","org.axonframework.common.configuration.Component$Identifier",21,2,"axon-common-5.1.2","org.axonframework.common.TypeReference$1",1,1,""
0.25,"axon-common-5.1.2","org.axonframework.common.configuration.Component$Identifier",21,2,"axon-common-5.1.2","org.axonframework.common.TypeReference$2",1,1,""
0.25,"axon-common-5.1.2","org.axonframework.common.configuration.ComponentDefinition$ComponentCreator",7,2,"axon-common-5.1.2","org.axonframework.common.configuration.ComponentDefinition$IncompleteComponentDefinition",18,2,""
0.25,"axon-common-5.1.2","org.axonframework.common.configuration.ComponentDefinition$IncompleteComponentDefinition",18,2,"axon-common-5.1.2","org.axonframework.common.configuration.ComponentDefinition$ComponentCreator",7,2,""
0.25,"axon-common-5.1.2","org.axonframework.common.configuration.ComponentFactory",4,4,"axon-common-5.1.2","org.axonframework.common.configuration.AxonConfiguration",13,1,""
0.25,"axon-common-5.1.2","org.axonframework.common.configuration.ConfigurationEnhancer",23,1,"axon-messaging-5.1.2","org.axonframework.messaging.core.configuration.reflection.ConfigurationParameterResolverConfigurationEnhancer",0,4,""
0.25,"axon-common-5.1.2","org.axonframework.common.configuration.ConfigurationEnhancer",23,1,"axon-modelling-5.1.2","org.axonframework.modelling.annotation.InjectEntityParameterResolverFactoryConfigurationEnhancer",0,4,""
0.25,"axon-common-5.1.2","org.axonframework.common.configuration.ConfigurationExtension",6,4,"axon-update-5.1.2","org.axonframework.update.api.Artifact",3,1,""
0.25,"axon-common-5.1.2","org.axonframework.common.configuration.ConfigurationExtension",6,4,"axon-update-5.1.2","org.axonframework.update.api.ArtifactAvailableUpgrade",2,1,""
0.25,"axon-common-5.1.2","org.axonframework.common.configuration.ConfigurationExtension",6,4,"axon-update-5.1.2","org.axonframework.update.api.DetectedVulnerabilitySeverity",3,1,""
0.25,"axon-common-5.1.2","org.axonframework.common.configuration.DecoratorDefinition$1",1,5,"axon-common-5.1.2","org.axonframework.common.configuration.DecoratorDefinition$CompletedDecoratorDefinition",3,3,""
0.25,"axon-common-5.1.2","org.axonframework.common.configuration.DecoratorDefinition$CompletedDecoratorDefinition",3,3,"axon-common-5.1.2","org.axonframework.common.configuration.DecoratorDefinition$1",1,5,""
0.25,"axon-common-5.1.2","org.axonframework.common.jdbc.ConnectionExecutor",1,4,"axon-messaging-5.1.2","org.axonframework.messaging.core.unitofwork.transaction.jpa.JpaTransactionalExecutorProvider$1",1,3,""
0.25,"axon-common-5.1.2","org.axonframework.common.jpa.EntityManagerExecutor",2,4,"axon-messaging-5.1.2","org.axonframework.messaging.core.unitofwork.transaction.jpa.JpaTransactionalExecutorProvider$1",1,3,""
0.25,"axon-common-5.1.2","org.axonframework.common.lock.NoOpLock",1,1,"axon-common-5.1.2","org.axonframework.common.lock.NullLockFactory",0,3,""
0.25,"axon-common-5.1.2","org.axonframework.common.lock.NullLockFactory",0,3,"axon-common-5.1.2","org.axonframework.common.lock.NoOpLock",1,1,""
0.25,"axon-common-5.1.2","org.axonframework.common.property.DirectlyAccessedProperty",1,2,"axon-common-5.1.2","org.axonframework.common.property.PropertyAccessStrategy",5,1,""
0.25,"axon-common-5.1.2","org.axonframework.common.property.PropertyAccessStrategy",5,1,"axon-common-5.1.2","org.axonframework.common.property.DirectlyAccessedProperty",1,2,""
0.25,"axon-common-5.1.2","org.axonframework.common.util.MavenArtifactVersionResolver",0,1,"axon-eventsourcing-5.1.2","org.axonframework.eventsourcing.eventstore.jpa.SQLErrorCodesResolver",0,4,""
0.25,"axon-conversion-5.1.2","org.axonframework.conversion.ChainedConverter",1,5,"axon-conversion-5.1.2","org.axonframework.conversion.ChainedConverter$RouteCalculator",1,2,""
0.25,"axon-conversion-5.1.2","org.axonframework.conversion.ChainedConverter$Route",2,2,"axon-conversion-5.1.2","org.axonframework.conversion.ChainedConverter$RouteCalculator",1,2,""
0.25,"axon-conversion-5.1.2","org.axonframework.conversion.ChainedConverter$RouteCalculator",1,2,"axon-conversion-5.1.2","org.axonframework.conversion.ChainedConverter",1,5,""
0.25,"axon-conversion-5.1.2","org.axonframework.conversion.ChainedConverter$RouteCalculator",1,2,"axon-conversion-5.1.2","org.axonframework.conversion.ChainedConverter$Route",2,2,""
0.25,"axon-conversion-5.1.2","org.axonframework.conversion.PassThroughConverter",0,2,"axon-messaging-5.1.2","org.axonframework.messaging.core.ConversionCache$Target",1,1,""
0.25,"axon-conversion-5.1.2","org.axonframework.conversion.avro.AvroConverterStrategy",3,2,"axon-messaging-5.1.2","org.axonframework.messaging.eventhandling.gateway.EventGateway",2,2,""
0.25,"axon-conversion-5.1.2","org.axonframework.conversion.avro.AvroUtil",5,1,"axon-conversion-5.1.2","org.axonframework.conversion.avro.SpecificRecordBaseConverterStrategy",1,7,""
0.25,"axon-conversion-5.1.2","org.axonframework.conversion.avro.DefaultSchemaIncompatibilityChecker",1,2,"axon-conversion-5.1.2","org.axonframework.conversion.avro.ByteArrayToGenericRecordConverter",1,3,""
0.25,"axon-conversion-5.1.2","org.axonframework.conversion.avro.SpecificRecordBaseConverterStrategy",1,7,"axon-conversion-5.1.2","org.axonframework.conversion.avro.AvroUtil",5,1,""
0.25,"axon-eventsourcing-5.1.2","org.axonframework.eventsourcing.annotation.AnnotationBasedEventCriteriaResolver$WrappedEventCriteriaBuilderMethod",1,4,"axon-modelling-5.1.2","org.axonframework.modelling.entity.child.FieldChildEntityFieldDefinition",1,5,""
0.25,"axon-eventsourcing-5.1.2","org.axonframework.eventsourcing.annotation.reflection.AnnotationBasedEventSourcedEntityFactoryDefinition",1,7,"axon-messaging-5.1.2","org.axonframework.messaging.core.ConfigurationApplicationContext",2,3,""
0.25,"axon-eventsourcing-5.1.2","org.axonframework.eventsourcing.eventstore.EmptyAppendTransaction",3,2,"axon-server-connector-5.1.2","io.axoniq.framework.axonserver.connector.event.AxonServerEventStorageEngine$AxonServerAppendTransaction",1,5,""
0.25,"axon-eventsourcing-5.1.2","org.axonframework.eventsourcing.eventstore.EventCoordinator$1",1,3,"axon-eventsourcing-5.1.2","org.axonframework.eventsourcing.eventstore.EventCoordinator$Handle",6,1,""
0.25,"axon-eventsourcing-5.1.2","org.axonframework.eventsourcing.eventstore.EventCoordinator$1",1,3,"axon-eventsourcing-5.1.2","org.axonframework.eventsourcing.eventstore.jpa.JpaPollingEventCoordinator",1,5,""
0.25,"axon-eventsourcing-5.1.2","org.axonframework.eventsourcing.eventstore.EventCoordinator$Handle",6,1,"axon-eventsourcing-5.1.2","org.axonframework.eventsourcing.eventstore.EventCoordinator$1",1,3,""
0.25,"axon-eventsourcing-5.1.2","org.axonframework.eventsourcing.eventstore.EventCoordinator$Handle",6,1,"axon-eventsourcing-5.1.2","org.axonframework.eventsourcing.eventstore.jpa.JpaPollingEventCoordinator$1",1,3,""
0.25,"axon-eventsourcing-5.1.2","org.axonframework.eventsourcing.eventstore.EventStorageEngine",10,11,"axon-messaging-5.1.2","org.axonframework.messaging.eventhandling.EventSink",15,3,""
0.25,"axon-eventsourcing-5.1.2","org.axonframework.eventsourcing.eventstore.EventStorageEngine",10,11,"axon-test-5.1.2","org.axonframework.test.fixture.RecordingEventStore",1,12,""
0.25,"axon-eventsourcing-5.1.2","org.axonframework.eventsourcing.eventstore.EventStore",10,4,"axon-modelling-5.1.2","org.axonframework.modelling.repository.SimpleRepositoryEntityLoader",4,1,""
0.25,"axon-eventsourcing-5.1.2","org.axonframework.eventsourcing.eventstore.EventStore",10,4,"axon-modelling-5.1.2","org.axonframework.modelling.repository.SimpleRepositoryEntityPersister",4,1,""
0.25,"axon-eventsourcing-5.1.2","org.axonframework.eventsourcing.eventstore.MultiTagResolver",0,3,"axon-eventsourcing-5.1.2","org.axonframework.eventsourcing.eventstore.MetadataBasedTagResolver",0,4,""
0.25,"axon-eventsourcing-5.1.2","org.axonframework.eventsourcing.eventstore.MultiTagResolver",0,3,"axon-eventsourcing-5.1.2","org.axonframework.eventsourcing.eventstore.TagResolver",7,2,""
0.25,"axon-eventsourcing-5.1.2","org.axonframework.eventsourcing.eventstore.inmemory.InMemoryEventStorageEngine$MapBackedStreamingEventMessageStream",1,5,"axon-messaging-5.1.2","org.axonframework.messaging.eventhandling.processing.streaming.pooled.WorkPackage$BatchProcessor",3,5,""
0.25,"axon-eventsourcing-5.1.2","org.axonframework.eventsourcing.eventstore.jpa.AggregateBasedJpaEventStorageEngine$2",1,6,"axon-eventsourcing-5.1.2","org.axonframework.eventsourcing.eventstore.AggregateBasedConsistencyMarker$AggregateSequencer",5,1,""
0.25,"axon-eventsourcing-5.1.2","org.axonframework.eventsourcing.eventstore.jpa.JpaPollingEventCoordinator",1,5,"axon-eventsourcing-5.1.2","org.axonframework.eventsourcing.eventstore.EventCoordinator$1",1,3,""
0.25,"axon-eventsourcing-5.1.2","org.axonframework.eventsourcing.eventstore.jpa.JpaPollingEventCoordinator$1",1,3,"axon-eventsourcing-5.1.2","org.axonframework.eventsourcing.eventstore.EventCoordinator$Handle",6,1,""
0.25,"axon-eventsourcing-5.1.2","org.axonframework.eventsourcing.eventstore.jpa.SQLErrorCodesResolver",0,4,"axon-common-5.1.2","org.axonframework.common.util.MavenArtifactVersionResolver",0,1,""
0.25,"axon-metrics-micrometer-5.1.2","org.axonframework.extension.metrics.micrometer.MessageTimerMonitor$1",1,2,"axon-metrics-micrometer-5.1.2","org.axonframework.extension.metrics.micrometer.MessageCountingMonitor$1",1,2,""
0.25,"axon-metrics-micrometer-5.1.2","org.axonframework.extension.metrics.micrometer.springboot.MicrometerMetricsAutoConfiguration$1",1,4,"axon-messaging-5.1.2","org.axonframework.messaging.core.configuration.reflection.ConfigurationParameterResolverConfigurationEnhancer",0,4,""
0.25,"axon-messaging-5.1.2","org.axonframework.messaging.commandhandling.CommandHandlerRegistry",8,3,"axon-modelling-5.1.2","org.axonframework.modelling.entity.EntityMetamodelBuilder",8,6,""
0.25,"axon-messaging-5.1.2","org.axonframework.messaging.commandhandling.annotation.AnnotationRoutingStrategy$RoutingKeyResolver",1,2,"axon-common-5.1.2","org.axonframework.common.ConstructorUtils",3,1,""
0.25,"axon-messaging-5.1.2","org.axonframework.messaging.commandhandling.annotation.AnnotationRoutingStrategy$RoutingKeyResolver",1,2,"axon-test-5.1.2","org.axonframework.test.matchers.NonTransientFieldsFilter",0,2,""
0.25,"axon-messaging-5.1.2","org.axonframework.messaging.commandhandling.gateway.CommandGateway",5,4,"axon-messaging-5.1.2","org.axonframework.messaging.eventhandling.gateway.EventAppender",3,7,""
0.25,"axon-messaging-5.1.2","org.axonframework.messaging.commandhandling.gateway.CommandGateway",5,4,"axon-messaging-5.1.2","org.axonframework.messaging.queryhandling.gateway.QueryGateway",2,3,""
0.25,"axon-messaging-5.1.2","org.axonframework.messaging.commandhandling.gateway.ConvertingCommandGateway$ConvertingCommandResult",1,3,"axon-messaging-5.1.2","org.axonframework.messaging.core.annotation.DefaultParameterResolverFactory$MessageParameterResolver",1,3,""
0.25,"axon-messaging-5.1.2","org.axonframework.messaging.core.annotation.AnnotationMessageTypeResolver$AnnotationSpecification",1,2,"axon-messaging-5.1.2","org.axonframework.messaging.commandhandling.annotation.Command",1,2,""
0.25,"axon-messaging-5.1.2","org.axonframework.messaging.core.annotation.AnnotationMessageTypeResolver$AnnotationSpecification",1,2,"axon-messaging-5.1.2","org.axonframework.messaging.eventhandling.annotation.Event",0,2,""
0.25,"axon-messaging-5.1.2","org.axonframework.messaging.core.annotation.AnnotationMessageTypeResolver$AnnotationSpecification",1,2,"axon-messaging-5.1.2","org.axonframework.messaging.queryhandling.annotation.QueryResponse",0,2,""
0.25,"axon-messaging-5.1.2","org.axonframework.messaging.core.annotation.HandlerDefinition",10,3,"axon-messaging-5.1.2","org.axonframework.messaging.commandhandling.annotation.CommandHandlingMember",3,2,""
0.25,"axon-messaging-5.1.2","org.axonframework.messaging.core.annotation.HandlerDefinition",10,3,"axon-messaging-5.1.2","org.axonframework.messaging.eventhandling.annotation.EventHandlingMember",2,2,""
0.25,"axon-messaging-5.1.2","org.axonframework.messaging.core.correlation.CorrelationDataProviderRegistry",3,4,"axon-messaging-5.1.2","org.axonframework.messaging.core.correlation.DefaultCorrelationDataProviderRegistry",1,9,""
0.25,"axon-messaging-5.1.2","org.axonframework.messaging.core.correlation.CorrelationDataProviderRegistry",3,4,"axon-messaging-5.1.2","org.axonframework.messaging.eventhandling.configuration.EventHandlingComponentsConfigurer$CompletePhase",8,3,""
0.25,"axon-messaging-5.1.2","org.axonframework.messaging.core.correlation.DefaultCorrelationDataProviderRegistry",1,9,"axon-messaging-5.1.2","org.axonframework.messaging.core.correlation.CorrelationDataProviderRegistry",3,4,""
0.25,"axon-messaging-5.1.2","org.axonframework.messaging.core.interception.annotation.MessageHandlerInterceptorDefinition",0,5,"axon-messaging-5.1.2","org.axonframework.messaging.eventhandling.replay.annotation.ReplayAwareMessageHandlerWrapper",0,6,""
0.25,"axon-messaging-5.1.2","org.axonframework.messaging.core.retry.AxonNonTransientExceptionClassesPredicate",0,2,"axon-common-5.1.2","org.axonframework.common.lifecycle.ShutdownInProgressException",1,1,""
0.25,"axon-messaging-5.1.2","org.axonframework.messaging.core.retry.AxonNonTransientExceptionClassesPredicate",0,2,"axon-messaging-5.1.2","org.axonframework.messaging.queryhandling.CompletedEmitterException",0,1,""
0.25,"axon-messaging-5.1.2","org.axonframework.messaging.core.retry.DoNotRetryOutcome",1,1,"axon-messaging-5.1.2","org.axonframework.messaging.core.retry.ExponentialBackOffRetryPolicy",0,4,""
0.25,"axon-messaging-5.1.2","org.axonframework.messaging.core.retry.RetryOutcome",1,1,"axon-messaging-5.1.2","org.axonframework.messaging.core.retry.ExponentialBackOffRetryPolicy",0,4,""
0.25,"axon-messaging-5.1.2","org.axonframework.messaging.core.sequencing.FallbackSequencingPolicy",0,3,"axon-messaging-5.1.2","org.axonframework.messaging.core.sequencing.NoOpSequencingPolicy",1,3,""
0.25,"axon-messaging-5.1.2","org.axonframework.messaging.core.unitofwork.TransactionalUnitOfWorkFactory",1,4,"axon-messaging-5.1.2","org.axonframework.messaging.core.unitofwork.UnitOfWorkFactory",25,2,""
0.25,"axon-messaging-5.1.2","org.axonframework.messaging.core.unitofwork.UnitOfWorkFactory",25,2,"axon-messaging-5.1.2","org.axonframework.messaging.core.unitofwork.TransactionalUnitOfWorkFactory",1,4,""
0.25,"axon-messaging-5.1.2","org.axonframework.messaging.core.unitofwork.transaction.NoTransactionManager$1",1,2,"axon-messaging-5.1.2","org.axonframework.messaging.core.unitofwork.transaction.jpa.EntityManagerTransactionManager$1",1,2,""
0.25,"axon-messaging-5.1.2","org.axonframework.messaging.core.unitofwork.transaction.jdbc.JdbcTransactionalExecutorProvider$1",1,3,"axon-messaging-5.1.2","org.axonframework.messaging.core.unitofwork.transaction.jpa.JpaTransactionalExecutorProvider$1",1,3,""
0.25,"axon-messaging-5.1.2","org.axonframework.messaging.core.unitofwork.transaction.jpa.EntityManagerTransactionManager$1",1,2,"axon-messaging-5.1.2","org.axonframework.messaging.core.unitofwork.transaction.NoTransactionManager$1",1,2,""
0.25,"axon-messaging-5.1.2","org.axonframework.messaging.core.unitofwork.transaction.jpa.JpaTransactionalExecutorProvider$1",1,3,"axon-common-5.1.2","org.axonframework.common.jdbc.ConnectionExecutor",1,4,""
0.25,"axon-messaging-5.1.2","org.axonframework.messaging.core.unitofwork.transaction.jpa.JpaTransactionalExecutorProvider$1",1,3,"axon-common-5.1.2","org.axonframework.common.jpa.EntityManagerExecutor",2,4,""
0.25,"axon-messaging-5.1.2","org.axonframework.messaging.core.unitofwork.transaction.jpa.JpaTransactionalExecutorProvider$1",1,3,"axon-messaging-5.1.2","org.axonframework.messaging.core.unitofwork.transaction.jdbc.JdbcTransactionalExecutorProvider$1",1,3,""
0.25,"axon-messaging-5.1.2","org.axonframework.messaging.eventhandling.annotation.EventAppenderParameterResolverFactory",2,4,"axon-messaging-5.1.2","org.axonframework.messaging.eventhandling.annotation.EventAppenderParameterResolverFactory$1",1,4,""
0.25,"axon-messaging-5.1.2","org.axonframework.messaging.eventhandling.configuration.EventHandlingComponentsConfigurer$CompletePhase",8,3,"axon-messaging-5.1.2","org.axonframework.messaging.core.correlation.CorrelationDataProviderRegistry",3,4,""
0.25,"axon-messaging-5.1.2","org.axonframework.messaging.eventhandling.configuration.EventProcessingConfigurer",3,9,"axon-messaging-5.1.2","org.axonframework.messaging.eventhandling.configuration.EventProcessorCustomization",3,2,""
0.25,"axon-messaging-5.1.2","org.axonframework.messaging.eventhandling.configuration.EventProcessorCustomization",3,2,"axon-messaging-5.1.2","org.axonframework.messaging.eventhandling.configuration.EventProcessingConfigurer",3,9,""
0.25,"axon-messaging-5.1.2","org.axonframework.messaging.eventhandling.gateway.EventPublishingUtils",2,5,"axon-server-connector-5.1.2","io.axoniq.framework.axonserver.connector.event.TaggedEventConverter",3,10,""
0.25,"axon-messaging-5.1.2","org.axonframework.messaging.eventhandling.processing.streaming.segmenting.EventTrackerStatus",8,2,"axon-messaging-5.1.2","org.axonframework.messaging.eventhandling.processing.streaming.pooled.WorkPackage$EventFilter",4,3,""
0.25,"axon-messaging-5.1.2","org.axonframework.messaging.eventhandling.processing.streaming.token.store.jdbc.GenericTokenTableFactory",1,2,"axon-messaging-5.1.2","org.axonframework.messaging.eventhandling.processing.streaming.token.store.jdbc.TokenSchema$Builder",1,1,""
0.25,"axon-messaging-5.1.2","org.axonframework.messaging.eventhandling.processing.streaming.token.store.jdbc.Oracle11TokenTableFactory",0,2,"axon-messaging-5.1.2","org.axonframework.messaging.eventhandling.processing.streaming.token.store.jdbc.TokenSchema$Builder",1,1,""
0.25,"axon-messaging-5.1.2","org.axonframework.messaging.eventhandling.processing.streaming.token.store.jdbc.TokenSchema$Builder",1,1,"axon-messaging-5.1.2","org.axonframework.messaging.eventhandling.processing.streaming.token.store.jdbc.GenericTokenTableFactory",1,2,""
0.25,"axon-messaging-5.1.2","org.axonframework.messaging.eventstreaming.EventsCondition",7,3,"axon-messaging-5.1.2","org.axonframework.messaging.eventhandling.NoHandlerForEventException",1,1,""
0.25,"axon-messaging-5.1.2","org.axonframework.messaging.eventstreaming.OrEventCriteriaBuilder",1,5,"axon-messaging-5.1.2","org.axonframework.messaging.eventstreaming.EventTypeRestrictableEventCriteria",6,4,""
0.25,"axon-messaging-5.1.2","org.axonframework.messaging.monitoring.MultiMessageMonitor$1",1,2,"axon-metrics-micrometer-5.1.2","org.axonframework.extension.metrics.micrometer.MessageCountingMonitor$1",1,2,""
0.25,"axon-messaging-5.1.2","org.axonframework.messaging.queryhandling.QueryUpdateEmitter",3,8,"axon-messaging-5.1.2","org.axonframework.messaging.commandhandling.gateway.CommandDispatcher",3,7,""
0.25,"axon-messaging-5.1.2","org.axonframework.messaging.queryhandling.tracing.QueryUpdateEmitterSpanFactory",1,2,"axon-messaging-5.1.2","org.axonframework.messaging.tracing.NoOpSpanFactory$NoOpSpan",2,2,""
0.25,"axon-modelling-5.1.2","org.axonframework.modelling.EntityEvolvingComponent",2,2,"axon-messaging-5.1.2","org.axonframework.messaging.commandhandling.DuplicateCommandHandlerSubscriptionException",3,2,""
0.25,"axon-modelling-5.1.2","org.axonframework.modelling.SimpleEntityEvolvingComponent",0,8,"axon-modelling-5.1.2","org.axonframework.modelling.PayloadBasedEntityEvolver",0,3,""
0.25,"axon-modelling-5.1.2","org.axonframework.modelling.StateManager",7,6,"axon-eventsourcing-5.1.2","org.axonframework.eventsourcing.handler.EntityLifecycleHandler",3,4,""
0.25,"axon-modelling-5.1.2","org.axonframework.modelling.annotation.InjectEntity",1,2,"axon-modelling-5.1.2","org.axonframework.modelling.annotation.EntityIdResolverDefinition",4,3,""
0.25,"axon-modelling-5.1.2","org.axonframework.modelling.configuration.ModellingConfigurationDefaults",1,7,"axoniq-spring-boot-autoconfigure-5.1.2","io.axoniq.framework.springboot.autoconfig.PostgresqlAutoConfiguration$1",1,3,""
0.25,"axon-modelling-5.1.2","org.axonframework.modelling.configuration.StateBasedEntityModule$EntityIdResolverPhase",3,4,"axon-modelling-5.1.2","org.axonframework.modelling.configuration.StateBasedEntityModule$MessagingMetamodelPhase",4,4,""
0.25,"axon-modelling-5.1.2","org.axonframework.modelling.configuration.StateBasedEntityModule$MessagingMetamodelPhase",4,4,"axon-modelling-5.1.2","org.axonframework.modelling.configuration.StateBasedEntityModule$EntityIdResolverPhase",3,4,""
0.25,"axon-modelling-5.1.2","org.axonframework.modelling.entity.EntityMetamodelBuilder",8,6,"axon-messaging-5.1.2","org.axonframework.messaging.commandhandling.CommandHandlingComponent",8,3,""
0.25,"axon-modelling-5.1.2","org.axonframework.modelling.entity.annotation.CommandTargetResolverDefinition",3,2,"axon-modelling-5.1.2","org.axonframework.modelling.annotation.EntityIdResolverDefinition",4,3,""
0.25,"axon-modelling-5.1.2","org.axonframework.modelling.entity.annotation.EventTargetMatcherDefinition",3,2,"axon-modelling-5.1.2","org.axonframework.modelling.annotation.EntityIdResolverDefinition",4,3,""
0.25,"axon-modelling-5.1.2","org.axonframework.modelling.entity.annotation.RoutingKeyCommandTargetResolver",1,6,"axon-messaging-5.1.2","org.axonframework.messaging.core.sequencing.RoutingKeySequencingPolicy",1,4,""
0.25,"axon-modelling-5.1.2","org.axonframework.modelling.entity.annotation.RoutingKeyEventTargetMatcher",1,5,"axon-modelling-5.1.2","org.axonframework.modelling.EntityEvolver",13,2,""
0.25,"axon-modelling-5.1.2","org.axonframework.modelling.entity.annotation.RoutingKeyEventTargetMatcher",1,5,"axon-modelling-5.1.2","org.axonframework.modelling.entity.annotation.EventTargetMatcherDefinition",3,2,""
0.25,"axon-modelling-5.1.2","org.axonframework.modelling.entity.child.FieldChildEntityFieldDefinition",1,5,"axon-eventsourcing-5.1.2","org.axonframework.eventsourcing.annotation.AnnotationBasedEventCriteriaResolver$WrappedEventCriteriaBuilderMethod",1,4,""
0.25,"axon-modelling-5.1.2","org.axonframework.modelling.repository.InMemoryRepository",0,6,"axon-modelling-5.1.2","org.axonframework.modelling.repository.Repository",11,4,""
0.25,"axon-test-5.1.2","org.axonframework.test.FixtureResourceParameterResolverFactory",0,4,"axon-messaging-5.1.2","org.axonframework.messaging.core.configuration.reflection.ConfigurationParameterResolverFactory",1,5,""
0.25,"axon-test-5.1.2","org.axonframework.test.FixtureResourceParameterResolverFactory",0,4,"axon-messaging-5.1.2","org.axonframework.messaging.core.unitofwork.annotation.ProcessingContextParameterResolverFactory",0,5,""
0.25,"axon-test-5.1.2","org.axonframework.test.extension.AxonFrameworkExtension",0,3,"axon-test-5.1.2","org.axonframework.test.extension.ProvidedAxonTestFixture",1,1,""
0.25,"axon-test-5.1.2","org.axonframework.test.extension.ProvidedAxonTestFixture",1,1,"axon-test-5.1.2","org.axonframework.test.extension.AxonFrameworkExtension",0,3,""
0.25,"axon-test-5.1.2","org.axonframework.test.fixture.AxonTestFixture$Customization",10,2,"axon-test-5.1.2","org.axonframework.test.matchers.DeepEqualsMatcher",1,5,""
0.25,"axon-test-5.1.2","org.axonframework.test.fixture.AxonTestPhase$Then$MessageAssertions",6,4,"axon-messaging-5.1.2","org.axonframework.messaging.eventhandling.annotation.TimestampParameterResolverFactory$TimestampParameterResolver",1,5,""
0.25,"axon-test-5.1.2","org.axonframework.test.fixture.AxonTestPhase$When$Command",4,3,"axon-test-5.1.2","org.axonframework.test.fixture.AxonTestWhen$Command",1,7,""
0.25,"axon-test-5.1.2","org.axonframework.test.fixture.AxonTestWhen$Command",1,7,"axon-test-5.1.2","org.axonframework.test.fixture.AxonTestPhase$When$Command",4,3,""
0.25,"axon-test-5.1.2","org.axonframework.test.matchers.DeepEqualsMatcher",1,5,"axon-test-5.1.2","org.axonframework.test.fixture.AxonTestFixture$Customization",10,2,""
0.25,"axon-test-5.1.2","org.axonframework.test.matchers.ExactClassMatcher",1,1,"axon-messaging-5.1.2","org.axonframework.messaging.eventhandling.processing.streaming.token.store.jpa.JpaTokenStoreConfiguration",1,1,""
0.25,"axon-test-5.1.2","org.axonframework.test.util.CallbackBehavior",2,1,"axon-messaging-5.1.2","org.axonframework.messaging.commandhandling.MetadataRoutingStrategy",0,3,""
0.25,"axon-test-5.1.2","org.axonframework.test.util.DefaultCallbackBehavior",1,2,"axon-messaging-5.1.2","org.axonframework.messaging.core.Metadata$MetadataCollector",1,1,""
0.25,"axon-test-5.1.2","org.axonframework.test.util.MessageMonitorReport$Report",5,4,"axon-messaging-5.1.2","org.axonframework.messaging.core.correlation.CorrelationDataProvider",8,1,""
0.25,"axon-test-5.1.2","org.axonframework.test.util.MessageMonitorReport$Report",5,4,"axon-messaging-5.1.2","org.axonframework.messaging.tracing.SpanAttributesProvider",11,1,""
0.25,"axon-update-5.1.2","org.axonframework.update.api.DetectedVulnerability",2,2,"axon-update-5.1.2","org.axonframework.update.api.Artifact",3,1,""
0.25,"axon-update-5.1.2","org.axonframework.update.api.DetectedVulnerability",2,2,"axon-update-5.1.2","org.axonframework.update.api.ArtifactAvailableUpgrade",2,1,""
0.25,"axon-update-5.1.2","org.axonframework.update.api.DetectedVulnerability",2,2,"axon-update-5.1.2","org.axonframework.update.api.DetectedVulnerabilitySeverity",3,1,""
0.25,"axon-update-5.1.2","org.axonframework.update.configuration.EnvironmentVariableUsagePropertyProvider",1,3,"axon-update-5.1.2","org.axonframework.update.configuration.CommandLineUsagePropertyProvider",1,2,""
0.25,"axon-update-5.1.2","org.axonframework.update.configuration.EnvironmentVariableUsagePropertyProvider",1,3,"axon-update-5.1.2","org.axonframework.update.configuration.DefaultUsagePropertyProvider",2,2,""
0.24870466321243523,"axon-modelling-5.1.2","org.axonframework.modelling.entity.PolymorphicEntityMetamodel",3,18,"axon-modelling-5.1.2","org.axonframework.modelling.entity.annotation.AnnotatedEntityMetamodel",13,32,""
0.24870466321243523,"axon-modelling-5.1.2","org.axonframework.modelling.entity.annotation.AnnotatedEntityMetamodel",13,32,"axon-modelling-5.1.2","org.axonframework.modelling.entity.PolymorphicEntityMetamodel",3,18,""
0.24528301886792453,"axon-eventsourcing-5.1.2","org.axonframework.eventsourcing.configuration.AnnotatedEventSourcedEntityModule",1,30,"axon-eventsourcing-5.1.2","org.axonframework.eventsourcing.configuration.SimpleEventSourcedEntityModule",6,41,""
0.24528301886792453,"axon-eventsourcing-5.1.2","org.axonframework.eventsourcing.configuration.SimpleEventSourcedEntityModule",6,41,"axon-eventsourcing-5.1.2","org.axonframework.eventsourcing.configuration.AnnotatedEventSourcedEntityModule",1,30,""
0.24489795918367346,"axon-messaging-5.1.2","org.axonframework.messaging.eventhandling.configuration.EventBusConfigurationDefaults",2,7,"axon-test-5.1.2","org.axonframework.test.fixture.MessagesRecordingConfigurationEnhancer",1,11,""
0.24489795918367346,"axon-test-5.1.2","org.axonframework.test.fixture.MessagesRecordingConfigurationEnhancer",1,11,"axon-messaging-5.1.2","org.axonframework.messaging.eventhandling.configuration.EventBusConfigurationDefaults",2,7,""
0.24390243902439024,"axon-messaging-5.1.2","org.axonframework.messaging.core.unitofwork.UnitOfWork",17,10,"axon-messaging-5.1.2","org.axonframework.messaging.core.unitofwork.transaction.TransactionManager",4,5,""
0.24390243902439024,"axon-messaging-5.1.2","org.axonframework.messaging.core.unitofwork.transaction.TransactionManager",4,5,"axon-messaging-5.1.2","org.axonframework.messaging.core.unitofwork.UnitOfWork",17,10,""
0.24324324324324326,"axon-messaging-5.1.2","org.axonframework.messaging.commandhandling.SimpleCommandHandlingComponent",2,15,"axon-messaging-5.1.2","org.axonframework.messaging.commandhandling.retry.RetryingCommandBus",0,14,""
0.24324324324324326,"axon-messaging-5.1.2","org.axonframework.messaging.eventhandling.processing.streaming.pooled.MergeTask",1,10,"axon-messaging-5.1.2","org.axonframework.messaging.eventhandling.processing.streaming.token.store.TokenStore",16,3,""
0.24324324324324326,"axon-messaging-5.1.2","org.axonframework.messaging.eventhandling.replay.ReplayBlockingEventHandlingComponent",0,11,"axon-messaging-5.1.2","org.axonframework.messaging.eventhandling.processing.streaming.segmenting.SequencingEventHandlingComponent",1,10,""
0.24299065420560748,"axon-messaging-5.1.2","org.axonframework.messaging.core.unitofwork.UnitOfWork$UnitOfWorkProcessingContext",3,10,"axon-messaging-5.1.2","org.axonframework.messaging.eventhandling.processing.streaming.pooled.EventSchedulingProcessingContext",2,7,""
0.24242424242424243,"axon-common-5.1.2","org.axonframework.common.configuration.AbstractComponent",3,9,"axon-common-5.1.2","org.axonframework.common.configuration.DecoratedComponent",1,8,""
0.24242424242424243,"axon-messaging-5.1.2","org.axonframework.messaging.core.interception.HandlerInterceptorRegistry",4,10,"axon-test-5.1.2","org.axonframework.test.fixture.AxonTestPhase$Then$MessageAssertions",6,4,""
0.24242424242424243,"axon-messaging-5.1.2","org.axonframework.messaging.eventhandling.configuration.EventBusConfigurationDefaults",2,7,"axon-messaging-5.1.2","org.axonframework.messaging.core.configuration.reflection.ParameterResolverFactoryUtils",7,5,""
0.24242424242424243,"axon-messaging-5.1.2","org.axonframework.messaging.eventhandling.processing.streaming.segmenting.SequenceCachingEventHandlingComponent",2,7,"axon-messaging-5.1.2","org.axonframework.messaging.eventhandling.interception.InterceptingEventHandlingComponent",2,11,""
0.24242424242424243,"axon-modelling-5.1.2","org.axonframework.modelling.entity.ConcreteEntityMetamodel",3,23,"axon-modelling-5.1.2","org.axonframework.modelling.entity.EntityCommandHandlingComponent",2,19,""
0.24242424242424243,"axon-modelling-5.1.2","org.axonframework.modelling.entity.EntityCommandHandlingComponent",2,19,"axon-modelling-5.1.2","org.axonframework.modelling.entity.ConcreteEntityMetamodel",3,23,""
0.24193548387096775,"axon-messaging-5.1.2","org.axonframework.messaging.core.GenericMessage",14,9,"axon-messaging-5.1.2","org.axonframework.messaging.queryhandling.GenericQueryResponseMessage",2,9,""
0.24193548387096775,"axon-messaging-5.1.2","org.axonframework.messaging.eventhandling.processing.streaming.pooled.PooledStreamingEventProcessorModule",2,27,"axon-messaging-5.1.2","org.axonframework.messaging.eventhandling.processing.streaming.pooled.PooledStreamingEventProcessorsConfigurer",1,16,""
0.24193548387096775,"axon-messaging-5.1.2","org.axonframework.messaging.eventhandling.processing.streaming.pooled.PooledStreamingEventProcessorsConfigurer",1,16,"axon-messaging-5.1.2","org.axonframework.messaging.eventhandling.processing.streaming.pooled.PooledStreamingEventProcessorModule",2,27,""
0.2413793103448276,"axon-common-5.1.2","org.axonframework.common.configuration.DecoratorDefinition$2",1,5,"axon-common-5.1.2","org.axonframework.common.configuration.DefaultDecoratorDefinition",2,8,""
0.2413793103448276,"axon-common-5.1.2","org.axonframework.common.configuration.DefaultDecoratorDefinition",2,8,"axon-common-5.1.2","org.axonframework.common.configuration.DecoratorDefinition$2",1,5,""
0.2413793103448276,"axon-eventsourcing-5.1.2","org.axonframework.eventsourcing.eventstore.AggregateBasedConsistencyMarker",7,8,"axon-eventsourcing-5.1.2","org.axonframework.eventsourcing.eventstore.GlobalIndexConsistencyMarker",6,4,""
0.2413793103448276,"axon-modelling-5.1.2","org.axonframework.modelling.entity.ConcreteEntityMetamodel$Builder",1,9,"axon-modelling-5.1.2","org.axonframework.modelling.entity.EntityMetamodelBuilder",8,6,""
0.24096385542168675,"axon-messaging-5.1.2","org.axonframework.messaging.commandhandling.annotation.AnnotatedCommandHandlingComponent",1,22,"axon-messaging-5.1.2","org.axonframework.messaging.commandhandling.retry.RetryingCommandBus",0,14,""
0.24064171122994651,"axon-messaging-5.1.2","org.axonframework.messaging.eventhandling.processing.streaming.pooled.WorkPackage",8,22,"axon-messaging-5.1.2","org.axonframework.messaging.eventhandling.processing.streaming.pooled.MergeTask",1,10,""
0.24,"axon-metrics-micrometer-5.1.2","org.axonframework.extension.metrics.micrometer.EventProcessorLatencyMonitor",2,6,"axon-messaging-5.1.2","org.axonframework.messaging.eventhandling.annotation.TimestampParameterResolverFactory$TimestampParameterResolver",1,5,""
0.24,"axon-messaging-5.1.2","org.axonframework.messaging.core.unitofwork.ProcessingLifecycle",9,5,"axon-messaging-5.1.2","org.axonframework.messaging.eventhandling.processing.streaming.token.store.TokenStore",16,3,""
0.24,"axon-messaging-5.1.2","org.axonframework.messaging.eventhandling.conversion.DelegatingEventConverter",1,7,"axon-messaging-5.1.2","org.axonframework.messaging.eventhandling.EventSubscribers",1,6,""
0.24,"axon-messaging-5.1.2","org.axonframework.messaging.eventhandling.processing.streaming.segmenting.SimpleSegmentChangeListener",1,2,"axon-messaging-5.1.2","org.axonframework.messaging.eventhandling.processing.streaming.token.store.TokenStore",16,3,""
0.23954372623574144,"axon-messaging-5.1.2","org.axonframework.messaging.core.interception.DefaultDispatchInterceptorRegistry",7,26,"axon-messaging-5.1.2","org.axonframework.messaging.monitoring.configuration.DefaultMessageMonitorRegistry",7,26,""
0.23954372623574144,"axon-messaging-5.1.2","org.axonframework.messaging.monitoring.configuration.DefaultMessageMonitorRegistry",7,26,"axon-messaging-5.1.2","org.axonframework.messaging.core.interception.DefaultDispatchInterceptorRegistry",7,26,""
0.2391304347826087,"axon-modelling-5.1.2","org.axonframework.modelling.entity.annotation.AnnotatedEntityIdResolver",1,10,"axon-modelling-5.1.2","org.axonframework.modelling.entity.annotation.AnnotatedEntityModelRoutingKeyMatcher",2,8,""
0.2391304347826087,"axon-modelling-5.1.2","org.axonframework.modelling.entity.annotation.AnnotatedEntityModelRoutingKeyMatcher",2,8,"axon-modelling-5.1.2","org.axonframework.modelling.entity.annotation.AnnotatedEntityIdResolver",1,10,""
0.23809523809523808,"axon-metrics-micrometer-5.1.2","org.axonframework.extension.metrics.micrometer.MessageTimerMonitor",3,5,"axon-messaging-5.1.2","org.axonframework.messaging.monitoring.MessageMonitor",26,2,""
0.23809523809523808,"axon-metrics-micrometer-5.1.2","org.axonframework.extension.metrics.micrometer.MessageTimerMonitor",3,5,"axon-messaging-5.1.2","org.axonframework.messaging.monitoring.NoOpMessageMonitor",4,4,""
0.23809523809523808,"axon-messaging-5.1.2","org.axonframework.messaging.commandhandling.CommandHandlerRegistry",8,3,"axon-modelling-5.1.2","org.axonframework.modelling.entity.PolymorphicEntityMetamodelBuilder",4,7,""
0.23809523809523808,"axon-messaging-5.1.2","org.axonframework.messaging.core.GenericMessage",14,9,"axon-messaging-5.1.2","org.axonframework.messaging.core.MessageTypeResolver",32,4,""
0.23809523809523808,"axon-messaging-5.1.2","org.axonframework.messaging.core.MessageStreamUtils",4,5,"axon-messaging-5.1.2","org.axonframework.messaging.core.MessageStreamUtils$Reducer",1,3,""
0.23809523809523808,"axon-messaging-5.1.2","org.axonframework.messaging.core.correlation.DefaultCorrelationDataProviderRegistry",1,9,"axon-messaging-5.1.2","org.axonframework.messaging.core.correlation.MultiCorrelationDataProvider",0,2,""
0.23809523809523808,"axon-messaging-5.1.2","org.axonframework.messaging.core.correlation.MultiCorrelationDataProvider",0,2,"axon-messaging-5.1.2","org.axonframework.messaging.core.correlation.DefaultCorrelationDataProviderRegistry",1,9,""
0.23728813559322035,"axon-eventsourcing-5.1.2","org.axonframework.eventsourcing.eventstore.inmemory.InMemoryEventStorageEngine$1",1,9,"axon-eventsourcing-5.1.2","org.axonframework.eventsourcing.eventstore.inmemory.InMemoryEventStorageEngine$MapBackedMessageStream",4,11,""
0.23684210526315788,"axon-messaging-5.1.2","org.axonframework.messaging.eventhandling.tracing.DefaultEventProcessorSpanFactory",1,7,"axon-messaging-5.1.2","org.axonframework.messaging.tracing.NoOpSpanFactory",0,5,""
0.23684210526315788,"axon-modelling-5.1.2","org.axonframework.modelling.entity.child.AbstractEntityChildMetamodel",2,15,"axon-modelling-5.1.2","org.axonframework.modelling.entity.child.AbstractEntityChildMetamodel$Builder",5,4,""
0.23684210526315788,"axon-modelling-5.1.2","org.axonframework.modelling.entity.child.AbstractEntityChildMetamodel$Builder",5,4,"axon-modelling-5.1.2","org.axonframework.modelling.entity.child.AbstractEntityChildMetamodel",2,15,""
0.23529411764705882,"axon-common-5.1.2","org.axonframework.common.configuration.LazyInitializedComponentDefinition",7,6,"axon-common-5.1.2","org.axonframework.common.configuration.Component",16,5,""
0.23529411764705882,"axon-common-5.1.2","org.axonframework.common.configuration.LifecycleRegistry",16,3,"axon-messaging-5.1.2","org.axonframework.messaging.core.configuration.reflection.ConfigurationParameterResolverFactory",1,5,""
0.23529411764705882,"axon-test-5.1.2","org.axonframework.test.fixture.AxonTestPhase$Given",4,8,"axon-test-5.1.2","org.axonframework.test.fixture.AxonTestPhase$When$Nothing",4,3,""
0.23529411764705882,"axon-update-5.1.2","org.axonframework.update.api.UpdateCheckResponse",4,4,"axon-update-5.1.2","org.axonframework.update.api.DetectedVulnerability",2,2,""
0.234375,"axon-common-5.1.2","org.axonframework.common.configuration.AbstractComponent",3,9,"axon-common-5.1.2","org.axonframework.common.configuration.DefaultDecoratorDefinition",2,8,""
0.234375,"axon-common-5.1.2","org.axonframework.common.configuration.DefaultDecoratorDefinition",2,8,"axon-common-5.1.2","org.axonframework.common.configuration.AbstractComponent",3,9,""
0.23404255319148937,"axon-common-5.1.2","org.axonframework.common.configuration.DefaultAxonApplication",2,9,"axon-common-5.1.2","org.axonframework.common.configuration.HierarchicalLifecycleRegistry",1,3,""
0.23404255319148937,"axon-common-5.1.2","org.axonframework.common.configuration.HierarchicalLifecycleRegistry",1,3,"axon-common-5.1.2","org.axonframework.common.configuration.DefaultAxonApplication",2,9,""
0.23404255319148937,"axon-messaging-5.1.2","org.axonframework.messaging.eventhandling.annotation.MethodSequencingPolicyEventHandlerDefinition$SequencingPolicyEventMessageHandlingMember",2,6,"axon-messaging-5.1.2","org.axonframework.messaging.core.annotation.WrappedMessageHandlingMember",9,4,""
0.23357664233576642,"axon-messaging-5.1.2","org.axonframework.messaging.eventhandling.processing.subscribing.SubscribingEventProcessor",4,23,"axon-messaging-5.1.2","org.axonframework.messaging.eventhandling.processing.ProcessorEventHandlingComponents",3,20,""
0.23333333333333334,"axon-server-connector-5.1.2","io.axoniq.framework.axonserver.connector.event.ConditionConverter",1,11,"axon-messaging-5.1.2","org.axonframework.messaging.eventstreaming.AnyEvent",4,6,""
0.23333333333333334,"axon-server-connector-5.1.2","io.axoniq.framework.axonserver.connector.event.EventProcessorInfoUtils",1,7,"axon-messaging-5.1.2","org.axonframework.messaging.eventhandling.processing.streaming.StreamingEventProcessor",5,4,""
0.23333333333333334,"axon-messaging-5.1.2","org.axonframework.messaging.eventhandling.configuration.EventProcessorConfiguration",8,23,"axon-messaging-5.1.2","org.axonframework.messaging.eventhandling.processing.subscribing.SubscribingEventProcessorConfiguration",5,16,""
0.23333333333333334,"axon-messaging-5.1.2","org.axonframework.messaging.eventhandling.gateway.EventPublishingUtils",2,5,"axon-tracing-opentelemetry-5.1.2","org.axonframework.extension.tracing.opentelemetry.MetadataContextGetter",1,2,""
0.23333333333333334,"axon-messaging-5.1.2","org.axonframework.messaging.eventhandling.processing.subscribing.SubscribingEventProcessorConfiguration",5,16,"axon-messaging-5.1.2","org.axonframework.messaging.eventhandling.configuration.EventProcessorConfiguration",8,23,""
0.23255813953488372,"axon-server-connector-5.1.2","io.axoniq.framework.axonserver.connector.api.AxonServerConnectionManager$Builder",2,8,"axoniq-spring-boot-autoconfigure-5.1.2","io.axoniq.framework.springboot.autoconfig.AxonServerAutoConfiguration",2,12,""
0.23255813953488372,"axoniq-spring-boot-autoconfigure-5.1.2","io.axoniq.framework.springboot.autoconfig.AxonServerAutoConfiguration",2,12,"axon-server-connector-5.1.2","io.axoniq.framework.axonserver.connector.api.AxonServerConnectionManager$Builder",2,8,""
0.23076923076923078,"axon-common-5.1.2","org.axonframework.common.configuration.DecoratorDefinition$CompletedDecoratorDefinition",3,3,"axon-common-5.1.2","org.axonframework.common.configuration.DecoratorDefinition$2",1,5,""
0.23076923076923078,"axon-common-5.1.2","org.axonframework.common.jdbc.ConnectionExecutor",1,4,"axon-messaging-5.1.2","org.axonframework.messaging.core.unitofwork.transaction.jdbc.JdbcTransactionalExecutorProvider$1",1,3,""
0.23076923076923078,"axon-eventsourcing-5.1.2","org.axonframework.eventsourcing.annotation.reflection.AnnotationBasedEventSourcedEntityFactory$ScannedEntityCreator",1,8,"axon-messaging-5.1.2","org.axonframework.messaging.queryhandling.gateway.QueryGateway",2,3,""
0.23076923076923078,"axon-eventsourcing-5.1.2","org.axonframework.eventsourcing.eventstore.AggregateBasedConsistencyMarker",7,8,"axon-eventsourcing-5.1.2","org.axonframework.eventsourcing.eventstore.NoAppendCondition",1,4,""
0.23076923076923078,"axon-eventsourcing-5.1.2","org.axonframework.eventsourcing.eventstore.EventTypeResolver",2,3,"axon-messaging-5.1.2","org.axonframework.messaging.core.NamespaceMessageTypeResolver$Builder",1,4,""
0.23076923076923078,"axon-eventsourcing-5.1.2","org.axonframework.eventsourcing.eventstore.NoAppendCondition",1,4,"axon-eventsourcing-5.1.2","org.axonframework.eventsourcing.eventstore.AggregateBasedConsistencyMarker",7,8,""
0.23076923076923078,"axon-metrics-micrometer-5.1.2","org.axonframework.extension.metrics.micrometer.MessageTimerMonitor",3,5,"axon-metrics-micrometer-5.1.2","org.axonframework.extension.metrics.micrometer.MessageCountingMonitor",2,4,""
0.23076923076923078,"axon-messaging-5.1.2","org.axonframework.messaging.commandhandling.annotation.CommandDispatcherParameterResolverFactory",2,5,"axon-messaging-5.1.2","org.axonframework.messaging.commandhandling.annotation.CommandDispatcherParameterResolverFactory$1",1,4,""
0.23076923076923078,"axon-messaging-5.1.2","org.axonframework.messaging.commandhandling.annotation.CommandDispatcherParameterResolverFactory",2,5,"axon-messaging-5.1.2","org.axonframework.messaging.queryhandling.QueryUpdateEmitterParameterResolverFactory",2,5,""
0.23076923076923078,"axon-messaging-5.1.2","org.axonframework.messaging.commandhandling.configuration.SimpleCommandHandlingModule",1,16,"axon-modelling-5.1.2","org.axonframework.modelling.configuration.SimpleStateBasedEntityModule",4,28,""
0.23076923076923078,"axon-messaging-5.1.2","org.axonframework.messaging.core.annotation.AbstractAnnotatedParameterResolverFactory",5,5,"axon-messaging-5.1.2","org.axonframework.messaging.core.configuration.reflection.ConfigurationParameterResolverFactory",1,5,""
0.23076923076923078,"axon-messaging-5.1.2","org.axonframework.messaging.core.sequencing.FallbackSequencingPolicy",0,3,"axon-messaging-5.1.2","org.axonframework.messaging.core.sequencing.FullConcurrencyPolicy",0,3,""
0.23076923076923078,"axon-messaging-5.1.2","org.axonframework.messaging.core.unitofwork.transaction.jdbc.JdbcTransactionalExecutorProvider$1",1,3,"axon-common-5.1.2","org.axonframework.common.jdbc.ConnectionExecutor",1,4,""
0.23076923076923078,"axon-messaging-5.1.2","org.axonframework.messaging.core.unitofwork.transaction.jdbc.JdbcTransactionalExecutorProvider$1",1,3,"axon-common-5.1.2","org.axonframework.common.jpa.EntityManagerExecutor",2,4,""
0.23076923076923078,"axon-messaging-5.1.2","org.axonframework.messaging.eventhandling.EventHandlerRegistry",1,3,"axon-messaging-5.1.2","org.axonframework.messaging.commandhandling.CommandHandlerRegistry",8,3,""
0.23076923076923078,"axon-messaging-5.1.2","org.axonframework.messaging.eventhandling.EventHandlerRegistry",1,3,"axon-messaging-5.1.2","org.axonframework.messaging.queryhandling.QueryHandlerRegistry",4,3,""
0.23076923076923078,"axon-messaging-5.1.2","org.axonframework.messaging.eventhandling.conversion.DelegatingEventConverter",1,7,"axon-test-5.1.2","org.axonframework.test.fixture.RecordingEventSink",5,5,""
0.23076923076923078,"axon-messaging-5.1.2","org.axonframework.messaging.eventhandling.processing.streaming.pooled.SplitTask",1,10,"axon-messaging-5.1.2","org.axonframework.messaging.eventhandling.processing.streaming.pooled.WorkPackage$Builder",2,12,""
0.23076923076923078,"axon-messaging-5.1.2","org.axonframework.messaging.eventhandling.processing.streaming.pooled.WorkPackage$Builder",2,12,"axon-messaging-5.1.2","org.axonframework.messaging.eventhandling.processing.streaming.pooled.SplitTask",1,10,""
0.23076923076923078,"axon-messaging-5.1.2","org.axonframework.messaging.queryhandling.QueryHandlerRegistry",4,3,"axon-messaging-5.1.2","org.axonframework.messaging.commandhandling.CommandHandlerRegistry",8,3,""
0.23076923076923078,"axon-messaging-5.1.2","org.axonframework.messaging.queryhandling.QueryHandlerRegistry",4,3,"axon-messaging-5.1.2","org.axonframework.messaging.eventhandling.EventHandlerRegistry",1,3,""
0.23076923076923078,"axon-messaging-5.1.2","org.axonframework.messaging.queryhandling.QueryUpdateEmitterParameterResolverFactory",2,5,"axon-messaging-5.1.2","org.axonframework.messaging.commandhandling.annotation.CommandDispatcherParameterResolverFactory",2,5,""
0.23076923076923078,"axon-messaging-5.1.2","org.axonframework.messaging.queryhandling.QueryUpdateEmitterParameterResolverFactory",2,5,"axon-messaging-5.1.2","org.axonframework.messaging.queryhandling.QueryUpdateEmitterParameterResolverFactory$1",1,4,""
0.23076923076923078,"axon-messaging-5.1.2","org.axonframework.messaging.tracing.TracingHandlerEnhancerDefinition",2,6,"axon-messaging-5.1.2","org.axonframework.messaging.eventhandling.annotation.MethodEventHandlerDefinition",0,5,""
0.23076923076923078,"axon-messaging-5.1.2","org.axonframework.messaging.tracing.TracingHandlerEnhancerDefinition",2,6,"axon-messaging-5.1.2","org.axonframework.messaging.eventhandling.replay.annotation.ReplayAwareMessageHandlerWrapper",0,6,""
0.23076923076923078,"axon-modelling-5.1.2","org.axonframework.modelling.configuration.ModellingConfigurationDefaults",1,7,"axon-metrics-micrometer-5.1.2","org.axonframework.extension.metrics.micrometer.springboot.MicrometerMetricsAutoConfiguration$1",1,4,""
0.23076923076923078,"axon-modelling-5.1.2","org.axonframework.modelling.configuration.SimpleStateBasedEntityModule",4,28,"axon-messaging-5.1.2","org.axonframework.messaging.commandhandling.configuration.SimpleCommandHandlingModule",1,16,""
0.23076923076923078,"axon-modelling-5.1.2","org.axonframework.modelling.entity.child.ListEntityChildMetamodel",3,6,"axon-modelling-5.1.2","org.axonframework.modelling.entity.child.ListEntityChildMetamodel$Builder",3,6,""
0.23076923076923078,"axon-modelling-5.1.2","org.axonframework.modelling.entity.child.ListEntityChildMetamodel$Builder",3,6,"axon-modelling-5.1.2","org.axonframework.modelling.entity.child.ListEntityChildMetamodel",3,6,""
0.23076923076923078,"axon-test-5.1.2","org.axonframework.test.fixture.AxonTestPhase",0,12,"axon-test-5.1.2","org.axonframework.test.fixture.AxonTestPhase$When$Command",4,3,""
0.23076923076923078,"axon-test-5.1.2","org.axonframework.test.fixture.AxonTestPhase",0,12,"axon-test-5.1.2","org.axonframework.test.fixture.AxonTestPhase$When$Nothing",4,3,""
0.22988505747126436,"axon-messaging-5.1.2","org.axonframework.messaging.eventhandling.processing.streaming.pooled.DefaultWorkPackageEventFilter",1,12,"axon-messaging-5.1.2","org.axonframework.messaging.eventhandling.processing.subscribing.SubscribingEventProcessor",4,23,""
0.22988505747126436,"axon-messaging-5.1.2","org.axonframework.messaging.eventhandling.processing.subscribing.SubscribingEventProcessor",4,23,"axon-messaging-5.1.2","org.axonframework.messaging.eventhandling.processing.streaming.pooled.DefaultWorkPackageEventFilter",1,12,""
0.22988505747126436,"axon-modelling-5.1.2","org.axonframework.modelling.entity.annotation.AnnotatedEntityMetamodel",13,32,"axon-messaging-5.1.2","org.axonframework.messaging.commandhandling.annotation.AnnotatedCommandHandlingComponent",1,22,""
0.22950819672131148,"axon-eventsourcing-5.1.2","org.axonframework.eventsourcing.configuration.EventSourcingConfigurationDefaults",1,15,"axon-messaging-5.1.2","org.axonframework.messaging.eventhandling.configuration.EventBusConfigurationDefaults",2,7,""
0.22950819672131148,"axon-messaging-5.1.2","org.axonframework.messaging.eventhandling.configuration.EventBusConfigurationDefaults",2,7,"axon-eventsourcing-5.1.2","org.axonframework.eventsourcing.configuration.EventSourcingConfigurationDefaults",1,15,""
0.22950819672131148,"axon-messaging-5.1.2","org.axonframework.messaging.eventhandling.processing.streaming.token.MergedTrackingToken",2,2,"axon-messaging-5.1.2","org.axonframework.messaging.eventhandling.processing.streaming.token.GlobalSequenceTrackingToken",8,2,""
0.2289156626506024,"axon-messaging-5.1.2","org.axonframework.messaging.queryhandling.interception.InterceptingQueryBus",1,18,"axon-messaging-5.1.2","org.axonframework.messaging.queryhandling.QueryBus",11,7,""
0.22857142857142856,"axon-common-5.1.2","org.axonframework.common.configuration.BaseModule",7,6,"axon-messaging-5.1.2","org.axonframework.messaging.eventhandling.configuration.EventBusConfigurationDefaults",2,7,""
0.22857142857142856,"axon-messaging-5.1.2","org.axonframework.messaging.eventhandling.processing.streaming.pooled.DefaultWorkPackageEventFilter",1,12,"axon-eventsourcing-5.1.2","org.axonframework.eventsourcing.EventSourcedEntityFactory",9,2,""
0.22857142857142856,"axon-messaging-5.1.2","org.axonframework.messaging.eventhandling.processing.streaming.token.store.jpa.JpaTokenStore",0,17,"axon-messaging-5.1.2","org.axonframework.messaging.eventhandling.processing.streaming.pooled.MergeTask",1,10,""
0.2283464566929134,"axon-messaging-5.1.2","org.axonframework.messaging.queryhandling.gateway.DefaultQueryGateway",1,16,"axon-messaging-5.1.2","org.axonframework.messaging.queryhandling.interception.InterceptingQueryBus",1,18,""
0.22815533980582525,"axon-modelling-5.1.2","org.axonframework.modelling.entity.annotation.AnnotatedEntityMetamodel",13,32,"axon-modelling-5.1.2","org.axonframework.modelling.entity.ConcreteEntityMetamodel",3,23,""
0.22807017543859648,"axon-messaging-5.1.2","org.axonframework.messaging.commandhandling.tracing.DefaultCommandBusSpanFactory",1,6,"axon-messaging-5.1.2","org.axonframework.messaging.queryhandling.tracing.DefaultQueryBusSpanFactory",1,7,""
0.22797927461139897,"axon-messaging-5.1.2","org.axonframework.messaging.eventhandling.processing.streaming.token.store.inmemory.InMemoryTokenStore",1,11,"axon-messaging-5.1.2","org.axonframework.messaging.eventhandling.processing.streaming.token.store.jpa.JpaTokenStore",0,17,""
0.22797927461139897,"axon-messaging-5.1.2","org.axonframework.messaging.eventhandling.processing.streaming.token.store.jpa.JpaTokenStore",0,17,"axon-messaging-5.1.2","org.axonframework.messaging.eventhandling.processing.streaming.token.store.inmemory.InMemoryTokenStore",1,11,""
0.22794117647058823,"axon-messaging-5.1.2","org.axonframework.messaging.eventhandling.annotation.AnnotatedEventHandlingComponent",1,26,"axon-modelling-5.1.2","org.axonframework.modelling.annotation.AnnotationBasedEntityEvolvingComponent",1,17,""
0.22794117647058823,"axon-modelling-5.1.2","org.axonframework.modelling.annotation.AnnotationBasedEntityEvolvingComponent",1,17,"axon-messaging-5.1.2","org.axonframework.messaging.eventhandling.annotation.AnnotatedEventHandlingComponent",1,26,""
0.22727272727272727,"axon-server-connector-5.1.2","io.axoniq.framework.axonserver.connector.command.CommandConverter",2,13,"axon-server-connector-5.1.2","io.axoniq.framework.axonserver.connector.query.QueryConverter",6,14,""
0.22727272727272727,"axon-server-connector-5.1.2","io.axoniq.framework.axonserver.connector.query.QueryConverter",6,14,"axon-server-connector-5.1.2","io.axoniq.framework.axonserver.connector.command.CommandConverter",2,13,""
0.22727272727272727,"axon-eventsourcing-5.1.2","org.axonframework.eventsourcing.eventstore.AppendCondition",15,5,"axon-messaging-5.1.2","org.axonframework.messaging.eventstreaming.StreamingCondition",14,5,""
0.22727272727272727,"axon-metrics-micrometer-5.1.2","org.axonframework.extension.metrics.micrometer.EventProcessorLatencyMonitor",2,6,"axon-messaging-5.1.2","org.axonframework.messaging.monitoring.MessageMonitor",26,2,""
0.22727272727272727,"axon-messaging-5.1.2","org.axonframework.messaging.eventstreaming.StreamingCondition",14,5,"axon-eventsourcing-5.1.2","org.axonframework.eventsourcing.eventstore.AppendCondition",15,5,""
0.22727272727272727,"axon-modelling-5.1.2","org.axonframework.modelling.entity.child.AbstractEntityChildMetamodel$Builder",5,4,"axon-modelling-5.1.2","org.axonframework.modelling.entity.child.ListEntityChildMetamodel",3,6,""
0.22727272727272727,"axon-test-5.1.2","org.axonframework.test.fixture.AxonTestPhase$Given",4,8,"axon-test-5.1.2","org.axonframework.test.fixture.AxonTestPhase$Then$MessageAssertions",6,4,""
0.226890756302521,"axon-eventsourcing-5.1.2","org.axonframework.eventsourcing.configuration.AnnotatedEventSourcedEntityModule",1,30,"axon-messaging-5.1.2","org.axonframework.messaging.eventhandling.configuration.EventHandlingComponentsConfigurer$ComponentsPhase",3,10,""
0.2264957264957265,"axon-messaging-5.1.2","org.axonframework.messaging.core.interception.DefaultHandlerInterceptorRegistry",6,24,"axon-messaging-5.1.2","org.axonframework.messaging.monitoring.configuration.DefaultMessageMonitorRegistry",7,26,""
0.2264957264957265,"axon-messaging-5.1.2","org.axonframework.messaging.monitoring.configuration.DefaultMessageMonitorRegistry",7,26,"axon-messaging-5.1.2","org.axonframework.messaging.core.interception.DefaultHandlerInterceptorRegistry",6,24,""
0.22580645161290322,"axon-messaging-5.1.2","org.axonframework.messaging.core.annotation.AnnotatedHandlerInspector",5,16,"axon-messaging-5.1.2","org.axonframework.messaging.core.annotation.WrappedMessageHandlingMember",9,4,""
0.22580645161290322,"axon-messaging-5.1.2","org.axonframework.messaging.eventhandling.tracing.DefaultEventBusSpanFactory",1,6,"axon-messaging-5.1.2","org.axonframework.messaging.queryhandling.tracing.DefaultQueryUpdateEmitterSpanFactory",1,6,""
0.22580645161290322,"axon-messaging-5.1.2","org.axonframework.messaging.queryhandling.tracing.DefaultQueryUpdateEmitterSpanFactory",1,6,"axon-messaging-5.1.2","org.axonframework.messaging.eventhandling.tracing.DefaultEventBusSpanFactory",1,6,""
0.2254335260115607,"axon-server-connector-5.1.2","io.axoniq.framework.axonserver.connector.event.AggregateBasedAxonServerEventStorageEngine",1,36,"axon-eventsourcing-5.1.2","org.axonframework.eventsourcing.eventstore.inmemory.InMemoryEventStorageEngine",5,23,""
0.2254335260115607,"axon-eventsourcing-5.1.2","org.axonframework.eventsourcing.eventstore.inmemory.InMemoryEventStorageEngine",5,23,"axon-server-connector-5.1.2","io.axoniq.framework.axonserver.connector.event.AggregateBasedAxonServerEventStorageEngine",1,36,""
0.225,"axon-server-connector-5.1.2","io.axoniq.framework.axonserver.connector.snapshot.AxonServerSnapshotStore",1,6,"axon-eventsourcing-5.1.2","org.axonframework.eventsourcing.snapshot.inmemory.InMemorySnapshotStore",0,3,""
0.225,"axon-eventsourcing-5.1.2","org.axonframework.eventsourcing.snapshot.inmemory.InMemorySnapshotStore",0,3,"axon-server-connector-5.1.2","io.axoniq.framework.axonserver.connector.snapshot.AxonServerSnapshotStore",1,6,""
0.225,"axon-messaging-5.1.2","org.axonframework.messaging.eventhandling.processing.streaming.segmenting.SegmentChangeListener",5,2,"axon-messaging-5.1.2","org.axonframework.messaging.eventhandling.processing.streaming.pooled.MergeTask",1,10,""
0.225,"axon-modelling-5.1.2","org.axonframework.modelling.entity.annotation.AnnotatedEntityIdResolver",1,10,"axon-modelling-5.1.2","org.axonframework.modelling.annotation.InjectEntityParameterResolver",1,8,""
0.2248062015503876,"axon-messaging-5.1.2","org.axonframework.messaging.eventhandling.processing.streaming.token.store.inmemory.InMemoryTokenStore",1,11,"axon-messaging-5.1.2","org.axonframework.messaging.eventhandling.processing.streaming.pooled.MergeTask",1,10,""
0.2247191011235955,"axon-messaging-5.1.2","org.axonframework.messaging.eventhandling.processing.streaming.pooled.WorkPackage",8,22,"axon-messaging-5.1.2","org.axonframework.messaging.eventhandling.processing.streaming.pooled.SplitTask",1,10,""
0.2222222222222222,"axon-common-5.1.2","org.axonframework.common.infra.JacksonComponentDescriptor",0,5,"axon-common-5.1.2","org.axonframework.common.configuration.DecoratorDefinition$CompletedDecoratorDefinition",3,3,""
0.2222222222222222,"axon-common-5.1.2","org.axonframework.common.property.AbstractMethodPropertyAccessStrategy",2,3,"axon-messaging-5.1.2","org.axonframework.messaging.core.sequencing.PropertySequencingPolicy",0,4,""
0.2222222222222222,"axon-common-5.1.2","org.axonframework.common.property.DirectPropertyAccessStrategy",0,3,"axon-messaging-5.1.2","org.axonframework.messaging.core.sequencing.PropertySequencingPolicy",0,4,""
0.2222222222222222,"axon-eventsourcing-5.1.2","org.axonframework.eventsourcing.eventstore.AggregateBasedEventStorageEngineUtils",3,5,"axon-eventsourcing-5.1.2","org.axonframework.eventsourcing.eventstore.PayloadBasedTagResolver",0,3,""
0.2222222222222222,"axon-eventsourcing-5.1.2","org.axonframework.eventsourcing.eventstore.EventCoordinator",4,3,"axon-eventsourcing-5.1.2","org.axonframework.eventsourcing.eventstore.EventCoordinator$1",1,3,""
0.2222222222222222,"axon-eventsourcing-5.1.2","org.axonframework.eventsourcing.eventstore.EventCoordinator",4,3,"axon-eventsourcing-5.1.2","org.axonframework.eventsourcing.eventstore.jpa.JpaPollingEventCoordinator$1",1,3,""
0.2222222222222222,"axon-eventsourcing-5.1.2","org.axonframework.eventsourcing.eventstore.TerminalEventMessage",4,3,"axon-eventsourcing-5.1.2","org.axonframework.eventsourcing.eventstore.EventTypeResolver",2,3,""
0.2222222222222222,"axon-eventsourcing-5.1.2","org.axonframework.eventsourcing.eventstore.jpa.JpaPollingEventCoordinator$1",1,3,"axon-eventsourcing-5.1.2","org.axonframework.eventsourcing.eventstore.EventCoordinator",4,3,""
0.2222222222222222,"axon-metrics-micrometer-5.1.2","org.axonframework.extension.metrics.micrometer.CapacityMonitor$1",1,3,"axon-metrics-micrometer-5.1.2","org.axonframework.extension.metrics.micrometer.CapacityMonitor",2,5,""
0.2222222222222222,"axon-messaging-5.1.2","org.axonframework.messaging.commandhandling.tracing.DefaultCommandBusSpanFactory",1,6,"axon-messaging-5.1.2","org.axonframework.messaging.commandhandling.tracing.CommandBusSpanFactory",3,2,""
0.2222222222222222,"axon-messaging-5.1.2","org.axonframework.messaging.core.annotation.AnnotatedMessageHandlingMemberDefinition",0,8,"axon-messaging-5.1.2","org.axonframework.messaging.core.interception.annotation.NoMoreInterceptors",2,5,""
0.2222222222222222,"axon-messaging-5.1.2","org.axonframework.messaging.core.correlation.CorrelationDataProviderRegistry",3,4,"axon-messaging-5.1.2","org.axonframework.messaging.core.correlation.MultiCorrelationDataProvider",0,2,""
0.2222222222222222,"axon-messaging-5.1.2","org.axonframework.messaging.core.correlation.MultiCorrelationDataProvider",0,2,"axon-messaging-5.1.2","org.axonframework.messaging.core.correlation.CorrelationDataProviderRegistry",3,4,""
0.2222222222222222,"axon-messaging-5.1.2","org.axonframework.messaging.core.correlation.MultiCorrelationDataProvider",0,2,"axon-messaging-5.1.2","org.axonframework.messaging.core.correlation.SimpleCorrelationDataProvider",0,3,""
0.2222222222222222,"axon-messaging-5.1.2","org.axonframework.messaging.core.sequencing.PropertySequencingPolicy",0,4,"axon-common-5.1.2","org.axonframework.common.property.AbstractMethodPropertyAccessStrategy",2,3,""
0.2222222222222222,"axon-messaging-5.1.2","org.axonframework.messaging.core.sequencing.PropertySequencingPolicy",0,4,"axon-common-5.1.2","org.axonframework.common.property.DirectPropertyAccessStrategy",0,3,""
0.2222222222222222,"axon-messaging-5.1.2","org.axonframework.messaging.core.unitofwork.transaction.jdbc.JdbcTransactionalExecutorProvider",2,7,"axon-messaging-5.1.2","org.axonframework.messaging.eventhandling.processing.streaming.segmenting.SequenceCachingEventHandlingComponent",2,7,""
0.2222222222222222,"axon-messaging-5.1.2","org.axonframework.messaging.core.unitofwork.transaction.jpa.JpaTransactionalExecutorProvider",3,7,"axon-messaging-5.1.2","org.axonframework.messaging.eventhandling.processing.streaming.segmenting.SequenceCachingEventHandlingComponent",2,7,""
0.2222222222222222,"axon-messaging-5.1.2","org.axonframework.messaging.eventhandling.processing.streaming.segmenting.SequenceCachingEventHandlingComponent",2,7,"axon-messaging-5.1.2","org.axonframework.messaging.core.unitofwork.transaction.jdbc.JdbcTransactionalExecutorProvider",2,7,""
0.2222222222222222,"axon-messaging-5.1.2","org.axonframework.messaging.eventhandling.processing.streaming.segmenting.TrackerStatus",7,6,"axon-messaging-5.1.2","org.axonframework.messaging.eventhandling.processing.streaming.token.store.jpa.TokenEntry",1,6,""
0.2222222222222222,"axon-messaging-5.1.2","org.axonframework.messaging.eventhandling.processing.streaming.token.store.jpa.TokenEntry",1,6,"axon-messaging-5.1.2","org.axonframework.messaging.eventhandling.processing.streaming.token.LatestTrackingToken",1,1,""
0.2222222222222222,"axon-messaging-5.1.2","org.axonframework.messaging.eventhandling.replay.annotation.ReplayContextParameterResolverFactory",0,4,"axon-messaging-5.1.2","org.axonframework.messaging.core.annotation.SimpleResourceParameterResolverFactory",0,4,""
0.2222222222222222,"axon-modelling-5.1.2","org.axonframework.modelling.entity.child.ListEntityChildMetamodel$Builder",3,6,"axon-modelling-5.1.2","org.axonframework.modelling.entity.child.SingleEntityChildMetamodel",3,6,""
0.2222222222222222,"axon-modelling-5.1.2","org.axonframework.modelling.entity.child.SingleEntityChildMetamodel",3,6,"axon-modelling-5.1.2","org.axonframework.modelling.entity.child.ListEntityChildMetamodel$Builder",3,6,""
0.2222222222222222,"axon-test-5.1.2","org.axonframework.test.fixture.CommandValidator",1,7,"axon-test-5.1.2","org.axonframework.test.fixture.Reporter",3,2,""
0.2222222222222222,"axon-test-5.1.2","org.axonframework.test.fixture.Reporter",3,2,"axon-test-5.1.2","org.axonframework.test.fixture.CommandValidator",1,7,""
0.2222222222222222,"axon-test-5.1.2","org.axonframework.test.matchers.DeepEqualsMatcher",1,5,"axon-test-5.1.2","org.axonframework.test.matchers.NonTransientFieldsFilter",0,2,""
0.22153209109730848,"axon-messaging-5.1.2","org.axonframework.messaging.core.configuration.MessagingConfigurationDefaults",1,64,"axon-messaging-5.1.2","org.axonframework.messaging.core.configuration.MessagingConfigurer",3,34,""
0.22153209109730848,"axon-messaging-5.1.2","org.axonframework.messaging.core.configuration.MessagingConfigurer",3,34,"axon-messaging-5.1.2","org.axonframework.messaging.core.configuration.MessagingConfigurationDefaults",1,64,""
0.21951219512195122,"axon-eventsourcing-5.1.2","org.axonframework.eventsourcing.eventstore.inmemory.InMemoryEventStorageEngine$1",1,9,"axon-eventsourcing-5.1.2","org.axonframework.eventsourcing.eventstore.AbstractConsistencyMarker",2,1,""
0.21951219512195122,"axon-eventsourcing-5.1.2","org.axonframework.eventsourcing.eventstore.inmemory.InMemoryEventStorageEngine$1",1,9,"axon-eventsourcing-5.1.2","org.axonframework.eventsourcing.eventstore.GlobalIndexConsistencyMarker",6,4,""
0.2191780821917808,"axon-messaging-5.1.2","org.axonframework.messaging.eventhandling.processing.streaming.token.ReplayToken",9,3,"axon-messaging-5.1.2","org.axonframework.messaging.eventhandling.processing.streaming.token.WrappedToken",6,1,""
0.21875,"axon-eventsourcing-5.1.2","org.axonframework.eventsourcing.eventstore.inmemory.InMemoryEventStorageEngine$MapBackedSourcingEventMessageStream",1,11,"axon-server-connector-5.1.2","io.axoniq.framework.axonserver.connector.event.StreamingEventMessageStream",1,10,""
0.21875,"axon-messaging-5.1.2","org.axonframework.messaging.core.FluxMessageStream$1",1,3,"axon-messaging-5.1.2","org.axonframework.messaging.core.FluxMessageStream",2,6,""
0.21875,"axon-messaging-5.1.2","org.axonframework.messaging.eventhandling.gateway.EventPublishingUtils",2,5,"axon-messaging-5.1.2","org.axonframework.messaging.core.annotation.DefaultParameterResolverFactory$AnnotatedMetadataParameterResolver",1,4,""
0.21844660194174756,"axon-server-connector-5.1.2","io.axoniq.framework.axonserver.connector.configuration.AxonServerConfigurationEnhancer",1,27,"axoniq-spring-boot-autoconfigure-5.1.2","io.axoniq.framework.springboot.autoconfig.AxonServerAutoConfiguration",2,12,""
0.21844660194174756,"axoniq-spring-boot-autoconfigure-5.1.2","io.axoniq.framework.springboot.autoconfig.AxonServerAutoConfiguration",2,12,"axon-server-connector-5.1.2","io.axoniq.framework.axonserver.connector.configuration.AxonServerConfigurationEnhancer",1,27,""
0.21782178217821782,"axon-server-connector-5.1.2","io.axoniq.framework.axonserver.connector.query.QueryConverter",6,14,"axon-messaging-5.1.2","org.axonframework.messaging.queryhandling.GenericSubscriptionQueryUpdateMessage",2,10,""
0.21739130434782608,"axon-eventsourcing-5.1.2","org.axonframework.eventsourcing.eventstore.SourcingCondition",13,6,"axon-eventsourcing-5.1.2","org.axonframework.eventsourcing.eventstore.GlobalIndexPosition",4,2,""
0.21739130434782608,"axon-messaging-5.1.2","org.axonframework.messaging.eventhandling.processing.streaming.segmenting.WrappedTrackerStatus",2,3,"axon-messaging-5.1.2","org.axonframework.messaging.eventhandling.processing.streaming.StreamingEventProcessor",5,4,""
0.21739130434782608,"axon-messaging-5.1.2","org.axonframework.messaging.monitoring.MultiMessageMonitor",3,5,"axon-metrics-micrometer-5.1.2","org.axonframework.extension.metrics.micrometer.MessageCountingMonitor",2,4,""
0.21739130434782608,"axon-modelling-5.1.2","org.axonframework.modelling.entity.child.AbstractEntityChildMetamodel$Builder",5,4,"axon-modelling-5.1.2","org.axonframework.modelling.entity.child.SingleEntityChildMetamodel",3,6,""
0.21686746987951808,"axon-eventsourcing-5.1.2","org.axonframework.eventsourcing.eventstore.StorageEngineBackedEventStore",1,19,"axon-test-5.1.2","org.axonframework.test.fixture.RecordingEventStore",1,12,""
0.2155688622754491,"axon-modelling-5.1.2","org.axonframework.modelling.entity.PolymorphicEntityMetamodel$Builder",1,10,"axon-modelling-5.1.2","org.axonframework.modelling.entity.annotation.AnnotatedEntityMetamodel",13,32,""
0.21505376344086022,"axon-messaging-5.1.2","org.axonframework.messaging.queryhandling.SimpleQueryHandlingComponent",2,14,"axon-messaging-5.1.2","org.axonframework.messaging.queryhandling.annotation.AnnotatedQueryHandlingComponent",1,23,""
0.21428571428571427,"axoniq-spring-boot-autoconfigure-5.1.2","io.axoniq.framework.springboot.autoconfig.JpaDeadLetterQueueAutoConfiguration",0,4,"axon-messaging-5.1.2","org.axonframework.messaging.core.unitofwork.transaction.jpa.JpaTransactionalExecutorProvider$1",1,3,""
0.21428571428571427,"axon-common-5.1.2","org.axonframework.common.configuration.BaseModule",7,6,"axon-modelling-5.1.2","org.axonframework.modelling.HierarchicalStateManagerConfigurationEnhancer",0,5,""
0.21428571428571427,"axon-common-5.1.2","org.axonframework.common.configuration.ComponentDefinition",20,7,"axon-common-5.1.2","org.axonframework.common.configuration.LifecycleRegistry",16,3,""
0.21428571428571427,"axon-common-5.1.2","org.axonframework.common.configuration.Configuration",93,3,"axon-common-5.1.2","org.axonframework.common.TypeReference$1",1,1,""
0.21428571428571427,"axon-common-5.1.2","org.axonframework.common.configuration.Configuration",93,3,"axon-common-5.1.2","org.axonframework.common.TypeReference$2",1,1,""
0.21428571428571427,"axon-eventsourcing-5.1.2","org.axonframework.eventsourcing.snapshot.inmemory.InMemorySnapshotStore",0,3,"axon-messaging-5.1.2","org.axonframework.messaging.commandhandling.CommandHandlerRegistry",8,3,""
0.21428571428571427,"axon-messaging-5.1.2","org.axonframework.messaging.commandhandling.gateway.DefaultCommandGateway",1,13,"axon-messaging-5.1.2","org.axonframework.messaging.commandhandling.interception.InterceptingCommandBus",1,15,""
0.21428571428571427,"axon-messaging-5.1.2","org.axonframework.messaging.core.unitofwork.transaction.jdbc.JdbcTransactionalExecutorProvider",2,7,"axon-messaging-5.1.2","org.axonframework.messaging.core.unitofwork.transaction.TransactionalExecutorProvider",5,3,""
0.21428571428571427,"axon-messaging-5.1.2","org.axonframework.messaging.core.unitofwork.transaction.jpa.JpaTransactionalExecutorProvider",3,7,"axon-messaging-5.1.2","org.axonframework.messaging.core.unitofwork.transaction.TransactionalExecutorProvider",5,3,""
0.21428571428571427,"axon-messaging-5.1.2","org.axonframework.messaging.eventhandling.EventHandlerRegistry",1,3,"axon-eventsourcing-5.1.2","org.axonframework.eventsourcing.eventstore.SourcingStrategy$Snapshot",4,3,""
0.21428571428571427,"axon-messaging-5.1.2","org.axonframework.messaging.eventhandling.configuration.EventProcessorCustomization",3,2,"axon-messaging-5.1.2","org.axonframework.messaging.core.ConfigurationApplicationContext",2,3,""
0.21428571428571427,"axon-messaging-5.1.2","org.axonframework.messaging.eventhandling.processing.streaming.pooled.PooledStreamingEventProcessorModule$Customization",3,2,"axon-messaging-5.1.2","org.axonframework.messaging.core.ConfigurationApplicationContext",2,3,""
0.21428571428571427,"axon-messaging-5.1.2","org.axonframework.messaging.eventhandling.processing.subscribing.SubscribingEventProcessorModule$Customization",2,2,"axon-messaging-5.1.2","org.axonframework.messaging.core.ConfigurationApplicationContext",2,3,""
0.21428571428571427,"axon-modelling-5.1.2","org.axonframework.modelling.entity.child.SingleEntityChildMetamodel$Builder",3,6,"axon-modelling-5.1.2","org.axonframework.modelling.entity.child.ListEntityChildMetamodel",3,6,""
0.21333333333333335,"axon-server-connector-5.1.2","io.axoniq.framework.axonserver.connector.api.AxonServerConfiguration$Builder",1,2,"axoniq-spring-boot-autoconfigure-5.1.2","io.axoniq.framework.springboot.autoconfig.AxonServerAutoConfiguration",2,12,""
0.21333333333333335,"axoniq-spring-boot-autoconfigure-5.1.2","io.axoniq.framework.springboot.autoconfig.AxonServerAutoConfiguration",2,12,"axon-server-connector-5.1.2","io.axoniq.framework.axonserver.connector.api.AxonServerConfiguration$Builder",1,2,""
0.21238938053097345,"axon-messaging-5.1.2","org.axonframework.messaging.eventhandling.annotation.AnnotatedEventHandlingComponent",1,26,"axon-modelling-5.1.2","org.axonframework.modelling.entity.annotation.AnnotatedEntityMetamodel",13,32,""
0.21212121212121213,"axon-modelling-5.1.2","org.axonframework.modelling.entity.annotation.AnnotatedEntityModelRoutingKeyMatcher",2,8,"axon-messaging-5.1.2","org.axonframework.messaging.core.AbstractMessage",1,3,""
0.21153846153846154,"axon-messaging-5.1.2","org.axonframework.messaging.eventhandling.processing.streaming.segmenting.TrackerStatus",7,6,"axon-messaging-5.1.2","org.axonframework.messaging.eventhandling.processing.streaming.token.store.TokenStore",16,3,""
0.21052631578947367,"axon-server-connector-5.1.2","io.axoniq.framework.axonserver.connector.event.TaggedEventConverter",3,10,"axon-eventsourcing-5.1.2","org.axonframework.eventsourcing.eventstore.PayloadBasedTagResolver",0,3,""
0.21052631578947367,"axon-messaging-5.1.2","org.axonframework.messaging.core.unitofwork.transaction.TransactionManager",4,5,"axon-messaging-5.1.2","org.axonframework.messaging.core.unitofwork.LegacyMessageSupportingContext",1,7,""
0.20987654320987653,"axon-messaging-5.1.2","org.axonframework.messaging.queryhandling.SimpleQueryHandlingComponent",2,14,"axon-messaging-5.1.2","org.axonframework.messaging.commandhandling.SimpleCommandHandlingComponent",2,15,""
0.20930232558139536,"axon-messaging-5.1.2","org.axonframework.messaging.core.unitofwork.ProcessingLifecycle",9,5,"axon-messaging-5.1.2","org.axonframework.messaging.queryhandling.gateway.QueryGateway",2,3,""
0.20909090909090908,"axon-messaging-5.1.2","org.axonframework.messaging.core.unitofwork.UnitOfWork$UnitOfWorkProcessingContext",3,10,"axon-messaging-5.1.2","org.axonframework.messaging.core.unitofwork.LegacyMessageSupportingContext",1,7,""
0.2087912087912088,"axon-eventsourcing-5.1.2","org.axonframework.eventsourcing.eventstore.DefaultEventStoreTransaction",1,19,"axon-eventsourcing-5.1.2","org.axonframework.eventsourcing.eventstore.StorageEngineBackedEventStore",1,19,""
0.20833333333333334,"axon-modelling-5.1.2","org.axonframework.modelling.entity.child.SingleEntityChildMetamodel$Builder",3,6,"axon-modelling-5.1.2","org.axonframework.modelling.entity.child.AbstractEntityChildMetamodel$Builder",5,4,""
0.20812182741116753,"axon-common-5.1.2","org.axonframework.common.configuration.DefaultComponentRegistry",4,26,"axon-common-5.1.2","org.axonframework.common.configuration.DefaultComponentRegistry$LocalConfiguration",1,10,""
0.20812182741116753,"axon-common-5.1.2","org.axonframework.common.configuration.DefaultComponentRegistry$LocalConfiguration",1,10,"axon-common-5.1.2","org.axonframework.common.configuration.DefaultComponentRegistry",4,26,""
0.20689655172413793,"axon-messaging-5.1.2","org.axonframework.messaging.core.correlation.DefaultCorrelationDataProviderRegistry",1,9,"axon-common-5.1.2","org.axonframework.common.configuration.ComponentDefinition$1",1,6,""
0.20689655172413793,"axon-modelling-5.1.2","org.axonframework.modelling.entity.annotation.SingleEntityChildModelDefinition",0,10,"axon-modelling-5.1.2","org.axonframework.modelling.entity.child.SingleEntityChildMetamodel$Builder",3,6,""
0.20588235294117646,"axon-messaging-5.1.2","org.axonframework.messaging.core.FluxMessageStream$1",1,3,"axon-messaging-5.1.2","org.axonframework.messaging.core.EmptyMessageStream",1,8,""
0.20588235294117646,"axon-modelling-5.1.2","org.axonframework.modelling.entity.annotation.AnnotatedEntityIdResolver",1,10,"axon-messaging-5.1.2","org.axonframework.messaging.core.conversion.DelegatingMessageConverter",2,5,""
0.2057142857142857,"axon-messaging-5.1.2","org.axonframework.messaging.core.unitofwork.ResourceOverridingProcessingContext",3,5,"axon-messaging-5.1.2","org.axonframework.messaging.core.unitofwork.UnitOfWork$UnitOfWorkProcessingContext",3,10,""
0.2057142857142857,"axon-messaging-5.1.2","org.axonframework.messaging.core.unitofwork.UnitOfWork$UnitOfWorkProcessingContext",3,10,"axon-messaging-5.1.2","org.axonframework.messaging.core.unitofwork.ResourceOverridingProcessingContext",3,5,""
0.20512820512820512,"axon-messaging-5.1.2","org.axonframework.messaging.eventhandling.processing.streaming.segmenting.TrackerStatus",7,6,"axon-messaging-5.1.2","org.axonframework.messaging.eventhandling.processing.streaming.pooled.Coordinator$NoToken",2,1,""
0.20422535211267606,"axon-messaging-5.1.2","org.axonframework.messaging.queryhandling.SimpleQueryBus",1,22,"axon-messaging-5.1.2","org.axonframework.messaging.queryhandling.SimpleQueryHandlingComponent",2,14,""
0.20422535211267606,"axon-messaging-5.1.2","org.axonframework.messaging.queryhandling.SimpleQueryHandlingComponent",2,14,"axon-messaging-5.1.2","org.axonframework.messaging.queryhandling.SimpleQueryBus",1,22,""
0.20408163265306123,"axon-messaging-5.1.2","org.axonframework.messaging.core.unitofwork.UnitOfWork",17,10,"axon-messaging-5.1.2","org.axonframework.messaging.core.unitofwork.LegacyMessageSupportingContext",1,7,""
0.2032520325203252,"axon-test-5.1.2","org.axonframework.test.fixture.AxonTestFixture",3,16,"axon-test-5.1.2","org.axonframework.test.fixture.AxonTestGiven",1,21,""
0.2032520325203252,"axon-test-5.1.2","org.axonframework.test.fixture.AxonTestGiven",1,21,"axon-test-5.1.2","org.axonframework.test.fixture.AxonTestFixture",3,16,""
0.20253164556962025,"axon-eventsourcing-5.1.2","org.axonframework.eventsourcing.eventstore.inmemory.InMemoryEventStorageEngine",5,23,"axon-eventsourcing-5.1.2","org.axonframework.eventsourcing.eventstore.EventStorageEngine",10,11,""
0.20224719101123595,"axon-modelling-5.1.2","org.axonframework.modelling.annotation.AnnotationBasedEntityEvolvingComponent",1,17,"axon-messaging-5.1.2","org.axonframework.messaging.commandhandling.annotation.AnnotatedCommandHandlingComponent",1,22,""
0.20168067226890757,"axon-messaging-5.1.2","org.axonframework.messaging.core.unitofwork.ResourceOverridingProcessingContext",3,5,"axon-messaging-5.1.2","org.axonframework.messaging.core.unitofwork.ProcessingLifecycle",9,5,""
0.2,"axon-server-connector-5.1.2","io.axoniq.framework.axonserver.connector.command.AxonServerCommandBusConnector$FutureResultCallback",1,3,"axon-messaging-5.1.2","org.axonframework.messaging.monitoring.MessageMonitor$MonitorCallback",21,1,""
0.2,"axon-server-connector-5.1.2","io.axoniq.framework.axonserver.connector.command.CommandConverter",2,13,"axon-messaging-5.1.2","org.axonframework.messaging.commandhandling.GenericCommandResultMessage",4,8,""
0.2,"axon-server-connector-5.1.2","io.axoniq.framework.axonserver.connector.event.TaggedEventConverter",3,10,"axon-eventsourcing-5.1.2","org.axonframework.eventsourcing.eventstore.GenericTaggedEventMessage",1,4,""
0.2,"axon-server-connector-5.1.2","io.axoniq.framework.axonserver.connector.query.QueryUpdateMessageStream",1,6,"axon-server-connector-5.1.2","io.axoniq.framework.axonserver.connector.api.query.AxonServerQueryDispatchException",1,1,""
0.2,"axon-server-connector-5.1.2","io.axoniq.framework.axonserver.connector.query.QueryUpdateMessageStream",1,6,"axon-messaging-5.1.2","org.axonframework.messaging.core.HandlerExecutionException",3,1,""
0.2,"axoniq-spring-boot-autoconfigure-5.1.2","io.axoniq.framework.springboot.autoconfig.JdbcDeadLetterQueueAutoConfiguration",0,4,"axon-messaging-5.1.2","org.axonframework.messaging.core.unitofwork.transaction.jdbc.JdbcTransactionalExecutorProvider$1",1,3,""
0.2,"axoniq-spring-boot-autoconfigure-5.1.2","io.axoniq.framework.springboot.service.connection.AxonServerTestContainerConnectionDetailsFactory",0,2,"axoniq-spring-boot-autoconfigure-5.1.2","io.axoniq.framework.springboot.service.connection.AxonServerTestContainerConnectionDetailsFactory$AxonServerContainerConnectionDetails",1,1,""
0.2,"axoniq-spring-boot-autoconfigure-5.1.2","io.axoniq.framework.springboot.service.connection.AxonServerTestContainerConnectionDetailsFactory$AxonServerContainerConnectionDetails",1,1,"axoniq-spring-boot-autoconfigure-5.1.2","io.axoniq.framework.springboot.service.connection.AxonServerTestContainerConnectionDetailsFactory",0,2,""
0.2,"axon-common-5.1.2","org.axonframework.common.configuration.ApplicationConfigurer",5,3,"axon-common-5.1.2","org.axonframework.common.configuration.ConfigurationEnhancer",23,1,""
0.2,"axon-common-5.1.2","org.axonframework.common.configuration.ComponentDefinition$ComponentCreator",7,2,"axon-common-5.1.2","org.axonframework.common.configuration.ComponentFactory",4,4,""
0.2,"axon-common-5.1.2","org.axonframework.common.configuration.ComponentDefinition$IncompleteComponentDefinition",18,2,"axon-common-5.1.2","org.axonframework.common.configuration.ComponentDefinition$1",1,6,""
0.2,"axon-common-5.1.2","org.axonframework.common.configuration.ConfigurationEnhancer",23,1,"axon-common-5.1.2","org.axonframework.common.configuration.ApplicationConfigurer",5,3,""
0.2,"axon-common-5.1.2","org.axonframework.common.configuration.DecoratorDefinition$PartialDecoratorDefinition",6,2,"axon-common-5.1.2","org.axonframework.common.configuration.DecoratorDefinition$1",1,5,""
0.2,"axon-common-5.1.2","org.axonframework.common.tx.TransactionalExecutor",10,3,"axon-update-5.1.2","org.axonframework.update.api.Artifact",3,1,""
0.2,"axon-common-5.1.2","org.axonframework.common.tx.TransactionalExecutor",10,3,"axon-update-5.1.2","org.axonframework.update.api.ArtifactAvailableUpgrade",2,1,""
0.2,"axon-common-5.1.2","org.axonframework.common.tx.TransactionalExecutor",10,3,"axon-update-5.1.2","org.axonframework.update.api.DetectedVulnerabilitySeverity",3,1,""
0.2,"axon-conversion-5.1.2","org.axonframework.conversion.GeneralConverter",5,1,"axon-messaging-5.1.2","org.axonframework.messaging.eventhandling.conversion.EventConverter",17,2,""
0.2,"axon-conversion-5.1.2","org.axonframework.conversion.avro.AvroUtil",5,1,"axon-conversion-5.1.2","org.axonframework.conversion.jackson.ByteArrayToJsonNodeConverter",1,2,""
0.2,"axon-conversion-5.1.2","org.axonframework.conversion.avro.AvroUtil",5,1,"axon-conversion-5.1.2","org.axonframework.conversion.jackson.JsonNodeToObjectNodeConverter",1,2,""
0.2,"axon-eventsourcing-5.1.2","org.axonframework.eventsourcing.annotation.AnnotationBasedEventCriteriaResolver$WrappedEventCriteriaBuilderMethod",1,4,"axon-eventsourcing-5.1.2","org.axonframework.eventsourcing.annotation.AnnotationBasedEventCriteriaResolverDefinition",1,4,""
0.2,"axon-eventsourcing-5.1.2","org.axonframework.eventsourcing.annotation.AnnotationBasedEventCriteriaResolverDefinition",1,4,"axon-common-5.1.2","org.axonframework.common.configuration.AxonConfiguration",13,1,""
0.2,"axon-eventsourcing-5.1.2","org.axonframework.eventsourcing.annotation.AnnotationBasedEventCriteriaResolverDefinition",1,4,"axon-common-5.1.2","org.axonframework.common.configuration.ComponentBuilder",36,1,""
0.2,"axon-eventsourcing-5.1.2","org.axonframework.eventsourcing.annotation.EventSourcingHandler",0,1,"axon-messaging-5.1.2","org.axonframework.messaging.core.annotation.HandlerTypeResolver",0,5,""
0.2,"axon-eventsourcing-5.1.2","org.axonframework.eventsourcing.configuration.EventSourcedEntityModule$CriteriaResolverPhase",4,3,"axon-eventsourcing-5.1.2","org.axonframework.eventsourcing.annotation.CriteriaResolverDefinition",3,2,""
0.2,"axon-eventsourcing-5.1.2","org.axonframework.eventsourcing.configuration.EventSourcedEntityModule$EntityFactoryPhase",4,3,"axon-eventsourcing-5.1.2","org.axonframework.eventsourcing.annotation.EventSourcedEntityFactoryDefinition",3,2,""
0.2,"axon-eventsourcing-5.1.2","org.axonframework.eventsourcing.eventstore.EmptyAppendTransaction",3,2,"axon-eventsourcing-5.1.2","org.axonframework.eventsourcing.eventstore.ConsistencyMarkers$InfinityConsistencyMarker",2,2,""
0.2,"axon-eventsourcing-5.1.2","org.axonframework.eventsourcing.eventstore.EmptyAppendTransaction",3,2,"axon-eventsourcing-5.1.2","org.axonframework.eventsourcing.eventstore.EventStorageEngine$AppendTransaction",13,1,""
0.2,"axon-eventsourcing-5.1.2","org.axonframework.eventsourcing.eventstore.EventCoordinator",4,3,"axon-eventsourcing-5.1.2","org.axonframework.eventsourcing.eventstore.jpa.JpaPollingEventCoordinator",1,5,""
0.2,"axon-eventsourcing-5.1.2","org.axonframework.eventsourcing.eventstore.EventStorageEngine$AppendTransaction",13,1,"axon-eventsourcing-5.1.2","org.axonframework.eventsourcing.eventstore.EmptyAppendTransaction",3,2,""
0.2,"axon-eventsourcing-5.1.2","org.axonframework.eventsourcing.eventstore.EventStore",10,4,"axon-modelling-5.1.2","org.axonframework.modelling.EntityEvolver",13,2,""
0.2,"axon-eventsourcing-5.1.2","org.axonframework.eventsourcing.eventstore.InterceptingEventStore$InterceptingEventStoreTransaction",1,10,"axon-eventsourcing-5.1.2","org.axonframework.eventsourcing.eventstore.EventStorageEngine",10,11,""
0.2,"axon-eventsourcing-5.1.2","org.axonframework.eventsourcing.eventstore.MultiTagResolver",0,3,"axon-eventsourcing-5.1.2","org.axonframework.eventsourcing.eventstore.TaggedEventMessage",16,2,""
0.2,"axon-eventsourcing-5.1.2","org.axonframework.eventsourcing.eventstore.SnapshotCapableEventStorageEngine",1,20,"axon-eventsourcing-5.1.2","org.axonframework.eventsourcing.handler.SnapshottingEntityLifecycleHandler",1,25,""
0.2,"axon-eventsourcing-5.1.2","org.axonframework.eventsourcing.eventstore.SnapshotEventMessage",2,4,"axon-eventsourcing-5.1.2","org.axonframework.eventsourcing.snapshot.inmemory.InMemorySnapshotStore",0,3,""
0.2,"axon-eventsourcing-5.1.2","org.axonframework.eventsourcing.eventstore.jpa.AggregateBasedJpaEventStorageEngine$TokenAndEvent",2,2,"axon-eventsourcing-5.1.2","org.axonframework.eventsourcing.eventstore.jpa.GapAwareTrackingTokenOperations",1,4,""
0.2,"axon-eventsourcing-5.1.2","org.axonframework.eventsourcing.eventstore.jpa.GapAwareTrackingTokenOperations",1,4,"axon-eventsourcing-5.1.2","org.axonframework.eventsourcing.eventstore.jpa.AggregateBasedJpaEventStorageEngine$TokenAndEvent",2,2,""
0.2,"axon-eventsourcing-5.1.2","org.axonframework.eventsourcing.eventstore.jpa.JpaPollingEventCoordinator",1,5,"axon-eventsourcing-5.1.2","org.axonframework.eventsourcing.eventstore.EventCoordinator",4,3,""
0.2,"axon-eventsourcing-5.1.2","org.axonframework.eventsourcing.handler.SnapshottingEntityLifecycleHandler",1,25,"axon-eventsourcing-5.1.2","org.axonframework.eventsourcing.eventstore.SnapshotCapableEventStorageEngine",1,20,""
0.2,"axon-eventsourcing-5.1.2","org.axonframework.eventsourcing.snapshot.api.SnapshotPolicy$1",1,3,"axon-eventsourcing-5.1.2","org.axonframework.eventsourcing.eventstore.TagResolver",7,2,""
0.2,"axon-eventsourcing-5.1.2","org.axonframework.eventsourcing.snapshot.api.SnapshotPolicy$1",1,3,"axon-modelling-5.1.2","org.axonframework.modelling.EntityEvolver",13,2,""
0.2,"axon-eventsourcing-5.1.2","org.axonframework.eventsourcing.snapshot.store.SnapshotStore",7,3,"axon-update-5.1.2","org.axonframework.update.api.ArtifactAvailableUpgrade",2,1,""
0.2,"axon-messaging-5.1.2","org.axonframework.messaging.core.HierarchicalMessageTypeResolver",1,2,"axon-messaging-5.1.2","org.axonframework.messaging.core.ClassBasedMessageTypeResolver",1,2,""
0.2,"axon-messaging-5.1.2","org.axonframework.messaging.core.QualifiedName",68,3,"axon-modelling-5.1.2","org.axonframework.modelling.entity.child.FieldChildEntityFieldDefinition",1,5,""
0.2,"axon-messaging-5.1.2","org.axonframework.messaging.core.annotation.AbstractAnnotatedParameterResolverFactory",5,5,"axon-messaging-5.1.2","org.axonframework.messaging.core.annotation.HandlerTypeResolver",0,5,""
0.2,"axon-messaging-5.1.2","org.axonframework.messaging.core.annotation.HandlerTypeResolver",0,5,"axon-common-5.1.2","org.axonframework.common.IdentifierValidator",0,1,""
0.2,"axon-messaging-5.1.2","org.axonframework.messaging.core.annotation.HandlerTypeResolver",0,5,"axon-eventsourcing-5.1.2","org.axonframework.eventsourcing.annotation.EventSourcingHandler",0,1,""
0.2,"axon-messaging-5.1.2","org.axonframework.messaging.core.annotation.HandlerTypeResolver",0,5,"axon-messaging-5.1.2","org.axonframework.messaging.core.annotation.AbstractAnnotatedParameterResolverFactory",5,5,""
0.2,"axon-messaging-5.1.2","org.axonframework.messaging.core.annotation.ParameterResolverFactory",40,1,"axon-messaging-5.1.2","org.axonframework.messaging.core.annotation.SimpleResourceParameterResolverFactory",0,4,""
0.2,"axon-messaging-5.1.2","org.axonframework.messaging.core.annotation.ParameterResolverFactory",40,1,"axon-test-5.1.2","org.axonframework.test.FixtureResourceParameterResolverFactory$FailingParameterResolver",1,3,""
0.2,"axon-messaging-5.1.2","org.axonframework.messaging.core.unitofwork.ResourceOverridingProcessingContext",3,5,"axon-messaging-5.1.2","org.axonframework.messaging.core.unitofwork.LegacyMessageSupportingContext",1,7,""
0.2,"axon-messaging-5.1.2","org.axonframework.messaging.core.unitofwork.UnitOfWork$UnitOfWorkProcessingContext$CauseAndPhase",2,2,"axon-messaging-5.1.2","org.axonframework.messaging.core.unitofwork.UnitOfWork$UnitOfWorkProcessingContext$Status",2,1,""
0.2,"axon-messaging-5.1.2","org.axonframework.messaging.core.unitofwork.UnitOfWork$UnitOfWorkProcessingContext$Status",2,1,"axon-messaging-5.1.2","org.axonframework.messaging.core.unitofwork.UnitOfWork$UnitOfWorkProcessingContext$CauseAndPhase",2,2,""
0.2,"axon-messaging-5.1.2","org.axonframework.messaging.eventhandling.annotation.EventAppenderParameterResolverFactory",2,4,"axon-messaging-5.1.2","org.axonframework.messaging.core.annotation.SimpleResourceParameterResolverFactory",0,4,""
0.2,"axon-messaging-5.1.2","org.axonframework.messaging.eventhandling.configuration.EventHandlingComponentsConfigurer",0,4,"axon-messaging-5.1.2","org.axonframework.messaging.eventhandling.configuration.EventHandlingComponentsConfigurer$RequiredComponentPhase",7,1,""
0.2,"axon-messaging-5.1.2","org.axonframework.messaging.eventhandling.configuration.EventHandlingComponentsConfigurer",0,4,"axon-messaging-5.1.2","org.axonframework.messaging.eventhandling.configuration.EventProcessorModule$EventHandlingPhase",5,5,""
0.2,"axon-messaging-5.1.2","org.axonframework.messaging.eventhandling.configuration.EventHandlingComponentsConfigurer$AdditionalComponentPhase",3,2,"axon-messaging-5.1.2","org.axonframework.messaging.eventhandling.configuration.EventProcessorModule$EventHandlingPhase",5,5,""
0.2,"axon-messaging-5.1.2","org.axonframework.messaging.eventhandling.configuration.EventHandlingComponentsConfigurer$CompletePhase",8,3,"axon-common-5.1.2","org.axonframework.common.configuration.AxonConfiguration",13,1,""
0.2,"axon-messaging-5.1.2","org.axonframework.messaging.eventhandling.configuration.EventHandlingComponentsConfigurer$CompletePhase",8,3,"axon-common-5.1.2","org.axonframework.common.configuration.ComponentBuilder",36,1,""
0.2,"axon-messaging-5.1.2","org.axonframework.messaging.eventhandling.configuration.EventHandlingComponentsConfigurer$RequiredComponentPhase",7,1,"axon-messaging-5.1.2","org.axonframework.messaging.eventhandling.configuration.EventHandlingComponentsConfigurer",0,4,""
0.2,"axon-messaging-5.1.2","org.axonframework.messaging.eventhandling.configuration.EventProcessorModule$CustomizationPhase",6,3,"axon-messaging-5.1.2","org.axonframework.messaging.core.ConfigurationApplicationContext",2,3,""
0.2,"axon-messaging-5.1.2","org.axonframework.messaging.eventhandling.configuration.EventProcessorModule$EventHandlingPhase",5,5,"axon-messaging-5.1.2","org.axonframework.messaging.eventhandling.configuration.EventHandlingComponentsConfigurer",0,4,""
0.2,"axon-messaging-5.1.2","org.axonframework.messaging.eventhandling.configuration.EventProcessorModule$EventHandlingPhase",5,5,"axon-messaging-5.1.2","org.axonframework.messaging.eventhandling.configuration.EventHandlingComponentsConfigurer$AdditionalComponentPhase",3,2,""
0.2,"axon-messaging-5.1.2","org.axonframework.messaging.eventhandling.conversion.DelegatingEventConverter",1,7,"axon-messaging-5.1.2","org.axonframework.messaging.eventhandling.conversion.EventConverter",17,2,""
0.2,"axon-messaging-5.1.2","org.axonframework.messaging.eventhandling.processing.errorhandling.ErrorHandler",7,1,"axon-messaging-5.1.2","org.axonframework.messaging.eventhandling.processing.errorhandling.PropagatingErrorHandler",1,3,""
0.2,"axon-messaging-5.1.2","org.axonframework.messaging.eventhandling.processing.errorhandling.PropagatingErrorHandler",1,3,"axon-messaging-5.1.2","org.axonframework.messaging.eventhandling.processing.errorhandling.ErrorHandler",7,1,""
0.2,"axon-messaging-5.1.2","org.axonframework.messaging.eventhandling.replay.annotation.ReplayContextParameterResolverFactory",0,4,"axon-test-5.1.2","org.axonframework.test.FixtureResourceParameterResolverFactory",0,4,""
0.2,"axon-messaging-5.1.2","org.axonframework.messaging.eventhandling.replay.annotation.ReplayParameterResolverFactory",0,4,"axon-messaging-5.1.2","org.axonframework.messaging.core.annotation.SimpleResourceParameterResolverFactory",0,4,""
0.2,"axon-messaging-5.1.2","org.axonframework.messaging.monitoring.MessageMonitor$MonitorCallback",21,1,"axon-server-connector-5.1.2","io.axoniq.framework.axonserver.connector.command.AxonServerCommandBusConnector$FutureResultCallback",1,3,""
0.2,"axon-messaging-5.1.2","org.axonframework.messaging.monitoring.MessageMonitor$MonitorCallback",21,1,"axon-test-5.1.2","org.axonframework.test.fixture.AxonTestPhase$Then$Command",5,3,""
0.2,"axon-modelling-5.1.2","org.axonframework.modelling.PropertyBasedEntityIdResolver",1,8,"axon-modelling-5.1.2","org.axonframework.modelling.EntityIdResolver",17,3,""
0.2,"axon-modelling-5.1.2","org.axonframework.modelling.PropertyBasedEntityIdResolver",1,8,"axon-modelling-5.1.2","org.axonframework.modelling.annotation.InjectEntityParameterResolver",1,8,""
0.2,"axon-modelling-5.1.2","org.axonframework.modelling.entity.annotation.RoutingKeyCommandTargetResolverDefinition",1,7,"axon-modelling-5.1.2","org.axonframework.modelling.entity.annotation.CommandTargetResolverDefinition",3,2,""
0.2,"axon-modelling-5.1.2","org.axonframework.modelling.entity.annotation.RoutingKeyEventTargetMatcherDefinition",1,7,"axon-modelling-5.1.2","org.axonframework.modelling.entity.annotation.EventTargetMatcherDefinition",3,2,""
0.2,"axon-modelling-5.1.2","org.axonframework.modelling.entity.child.FieldChildEntityFieldDefinition",1,5,"axon-messaging-5.1.2","org.axonframework.messaging.core.QualifiedName",68,3,""
0.2,"axon-test-5.1.2","org.axonframework.test.fixture.AxonTestPhase$Given",4,8,"axon-test-5.1.2","org.axonframework.test.fixture.AxonTestPhase$When",12,5,""
0.2,"axon-test-5.1.2","org.axonframework.test.fixture.AxonTestPhase$Then$Command",5,3,"axon-messaging-5.1.2","org.axonframework.messaging.monitoring.MessageMonitor$MonitorCallback",21,1,""
0.2,"axon-test-5.1.2","org.axonframework.test.fixture.AxonTestPhase$Then$Message",8,3,"axon-test-5.1.2","org.axonframework.test.fixture.AxonTestPhase",0,12,""
0.2,"axon-test-5.1.2","org.axonframework.test.fixture.AxonTestPhase$When",12,5,"axon-test-5.1.2","org.axonframework.test.fixture.AxonTestPhase$Given",4,8,""
0.2,"axon-test-5.1.2","org.axonframework.test.fixture.CommandValidator",1,7,"axon-messaging-5.1.2","org.axonframework.messaging.commandhandling.SimpleCommandBus",1,15,""
0.2,"axon-test-5.1.2","org.axonframework.test.fixture.MessagesRecordingConfigurationEnhancer",1,11,"axon-common-5.1.2","org.axonframework.common.configuration.BaseModule",7,6,""
0.2,"axon-test-5.1.2","org.axonframework.test.matchers.MatchAllFieldFilter",1,1,"axon-test-5.1.2","org.axonframework.test.matchers.AllFieldsFilter",2,1,""
0.2,"axon-test-5.1.2","org.axonframework.test.util.DefaultCallbackBehavior",1,2,"axon-messaging-5.1.2","org.axonframework.messaging.commandhandling.MetadataRoutingStrategy",0,3,""
0.2,"axon-test-5.1.2","org.axonframework.test.util.MessageMonitorReport$Report",5,4,"axon-messaging-5.1.2","org.axonframework.messaging.tracing.attributes.AggregateIdentifierSpanAttributesProvider",0,2,""
0.19858156028368795,"axon-server-connector-5.1.2","io.axoniq.framework.axonserver.connector.event.AggregateBasedAxonServerEventStorageEngine",1,36,"axon-server-connector-5.1.2","io.axoniq.framework.axonserver.connector.event.TaggedEventConverter",3,10,""
0.19811320754716982,"axon-eventsourcing-5.1.2","org.axonframework.eventsourcing.eventstore.DefaultEventStoreTransaction",1,19,"axon-messaging-5.1.2","org.axonframework.messaging.core.unitofwork.ResourceOverridingProcessingContext",3,5,""
0.1978021978021978,"axon-eventsourcing-5.1.2","org.axonframework.eventsourcing.configuration.SimpleEventSourcedEntityModule",6,41,"axon-messaging-5.1.2","org.axonframework.messaging.eventhandling.processing.streaming.pooled.PooledStreamingEventProcessorModule",2,27,""
0.1978021978021978,"axon-messaging-5.1.2","org.axonframework.messaging.eventhandling.processing.streaming.pooled.PooledStreamingEventProcessorModule",2,27,"axon-eventsourcing-5.1.2","org.axonframework.eventsourcing.configuration.SimpleEventSourcedEntityModule",6,41,""
0.19718309859154928,"axon-server-connector-5.1.2","io.axoniq.framework.axonserver.connector.event.AxonServerEventStorageEngineFactory",1,10,"axon-common-5.1.2","org.axonframework.common.configuration.AbstractComponent",3,9,""
0.19718309859154928,"axon-common-5.1.2","org.axonframework.common.configuration.AbstractComponent",3,9,"axon-server-connector-5.1.2","io.axoniq.framework.axonserver.connector.event.AxonServerEventStorageEngineFactory",1,10,""
0.19626168224299065,"axon-common-5.1.2","org.axonframework.common.configuration.DefaultComponentRegistry$LocalConfiguration",1,10,"axon-common-5.1.2","org.axonframework.common.configuration.AbstractComponent",3,9,""
0.19607843137254902,"axon-server-connector-5.1.2","io.axoniq.framework.axonserver.connector.query.QueryConverter",6,14,"axon-messaging-5.1.2","org.axonframework.messaging.queryhandling.GenericQueryResponseMessage",2,9,""
0.1951219512195122,"axon-eventsourcing-5.1.2","org.axonframework.eventsourcing.eventstore.SnapshotCapableEventStorageEngine",1,20,"axon-eventsourcing-5.1.2","org.axonframework.eventsourcing.eventstore.StorageEngineBackedEventStore",1,19,""
0.1951219512195122,"axon-messaging-5.1.2","org.axonframework.messaging.core.interception.DispatchInterceptorRegistry",5,11,"axon-test-5.1.2","org.axonframework.test.fixture.AxonTestPhase$Then$MessageAssertions",6,4,""
0.19487179487179487,"axon-messaging-5.1.2","org.axonframework.messaging.core.interception.DefaultDispatchInterceptorRegistry",7,26,"axon-messaging-5.1.2","org.axonframework.messaging.core.interception.DispatchInterceptorRegistry",5,11,""
0.19480519480519481,"axon-eventsourcing-5.1.2","org.axonframework.eventsourcing.configuration.EventSourcingConfigurationDefaults",1,15,"axon-test-5.1.2","org.axonframework.test.fixture.MessagesRecordingConfigurationEnhancer",1,11,""
0.19480519480519481,"axon-test-5.1.2","org.axonframework.test.fixture.MessagesRecordingConfigurationEnhancer",1,11,"axon-eventsourcing-5.1.2","org.axonframework.eventsourcing.configuration.EventSourcingConfigurationDefaults",1,15,""
0.19393939393939394,"axon-modelling-5.1.2","org.axonframework.modelling.annotation.AnnotationBasedEntityEvolvingComponent",1,17,"axon-modelling-5.1.2","org.axonframework.modelling.entity.annotation.AnnotatedEntityMetamodel",13,32,""
0.1935483870967742,"axon-messaging-5.1.2","org.axonframework.messaging.eventhandling.processing.streaming.segmenting.SegmentChangeListener",5,2,"axon-messaging-5.1.2","org.axonframework.messaging.eventhandling.processing.streaming.segmenting.SimpleSegmentChangeListener",1,2,""
0.1935483870967742,"axon-modelling-5.1.2","org.axonframework.modelling.entity.annotation.ListEntityChildModelDefinition",0,11,"axon-modelling-5.1.2","org.axonframework.modelling.entity.child.ListEntityChildMetamodel$Builder",3,6,""
0.1927710843373494,"axon-conversion-5.1.2","org.axonframework.conversion.avro.AvroConverter",0,10,"axon-conversion-5.1.2","org.axonframework.conversion.jackson.JacksonConverter",1,9,""
0.1927710843373494,"axon-conversion-5.1.2","org.axonframework.conversion.avro.AvroConverter",0,10,"axon-conversion-5.1.2","org.axonframework.conversion.jackson2.Jackson2Converter",0,9,""
0.1927710843373494,"axon-conversion-5.1.2","org.axonframework.conversion.jackson.JacksonConverter",1,9,"axon-conversion-5.1.2","org.axonframework.conversion.avro.AvroConverter",0,10,""
0.1927710843373494,"axon-conversion-5.1.2","org.axonframework.conversion.jackson2.Jackson2Converter",0,9,"axon-conversion-5.1.2","org.axonframework.conversion.avro.AvroConverter",0,10,""
0.19230769230769232,"axoniq-spring-boot-autoconfigure-5.1.2","io.axoniq.framework.springboot.autoconfig.DeadLetterQueueAutoConfiguration",0,7,"axon-messaging-5.1.2","org.axonframework.messaging.eventhandling.processing.streaming.pooled.PooledStreamingEventProcessorModule$Customization",3,2,""
0.19230769230769232,"axon-messaging-5.1.2","org.axonframework.messaging.core.interception.DefaultHandlerInterceptorRegistry",6,24,"axon-messaging-5.1.2","org.axonframework.messaging.core.interception.HandlerInterceptorRegistry",4,10,""
0.19230769230769232,"axon-messaging-5.1.2","org.axonframework.messaging.eventhandling.processing.streaming.pooled.PooledStreamingEventProcessorModule$Customization",3,2,"axoniq-spring-boot-autoconfigure-5.1.2","io.axoniq.framework.springboot.autoconfig.DeadLetterQueueAutoConfiguration",0,7,""
0.19230769230769232,"axon-modelling-5.1.2","org.axonframework.modelling.annotation.InjectEntityParameterResolverFactory",1,9,"axon-messaging-5.1.2","org.axonframework.messaging.core.configuration.reflection.ConfigurationParameterResolverFactory",1,5,""
0.19117647058823528,"axon-common-5.1.2","org.axonframework.common.configuration.HierarchicalLifecycleRegistry",1,3,"axon-common-5.1.2","org.axonframework.common.configuration.AbstractComponent",3,9,""
0.19047619047619047,"axon-server-connector-5.1.2","io.axoniq.framework.axonserver.connector.command.CommandConverter",2,13,"axon-test-5.1.2","org.axonframework.test.util.RecordingCommandBus",1,15,""
0.19047619047619047,"axon-test-5.1.2","org.axonframework.test.fixture.AxonTestThenNothing",2,6,"axon-test-5.1.2","org.axonframework.test.fixture.AxonTestWhen$Nothing",1,7,""
0.19047619047619047,"axon-test-5.1.2","org.axonframework.test.util.RecordingMessageMonitor$1",1,8,"axon-test-5.1.2","org.axonframework.test.util.MessageMonitorReport$Report",5,4,""
0.1891891891891892,"axon-modelling-5.1.2","org.axonframework.modelling.entity.annotation.AnnotatedEntityModelRoutingKeyMatcher",2,8,"axon-modelling-5.1.2","org.axonframework.modelling.PropertyBasedEntityIdResolver",1,8,""
0.1875,"axon-common-5.1.2","org.axonframework.common.configuration.ComponentDefinition$IncompleteComponentDefinition",18,2,"axon-common-5.1.2","org.axonframework.common.configuration.ComponentDefinition$2",1,7,""
0.1875,"axon-messaging-5.1.2","org.axonframework.messaging.core.SimpleHandlerAttributes",1,1,"axon-messaging-5.1.2","org.axonframework.messaging.core.annotation.AnnotatedHandlerAttributes",1,4,""
0.1875,"axon-messaging-5.1.2","org.axonframework.messaging.core.annotation.AnnotatedHandlerAttributes",1,4,"axon-messaging-5.1.2","org.axonframework.messaging.core.SimpleHandlerAttributes",1,1,""
0.1875,"axon-messaging-5.1.2","org.axonframework.messaging.eventhandling.processing.streaming.token.annotation.TrackingTokenParameterResolverFactory",0,4,"axon-messaging-5.1.2","org.axonframework.messaging.eventhandling.replay.annotation.ReplayContextParameterResolverFactory$ReplayContextParameterResolver",1,7,""
0.18614718614718614,"axon-modelling-5.1.2","org.axonframework.modelling.configuration.SimpleStateBasedEntityModule",4,28,"axon-messaging-5.1.2","org.axonframework.messaging.eventhandling.processing.streaming.pooled.PooledStreamingEventProcessorModule",2,27,""
0.18592964824120603,"axon-messaging-5.1.2","org.axonframework.messaging.eventhandling.processing.subscribing.SubscribingEventProcessorModule",2,23,"axon-modelling-5.1.2","org.axonframework.modelling.configuration.SimpleStateBasedEntityModule",4,28,""
0.18518518518518517,"axon-server-connector-5.1.2","io.axoniq.framework.axonserver.connector.event.AxonServerEventStorageEngine",2,19,"axon-server-connector-5.1.2","io.axoniq.framework.axonserver.connector.event.StreamingEventMessageStream",1,10,""
0.18518518518518517,"axon-eventsourcing-5.1.2","org.axonframework.eventsourcing.eventstore.SnapshotCapableEventStorageEngine",1,20,"axon-eventsourcing-5.1.2","org.axonframework.eventsourcing.eventstore.EventStorageEngine",10,11,""
0.18518518518518517,"axon-messaging-5.1.2","org.axonframework.messaging.core.unitofwork.TransactionalUnitOfWorkFactory",1,4,"axon-messaging-5.1.2","org.axonframework.messaging.eventhandling.processing.streaming.pooled.ClaimTask",1,8,""
0.18473895582329317,"axon-messaging-5.1.2","org.axonframework.messaging.eventhandling.processing.streaming.pooled.PooledStreamingEventProcessor",2,43,"axon-messaging-5.1.2","org.axonframework.messaging.eventhandling.processing.subscribing.SubscribingEventProcessor",4,23,""
0.18439716312056736,"axon-messaging-5.1.2","org.axonframework.messaging.eventhandling.processing.streaming.pooled.Coordinator$Builder",2,15,"axon-messaging-5.1.2","org.axonframework.messaging.eventhandling.processing.streaming.pooled.PooledStreamingEventProcessorConfiguration",6,31,""
0.18439716312056736,"axon-messaging-5.1.2","org.axonframework.messaging.eventhandling.processing.streaming.pooled.PooledStreamingEventProcessorConfiguration",6,31,"axon-messaging-5.1.2","org.axonframework.messaging.eventhandling.processing.streaming.pooled.Coordinator$Builder",2,15,""
0.18421052631578946,"axon-messaging-5.1.2","org.axonframework.messaging.commandhandling.gateway.ConvertingCommandGateway",1,7,"axon-modelling-5.1.2","org.axonframework.modelling.entity.annotation.AnnotatedEntityIdResolver",1,10,""
0.18421052631578946,"axon-messaging-5.1.2","org.axonframework.messaging.commandhandling.gateway.DefaultCommandGateway",1,13,"axon-test-5.1.2","org.axonframework.test.util.RecordingCommandBus",1,15,""
0.18421052631578946,"axon-messaging-5.1.2","org.axonframework.messaging.eventhandling.processing.streaming.token.ReplayToken",9,3,"axon-messaging-5.1.2","org.axonframework.messaging.eventhandling.processing.streaming.token.GlobalSequenceTrackingToken",8,2,""
0.184,"axon-test-5.1.2","org.axonframework.test.fixture.AxonTestFixture",3,16,"axon-test-5.1.2","org.axonframework.test.fixture.AxonTestWhen",5,25,""
0.184,"axon-test-5.1.2","org.axonframework.test.fixture.AxonTestWhen",5,25,"axon-test-5.1.2","org.axonframework.test.fixture.AxonTestFixture",3,16,""
0.1836734693877551,"axon-messaging-5.1.2","org.axonframework.messaging.core.annotation.MessageStreamResolverUtils",1,9,"axon-messaging-5.1.2","org.axonframework.messaging.core.DelegatingMessageStream",2,2,""
0.18360655737704917,"axon-server-connector-5.1.2","io.axoniq.framework.axonserver.connector.configuration.AxonServerConfigurationEnhancer",1,27,"axon-eventsourcing-5.1.2","org.axonframework.eventsourcing.configuration.SimpleEventSourcedEntityModule",6,41,""
0.18309859154929578,"axon-update-5.1.2","org.axonframework.update.UpdateChecker",1,11,"axon-update-5.1.2","org.axonframework.update.UpdateCheckerConfigurationEnhancer",0,13,""
0.18309859154929578,"axon-update-5.1.2","org.axonframework.update.UpdateCheckerConfigurationEnhancer",0,13,"axon-update-5.1.2","org.axonframework.update.UpdateChecker",1,11,""
0.18269230769230768,"axon-server-connector-5.1.2","io.axoniq.framework.axonserver.connector.query.AxonServerQueryBusConnector",3,16,"axon-messaging-5.1.2","org.axonframework.messaging.queryhandling.annotation.AnnotatedQueryHandlingComponent",1,23,""
0.18181818181818182,"axon-server-connector-5.1.2","io.axoniq.framework.axonserver.connector.api.command.AxonServerCommandDispatchException",1,1,"axon-messaging-5.1.2","org.axonframework.messaging.commandhandling.UnresolvedRoutingKeyPolicy",0,3,""
0.18181818181818182,"axon-server-connector-5.1.2","io.axoniq.framework.axonserver.connector.query.QueryResponseMessageStream",1,7,"axon-server-connector-5.1.2","io.axoniq.framework.axonserver.connector.api.query.AxonServerQueryDispatchException",1,1,""
0.18181818181818182,"axon-server-connector-5.1.2","io.axoniq.framework.axonserver.connector.query.QueryResponseMessageStream",1,7,"axon-messaging-5.1.2","org.axonframework.messaging.core.HandlerExecutionException",3,1,""
0.18181818181818182,"axon-common-5.1.2","org.axonframework.common.configuration.DecoratorDefinition$PartialDecoratorDefinition",6,2,"axon-common-5.1.2","org.axonframework.common.configuration.DecoratorDefinition$2",1,5,""
0.18181818181818182,"axon-common-5.1.2","org.axonframework.common.jdbc.ConnectionWrapperFactory",0,2,"axon-common-5.1.2","org.axonframework.common.jdbc.ConnectionWrapperFactory$NoOpCloseHandler",1,1,""
0.18181818181818182,"axon-common-5.1.2","org.axonframework.common.jdbc.ConnectionWrapperFactory$NoOpCloseHandler",1,1,"axon-common-5.1.2","org.axonframework.common.jdbc.ConnectionWrapperFactory",0,2,""
0.18181818181818182,"axon-common-5.1.2","org.axonframework.common.lock.PessimisticLockFactory$Builder",1,2,"axon-messaging-5.1.2","org.axonframework.messaging.core.QualifiedName",68,3,""
0.18181818181818182,"axon-common-5.1.2","org.axonframework.common.lock.PessimisticLockFactory$Builder",1,2,"axon-messaging-5.1.2","org.axonframework.messaging.core.annotation.AbstractAnnotatedParameterResolverFactory",5,5,""
0.18181818181818182,"axon-eventsourcing-5.1.2","org.axonframework.eventsourcing.eventstore.ConsistencyMarkers",0,2,"axon-eventsourcing-5.1.2","org.axonframework.eventsourcing.eventstore.ConsistencyMarker",24,5,""
0.18181818181818182,"axon-eventsourcing-5.1.2","org.axonframework.eventsourcing.eventstore.DefaultSourcingCondition",1,5,"axon-eventsourcing-5.1.2","org.axonframework.eventsourcing.eventstore.SourcingStrategy$Absolute",5,3,""
0.18181818181818182,"axon-eventsourcing-5.1.2","org.axonframework.eventsourcing.eventstore.DefaultSourcingCondition",1,5,"axon-eventsourcing-5.1.2","org.axonframework.eventsourcing.eventstore.SourcingStrategy$Snapshot",4,3,""
0.18181818181818182,"axon-metrics-micrometer-5.1.2","org.axonframework.extension.metrics.micrometer.CapacityMonitor$1",1,3,"axon-messaging-5.1.2","org.axonframework.messaging.monitoring.NoOpMessageMonitorCallback",2,1,""
0.18181818181818182,"axon-metrics-micrometer-5.1.2","org.axonframework.extension.metrics.micrometer.MessageTimerMonitor$1",1,2,"axon-messaging-5.1.2","org.axonframework.messaging.monitoring.NoOpMessageMonitor",4,4,""
0.18181818181818182,"axon-messaging-5.1.2","org.axonframework.messaging.commandhandling.annotation.CommandDispatcherParameterResolverFactory",2,5,"axon-messaging-5.1.2","org.axonframework.messaging.core.annotation.SimpleResourceParameterResolverFactory",0,4,""
0.18181818181818182,"axon-messaging-5.1.2","org.axonframework.messaging.core.QualifiedName",68,3,"axon-common-5.1.2","org.axonframework.common.lock.PessimisticLockFactory$Builder",1,2,""
0.18181818181818182,"axon-messaging-5.1.2","org.axonframework.messaging.core.annotation.AnnotatedMessageHandlingMemberDefinition",0,8,"axon-messaging-5.1.2","org.axonframework.messaging.core.annotation.HandlerEnhancerDefinition",11,1,""
0.18181818181818182,"axon-messaging-5.1.2","org.axonframework.messaging.core.unitofwork.transaction.jpa.EntityManagerTransactionManager",2,13,"axon-messaging-5.1.2","org.axonframework.messaging.core.unitofwork.UnitOfWork",17,10,""
0.18181818181818182,"axon-messaging-5.1.2","org.axonframework.messaging.eventhandling.annotation.EventAppenderParameterResolverFactory",2,4,"axon-messaging-5.1.2","org.axonframework.messaging.eventhandling.replay.annotation.ReplayContextParameterResolverFactory",0,4,""
0.18181818181818182,"axon-messaging-5.1.2","org.axonframework.messaging.eventhandling.processing.streaming.token.annotation.TrackingTokenParameterResolverFactory",0,4,"axon-messaging-5.1.2","org.axonframework.messaging.core.annotation.SimpleResourceParameterResolverFactory",0,4,""
0.18181818181818182,"axon-messaging-5.1.2","org.axonframework.messaging.eventhandling.processing.streaming.token.annotation.TrackingTokenParameterResolverFactory",0,4,"axon-messaging-5.1.2","org.axonframework.messaging.eventhandling.processing.streaming.pooled.WorkPackage$ProcessingEntry",3,3,""
0.18181818181818182,"axon-messaging-5.1.2","org.axonframework.messaging.eventhandling.replay.annotation.ReplayContextParameterResolverFactory",0,4,"axon-messaging-5.1.2","org.axonframework.messaging.eventhandling.replay.annotation.ReplayParameterResolverFactory",0,4,""
0.18181818181818182,"axon-messaging-5.1.2","org.axonframework.messaging.eventhandling.replay.annotation.ReplayParameterResolverFactory",0,4,"axon-messaging-5.1.2","org.axonframework.messaging.eventhandling.replay.annotation.ReplayContextParameterResolverFactory",0,4,""
0.18181818181818182,"axon-messaging-5.1.2","org.axonframework.messaging.eventhandling.replay.annotation.ReplayParameterResolverFactory",0,4,"axon-test-5.1.2","org.axonframework.test.FixtureResourceParameterResolverFactory",0,4,""
0.18181818181818182,"axon-messaging-5.1.2","org.axonframework.messaging.queryhandling.QueryUpdateEmitterParameterResolverFactory",2,5,"axon-messaging-5.1.2","org.axonframework.messaging.core.annotation.SimpleResourceParameterResolverFactory",0,4,""
0.18181818181818182,"axon-modelling-5.1.2","org.axonframework.modelling.annotation.InjectEntity",1,2,"axon-modelling-5.1.2","org.axonframework.modelling.entity.annotation.AnnotatedEntityIdResolverDefinition",1,7,""
0.18181818181818182,"axon-modelling-5.1.2","org.axonframework.modelling.configuration.StateBasedEntityModule",3,6,"axon-modelling-5.1.2","org.axonframework.modelling.configuration.SimpleStateBasedEntityModule$1",1,3,""
0.18181818181818182,"axon-modelling-5.1.2","org.axonframework.modelling.configuration.StateBasedEntityModule",3,6,"axon-modelling-5.1.2","org.axonframework.modelling.configuration.SimpleStateBasedEntityModule$2",1,3,""
0.18181818181818182,"axon-modelling-5.1.2","org.axonframework.modelling.configuration.StateBasedEntityModule",3,6,"axon-modelling-5.1.2","org.axonframework.modelling.configuration.SimpleStateBasedEntityModule$3",1,3,""
0.18181818181818182,"axon-modelling-5.1.2","org.axonframework.modelling.entity.annotation.AnnotatedEntityIdResolverDefinition",1,7,"axon-modelling-5.1.2","org.axonframework.modelling.annotation.InjectEntity",1,2,""
0.18181818181818182,"axon-update-5.1.2","org.axonframework.update.configuration.PropertyFileUsagePropertyProvider",1,3,"axon-update-5.1.2","org.axonframework.update.configuration.HierarchicalUsagePropertyProvider",1,2,""
0.18120805369127516,"axon-messaging-5.1.2","org.axonframework.messaging.queryhandling.configuration.SimpleQueryHandlingModule",1,16,"axon-modelling-5.1.2","org.axonframework.modelling.configuration.SimpleStateBasedEntityModule",4,28,""
0.1810344827586207,"axon-test-5.1.2","org.axonframework.test.fixture.AxonTestThenMessage",3,20,"axon-test-5.1.2","org.axonframework.test.fixture.Reporter",3,2,""
0.1810344827586207,"axon-test-5.1.2","org.axonframework.test.fixture.Reporter",3,2,"axon-test-5.1.2","org.axonframework.test.fixture.AxonTestThenMessage",3,20,""
0.18085106382978725,"axon-test-5.1.2","org.axonframework.test.fixture.AxonTestWhen",5,25,"axon-messaging-5.1.2","org.axonframework.messaging.eventhandling.gateway.EventPublishingUtils",2,5,""
0.18032786885245902,"axon-server-connector-5.1.2","io.axoniq.framework.axonserver.connector.event.EventProcessorControlService",2,15,"axon-messaging-5.1.2","org.axonframework.messaging.eventhandling.processing.streaming.pooled.ClaimTask",1,8,""
0.18,"axon-messaging-5.1.2","org.axonframework.messaging.eventhandling.processing.subscribing.SubscribingEventProcessorConfiguration",5,16,"axon-messaging-5.1.2","org.axonframework.messaging.eventhandling.configuration.EventProcessorCustomization",3,2,""
0.1794871794871795,"axon-messaging-5.1.2","org.axonframework.messaging.queryhandling.tracing.DefaultQueryUpdateEmitterSpanFactory",1,6,"axon-messaging-5.1.2","org.axonframework.messaging.commandhandling.tracing.DefaultCommandBusSpanFactory",1,6,""
0.1794871794871795,"axon-test-5.1.2","org.axonframework.test.fixture.AxonTestThenEvent",1,10,"axon-test-5.1.2","org.axonframework.test.fixture.AxonTestThenNothing",2,6,""
0.1794871794871795,"axon-test-5.1.2","org.axonframework.test.fixture.AxonTestThenNothing",2,6,"axon-test-5.1.2","org.axonframework.test.fixture.AxonTestThenEvent",1,10,""
0.17857142857142858,"axon-messaging-5.1.2","org.axonframework.messaging.queryhandling.SimpleQueryBus",1,22,"axon-messaging-5.1.2","org.axonframework.messaging.queryhandling.gateway.DefaultQueryGateway",1,16,""
0.17647058823529413,"axon-server-connector-5.1.2","io.axoniq.framework.axonserver.connector.event.AggregateBasedAxonServerEventStorageEngine$1",1,6,"axon-eventsourcing-5.1.2","org.axonframework.eventsourcing.eventstore.EmptyAppendTransaction",3,2,""
0.17647058823529413,"axon-eventsourcing-5.1.2","org.axonframework.eventsourcing.eventstore.jpa.AggregateBasedJpaEventStorageEngine$2",1,6,"axon-eventsourcing-5.1.2","org.axonframework.eventsourcing.eventstore.EmptyAppendTransaction",3,2,""
0.17647058823529413,"axon-messaging-5.1.2","org.axonframework.messaging.core.HierarchicalMessageTypeResolver",1,2,"axon-messaging-5.1.2","org.axonframework.messaging.core.annotation.AnnotationMessageTypeResolver",2,8,""
0.17647058823529413,"axon-messaging-5.1.2","org.axonframework.messaging.core.annotation.AnnotationMessageTypeResolver",2,8,"axon-messaging-5.1.2","org.axonframework.messaging.core.HierarchicalMessageTypeResolver",1,2,""
0.17647058823529413,"axon-messaging-5.1.2","org.axonframework.messaging.core.unitofwork.transaction.jpa.EntityManagerTransactionManager",2,13,"axon-messaging-5.1.2","org.axonframework.messaging.core.unitofwork.LegacyMessageSupportingContext",1,7,""
0.17647058823529413,"axon-messaging-5.1.2","org.axonframework.messaging.eventhandling.configuration.DefaultEventHandlingComponentsConfigurer",2,9,"axon-messaging-5.1.2","org.axonframework.messaging.eventhandling.DelegatingEventHandlingComponent",5,9,""
0.17647058823529413,"axon-messaging-5.1.2","org.axonframework.messaging.eventhandling.processing.streaming.pooled.PooledStreamingEventProcessorModule$Customization",3,2,"axon-messaging-5.1.2","org.axonframework.messaging.core.configuration.reflection.ConfigurationParameterResolverFactory",1,5,""
0.17647058823529413,"axon-messaging-5.1.2","org.axonframework.messaging.eventhandling.processing.streaming.pooled.WorkPackage$BatchProcessingEntry",1,4,"axon-messaging-5.1.2","org.axonframework.messaging.eventhandling.processing.streaming.token.store.inmemory.InMemoryTokenStore$SegmentAndToken",1,2,""
0.17647058823529413,"axon-messaging-5.1.2","org.axonframework.messaging.eventhandling.processing.subscribing.SubscribingEventProcessorModule$Customization",2,2,"axon-messaging-5.1.2","org.axonframework.messaging.core.configuration.reflection.ConfigurationParameterResolverFactory",1,5,""
0.17647058823529413,"axon-test-5.1.2","org.axonframework.test.fixture.RecordingComponentsRegistry",8,3,"axon-test-5.1.2","org.axonframework.test.fixture.RecordingEventBus",1,8,""
0.17543859649122806,"axon-messaging-5.1.2","org.axonframework.messaging.eventhandling.processing.streaming.pooled.Coordinator$CoordinationTask",1,23,"axon-messaging-5.1.2","org.axonframework.messaging.eventhandling.processing.streaming.pooled.WorkPackage",8,22,""
0.175,"axon-metrics-micrometer-5.1.2","org.axonframework.extension.metrics.micrometer.MetricsConfigurationEnhancer",1,21,"axon-messaging-5.1.2","org.axonframework.messaging.monitoring.configuration.DefaultMessageMonitorRegistry",7,26,""
0.175,"axon-test-5.1.2","org.axonframework.test.fixture.CommandValidator",1,7,"axon-messaging-5.1.2","org.axonframework.messaging.commandhandling.UnresolvedRoutingKeyPolicy",0,3,""
0.1746031746031746,"axon-eventsourcing-5.1.2","org.axonframework.eventsourcing.configuration.EventSourcingConfigurationDefaults",1,15,"axon-common-5.1.2","org.axonframework.common.configuration.BaseModule",7,6,""
0.1746031746031746,"axon-messaging-5.1.2","org.axonframework.messaging.eventhandling.processing.subscribing.SubscribingEventProcessorModule$Customization",2,2,"axon-messaging-5.1.2","org.axonframework.messaging.eventhandling.processing.subscribing.SubscribingEventProcessorsConfigurer",1,14,""
0.1746031746031746,"axon-messaging-5.1.2","org.axonframework.messaging.eventhandling.processing.subscribing.SubscribingEventProcessorsConfigurer",1,14,"axon-messaging-5.1.2","org.axonframework.messaging.eventhandling.processing.subscribing.SubscribingEventProcessorModule$Customization",2,2,""
0.17446808510638298,"axon-messaging-5.1.2","org.axonframework.messaging.eventhandling.processing.streaming.pooled.PooledStreamingEventProcessor",2,43,"axon-messaging-5.1.2","org.axonframework.messaging.eventhandling.processing.streaming.pooled.SplitTask",1,10,""
0.17391304347826086,"axon-messaging-5.1.2","org.axonframework.messaging.core.MessageType",62,3,"axon-eventsourcing-5.1.2","org.axonframework.eventsourcing.snapshot.inmemory.InMemorySnapshotStore",0,3,""
0.1724137931034483,"axon-messaging-5.1.2","org.axonframework.messaging.core.unitofwork.SimpleUnitOfWorkFactory",2,4,"axon-messaging-5.1.2","org.axonframework.messaging.core.unitofwork.TransactionalUnitOfWorkFactory",1,4,""
0.1724137931034483,"axon-messaging-5.1.2","org.axonframework.messaging.core.unitofwork.TransactionalUnitOfWorkFactory",1,4,"axon-messaging-5.1.2","org.axonframework.messaging.core.unitofwork.SimpleUnitOfWorkFactory",2,4,""
0.171875,"axon-messaging-5.1.2","org.axonframework.messaging.eventhandling.configuration.DefaultEventHandlingComponentsConfigurer",2,9,"axon-messaging-5.1.2","org.axonframework.messaging.eventhandling.processing.subscribing.SubscribingEventProcessorModule",2,23,""
0.1717171717171717,"axon-messaging-5.1.2","org.axonframework.messaging.eventhandling.processing.streaming.pooled.Coordinator",3,24,"axon-messaging-5.1.2","org.axonframework.messaging.eventhandling.processing.streaming.pooled.Coordinator$Builder",2,15,""
0.1717171717171717,"axon-messaging-5.1.2","org.axonframework.messaging.eventhandling.processing.streaming.pooled.Coordinator$Builder",2,15,"axon-messaging-5.1.2","org.axonframework.messaging.eventhandling.processing.streaming.pooled.Coordinator",3,24,""
0.17142857142857143,"axon-common-5.1.2","org.axonframework.common.configuration.DefaultAxonApplication$AxonConfigurationImpl",1,10,"axon-common-5.1.2","org.axonframework.common.configuration.LifecycleRegistry",16,3,""
0.17073170731707318,"axon-eventsourcing-5.1.2","org.axonframework.eventsourcing.annotation.AnnotationBasedEventCriteriaResolver",2,12,"axon-modelling-5.1.2","org.axonframework.modelling.entity.child.FieldChildEntityFieldDefinition",1,5,""
0.17073170731707318,"axon-modelling-5.1.2","org.axonframework.modelling.entity.child.FieldChildEntityFieldDefinition",1,5,"axon-eventsourcing-5.1.2","org.axonframework.eventsourcing.annotation.AnnotationBasedEventCriteriaResolver",2,12,""
0.1705685618729097,"axon-server-connector-5.1.2","io.axoniq.framework.axonserver.connector.configuration.AxonServerConfigurationEnhancer",1,27,"axon-messaging-5.1.2","org.axonframework.messaging.eventhandling.processing.streaming.pooled.PooledStreamingEventProcessorModule",2,27,""
0.1702127659574468,"axon-update-5.1.2","org.axonframework.update.LoggingUpdateCheckerReporter",1,7,"axon-update-5.1.2","org.axonframework.update.detection.AxonVersionDetector",1,2,""
0.1702127659574468,"axon-update-5.1.2","org.axonframework.update.detection.AxonVersionDetector",1,2,"axon-update-5.1.2","org.axonframework.update.LoggingUpdateCheckerReporter",1,7,""
0.16981132075471697,"axon-messaging-5.1.2","org.axonframework.messaging.core.annotation.MessageStreamResolverUtils",1,9,"axon-messaging-5.1.2","org.axonframework.messaging.core.MessageStreamUtils$Reducer",1,3,""
0.16923076923076924,"axon-common-5.1.2","org.axonframework.common.configuration.ComponentDefinition",20,7,"axon-update-5.1.2","org.axonframework.update.UpdateCheckerConfigurationEnhancer",0,13,""
0.16923076923076924,"axon-update-5.1.2","org.axonframework.update.UpdateCheckerConfigurationEnhancer",0,13,"axon-common-5.1.2","org.axonframework.common.configuration.ComponentDefinition",20,7,""
0.16853932584269662,"axon-server-connector-5.1.2","io.axoniq.framework.axonserver.connector.query.AxonServerQueryBusConnector",3,16,"axon-messaging-5.1.2","org.axonframework.messaging.queryhandling.SimpleQueryHandlingComponent",2,14,""
0.16842105263157894,"axon-test-5.1.2","org.axonframework.test.fixture.AxonTestGiven",1,21,"axon-messaging-5.1.2","org.axonframework.messaging.eventhandling.gateway.EventPublishingUtils",2,5,""
0.16666666666666666,"axon-server-connector-5.1.2","io.axoniq.framework.axonserver.connector.command.AxonServerCommandBusConnector",2,13,"axon-test-5.1.2","org.axonframework.test.util.RecordingCommandBus",1,15,""
0.16666666666666666,"axon-common-5.1.2","org.axonframework.common.Assert",33,1,"axon-eventsourcing-5.1.2","org.axonframework.eventsourcing.eventstore.EventTypeResolver",2,3,""
0.16666666666666666,"axon-common-5.1.2","org.axonframework.common.AxonThreadFactory",2,1,"axon-common-5.1.2","org.axonframework.common.lock.PessimisticLockFactory$Builder",1,2,""
0.16666666666666666,"axon-common-5.1.2","org.axonframework.common.annotation.PriorityAnnotationComparator",3,2,"axon-messaging-5.1.2","org.axonframework.messaging.core.annotation.HandlerTypeResolver",0,5,""
0.16666666666666666,"axon-common-5.1.2","org.axonframework.common.annotation.PriorityAnnotationComparator",3,2,"axon-messaging-5.1.2","org.axonframework.messaging.core.annotation.SimpleResourceParameterResolverFactory",0,4,""
0.16666666666666666,"axon-common-5.1.2","org.axonframework.common.configuration.ComponentDefinition",20,7,"axon-messaging-5.1.2","org.axonframework.messaging.core.ConfigurationApplicationContext",2,3,""
0.16666666666666666,"axon-common-5.1.2","org.axonframework.common.configuration.ComponentDefinition$ComponentCreator",7,2,"axon-common-5.1.2","org.axonframework.common.configuration.DecoratorDefinition$CompletedDecoratorDefinition",3,3,""
0.16666666666666666,"axon-common-5.1.2","org.axonframework.common.configuration.DecoratorDefinition$PartialDecoratorDefinition",6,2,"axon-common-5.1.2","org.axonframework.common.configuration.DecoratorDefinition$CompletedDecoratorDefinition",3,3,""
0.16666666666666666,"axon-common-5.1.2","org.axonframework.common.property.AbstractMethodPropertyAccessStrategy",2,3,"axon-common-5.1.2","org.axonframework.common.property.PropertyAccessStrategy",5,1,""
0.16666666666666666,"axon-common-5.1.2","org.axonframework.common.property.DirectPropertyAccessStrategy",0,3,"axon-common-5.1.2","org.axonframework.common.property.PropertyAccessStrategy",5,1,""
0.16666666666666666,"axon-common-5.1.2","org.axonframework.common.property.MethodAccessedProperty",1,3,"axon-common-5.1.2","org.axonframework.common.IdentifierValidator",0,1,""
0.16666666666666666,"axon-common-5.1.2","org.axonframework.common.property.PropertyAccessStrategy",5,1,"axon-common-5.1.2","org.axonframework.common.property.DirectPropertyAccessStrategy",0,3,""
0.16666666666666666,"axon-conversion-5.1.2","org.axonframework.conversion.avro.SchemaIncompatibilityChecker",3,1,"axon-conversion-5.1.2","org.axonframework.conversion.avro.GenericRecordToByteArrayConverter",0,3,""
0.16666666666666666,"axon-eventsourcing-5.1.2","org.axonframework.eventsourcing.configuration.EventSourcedEntityModule$CriteriaResolverPhase",4,3,"axon-common-5.1.2","org.axonframework.common.configuration.ComponentDefinition$IncompleteComponentDefinition",18,2,""
0.16666666666666666,"axon-eventsourcing-5.1.2","org.axonframework.eventsourcing.configuration.EventSourcedEntityModule$EntityFactoryPhase",4,3,"axon-common-5.1.2","org.axonframework.common.configuration.ComponentDefinition$IncompleteComponentDefinition",18,2,""
0.16666666666666666,"axon-eventsourcing-5.1.2","org.axonframework.eventsourcing.configuration.EventSourcedEntityModule$OptionalPhase",4,5,"axon-modelling-5.1.2","org.axonframework.modelling.configuration.StateBasedEntityModule$RepositoryPhase",2,5,""
0.16666666666666666,"axon-eventsourcing-5.1.2","org.axonframework.eventsourcing.handler.SnapshottingEntityLifecycleHandler",1,25,"axon-eventsourcing-5.1.2","org.axonframework.eventsourcing.EventSourcingRepository",1,13,""
0.16666666666666666,"axon-metrics-micrometer-5.1.2","org.axonframework.extension.metrics.micrometer.CapacityMonitor$1",1,3,"axon-metrics-micrometer-5.1.2","org.axonframework.extension.metrics.micrometer.MessageCountingMonitor$1",1,2,""
0.16666666666666666,"axon-messaging-5.1.2","org.axonframework.messaging.commandhandling.configuration.CommandHandlingModule",5,5,"axon-messaging-5.1.2","org.axonframework.messaging.queryhandling.configuration.QueryHandlingModule",5,5,""
0.16666666666666666,"axon-messaging-5.1.2","org.axonframework.messaging.commandhandling.gateway.ConvertingCommandGateway",1,7,"axon-messaging-5.1.2","org.axonframework.messaging.commandhandling.gateway.CommandDispatcher",3,7,""
0.16666666666666666,"axon-messaging-5.1.2","org.axonframework.messaging.core.annotation.AnnotationMessageTypeResolver",2,8,"axon-messaging-5.1.2","org.axonframework.messaging.core.NamespaceMessageTypeResolver$Builder",1,4,""
0.16666666666666666,"axon-messaging-5.1.2","org.axonframework.messaging.core.annotation.MessageStreamResolverUtils",1,9,"axon-server-connector-5.1.2","io.axoniq.framework.axonserver.connector.query.FlowControlledResponseSender",1,7,""
0.16666666666666666,"axon-messaging-5.1.2","org.axonframework.messaging.eventhandling.configuration.EventProcessorModule$EventHandlingPhase",5,5,"axon-messaging-5.1.2","org.axonframework.messaging.eventhandling.configuration.EventProcessorModule$CustomizationPhase",6,3,""
0.16666666666666666,"axon-messaging-5.1.2","org.axonframework.messaging.monitoring.MessageMonitor$MonitorCallback",21,1,"axon-messaging-5.1.2","org.axonframework.messaging.commandhandling.CommandBus",17,5,""
0.16666666666666666,"axon-messaging-5.1.2","org.axonframework.messaging.queryhandling.configuration.QueryHandlingModule",5,5,"axon-messaging-5.1.2","org.axonframework.messaging.commandhandling.configuration.CommandHandlingModule",5,5,""
0.16666666666666666,"axon-modelling-5.1.2","org.axonframework.modelling.configuration.StateBasedEntityModule$EntityIdResolverPhase",3,4,"axon-modelling-5.1.2","org.axonframework.modelling.annotation.InjectEntity",1,2,""
0.16666666666666666,"axon-modelling-5.1.2","org.axonframework.modelling.configuration.StateBasedEntityModule$PersisterPhase",3,3,"axon-common-5.1.2","org.axonframework.common.configuration.ComponentDefinition$IncompleteComponentDefinition",18,2,""
0.16666666666666666,"axon-modelling-5.1.2","org.axonframework.modelling.configuration.StateBasedEntityModule$RepositoryPhase",2,5,"axon-eventsourcing-5.1.2","org.axonframework.eventsourcing.configuration.EventSourcedEntityModule$OptionalPhase",4,5,""
0.16666666666666666,"axon-modelling-5.1.2","org.axonframework.modelling.entity.annotation.AbstractEntityChildModelDefinition",2,13,"axon-modelling-5.1.2","org.axonframework.modelling.entity.annotation.ListEntityChildModelDefinition",0,11,""
0.16666666666666666,"axon-test-5.1.2","org.axonframework.test.fixture.AxonTestFixture$Customization",10,2,"axon-test-5.1.2","org.axonframework.test.matchers.AllFieldsFilter",2,1,""
0.16666666666666666,"axon-test-5.1.2","org.axonframework.test.fixture.AxonTestPhase$Then$Event",5,2,"axon-test-5.1.2","org.axonframework.test.fixture.AxonTestPhase$When$Nothing",4,3,""
0.16666666666666666,"axon-test-5.1.2","org.axonframework.test.fixture.AxonTestPhase$Then$Nothing",7,2,"axon-test-5.1.2","org.axonframework.test.fixture.AxonTestPhase$When$Nothing",4,3,""
0.16666666666666666,"axon-test-5.1.2","org.axonframework.test.matchers.ExactClassMatcher",1,1,"axon-eventsourcing-5.1.2","org.axonframework.eventsourcing.eventstore.EventTypeResolver",2,3,""
0.16666666666666666,"axon-test-5.1.2","org.axonframework.test.matchers.ExactClassMatcher",1,1,"axon-messaging-5.1.2","org.axonframework.messaging.core.sequencing.PropertySequencingPolicy",0,4,""
0.16666666666666666,"axon-update-5.1.2","org.axonframework.update.UpdateCheckerHttpClient",2,4,"axon-update-5.1.2","org.axonframework.update.configuration.CommandLineUsagePropertyProvider",1,2,""
0.16666666666666666,"axon-update-5.1.2","org.axonframework.update.UpdateCheckerReporter",3,2,"axon-update-5.1.2","org.axonframework.update.UpdateCheckerHttpClient",2,4,""
0.16666666666666666,"axon-update-5.1.2","org.axonframework.update.configuration.EnvironmentVariableUsagePropertyProvider",1,3,"axon-update-5.1.2","org.axonframework.update.configuration.PropertyFileUsagePropertyProvider",1,3,""
0.1657754010695187,"axon-common-5.1.2","org.axonframework.common.configuration.DefaultComponentRegistry",4,26,"axon-common-5.1.2","org.axonframework.common.configuration.AbstractComponent",3,9,""
0.1650485436893204,"axon-common-5.1.2","org.axonframework.common.configuration.ComponentRegistry",39,12,"axon-server-connector-5.1.2","io.axoniq.framework.axonserver.connector.configuration.AxonServerConfigurationEnhancer",1,27,""
0.16455696202531644,"axon-messaging-5.1.2","org.axonframework.messaging.eventhandling.configuration.EventProcessingConfigurer",3,9,"axon-messaging-5.1.2","org.axonframework.messaging.eventhandling.processing.subscribing.SubscribingEventProcessorConfiguration",5,16,""
0.1643835616438356,"axon-messaging-5.1.2","org.axonframework.messaging.core.annotation.MultiHandlerDefinition",1,8,"axon-messaging-5.1.2","org.axonframework.messaging.core.annotation.AnnotatedHandlerInspector",5,16,""
0.1643835616438356,"axon-update-5.1.2","org.axonframework.update.UpdateCheckerConfigurationEnhancer",0,13,"axon-modelling-5.1.2","org.axonframework.modelling.configuration.SimpleStateBasedEntityModule",4,28,""
0.16363636363636364,"axon-server-connector-5.1.2","io.axoniq.framework.axonserver.connector.event.EventProcessorControlService",2,15,"axon-common-5.1.2","org.axonframework.common.configuration.LifecycleRegistry",16,3,""
0.16279069767441862,"axon-server-connector-5.1.2","io.axoniq.framework.axonserver.connector.command.AxonServerCommandBusConnector",2,13,"axon-messaging-5.1.2","org.axonframework.messaging.commandhandling.annotation.AnnotatedCommandHandlingComponent",1,22,""
0.16260162601626016,"axon-eventsourcing-5.1.2","org.axonframework.eventsourcing.eventstore.DefaultEventStoreTransaction",1,19,"axon-server-connector-5.1.2","io.axoniq.framework.axonserver.connector.event.AggregateBasedAxonServerEventStorageEngine",1,36,""
0.16216216216216217,"axon-common-5.1.2","org.axonframework.common.configuration.Components",2,6,"axon-common-5.1.2","org.axonframework.common.configuration.DecoratedComponent",1,8,""
0.16216216216216217,"axon-conversion-5.1.2","org.axonframework.conversion.ChainedConverter$RouteCalculator",1,2,"axon-conversion-5.1.2","org.axonframework.conversion.ChainingContentTypeConverter",3,5,""
0.16216216216216217,"axon-conversion-5.1.2","org.axonframework.conversion.ChainingContentTypeConverter",3,5,"axon-conversion-5.1.2","org.axonframework.conversion.ChainedConverter$RouteCalculator",1,2,""
0.16216216216216217,"axon-modelling-5.1.2","org.axonframework.modelling.annotation.InjectEntityParameterResolverFactory",1,9,"axon-modelling-5.1.2","org.axonframework.modelling.annotation.InjectEntityParameterResolver",1,8,""
0.16153846153846155,"axon-messaging-5.1.2","org.axonframework.messaging.eventhandling.processing.streaming.pooled.Coordinator",3,24,"axon-messaging-5.1.2","org.axonframework.messaging.eventhandling.processing.streaming.pooled.PooledStreamingEventProcessor",2,43,""
0.16129032258064516,"axon-common-5.1.2","org.axonframework.common.configuration.ApplicationConfigurer",5,3,"axon-common-5.1.2","org.axonframework.common.configuration.DefaultAxonApplication",2,9,""
0.16129032258064516,"axon-common-5.1.2","org.axonframework.common.configuration.DefaultAxonApplication",2,9,"axon-common-5.1.2","org.axonframework.common.configuration.ApplicationConfigurer",5,3,""
0.16,"axon-common-5.1.2","org.axonframework.common.configuration.ConfigurationExtensions",1,5,"axon-messaging-5.1.2","org.axonframework.messaging.eventhandling.EventSubscribers",1,6,""
0.16,"axon-eventsourcing-5.1.2","org.axonframework.eventsourcing.eventstore.jpa.AggregateBasedJpaEventStorageEngineConfiguration",1,5,"axon-messaging-5.1.2","org.axonframework.messaging.eventhandling.processing.streaming.token.store.jpa.JpaTokenStoreConfiguration",1,1,""
0.16,"axon-messaging-5.1.2","org.axonframework.messaging.core.annotation.AnnotationMessageTypeResolver",2,8,"axon-messaging-5.1.2","org.axonframework.messaging.queryhandling.SimpleQueryUpdateEmitter",1,12,""
0.1590909090909091,"axon-eventsourcing-5.1.2","org.axonframework.eventsourcing.eventstore.AggregateBasedEventStorageEngineUtils",3,5,"axon-server-connector-5.1.2","io.axoniq.framework.axonserver.connector.event.TaggedEventConverter",3,10,""
0.1590909090909091,"axon-test-5.1.2","org.axonframework.test.fixture.AxonTestPhase$When",12,5,"axon-test-5.1.2","org.axonframework.test.fixture.AxonTestWhen",5,25,""
0.1588785046728972,"axon-server-connector-5.1.2","io.axoniq.framework.axonserver.connector.shared.ExceptionFactory",3,19,"axon-server-connector-5.1.2","io.axoniq.framework.axonserver.connector.shared.ExceptionFactory$1",1,2,""
0.1588785046728972,"axon-server-connector-5.1.2","io.axoniq.framework.axonserver.connector.shared.ExceptionFactory$1",1,2,"axon-server-connector-5.1.2","io.axoniq.framework.axonserver.connector.shared.ExceptionFactory",3,19,""
0.15789473684210525,"axon-server-connector-5.1.2","io.axoniq.framework.axonserver.connector.util.GrpcMessageSizeInterceptor",3,2,"axon-server-connector-5.1.2","io.axoniq.framework.axonserver.connector.util.GrpcMessageSizeInterceptor$1$1",2,3,""
0.15789473684210525,"axon-server-connector-5.1.2","io.axoniq.framework.axonserver.connector.util.GrpcMessageSizeInterceptor$1$1",2,3,"axon-server-connector-5.1.2","io.axoniq.framework.axonserver.connector.util.GrpcMessageSizeInterceptor",3,2,""
0.15789473684210525,"axon-test-5.1.2","org.axonframework.test.fixture.AxonTestPhase$When",12,5,"axon-messaging-5.1.2","org.axonframework.messaging.core.Metadata$MetadataCollector",1,1,""
0.15757575757575756,"axon-test-5.1.2","org.axonframework.test.fixture.AxonTestThenMessage",3,20,"axon-test-5.1.2","org.axonframework.test.fixture.AxonTestWhen",5,25,""
0.15714285714285714,"axon-messaging-5.1.2","org.axonframework.messaging.core.configuration.MessagingConfigurer",3,34,"axon-messaging-5.1.2","org.axonframework.messaging.monitoring.configuration.DefaultMessageMonitorRegistry",7,26,""
0.1568627450980392,"axon-update-5.1.2","org.axonframework.update.LoggingUpdateCheckerReporter",1,7,"axon-update-5.1.2","org.axonframework.update.api.UpdateCheckRequest",4,2,""
0.1568627450980392,"axon-update-5.1.2","org.axonframework.update.api.UpdateCheckRequest",4,2,"axon-update-5.1.2","org.axonframework.update.LoggingUpdateCheckerReporter",1,7,""
0.15625,"axon-conversion-5.1.2","org.axonframework.conversion.avro.SpecificRecordBaseConverterStrategy",1,7,"axon-conversion-5.1.2","org.axonframework.conversion.avro.ByteArrayToGenericRecordConverter",1,3,""
0.15625,"axon-eventsourcing-5.1.2","org.axonframework.eventsourcing.eventstore.jpa.AggregateBasedJpaEventStorageEngineConfiguration",1,5,"axon-metrics-micrometer-5.1.2","org.axonframework.extension.metrics.micrometer.EventProcessorLatencyMonitor$Builder",2,3,""
0.15625,"axon-test-5.1.2","org.axonframework.test.util.MessageMonitorReport",2,5,"axon-test-5.1.2","org.axonframework.test.util.MessageMonitorReport$Report$Failure",3,2,""
0.15625,"axon-test-5.1.2","org.axonframework.test.util.MessageMonitorReport",2,5,"axon-test-5.1.2","org.axonframework.test.util.MessageMonitorReport$Report$Ignored",3,2,""
0.15625,"axon-test-5.1.2","org.axonframework.test.util.MessageMonitorReport",2,5,"axon-test-5.1.2","org.axonframework.test.util.MessageMonitorReport$Report$Success",3,2,""
0.15625,"axon-update-5.1.2","org.axonframework.update.UpdateChecker",1,11,"axon-update-5.1.2","org.axonframework.update.configuration.HierarchicalUsagePropertyProvider",1,2,""
0.15568862275449102,"axon-messaging-5.1.2","org.axonframework.messaging.eventhandling.processing.streaming.pooled.PooledStreamingEventProcessorsConfigurer",1,16,"axon-messaging-5.1.2","org.axonframework.messaging.eventhandling.processing.subscribing.SubscribingEventProcessorModule",2,23,""
0.15555555555555556,"axon-common-5.1.2","org.axonframework.common.configuration.DefaultAxonApplication",2,9,"axon-common-5.1.2","org.axonframework.common.configuration.BaseModule",7,6,""
0.15555555555555556,"axon-test-5.1.2","org.axonframework.test.fixture.AxonTestFixture",3,16,"axon-test-5.1.2","org.axonframework.test.fixture.MessagesRecordingConfigurationEnhancer",1,11,""
0.15476190476190477,"axon-messaging-5.1.2","org.axonframework.messaging.eventhandling.configuration.EventProcessorConfiguration",8,23,"axon-messaging-5.1.2","org.axonframework.messaging.eventhandling.processing.streaming.pooled.PooledStreamingEventProcessorConfiguration",6,31,""
0.15476190476190477,"axon-messaging-5.1.2","org.axonframework.messaging.eventhandling.processing.streaming.pooled.PooledStreamingEventProcessorConfiguration",6,31,"axon-messaging-5.1.2","org.axonframework.messaging.eventhandling.configuration.EventProcessorConfiguration",8,23,""
0.15384615384615385,"axon-server-connector-5.1.2","io.axoniq.framework.axonserver.connector.event.AxonServerEventStorageEngineFactory",1,10,"axon-common-5.1.2","org.axonframework.common.configuration.DefaultComponentRegistry$LocalConfiguration",1,10,""
0.15384615384615385,"axon-common-5.1.2","org.axonframework.common.TypeReflectionUtils",2,3,"axon-common-5.1.2","org.axonframework.common.TypeReflectionUtils$VarMap",3,3,""
0.15384615384615385,"axon-common-5.1.2","org.axonframework.common.TypeReflectionUtils$VarMap",3,3,"axon-common-5.1.2","org.axonframework.common.TypeReflectionUtils",2,3,""
0.15384615384615385,"axon-common-5.1.2","org.axonframework.common.configuration.ConfigurationExtensions",1,5,"axon-test-5.1.2","org.axonframework.test.fixture.RecordingEventSink",5,5,""
0.15384615384615385,"axon-common-5.1.2","org.axonframework.common.infra.JacksonComponentDescriptor",0,5,"axon-common-5.1.2","org.axonframework.common.configuration.DecoratedComponent",1,8,""
0.15384615384615385,"axon-eventsourcing-5.1.2","org.axonframework.eventsourcing.annotation.AnnotationBasedEventCriteriaResolver$WrappedEventCriteriaBuilderMethod",1,4,"axon-common-5.1.2","org.axonframework.common.ConstructorUtils",3,1,""
0.15384615384615385,"axon-eventsourcing-5.1.2","org.axonframework.eventsourcing.configuration.EventSourcedEntityModule",3,7,"axon-eventsourcing-5.1.2","org.axonframework.eventsourcing.configuration.SimpleEventSourcedEntityModule$1",1,3,""
0.15384615384615385,"axon-eventsourcing-5.1.2","org.axonframework.eventsourcing.configuration.EventSourcedEntityModule",3,7,"axon-eventsourcing-5.1.2","org.axonframework.eventsourcing.configuration.SimpleEventSourcedEntityModule$2",1,3,""
0.15384615384615385,"axon-eventsourcing-5.1.2","org.axonframework.eventsourcing.configuration.EventSourcedEntityModule",3,7,"axon-eventsourcing-5.1.2","org.axonframework.eventsourcing.configuration.SimpleEventSourcedEntityModule$4",1,3,""
0.15384615384615385,"axon-messaging-5.1.2","org.axonframework.messaging.core.annotation.DefaultParameterResolverFactory",0,12,"axon-messaging-5.1.2","org.axonframework.messaging.core.annotation.AnnotatedMessageHandlingMemberDefinition",0,8,""
0.15254237288135594,"axon-eventsourcing-5.1.2","org.axonframework.eventsourcing.annotation.reflection.AnnotationBasedEventSourcedEntityFactory",3,20,"axon-modelling-5.1.2","org.axonframework.modelling.annotation.AnnotationBasedEntityEvolvingComponent",1,17,""
0.15217391304347827,"axon-common-5.1.2","org.axonframework.common.caching.WeakReferenceCache",1,6,"axon-common-5.1.2","org.axonframework.common.caching.JCacheAdapter$JCacheListenerAdapter",1,1,""
0.15151515151515152,"axon-eventsourcing-5.1.2","org.axonframework.eventsourcing.eventstore.jpa.AggregateBasedJpaEventStorageEngineConfiguration",1,5,"axon-metrics-micrometer-5.1.2","org.axonframework.extension.metrics.micrometer.MessageTimerMonitor$Builder",2,3,""
0.15151515151515152,"axon-modelling-5.1.2","org.axonframework.modelling.entity.annotation.AbstractEntityChildModelDefinition",2,13,"axon-modelling-5.1.2","org.axonframework.modelling.entity.annotation.SingleEntityChildModelDefinition",0,10,""
0.15,"axon-server-connector-5.1.2","io.axoniq.framework.axonserver.connector.event.AxonServerEventStorageEngine$AxonServerAppendTransaction",1,5,"axon-eventsourcing-5.1.2","org.axonframework.eventsourcing.eventstore.inmemory.InMemoryEventStorageEngine$1",1,9,""
0.14942528735632185,"axon-messaging-5.1.2","org.axonframework.messaging.eventhandling.processing.streaming.pooled.Coordinator",3,24,"axon-messaging-5.1.2","org.axonframework.messaging.eventhandling.processing.streaming.pooled.ClaimTask",1,8,""
0.14935064935064934,"axon-messaging-5.1.2","org.axonframework.messaging.core.MessageStream",126,21,"axon-messaging-5.1.2","org.axonframework.messaging.core.annotation.MethodInvokingMessageHandlingMember",1,15,""
0.14893617021276595,"axon-messaging-5.1.2","org.axonframework.messaging.eventhandling.processing.streaming.segmenting.SegmentChangeListener",5,2,"axon-messaging-5.1.2","org.axonframework.messaging.eventhandling.processing.streaming.token.store.TokenStore",16,3,""
0.14814814814814814,"axon-common-5.1.2","org.axonframework.common.configuration.ConfigurationExtensions",1,5,"axon-common-5.1.2","org.axonframework.common.configuration.LazyInitializedComponentDefinition",7,6,""
0.14705882352941177,"axon-modelling-5.1.2","org.axonframework.modelling.HierarchicalStateManager",1,5,"axon-modelling-5.1.2","org.axonframework.modelling.HierarchicalStateManagerConfigurationEnhancer",0,5,""
0.14678899082568808,"axon-eventsourcing-5.1.2","org.axonframework.eventsourcing.annotation.reflection.AnnotationBasedEventSourcedEntityFactory",3,20,"axon-eventsourcing-5.1.2","org.axonframework.eventsourcing.annotation.reflection.AnnotationBasedEventSourcedEntityFactory$ScannedEntityCreator",1,8,""
0.14634146341463414,"axon-metrics-micrometer-5.1.2","org.axonframework.extension.metrics.micrometer.MetricsConfigurationEnhancer",1,21,"axon-messaging-5.1.2","org.axonframework.messaging.core.configuration.MessagingConfigurer",3,34,""
0.14634146341463414,"axon-messaging-5.1.2","org.axonframework.messaging.core.configuration.MessagingConfigurer",3,34,"axon-metrics-micrometer-5.1.2","org.axonframework.extension.metrics.micrometer.MetricsConfigurationEnhancer",1,21,""
0.14583333333333334,"axon-common-5.1.2","org.axonframework.common.caching.WeakReferenceCache",1,6,"axon-common-5.1.2","org.axonframework.common.caching.EhCacheAdapter$CacheEventListenerAdapter",1,2,""
0.14285714285714285,"axon-server-connector-5.1.2","io.axoniq.framework.axonserver.connector.command.AxonServerCommandBusConnector$FutureResultCallback",1,3,"axon-test-5.1.2","org.axonframework.test.fixture.AxonTestPhase$Then$Command",5,3,""
0.14285714285714285,"axon-server-connector-5.1.2","io.axoniq.framework.axonserver.connector.shared.ExceptionConverter",6,4,"axon-server-connector-5.1.2","io.axoniq.framework.axonserver.connector.api.query.AxonServerQueryDispatchException",1,1,""
0.14285714285714285,"axon-server-connector-5.1.2","io.axoniq.framework.axonserver.connector.shared.ExceptionConverter",6,4,"axon-messaging-5.1.2","org.axonframework.messaging.core.HandlerExecutionException",3,1,""
0.14285714285714285,"axon-common-5.1.2","org.axonframework.common.Assert",33,1,"axon-common-5.1.2","org.axonframework.common.BuilderUtils",32,3,""
0.14285714285714285,"axon-common-5.1.2","org.axonframework.common.Assert",33,1,"axon-messaging-5.1.2","org.axonframework.messaging.core.QualifiedName",68,3,""
0.14285714285714285,"axon-common-5.1.2","org.axonframework.common.AxonThreadFactory",2,1,"axon-common-5.1.2","org.axonframework.common.BuilderUtils",32,3,""
0.14285714285714285,"axon-common-5.1.2","org.axonframework.common.TypeReflectionUtils",2,3,"axon-common-5.1.2","org.axonframework.common.TypeReflectionUtils$VarMap$ParameterizedTypeImpl",2,1,""
0.14285714285714285,"axon-common-5.1.2","org.axonframework.common.TypeReflectionUtils",2,3,"axon-common-5.1.2","org.axonframework.common.TypeReflectionUtils$VarMap$UnresolvedTypeVariableException",2,1,""
0.14285714285714285,"axon-common-5.1.2","org.axonframework.common.TypeReflectionUtils$VarMap$ParameterizedTypeImpl",2,1,"axon-common-5.1.2","org.axonframework.common.TypeReflectionUtils",2,3,""
0.14285714285714285,"axon-common-5.1.2","org.axonframework.common.TypeReflectionUtils$VarMap$UnresolvedTypeVariableException",2,1,"axon-common-5.1.2","org.axonframework.common.TypeReflectionUtils",2,3,""
0.14285714285714285,"axon-common-5.1.2","org.axonframework.common.caching.WeakReferenceCache",1,6,"axon-common-5.1.2","org.axonframework.common.caching.AbstractCacheAdapter",2,3,""
0.14285714285714285,"axon-common-5.1.2","org.axonframework.common.configuration.ApplicationConfigurer",5,3,"axon-common-5.1.2","org.axonframework.common.configuration.Module",15,2,""
0.14285714285714285,"axon-common-5.1.2","org.axonframework.common.configuration.DefaultAxonApplication$AxonConfigurationImpl",1,10,"axon-common-5.1.2","org.axonframework.common.configuration.DefaultComponentRegistry$LocalConfiguration",1,10,""
0.14285714285714285,"axon-common-5.1.2","org.axonframework.common.configuration.ModuleBuilder",14,1,"axon-messaging-5.1.2","org.axonframework.messaging.commandhandling.configuration.CommandHandlingModule",5,5,""
0.14285714285714285,"axon-common-5.1.2","org.axonframework.common.jpa.SimpleEntityManagerProvider",0,2,"axon-common-5.1.2","org.axonframework.common.lock.PessimisticLockFactory$Builder",1,2,""
0.14285714285714285,"axon-common-5.1.2","org.axonframework.common.property.DirectlyAccessedProperty",1,2,"axon-common-5.1.2","org.axonframework.common.property.DirectPropertyAccessStrategy",0,3,""
0.14285714285714285,"axon-common-5.1.2","org.axonframework.common.property.MethodAccessedProperty",1,3,"axon-common-5.1.2","org.axonframework.common.ConstructorUtils",3,1,""
0.14285714285714285,"axon-conversion-5.1.2","org.axonframework.conversion.avro.DefaultSchemaIncompatibilityChecker",1,2,"axon-conversion-5.1.2","org.axonframework.conversion.avro.GenericRecordToByteArrayConverter",0,3,""
0.14285714285714285,"axon-eventsourcing-5.1.2","org.axonframework.eventsourcing.configuration.AnnotatedEventSourcedEntityModule",1,30,"axon-messaging-5.1.2","org.axonframework.messaging.commandhandling.configuration.CommandHandlingModule$CommandHandlerPhase",3,13,""
0.14285714285714285,"axon-eventsourcing-5.1.2","org.axonframework.eventsourcing.configuration.EventSourcedEntityModule$CriteriaResolverPhase",4,3,"axon-modelling-5.1.2","org.axonframework.modelling.configuration.StateBasedEntityModule$PersisterPhase",3,3,""
0.14285714285714285,"axon-eventsourcing-5.1.2","org.axonframework.eventsourcing.configuration.EventSourcedEntityModule$EntityFactoryPhase",4,3,"axon-modelling-5.1.2","org.axonframework.modelling.configuration.StateBasedEntityModule$PersisterPhase",3,3,""
0.14285714285714285,"axon-eventsourcing-5.1.2","org.axonframework.eventsourcing.configuration.EventSourcedEntityModule$MessagingModelPhase",3,2,"axon-modelling-5.1.2","org.axonframework.modelling.configuration.StateBasedEntityModule$MessagingMetamodelPhase",4,4,""
0.14285714285714285,"axon-eventsourcing-5.1.2","org.axonframework.eventsourcing.configuration.EventSourcedEntityModule$OptionalPhase",4,5,"axon-modelling-5.1.2","org.axonframework.modelling.annotation.InjectEntity",1,2,""
0.14285714285714285,"axon-eventsourcing-5.1.2","org.axonframework.eventsourcing.eventstore.AnnotationBasedTagResolver",1,7,"axon-eventsourcing-5.1.2","org.axonframework.eventsourcing.eventstore.MetadataBasedTagResolver",0,4,""
0.14285714285714285,"axon-eventsourcing-5.1.2","org.axonframework.eventsourcing.eventstore.EventStorageEngine$AppendTransaction",13,1,"axon-eventsourcing-5.1.2","org.axonframework.eventsourcing.eventstore.ConsistencyMarkers$InfinityConsistencyMarker",2,2,""
0.14285714285714285,"axon-messaging-5.1.2","org.axonframework.messaging.commandhandling.configuration.CommandHandlingModule",5,5,"axon-common-5.1.2","org.axonframework.common.configuration.ModuleBuilder",14,1,""
0.14285714285714285,"axon-messaging-5.1.2","org.axonframework.messaging.commandhandling.configuration.CommandHandlingModule",5,5,"axon-modelling-5.1.2","org.axonframework.modelling.configuration.EntityModule",4,1,""
0.14285714285714285,"axon-messaging-5.1.2","org.axonframework.messaging.core.MessageType",62,3,"axon-messaging-5.1.2","org.axonframework.messaging.eventstreaming.TagAndTypeFilteredEventCriteria",2,6,""
0.14285714285714285,"axon-messaging-5.1.2","org.axonframework.messaging.core.annotation.ClasspathHandlerEnhancerDefinition",1,2,"axon-messaging-5.1.2","org.axonframework.messaging.core.annotation.MultiHandlerEnhancerDefinition",2,3,""
0.14285714285714285,"axon-messaging-5.1.2","org.axonframework.messaging.core.annotation.DefaultParameterResolverFactory",0,12,"axon-messaging-5.1.2","org.axonframework.messaging.core.annotation.SimpleResourceParameterResolverFactory",0,4,""
0.14285714285714285,"axon-messaging-5.1.2","org.axonframework.messaging.core.annotation.MultiHandlerDefinition",1,8,"axon-messaging-5.1.2","org.axonframework.messaging.core.annotation.AnnotatedMessageHandlingMemberDefinition",0,8,""
0.14285714285714285,"axon-messaging-5.1.2","org.axonframework.messaging.core.annotation.MultiHandlerEnhancerDefinition",2,3,"axon-messaging-5.1.2","org.axonframework.messaging.core.annotation.ClasspathHandlerEnhancerDefinition",1,2,""
0.14285714285714285,"axon-messaging-5.1.2","org.axonframework.messaging.queryhandling.configuration.QueryHandlingModule",5,5,"axon-common-5.1.2","org.axonframework.common.configuration.ModuleBuilder",14,1,""
0.14285714285714285,"axon-messaging-5.1.2","org.axonframework.messaging.queryhandling.configuration.QueryHandlingModule",5,5,"axon-modelling-5.1.2","org.axonframework.modelling.configuration.EntityModule",4,1,""
0.14285714285714285,"axon-modelling-5.1.2","org.axonframework.modelling.RepositoryAlreadyRegisteredException",1,1,"axon-modelling-5.1.2","org.axonframework.modelling.StateManager",7,6,""
0.14285714285714285,"axon-modelling-5.1.2","org.axonframework.modelling.configuration.EntityModule",4,1,"axon-messaging-5.1.2","org.axonframework.messaging.commandhandling.configuration.CommandHandlingModule",5,5,""
0.14285714285714285,"axon-modelling-5.1.2","org.axonframework.modelling.configuration.StateBasedEntityModule$MessagingMetamodelPhase",4,4,"axon-eventsourcing-5.1.2","org.axonframework.eventsourcing.configuration.EventSourcedEntityModule$MessagingModelPhase",3,2,""
0.14285714285714285,"axon-modelling-5.1.2","org.axonframework.modelling.configuration.StateBasedEntityModule$PersisterPhase",3,3,"axon-eventsourcing-5.1.2","org.axonframework.eventsourcing.configuration.EventSourcedEntityModule$EntityFactoryPhase",4,3,""
0.14285714285714285,"axon-modelling-5.1.2","org.axonframework.modelling.configuration.StateBasedEntityModule$RepositoryPhase",2,5,"axon-modelling-5.1.2","org.axonframework.modelling.configuration.StateBasedEntityModule",3,6,""
0.14285714285714285,"axon-modelling-5.1.2","org.axonframework.modelling.entity.annotation.AbstractEntityChildModelDefinition",2,13,"axon-modelling-5.1.2","org.axonframework.modelling.entity.annotation.RoutingKeyUtils",2,3,""
0.14285714285714285,"axon-test-5.1.2","org.axonframework.test.fixture.AxonTestPhase$Setup",4,2,"axon-test-5.1.2","org.axonframework.test.fixture.AxonTestPhase$When$Command",4,3,""
0.14285714285714285,"axon-test-5.1.2","org.axonframework.test.fixture.AxonTestPhase$Setup",4,2,"axon-test-5.1.2","org.axonframework.test.fixture.AxonTestPhase$When$Event",4,3,""
0.14285714285714285,"axon-test-5.1.2","org.axonframework.test.fixture.AxonTestPhase$Setup",4,2,"axon-test-5.1.2","org.axonframework.test.fixture.AxonTestPhase$When$Nothing",4,3,""
0.14285714285714285,"axon-test-5.1.2","org.axonframework.test.fixture.AxonTestPhase$Then",18,5,"axon-test-5.1.2","org.axonframework.test.fixture.AxonTestPhase$Then$Event",5,2,""
0.14285714285714285,"axon-test-5.1.2","org.axonframework.test.fixture.AxonTestPhase$Then",18,5,"axon-test-5.1.2","org.axonframework.test.fixture.AxonTestPhase$Then$Nothing",7,2,""
0.14285714285714285,"axon-test-5.1.2","org.axonframework.test.fixture.RecordingComponentsRegistry",8,3,"axon-update-5.1.2","org.axonframework.update.api.Artifact",3,1,""
0.14285714285714285,"axon-test-5.1.2","org.axonframework.test.fixture.RecordingComponentsRegistry",8,3,"axon-update-5.1.2","org.axonframework.update.api.DetectedVulnerabilitySeverity",3,1,""
0.14285714285714285,"axon-update-5.1.2","org.axonframework.update.configuration.UsagePropertyProvider",8,6,"axon-update-5.1.2","org.axonframework.update.configuration.PropertyFileUsagePropertyProvider",1,3,""
0.14210526315789473,"axon-common-5.1.2","org.axonframework.common.configuration.ComponentRegistry",39,12,"axon-eventsourcing-5.1.2","org.axonframework.eventsourcing.configuration.SimpleEventSourcedEntityModule",6,41,""
0.1411764705882353,"axon-common-5.1.2","org.axonframework.common.configuration.DefaultAxonApplication$AxonConfigurationImpl",1,10,"axon-common-5.1.2","org.axonframework.common.configuration.HierarchicalLifecycleRegistry",1,3,""
0.14084507042253522,"axon-eventsourcing-5.1.2","org.axonframework.eventsourcing.annotation.reflection.AnnotationBasedEventSourcedEntityFactory",3,20,"axon-modelling-5.1.2","org.axonframework.modelling.entity.annotation.AnnotatedEntityMetamodel",13,32,""
0.1406926406926407,"axon-messaging-5.1.2","org.axonframework.messaging.eventhandling.processing.streaming.pooled.Coordinator$CoordinationTask",1,23,"axon-messaging-5.1.2","org.axonframework.messaging.eventhandling.processing.streaming.pooled.PooledStreamingEventProcessor",2,43,""
0.14067278287461774,"axon-messaging-5.1.2","org.axonframework.messaging.eventhandling.processing.streaming.pooled.Coordinator$CoordinationTask",1,23,"axon-messaging-5.1.2","org.axonframework.messaging.eventhandling.processing.streaming.pooled.MergeTask",1,10,""
0.14035087719298245,"axon-messaging-5.1.2","org.axonframework.messaging.eventhandling.configuration.EventProcessingConfigurer",3,9,"axon-common-5.1.2","org.axonframework.common.configuration.BaseModule",7,6,""
0.14012738853503184,"axon-test-5.1.2","org.axonframework.test.fixture.AxonTestThenCommand",1,13,"axon-test-5.1.2","org.axonframework.test.fixture.AxonTestThenMessage",3,20,""
0.14012738853503184,"axon-test-5.1.2","org.axonframework.test.fixture.AxonTestThenMessage",3,20,"axon-test-5.1.2","org.axonframework.test.fixture.AxonTestThenCommand",1,13,""
0.13793103448275862,"axon-messaging-5.1.2","org.axonframework.messaging.commandhandling.annotation.AnnotationRoutingStrategy",2,7,"axon-common-5.1.2","org.axonframework.common.digest.Digester",0,1,""
0.13725490196078433,"axon-server-connector-5.1.2","io.axoniq.framework.axonserver.connector.snapshot.AxonServerSnapshotStore",1,6,"axon-messaging-5.1.2","org.axonframework.messaging.core.MessageType",62,3,""
0.13725490196078433,"axon-messaging-5.1.2","org.axonframework.messaging.core.MessageType",62,3,"axon-server-connector-5.1.2","io.axoniq.framework.axonserver.connector.snapshot.AxonServerSnapshotStore",1,6,""
0.1368421052631579,"axon-eventsourcing-5.1.2","org.axonframework.eventsourcing.configuration.EventSourcingConfigurer",0,15,"axon-eventsourcing-5.1.2","org.axonframework.eventsourcing.configuration.EventSourcingConfigurationDefaults",1,15,""
0.13636363636363635,"axon-server-connector-5.1.2","io.axoniq.framework.axonserver.connector.event.AxonServerEventStorageEngine$AxonServerAppendTransaction",1,5,"axon-server-connector-5.1.2","io.axoniq.framework.axonserver.connector.event.AggregateBasedAxonServerEventStorageEngine$1",1,6,""
0.13636363636363635,"axon-messaging-5.1.2","org.axonframework.messaging.core.annotation.DefaultParameterResolverFactory",0,12,"axon-test-5.1.2","org.axonframework.test.FixtureResourceParameterResolverFactory",0,4,""
0.13564668769716087,"axon-messaging-5.1.2","org.axonframework.messaging.eventhandling.processing.streaming.token.store.jdbc.JdbcTokenStore",0,21,"axon-messaging-5.1.2","org.axonframework.messaging.eventhandling.processing.streaming.token.store.inmemory.InMemoryTokenStore",1,11,""
0.13513513513513514,"axon-messaging-5.1.2","org.axonframework.messaging.commandhandling.annotation.AnnotationRoutingStrategy",2,7,"axon-eventsourcing-5.1.2","org.axonframework.eventsourcing.annotation.AnnotationBasedEventCriteriaResolver$WrappedEventCriteriaBuilderMethod",1,4,""
0.13513513513513514,"axon-messaging-5.1.2","org.axonframework.messaging.core.annotation.ClasspathHandlerEnhancerDefinition",1,2,"axon-messaging-5.1.2","org.axonframework.messaging.core.annotation.MultiHandlerDefinition",1,8,""
0.1346153846153846,"axon-eventsourcing-5.1.2","org.axonframework.eventsourcing.annotation.AnnotationBasedEventCriteriaResolver",2,12,"axon-common-5.1.2","org.axonframework.common.configuration.DecoratedComponent",1,8,""
0.1346153846153846,"axon-eventsourcing-5.1.2","org.axonframework.eventsourcing.annotation.AnnotationBasedEventCriteriaResolver",2,12,"axon-modelling-5.1.2","org.axonframework.modelling.entity.annotation.AnnotatedEntityIdResolver",1,10,""
0.13445378151260504,"axon-messaging-5.1.2","org.axonframework.messaging.core.MessageStream",126,21,"axon-messaging-5.1.2","org.axonframework.messaging.core.SimpleEntry",11,5,""
0.1342281879194631,"axon-messaging-5.1.2","org.axonframework.messaging.eventhandling.processing.streaming.token.store.jdbc.JdbcTokenStore",0,21,"axon-messaging-5.1.2","org.axonframework.messaging.eventhandling.processing.streaming.pooled.MergeTask",1,10,""
0.1337579617834395,"axon-common-5.1.2","org.axonframework.common.configuration.DefaultComponentRegistry",4,26,"axon-server-connector-5.1.2","io.axoniq.framework.axonserver.connector.configuration.AxonServerConfigurationEnhancer",1,27,""
0.13333333333333333,"axon-common-5.1.2","org.axonframework.common.configuration.ComponentRegistry",39,12,"axon-update-5.1.2","org.axonframework.update.UpdateCheckerConfigurationEnhancer",0,13,""
0.13333333333333333,"axon-eventsourcing-5.1.2","org.axonframework.eventsourcing.eventstore.AnnotationBasedTagResolver",1,7,"axon-eventsourcing-5.1.2","org.axonframework.eventsourcing.eventstore.GenericTaggedEventMessage",1,4,""
0.13333333333333333,"axon-eventsourcing-5.1.2","org.axonframework.eventsourcing.eventstore.jpa.GapAwareTrackingTokenOperations",1,4,"axon-messaging-5.1.2","org.axonframework.messaging.eventhandling.processing.streaming.pooled.WorkPackage$ProcessingEntry",3,3,""
0.13333333333333333,"axon-eventsourcing-5.1.2","org.axonframework.eventsourcing.snapshot.api.SnapshotPolicy",6,4,"axon-eventsourcing-5.1.2","org.axonframework.eventsourcing.snapshot.api.SnapshotPolicy$1",1,3,""
0.13333333333333333,"axon-eventsourcing-5.1.2","org.axonframework.eventsourcing.snapshot.api.SnapshotPolicy",6,4,"axon-messaging-5.1.2","org.axonframework.messaging.eventhandling.tracing.EventProcessorSpanFactory",1,2,""
0.13333333333333333,"axon-eventsourcing-5.1.2","org.axonframework.eventsourcing.snapshot.api.SnapshotPolicy",6,4,"axon-modelling-5.1.2","org.axonframework.modelling.entity.child.EventTargetMatcher",12,2,""
0.13333333333333333,"axon-messaging-5.1.2","org.axonframework.messaging.eventhandling.configuration.EventProcessorConfiguration",8,23,"axon-messaging-5.1.2","org.axonframework.messaging.monitoring.configuration.MessageMonitorRegistry",5,11,""
0.13333333333333333,"axon-modelling-5.1.2","org.axonframework.modelling.HierarchicalStateManager",1,5,"axon-modelling-5.1.2","org.axonframework.modelling.SimpleStateManager",1,10,""
0.13333333333333333,"axon-modelling-5.1.2","org.axonframework.modelling.SimpleStateManager",1,10,"axon-modelling-5.1.2","org.axonframework.modelling.HierarchicalStateManager",1,5,""
0.13333333333333333,"axon-test-5.1.2","org.axonframework.test.fixture.AxonTestThenCommand",1,13,"axon-metrics-micrometer-5.1.2","org.axonframework.extension.metrics.micrometer.TagsUtil",1,3,""
0.13043478260869565,"axoniq-spring-boot-autoconfigure-5.1.2","io.axoniq.framework.springboot.DeadLetterQueueProcessorProperties$DlqProcessorSettings",2,1,"axoniq-spring-boot-autoconfigure-5.1.2","io.axoniq.framework.springboot.autoconfig.DeadLetterQueueAutoConfiguration",0,7,""
0.13043478260869565,"axoniq-spring-boot-autoconfigure-5.1.2","io.axoniq.framework.springboot.autoconfig.DeadLetterQueueAutoConfiguration",0,7,"axoniq-spring-boot-autoconfigure-5.1.2","io.axoniq.framework.springboot.DeadLetterQueueProcessorProperties$DlqProcessorSettings",2,1,""
0.13043478260869565,"axon-conversion-5.1.2","org.axonframework.conversion.avro.AvroConverter",0,10,"axon-conversion-5.1.2","org.axonframework.conversion.avro.AvroUtil",5,1,""
0.12962962962962962,"axon-common-5.1.2","org.axonframework.common.infra.FilesystemStyleComponentDescriptor",1,8,"axon-common-5.1.2","org.axonframework.common.configuration.DecoratedComponent",1,8,""
0.12903225806451613,"axon-modelling-5.1.2","org.axonframework.modelling.annotation.InjectEntityParameterResolverFactory",1,9,"axon-messaging-5.1.2","org.axonframework.messaging.core.reflection.HierarchicalParameterResolverFactoryConfigurationEnhancer",0,5,""
0.12698412698412698,"axon-metrics-micrometer-5.1.2","org.axonframework.extension.metrics.micrometer.MetricsConfigurationEnhancer",1,21,"axon-messaging-5.1.2","org.axonframework.messaging.monitoring.configuration.MessageMonitorRegistry",5,11,""
0.12598425196850394,"axon-messaging-5.1.2","org.axonframework.messaging.core.MessageStream",126,21,"axon-messaging-5.1.2","org.axonframework.messaging.core.FluxUtils",2,7,""
0.125,"axon-server-connector-5.1.2","io.axoniq.framework.axonserver.connector.command.AxonServerCommandBusConnector$FutureResultCallback",1,3,"axon-messaging-5.1.2","org.axonframework.messaging.commandhandling.CommandBus",17,5,""
0.125,"axoniq-spring-boot-autoconfigure-5.1.2","io.axoniq.framework.springboot.autoconfig.PostgresqlAutoConfiguration",1,3,"axon-messaging-5.1.2","org.axonframework.messaging.core.configuration.reflection.ConfigurationParameterResolverConfigurationEnhancer",0,4,""
0.125,"axoniq-spring-boot-autoconfigure-5.1.2","io.axoniq.framework.springboot.autoconfig.PostgresqlAutoConfiguration",1,3,"axon-modelling-5.1.2","org.axonframework.modelling.annotation.InjectEntityParameterResolverFactoryConfigurationEnhancer",0,4,""
0.125,"axon-common-5.1.2","org.axonframework.common.configuration.AbstractComponent$HandlerRegistration",3,1,"axon-common-5.1.2","org.axonframework.common.configuration.DecoratorDefinition",9,7,""
0.125,"axon-common-5.1.2","org.axonframework.common.configuration.DecoratorDefinition",9,7,"axon-common-5.1.2","org.axonframework.common.configuration.AbstractComponent$HandlerRegistration",3,1,""
0.125,"axon-common-5.1.2","org.axonframework.common.configuration.DecoratorDefinition",9,7,"axon-common-5.1.2","org.axonframework.common.configuration.Module",15,2,""
0.125,"axon-common-5.1.2","org.axonframework.common.configuration.DuplicateModuleRegistrationException",1,1,"axon-messaging-5.1.2","org.axonframework.messaging.commandhandling.configuration.CommandHandlingModule",5,5,""
0.125,"axon-common-5.1.2","org.axonframework.common.infra.DescribableComponent",47,1,"axon-messaging-5.1.2","org.axonframework.messaging.core.retry.ExponentialBackOffRetryPolicy",0,4,""
0.125,"axon-common-5.1.2","org.axonframework.common.jdbc.DataSourceConnectionProvider",0,1,"axon-common-5.1.2","org.axonframework.common.jdbc.ConnectionExecutor",1,4,""
0.125,"axon-common-5.1.2","org.axonframework.common.jdbc.JdbcSQLErrorCodesResolver",0,1,"axon-eventsourcing-5.1.2","org.axonframework.eventsourcing.eventstore.jpa.SQLErrorCodesResolver",0,4,""
0.125,"axon-common-5.1.2","org.axonframework.common.jpa.FactoryBasedEntityManagerProvider",0,1,"axon-common-5.1.2","org.axonframework.common.jpa.EntityManagerExecutor",2,4,""
0.125,"axon-eventsourcing-5.1.2","org.axonframework.eventsourcing.eventstore.jpa.GapAwareTrackingTokenOperations",1,4,"axon-messaging-5.1.2","org.axonframework.messaging.eventhandling.processing.streaming.token.store.inmemory.InMemoryTokenStore$SegmentAndToken",1,2,""
0.125,"axon-metrics-micrometer-5.1.2","org.axonframework.extension.metrics.micrometer.springboot.MicrometerMetricsAutoConfiguration",1,3,"axon-messaging-5.1.2","org.axonframework.messaging.core.configuration.reflection.ConfigurationParameterResolverConfigurationEnhancer",0,4,""
0.125,"axon-metrics-micrometer-5.1.2","org.axonframework.extension.metrics.micrometer.springboot.MicrometerMetricsAutoConfiguration",1,3,"axon-modelling-5.1.2","org.axonframework.modelling.annotation.InjectEntityParameterResolverFactoryConfigurationEnhancer",0,4,""
0.125,"axon-messaging-5.1.2","org.axonframework.messaging.commandhandling.annotation.AnnotationRoutingStrategy",2,7,"axon-common-5.1.2","org.axonframework.common.BuilderUtils",32,3,""
0.125,"axon-messaging-5.1.2","org.axonframework.messaging.core.RemoteExceptionDescription",6,1,"axon-eventsourcing-5.1.2","org.axonframework.eventsourcing.eventstore.jpa.SQLErrorCodesResolver",0,4,""
0.125,"axon-messaging-5.1.2","org.axonframework.messaging.core.annotation.MultiHandlerEnhancerDefinition",2,3,"axon-messaging-5.1.2","org.axonframework.messaging.commandhandling.annotation.MethodCommandHandlerDefinition",0,3,""
0.125,"axon-messaging-5.1.2","org.axonframework.messaging.core.unitofwork.transaction.NoTransactionManager",2,3,"axon-messaging-5.1.2","org.axonframework.messaging.core.unitofwork.transaction.NoTransactionManager$1",1,2,""
0.125,"axon-messaging-5.1.2","org.axonframework.messaging.core.unitofwork.transaction.NoTransactionManager",2,3,"axon-messaging-5.1.2","org.axonframework.messaging.core.unitofwork.transaction.jpa.EntityManagerTransactionManager$2",1,2,""
0.125,"axon-messaging-5.1.2","org.axonframework.messaging.core.unitofwork.transaction.NoTransactionManager$1",1,2,"axon-messaging-5.1.2","org.axonframework.messaging.core.unitofwork.transaction.NoTransactionManager",2,3,""
0.125,"axon-messaging-5.1.2","org.axonframework.messaging.core.unitofwork.transaction.jpa.EntityManagerTransactionManager$2",1,2,"axon-messaging-5.1.2","org.axonframework.messaging.core.unitofwork.transaction.NoTransactionManager",2,3,""
0.125,"axon-modelling-5.1.2","org.axonframework.modelling.HierarchicalStateManager",1,5,"axon-modelling-5.1.2","org.axonframework.modelling.StateManager",7,6,""
0.125,"axon-modelling-5.1.2","org.axonframework.modelling.configuration.ModellingConfigurer",1,10,"axon-common-5.1.2","org.axonframework.common.configuration.BaseModule",7,6,""
0.125,"axon-modelling-5.1.2","org.axonframework.modelling.entity.annotation.EntityChildModelDefinition",2,2,"axon-modelling-5.1.2","org.axonframework.modelling.entity.EntityMetamodelBuilder",8,6,""
0.125,"axon-test-5.1.2","org.axonframework.test.extension.AxonFrameworkExtension",0,3,"axon-test-5.1.2","org.axonframework.test.extension.AxonTestFixtureProvider",3,1,""
0.125,"axon-test-5.1.2","org.axonframework.test.extension.AxonTestFixtureProvider",3,1,"axon-test-5.1.2","org.axonframework.test.extension.AxonFrameworkExtension",0,3,""
0.125,"axon-test-5.1.2","org.axonframework.test.fixture.AxonTestPhase$Then$Message",8,3,"axon-test-5.1.2","org.axonframework.test.fixture.AxonTestPhase$Then$Event",5,2,""
0.125,"axon-test-5.1.2","org.axonframework.test.fixture.AxonTestPhase$Then$Message",8,3,"axon-test-5.1.2","org.axonframework.test.fixture.AxonTestPhase$Then$Nothing",7,2,""
0.125,"axon-test-5.1.2","org.axonframework.test.fixture.AxonTestThenEvent",1,10,"axon-test-5.1.2","org.axonframework.test.fixture.AxonTestThenMessage",3,20,""
0.125,"axon-test-5.1.2","org.axonframework.test.util.RecordingMessageMonitor$1",1,8,"axon-messaging-5.1.2","org.axonframework.messaging.monitoring.MessageMonitor",26,2,""
0.12307692307692308,"axon-server-connector-5.1.2","io.axoniq.framework.axonserver.connector.event.EventProcessorControlService",2,15,"axon-server-connector-5.1.2","io.axoniq.framework.axonserver.connector.event.EventProcessorControlService$AxonProcessorInstructionHandler",1,3,""
0.12307692307692308,"axon-server-connector-5.1.2","io.axoniq.framework.axonserver.connector.event.EventProcessorControlService$AxonProcessorInstructionHandler",1,3,"axon-server-connector-5.1.2","io.axoniq.framework.axonserver.connector.event.EventProcessorControlService",2,15,""
0.12251655629139073,"axon-eventsourcing-5.1.2","org.axonframework.eventsourcing.eventstore.jpa.AggregateBasedJpaEventStorageEngine",2,54,"axon-eventsourcing-5.1.2","org.axonframework.eventsourcing.eventstore.inmemory.InMemoryEventStorageEngine",5,23,""
0.12244897959183673,"axon-server-connector-5.1.2","io.axoniq.framework.axonserver.connector.snapshot.AxonServerSnapshotStore",1,6,"axon-messaging-5.1.2","org.axonframework.messaging.queryhandling.QueryMessage",37,3,""
0.12121212121212122,"axon-common-5.1.2","org.axonframework.common.configuration.DecoratorDefinition",9,7,"axon-common-5.1.2","org.axonframework.common.configuration.ComponentDefinition",20,7,""
0.12121212121212122,"axon-messaging-5.1.2","org.axonframework.messaging.core.unitofwork.UnitOfWorkConfiguration",3,2,"axon-messaging-5.1.2","org.axonframework.messaging.core.unitofwork.UnitOfWork",17,10,""
0.1211453744493392,"axon-messaging-5.1.2","org.axonframework.messaging.core.configuration.MessagingConfigurationDefaults",1,64,"axon-server-connector-5.1.2","io.axoniq.framework.axonserver.connector.configuration.AxonServerConfigurationEnhancer",1,27,""
0.12,"axon-common-5.1.2","org.axonframework.common.configuration.Components",2,6,"axon-common-5.1.2","org.axonframework.common.configuration.AbstractComponent",3,9,""
0.12,"axon-common-5.1.2","org.axonframework.common.configuration.DefaultComponentRegistry$1",1,2,"axon-common-5.1.2","org.axonframework.common.configuration.ComponentRegistry",39,12,""
0.11926605504587157,"axon-modelling-5.1.2","org.axonframework.modelling.SimpleStateManager",1,10,"axon-modelling-5.1.2","org.axonframework.modelling.entity.EntityCommandHandlingComponent",2,19,""
0.11764705882352941,"axon-common-5.1.2","org.axonframework.common.infra.FilesystemStyleComponentDescriptor",1,8,"axon-common-5.1.2","org.axonframework.common.configuration.DecoratorDefinition$CompletedDecoratorDefinition",3,3,""
0.11764705882352941,"axon-messaging-5.1.2","org.axonframework.messaging.core.unitofwork.transaction.NoTransactionManager",2,3,"axon-messaging-5.1.2","org.axonframework.messaging.core.unitofwork.TransactionalUnitOfWorkFactory",1,4,""
0.11764705882352941,"axon-messaging-5.1.2","org.axonframework.messaging.eventhandling.configuration.EventProcessorModule",6,7,"axon-messaging-5.1.2","org.axonframework.messaging.eventhandling.processing.subscribing.SubscribingEventProcessorsConfigurer",1,14,""
0.11764705882352941,"axon-messaging-5.1.2","org.axonframework.messaging.eventhandling.processing.streaming.segmenting.WrappedTrackerStatus",2,3,"axon-messaging-5.1.2","org.axonframework.messaging.eventhandling.processing.streaming.segmenting.EventTrackerStatus",8,2,""
0.11688311688311688,"axon-modelling-5.1.2","org.axonframework.modelling.SimpleStateManager",1,10,"axon-modelling-5.1.2","org.axonframework.modelling.repository.InMemoryRepository",0,6,""
0.11428571428571428,"axon-conversion-5.1.2","org.axonframework.conversion.jackson.JacksonConverter",1,9,"axon-conversion-5.1.2","org.axonframework.conversion.DelegatingGeneralConverter",1,4,""
0.11428571428571428,"axon-conversion-5.1.2","org.axonframework.conversion.jackson2.Jackson2Converter",0,9,"axon-conversion-5.1.2","org.axonframework.conversion.DelegatingGeneralConverter",1,4,""
0.11320754716981132,"axon-test-5.1.2","org.axonframework.test.extension.ProvidedAxonTestFixtureUtils",1,6,"axon-eventsourcing-5.1.2","org.axonframework.eventsourcing.annotation.AnnotationBasedEventCriteriaResolver$WrappedEventCriteriaBuilderMethod",1,4,""
0.11162790697674418,"axon-server-connector-5.1.2","io.axoniq.framework.axonserver.connector.api.AxonServerConnectionManager$Builder",2,8,"axon-server-connector-5.1.2","io.axoniq.framework.axonserver.connector.configuration.AxonServerConfigurationEnhancer",1,27,""
0.1111111111111111,"axon-server-connector-5.1.2","io.axoniq.framework.axonserver.connector.shared.ErrorCode",7,1,"axon-eventsourcing-5.1.2","org.axonframework.eventsourcing.eventstore.jpa.SQLErrorCodesResolver",0,4,""
0.1111111111111111,"axoniq-spring-boot-autoconfigure-5.1.2","io.axoniq.framework.springboot.autoconfig.PostgresqlAutoConfiguration",1,3,"axon-metrics-micrometer-5.1.2","org.axonframework.extension.metrics.micrometer.springboot.MicrometerMetricsAutoConfiguration",1,3,""
0.1111111111111111,"axon-common-5.1.2","org.axonframework.common.infra.DescribableComponent",47,1,"axon-conversion-5.1.2","org.axonframework.conversion.DelegatingGeneralConverter",1,4,""
0.1111111111111111,"axon-eventsourcing-5.1.2","org.axonframework.eventsourcing.eventstore.jpa.AggregateEventEntry",3,1,"axon-messaging-5.1.2","org.axonframework.messaging.eventhandling.processing.streaming.token.store.jdbc.JdbcTokenEntry",1,5,""
0.1111111111111111,"axon-metrics-micrometer-5.1.2","org.axonframework.extension.metrics.micrometer.springboot.MicrometerMetricsAutoConfiguration",1,3,"axoniq-spring-boot-autoconfigure-5.1.2","io.axoniq.framework.springboot.autoconfig.PostgresqlAutoConfiguration$1",1,3,""
0.1111111111111111,"axon-messaging-5.1.2","org.axonframework.messaging.core.configuration.MessagingConfigurationDefaults",1,64,"axon-metrics-micrometer-5.1.2","org.axonframework.extension.metrics.micrometer.MetricsConfigurationEnhancer",1,21,""
0.1111111111111111,"axon-messaging-5.1.2","org.axonframework.messaging.core.unitofwork.transaction.jpa.EntityManagerTransactionManager$1",1,2,"axon-messaging-5.1.2","org.axonframework.messaging.core.unitofwork.transaction.NoTransactionManager",2,3,""
0.1111111111111111,"axon-messaging-5.1.2","org.axonframework.messaging.eventhandling.processing.streaming.pooled.Coordinator$RunState",2,1,"axon-messaging-5.1.2","org.axonframework.messaging.core.annotation.AggregateTypeParameterResolverFactory$AggregateTypeParameterResolver",1,5,""
0.1111111111111111,"axon-modelling-5.1.2","org.axonframework.modelling.RepositoryAlreadyRegisteredException",1,1,"axon-modelling-5.1.2","org.axonframework.modelling.repository.Repository$LifecycleManagement",4,3,""
0.1111111111111111,"axon-update-5.1.2","org.axonframework.update.detection.AxonVersionDetector",1,2,"axon-update-5.1.2","org.axonframework.update.api.Artifact",3,1,""
0.10723860589812333,"axon-eventsourcing-5.1.2","org.axonframework.eventsourcing.eventstore.jpa.AggregateBasedJpaEventStorageEngine",2,54,"axon-eventsourcing-5.1.2","org.axonframework.eventsourcing.eventstore.DefaultEventStoreTransaction",1,19,""
0.10714285714285714,"axon-eventsourcing-5.1.2","org.axonframework.eventsourcing.eventstore.jpa.AggregateBasedJpaEventStorageEngine$TokenAndEvent",2,2,"axon-eventsourcing-5.1.2","org.axonframework.eventsourcing.eventstore.jpa.AggregateBasedJpaEventStorageEngineConfiguration",1,5,""
0.10638297872340426,"axon-modelling-5.1.2","org.axonframework.modelling.configuration.ModellingConfigurer",1,10,"axon-messaging-5.1.2","org.axonframework.messaging.core.configuration.reflection.ParameterResolverFactoryUtils",7,5,""
0.10526315789473684,"axon-common-5.1.2","org.axonframework.common.lifecycle.ShutdownLatch$ActivityHandle",3,1,"axon-server-connector-5.1.2","io.axoniq.framework.axonserver.connector.command.AxonServerCommandBusConnector",2,13,""
0.10526315789473684,"axon-messaging-5.1.2","org.axonframework.messaging.core.annotation.ClasspathHandlerDefinition",6,2,"axon-messaging-5.1.2","org.axonframework.messaging.core.annotation.MultiHandlerDefinition",1,8,""
0.10526315789473684,"axon-messaging-5.1.2","org.axonframework.messaging.core.unitofwork.ProcessingLifecycle$DefaultPhases",1,1,"axon-messaging-5.1.2","org.axonframework.messaging.core.unitofwork.transaction.TransactionManager",4,5,""
0.10526315789473684,"axon-test-5.1.2","org.axonframework.test.extension.ProvidedAxonTestFixtureUtils",1,6,"axon-modelling-5.1.2","org.axonframework.modelling.entity.child.FieldChildEntityFieldDefinition",1,5,""
0.1044776119402985,"axon-server-connector-5.1.2","io.axoniq.framework.axonserver.connector.api.AxonServerConfiguration",7,6,"axon-server-connector-5.1.2","io.axoniq.framework.axonserver.connector.api.AxonServerConfiguration$Builder",1,2,""
0.1044776119402985,"axon-server-connector-5.1.2","io.axoniq.framework.axonserver.connector.api.AxonServerConfiguration$Builder",1,2,"axon-server-connector-5.1.2","io.axoniq.framework.axonserver.connector.api.AxonServerConfiguration",7,6,""
0.10344827586206896,"axon-messaging-5.1.2","org.axonframework.messaging.core.unitofwork.UnitOfWorkConfiguration",3,2,"axon-messaging-5.1.2","org.axonframework.messaging.core.unitofwork.LegacyMessageSupportingContext",1,7,""
0.10344827586206896,"axon-messaging-5.1.2","org.axonframework.messaging.core.unitofwork.UnitOfWorkConfiguration",3,2,"axon-messaging-5.1.2","org.axonframework.messaging.eventhandling.processing.streaming.pooled.EventSchedulingProcessingContext",2,7,""
0.10344827586206896,"axon-modelling-5.1.2","org.axonframework.modelling.RepositoryAlreadyRegisteredException",1,1,"axon-modelling-5.1.2","org.axonframework.modelling.HierarchicalStateManager",1,5,""
0.10256410256410256,"axon-messaging-5.1.2","org.axonframework.messaging.core.timeout.HandlerTimeoutConfiguration",1,1,"axon-messaging-5.1.2","org.axonframework.messaging.core.timeout.HandlerTimeoutHandlerEnhancerDefinition",0,8,""
0.10256410256410256,"axon-messaging-5.1.2","org.axonframework.messaging.eventhandling.configuration.EventProcessorModule",6,7,"axon-messaging-5.1.2","org.axonframework.messaging.eventhandling.processing.streaming.pooled.PooledStreamingEventProcessorsConfigurer",1,16,""
0.1016949152542373,"axon-common-5.1.2","org.axonframework.common.infra.FilesystemStyleComponentDescriptor$TreeRenderer",2,3,"axon-common-5.1.2","org.axonframework.common.infra.FilesystemStyleComponentDescriptor",1,8,""
0.10144927536231885,"axon-eventsourcing-5.1.2","org.axonframework.eventsourcing.configuration.EventSourcingConfigurer",0,15,"axon-common-5.1.2","org.axonframework.common.configuration.BaseModule",7,6,""
0.1,"axon-server-connector-5.1.2","io.axoniq.framework.axonserver.connector.query.AxonServerQueryBusConnector$AxonServerUpdateCallback",2,5,"axon-common-5.1.2","org.axonframework.common.configuration.LifecycleRegistry",16,3,""
0.1,"axon-server-connector-5.1.2","io.axoniq.framework.axonserver.connector.query.AxonServerQueryBusConnector$AxonServerUpdateCallback",2,5,"axon-messaging-5.1.2","org.axonframework.messaging.eventhandling.processing.streaming.pooled.Coordinator$RunState",2,1,""
0.1,"axon-eventsourcing-5.1.2","org.axonframework.eventsourcing.annotation.EventSourcedEntity",2,6,"axon-eventsourcing-5.1.2","org.axonframework.eventsourcing.annotation.AnnotationBasedEventCriteriaResolverDefinition",1,4,""
0.1,"axon-eventsourcing-5.1.2","org.axonframework.eventsourcing.eventstore.EventCoordinator$Handle",6,1,"axon-eventsourcing-5.1.2","org.axonframework.eventsourcing.eventstore.GenericTaggedEventMessage",1,4,""
0.1,"axon-eventsourcing-5.1.2","org.axonframework.eventsourcing.eventstore.SourcingStrategy",4,2,"axon-eventsourcing-5.1.2","org.axonframework.eventsourcing.eventstore.SourcingStrategy$Absolute",5,3,""
0.1,"axon-messaging-5.1.2","org.axonframework.messaging.commandhandling.configuration.CommandHandlingModule$SetupPhase",2,1,"axon-messaging-5.1.2","org.axonframework.messaging.commandhandling.configuration.CommandHandlingModule",5,5,""
0.1,"axon-messaging-5.1.2","org.axonframework.messaging.eventhandling.processing.streaming.pooled.Coordinator$RunState",2,1,"axon-server-connector-5.1.2","io.axoniq.framework.axonserver.connector.query.AxonServerQueryBusConnector$AxonServerUpdateCallback",2,5,""
0.1,"axon-messaging-5.1.2","org.axonframework.messaging.eventhandling.processing.streaming.pooled.Coordinator$RunState",2,1,"axon-messaging-5.1.2","org.axonframework.messaging.eventhandling.annotation.TimestampParameterResolverFactory$TimestampParameterResolver",1,5,""
0.1,"axon-messaging-5.1.2","org.axonframework.messaging.eventhandling.processing.streaming.token.store.jdbc.TokenTableFactory",3,1,"axon-messaging-5.1.2","org.axonframework.messaging.eventhandling.processing.streaming.token.store.jdbc.JdbcTokenStoreConfiguration",1,2,""
0.1,"axon-messaging-5.1.2","org.axonframework.messaging.queryhandling.configuration.QueryHandlingModule$SetupPhase",2,1,"axon-messaging-5.1.2","org.axonframework.messaging.queryhandling.configuration.QueryHandlingModule",5,5,""
0.1,"axon-modelling-5.1.2","org.axonframework.modelling.configuration.StateBasedEntityModule$MessagingMetamodelPhase",4,4,"axon-eventsourcing-5.1.2","org.axonframework.eventsourcing.configuration.EventSourcedEntityModule$OptionalPhase",4,5,""
0.1,"axon-update-5.1.2","org.axonframework.update.configuration.UsagePropertyProvider",8,6,"axon-update-5.1.2","org.axonframework.update.api.Artifact",3,1,""
0.1,"axon-update-5.1.2","org.axonframework.update.configuration.UsagePropertyProvider",8,6,"axon-update-5.1.2","org.axonframework.update.api.DetectedVulnerabilitySeverity",3,1,""
0.0967741935483871,"axon-test-5.1.2","org.axonframework.test.fixture.Reporter",3,2,"axon-modelling-5.1.2","org.axonframework.modelling.PayloadBasedEntityEvolver",0,3,""
0.09523809523809523,"axon-eventsourcing-5.1.2","org.axonframework.eventsourcing.snapshot.api.SnapshotPolicy$2",1,3,"axon-eventsourcing-5.1.2","org.axonframework.eventsourcing.snapshot.api.SnapshotPolicy",6,4,""
0.09523809523809523,"axon-modelling-5.1.2","org.axonframework.modelling.entity.annotation.EntityChildModelDefinition",2,2,"axon-modelling-5.1.2","org.axonframework.modelling.entity.annotation.AbstractEntityChildModelDefinition",2,13,""
0.09375,"axoniq-spring-boot-autoconfigure-5.1.2","io.axoniq.framework.springboot.actuator.axonserver.AxonServerHealthIndicator",1,2,"axon-server-connector-5.1.2","io.axoniq.framework.axonserver.connector.event.AxonServerEventStorageEngineFactory",1,10,""
0.09302325581395349,"axon-common-5.1.2","org.axonframework.common.lifecycle.ShutdownLatch",3,2,"axon-server-connector-5.1.2","io.axoniq.framework.axonserver.connector.command.AxonServerCommandBusConnector",2,13,""
0.09090909090909091,"axon-server-connector-5.1.2","io.axoniq.framework.axonserver.connector.shared.GrpcExceptionParser",0,2,"axon-server-connector-5.1.2","io.axoniq.framework.axonserver.connector.query.AxonServerQueryBusConnector$AxonServerUpdateCallback",2,5,""
0.09090909090909091,"axon-common-5.1.2","org.axonframework.common.jpa.FactoryBasedEntityManagerProvider",0,1,"axon-eventsourcing-5.1.2","org.axonframework.eventsourcing.eventstore.jpa.JpaPollingEventCoordinator",1,5,""
0.09090909090909091,"axon-eventsourcing-5.1.2","org.axonframework.eventsourcing.annotation.EventSourcedEntity",2,6,"axon-modelling-5.1.2","org.axonframework.modelling.annotation.AnnotationBasedEntityIdResolverDefinition",0,5,""
0.09090909090909091,"axon-eventsourcing-5.1.2","org.axonframework.eventsourcing.snapshot.api.SnapshotPolicy$2",1,3,"axon-modelling-5.1.2","org.axonframework.modelling.EntityEvolver",13,2,""
0.09090909090909091,"axon-messaging-5.1.2","org.axonframework.messaging.eventhandling.processing.streaming.segmenting.EventTrackerStatusChangeListener",0,1,"axon-messaging-5.1.2","org.axonframework.messaging.eventhandling.processing.streaming.StreamingEventProcessor",5,4,""
0.08695652173913043,"axon-common-5.1.2","org.axonframework.common.configuration.AbstractComponent$HandlerRegistration",3,1,"axon-common-5.1.2","org.axonframework.common.configuration.ComponentDefinition",20,7,""
0.08695652173913043,"axon-modelling-5.1.2","org.axonframework.modelling.entity.annotation.EntityMember",3,4,"axon-modelling-5.1.2","org.axonframework.modelling.entity.annotation.AbstractEntityChildModelDefinition",2,13,""
0.08695652173913043,"axon-test-5.1.2","org.axonframework.test.extension.ProvidedAxonTestFixtureUtils",1,6,"axon-messaging-5.1.2","org.axonframework.messaging.commandhandling.annotation.AnnotationRoutingStrategy",2,7,""
0.08571428571428572,"axon-server-connector-5.1.2","io.axoniq.framework.axonserver.connector.query.AxonServerQueryBusConnector$LocalSegmentAdapter",1,7,"axon-server-connector-5.1.2","io.axoniq.framework.axonserver.connector.query.AxonServerQueryBusConnector",3,16,""
0.08333333333333333,"axoniq-spring-boot-autoconfigure-5.1.2","io.axoniq.framework.springboot.DeadLetterQueueProcessorProperties$Dlq",3,1,"axoniq-spring-boot-autoconfigure-5.1.2","io.axoniq.framework.springboot.autoconfig.DeadLetterQueueAutoConfiguration",0,7,""
0.08333333333333333,"axoniq-spring-boot-autoconfigure-5.1.2","io.axoniq.framework.springboot.actuator.axonserver.AxonServerHealthIndicator",1,2,"axoniq-spring-boot-autoconfigure-5.1.2","io.axoniq.framework.springboot.autoconfig.AxonServerActuatorAutoConfiguration",0,4,""
0.08333333333333333,"axoniq-spring-boot-autoconfigure-5.1.2","io.axoniq.framework.springboot.autoconfig.AxonServerActuatorAutoConfiguration",0,4,"axoniq-spring-boot-autoconfigure-5.1.2","io.axoniq.framework.springboot.actuator.axonserver.AxonServerHealthIndicator",1,2,""
0.08333333333333333,"axon-conversion-5.1.2","org.axonframework.conversion.avro.AvroConverterConfiguration",1,4,"axon-conversion-5.1.2","org.axonframework.conversion.avro.DefaultSchemaIncompatibilityChecker",1,2,""
0.08333333333333333,"axon-eventsourcing-5.1.2","org.axonframework.eventsourcing.configuration.EventSourcedEntityModule$MessagingModelPhase",3,2,"axon-eventsourcing-5.1.2","org.axonframework.eventsourcing.configuration.EventSourcedEntityModule",3,7,""
0.08333333333333333,"axon-messaging-5.1.2","org.axonframework.messaging.eventhandling.processing.errorhandling.PropagatingErrorHandler",1,3,"axon-messaging-5.1.2","org.axonframework.messaging.eventhandling.processing.streaming.pooled.DefaultWorkPackageEventFilter",1,12,""
0.08333333333333333,"axon-messaging-5.1.2","org.axonframework.messaging.eventhandling.processing.streaming.token.store.jdbc.TokenTableFactory",3,1,"axon-messaging-5.1.2","org.axonframework.messaging.eventhandling.processing.streaming.token.store.jdbc.GenericTokenTableFactory",1,2,""
0.08333333333333333,"axon-messaging-5.1.2","org.axonframework.messaging.tracing.Span",21,2,"axon-messaging-5.1.2","org.axonframework.messaging.eventhandling.processing.streaming.pooled.Coordinator$RunState",2,1,""
0.08108108108108109,"axon-server-connector-5.1.2","io.axoniq.framework.axonserver.connector.query.AxonServerQueryBusConnector$LocalSegmentAdapter",1,7,"axon-messaging-5.1.2","org.axonframework.messaging.core.EmptyMessageStream",1,8,""
0.08108108108108109,"axon-test-5.1.2","org.axonframework.test.matchers.Matchers",2,16,"axon-messaging-5.1.2","org.axonframework.messaging.eventhandling.annotation.TimestampParameterResolverFactory$TimestampParameterResolver",1,5,""
0.08,"axon-messaging-5.1.2","org.axonframework.messaging.tracing.Span",21,2,"axon-messaging-5.1.2","org.axonframework.messaging.tracing.MultiSpanFactory$MultiSpan",1,2,""
0.07692307692307693,"axon-server-connector-5.1.2","io.axoniq.framework.axonserver.connector.api.AxonServerConfiguration",7,6,"axon-server-connector-5.1.2","io.axoniq.framework.axonserver.connector.api.AxonServerConnectionManager",7,4,""
0.07692307692307693,"axon-server-connector-5.1.2","io.axoniq.framework.axonserver.connector.api.AxonServerConnectionManager",7,4,"axon-server-connector-5.1.2","io.axoniq.framework.axonserver.connector.api.AxonServerConfiguration",7,6,""
0.07692307692307693,"axon-common-5.1.2","org.axonframework.common.configuration.AbstractComponent$HandlerRegistration",3,1,"axon-common-5.1.2","org.axonframework.common.configuration.DefaultDecoratorDefinition",2,8,""
0.07692307692307693,"axon-common-5.1.2","org.axonframework.common.lock.NullLockFactory",0,3,"axon-common-5.1.2","org.axonframework.common.lock.PessimisticLockFactory",2,6,""
0.07692307692307693,"axon-common-5.1.2","org.axonframework.common.lock.PessimisticLockFactory",2,6,"axon-common-5.1.2","org.axonframework.common.lock.NullLockFactory",0,3,""
0.07692307692307693,"axon-common-5.1.2","org.axonframework.common.lock.PessimisticLockFactory$DisposableLock",1,5,"axon-common-5.1.2","org.axonframework.common.lock.PessimisticLockFactory$Builder",1,2,""
0.07692307692307693,"axon-eventsourcing-5.1.2","org.axonframework.eventsourcing.annotation.EventSourcingHandler",0,1,"axon-messaging-5.1.2","org.axonframework.messaging.eventhandling.annotation.MethodEventHandlerDefinition",0,5,""
0.07692307692307693,"axon-eventsourcing-5.1.2","org.axonframework.eventsourcing.eventstore.jpa.AggregateEventEntry",3,1,"axon-eventsourcing-5.1.2","org.axonframework.eventsourcing.eventstore.jpa.GapAwareTrackingTokenOperations",1,4,""
0.07692307692307693,"axon-messaging-5.1.2","org.axonframework.messaging.core.unitofwork.SimpleUnitOfWorkFactory",2,4,"axon-messaging-5.1.2","org.axonframework.messaging.eventhandling.processing.streaming.pooled.ClaimTask",1,8,""
0.07692307692307693,"axon-messaging-5.1.2","org.axonframework.messaging.core.unitofwork.UnitOfWorkFactory",25,2,"axon-messaging-5.1.2","org.axonframework.messaging.eventhandling.processing.streaming.pooled.ClaimTask",1,8,""
0.07692307692307693,"axon-messaging-5.1.2","org.axonframework.messaging.eventhandling.configuration.EventProcessorModule",6,7,"axon-common-5.1.2","org.axonframework.common.configuration.ModuleBuilder",14,1,""
0.07692307692307693,"axon-messaging-5.1.2","org.axonframework.messaging.eventhandling.processing.streaming.segmenting.AddedTrackerStatus",0,2,"axon-messaging-5.1.2","org.axonframework.messaging.eventhandling.processing.streaming.StreamingEventProcessor",5,4,""
0.07692307692307693,"axon-messaging-5.1.2","org.axonframework.messaging.eventhandling.processing.streaming.segmenting.RemovedTrackerStatus",0,2,"axon-messaging-5.1.2","org.axonframework.messaging.eventhandling.processing.streaming.StreamingEventProcessor",5,4,""
0.07692307692307693,"axon-messaging-5.1.2","org.axonframework.messaging.eventhandling.replay.annotation.DisallowReplay",0,1,"axon-messaging-5.1.2","org.axonframework.messaging.eventhandling.replay.annotation.ReplayAwareMessageHandlerWrapper",0,6,""
0.07692307692307693,"axon-modelling-5.1.2","org.axonframework.modelling.entity.annotation.EntityMember",3,4,"axon-modelling-5.1.2","org.axonframework.modelling.entity.annotation.RoutingKeyCommandTargetResolverDefinition",1,7,""
0.07692307692307693,"axon-modelling-5.1.2","org.axonframework.modelling.entity.annotation.EntityMember",3,4,"axon-modelling-5.1.2","org.axonframework.modelling.entity.annotation.RoutingKeyEventTargetMatcherDefinition",1,7,""
0.07692307692307693,"axon-test-5.1.2","org.axonframework.test.matchers.Matchers",2,16,"axon-messaging-5.1.2","org.axonframework.messaging.core.sequencing.ExtractionSequencingPolicy",1,7,""
0.07692307692307693,"axon-update-5.1.2","org.axonframework.update.api.UpdateCheckRequest",4,2,"axon-update-5.1.2","org.axonframework.update.api.Artifact",3,1,""
0.07407407407407407,"axon-eventsourcing-5.1.2","org.axonframework.eventsourcing.eventstore.jpa.AggregateEventEntry",3,1,"axon-messaging-5.1.2","org.axonframework.messaging.eventhandling.processing.streaming.token.store.jpa.TokenEntry",1,6,""
0.07142857142857142,"axoniq-spring-boot-autoconfigure-5.1.2","io.axoniq.framework.springboot.DeadLetterQueueProcessorProperties",1,3,"axoniq-spring-boot-autoconfigure-5.1.2","io.axoniq.framework.springboot.DeadLetterQueueProcessorProperties$Dlq",3,1,""
0.07142857142857142,"axoniq-spring-boot-autoconfigure-5.1.2","io.axoniq.framework.springboot.DeadLetterQueueProcessorProperties",1,3,"axoniq-spring-boot-autoconfigure-5.1.2","io.axoniq.framework.springboot.DeadLetterQueueProcessorProperties$DlqProcessorSettings",2,1,""
0.07142857142857142,"axoniq-spring-boot-autoconfigure-5.1.2","io.axoniq.framework.springboot.DeadLetterQueueProcessorProperties$Dlq",3,1,"axoniq-spring-boot-autoconfigure-5.1.2","io.axoniq.framework.springboot.DeadLetterQueueProcessorProperties",1,3,""
0.07142857142857142,"axoniq-spring-boot-autoconfigure-5.1.2","io.axoniq.framework.springboot.DeadLetterQueueProcessorProperties$DlqProcessorSettings",2,1,"axoniq-spring-boot-autoconfigure-5.1.2","io.axoniq.framework.springboot.DeadLetterQueueProcessorProperties",1,3,""
0.07142857142857142,"axoniq-spring-boot-autoconfigure-5.1.2","io.axoniq.framework.springboot.autoconfig.AxonServerActuatorAutoConfiguration",0,4,"axoniq-spring-boot-autoconfigure-5.1.2","io.axoniq.framework.springboot.autoconfig.AxonServerAutoConfiguration$1",1,4,""
0.07142857142857142,"axon-messaging-5.1.2","org.axonframework.messaging.core.annotation.AnnotatedHandlerAttributes",1,4,"axon-messaging-5.1.2","org.axonframework.messaging.core.annotation.MessageHandlerTimeout",0,1,""
0.07142857142857142,"axon-messaging-5.1.2","org.axonframework.messaging.core.annotation.AnnotatedHandlerAttributes",1,4,"axon-messaging-5.1.2","org.axonframework.messaging.eventhandling.replay.annotation.AllowReplay",2,1,""
0.07142857142857142,"axon-messaging-5.1.2","org.axonframework.messaging.eventhandling.EventBus",8,2,"axon-test-5.1.2","org.axonframework.test.fixture.RecordingEventBus",1,8,""
0.07142857142857142,"axon-messaging-5.1.2","org.axonframework.messaging.eventhandling.EventBus",8,2,"axon-test-5.1.2","org.axonframework.test.fixture.RecordingEventSink",5,5,""
0.07142857142857142,"axon-test-5.1.2","org.axonframework.test.matchers.Matchers",2,16,"axon-messaging-5.1.2","org.axonframework.messaging.eventhandling.replay.annotation.ReplayParameterResolverFactory$ReplayParameterResolver",1,7,""
0.07058823529411765,"axon-conversion-5.1.2","org.axonframework.conversion.avro.AvroConverterConfiguration",1,4,"axon-conversion-5.1.2","org.axonframework.conversion.avro.AvroConverter",0,10,""
0.07017543859649122,"axon-common-5.1.2","org.axonframework.common.lifecycle.ShutdownLatch$ActivityHandle",3,1,"axon-server-connector-5.1.2","io.axoniq.framework.axonserver.connector.query.AxonServerQueryBusConnector",3,16,""
0.06896551724137931,"axon-server-connector-5.1.2","io.axoniq.framework.axonserver.connector.shared.ExceptionFactory$1",1,2,"axon-server-connector-5.1.2","io.axoniq.framework.axonserver.connector.shared.ExceptionConverter",6,4,""
0.0684931506849315,"axon-messaging-5.1.2","org.axonframework.messaging.eventhandling.processing.errorhandling.PropagatingErrorHandler",1,3,"axon-messaging-5.1.2","org.axonframework.messaging.eventhandling.processing.subscribing.SubscribingEventProcessor",4,23,""
0.06666666666666667,"axon-common-5.1.2","org.axonframework.common.TypeReflectionUtils$VarMap",3,3,"axon-common-5.1.2","org.axonframework.common.ReflectionUtils",28,4,""
0.06666666666666667,"axon-messaging-5.1.2","org.axonframework.messaging.commandhandling.configuration.CommandHandlingModule$SetupPhase",2,1,"axon-messaging-5.1.2","org.axonframework.messaging.commandhandling.configuration.SimpleCommandHandlingModule",1,16,""
0.06666666666666667,"axon-messaging-5.1.2","org.axonframework.messaging.core.annotation.ClasspathHandlerDefinition",6,2,"axon-messaging-5.1.2","org.axonframework.messaging.eventhandling.configuration.EventHandlingComponentsConfigurer$ComponentsPhase",3,10,""
0.06666666666666667,"axon-messaging-5.1.2","org.axonframework.messaging.queryhandling.configuration.QueryHandlingModule$SetupPhase",2,1,"axon-messaging-5.1.2","org.axonframework.messaging.queryhandling.configuration.SimpleQueryHandlingModule",1,16,""
0.06666666666666667,"axon-update-5.1.2","org.axonframework.update.UpdateCheckerReporter",3,2,"axon-update-5.1.2","org.axonframework.update.UpdateChecker",1,11,""
0.06451612903225806,"axon-common-5.1.2","org.axonframework.common.lifecycle.ShutdownLatch",3,2,"axon-server-connector-5.1.2","io.axoniq.framework.axonserver.connector.query.AxonServerQueryBusConnector",3,16,""
0.06382978723404255,"axoniq-spring-boot-autoconfigure-5.1.2","io.axoniq.framework.springboot.TagsConfigurationProperties",1,1,"axon-server-connector-5.1.2","io.axoniq.framework.axonserver.connector.api.AxonServerConnectionManager$Builder",2,8,""
0.0625,"axon-eventsourcing-5.1.2","org.axonframework.eventsourcing.annotation.EventSourcedEntity",2,6,"axon-modelling-5.1.2","org.axonframework.modelling.entity.annotation.AnnotatedEntityIdResolverDefinition",1,7,""
0.0625,"axon-messaging-5.1.2","org.axonframework.messaging.tracing.Span",21,2,"axon-messaging-5.1.2","org.axonframework.messaging.tracing.NoOpSpanFactory$NoOpSpan",2,2,""
0.0625,"axon-modelling-5.1.2","org.axonframework.modelling.entity.child.GetterEvolverChildEntityFieldDefinition",1,1,"axon-modelling-5.1.2","org.axonframework.modelling.entity.child.ListEntityChildMetamodel",3,6,""
0.0625,"axon-modelling-5.1.2","org.axonframework.modelling.entity.child.GetterEvolverChildEntityFieldDefinition",1,1,"axon-modelling-5.1.2","org.axonframework.modelling.entity.child.ListEntityChildMetamodel$Builder",3,6,""
0.0625,"axon-modelling-5.1.2","org.axonframework.modelling.entity.child.GetterSetterChildEntityFieldDefinition",1,1,"axon-modelling-5.1.2","org.axonframework.modelling.entity.child.ListEntityChildMetamodel",3,6,""
0.0625,"axon-modelling-5.1.2","org.axonframework.modelling.entity.child.GetterSetterChildEntityFieldDefinition",1,1,"axon-modelling-5.1.2","org.axonframework.modelling.entity.child.ListEntityChildMetamodel$Builder",3,6,""
0.06153846153846154,"axon-messaging-5.1.2","org.axonframework.messaging.core.annotation.ClasspathHandlerDefinition",6,2,"axon-messaging-5.1.2","org.axonframework.messaging.core.annotation.AnnotatedHandlerInspector",5,16,""
0.058823529411764705,"axon-update-5.1.2","org.axonframework.update.api.UpdateCheckResponse",4,4,"axon-update-5.1.2","org.axonframework.update.api.Artifact",3,1,""
0.057692307692307696,"axon-server-connector-5.1.2","io.axoniq.framework.axonserver.connector.api.AxonServerConfiguration$Eventhandling",4,1,"axon-server-connector-5.1.2","io.axoniq.framework.axonserver.connector.event.EventProcessorControlService",2,15,""
0.05714285714285714,"axon-server-connector-5.1.2","io.axoniq.framework.axonserver.connector.shared.ExceptionFactory",3,19,"axon-server-connector-5.1.2","io.axoniq.framework.axonserver.connector.shared.ExceptionConverter",6,4,""
0.05555555555555555,"axon-common-5.1.2","org.axonframework.common.DefaultIdentifierFactory",1,1,"axon-messaging-5.1.2","org.axonframework.messaging.core.GenericMessage",14,9,""
0.05555555555555555,"axon-common-5.1.2","org.axonframework.common.lock.DeadlockException",1,1,"axon-common-5.1.2","org.axonframework.common.lock.PessimisticLockFactory$DisposableLock",1,5,""
0.05555555555555555,"axon-common-5.1.2","org.axonframework.common.lock.PessimisticLockFactory$DisposableLock",1,5,"axon-common-5.1.2","org.axonframework.common.lock.DeadlockException",1,1,""
0.05555555555555555,"axon-eventsourcing-5.1.2","org.axonframework.eventsourcing.eventstore.SourcingStrategy",4,2,"axon-eventsourcing-5.1.2","org.axonframework.eventsourcing.eventstore.DefaultSourcingCondition",1,5,""
0.05555555555555555,"axon-modelling-5.1.2","org.axonframework.modelling.entity.annotation.EntityChildModelDefinition",2,2,"axon-modelling-5.1.2","org.axonframework.modelling.entity.annotation.SingleEntityChildModelDefinition",0,10,""
0.05263157894736842,"axon-messaging-5.1.2","org.axonframework.messaging.eventhandling.replay.ResetHandlerRegistry",2,1,"axon-messaging-5.1.2","org.axonframework.messaging.eventhandling.EventHandlingComponent",18,12,""
0.05,"axon-common-5.1.2","org.axonframework.common.jdbc.JdbcUtils",1,4,"axon-update-5.1.2","org.axonframework.update.api.Artifact",3,1,""
0.05,"axon-common-5.1.2","org.axonframework.common.jdbc.JdbcUtils",1,4,"axon-update-5.1.2","org.axonframework.update.api.ArtifactAvailableUpgrade",2,1,""
0.05,"axon-common-5.1.2","org.axonframework.common.jdbc.JdbcUtils",1,4,"axon-update-5.1.2","org.axonframework.update.api.DetectedVulnerabilitySeverity",3,1,""
0.05,"axon-messaging-5.1.2","org.axonframework.messaging.core.annotation.ClasspathHandlerEnhancerDefinition",1,2,"axon-messaging-5.1.2","org.axonframework.messaging.commandhandling.annotation.MethodCommandHandlerDefinition",0,3,""
0.05,"axon-messaging-5.1.2","org.axonframework.messaging.eventhandling.replay.ResetHandlerRegistry",2,1,"axon-messaging-5.1.2","org.axonframework.messaging.eventhandling.replay.ReplayBlockingEventHandlingComponent",0,11,""
0.04819277108433735,"axon-server-connector-5.1.2","io.axoniq.framework.axonserver.connector.shared.ExceptionFactory",3,19,"axon-messaging-5.1.2","org.axonframework.messaging.commandhandling.gateway.CommandResult",7,3,""
0.047619047619047616,"axon-server-connector-5.1.2","io.axoniq.framework.axonserver.connector.util.GrpcMessageSizeInterceptor",3,2,"axon-server-connector-5.1.2","io.axoniq.framework.axonserver.connector.util.GrpcMessageSizeInterceptor$1",2,4,""
0.047619047619047616,"axon-server-connector-5.1.2","io.axoniq.framework.axonserver.connector.util.GrpcMessageSizeInterceptor$1",2,4,"axon-server-connector-5.1.2","io.axoniq.framework.axonserver.connector.util.GrpcMessageSizeInterceptor",3,2,""
0.047619047619047616,"axon-eventsourcing-5.1.2","org.axonframework.eventsourcing.eventstore.SourcingStrategy",4,2,"axon-eventsourcing-5.1.2","org.axonframework.eventsourcing.eventstore.SourcingCondition",13,6,""
0.045454545454545456,"axon-server-connector-5.1.2","io.axoniq.framework.axonserver.connector.api.AxonServerConnectionManager",7,4,"axon-server-connector-5.1.2","io.axoniq.framework.axonserver.connector.api.AxonServerConfiguration$Builder",1,2,""
0.043478260869565216,"axon-test-5.1.2","org.axonframework.test.extension.ProvidedAxonTestFixture",1,1,"axon-test-5.1.2","org.axonframework.test.extension.ProvidedAxonTestFixtureUtils",1,6,""
0.043478260869565216,"axon-update-5.1.2","org.axonframework.update.UpdateCheckerReporter",3,2,"axon-update-5.1.2","org.axonframework.update.LoggingUpdateCheckerReporter",1,7,""
0.041666666666666664,"axon-server-connector-5.1.2","io.axoniq.framework.axonserver.connector.shared.GrpcExceptionParser",0,2,"axon-server-connector-5.1.2","io.axoniq.framework.axonserver.connector.query.FlowControlledResponseSender",1,7,""
0.04081632653061224,"axon-messaging-5.1.2","org.axonframework.messaging.core.timeout.AxonTimeLimitedTask",2,2,"axon-messaging-5.1.2","org.axonframework.messaging.core.timeout.UnitOfWorkTimeoutInterceptorBuilder",0,14,""
0.04040404040404041,"axon-server-connector-5.1.2","io.axoniq.framework.axonserver.connector.api.AxonServerConnectionManager",7,4,"axon-server-connector-5.1.2","io.axoniq.framework.axonserver.connector.configuration.AxonServerConfigurationEnhancer",1,27,""
0.04,"axon-common-5.1.2","org.axonframework.common.jdbc.JdbcSQLErrorCodesResolver",0,1,"axon-eventsourcing-5.1.2","org.axonframework.eventsourcing.eventstore.jpa.AggregateBasedJpaEventStorageEngineConfiguration",1,5,""
0.04,"axon-common-5.1.2","org.axonframework.common.lock.LockFactory",2,1,"axon-common-5.1.2","org.axonframework.common.lock.PessimisticLockFactory",2,6,""
0.04,"axon-common-5.1.2","org.axonframework.common.lock.PessimisticLockFactory",2,6,"axon-common-5.1.2","org.axonframework.common.AxonThreadFactory",2,1,""
0.04,"axon-common-5.1.2","org.axonframework.common.lock.PessimisticLockFactory",2,6,"axon-common-5.1.2","org.axonframework.common.lock.LockFactory",2,1,""
0.038461538461538464,"axon-common-5.1.2","org.axonframework.common.configuration.DefaultComponentRegistry$1",1,2,"axon-messaging-5.1.2","org.axonframework.messaging.core.configuration.reflection.ParameterResolverFactoryUtils",7,5,""
0.038461538461538464,"axon-common-5.1.2","org.axonframework.common.lock.NoOpLock",1,1,"axon-common-5.1.2","org.axonframework.common.lock.PessimisticLockFactory",2,6,""
0.038461538461538464,"axon-test-5.1.2","org.axonframework.test.extension.AxonFrameworkExtension",0,3,"axon-test-5.1.2","org.axonframework.test.extension.ProvidedAxonTestFixtureUtils",1,6,""
0.03676470588235294,"axon-server-connector-5.1.2","io.axoniq.framework.axonserver.connector.event.EventProcessorControlService$AxonProcessorInstructionHandler",1,3,"axon-messaging-5.1.2","org.axonframework.messaging.eventhandling.processing.subscribing.SubscribingEventProcessorModule",2,23,""
0.03571428571428571,"axon-server-connector-5.1.2","io.axoniq.framework.axonserver.connector.shared.ExceptionFactory$1",1,2,"axon-server-connector-5.1.2","io.axoniq.framework.axonserver.connector.shared.GrpcExceptionParser",0,2,""
0.03571428571428571,"axon-common-5.1.2","org.axonframework.common.configuration.DefaultComponentRegistry$1",1,2,"axon-common-5.1.2","org.axonframework.common.configuration.BaseModule",7,6,""
0.03488372093023256,"axon-server-connector-5.1.2","io.axoniq.framework.axonserver.connector.api.AxonServerConfiguration",7,6,"axon-server-connector-5.1.2","io.axoniq.framework.axonserver.connector.api.AxonServerConnectionManager$Builder",2,8,""
0.03389830508474576,"axoniq-spring-boot-autoconfigure-5.1.2","io.axoniq.framework.springboot.service.connection.AxonServerDockerComposeConnectionDetailsFactory",0,1,"axoniq-spring-boot-autoconfigure-5.1.2","io.axoniq.framework.springboot.autoconfig.AxonServerAutoConfiguration",2,12,""
0.03389830508474576,"axon-common-5.1.2","org.axonframework.common.lock.PessimisticLockFactory$DisposableLock",1,5,"axon-common-5.1.2","org.axonframework.common.lock.PessimisticLockFactory",2,6,""
0.03225806451612903,"axoniq-spring-boot-autoconfigure-5.1.2","io.axoniq.framework.springboot.service.connection.AxonServerTestContainerConnectionDetailsFactory",0,2,"axoniq-spring-boot-autoconfigure-5.1.2","io.axoniq.framework.springboot.autoconfig.AxonServerAutoConfiguration",2,12,""
0.031746031746031744,"axon-server-connector-5.1.2","io.axoniq.framework.axonserver.connector.util.GrpcMessageSizeInterceptor$1",2,4,"axon-server-connector-5.1.2","io.axoniq.framework.axonserver.connector.api.AxonServerConnectionManager$Builder",2,8,""
0.031746031746031744,"axon-server-connector-5.1.2","io.axoniq.framework.axonserver.connector.util.GrpcMessageSizeInterceptor$1$1",2,3,"axon-server-connector-5.1.2","io.axoniq.framework.axonserver.connector.api.AxonServerConnectionManager$Builder",2,8,""
0.03125,"axon-messaging-5.1.2","org.axonframework.messaging.core.unitofwork.UnitOfWork$UnitOfWorkProcessingContext$Status",2,1,"axon-messaging-5.1.2","org.axonframework.messaging.core.unitofwork.UnitOfWork",17,10,""
0.030303030303030304,"axon-common-5.1.2","org.axonframework.common.infra.FilesystemStyleComponentDescriptor$TreeRenderer$RenderContext",2,1,"axon-common-5.1.2","org.axonframework.common.infra.FilesystemStyleComponentDescriptor",1,8,""
0.029411764705882353,"axon-messaging-5.1.2","org.axonframework.messaging.core.SimpleHandlerAttributes",1,1,"axon-messaging-5.1.2","org.axonframework.messaging.core.annotation.MethodInvokingMessageHandlingMember",1,15,""
0.029411764705882353,"axon-messaging-5.1.2","org.axonframework.messaging.eventhandling.processing.errorhandling.ErrorHandler",7,1,"axon-messaging-5.1.2","org.axonframework.messaging.eventhandling.processing.streaming.pooled.DefaultWorkPackageEventFilter",1,12,""
0.02564102564102564,"axoniq-spring-boot-autoconfigure-5.1.2","io.axoniq.framework.springboot.autoconfig.AxonServerActuatorAutoConfiguration",0,4,"axon-server-connector-5.1.2","io.axoniq.framework.axonserver.connector.event.AxonServerEventStorageEngineFactory",1,10,""
0.024390243902439025,"axon-eventsourcing-5.1.2","org.axonframework.eventsourcing.annotation.EventTag",2,1,"axon-eventsourcing-5.1.2","org.axonframework.eventsourcing.eventstore.AnnotationBasedTagResolver",1,7,""
0.024390243902439025,"axon-eventsourcing-5.1.2","org.axonframework.eventsourcing.annotation.EventTags",2,1,"axon-eventsourcing-5.1.2","org.axonframework.eventsourcing.eventstore.AnnotationBasedTagResolver",1,7,""
0.023809523809523808,"axon-server-connector-5.1.2","io.axoniq.framework.axonserver.connector.api.AxonServerConfiguration$Eventhandling$ProcessorSettings",3,1,"axon-server-connector-5.1.2","io.axoniq.framework.axonserver.connector.api.AxonServerConfiguration",7,6,""
0.022727272727272728,"axon-server-connector-5.1.2","io.axoniq.framework.axonserver.connector.api.AxonServerConfiguration$Eventhandling",4,1,"axon-server-connector-5.1.2","io.axoniq.framework.axonserver.connector.api.AxonServerConfiguration",7,6,""
0.022727272727272728,"axon-eventsourcing-5.1.2","org.axonframework.eventsourcing.eventstore.jpa.AggregateBasedJpaEventStorageEngine$TokenAndEvent",2,2,"axon-eventsourcing-5.1.2","org.axonframework.eventsourcing.eventstore.jpa.AggregateBasedJpaEventStorageEngine",2,54,""
0.020833333333333332,"axon-eventsourcing-5.1.2","org.axonframework.eventsourcing.configuration.EventSourcedEntityModule$MessagingModelPhase",3,2,"axon-eventsourcing-5.1.2","org.axonframework.eventsourcing.configuration.AnnotatedEventSourcedEntityModule",1,30,""
0.019230769230769232,"axon-server-connector-5.1.2","io.axoniq.framework.axonserver.connector.api.AxonServerConfiguration$Eventhandling$ProcessorSettings",3,1,"axon-server-connector-5.1.2","io.axoniq.framework.axonserver.connector.event.EventProcessorControlService",2,15,""
0.018518518518518517,"axon-server-connector-5.1.2","io.axoniq.framework.axonserver.connector.shared.MetadataConverter$1",1,1,"axon-server-connector-5.1.2","io.axoniq.framework.axonserver.connector.command.CommandConverter",2,13,""
0.01694915254237288,"axoniq-spring-boot-autoconfigure-5.1.2","io.axoniq.framework.springboot.service.connection.AxonServerTestContainerConnectionDetailsFactory$AxonServerContainerConnectionDetails",1,1,"axoniq-spring-boot-autoconfigure-5.1.2","io.axoniq.framework.springboot.autoconfig.AxonServerAutoConfiguration",2,12,""
0.01639344262295082,"axoniq-spring-boot-autoconfigure-5.1.2","io.axoniq.framework.springboot.TagsConfigurationProperties",1,1,"axoniq-spring-boot-autoconfigure-5.1.2","io.axoniq.framework.springboot.autoconfig.AxonServerAutoConfiguration",2,12,""
0.015625,"axoniq-spring-boot-autoconfigure-5.1.2","io.axoniq.framework.springboot.TagsConfigurationProperties",1,1,"axon-server-connector-5.1.2","io.axoniq.framework.axonserver.connector.configuration.AxonServerConfigurationEnhancer",1,27,""
0.015151515151515152,"axon-eventsourcing-5.1.2","org.axonframework.eventsourcing.eventstore.jpa.AggregateBasedJpaEventStorageEngine$TokenAndEventBatch",1,1,"axon-eventsourcing-5.1.2","org.axonframework.eventsourcing.eventstore.jpa.AggregateBasedJpaEventStorageEngine",2,54,""
0.014084507042253521,"axon-common-5.1.2","org.axonframework.common.DefaultIdentifierFactory",1,1,"axon-common-5.1.2","org.axonframework.common.configuration.DefaultAxonApplication$AxonConfigurationImpl",1,10,""
0.014084507042253521,"axon-messaging-5.1.2","org.axonframework.messaging.commandhandling.CommandExecutionException",2,1,"axon-server-connector-5.1.2","io.axoniq.framework.axonserver.connector.shared.ExceptionFactory",3,19,""
0.014084507042253521,"axon-messaging-5.1.2","org.axonframework.messaging.queryhandling.QueryExecutionException",3,1,"axon-server-connector-5.1.2","io.axoniq.framework.axonserver.connector.shared.ExceptionFactory",3,19,""
0.0136986301369863,"axon-messaging-5.1.2","org.axonframework.messaging.eventhandling.processing.errorhandling.ErrorHandler",7,1,"axon-messaging-5.1.2","org.axonframework.messaging.eventhandling.processing.subscribing.SubscribingEventProcessor",4,23,""
0.012658227848101266,"axon-messaging-5.1.2","org.axonframework.messaging.core.timeout.AxonTaskJanitor",2,1,"axon-messaging-5.1.2","org.axonframework.messaging.eventhandling.processing.streaming.pooled.PooledStreamingEventProcessorModule",2,27,""
0.012345679012345678,"axon-server-connector-5.1.2","io.axoniq.framework.axonserver.connector.shared.MetadataConverter$1",1,1,"axon-server-connector-5.1.2","io.axoniq.framework.axonserver.connector.query.QueryConverter",6,14,""
0.012121212121212121,"axon-common-5.1.2","org.axonframework.common.annotation.RegistrationScope",2,1,"axon-common-5.1.2","org.axonframework.common.configuration.DefaultComponentRegistry",4,26,""
0.010416666666666666,"axon-messaging-5.1.2","org.axonframework.messaging.eventhandling.replay.ResetHandlerRegistry",2,1,"axon-messaging-5.1.2","org.axonframework.messaging.eventhandling.SimpleEventHandlingComponent",1,23,""
0.009259259259259259,"axon-test-5.1.2","org.axonframework.test.extension.AxonTestFixtureProvider",3,1,"axon-test-5.1.2","org.axonframework.test.fixture.AxonTestThenMessage",3,20,""
0.0072992700729927005,"axon-server-connector-5.1.2","io.axoniq.framework.axonserver.connector.shared.MetadataConverter$1",1,1,"axon-server-connector-5.1.2","io.axoniq.framework.axonserver.connector.event.AggregateBasedAxonServerEventStorageEngine",1,36,""
0.005208333333333333,"axon-server-connector-5.1.2","io.axoniq.framework.axonserver.connector.api.AxonServerConfiguration$Eventhandling$ProcessorSettings",3,1,"axon-server-connector-5.1.2","io.axoniq.framework.axonserver.connector.configuration.AxonServerConfigurationEnhancer",1,27,""
