"name","shortName","louvainId","louvainIntermediateIds","leidenId","leidenIntermediateIds","leidenModularity","weaklyConnectedComponentId","labelPropagationId","kCoreDecompositionValue","maximumKCutId","incomingDependencies","outgoingDependencies","Source Cypher File: Community_Detection/Community_Detection_Summary.cypher"
"org.axonframework.modelling.PropertyBasedEntityIdResolver","PropertyBasedEntityIdResolver",0,"89,15,1108",0,"89,253,42",,0,0,5,77,1,8,""
"org.axonframework.modelling.annotation.InjectEntityParameterResolver","InjectEntityParameterResolver",4,"27,154,154",2,"35,165,42",,0,1,6,11,1,7,""
"org.axonframework.modelling.annotation.AnnotationBasedEntityIdResolverDefinition","AnnotationBasedEntityIdResolverDefinition",4,"16,154,154",4,"35,165,42",,0,1,5,58,,5,""
"org.axonframework.modelling.annotation.InjectEntityParameterResolverFactoryConfigurationEnhancer","InjectEntityParameterResolverFactoryConfigurationEnhancer",3,"21,154,154",4,"25,165,42",,0,5,4,7,,4,""
"org.axonframework.modelling.annotation.InjectEntityParameterResolverFactory","InjectEntityParameterResolverFactory",3,"21,154,154",4,"25,165,42",,0,5,6,13,1,9,""
"org.axonframework.modelling.LoadedEntityNotOfExpectedTypeException","LoadedEntityNotOfExpectedTypeException",4,"147,154,154",2,"29,205,42",,0,9,1,16,1,,""
"org.axonframework.modelling.HierarchicalStateManager","HierarchicalStateManager",4,"27,154,154",2,"27,205,42",,0,4,5,69,1,5,""
"org.axonframework.modelling.RepositoryAlreadyRegisteredException","RepositoryAlreadyRegisteredException",4,"147,154,154",2,"29,205,42",,0,9,2,59,1,1,""
"org.axonframework.modelling.ConcurrencyException","ConcurrencyException",5,"966,794,794",6,"966,41,2",,0,10,2,95,1,1,""
"org.axonframework.modelling.entity.annotation.AnnotatedEntityIdResolverDefinition","AnnotatedEntityIdResolverDefinition",3,"126,154,154",4,"35,165,42",,0,1,5,27,1,7,""
"org.axonframework.modelling.entity.annotation.ListEntityChildModelDefinition","ListEntityChildModelDefinition",7,"39,122,47",0,"39,253,20",,0,12,8,0,,11,""
"org.axonframework.modelling.entity.annotation.RoutingKeyEventTargetMatcherDefinition","RoutingKeyEventTargetMatcherDefinition",0,"49,15,1108",0,"49,253,20",,0,1,5,29,1,7,""
"org.axonframework.modelling.EntityEvolver","EntityEvolver",7,"114,47,47",0,"44,0,20",,0,1,9,45,13,2,""
"org.axonframework.modelling.StateManager","StateManager",4,"27,154,154",2,"27,205,42",,0,4,7,4,7,6,""
"org.axonframework.modelling.repository.ManagedEntity","ManagedEntity",2,"55,331,53",2,"55,21,25",,0,2,7,91,13,,""
"org.axonframework.modelling.repository.Repository","Repository",4,"147,154,154",2,"29,205,42",,0,9,7,29,11,4,""
"org.axonframework.modelling.entity.EntityMetamodel","EntityMetamodel",7,"47,47,47",0,"47,0,20",,0,1,9,54,24,11,""
"org.axonframework.modelling.entity.EntityMetamodelBuilder","EntityMetamodelBuilder",7,"114,47,47",0,"47,0,20",,0,1,9,84,8,6,""
"org.axonframework.modelling.entity.EntityCommandHandler","EntityCommandHandler",7,"114,47,47",0,"44,0,20",,0,1,9,38,5,5,""
"org.axonframework.modelling.entity.child.EntityChildMetamodel","EntityChildMetamodel",7,"44,47,47",0,"44,0,20",,0,1,9,29,11,11,""
"org.axonframework.modelling.entity.annotation.AnnotatedEntityIdResolver","AnnotatedEntityIdResolver",3,"126,154,154",4,"35,165,42",,0,1,8,83,1,10,""
"org.axonframework.modelling.entity.annotation.AbstractEntityChildModelDefinition","AbstractEntityChildModelDefinition",7,"45,122,47",0,"45,253,20",,0,12,8,34,2,13,""
"org.axonframework.modelling.entity.child.ListEntityChildMetamodel$Builder","ListEntityChildMetamodel$Builder",7,"39,122,47",0,"39,253,20",,0,12,8,18,3,6,""
"org.axonframework.modelling.entity.child.AbstractEntityChildMetamodel$Builder","AbstractEntityChildMetamodel$Builder",7,"39,122,47",0,"39,253,20",,0,12,8,67,5,4,""
"org.axonframework.modelling.entity.child.EventTargetMatcher","EventTargetMatcher",7,"39,122,47",0,"39,253,20",,0,12,8,90,12,2,""
"org.axonframework.modelling.entity.child.CommandTargetResolver","CommandTargetResolver",7,"39,122,47",0,"39,253,20",,0,1,8,77,12,3,""
"org.axonframework.modelling.entity.child.ListEntityChildMetamodel","ListEntityChildMetamodel",7,"39,122,47",0,"39,253,20",,0,12,8,83,3,6,""
"org.axonframework.modelling.entity.child.ChildEntityFieldDefinition","ChildEntityFieldDefinition",7,"122,122,47",0,"122,253,20",,0,12,6,68,9,3,""
"org.axonframework.modelling.entity.annotation.EventTargetMatcherDefinition","EventTargetMatcherDefinition",7,"45,122,47",0,"45,253,20",,0,12,5,83,3,2,""
"org.axonframework.modelling.entity.annotation.RoutingKeyUtils","RoutingKeyUtils",0,"49,15,1108",0,"49,253,20",,0,1,5,48,2,4,""
"org.axonframework.modelling.entity.annotation.CommandTargetResolverDefinition","CommandTargetResolverDefinition",7,"45,122,47",0,"45,253,20",,0,12,5,5,3,2,""
"org.axonframework.modelling.entity.annotation.RoutingKeyCommandTargetResolverDefinition","RoutingKeyCommandTargetResolverDefinition",0,"87,15,1108",0,"88,253,20",,0,1,5,8,1,7,""
"org.axonframework.modelling.entity.annotation.AnnotatedEntityModelRoutingKeyMatcher","AnnotatedEntityModelRoutingKeyMatcher",0,"89,15,1108",0,"89,253,42",,0,1,5,25,2,8,""
"org.axonframework.modelling.EntityIdResolver","EntityIdResolver",3,"126,154,154",4,"35,165,42",,0,1,7,97,17,3,""
"org.axonframework.modelling.EntityEvolvingComponent","EntityEvolvingComponent",7,"114,47,47",0,"44,0,20",,0,1,4,38,2,2,""
"org.axonframework.modelling.entity.PolymorphicEntityMetamodelBuilder","PolymorphicEntityMetamodelBuilder",7,"114,47,47",0,"47,0,20",,0,1,9,61,4,7,""
"org.axonframework.modelling.EntityIdResolutionException","EntityIdResolutionException",4,"16,154,154",4,"35,165,42",,0,1,5,78,5,,""
"org.axonframework.modelling.annotation.TargetEntityIdMemberMismatchException","TargetEntityIdMemberMismatchException",0,"89,15,1108",0,"89,253,42",,0,0,1,33,1,,""
"org.axonframework.modelling.StateEvolvingException","StateEvolvingException",0,"15,15,1108",5,"101,5,44",,0,1,1,15,1,,""
"org.axonframework.modelling.MissingRepositoryException","MissingRepositoryException",4,"147,154,154",2,"29,205,42",,0,9,2,17,2,,""
"org.axonframework.modelling.SimpleEntityEvolvingComponent","SimpleEntityEvolvingComponent",7,"114,47,47",0,"44,0,20",,0,1,7,0,,8,""
"org.axonframework.modelling.annotation.AnnotationBasedEntityIdResolver","AnnotationBasedEntityIdResolver",4,"16,154,154",4,"35,165,42",,0,1,5,10,3,6,""
"org.axonframework.modelling.annotation.AnnotationBasedEntityEvolvingComponent","AnnotationBasedEntityEvolvingComponent",0,"15,15,1108",5,"101,5,44",,0,1,9,69,1,17,""
"org.axonframework.modelling.entity.annotation.AnnotatedEntityMetamodel","AnnotatedEntityMetamodel",0,"15,15,1108",0,"47,0,20",,0,1,9,2,13,29,""
"org.axonframework.modelling.PayloadBasedEntityEvolver","PayloadBasedEntityEvolver",8,"53,53,616",8,"1011,28,14",,0,1,3,98,,3,""
"org.axonframework.modelling.entity.EntityCommandHandlingComponent","EntityCommandHandlingComponent",7,"47,47,47",0,"47,0,20",,0,1,9,74,2,17,""
"org.axonframework.modelling.entity.annotation.RoutingKeyEventTargetMatcher","RoutingKeyEventTargetMatcher",0,"49,15,1108",0,"49,253,20",,0,1,5,47,1,5,""
"org.axonframework.modelling.annotation.TargetEntityId","TargetEntityId",4,"16,154,154",4,"35,165,42",,0,1,2,0,1,1,""
"org.axonframework.modelling.annotation.InjectEntity","InjectEntity",3,"21,154,154",4,"25,165,42",,0,5,3,11,1,2,""
"org.axonframework.modelling.entity.annotation.EntityMember","EntityMember",7,"45,122,47",0,"45,253,20",,0,12,5,92,2,4,""
"org.axonframework.modelling.annotation.EntityIdResolverDefinition","EntityIdResolverDefinition",3,"1161,154,154",4,"1161,49,29",,0,3,5,25,4,3,""
"org.axonframework.modelling.entity.PolymorphicEntityMetamodel","PolymorphicEntityMetamodel",7,"47,47,47",0,"47,0,20",,0,1,9,77,3,18,""
"org.axonframework.modelling.entity.child.SingleEntityChildMetamodel$Builder","SingleEntityChildMetamodel$Builder",7,"122,122,47",0,"122,253,20",,0,12,8,47,3,6,""
"org.axonframework.modelling.entity.ConcreteEntityMetamodel","ConcreteEntityMetamodel",7,"44,47,47",0,"44,0,20",,0,1,9,41,3,23,""
"org.axonframework.modelling.entity.child.AbstractEntityChildMetamodel","AbstractEntityChildMetamodel",7,"39,122,47",0,"39,253,20",,0,1,9,25,2,15,""
"org.axonframework.modelling.entity.child.GetterEvolverChildEntityFieldDefinition","GetterEvolverChildEntityFieldDefinition",7,"122,122,47",0,"122,253,20",,0,12,2,46,1,1,""
"org.axonframework.modelling.entity.annotation.RoutingKeyCommandTargetResolver","RoutingKeyCommandTargetResolver",0,"87,15,1108",0,"88,253,20",,0,1,5,83,1,6,""
"org.axonframework.modelling.entity.child.SingleEntityChildMetamodel","SingleEntityChildMetamodel",7,"122,122,47",0,"122,253,20",,0,12,8,63,3,6,""
"org.axonframework.modelling.entity.ConcreteEntityMetamodel$Builder","ConcreteEntityMetamodel$Builder",7,"114,47,47",0,"44,0,20",,0,1,9,0,1,9,""
"org.axonframework.modelling.entity.child.GetterSetterChildEntityFieldDefinition","GetterSetterChildEntityFieldDefinition",7,"122,122,47",0,"122,253,20",,0,12,2,29,1,1,""
"org.axonframework.modelling.entity.child.FieldChildEntityFieldDefinition","FieldChildEntityFieldDefinition",4,"387,1108,1108",5,"387,155,45",,0,1,6,41,1,5,""
"org.axonframework.modelling.entity.annotation.EntityChildModelDefinition","EntityChildModelDefinition",0,"15,15,1108",0,"47,0,20",,0,1,4,38,2,2,""
"org.axonframework.modelling.entity.annotation.AnnotatedEntityMetamodelFactory","AnnotatedEntityMetamodelFactory",7,"45,122,47",0,"45,253,20",,0,1,4,91,2,2,""
"org.axonframework.modelling.entity.annotation.SingleEntityChildModelDefinition","SingleEntityChildModelDefinition",7,"122,122,47",0,"122,253,20",,0,12,8,40,,10,""
"org.axonframework.modelling.entity.ChildEntityNotFoundException","ChildEntityNotFoundException",7,"44,47,47",0,"44,0,20",,0,1,3,34,2,1,""
"org.axonframework.modelling.entity.EntityAlreadyExistsForCreationalCommandHandlerException","EntityAlreadyExistsForCreationalCommandHandlerException",7,"44,47,47",0,"44,0,20",,0,1,3,49,2,1,""
"org.axonframework.modelling.entity.EntityMissingForInstanceCommandHandlerException","EntityMissingForInstanceCommandHandlerException",7,"44,47,47",0,"44,0,20",,0,1,3,39,2,1,""
"org.axonframework.modelling.entity.child.ChildAmbiguityException","ChildAmbiguityException",0,"87,15,1108",0,"88,253,20",,0,1,3,89,3,,""
"org.axonframework.modelling.entity.annotation.UnknownRoutingKeyException","UnknownRoutingKeyException",0,"89,15,1108",0,"89,253,42",,0,1,1,48,1,,""
"org.axonframework.modelling.repository.SimpleRepositoryEntityLoader","SimpleRepositoryEntityLoader",2,"55,331,53",2,"55,21,25",,0,2,5,70,4,1,""
"org.axonframework.modelling.repository.SimpleRepositoryEntityPersister","SimpleRepositoryEntityPersister",2,"55,331,53",2,"55,21,25",,0,2,5,22,4,1,""
"org.axonframework.modelling.repository.SimpleRepository","SimpleRepository",2,"55,331,53",2,"55,21,25",,0,2,7,10,3,8,""
"org.axonframework.modelling.configuration.StateBasedEntityModule","StateBasedEntityModule",3,"126,154,154",4,"125,169,29",,0,17,6,71,3,6,""
"org.axonframework.modelling.configuration.StateBasedEntityModule$EntityIdResolverPhase","StateBasedEntityModule$EntityIdResolverPhase",3,"126,154,154",4,"125,169,29",,0,17,6,50,3,4,""
"org.axonframework.modelling.configuration.StateBasedEntityModule$RepositoryPhase","StateBasedEntityModule$RepositoryPhase",3,"126,154,154",4,"125,169,29",,0,17,5,45,2,5,""
"org.axonframework.modelling.configuration.SimpleStateBasedEntityModule$3","SimpleStateBasedEntityModule$3",3,"126,154,154",4,"154,169,29",,0,17,4,40,1,3,""
"org.axonframework.modelling.configuration.SimpleStateBasedEntityModule$2","SimpleStateBasedEntityModule$2",3,"126,154,154",4,"154,169,29",,0,17,4,74,1,3,""
"org.axonframework.modelling.configuration.SimpleStateBasedEntityModule$1","SimpleStateBasedEntityModule$1",3,"126,154,154",4,"154,169,29",,0,17,4,88,1,3,""
"org.axonframework.modelling.entity.PolymorphicEntityMetamodel$Builder","PolymorphicEntityMetamodel$Builder",7,"114,47,47",0,"47,0,20",,0,1,9,27,1,10,""
"org.axonframework.modelling.configuration.SimpleStateBasedEntityModule","SimpleStateBasedEntityModule",3,"126,154,154",4,"154,169,29",,0,17,9,30,4,28,""
"org.axonframework.modelling.entity.WrongPolymorphicEntityTypeException","WrongPolymorphicEntityTypeException",7,"47,47,47",0,"47,0,20",,0,1,2,56,1,1,""
"org.axonframework.modelling.HierarchicalStateManagerConfigurationEnhancer","HierarchicalStateManagerConfigurationEnhancer",4,"27,154,154",2,"27,205,42",,0,4,5,45,,5,""
"org.axonframework.modelling.SimpleStateManager","SimpleStateManager",4,"147,154,154",2,"29,205,42",,0,9,7,50,1,10,""
"org.axonframework.modelling.configuration.StateBasedEntityModule$PersisterPhase","StateBasedEntityModule$PersisterPhase",3,"126,154,154",4,"125,169,29",,0,17,5,31,3,3,""
"org.axonframework.modelling.configuration.StateBasedEntityModule$MessagingMetamodelPhase","StateBasedEntityModule$MessagingMetamodelPhase",3,"126,154,154",4,"125,169,29",,0,17,6,10,4,4,""
"org.axonframework.modelling.configuration.EntityMetamodelConfigurationBuilder","EntityMetamodelConfigurationBuilder",3,"126,154,154",4,"1161,49,29",,0,17,6,7,4,3,""
"org.axonframework.modelling.configuration.EntityModule","EntityModule",3,"1167,154,154",4,"154,169,29",,0,8,5,92,4,1,""
"org.axonframework.modelling.configuration.ModellingConfigurationDefaults","ModellingConfigurationDefaults",3,"141,154,154",4,"154,169,29",,0,8,7,19,1,7,""
"org.axonframework.modelling.configuration.ModellingConfigurer","ModellingConfigurer",3,"1167,154,154",4,"154,169,29",,0,8,8,38,1,10,""
"org.axonframework.modelling.repository.SimpleRepository$SimpleEntity","SimpleRepository$SimpleEntity",2,"55,331,53",2,"55,21,25",,0,2,2,63,1,1,""
"org.axonframework.modelling.repository.InMemoryRepository","InMemoryRepository",2,"55,331,53",2,"55,21,25",,0,2,6,99,,6,""
"org.axonframework.modelling.repository.AccessSerializingRepository","AccessSerializingRepository",2,"331,331,53",2,"331,21,25",,0,2,7,51,,9,""
"org.axonframework.modelling.repository.Repository$LifecycleManagement","Repository$LifecycleManagement",2,"331,331,53",2,"331,21,25",,0,2,7,25,5,3,""
"org.axonframework.common.ProcessRetriesExhaustedException","ProcessRetriesExhaustedException",5,"966,794,794",6,"966,41,2",,0,10,2,48,1,1,""
"org.axonframework.common.AxonException","AxonException",5,"966,794,794",6,"966,41,2",,0,10,5,0,20,,""
"org.axonframework.common.AxonThreadFactory","AxonThreadFactory",7,"661,432,47",0,"661,80,70",,0,21,4,22,4,1,""
"org.axonframework.common.Assert","Assert",1,"928,1005,1005",1,"387,155,45",,0,1,9,46,31,1,""
"org.axonframework.common.io.IOUtils","IOUtils",2,"182,1108,1108",5,"182,173,25",,0,22,1,61,2,,""
"org.axonframework.common.annotation.AnnotationUtils","AnnotationUtils",2,"1108,1108,1108",5,"1110,173,25",,0,1,7,52,15,1,""
"org.axonframework.common.TypeReflectionUtils$VarMap","TypeReflectionUtils$VarMap",4,"166,1108,1108",5,"166,155,45",,0,23,3,0,3,3,""
"org.axonframework.common.AxonTransientException","AxonTransientException",6,"553,553,553",7,"966,41,2",,0,11,4,92,8,1,""
"org.axonframework.common.DefaultIdentifierFactory","DefaultIdentifierFactory",1,"168,309,309",3,"168,12,3",,0,24,2,86,1,1,""
"org.axonframework.common.CollectionUtils","CollectionUtils",13,"928,1005,1005",1,"1141,79,14",,0,25,2,24,2,,""
"org.axonframework.common.StringUtils","StringUtils",1,"991,309,309",5,"387,155,45",,0,1,6,47,6,,""
"org.axonframework.common.jdbc.ConnectionWrapperFactory$NoOpCloseHandler","ConnectionWrapperFactory$NoOpCloseHandler",14,"178,178,178",14,"178,214,73",,1,26,2,53,1,1,""
"org.axonframework.common.jdbc.DataSourceConnectionProvider","DataSourceConnectionProvider",6,"553,553,553",7,"553,105,49",,0,11,1,62,,1,""
"org.axonframework.common.jdbc.JdbcUtils","JdbcUtils",6,"553,553,553",7,"553,105,49",,0,11,2,18,1,3,""
"org.axonframework.common.jdbc.ConnectionWrapperFactory","ConnectionWrapperFactory",14,"178,178,178",14,"178,214,73",,1,26,2,83,,2,""
"org.axonframework.common.ExceptionUtils","ExceptionUtils",5,"966,794,794",6,"966,41,2",,0,10,3,21,4,1,""
"org.axonframework.common.util.ClasspathResolver","ClasspathResolver",0,"15,15,1108",5,"101,5,44",,0,1,2,66,2,,""
"org.axonframework.common.util.MavenArtifactVersionResolver","MavenArtifactVersionResolver",2,"182,1108,1108",5,"182,173,25",,0,22,1,95,,1,""
"org.axonframework.common.Priority","Priority",2,"1108,1108,1108",5,"331,21,25",,0,2,4,14,13,,""
"org.axonframework.common.AxonNonTransientException","AxonNonTransientException",5,"180,794,794",6,"966,41,2",,0,10,4,30,15,1,""
"org.axonframework.common.IdentifierFactory","IdentifierFactory",1,"168,309,309",3,"168,12,3",,0,24,2,54,3,1,""
"org.axonframework.common.TypeReflectionUtils$VarMap$ParameterizedTypeImpl","TypeReflectionUtils$VarMap$ParameterizedTypeImpl",4,"166,1108,1108",5,"166,155,45",,0,23,3,61,2,1,""
"org.axonframework.common.TypeReflectionUtils","TypeReflectionUtils",4,"166,1108,1108",5,"166,155,45",,0,23,3,49,2,3,""
"org.axonframework.common.AxonConfigurationException","AxonConfigurationException",2,"1108,1108,1108",5,"1110,173,25",,0,1,8,4,23,1,""
"org.axonframework.common.TypeReflectionUtils$VarMap$UnresolvedTypeVariableException","TypeReflectionUtils$VarMap$UnresolvedTypeVariableException",4,"166,1108,1108",5,"166,155,45",,0,23,3,59,2,1,""
"org.axonframework.common.jdbc.JdbcException","JdbcException",6,"553,553,553",7,"553,105,49",,0,11,2,85,2,1,""
"org.axonframework.common.jdbc.ConnectionProvider","ConnectionProvider",6,"553,553,553",7,"553,105,49",,0,11,2,51,2,1,""
"org.axonframework.common.jdbc.PersistenceExceptionResolver","PersistenceExceptionResolver",13,"928,1005,1005",1,"1141,79,14",,0,25,5,30,8,,""
"org.axonframework.common.jdbc.ConnectionWrapperFactory$ConnectionCloseHandler","ConnectionWrapperFactory$ConnectionCloseHandler",14,"178,178,178",14,"178,214,73",,1,26,2,15,2,,""
"org.axonframework.common.jdbc.JdbcUtils$SqlFunction","JdbcUtils$SqlFunction",6,"553,553,553",7,"553,105,49",,0,11,2,57,2,,""
"org.axonframework.common.annotation.Internal","Internal",10,"849,853,853",10,"849,68,58",,0,1,9,3,113,,""
"org.axonframework.common.annotation.PriorityAnnotationComparator","PriorityAnnotationComparator",0,"1108,1108,1108",5,"733,5,44",,0,1,4,37,3,2,""
"org.axonframework.common.jdbc.JdbcUtils$SqlResultConverter","JdbcUtils$SqlResultConverter",6,"553,553,553",7,"553,105,49",,0,11,2,83,2,,""
"org.axonframework.common.util.ExecutorServiceFactory","ExecutorServiceFactory",7,"661,432,47",0,"661,80,70",,0,21,4,3,4,,""
"org.axonframework.common.caching.NoCache","NoCache",15,"209,1148,1148",15,"188,179,7",,0,27,3,90,,3,""
"org.axonframework.common.util.PriorityRunnable","PriorityRunnable",1,"974,432,47",9,"974,186,70",,0,28,2,18,3,1,""
"org.axonframework.common.DirectExecutor","DirectExecutor",9,"573,616,616",11,"573,21,25",,0,29,1,94,1,,""
"org.axonframework.common.ClassUtils","ClassUtils",6,"561,553,553",7,"562,193,49",,0,11,2,63,2,,""
"org.axonframework.common.ReflectionUtils","ReflectionUtils",4,"387,1108,1108",5,"387,155,45",,0,1,8,39,25,4,""
"org.axonframework.common.property.PropertyAccessStrategy","PropertyAccessStrategy",0,"89,15,1108",0,"89,253,42",,0,0,4,0,5,1,""
"org.axonframework.common.property.UniformPropertyAccessStrategy","UniformPropertyAccessStrategy",0,"197,15,1108",0,"89,253,42",,0,0,1,29,,1,""
"org.axonframework.common.property.AbstractMethodPropertyAccessStrategy","AbstractMethodPropertyAccessStrategy",0,"197,15,1108",0,"89,253,42",,0,0,3,70,2,3,""
"org.axonframework.common.property.BeanPropertyAccessStrategy","BeanPropertyAccessStrategy",0,"197,15,1108",0,"89,253,42",,0,0,1,63,,1,""
"org.axonframework.common.property.DirectPropertyAccessStrategy","DirectPropertyAccessStrategy",0,"89,15,1108",0,"89,253,42",,0,0,3,45,,3,""
"org.axonframework.common.caching.Cache$EntryListenerAdapter","Cache$EntryListenerAdapter",15,"209,1148,1148",15,"188,179,7",,0,27,2,16,1,1,""
"org.axonframework.common.caching.JCacheAdapter","JCacheAdapter",15,"209,1148,1148",15,"188,179,7",,0,27,3,20,,4,""
"org.axonframework.common.caching.EhCacheAdapter","EhCacheAdapter",15,"209,1148,1148",15,"188,179,7",,0,27,3,42,1,5,""
"org.axonframework.common.caching.EhCacheAdapter$CacheEventListenerAdapter","EhCacheAdapter$CacheEventListenerAdapter",15,"209,1148,1148",15,"188,179,7",,0,27,3,64,1,2,""
"org.axonframework.common.caching.EhCacheAdapter$1","EhCacheAdapter$1",15,"209,1148,1148",15,"188,179,7",,0,27,3,3,2,1,""
"org.axonframework.common.caching.WeakReferenceCache","WeakReferenceCache",15,"209,1148,1148",15,"188,179,7",,0,27,3,79,1,6,""
"org.axonframework.common.caching.WeakReferenceCache$Entry","WeakReferenceCache$Entry",15,"209,1148,1148",15,"188,179,7",,0,27,2,67,1,1,""
"org.axonframework.common.TypeReference$1","TypeReference$1",3,"362,154,154",4,"362,49,29",,0,1,2,92,1,1,""
"org.axonframework.common.TypeReference$2","TypeReference$2",3,"362,154,154",4,"362,49,29",,0,1,2,42,1,1,""
"org.axonframework.common.ObjectUtils","ObjectUtils",1,"4,309,309",3,"276,12,3",,0,1,9,53,20,,""
"org.axonframework.common.TypeReference","TypeReference",3,"362,154,154",4,"362,49,29",,0,1,9,0,41,2,""
"org.axonframework.common.util.PriorityCallable","PriorityCallable",1,"974,432,47",9,"974,186,70",,0,28,2,45,1,1,""
"org.axonframework.common.property.DirectlyAccessedProperty","DirectlyAccessedProperty",0,"89,15,1108",0,"89,253,42",,0,0,3,5,1,2,""
"org.axonframework.common.property.MethodAccessedProperty","MethodAccessedProperty",0,"214,15,1108",0,"214,253,42",,0,30,3,9,1,3,""
"org.axonframework.common.caching.AbstractCacheAdapter","AbstractCacheAdapter",15,"209,1148,1148",15,"188,179,7",,0,27,3,65,2,3,""
"org.axonframework.common.caching.JCacheAdapter$JCacheListenerAdapter","JCacheAdapter$JCacheListenerAdapter",15,"209,1148,1148",15,"188,179,7",,0,27,2,5,1,1,""
"org.axonframework.common.util.PriorityTask","PriorityTask",1,"974,432,47",9,"974,186,70",,0,28,2,24,2,,""
"org.axonframework.common.Registration","Registration",15,"209,1148,1148",15,"188,179,7",,0,27,8,86,23,,""
"org.axonframework.common.caching.Cache$EntryListener","Cache$EntryListener",15,"209,1148,1148",15,"188,179,7",,0,27,3,62,9,,""
"org.axonframework.common.caching.Cache","Cache",15,"209,1148,1148",15,"188,179,7",,0,27,3,8,3,3,""
"org.axonframework.common.property.Property","Property",0,"89,15,1108",0,"89,253,42",,0,0,4,89,8,,""
"org.axonframework.common.property.PropertyAccessException","PropertyAccessException",0,"214,15,1108",0,"214,253,42",,0,30,3,0,2,1,""
"org.axonframework.common.ConstructorUtils","ConstructorUtils",3,"1161,154,154",4,"1161,49,29",,0,3,4,21,3,1,""
"org.axonframework.common.digest.Digester","Digester",2,"1108,1108,1108",5,"1110,173,25",,0,1,1,92,,1,""
"org.axonframework.common.DateTimeUtils","DateTimeUtils",6,"561,553,553",7,"562,193,49",,0,11,5,10,7,,""
"org.axonframework.common.FutureUtils","FutureUtils",6,"601,553,553",7,"601,105,49",,0,19,9,64,40,,""
"org.axonframework.common.infra.FilesystemStyleComponentDescriptor$TreeRenderer","FilesystemStyleComponentDescriptor$TreeRenderer",4,"220,219,794",6,"220,227,2",,0,31,3,91,2,3,""
"org.axonframework.common.infra.FilesystemStyleComponentDescriptor","FilesystemStyleComponentDescriptor",4,"219,219,794",6,"57,227,2",,0,13,4,81,1,8,""
"org.axonframework.common.infra.JacksonComponentDescriptor","JacksonComponentDescriptor",4,"219,219,794",6,"57,227,2",,0,13,4,98,,5,""
"org.axonframework.common.lifecycle.LifecycleHandlerInvocationException","LifecycleHandlerInvocationException",3,"242,154,154",4,"242,235,29",,0,33,1,88,1,,""
"org.axonframework.common.lifecycle.ShutdownLatch","ShutdownLatch",1,"984,914,914",16,"984,1,8",,0,34,4,10,3,2,""
"org.axonframework.common.lifecycle.ShutdownLatch$ActivityHandle","ShutdownLatch$ActivityHandle",1,"984,914,914",16,"984,1,8",,0,34,4,76,3,1,""
"org.axonframework.common.IdentifierValidator","IdentifierValidator",4,"387,1108,1108",5,"387,155,45",,0,1,1,77,,1,""
"org.axonframework.common.lock.NoOpLock","NoOpLock",16,"231,233,233",17,"231,231,45",,0,35,2,49,1,1,""
"org.axonframework.common.lock.PessimisticLockFactory$PubliclyOwnedReentrantLock","PessimisticLockFactory$PubliclyOwnedReentrantLock",16,"233,233,233",17,"234,155,45",,0,35,2,79,2,,""
"org.axonframework.common.lock.PessimisticLockFactory$DisposableLock","PessimisticLockFactory$DisposableLock",16,"233,233,233",17,"234,155,45",,0,35,2,90,1,5,""
"org.axonframework.common.lock.PessimisticLockFactory","PessimisticLockFactory",16,"233,233,233",17,"234,155,45",,0,35,3,1,2,6,""
"org.axonframework.common.lock.PessimisticLockFactory$Builder","PessimisticLockFactory$Builder",16,"233,233,233",17,"234,155,45",,0,35,3,83,1,2,""
"org.axonframework.common.jpa.SimpleEntityManagerProvider","SimpleEntityManagerProvider",6,"561,553,553",1,"387,155,45",,0,1,2,61,,2,""
"org.axonframework.common.configuration.DefaultAxonApplication","DefaultAxonApplication",3,"242,154,154",4,"242,235,29",,0,33,7,2,2,9,""
"org.axonframework.common.configuration.Component$Identifier","Component$Identifier",3,"244,154,154",4,"255,235,29",,0,32,8,51,21,2,""
"org.axonframework.common.configuration.Component","Component",3,"244,154,154",4,"255,235,29",,0,32,8,41,16,4,""
"org.axonframework.common.configuration.ApplicationConfigurer","ApplicationConfigurer",3,"154,154,154",4,"154,169,29",,0,8,7,89,5,3,""
"org.axonframework.common.configuration.DefaultAxonApplication$AxonConfigurationImpl","DefaultAxonApplication$AxonConfigurationImpl",3,"242,154,154",4,"242,235,29",,0,33,6,6,1,9,""
"org.axonframework.common.configuration.DefaultAxonApplication$LifecycleState","DefaultAxonApplication$LifecycleState",3,"242,154,154",4,"242,235,29",,0,33,2,79,2,,""
"org.axonframework.common.configuration.LifecycleHandler","LifecycleHandler",3,"242,154,154",4,"242,235,29",,0,33,4,79,4,1,""
"org.axonframework.common.configuration.DefaultComponentRegistry","DefaultComponentRegistry",3,"244,154,154",4,"244,235,29",,0,6,8,90,4,21,""
"org.axonframework.common.configuration.AxonConfiguration","AxonConfiguration",12,"1039,1046,432",13,"1051,132,31",,0,20,8,61,14,1,""
"org.axonframework.common.configuration.ComponentRegistry","ComponentRegistry",3,"154,154,154",4,"154,169,29",,0,8,9,36,41,12,""
"org.axonframework.common.configuration.Configuration","Configuration",3,"674,154,154",4,"674,49,29",,0,3,9,0,93,2,""
"org.axonframework.common.infra.FilesystemStyleComponentDescriptor$TreeRenderer$RenderContext","FilesystemStyleComponentDescriptor$TreeRenderer$RenderContext",4,"220,219,794",6,"220,227,2",,0,31,3,99,2,1,""
"org.axonframework.common.infra.FilesystemStyleComponentDescriptor$SymbolicLink","FilesystemStyleComponentDescriptor$SymbolicLink",4,"219,219,794",6,"57,227,2",,0,13,2,42,2,,""
"org.axonframework.common.infra.ComponentDescriptor","ComponentDescriptor",9,"616,616,616",9,"703,0,20",,0,1,9,49,83,,""
"org.axonframework.common.infra.DescribableComponent","DescribableComponent",4,"219,219,794",6,"57,227,2",,0,13,9,42,45,1,""
"org.axonframework.common.lock.LockFactory","LockFactory",16,"231,233,233",17,"231,231,45",,0,35,2,51,2,1,""
"org.axonframework.common.lock.Lock","Lock",16,"231,233,233",17,"231,231,45",,0,35,2,0,5,,""
"org.axonframework.common.jpa.EntityManagerProvider","EntityManagerProvider",6,"561,553,553",1,"562,193,49",,0,11,5,72,8,1,""
"org.axonframework.common.configuration.LifecycleRegistry","LifecycleRegistry",3,"244,154,154",4,"252,235,29",,0,6,8,53,16,3,""
"org.axonframework.common.infra.ComponentDescriptorException","ComponentDescriptorException",4,"219,219,794",6,"57,227,2",,0,13,3,49,2,1,""
"org.axonframework.common.lifecycle.ShutdownInProgressException","ShutdownInProgressException",1,"984,914,914",16,"984,1,8",,0,34,2,46,1,1,""
"org.axonframework.common.lock.LockAcquisitionFailedException","LockAcquisitionFailedException",16,"233,233,233",17,"234,155,45",,0,35,2,6,2,1,""
"org.axonframework.common.lock.DeadlockException","DeadlockException",16,"233,233,233",17,"234,155,45",,0,35,2,38,1,1,""
"org.axonframework.common.lock.NullLockFactory","NullLockFactory",16,"231,233,233",17,"231,231,45",,0,35,2,79,,3,""
"org.axonframework.common.configuration.LazyInitializedComponentDefinition","LazyInitializedComponentDefinition",3,"362,154,154",18,"362,49,29",,0,1,8,93,7,6,""
"org.axonframework.common.configuration.AbstractComponent","AbstractComponent",3,"263,154,154",4,"265,235,29",,0,38,8,70,3,9,""
"org.axonframework.common.configuration.ComponentBuilder","ComponentBuilder",3,"154,154,154",4,"154,169,29",,0,8,9,87,36,1,""
"org.axonframework.common.configuration.ComponentDefinition$IncompleteComponentDefinition","ComponentDefinition$IncompleteComponentDefinition",3,"141,154,154",4,"914,49,29",,0,18,9,20,17,2,""
"org.axonframework.common.configuration.ComponentDefinition$2","ComponentDefinition$2",3,"141,154,154",4,"914,49,29",,0,18,7,16,1,7,""
"org.axonframework.common.configuration.ComponentDefinition","ComponentDefinition",3,"141,154,154",4,"914,49,29",,0,18,9,50,20,7,""
"org.axonframework.common.configuration.InstantiatedComponentDefinition","InstantiatedComponentDefinition",3,"141,154,154",4,"914,49,29",,0,18,7,28,3,5,""
"org.axonframework.common.configuration.ComponentDefinition$ComponentCreator","ComponentDefinition$ComponentCreator",3,"244,154,154",4,"244,235,29",,0,6,8,29,7,2,""
"org.axonframework.common.configuration.AbstractComponent$HandlerRegistration","AbstractComponent$HandlerRegistration",3,"263,154,154",4,"265,235,29",,0,38,4,13,3,1,""
"org.axonframework.common.configuration.ComponentLifecycleHandler","ComponentLifecycleHandler",3,"263,154,154",4,"265,235,29",,0,38,5,78,5,1,""
"org.axonframework.common.configuration.Components","Components",3,"244,154,154",4,"255,235,29",,0,32,7,80,2,6,""
"org.axonframework.common.configuration.ComponentFactory","ComponentFactory",3,"244,154,154",4,"244,235,29",,0,6,8,2,4,4,""
"org.axonframework.common.configuration.ComponentDefinition$1","ComponentDefinition$1",3,"141,154,154",4,"914,49,29",,0,18,7,12,1,6,""
"org.axonframework.common.configuration.DecoratorDefinition","DecoratorDefinition",3,"271,154,154",4,"271,235,29",,0,36,8,79,13,7,""
"org.axonframework.common.configuration.DecoratorDefinition$PartialDecoratorDefinition","DecoratorDefinition$PartialDecoratorDefinition",3,"271,154,154",4,"271,235,29",,0,36,7,35,10,2,""
"org.axonframework.common.configuration.HierarchicalConfiguration","HierarchicalConfiguration",3,"244,154,154",4,"252,235,29",,0,6,4,32,1,3,""
"org.axonframework.common.configuration.DefaultComponentRegistry$LocalConfiguration","DefaultComponentRegistry$LocalConfiguration",3,"244,154,154",4,"255,235,29",,0,32,8,13,1,9,""
"org.axonframework.common.configuration.DecoratorDefinition$2","DecoratorDefinition$2",3,"271,154,154",4,"271,235,29",,0,36,6,24,1,5,""
"org.axonframework.common.configuration.Module","Module",3,"244,154,154",4,"244,235,29",,0,6,9,29,15,2,""
"org.axonframework.common.configuration.OverridePolicy","OverridePolicy",3,"244,154,154",4,"244,235,29",,0,6,2,58,2,,""
"org.axonframework.common.configuration.DecoratorDefinition$CompletedDecoratorDefinition","DecoratorDefinition$CompletedDecoratorDefinition",3,"244,154,154",4,"244,235,29",,0,6,6,83,3,3,""
"org.axonframework.common.configuration.ModuleBuilder","ModuleBuilder",3,"1167,154,154",4,"154,169,29",,0,8,8,85,14,1,""
"org.axonframework.common.configuration.ComponentDecorator","ComponentDecorator",3,"263,154,154",4,"271,235,29",,0,38,7,2,9,1,""
"org.axonframework.common.configuration.ConfigurationEnhancer","ConfigurationEnhancer",3,"244,154,154",4,"244,235,29",,0,6,8,41,25,1,""
"org.axonframework.common.configuration.DecoratorDefinition$1","DecoratorDefinition$1",3,"271,154,154",4,"271,235,29",,0,36,6,61,1,5,""
"org.axonframework.common.configuration.SearchScope","SearchScope",3,"257,154,154",16,"257,1,8",,0,37,6,41,8,,""
"org.axonframework.common.configuration.DecoratedComponent","DecoratedComponent",3,"263,154,154",4,"255,235,29",,0,38,7,56,1,8,""
"org.axonframework.common.configuration.DefaultDecoratorDefinition","DefaultDecoratorDefinition",3,"263,154,154",4,"271,235,29",,0,38,6,69,2,8,""
"org.axonframework.common.configuration.BaseModule","BaseModule",3,"244,154,154",4,"244,235,29",,0,6,9,8,7,6,""
"org.axonframework.common.configuration.DefaultComponentRegistry$1","DefaultComponentRegistry$1",3,"257,154,154",16,"257,1,8",,0,37,3,85,1,2,""
"org.axonframework.common.configuration.ComponentNotFoundException","ComponentNotFoundException",3,"674,154,154",4,"674,49,29",,0,3,2,82,2,,""
"org.axonframework.common.configuration.DuplicateModuleRegistrationException","DuplicateModuleRegistrationException",3,"244,154,154",4,"244,235,29",,0,6,2,78,1,1,""
"org.axonframework.common.configuration.AmbiguousComponentMatchException","AmbiguousComponentMatchException",3,"244,154,154",4,"255,235,29",,0,32,2,83,1,1,""
"org.axonframework.common.configuration.ComponentOverrideException","ComponentOverrideException",3,"244,154,154",4,"244,235,29",,0,6,1,68,1,,""
"org.axonframework.common.ProcessUtils","ProcessUtils",5,"966,794,794",6,"966,41,2",,0,10,2,52,1,1,""
"org.axonframework.common.BuilderUtils","BuilderUtils",9,"616,616,616",11,"616,117,19",,0,14,8,99,32,3,""
"org.axonframework.extension.metrics.micrometer.MetricsConfigurerModule","MetricsConfigurerModule",17,"291,291,309",18,"291,244,3",,0,39,3,20,,3,""
"org.axonframework.extension.metrics.micrometer.GlobalMetricRegistry","GlobalMetricRegistry",17,"291,291,309",18,"291,244,3",,0,39,8,11,1,19,""
"org.axonframework.extension.metrics.micrometer.MessageTimerMonitor$Builder","MessageTimerMonitor$Builder",17,"291,291,309",18,"291,244,3",,0,39,5,81,2,3,""
"org.axonframework.extension.metrics.micrometer.EventProcessorLatencyMonitor$Builder","EventProcessorLatencyMonitor$Builder",17,"288,291,309",18,"288,244,3",,0,42,5,76,2,3,""
"org.axonframework.extension.metrics.micrometer.MessageTimerMonitor","MessageTimerMonitor",17,"291,291,309",18,"291,244,3",,0,39,5,0,3,5,""
"org.axonframework.extension.metrics.micrometer.EventProcessorLatencyMonitor","EventProcessorLatencyMonitor",17,"288,291,309",18,"288,244,3",,0,42,5,2,2,6,""
"org.axonframework.extension.metrics.micrometer.CapacityMonitor","CapacityMonitor",17,"295,291,309",18,"295,244,3",,0,43,4,46,2,5,""
"org.axonframework.extension.metrics.micrometer.MessageCountingMonitor","MessageCountingMonitor",17,"291,291,309",18,"291,244,3",,0,39,4,43,2,4,""
"org.axonframework.extension.metrics.micrometer.TagsUtil","TagsUtil",1,"4,309,309",3,"276,12,3",,0,1,3,29,1,2,""
"org.axonframework.extension.metrics.micrometer.CapacityMonitor$1","CapacityMonitor$1",17,"295,291,309",18,"295,244,3",,0,43,3,75,1,3,""
"org.axonframework.extension.metrics.micrometer.reservoir.SlidingTimeWindowReservoir","SlidingTimeWindowReservoir",17,"295,291,309",18,"295,244,3",,0,43,2,72,2,,""
"org.axonframework.extension.metrics.micrometer.MessageTimerMonitor$1","MessageTimerMonitor$1",17,"291,291,309",18,"291,244,3",,0,39,3,66,1,2,""
"org.axonframework.extension.metrics.micrometer.MessageCountingMonitor$1","MessageCountingMonitor$1",17,"291,291,309",18,"291,244,3",,0,39,3,88,1,2,""
"org.axonframework.conversion.ChainedConverter$RouteCalculator","ChainedConverter$RouteCalculator",11,"301,301,301",12,"301,11,50",,0,44,3,99,1,2,""
"org.axonframework.conversion.ChainedConverter$Route","ChainedConverter$Route",11,"301,301,301",12,"301,11,50",,0,44,3,0,2,2,""
"org.axonframework.conversion.converter.ByteArrayToStringConverter","ByteArrayToStringConverter",11,"301,301,301",12,"301,11,50",,0,44,1,11,,1,""
"org.axonframework.conversion.converter.ByteArrayToInputStreamConverter","ByteArrayToInputStreamConverter",11,"301,301,301",12,"301,11,50",,0,44,1,15,,1,""
"org.axonframework.conversion.converter.StringToByteArrayConverter","StringToByteArrayConverter",11,"301,301,301",12,"301,11,50",,0,44,1,74,,1,""
"org.axonframework.conversion.converter.InputStreamToByteArrayConverter","InputStreamToByteArrayConverter",11,"315,301,301",12,"315,11,50",,0,16,2,89,,2,""
"org.axonframework.conversion.converter.BlobToInputStreamConverter","BlobToInputStreamConverter",11,"315,301,301",12,"315,11,50",,0,16,2,50,,2,""
"org.axonframework.conversion.ChainingContentTypeConverter","ChainingContentTypeConverter",11,"301,301,301",12,"301,11,50",,0,44,6,74,3,5,""
"org.axonframework.conversion.PassThroughConverter","PassThroughConverter",1,"309,309,309",9,"703,0,20",,0,1,2,31,,2,""
"org.axonframework.conversion.avro.DefaultSchemaIncompatibilityChecker","DefaultSchemaIncompatibilityChecker",11,"315,301,301",12,"315,11,50",,0,16,3,12,1,2,""
"org.axonframework.conversion.avro.ByteArrayToGenericRecordConverter","ByteArrayToGenericRecordConverter",11,"315,301,301",12,"315,11,50",,0,16,3,64,1,3,""
"org.axonframework.conversion.avro.AvroConverter","AvroConverter",11,"315,301,301",12,"315,11,50",,0,16,6,62,1,10,""
"org.axonframework.conversion.avro.SpecificRecordBaseConverterStrategy","SpecificRecordBaseConverterStrategy",11,"315,301,301",12,"315,11,50",,0,16,4,41,1,7,""
"org.axonframework.conversion.avro.GenericRecordToByteArrayConverter","GenericRecordToByteArrayConverter",11,"315,301,301",12,"315,11,50",,0,16,3,41,,3,""
"org.axonframework.conversion.avro.AvroUtil","AvroUtil",11,"315,301,301",12,"315,11,50",,0,16,3,20,5,1,""
"org.axonframework.conversion.avro.AvroConverterStrategy","AvroConverterStrategy",11,"315,301,301",12,"315,11,50",,0,16,4,73,4,2,""
"org.axonframework.conversion.ContentTypeConverter","ContentTypeConverter",11,"301,301,301",12,"301,11,50",,0,44,3,44,15,,""
"org.axonframework.conversion.ChainedConverter","ChainedConverter",11,"301,301,301",12,"301,11,50",,0,44,3,37,1,5,""
"org.axonframework.conversion.CachingSupplier","CachingSupplier",1,"4,309,309",3,"276,12,3",,0,1,1,62,1,,""
"org.axonframework.conversion.ConversionException","ConversionException",11,"315,301,301",12,"315,11,50",,0,16,6,34,16,1,""
"org.axonframework.conversion.Converter","Converter",1,"309,309,309",3,"276,12,3",,0,1,9,90,37,1,""
"org.axonframework.conversion.avro.SchemaIncompatibilityChecker","SchemaIncompatibilityChecker",11,"315,301,301",12,"315,11,50",,0,16,3,91,3,1,""
"org.axonframework.conversion.avro.AvroConverterConfiguration","AvroConverterConfiguration",11,"315,301,301",12,"315,11,50",,0,16,4,3,2,4,""
"org.axonframework.conversion.avro.AvroConverterStrategyConfiguration","AvroConverterStrategyConfiguration",11,"315,301,301",12,"315,11,50",,0,16,4,40,4,,""
"org.axonframework.conversion.json.JsonNodeToByteArrayConverter","JsonNodeToByteArrayConverter",11,"301,301,301",12,"301,11,50",,0,44,3,60,1,2,""
"org.axonframework.conversion.json.ObjectNodeToJsonNodeConverter","ObjectNodeToJsonNodeConverter",11,"301,301,301",12,"301,11,50",,0,44,2,33,1,1,""
"org.axonframework.conversion.json.JsonNodeToObjectNodeConverter","JsonNodeToObjectNodeConverter",11,"301,301,301",12,"301,11,50",,0,44,3,95,1,2,""
"org.axonframework.conversion.json.ByteArrayToJsonNodeConverter","ByteArrayToJsonNodeConverter",11,"301,301,301",12,"301,11,50",,0,44,3,98,1,2,""
"org.axonframework.conversion.json.JacksonConverter","JacksonConverter",11,"301,301,301",12,"301,11,50",,0,44,6,7,3,9,""
"org.axonframework.messaging.monitoring.MessageMonitor","MessageMonitor",3,"362,154,154",18,"291,244,3",,0,1,9,13,26,2,""
"org.axonframework.messaging.core.Message","Message",1,"4,309,309",3,"276,12,3",,0,1,9,70,214,6,""
"org.axonframework.messaging.core.MessageHandlerInterceptor","MessageHandlerInterceptor",3,"770,154,154",4,"770,49,29",,0,45,9,63,32,4,""
"org.axonframework.messaging.eventhandling.EventMessage","EventMessage",8,"53,53,616",8,"1011,28,14",,0,1,9,9,136,3,""
"org.axonframework.messaging.core.unitofwork.ProcessingLifecycle$ErrorHandler","ProcessingLifecycle$ErrorHandler",2,"442,331,53",2,"331,21,25",,0,2,9,34,16,2,""
"org.axonframework.messaging.core.unitofwork.ProcessingLifecycle$Phase","ProcessingLifecycle$Phase",2,"442,331,53",2,"331,21,25",,0,2,9,0,19,,""
"org.axonframework.messaging.core.unitofwork.ProcessingContext","ProcessingContext",2,"331,331,53",2,"331,21,25",,0,2,9,3,229,5,""
"org.axonframework.messaging.core.MessageHandlerInterceptorChain","MessageHandlerInterceptorChain",2,"741,331,53",2,"741,21,25",,0,46,9,77,18,3,""
"org.axonframework.messaging.core.MessageStream","MessageStream",8,"103,703,703",8,"335,28,14",,0,1,9,66,132,21,""
"org.axonframework.messaging.queryhandling.QueryMessage","QueryMessage",1,"703,703,703",9,"703,80,70",,0,41,9,47,46,3,""
"org.axonframework.messaging.core.MessageDispatchInterceptor","MessageDispatchInterceptor",3,"772,154,154",4,"772,49,29",,0,47,9,81,30,4,""
"org.axonframework.messaging.queryhandling.SubscriptionQueryUpdateMessage","SubscriptionQueryUpdateMessage",1,"309,309,309",9,"703,80,70",,0,1,9,1,24,5,""
"org.axonframework.messaging.core.MessageDispatchInterceptorChain","MessageDispatchInterceptorChain",3,"772,154,154",4,"772,49,29",,0,47,9,15,9,3,""
"org.axonframework.messaging.commandhandling.CommandMessage","CommandMessage",7,"62,432,47",0,"44,0,20",,0,1,9,61,70,3,""
"org.axonframework.messaging.commandhandling.CommandResultMessage","CommandResultMessage",1,"309,309,309",3,"276,12,3",,0,1,9,65,37,4,""
"org.axonframework.messaging.monitoring.interception.MonitoringEventHandlerInterceptor","MonitoringEventHandlerInterceptor",2,"331,331,53",2,"331,21,25",,0,2,9,7,1,10,""
"org.axonframework.messaging.monitoring.interception.MonitoringQueryHandlerInterceptor","MonitoringQueryHandlerInterceptor",2,"331,331,53",2,"331,21,25",,0,2,9,58,1,10,""
"org.axonframework.messaging.monitoring.interception.MonitoringSubscriptionQueryUpdateDispatchInterceptor","MonitoringSubscriptionQueryUpdateDispatchInterceptor",2,"331,331,53",2,"331,21,25",,0,2,9,41,1,10,""
"org.axonframework.messaging.monitoring.interception.MonitoringCommandHandlerInterceptor","MonitoringCommandHandlerInterceptor",2,"331,331,53",2,"331,21,25",,0,2,9,23,1,10,""
"org.axonframework.messaging.monitoring.interception.MonitoringEventDispatchInterceptor","MonitoringEventDispatchInterceptor",2,"331,331,53",2,"331,21,25",,0,2,9,75,1,10,""
"org.axonframework.messaging.monitoring.NoOpMessageMonitor","NoOpMessageMonitor",3,"674,154,154",18,"291,244,3",,0,3,7,63,4,4,""
"org.axonframework.messaging.monitoring.MessageMonitor$MonitorCallback","MessageMonitor$MonitorCallback",2,"331,331,53",18,"291,244,3",,0,2,8,4,20,1,""
"org.axonframework.messaging.monitoring.NoOpMessageMonitorCallback","NoOpMessageMonitorCallback",2,"331,331,53",18,"291,244,3",,0,2,3,6,2,1,""
"org.axonframework.messaging.monitoring.MultiMessageMonitor","MultiMessageMonitor",17,"291,291,309",18,"291,244,3",,0,39,6,54,3,5,""
"org.axonframework.messaging.commandhandling.annotation.MethodCommandHandlerDefinition$MethodCommandHandlingMember","MethodCommandHandlerDefinition$MethodCommandHandlingMember",0,"15,15,1108",5,"101,5,44",,0,1,5,91,1,6,""
"org.axonframework.messaging.monitoring.MultiMessageMonitor$1","MultiMessageMonitor$1",2,"331,331,53",18,"291,244,3",,0,2,3,35,1,2,""
"org.axonframework.messaging.monitoring.configuration.DefaultMessageMonitorRegistry","DefaultMessageMonitorRegistry",3,"362,154,154",18,"362,49,29",,0,1,9,62,7,24,""
"org.axonframework.messaging.monitoring.configuration.DefaultMessageMonitorRegistry$GenericMonitorDefinition","DefaultMessageMonitorRegistry$GenericMonitorDefinition",3,"362,154,154",18,"362,49,29",,0,1,7,42,1,6,""
"org.axonframework.messaging.monitoring.configuration.DefaultMessageMonitorRegistry$1","DefaultMessageMonitorRegistry$1",3,"362,154,154",18,"362,49,29",,0,1,5,69,1,4,""
"org.axonframework.messaging.monitoring.configuration.DefaultMessageMonitorRegistry$2","DefaultMessageMonitorRegistry$2",3,"362,154,154",18,"362,49,29",,0,1,5,88,1,4,""
"org.axonframework.messaging.monitoring.configuration.DefaultMessageMonitorRegistry$3","DefaultMessageMonitorRegistry$3",3,"362,154,154",18,"362,49,29",,0,1,5,94,1,4,""
"org.axonframework.messaging.monitoring.configuration.DefaultMessageMonitorRegistry$4","DefaultMessageMonitorRegistry$4",3,"362,154,154",18,"362,49,29",,0,1,5,43,1,4,""
"org.axonframework.messaging.monitoring.configuration.DefaultMessageMonitorRegistry$5","DefaultMessageMonitorRegistry$5",3,"362,154,154",18,"362,49,29",,0,1,5,66,1,4,""
"org.axonframework.messaging.commandhandling.distributed.DistributedCommandBus","DistributedCommandBus",7,"372,432,47",0,"44,0,20",,0,1,8,0,2,13,""
"org.axonframework.messaging.commandhandling.distributed.DistributedCommandBus$DistributedHandler","DistributedCommandBus$DistributedHandler",7,"372,432,47",0,"44,0,20",,0,1,6,86,1,7,""
"org.axonframework.messaging.commandhandling.distributed.DelegatingCommandBusConnector","DelegatingCommandBusConnector",3,"914,914,914",16,"914,1,8",,0,48,7,60,1,7,""
"org.axonframework.messaging.commandhandling.distributed.PayloadConvertingCommandBusConnector$ConvertingResultMessageCallback","PayloadConvertingCommandBusConnector$ConvertingResultMessageCallback",7,"372,432,47",16,"914,1,8",,0,48,4,11,1,3,""
"org.axonframework.messaging.commandhandling.distributed.PayloadConvertingCommandBusConnector","PayloadConvertingCommandBusConnector",3,"914,914,914",16,"914,1,8",,0,48,7,85,2,10,""
"org.axonframework.messaging.commandhandling.distributed.DistributedCommandBusConfigurationEnhancer","DistributedCommandBusConfigurationEnhancer",7,"1044,432,47",0,"380,0,20",,0,1,8,87,,12,""
"org.axonframework.messaging.commandhandling.annotation.CommandDispatcherParameterResolverFactory$1","CommandDispatcherParameterResolverFactory$1",1,"383,309,309",3,"383,12,3",,0,49,5,9,1,4,""
"org.axonframework.messaging.commandhandling.annotation.MethodCommandHandlerDefinition","MethodCommandHandlerDefinition",0,"15,15,1108",5,"101,5,44",,0,1,3,81,,3,""
"org.axonframework.messaging.commandhandling.annotation.CommandDispatcherParameterResolverFactoryConfigurationEnhancer","CommandDispatcherParameterResolverFactoryConfigurationEnhancer",1,"383,309,309",3,"383,12,3",,0,49,5,59,,6,""
"org.axonframework.messaging.commandhandling.annotation.AnnotationRoutingStrategy","AnnotationRoutingStrategy",4,"387,1108,1108",5,"390,155,45",,0,51,5,43,2,8,""
"org.axonframework.messaging.commandhandling.CommandBus","CommandBus",7,"1044,432,47",0,"380,0,20",,0,1,9,18,19,5,""
"org.axonframework.messaging.core.QualifiedName","QualifiedName",1,"991,309,309",0,"47,0,20",,0,1,9,1,68,3,""
"org.axonframework.messaging.commandhandling.CommandHandlerRegistry","CommandHandlerRegistry",7,"432,432,47",0,"432,0,20",,0,1,9,87,9,3,""
"org.axonframework.messaging.core.conversion.MessageConverter","MessageConverter",0,"15,15,1108",4,"534,76,50",,0,1,9,18,21,2,""
"org.axonframework.messaging.core.ResultMessage","ResultMessage",1,"309,309,309",3,"276,12,3",,0,1,9,44,7,3,""
"org.axonframework.messaging.core.MessageHandler","MessageHandler",8,"480,53,616",0,"431,0,20",,0,1,4,28,4,,""
"org.axonframework.messaging.core.MessageStream$Single","MessageStream$Single",8,"103,703,703",8,"335,28,14",,0,1,9,12,45,8,""
"org.axonframework.messaging.core.annotation.ParameterResolver","ParameterResolver",2,"1108,1108,1108",5,"1110,173,25",,0,1,7,16,47,1,""
"org.axonframework.messaging.commandhandling.gateway.CommandDispatcher","CommandDispatcher",1,"4,309,309",3,"397,12,3",,0,1,7,88,3,7,""
"org.axonframework.messaging.commandhandling.annotation.CommandDispatcherParameterResolverFactory","CommandDispatcherParameterResolverFactory",1,"383,309,309",3,"383,12,3",,0,49,5,25,2,5,""
"org.axonframework.messaging.core.annotation.MessageHandler","MessageHandler",1,"4,309,309",3,"276,12,3",,0,1,3,78,7,2,""
"org.axonframework.messaging.core.annotation.HandlerEnhancerDefinition","HandlerEnhancerDefinition",0,"733,15,1108",5,"733,5,44",,0,50,4,50,12,1,""
"org.axonframework.messaging.core.annotation.MessageHandlingMember","MessageHandlingMember",0,"15,15,1108",5,"101,5,44",,0,1,9,53,38,4,""
"org.axonframework.messaging.core.configuration.reflection.ParameterResolverFactoryUtils","ParameterResolverFactoryUtils",0,"400,15,1108",5,"400,5,44",,0,7,6,76,7,5,""
"org.axonframework.messaging.core.annotation.ParameterResolverFactory","ParameterResolverFactory",0,"400,15,1108",5,"400,5,44",,0,7,9,0,40,1,""
"org.axonframework.messaging.core.annotation.WrappedMessageHandlingMember","WrappedMessageHandlingMember",0,"15,15,1108",5,"101,5,44",,0,1,7,45,9,4,""
"org.axonframework.messaging.commandhandling.RoutingStrategy","RoutingStrategy",3,"674,154,154",4,"674,49,29",,0,1,4,78,5,1,""
"org.axonframework.messaging.commandhandling.annotation.Command","Command",1,"401,309,309",9,"494,80,70",,0,1,3,26,1,2,""
"org.axonframework.messaging.monitoring.configuration.MessageMonitorRegistry","MessageMonitorRegistry",3,"154,154,154",4,"154,169,29",,0,8,9,83,4,9,""
"org.axonframework.messaging.commandhandling.distributed.CommandBusConnector$Handler","CommandBusConnector$Handler",3,"914,914,914",16,"914,1,8",,0,48,6,72,6,2,""
"org.axonframework.messaging.commandhandling.distributed.CommandBusConnector","CommandBusConnector",3,"914,914,914",16,"914,1,8",,0,48,8,8,6,7,""
"org.axonframework.messaging.commandhandling.CommandHandler","CommandHandler",7,"432,432,47",0,"431,0,20",,0,1,9,31,22,5,""
"org.axonframework.messaging.commandhandling.distributed.CommandBusConnector$ResultCallback","CommandBusConnector$ResultCallback",7,"372,432,47",16,"914,1,8",,0,48,6,54,7,1,""
"org.axonframework.messaging.commandhandling.distributed.DistributedCommandBusConfiguration","DistributedCommandBusConfiguration",7,"661,432,47",0,"661,80,70",,0,1,4,61,3,3,""
"org.axonframework.messaging.commandhandling.annotation.AnnotationRoutingStrategy$RoutingKeyResolver","AnnotationRoutingStrategy$RoutingKeyResolver",4,"387,1108,1108",5,"390,155,45",,0,51,3,37,1,2,""
"org.axonframework.messaging.commandhandling.annotation.CommandHandler","CommandHandler",1,"756,1108,1108",3,"756,12,3",,0,1,3,28,1,2,""
"org.axonframework.messaging.commandhandling.annotation.RoutingKey","RoutingKey",4,"16,154,154",4,"49,253,20",,0,1,2,86,3,,""
"org.axonframework.messaging.commandhandling.annotation.CommandHandlingMember","CommandHandlingMember",0,"15,15,1108",5,"101,5,44",,0,1,5,52,3,2,""
"org.axonframework.messaging.core.Metadata","Metadata",1,"4,309,309",3,"276,12,3",,0,1,9,53,38,1,""
"org.axonframework.messaging.commandhandling.GenericCommandMessage","GenericCommandMessage",1,"4,309,309",3,"276,12,3",,0,1,9,0,4,8,""
"org.axonframework.messaging.core.unitofwork.ProcessingLifecycleHandlerRegistrar","ProcessingLifecycleHandlerRegistrar",7,"62,432,47",0,"431,0,20",,0,1,4,38,3,1,""
"org.axonframework.messaging.core.unitofwork.UnitOfWorkFactory","UnitOfWorkFactory",9,"616,616,616",7,"601,105,49",,0,19,9,8,25,2,""
"org.axonframework.messaging.core.annotation.Message","Message",1,"401,309,309",9,"494,80,70",,0,1,3,50,5,2,""
"org.axonframework.messaging.core.annotation.AnnotatedHandlerInspector","AnnotatedHandlerInspector",0,"15,15,1108",5,"101,5,44",,0,1,9,70,5,13,""
"org.axonframework.messaging.core.MessageTypeResolver","MessageTypeResolver",1,"4,309,309",3,"276,12,3",,0,1,9,45,26,4,""
"org.axonframework.messaging.core.annotation.ClasspathParameterResolverFactory","ClasspathParameterResolverFactory",0,"400,15,1108",5,"400,5,44",,0,7,6,6,5,2,""
"org.axonframework.messaging.core.annotation.ClasspathHandlerDefinition","ClasspathHandlerDefinition",0,"419,15,1108",5,"419,5,44",,0,15,7,0,6,2,""
"org.axonframework.messaging.core.ClassBasedMessageTypeResolver","ClassBasedMessageTypeResolver",0,"15,15,1108",5,"101,5,44",,0,1,5,81,3,2,""
"org.axonframework.messaging.core.annotation.HandlerDefinition","HandlerDefinition",0,"419,15,1108",5,"419,5,44",,0,15,7,79,7,3,""
"org.axonframework.messaging.commandhandling.GenericCommandResultMessage","GenericCommandResultMessage",1,"4,309,309",3,"276,12,3",,0,1,9,64,4,8,""
"org.axonframework.messaging.core.interception.annotation.MessageHandlerInterceptorMemberChain","MessageHandlerInterceptorMemberChain",0,"15,15,1108",5,"101,5,44",,0,1,9,23,7,10,""
"org.axonframework.messaging.core.MessageType","MessageType",1,"991,309,309",3,"276,12,3",,0,1,9,7,54,3,""
"org.axonframework.messaging.core.MessageStream$Entry","MessageStream$Entry",8,"103,703,703",8,"335,28,14",,0,1,9,0,56,3,""
"org.axonframework.messaging.core.DefaultMessageDispatchInterceptorChain","DefaultMessageDispatchInterceptorChain",1,"689,703,703",8,"335,28,14",,0,1,9,76,7,8,""
"org.axonframework.messaging.core.MessageStream$Empty","MessageStream$Empty",8,"103,703,703",8,"335,28,14",,0,1,9,1,48,5,""
"org.axonframework.messaging.core.Context$ResourceKey","Context$ResourceKey",2,"331,331,53",2,"331,21,25",,0,2,9,71,49,,""
"org.axonframework.messaging.commandhandling.gateway.CommandGateway","CommandGateway",1,"4,309,309",3,"397,12,3",,0,1,7,94,5,4,""
"org.axonframework.messaging.commandhandling.CommandHandlingComponent","CommandHandlingComponent",7,"432,432,47",0,"432,0,20",,0,1,9,90,8,2,""
"org.axonframework.messaging.commandhandling.CommandPriorityCalculator","CommandPriorityCalculator",3,"674,154,154",4,"674,49,29",,0,1,3,35,2,1,""
"org.axonframework.messaging.commandhandling.gateway.CommandResult","CommandResult",1,"4,309,309",3,"276,12,3",,0,1,6,13,7,3,""
"org.axonframework.messaging.commandhandling.gateway.ConvertingCommandGateway","ConvertingCommandGateway",1,"4,309,309",3,"397,12,3",,0,1,6,75,1,7,""
"org.axonframework.messaging.commandhandling.gateway.DefaultCommandGateway","DefaultCommandGateway",1,"4,309,309",3,"276,12,3",,0,1,9,16,1,13,""
"org.axonframework.messaging.commandhandling.gateway.FutureCommandResult","FutureCommandResult",1,"4,309,309",3,"276,12,3",,0,1,3,15,1,2,""
"org.axonframework.messaging.commandhandling.SimpleCommandBus","SimpleCommandBus",7,"62,432,47",0,"431,0,20",,0,1,9,45,1,17,""
"org.axonframework.messaging.commandhandling.SimpleCommandHandlingComponent","SimpleCommandHandlingComponent",7,"432,432,47",0,"432,0,20",,0,1,9,99,2,16,""
"org.axonframework.messaging.commandhandling.interception.InterceptingCommandBus$InterceptingDispatcher","InterceptingCommandBus$InterceptingDispatcher",7,"62,432,47",8,"335,28,14",,0,1,9,83,1,8,""
"org.axonframework.messaging.commandhandling.interception.CommandMessageHandlerInterceptorChain","CommandMessageHandlerInterceptorChain",7,"62,432,47",0,"44,0,20",,0,1,9,13,1,11,""
"org.axonframework.messaging.commandhandling.interception.InterceptingCommandBus$InterceptingHandler","InterceptingCommandBus$InterceptingHandler",7,"62,432,47",0,"44,0,20",,0,1,9,49,1,8,""
"org.axonframework.messaging.commandhandling.interception.InterceptingCommandBus","InterceptingCommandBus",7,"62,432,47",0,"44,0,20",,0,1,9,90,1,15,""
"org.axonframework.messaging.commandhandling.NoHandlerForCommandException","NoHandlerForCommandException",7,"62,432,47",0,"44,0,20",,0,1,6,0,6,2,""
"org.axonframework.messaging.commandhandling.gateway.ContextAwareCommandDispatcher","ContextAwareCommandDispatcher",1,"4,309,309",3,"397,12,3",,0,1,7,76,1,7,""
"org.axonframework.messaging.commandhandling.CommandExecutionException","CommandExecutionException",5,"438,794,794",6,"438,41,2",,0,1,3,72,2,1,""
"org.axonframework.messaging.commandhandling.DuplicateCommandHandlerSubscriptionException","DuplicateCommandHandlerSubscriptionException",7,"114,47,47",0,"431,0,20",,0,1,5,98,3,2,""
"org.axonframework.messaging.commandhandling.annotation.AnnotatedCommandHandlingComponent","AnnotatedCommandHandlingComponent",0,"15,15,1108",5,"101,5,44",,0,1,9,44,1,22,""
"org.axonframework.messaging.commandhandling.UnresolvedRoutingKeyPolicy","UnresolvedRoutingKeyPolicy",7,"62,432,47",0,"44,0,20",,0,1,2,83,,3,""
"org.axonframework.messaging.commandhandling.CommandDispatchException","CommandDispatchException",5,"973,794,794",6,"973,41,2",,0,52,2,39,2,1,""
"org.axonframework.messaging.commandhandling.interception.CommandMessageHandlerInterceptorChain$InterceptingHandler","CommandMessageHandlerInterceptorChain$InterceptingHandler",7,"62,432,47",0,"44,0,20",,0,1,9,23,1,9,""
"org.axonframework.messaging.commandhandling.gateway.ConvertingCommandGateway$ConvertingCommandResult","ConvertingCommandGateway$ConvertingCommandResult",1,"4,309,309",3,"276,12,3",,0,1,4,24,1,3,""
"org.axonframework.messaging.core.unitofwork.UnitOfWorkConfiguration","UnitOfWorkConfiguration",9,"573,616,616",11,"573,21,25",,0,29,4,81,4,1,""
"org.axonframework.messaging.core.unitofwork.UnitOfWork","UnitOfWork",2,"442,331,53",2,"442,21,25",,0,2,9,1,17,10,""
"org.axonframework.messaging.core.HandlerExecutionException","HandlerExecutionException",5,"438,794,794",6,"438,41,2",,0,1,3,5,3,1,""
"org.axonframework.messaging.core.retry.RetryScheduler$Dispatcher","RetryScheduler$Dispatcher",8,"103,703,703",8,"335,28,14",,0,1,6,80,3,3,""
"org.axonframework.messaging.core.retry.RetryScheduler","RetryScheduler",7,"1044,432,47",0,"380,0,20",,0,1,6,99,2,4,""
"org.axonframework.messaging.core.GenericResultMessage","GenericResultMessage",1,"4,309,309",3,"276,12,3",,0,1,9,85,3,8,""
"org.axonframework.messaging.core.GenericMessage","GenericMessage",1,"4,309,309",3,"276,12,3",,0,1,9,84,12,9,""
"org.axonframework.messaging.core.MessageDecorator","MessageDecorator",1,"4,309,309",3,"276,12,3",,0,1,8,43,5,4,""
"org.axonframework.messaging.tracing.Span","Span",1,"827,940,309",3,"828,63,3",,0,53,5,70,21,2,""
"org.axonframework.messaging.tracing.SpanFactory","SpanFactory",1,"827,940,309",3,"828,63,3",,0,53,5,0,16,3,""
"org.axonframework.messaging.eventhandling.EventHandlingComponent","EventHandlingComponent",8,"628,53,616",11,"628,117,19",,0,1,9,11,17,5,""
"org.axonframework.messaging.eventhandling.sequencing.SequencingPolicy","SequencingPolicy",8,"467,53,616",8,"467,5,44",,0,1,6,74,13,2,""
"org.axonframework.messaging.eventhandling.EventHandler","EventHandler",8,"480,53,616",8,"1011,5,44",,0,1,9,90,8,5,""
"org.axonframework.messaging.eventhandling.NoHandlerForEventException","NoHandlerForEventException",8,"480,53,616",8,"1011,5,44",,0,1,2,52,1,1,""
"org.axonframework.messaging.eventhandling.EventHandlerRegistry","EventHandlerRegistry",8,"628,53,616",11,"628,117,19",,0,1,8,94,5,3,""
"org.axonframework.messaging.eventhandling.sequencing.HierarchicalSequencingPolicy","HierarchicalSequencingPolicy",8,"467,53,616",8,"467,5,44",,0,1,4,64,1,3,""
"org.axonframework.messaging.eventhandling.sequencing.SequentialPerAggregatePolicy","SequentialPerAggregatePolicy",2,"331,331,53",2,"331,21,25",,0,2,5,5,1,5,""
"org.axonframework.messaging.eventhandling.sequencing.SequentialPolicy","SequentialPolicy",8,"467,53,616",8,"1011,5,44",,0,1,5,55,2,4,""
"org.axonframework.messaging.eventhandling.GenericEventMessage","GenericEventMessage",1,"4,309,309",3,"276,12,3",,0,1,9,0,13,10,""
"org.axonframework.messaging.core.annotation.AbstractAnnotatedParameterResolverFactory","AbstractAnnotatedParameterResolverFactory",2,"1108,1108,1108",5,"331,21,25",,0,1,5,94,5,5,""
"org.axonframework.messaging.eventhandling.gateway.EventAppender","EventAppender",2,"331,331,53",2,"331,21,25",,0,2,7,97,3,6,""
"org.axonframework.messaging.core.LegacyResources","LegacyResources",2,"331,331,53",2,"331,21,25",,0,2,5,89,7,1,""
"org.axonframework.messaging.eventhandling.annotation.MethodSequencingPolicyEventHandlerDefinition$SequencingPolicyEventMessageHandlingMember","MethodSequencingPolicyEventHandlerDefinition$SequencingPolicyEventMessageHandlingMember",0,"15,15,1108",5,"101,5,44",,0,1,5,77,2,6,""
"org.axonframework.messaging.eventhandling.conversion.EventConverter","EventConverter",0,"15,15,1108",8,"1011,28,14",,0,1,9,50,16,2,""
"org.axonframework.messaging.commandhandling.retry.RetryingCommandBus","RetryingCommandBus",7,"1044,432,47",0,"380,0,20",,0,1,9,25,,14,""
"org.axonframework.messaging.commandhandling.MetadataRoutingStrategy","MetadataRoutingStrategy",7,"62,432,47",0,"44,0,20",,0,1,3,52,,3,""
"org.axonframework.messaging.commandhandling.tracing.TracingCommandBus$TracingHandler","TracingCommandBus$TracingHandler",7,"474,432,47",0,"474,0,20",,0,1,7,67,1,8,""
"org.axonframework.messaging.commandhandling.tracing.TracingCommandBus","TracingCommandBus",7,"474,432,47",0,"474,0,20",,0,1,8,37,1,11,""
"org.axonframework.messaging.commandhandling.tracing.DefaultCommandBusSpanFactory","DefaultCommandBusSpanFactory",1,"475,940,309",3,"476,63,3",,0,54,5,28,1,6,""
"org.axonframework.messaging.commandhandling.tracing.DefaultCommandBusSpanFactory$Builder","DefaultCommandBusSpanFactory$Builder",1,"475,940,309",3,"476,63,3",,0,54,4,79,1,3,""
"org.axonframework.messaging.commandhandling.configuration.SimpleCommandHandlingModule","SimpleCommandHandlingModule",7,"432,432,47",0,"432,0,20",,0,1,9,54,1,16,""
"org.axonframework.messaging.eventhandling.SimpleEventHandlingComponent","SimpleEventHandlingComponent",8,"480,53,616",8,"1011,5,44",,0,1,9,93,1,15,""
"org.axonframework.messaging.eventhandling.TerminalEventMessage","TerminalEventMessage",1,"991,309,309",3,"276,12,3",,0,1,8,83,4,4,""
"org.axonframework.messaging.eventhandling.annotation.SequenceNumberParameterResolverFactory","SequenceNumberParameterResolverFactory",2,"1108,1108,1108",5,"331,21,25",,0,2,4,50,,5,""
"org.axonframework.messaging.eventhandling.annotation.SequenceNumberParameterResolverFactory$SequenceNumberParameterResolver","SequenceNumberParameterResolverFactory$SequenceNumberParameterResolver",2,"331,331,53",2,"331,21,25",,0,2,4,33,1,4,""
"org.axonframework.messaging.eventhandling.annotation.EventAppenderParameterResolverFactory","EventAppenderParameterResolverFactory",2,"485,331,53",2,"486,21,25",,0,55,5,26,2,4,""
"org.axonframework.messaging.eventhandling.annotation.EventAppenderParameterResolverFactory$1","EventAppenderParameterResolverFactory$1",2,"485,331,53",2,"486,21,25",,0,55,5,65,1,4,""
"org.axonframework.messaging.eventhandling.annotation.TimestampParameterResolverFactory","TimestampParameterResolverFactory",8,"1108,1108,1108",5,"1011,21,25",,0,1,4,53,,5,""
"org.axonframework.messaging.eventhandling.annotation.TimestampParameterResolverFactory$TimestampParameterResolver","TimestampParameterResolverFactory$TimestampParameterResolver",8,"1108,1108,1108",5,"1011,21,25",,0,1,5,6,1,5,""
"org.axonframework.messaging.eventhandling.annotation.MethodSequencingPolicyEventHandlerDefinition","MethodSequencingPolicyEventHandlerDefinition",0,"15,15,1108",5,"101,5,44",,0,1,4,62,,4,""
"org.axonframework.messaging.eventhandling.annotation.EventAppenderParameterResolverFactoryConfigurationEnhancer","EventAppenderParameterResolverFactoryConfigurationEnhancer",2,"485,331,53",2,"486,21,25",,0,55,5,8,,6,""
"org.axonframework.messaging.commandhandling.tracing.CommandBusSpanFactory","CommandBusSpanFactory",7,"474,432,47",0,"474,0,20",,0,1,5,38,3,2,""
"org.axonframework.messaging.commandhandling.configuration.CommandHandlingModule","CommandHandlingModule",7,"432,432,47",0,"432,0,20",,0,1,8,70,5,5,""
"org.axonframework.messaging.commandhandling.configuration.CommandHandlingModule$CommandHandlerPhase","CommandHandlingModule$CommandHandlerPhase",7,"432,432,47",0,"432,0,20",,0,1,9,92,3,10,""
"org.axonframework.messaging.commandhandling.configuration.CommandHandlingModule$SetupPhase","CommandHandlingModule$SetupPhase",7,"432,432,47",0,"432,0,20",,0,1,3,80,2,1,""
"org.axonframework.messaging.eventhandling.annotation.AnnotatedEventHandlingComponent$MethodSignature","AnnotatedEventHandlingComponent$MethodSignature",0,"15,15,1108",5,"101,5,44",,0,1,1,99,1,,""
"org.axonframework.messaging.eventhandling.annotation.SequenceNumber","SequenceNumber",2,"1108,1108,1108",5,"331,21,25",,0,2,1,85,1,,""
"org.axonframework.messaging.eventhandling.annotation.EventHandler","EventHandler",1,"493,1108,1108",3,"1122,12,3",,0,1,3,12,3,2,""
"org.axonframework.messaging.eventhandling.annotation.Timestamp","Timestamp",8,"1108,1108,1108",5,"1011,21,25",,0,1,1,24,1,,""
"org.axonframework.messaging.eventhandling.annotation.SequencingPolicy","SequencingPolicy",0,"15,15,1108",5,"101,5,44",,0,1,4,39,2,2,""
"org.axonframework.messaging.eventhandling.annotation.Event","Event",1,"401,309,309",9,"494,80,70",,0,1,2,47,,2,""
"org.axonframework.messaging.eventhandling.annotation.EventHandlingMember","EventHandlingMember",0,"15,15,1108",5,"101,5,44",,0,1,4,14,2,2,""
"org.axonframework.messaging.eventhandling.annotation.AnnotatedEventHandlingComponent","AnnotatedEventHandlingComponent",0,"15,15,1108",5,"101,5,44",,0,1,9,25,1,23,""
"org.axonframework.messaging.eventhandling.annotation.MethodEventHandlerDefinition$MethodEventMessageHandlingMember","MethodEventHandlerDefinition$MethodEventMessageHandlingMember",0,"15,15,1108",5,"101,5,44",,0,1,7,35,2,9,""
"org.axonframework.messaging.core.annotation.UnsupportedHandlerException","UnsupportedHandlerException",0,"15,15,1108",5,"101,5,44",,0,1,5,94,4,1,""
"org.axonframework.messaging.eventhandling.EventSink","EventSink",2,"331,331,53",2,"331,21,25",,0,2,9,96,11,3,""
"org.axonframework.messaging.eventhandling.replay.ResetContext","ResetContext",1,"4,309,309",3,"276,12,3",,0,1,4,53,2,3,""
"org.axonframework.messaging.eventhandling.EventBus","EventBus",2,"281,331,53",2,"506,21,25",,0,2,8,58,9,3,""
"org.axonframework.messaging.eventhandling.interception.EventMessageHandlerInterceptorChain$InterceptingHandler","EventMessageHandlerInterceptorChain$InterceptingHandler",8,"53,53,616",8,"1011,28,14",,0,1,9,91,1,8,""
"org.axonframework.messaging.eventhandling.interception.InterceptingEventHandlingComponent","InterceptingEventHandlingComponent",8,"53,53,616",8,"1011,28,14",,0,1,9,95,2,10,""
"org.axonframework.messaging.eventhandling.interception.EventMessageHandlerInterceptorChain","EventMessageHandlerInterceptorChain",8,"53,53,616",8,"1011,28,14",,0,1,9,57,1,10,""
"org.axonframework.messaging.eventhandling.SimpleEventBus","SimpleEventBus",2,"331,331,53",2,"331,21,25",,0,2,8,46,2,8,""
"org.axonframework.messaging.eventhandling.DelegatingEventBus","DelegatingEventBus",2,"281,331,53",2,"506,21,25",,0,2,6,0,,6,""
"org.axonframework.messaging.eventhandling.TransactionMethodExecutionException","TransactionMethodExecutionException",5,"966,794,794",6,"966,41,2",,0,10,1,59,,1,""
"org.axonframework.messaging.eventhandling.gateway.EventPublishingUtils","EventPublishingUtils",1,"4,309,309",3,"276,12,3",,0,1,6,94,2,5,""
"org.axonframework.messaging.eventhandling.gateway.DefaultEventGateway","DefaultEventGateway",2,"331,331,53",2,"331,21,25",,0,2,6,49,1,6,""
"org.axonframework.messaging.eventhandling.annotation.MethodEventHandlerDefinition","MethodEventHandlerDefinition",0,"15,15,1108",5,"101,5,44",,0,1,3,39,,4,""
"org.axonframework.messaging.eventhandling.InterceptingEventSink","InterceptingEventSink",8,"103,703,703",8,"335,28,14",,0,1,9,87,1,11,""
"org.axonframework.messaging.eventhandling.InterceptingEventSink$InterceptingPublisher","InterceptingEventSink$InterceptingPublisher",8,"103,703,703",8,"335,28,14",,0,1,8,67,1,7,""
"org.axonframework.messaging.eventhandling.EventSubscribers","EventSubscribers",2,"331,331,53",2,"331,21,25",,0,2,7,15,1,6,""
"org.axonframework.messaging.eventhandling.replay.annotation.ReplayAwareMessageHandlerWrapper","ReplayAwareMessageHandlerWrapper",0,"15,15,1108",5,"101,5,44",,0,1,4,64,,5,""
"org.axonframework.messaging.eventhandling.replay.annotation.ReplayParameterResolverFactory","ReplayParameterResolverFactory",2,"519,1108,1108",5,"519,173,25",,0,57,3,93,,4,""
"org.axonframework.messaging.eventhandling.replay.annotation.ReplayParameterResolverFactory$ReplayParameterResolver","ReplayParameterResolverFactory$ReplayParameterResolver",2,"519,1108,1108",5,"519,173,25",,0,57,6,1,1,7,""
"org.axonframework.messaging.eventhandling.replay.annotation.ReplayContextParameterResolverFactory","ReplayContextParameterResolverFactory",2,"524,1108,1108",7,"524,173,25",,0,1,3,22,,4,""
"org.axonframework.messaging.eventhandling.replay.annotation.ReplayContextParameterResolverFactory$ReplayContextParameterResolver","ReplayContextParameterResolverFactory$ReplayContextParameterResolver",2,"524,1108,1108",7,"524,173,25",,0,1,6,78,1,6,""
"org.axonframework.messaging.eventhandling.replay.ResetNotSupportedException","ResetNotSupportedException",5,"180,794,794",6,"966,41,2",,0,10,2,16,1,1,""
"org.axonframework.messaging.eventhandling.replay.GenericResetContext","GenericResetContext",1,"4,309,309",3,"276,12,3",,0,1,7,3,,8,""
"org.axonframework.messaging.eventhandling.DelegatingEventHandlingComponent","DelegatingEventHandlingComponent",8,"628,53,616",11,"628,117,19",,0,1,9,71,4,8,""
"org.axonframework.messaging.eventhandling.gateway.EventGateway","EventGateway",2,"331,331,53",2,"331,21,25",,0,2,3,62,2,1,""
"org.axonframework.messaging.eventhandling.processing.streaming.token.TrackingToken","TrackingToken",6,"521,553,553",7,"565,105,49",,0,58,9,13,56,4,""
"org.axonframework.messaging.eventhandling.processing.streaming.token.ReplayToken","ReplayToken",6,"521,553,553",7,"565,105,49",,0,58,6,25,5,2,""
"org.axonframework.messaging.core.annotation.HasHandlerAttributes","HasHandlerAttributes",1,"399,309,309",3,"753,12,3",,0,1,3,37,5,,""
"org.axonframework.messaging.core.SubscribableEventSource","SubscribableEventSource",9,"619,616,616",11,"619,117,19",,0,56,7,2,5,3,""
"org.axonframework.messaging.eventhandling.replay.annotation.ReplayAwareMessageHandlerWrapper$ReplayBlockingMessageHandlingMember","ReplayAwareMessageHandlerWrapper$ReplayBlockingMessageHandlingMember",0,"15,15,1108",5,"101,5,44",,0,1,6,85,1,6,""
"org.axonframework.messaging.eventhandling.replay.annotation.AllowReplay","AllowReplay",0,"531,15,1108",5,"531,5,44",,0,1,2,62,2,1,""
"org.axonframework.messaging.eventhandling.replay.annotation.ReplayContext","ReplayContext",2,"524,1108,1108",7,"524,173,25",,0,1,1,49,1,,""
"org.axonframework.messaging.eventhandling.replay.annotation.ResetHandler","ResetHandler",1,"4,309,309",3,"276,12,3",,0,1,2,69,,2,""
"org.axonframework.messaging.eventhandling.replay.annotation.DisallowReplay","DisallowReplay",0,"531,15,1108",5,"531,5,44",,0,1,1,91,,1,""
"org.axonframework.messaging.eventhandling.replay.ReplayStatus","ReplayStatus",2,"519,1108,1108",5,"519,173,25",,0,57,2,3,2,,""
"org.axonframework.messaging.eventhandling.gateway.ProcessingContextEventAppender","ProcessingContextEventAppender",2,"331,331,53",2,"331,21,25",,0,2,7,56,1,8,""
"org.axonframework.messaging.eventhandling.sequencing.FullConcurrencyPolicy","FullConcurrencyPolicy",8,"53,53,616",8,"1011,28,14",,0,1,3,42,,3,""
"org.axonframework.messaging.eventhandling.sequencing.MetadataSequencingPolicy","MetadataSequencingPolicy",8,"53,53,616",8,"1011,28,14",,0,1,5,72,,5,""
"org.axonframework.messaging.eventhandling.conversion.DelegatingEventConverter","DelegatingEventConverter",0,"15,15,1108",4,"534,76,50",,0,1,7,96,2,7,""
"org.axonframework.messaging.eventhandling.processing.EventProcessingException","EventProcessingException",9,"619,616,616",8,"619,117,19",,0,1,4,59,3,1,""
"org.axonframework.messaging.eventhandling.processing.streaming.token.GapAwareTrackingToken","GapAwareTrackingToken",13,"928,1005,1005",1,"1141,79,14",,0,25,4,65,3,3,""
"org.axonframework.messaging.eventhandling.processing.streaming.token.LatestTrackingToken","LatestTrackingToken",6,"521,553,553",7,"565,105,49",,0,58,2,44,1,1,""
"org.axonframework.messaging.eventhandling.processing.streaming.token.annotation.TrackingTokenParameterResolverFactory$TrackingTokenParameterResolver","TrackingTokenParameterResolverFactory$TrackingTokenParameterResolver",6,"521,553,553",7,"565,105,49",,0,58,5,51,1,5,""
"org.axonframework.messaging.eventhandling.processing.streaming.token.annotation.TrackingTokenParameterResolverFactory","TrackingTokenParameterResolverFactory",6,"521,553,553",7,"565,105,49",,0,58,4,46,,4,""
"org.axonframework.messaging.eventhandling.processing.streaming.token.store.inmemory.InMemoryTokenStore","InMemoryTokenStore",6,"540,553,553",7,"547,105,49",,0,59,8,66,1,11,""
"org.axonframework.messaging.eventhandling.processing.streaming.token.store.jdbc.Oracle11TokenTableFactory","Oracle11TokenTableFactory",6,"553,553,553",7,"553,105,49",,0,11,2,23,,2,""
"org.axonframework.messaging.eventhandling.processing.streaming.token.store.jdbc.TokenSchema","TokenSchema",6,"553,553,553",7,"553,105,49",,0,11,2,57,6,1,""
"org.axonframework.messaging.eventhandling.processing.streaming.token.store.jdbc.TokenSchema$Builder","TokenSchema$Builder",6,"553,553,553",7,"553,105,49",,0,11,2,96,1,1,""
"org.axonframework.messaging.eventhandling.processing.streaming.token.store.jdbc.GenericTokenTableFactory","GenericTokenTableFactory",6,"553,553,553",7,"553,105,49",,0,11,2,54,1,2,""
"org.axonframework.messaging.eventhandling.processing.streaming.token.store.jdbc.JdbcTokenStore","JdbcTokenStore",6,"553,553,553",7,"553,105,49",,0,11,7,72,,21,""
"org.axonframework.messaging.eventhandling.sequencing.FallbackSequencingPolicy","FallbackSequencingPolicy",8,"467,53,616",8,"467,5,44",,0,1,3,49,,3,""
"org.axonframework.messaging.eventhandling.sequencing.ExtractionSequencingPolicy","ExtractionSequencingPolicy",0,"89,15,1108",8,"1011,28,14",,0,1,4,79,1,4,""
"org.axonframework.messaging.eventhandling.sequencing.PropertySequencingPolicy","PropertySequencingPolicy",0,"89,15,1108",0,"89,253,42",,0,0,4,37,,4,""
"org.axonframework.messaging.core.conversion.DelegatingMessageConverter","DelegatingMessageConverter",1,"309,309,309",3,"276,12,3",,0,1,7,52,3,5,""
"org.axonframework.messaging.eventhandling.processing.streaming.token.WrappedToken","WrappedToken",6,"521,553,553",7,"565,105,49",,0,58,5,61,6,1,""
"org.axonframework.messaging.eventhandling.processing.streaming.segmenting.Segment","Segment",6,"553,553,553",7,"553,105,49",,0,11,9,11,23,4,""
"org.axonframework.messaging.eventhandling.processing.streaming.token.GlobalSequenceTrackingToken","GlobalSequenceTrackingToken",6,"521,553,553",7,"565,105,49",,0,58,9,88,8,2,""
"org.axonframework.messaging.eventhandling.processing.EventProcessor","EventProcessor",9,"987,914,914",16,"996,121,8",,0,40,6,74,6,1,""
"org.axonframework.messaging.eventhandling.processing.streaming.token.store.TokenStore","TokenStore",6,"553,553,553",7,"601,105,49",,0,19,9,1,17,3,""
"org.axonframework.messaging.eventhandling.processing.streaming.token.store.jdbc.TokenTableFactory","TokenTableFactory",6,"553,553,553",7,"553,105,49",,0,11,2,0,3,1,""
"org.axonframework.messaging.eventhandling.processing.streaming.token.store.UnableToClaimTokenException","UnableToClaimTokenException",6,"553,553,553",7,"553,105,49",,0,11,4,0,4,1,""
"org.axonframework.messaging.eventhandling.processing.streaming.token.store.UnableToInitializeTokenException","UnableToInitializeTokenException",6,"553,553,553",7,"547,105,49",,0,11,4,57,3,1,""
"org.axonframework.messaging.eventhandling.processing.streaming.token.store.inmemory.InMemoryTokenStore$SegmentAndToken","InMemoryTokenStore$SegmentAndToken",6,"540,553,553",7,"547,105,49",,0,59,3,37,1,2,""
"org.axonframework.messaging.eventhandling.processing.streaming.token.store.inmemory.InMemoryTokenStore$ProcessAndSegmentId","InMemoryTokenStore$ProcessAndSegmentId",6,"540,553,553",7,"547,105,49",,0,59,1,0,1,,""
"org.axonframework.messaging.eventhandling.processing.streaming.token.store.jpa.JpaTokenStore","JpaTokenStore",6,"561,553,553",7,"562,193,49",,0,11,8,86,1,17,""
"org.axonframework.messaging.eventhandling.processing.streaming.token.MergedTrackingToken","MergedTrackingToken",6,"521,553,553",7,"565,105,49",,0,58,4,63,2,2,""
"org.axonframework.messaging.eventhandling.processing.streaming.token.store.ConfigToken","ConfigToken",6,"521,553,553",7,"565,105,49",,0,11,3,77,2,1,""
"org.axonframework.messaging.eventhandling.processing.streaming.token.store.jdbc.JdbcTokenEntry","JdbcTokenEntry",6,"553,553,553",7,"553,105,49",,0,11,5,12,1,5,""
"org.axonframework.messaging.eventhandling.processing.streaming.token.store.jdbc.PostgresTokenTableFactory","PostgresTokenTableFactory",6,"553,553,553",7,"553,105,49",,0,11,1,81,,1,""
"org.axonframework.messaging.eventhandling.processing.streaming.token.store.jpa.TokenEntry$PK","TokenEntry$PK",6,"561,553,553",7,"562,193,49",,0,11,2,63,2,,""
"org.axonframework.messaging.eventhandling.processing.streaming.token.store.jpa.TokenEntry","TokenEntry",6,"561,553,553",7,"562,193,49",,0,11,5,36,1,6,""
"org.axonframework.messaging.core.Context","Context",8,"103,703,703",8,"335,28,14",,0,1,9,27,24,4,""
"org.axonframework.messaging.eventhandling.processing.streaming.token.FirstTrackingToken","FirstTrackingToken",6,"521,553,553",7,"565,105,49",,0,58,2,89,1,1,""
"org.axonframework.messaging.eventhandling.processing.streaming.token.store.jdbc.JdbcTokenStoreConfiguration","JdbcTokenStoreConfiguration",6,"553,553,553",7,"553,105,49",,0,11,2,75,1,2,""
"org.axonframework.messaging.eventhandling.processing.streaming.token.store.jpa.JpaTokenStoreConfiguration","JpaTokenStoreConfiguration",6,"561,553,553",7,"562,193,49",,0,11,3,30,2,1,""
"org.axonframework.messaging.eventhandling.processing.streaming.token.store.UnableToRetrieveIdentifierException","UnableToRetrieveIdentifierException",6,"553,553,553",7,"553,105,49",,0,11,3,16,2,1,""
"org.axonframework.messaging.eventstreaming.TrackingTokenSource","TrackingTokenSource",9,"616,616,616",7,"601,105,49",,0,19,7,38,6,2,""
"org.axonframework.messaging.eventhandling.processing.streaming.segmenting.EventTrackerStatus","EventTrackerStatus",9,"642,914,914",16,"570,121,8",,0,60,6,69,8,2,""
"org.axonframework.messaging.eventhandling.configuration.EventProcessorConfiguration","EventProcessorConfiguration",9,"616,616,616",11,"616,117,19",,0,14,9,85,8,21,""
"org.axonframework.messaging.eventstreaming.StreamableEventSource","StreamableEventSource",9,"616,616,616",7,"601,105,49",,0,19,9,65,7,5,""
"org.axonframework.messaging.eventhandling.processing.streaming.pooled.MaxSegmentProvider","MaxSegmentProvider",9,"616,616,616",7,"601,105,49",,0,19,5,31,5,,""
"org.axonframework.messaging.eventstreaming.EventCriteria","EventCriteria",13,"584,584,1005",1,"586,103,14",,0,63,9,96,28,8,""
"org.axonframework.messaging.eventhandling.processing.errorhandling.ErrorHandler","ErrorHandler",9,"616,616,616",8,"616,117,19",,0,1,6,87,7,1,""
"org.axonframework.messaging.eventhandling.tracing.EventProcessorSpanFactory","EventProcessorSpanFactory",9,"616,616,616",11,"616,117,19",,0,14,5,93,4,2,""
"org.axonframework.messaging.eventhandling.processing.streaming.pooled.EventSchedulingProcessingContext","EventSchedulingProcessingContext",2,"331,331,53",2,"331,21,25",,0,2,8,8,2,7,""
"org.axonframework.messaging.core.ConfigurationApplicationContext","ConfigurationApplicationContext",3,"674,154,154",4,"674,49,29",,0,3,5,26,2,3,""
"org.axonframework.messaging.core.EmptyApplicationContext","EmptyApplicationContext",9,"616,616,616",11,"616,117,19",,0,14,5,26,3,2,""
"org.axonframework.messaging.eventstreaming.EventTypeRestrictableEventCriteria","EventTypeRestrictableEventCriteria",13,"584,584,1005",1,"586,103,14",,0,63,8,35,6,4,""
"org.axonframework.messaging.eventhandling.processing.streaming.pooled.Coordinator$NoToken","Coordinator$NoToken",6,"521,553,553",7,"565,105,49",,0,58,3,80,2,1,""
"org.axonframework.messaging.eventhandling.processing.streaming.pooled.Coordinator$RunState","Coordinator$RunState",6,"601,553,553",7,"601,105,49",,0,19,3,90,2,1,""
"org.axonframework.messaging.eventhandling.processing.streaming.pooled.Coordinator","Coordinator",6,"601,553,553",7,"601,105,49",,0,19,9,77,3,23,""
"org.axonframework.messaging.eventhandling.processing.streaming.pooled.WorkPackage","WorkPackage",6,"521,553,553",7,"601,105,49",,0,19,9,14,8,22,""
"org.axonframework.messaging.eventhandling.processing.streaming.pooled.CoordinatorTask","CoordinatorTask",6,"601,553,553",7,"601,105,49",,0,19,5,38,5,,""
"org.axonframework.messaging.eventstreaming.StreamingCondition","StreamingCondition",13,"612,584,1005",1,"612,103,14",,0,62,9,29,13,5,""
"org.axonframework.messaging.eventhandling.processing.streaming.segmenting.TrackerStatus","TrackerStatus",6,"521,553,553",7,"601,105,49",,0,19,9,38,7,6,""
"org.axonframework.messaging.eventhandling.configuration.EventProcessorModule","EventProcessorModule",9,"619,616,616",11,"616,117,19",,0,14,8,58,6,7,""
"org.axonframework.messaging.eventhandling.configuration.EventProcessorModule$EventHandlingPhase","EventProcessorModule$EventHandlingPhase",9,"619,616,616",11,"616,117,19",,0,14,8,73,5,5,""
"org.axonframework.messaging.eventhandling.configuration.EventProcessorModule$CustomizationPhase","EventProcessorModule$CustomizationPhase",9,"619,616,616",11,"616,117,19",,0,14,8,52,6,3,""
"org.axonframework.messaging.eventhandling.configuration.EventHandlingComponentsConfigurer$CompletePhase","EventHandlingComponentsConfigurer$CompletePhase",8,"628,53,616",11,"628,117,19",,0,1,8,79,8,3,""
"org.axonframework.messaging.eventhandling.configuration.EventHandlingComponentsConfigurer$RequiredComponentPhase","EventHandlingComponentsConfigurer$RequiredComponentPhase",9,"619,616,616",11,"616,117,19",,0,14,6,95,7,2,""
"org.axonframework.messaging.eventhandling.processing.streaming.pooled.PooledStreamingEventProcessor","PooledStreamingEventProcessor",9,"616,616,616",7,"601,105,49",,0,19,9,25,1,35,""
"org.axonframework.messaging.eventhandling.configuration.EventProcessorCustomization","EventProcessorCustomization",9,"616,616,616",11,"616,117,19",,0,14,5,22,3,2,""
"org.axonframework.messaging.eventhandling.configuration.DefaultEventHandlingComponentsConfigurer","DefaultEventHandlingComponentsConfigurer",8,"628,53,616",11,"628,117,19",,0,1,7,80,2,7,""
"org.axonframework.messaging.eventhandling.processing.streaming.segmenting.SequenceCachingEventHandlingComponent","SequenceCachingEventHandlingComponent",8,"632,53,616",11,"633,117,19",,0,1,8,52,2,7,""
"org.axonframework.messaging.eventhandling.processing.streaming.pooled.WorkPackage$EventFilter","WorkPackage$EventFilter",6,"521,553,553",7,"601,105,49",,0,19,7,42,4,3,""
"org.axonframework.messaging.eventhandling.processing.ProcessorEventHandlingComponents","ProcessorEventHandlingComponents",8,"628,53,616",8,"335,28,14",,0,1,9,92,3,10,""
"org.axonframework.messaging.eventhandling.processing.errorhandling.ErrorContext","ErrorContext",8,"53,53,616",8,"335,28,14",,0,1,6,29,5,2,""
"org.axonframework.messaging.eventhandling.processing.streaming.segmenting.SegmentMatcher","SegmentMatcher",8,"53,53,616",8,"467,5,44",,0,1,6,81,1,5,""
"org.axonframework.messaging.eventhandling.configuration.EventProcessingConfigurer","EventProcessingConfigurer",9,"616,616,616",11,"616,117,19",,0,14,9,17,3,9,""
"org.axonframework.messaging.eventhandling.processing.streaming.StreamingEventProcessor","StreamingEventProcessor",9,"987,914,914",16,"996,121,8",,0,40,6,65,4,4,""
"org.axonframework.messaging.eventhandling.processing.streaming.pooled.PooledStreamingEventProcessorModule$Customization","PooledStreamingEventProcessorModule$Customization",9,"616,616,616",11,"616,117,19",,0,14,4,8,2,2,""
"org.axonframework.messaging.eventhandling.processing.streaming.pooled.PooledStreamingEventProcessorConfiguration","PooledStreamingEventProcessorConfiguration",9,"616,616,616",11,"616,117,19",,0,14,9,60,5,27,""
"org.axonframework.messaging.eventhandling.processing.streaming.pooled.Coordinator$CoordinationTask","Coordinator$CoordinationTask",6,"601,553,553",7,"601,105,49",,0,19,9,18,1,22,""
"org.axonframework.messaging.eventhandling.processing.streaming.pooled.Coordinator$Builder","Coordinator$Builder",9,"616,616,616",7,"601,105,49",,0,19,9,34,2,14,""
"org.axonframework.messaging.eventhandling.processing.streaming.pooled.PooledStreamingEventProcessorModule","PooledStreamingEventProcessorModule",9,"616,616,616",11,"616,117,19",,0,14,9,19,2,26,""
"org.axonframework.messaging.eventhandling.processing.streaming.pooled.SplitTask","SplitTask",6,"521,553,553",7,"601,105,49",,0,19,9,54,1,10,""
"org.axonframework.messaging.eventhandling.processing.streaming.pooled.DefaultWorkPackageEventFilter","DefaultWorkPackageEventFilter",8,"53,53,616",8,"335,28,14",,0,1,7,33,1,10,""
"org.axonframework.messaging.eventhandling.processing.streaming.pooled.PooledStreamingEventProcessorsConfigurer","PooledStreamingEventProcessorsConfigurer",9,"616,616,616",11,"616,117,19",,0,14,9,18,1,16,""
"org.axonframework.messaging.eventhandling.processing.streaming.segmenting.SequenceCachingEventHandlingComponent$SequenceIdentifiersCache","SequenceCachingEventHandlingComponent$SequenceIdentifiersCache",8,"632,53,616",11,"633,117,19",,0,1,1,20,1,,""
"org.axonframework.messaging.core.ApplicationContext","ApplicationContext",2,"442,331,53",2,"442,21,25",,0,2,5,60,7,,""
"org.axonframework.messaging.core.unitofwork.ProcessingLifecycle","ProcessingLifecycle",2,"331,331,53",2,"331,21,25",,0,2,8,86,9,5,""
"org.axonframework.messaging.eventhandling.processing.streaming.pooled.MergeTask","MergeTask",6,"553,553,553",7,"553,105,49",,0,11,9,0,1,10,""
"org.axonframework.messaging.eventhandling.processing.streaming.pooled.WorkPackage$DefaultProcessingEntry","WorkPackage$DefaultProcessingEntry",6,"521,553,553",7,"601,105,49",,0,1,4,21,1,4,""
"org.axonframework.messaging.eventhandling.processing.streaming.segmenting.AddedTrackerStatus","AddedTrackerStatus",9,"642,914,914",16,"570,121,8",,0,60,2,23,,2,""
"org.axonframework.messaging.eventhandling.processing.streaming.segmenting.WrappedTrackerStatus","WrappedTrackerStatus",9,"642,914,914",16,"570,121,8",,0,60,3,40,2,3,""
"org.axonframework.messaging.eventhandling.processing.streaming.segmenting.RemovedTrackerStatus","RemovedTrackerStatus",9,"642,914,914",16,"570,121,8",,0,60,2,93,,2,""
"org.axonframework.messaging.eventhandling.processing.streaming.pooled.ClaimTask","ClaimTask",6,"601,553,553",7,"601,105,49",,0,19,8,91,1,8,""
"org.axonframework.messaging.eventhandling.processing.streaming.pooled.WorkPackage$BatchProcessingEntry","WorkPackage$BatchProcessingEntry",6,"610,553,553",7,"610,105,49",,0,65,4,17,1,3,""
"org.axonframework.messaging.eventhandling.processing.streaming.pooled.WorkPackage$Builder","WorkPackage$Builder",6,"521,553,553",7,"601,105,49",,0,19,9,62,2,12,""
"org.axonframework.messaging.eventhandling.processing.streaming.segmenting.EventTrackerStatusChangeListener","EventTrackerStatusChangeListener",9,"642,914,914",16,"570,121,8",,0,60,1,85,,1,""
"org.axonframework.messaging.eventhandling.processing.streaming.pooled.WorkPackage$BatchProcessor","WorkPackage$BatchProcessor",6,"521,553,553",7,"601,105,49",,0,19,7,94,3,4,""
"org.axonframework.messaging.eventhandling.processing.streaming.pooled.WorkPackage$ProcessingEntry","WorkPackage$ProcessingEntry",6,"610,553,553",7,"610,105,49",,0,65,4,40,3,2,""
"org.axonframework.messaging.eventhandling.processing.streaming.segmenting.SequencingEventHandlingComponent","SequencingEventHandlingComponent",8,"628,53,616",8,"335,28,14",,0,1,9,84,1,10,""
"org.axonframework.messaging.eventhandling.processing.streaming.segmenting.SequenceOverridingEventHandlingComponent","SequenceOverridingEventHandlingComponent",8,"628,53,616",11,"628,117,19",,0,1,8,63,,10,""
"org.axonframework.messaging.eventhandling.processing.subscribing.SubscribingEventProcessorModule","SubscribingEventProcessorModule",9,"619,616,616",11,"619,117,19",,0,56,9,38,2,22,""
"org.axonframework.messaging.eventhandling.processing.subscribing.SubscribingEventProcessorConfiguration","SubscribingEventProcessorConfiguration",9,"619,616,616",11,"619,117,19",,0,56,9,51,5,13,""
"org.axonframework.messaging.eventhandling.processing.subscribing.SubscribingEventProcessor","SubscribingEventProcessor",9,"619,616,616",8,"619,117,19",,0,1,9,90,3,19,""
"org.axonframework.messaging.eventhandling.processing.subscribing.SubscribingEventProcessorsConfigurer","SubscribingEventProcessorsConfigurer",9,"619,616,616",11,"619,117,19",,0,56,8,41,1,14,""
"org.axonframework.messaging.eventhandling.tracing.DefaultEventBusSpanFactory","DefaultEventBusSpanFactory",1,"648,940,309",3,"650,63,3",,0,67,4,2,1,6,""
"org.axonframework.messaging.eventhandling.tracing.DefaultEventBusSpanFactory$Builder","DefaultEventBusSpanFactory$Builder",1,"648,940,309",3,"650,63,3",,0,67,4,52,1,3,""
"org.axonframework.messaging.eventhandling.tracing.TracingEventHandlingComponent","TracingEventHandlingComponent",1,"827,940,309",3,"828,63,3",,0,1,7,42,,9,""
"org.axonframework.messaging.eventhandling.tracing.DefaultEventProcessorSpanFactory","DefaultEventProcessorSpanFactory",9,"576,616,616",11,"580,117,19",,0,61,5,62,2,7,""
"org.axonframework.messaging.eventhandling.tracing.DefaultEventProcessorSpanFactory$Builder","DefaultEventProcessorSpanFactory$Builder",9,"576,616,616",11,"580,117,19",,0,61,5,35,2,3,""
"org.axonframework.messaging.eventhandling.InterceptingEventBus","InterceptingEventBus",2,"281,331,53",2,"506,21,25",,0,1,8,1,2,8,""
"org.axonframework.messaging.eventhandling.configuration.EventBusConfigurationDefaults","EventBusConfigurationDefaults",2,"281,331,53",2,"506,21,25",,0,2,8,28,2,7,""
"org.axonframework.messaging.tracing.SpanScope","SpanScope",1,"827,940,309",3,"828,63,3",,0,53,3,25,5,,""
"org.axonframework.messaging.tracing.NoOpSpanFactory$NoOpSpan","NoOpSpanFactory$NoOpSpan",1,"579,940,309",3,"652,63,3",,0,1,3,54,2,2,""
"org.axonframework.messaging.core.interception.DispatchInterceptorRegistry","DispatchInterceptorRegistry",3,"674,154,154",4,"674,49,29",,0,3,9,93,6,10,""
"org.axonframework.messaging.tracing.NoOpSpanFactory","NoOpSpanFactory",1,"579,940,309",3,"652,63,3",,0,1,5,31,1,5,""
"org.axonframework.messaging.core.unitofwork.SimpleUnitOfWorkFactory","SimpleUnitOfWorkFactory",9,"573,616,616",11,"573,21,25",,0,29,5,67,2,4,""
"org.axonframework.messaging.core.interception.HandlerInterceptorRegistry","HandlerInterceptorRegistry",3,"674,154,154",4,"674,49,29",,0,3,9,95,6,9,""
"org.axonframework.messaging.eventhandling.processing.subscribing.SubscribingEventProcessorModule$Customization","SubscribingEventProcessorModule$Customization",9,"619,616,616",11,"619,117,19",,0,56,4,97,2,2,""
"org.axonframework.messaging.eventhandling.tracing.EventBusSpanFactory","EventBusSpanFactory",8,"53,53,616",8,"1011,28,14",,0,1,3,87,1,2,""
"org.axonframework.messaging.eventhandling.configuration.EventHandlingComponentsConfigurer$AdditionalComponentPhase","EventHandlingComponentsConfigurer$AdditionalComponentPhase",8,"624,53,616",11,"625,117,19",,0,66,5,18,4,2,""
"org.axonframework.messaging.eventhandling.configuration.EventHandlingComponentsConfigurer","EventHandlingComponentsConfigurer",8,"624,53,616",11,"625,117,19",,0,66,4,48,,4,""
"org.axonframework.messaging.eventhandling.processing.errorhandling.PropagatingErrorHandler","PropagatingErrorHandler",9,"616,616,616",8,"616,117,19",,0,1,4,98,1,3,""
"org.axonframework.messaging.eventhandling.configuration.EventHandlingComponentsConfigurer$ComponentsPhase","EventHandlingComponentsConfigurer$ComponentsPhase",8,"624,53,616",11,"625,117,19",,0,66,6,67,3,6,""
"org.axonframework.messaging.queryhandling.QueryResponseMessage","QueryResponseMessage",1,"309,309,309",9,"703,80,70",,0,1,9,99,29,4,""
"org.axonframework.messaging.queryhandling.distributed.QueryBusConnector","QueryBusConnector",1,"664,703,703",9,"703,80,70",,0,41,9,60,6,8,""
"org.axonframework.messaging.queryhandling.distributed.QueryBusConnector$UpdateCallback","QueryBusConnector$UpdateCallback",1,"668,703,703",9,"703,80,70",,0,41,7,39,8,1,""
"org.axonframework.messaging.eventhandling.configuration.SubscribableEventSourceDefinition","SubscribableEventSourceDefinition",9,"619,616,616",11,"619,117,19",,0,56,2,99,,2,""
"org.axonframework.messaging.eventstreaming.EventCriterion","EventCriterion",13,"584,584,1005",1,"586,103,14",,0,63,8,99,8,3,""
"org.axonframework.messaging.eventstreaming.EventsCondition","EventsCondition",13,"1128,1005,1005",1,"1129,116,14",,0,58,8,40,7,3,""
"org.axonframework.messaging.queryhandling.distributed.DistributedQueryBusConfiguration","DistributedQueryBusConfiguration",7,"661,432,47",0,"661,80,70",,0,21,4,0,3,3,""
"org.axonframework.messaging.eventstreaming.Tag","Tag",13,"588,584,1005",1,"1132,103,14",,0,64,8,0,20,3,""
"org.axonframework.messaging.eventstreaming.TagAndTypeFilteredEventCriteria","TagAndTypeFilteredEventCriteria",13,"584,584,1005",1,"586,103,14",,0,63,8,63,2,6,""
"org.axonframework.messaging.eventstreaming.TagFilteredEventCriteria","TagFilteredEventCriteria",13,"584,584,1005",1,"586,103,14",,0,63,8,34,2,8,""
"org.axonframework.messaging.eventstreaming.StartingFrom","StartingFrom",13,"612,584,1005",1,"612,103,14",,0,62,5,7,1,4,""
"org.axonframework.messaging.eventstreaming.DefaultStreamingCondition","DefaultStreamingCondition",13,"612,584,1005",1,"612,103,14",,0,62,5,57,2,3,""
"org.axonframework.messaging.queryhandling.distributed.PayloadConvertingQueryBusConnector","PayloadConvertingQueryBusConnector",1,"666,703,703",9,"703,80,70",,0,41,8,31,3,11,""
"org.axonframework.messaging.queryhandling.distributed.DelegatingQueryBusConnector","DelegatingQueryBusConnector",1,"664,703,703",9,"703,80,70",,0,41,8,93,1,8,""
"org.axonframework.messaging.queryhandling.distributed.PayloadConvertingQueryBusConnector$1$1","PayloadConvertingQueryBusConnector$1$1",1,"666,703,703",9,"703,80,70",,0,41,6,46,2,4,""
"org.axonframework.messaging.queryhandling.distributed.DistributedQueryBusConfigurationEnhancer","DistributedQueryBusConfigurationEnhancer",1,"689,703,703",9,"703,80,70",,0,41,8,8,,12,""
"org.axonframework.messaging.queryhandling.distributed.DistributedQueryBus","DistributedQueryBus",1,"668,703,703",9,"703,80,70",,0,41,9,70,2,18,""
"org.axonframework.messaging.queryhandling.distributed.DistributedQueryBus$DistributedHandler","DistributedQueryBus$DistributedHandler",1,"668,703,703",9,"703,80,70",,0,41,8,48,1,10,""
"org.axonframework.messaging.eventstreaming.AnyEvent","AnyEvent",13,"584,584,1005",1,"586,103,14",,0,63,8,10,4,6,""
"org.axonframework.messaging.eventstreaming.OrEventCriteria","OrEventCriteria",13,"584,584,1005",1,"586,103,14",,0,63,8,54,4,5,""
"org.axonframework.messaging.eventstreaming.OrEventCriteriaBuilder","OrEventCriteriaBuilder",13,"584,584,1005",1,"586,103,14",,0,63,5,82,1,5,""
"org.axonframework.messaging.eventstreaming.EventTypeRestrictableOrEventCriteria","EventTypeRestrictableOrEventCriteria",13,"584,584,1005",1,"586,103,14",,0,63,5,80,1,4,""
"org.axonframework.messaging.queryhandling.distributed.PayloadConvertingQueryBusConnector$1","PayloadConvertingQueryBusConnector$1",1,"666,703,703",9,"703,80,70",,0,41,7,64,2,8,""
"org.axonframework.messaging.queryhandling.distributed.QueryBusConnector$Handler","QueryBusConnector$Handler",1,"666,703,703",9,"703,80,70",,0,41,8,98,8,5,""
"org.axonframework.messaging.queryhandling.QueryBus","QueryBus",1,"689,703,703",9,"703,80,70",,0,41,9,73,15,7,""
"org.axonframework.messaging.core.DelayedMessageStream","DelayedMessageStream",8,"103,703,703",8,"335,28,14",,0,1,8,50,7,7,""
"org.axonframework.messaging.queryhandling.QueryHandler","QueryHandler",1,"703,703,703",9,"703,80,70",,0,41,9,94,13,5,""
"org.axonframework.messaging.core.configuration.MessagingConfigurer","MessagingConfigurer",3,"154,154,154",4,"154,169,29",,0,8,9,77,3,33,""
"org.axonframework.messaging.queryhandling.QueryHandlerRegistry","QueryHandlerRegistry",1,"682,703,703",9,"703,80,70",,0,1,7,60,5,3,""
"org.axonframework.messaging.queryhandling.QueryHandlingComponent","QueryHandlingComponent",1,"682,703,703",9,"682,88,70",,0,1,7,0,5,2,""
"org.axonframework.messaging.queryhandling.NoHandlerForQueryException","NoHandlerForQueryException",1,"703,703,703",9,"703,80,70",,0,41,5,64,3,2,""
"org.axonframework.messaging.queryhandling.QueryUpdateEmitter","QueryUpdateEmitter",2,"331,331,53",2,"331,21,25",,0,1,9,50,4,8,""
"org.axonframework.messaging.queryhandling.GenericQueryResponseMessage","GenericQueryResponseMessage",1,"4,309,309",3,"276,12,3",,0,1,9,45,2,9,""
"org.axonframework.messaging.queryhandling.QueryExecutionException","QueryExecutionException",5,"438,794,794",6,"438,41,2",,0,1,3,63,3,1,""
"org.axonframework.messaging.queryhandling.SimpleQueryHandlingComponent","SimpleQueryHandlingComponent",1,"682,703,703",9,"682,88,70",,0,1,9,8,2,14,""
"org.axonframework.messaging.queryhandling.QueryUpdateEmitterParameterResolverFactory","QueryUpdateEmitterParameterResolverFactory",2,"683,331,53",2,"684,21,25",,0,68,5,1,2,5,""
"org.axonframework.messaging.queryhandling.QueryUpdateEmitterParameterResolverFactory$1","QueryUpdateEmitterParameterResolverFactory$1",2,"683,331,53",2,"684,21,25",,0,68,5,11,1,4,""
"org.axonframework.messaging.queryhandling.annotation.MethodQueryHandlerDefinition","MethodQueryHandlerDefinition",0,"15,15,1108",5,"101,5,44",,0,1,3,73,,3,""
"org.axonframework.messaging.queryhandling.CompletedEmitterException","CompletedEmitterException",5,"180,794,794",6,"966,41,2",,0,10,1,68,,1,""
"org.axonframework.messaging.queryhandling.GenericQueryMessage","GenericQueryMessage",1,"4,309,309",3,"276,12,3",,0,1,9,92,2,8,""
"org.axonframework.messaging.queryhandling.interception.InterceptingQueryBus","InterceptingQueryBus",1,"689,703,703",9,"703,80,70",,0,41,9,84,1,18,""
"org.axonframework.messaging.queryhandling.interception.InterceptingQueryBus$QueryInterceptingDispatcher","InterceptingQueryBus$QueryInterceptingDispatcher",1,"689,703,703",9,"703,80,70",,0,41,7,15,1,6,""
"org.axonframework.messaging.queryhandling.interception.InterceptingQueryBus$SubscriptionQueryInterceptingDispatcher","InterceptingQueryBus$SubscriptionQueryInterceptingDispatcher",1,"689,703,703",9,"703,80,70",,0,41,8,34,1,7,""
"org.axonframework.messaging.queryhandling.interception.InterceptingQueryBus$SubscribeToUpdatesInterceptingDispatcher","InterceptingQueryBus$SubscribeToUpdatesInterceptingDispatcher",1,"689,703,703",9,"703,80,70",,0,41,8,44,1,7,""
"org.axonframework.messaging.queryhandling.interception.InterceptingQueryBus$InterceptingResponseUpdateDispatcher","InterceptingQueryBus$InterceptingResponseUpdateDispatcher",1,"689,703,703",8,"335,28,14",,0,1,8,70,1,7,""
"org.axonframework.messaging.queryhandling.interception.InterceptingQueryBus$InterceptingHandler","InterceptingQueryBus$InterceptingHandler",1,"703,703,703",9,"703,80,70",,0,41,8,29,1,7,""
"org.axonframework.messaging.queryhandling.interception.QueryMessageHandlerInterceptorChain","QueryMessageHandlerInterceptorChain",1,"703,703,703",9,"703,80,70",,0,41,9,38,1,10,""
"org.axonframework.messaging.queryhandling.annotation.Query","Query",1,"401,309,309",9,"494,80,70",,0,1,2,28,,2,""
"org.axonframework.messaging.queryhandling.annotation.QueryHandler","QueryHandler",1,"756,1108,1108",3,"756,12,3",,0,1,3,62,1,2,""
"org.axonframework.messaging.queryhandling.annotation.QueryResponse","QueryResponse",1,"401,309,309",9,"494,80,70",,0,1,2,59,,2,""
"org.axonframework.messaging.queryhandling.annotation.AnnotatedQueryHandlingComponent","AnnotatedQueryHandlingComponent",0,"15,15,1108",5,"101,5,44",,0,1,9,37,1,21,""
"org.axonframework.messaging.queryhandling.annotation.MethodQueryHandlerDefinition$MethodQueryHandlingMember","MethodQueryHandlerDefinition$MethodQueryHandlingMember",0,"15,15,1108",5,"101,5,44",,0,1,7,19,1,10,""
"org.axonframework.messaging.queryhandling.annotation.QueryHandlingMember","QueryHandlingMember",0,"15,15,1108",5,"101,5,44",,0,1,4,47,2,2,""
"org.axonframework.messaging.queryhandling.interception.QueryMessageHandlerInterceptorChain$InterceptingHandler","QueryMessageHandlerInterceptorChain$InterceptingHandler",1,"703,703,703",9,"703,80,70",,0,41,9,50,1,8,""
"org.axonframework.messaging.queryhandling.SimpleQueryUpdateEmitter","SimpleQueryUpdateEmitter",1,"991,309,309",9,"703,0,20",,0,1,9,20,1,12,""
"org.axonframework.messaging.queryhandling.GenericSubscriptionQueryUpdateMessage","GenericSubscriptionQueryUpdateMessage",1,"4,309,309",3,"276,12,3",,0,1,9,27,2,10,""
"org.axonframework.messaging.queryhandling.SimpleQueryBus","SimpleQueryBus",1,"703,703,703",9,"703,80,70",,0,41,9,26,1,22,""
"org.axonframework.messaging.queryhandling.gateway.DefaultQueryGateway","DefaultQueryGateway",8,"103,703,703",9,"703,80,70",,0,1,9,96,1,16,""
"org.axonframework.messaging.core.QueueMessageStream","QueueMessageStream",1,"703,703,703",9,"703,80,70",,0,41,6,12,1,5,""
"org.axonframework.messaging.core.FluxUtils","FluxUtils",8,"103,703,703",8,"335,28,14",,0,1,7,31,3,7,""
"org.axonframework.messaging.queryhandling.DuplicateQueryHandlerSubscriptionException","DuplicateQueryHandlerSubscriptionException",1,"703,703,703",9,"703,80,70",,0,41,3,84,1,2,""
"org.axonframework.messaging.queryhandling.SubscriptionQueryAlreadyRegisteredException","SubscriptionQueryAlreadyRegisteredException",1,"703,703,703",9,"703,80,70",,0,41,1,8,1,,""
"org.axonframework.messaging.queryhandling.tracing.QueryUpdateEmitterSpanFactory","QueryUpdateEmitterSpanFactory",1,"309,309,309",9,"703,80,70",,0,1,3,5,1,2,""
"org.axonframework.messaging.queryhandling.gateway.QueryGateway","QueryGateway",2,"331,331,53",2,"331,21,25",,0,2,5,93,2,3,""
"org.axonframework.messaging.queryhandling.QueryPriorityCalculator","QueryPriorityCalculator",3,"674,154,154",4,"674,49,29",,0,3,3,46,2,1,""
"org.axonframework.messaging.queryhandling.tracing.DefaultQueryBusSpanFactory$Builder","DefaultQueryBusSpanFactory$Builder",1,"827,940,309",3,"828,63,3",,0,53,4,1,1,3,""
"org.axonframework.messaging.queryhandling.tracing.DefaultQueryBusSpanFactory","DefaultQueryBusSpanFactory",1,"827,940,309",3,"828,63,3",,0,53,5,98,1,7,""
"org.axonframework.messaging.queryhandling.tracing.DefaultQueryUpdateEmitterSpanFactory$Builder","DefaultQueryUpdateEmitterSpanFactory$Builder",1,"718,940,309",3,"718,63,3",,0,69,4,4,1,3,""
"org.axonframework.messaging.queryhandling.tracing.DefaultQueryUpdateEmitterSpanFactory","DefaultQueryUpdateEmitterSpanFactory",1,"718,940,309",3,"718,63,3",,0,69,4,66,1,6,""
"org.axonframework.messaging.queryhandling.configuration.SimpleQueryHandlingModule","SimpleQueryHandlingModule",1,"682,703,703",4,"682,88,70",,0,1,9,23,1,16,""
"org.axonframework.messaging.core.ConversionCache","ConversionCache",1,"4,309,309",3,"276,12,3",,0,1,3,33,1,3,""
"org.axonframework.messaging.core.RemoteExceptionDescription","RemoteExceptionDescription",5,"794,794,794",6,"794,41,2",,0,70,3,40,6,1,""
"org.axonframework.messaging.core.annotation.AnnotatedMessageHandlingMemberDefinition","AnnotatedMessageHandlingMemberDefinition",8,"103,703,703",5,"335,173,25",,0,1,7,40,,8,""
"org.axonframework.messaging.core.annotation.AggregateTypeParameterResolverFactory$AggregateTypeParameterResolver","AggregateTypeParameterResolverFactory$AggregateTypeParameterResolver",2,"331,331,53",2,"331,21,25",,0,2,5,72,1,5,""
"org.axonframework.messaging.core.annotation.DefaultParameterResolverFactory$MessageParameterResolver","DefaultParameterResolverFactory$MessageParameterResolver",1,"4,309,309",3,"276,12,3",,0,1,4,62,1,3,""
"org.axonframework.messaging.queryhandling.tracing.QueryBusSpanFactory","QueryBusSpanFactory",1,"827,940,309",9,"703,80,70",,0,41,4,49,1,3,""
"org.axonframework.messaging.queryhandling.configuration.QueryHandlingModule$QueryHandlerPhase","QueryHandlingModule$QueryHandlerPhase",1,"682,703,703",4,"682,88,70",,0,1,8,83,3,11,""
"org.axonframework.messaging.queryhandling.configuration.QueryHandlingModule","QueryHandlingModule",1,"682,703,703",4,"682,88,70",,0,1,8,0,5,5,""
"org.axonframework.messaging.queryhandling.configuration.QueryHandlingModule$SetupPhase","QueryHandlingModule$SetupPhase",1,"682,703,703",4,"682,88,70",,0,1,3,91,2,1,""
"org.axonframework.messaging.core.OnNextMessageStream","OnNextMessageStream",8,"103,703,703",8,"335,28,14",,0,1,6,76,2,5,""
"org.axonframework.messaging.core.ConcatenatingMessageStream","ConcatenatingMessageStream",8,"103,703,703",8,"335,28,14",,0,1,4,43,1,3,""
"org.axonframework.messaging.core.MappedMessageStream","MappedMessageStream",8,"103,703,703",8,"335,28,14",,0,1,6,47,2,5,""
"org.axonframework.messaging.core.TruncateFirstMessageStream","TruncateFirstMessageStream",8,"103,703,703",8,"335,28,14",,0,1,6,88,1,5,""
"org.axonframework.messaging.core.DelegatingMessageStream","DelegatingMessageStream",8,"103,703,703",8,"335,28,14",,0,1,6,92,6,2,""
"org.axonframework.messaging.core.OnNextMessageStream$Single","OnNextMessageStream$Single",8,"103,703,703",8,"335,28,14",,0,1,6,13,2,4,""
"org.axonframework.messaging.core.ConversionCache$Target","ConversionCache$Target",1,"4,309,309",3,"276,12,3",,0,1,2,4,1,1,""
"org.axonframework.messaging.core.DelayedMessageStream$Single","DelayedMessageStream$Single",8,"103,703,703",8,"335,28,14",,0,1,5,16,2,3,""
"org.axonframework.messaging.core.DelayedMessageStream$Empty","DelayedMessageStream$Empty",8,"103,703,703",8,"335,28,14",,0,1,4,83,1,3,""
"org.axonframework.messaging.core.MappedMessageStream$Single","MappedMessageStream$Single",8,"103,703,703",8,"335,28,14",,0,1,6,19,2,4,""
"org.axonframework.messaging.core.annotation.MethodInvokingMessageHandlingMember","MethodInvokingMessageHandlingMember",8,"103,703,703",5,"335,173,25",,0,1,8,48,1,15,""
"org.axonframework.messaging.core.annotation.HandlerComparator","HandlerComparator",0,"15,15,1108",5,"101,5,44",,0,1,2,82,1,1,""
"org.axonframework.messaging.core.interception.annotation.MessageInterceptingMember","MessageInterceptingMember",0,"15,15,1108",5,"101,5,44",,0,1,5,62,3,2,""
"org.axonframework.messaging.core.interception.annotation.NoMoreInterceptors","NoMoreInterceptors",0,"15,15,1108",5,"101,5,44",,0,1,7,6,2,5,""
"org.axonframework.messaging.core.annotation.ChainedMessageHandlerInterceptorMember","ChainedMessageHandlerInterceptorMember",0,"15,15,1108",5,"101,5,44",,0,1,7,17,1,6,""
"org.axonframework.messaging.core.annotation.MessageStreamResolverUtils","MessageStreamResolverUtils",1,"4,309,309",3,"276,12,3",,0,1,7,17,1,9,""
"org.axonframework.messaging.core.annotation.MultiHandlerDefinition","MultiHandlerDefinition",0,"419,15,1108",5,"419,5,44",,0,15,5,1,1,8,""
"org.axonframework.messaging.core.MonoUtils","MonoUtils",8,"103,703,703",8,"335,28,14",,0,1,5,0,1,4,""
"org.axonframework.messaging.core.unitofwork.ResourceOverridingProcessingContext","ResourceOverridingProcessingContext",2,"331,331,53",2,"331,21,25",,0,2,7,47,3,5,""
"org.axonframework.messaging.core.annotation.SourceId","SourceId",2,"1108,1108,1108",5,"331,21,25",,0,2,1,88,1,,""
"org.axonframework.messaging.core.SimpleHandlerAttributes","SimpleHandlerAttributes",8,"730,1108,1108",5,"736,173,25",,0,71,2,34,1,1,""
"org.axonframework.messaging.core.annotation.MessageHandlerInvocationException","MessageHandlerInvocationException",5,"966,794,794",6,"966,41,2",,0,1,2,78,1,1,""
"org.axonframework.messaging.core.annotation.SimpleResourceParameterResolverFactory","SimpleResourceParameterResolverFactory",2,"737,1108,1108",5,"738,21,25",,0,2,4,84,,4,""
"org.axonframework.messaging.core.annotation.DefaultParameterResolverFactory$MetadataParameterResolver","DefaultParameterResolverFactory$MetadataParameterResolver",1,"4,309,309",3,"276,12,3",,0,1,5,0,1,4,""
"org.axonframework.messaging.core.annotation.SourceIdParameterResolverFactory$SourceIdParameterResolver","SourceIdParameterResolverFactory$SourceIdParameterResolver",2,"331,331,53",2,"331,21,25",,0,2,4,91,1,4,""
"org.axonframework.messaging.core.annotation.InterceptorChainParameterResolverFactory","InterceptorChainParameterResolverFactory",2,"741,331,53",2,"741,21,25",,0,46,7,31,1,9,""
"org.axonframework.messaging.core.annotation.SourceIdParameterResolverFactory","SourceIdParameterResolverFactory",2,"1108,1108,1108",5,"331,21,25",,0,2,4,18,,5,""
"org.axonframework.messaging.core.annotation.HierarchicalParameterResolverFactory","HierarchicalParameterResolverFactory",0,"400,15,1108",5,"400,5,44",,0,7,4,99,1,3,""
"org.axonframework.messaging.core.annotation.AnnotationMessageTypeResolver","AnnotationMessageTypeResolver",1,"744,309,309",3,"745,12,3",,0,1,5,54,1,6,""
"org.axonframework.messaging.core.annotation.DefaultParameterResolverFactory$AnnotatedMetadataParameterResolver","DefaultParameterResolverFactory$AnnotatedMetadataParameterResolver",1,"4,309,309",3,"276,12,3",,0,1,5,67,1,4,""
"org.axonframework.messaging.core.annotation.MessageIdentifierParameterResolverFactory","MessageIdentifierParameterResolverFactory",2,"747,1108,1108",5,"749,21,25",,0,1,4,40,,5,""
"org.axonframework.messaging.core.annotation.MessageIdentifierParameterResolverFactory$MessageIdentifierParameterResolver","MessageIdentifierParameterResolverFactory$MessageIdentifierParameterResolver",2,"747,1108,1108",5,"749,21,25",,0,1,4,73,1,3,""
"org.axonframework.messaging.core.annotation.MultiParameterResolverFactory","MultiParameterResolverFactory",0,"400,15,1108",5,"400,5,44",,0,7,4,28,2,3,""
"org.axonframework.messaging.core.annotation.MultiHandlerEnhancerDefinition","MultiHandlerEnhancerDefinition",0,"733,15,1108",5,"733,5,44",,0,50,4,92,2,3,""
"org.axonframework.messaging.core.annotation.AggregateTypeParameterResolverFactory","AggregateTypeParameterResolverFactory",2,"1108,1108,1108",5,"331,21,25",,0,2,4,6,,5,""
"org.axonframework.messaging.core.annotation.AnnotatedHandlerAttributes","AnnotatedHandlerAttributes",8,"730,1108,1108",5,"736,173,25",,0,71,3,63,1,4,""
"org.axonframework.messaging.core.annotation.ClasspathHandlerEnhancerDefinition","ClasspathHandlerEnhancerDefinition",0,"733,15,1108",5,"733,5,44",,0,50,3,30,1,2,""
"org.axonframework.messaging.core.annotation.FixedValueParameterResolver","FixedValueParameterResolver",2,"737,1108,1108",5,"738,21,25",,0,2,4,36,2,2,""
"org.axonframework.messaging.core.annotation.MetadataValue","MetadataValue",1,"4,309,309",3,"276,12,3",,0,1,1,60,1,,""
"org.axonframework.messaging.core.annotation.MessageHandlerTimeout","MessageHandlerTimeout",1,"399,309,309",3,"753,12,3",,0,1,1,54,,1,""
"org.axonframework.messaging.core.annotation.MessageIdentifier","MessageIdentifier",2,"747,1108,1108",5,"749,21,25",,0,1,1,97,1,,""
"org.axonframework.messaging.core.annotation.AggregateType","AggregateType",2,"1108,1108,1108",5,"331,21,25",,0,2,1,14,1,,""
"org.axonframework.messaging.core.annotation.AnnotationMessageTypeResolver$AnnotationSpecification","AnnotationMessageTypeResolver$AnnotationSpecification",1,"744,309,309",3,"745,12,3",,0,1,2,85,1,1,""
"org.axonframework.messaging.core.annotation.HandlerAttributes","HandlerAttributes",8,"730,1108,1108",5,"736,173,25",,0,71,2,96,3,,""
"org.axonframework.messaging.core.annotation.DefaultParameterResolverFactory","DefaultParameterResolverFactory",1,"4,309,309",3,"276,12,3",,0,1,5,44,,12,""
"org.axonframework.messaging.core.annotation.PayloadParameterResolver","PayloadParameterResolver",1,"4,309,309",3,"276,12,3",,0,1,5,6,2,3,""
"org.axonframework.messaging.core.annotation.HandlerTypeResolver","HandlerTypeResolver",1,"756,1108,1108",3,"756,12,3",,0,1,3,17,,5,""
"org.axonframework.messaging.core.reflection.HierarchicalParameterResolverFactoryConfigurationEnhancer","HierarchicalParameterResolverFactoryConfigurationEnhancer",0,"400,15,1108",5,"400,5,44",,0,7,4,69,,5,""
"org.axonframework.messaging.core.reflection.ClasspathParameterResolverConfigurationEnhancer","ClasspathParameterResolverConfigurationEnhancer",0,"400,15,1108",5,"400,5,44",,0,7,6,63,,6,""
"org.axonframework.messaging.core.EmptyMessageStream","EmptyMessageStream",8,"103,703,703",8,"335,28,14",,0,1,7,34,1,6,""
"org.axonframework.messaging.core.EventPublicationFailedException","EventPublicationFailedException",5,"966,794,794",6,"966,41,2",,0,10,2,34,1,1,""
"org.axonframework.messaging.core.IllegalPayloadAccessException","IllegalPayloadAccessException",5,"180,794,794",6,"966,41,2",,0,10,1,93,,1,""
"org.axonframework.messaging.core.ExecutionException","ExecutionException",6,"553,553,553",7,"966,41,2",,0,11,1,35,,1,""
"org.axonframework.messaging.core.interception.annotation.ResultParameterResolverFactory","ResultParameterResolverFactory",2,"331,331,53",2,"331,21,25",,0,2,7,20,2,8,""
"org.axonframework.messaging.core.SimpleEntry","SimpleEntry",8,"103,703,703",8,"335,28,14",,0,1,9,61,10,5,""
"org.axonframework.messaging.core.MessageTypeNotResolvedException","MessageTypeNotResolvedException",1,"4,309,309",3,"276,12,3",,0,1,2,89,1,1,""
"org.axonframework.messaging.core.CompletionCallbackMessageStream$Single","CompletionCallbackMessageStream$Single",8,"103,703,703",8,"335,28,14",,0,1,5,33,2,3,""
"org.axonframework.messaging.core.MessageStreamUtils","MessageStreamUtils",8,"103,703,703",8,"335,28,14",,0,1,5,19,2,5,""
"org.axonframework.messaging.core.FluxMessageStream$1","FluxMessageStream$1",8,"103,703,703",8,"335,28,14",,0,1,3,26,1,2,""
"org.axonframework.messaging.core.FilteringMessageStream","FilteringMessageStream",8,"103,703,703",8,"335,28,14",,0,1,6,39,2,4,""
"org.axonframework.messaging.core.unitofwork.LegacyMessageSupportingContext","LegacyMessageSupportingContext",2,"331,331,53",2,"331,21,25",,0,2,7,17,1,7,""
"org.axonframework.messaging.core.interception.annotation.ResultParameterResolverFactory$ExceptionResultParameterResolver","ResultParameterResolverFactory$ExceptionResultParameterResolver",2,"331,331,53",2,"331,21,25",,0,2,4,27,1,3,""
"org.axonframework.messaging.core.FilteringMessageStream$Single","FilteringMessageStream$Single",8,"103,703,703",8,"335,28,14",,0,1,6,4,2,4,""
"org.axonframework.messaging.core.FluxMessageStream","FluxMessageStream",8,"103,703,703",8,"335,28,14",,0,1,5,20,2,5,""
"org.axonframework.messaging.core.CloseCallbackMessageStream","CloseCallbackMessageStream",8,"103,703,703",8,"335,28,14",,0,1,6,35,1,6,""
"org.axonframework.messaging.core.MessageStreamUtils$FirstResult","MessageStreamUtils$FirstResult",8,"103,703,703",8,"335,28,14",,0,1,4,87,1,3,""
"org.axonframework.messaging.core.interception.LoggingInterceptor","LoggingInterceptor",8,"103,703,703",3,"276,12,3",,0,1,9,10,,10,""
"org.axonframework.messaging.core.correlation.CorrelationDataProvider","CorrelationDataProvider",3,"674,154,154",4,"674,49,29",,0,3,6,49,9,1,""
"org.axonframework.messaging.core.interception.DefaultHandlerInterceptorRegistry$GenericInterceptorDefinition","DefaultHandlerInterceptorRegistry$GenericInterceptorDefinition",3,"770,154,154",4,"770,49,29",,0,45,7,31,1,6,""
"org.axonframework.messaging.core.interception.DefaultDispatchInterceptorRegistry$5","DefaultDispatchInterceptorRegistry$5",3,"772,154,154",4,"772,49,29",,0,47,5,72,1,4,""
"org.axonframework.messaging.core.interception.DefaultDispatchInterceptorRegistry$2","DefaultDispatchInterceptorRegistry$2",3,"772,154,154",4,"772,49,29",,0,47,5,29,1,4,""
"org.axonframework.messaging.core.interception.DefaultHandlerInterceptorRegistry$2","DefaultHandlerInterceptorRegistry$2",3,"770,154,154",4,"770,49,29",,0,45,5,64,1,4,""
"org.axonframework.messaging.core.interception.DefaultDispatchInterceptorRegistry$1","DefaultDispatchInterceptorRegistry$1",3,"772,154,154",4,"772,49,29",,0,47,5,96,1,4,""
"org.axonframework.messaging.core.interception.DefaultDispatchInterceptorRegistry$4","DefaultDispatchInterceptorRegistry$4",3,"772,154,154",4,"772,49,29",,0,47,5,18,1,4,""
"org.axonframework.messaging.core.EmptyContext","EmptyContext",2,"331,331,53",2,"331,21,25",,0,2,3,31,1,2,""
"org.axonframework.messaging.core.correlation.MessageOriginProvider","MessageOriginProvider",1,"4,309,309",3,"276,12,3",,0,1,4,15,1,3,""
"org.axonframework.messaging.core.correlation.SimpleCorrelationDataProvider","SimpleCorrelationDataProvider",1,"4,309,309",3,"276,12,3",,0,1,3,86,,3,""
"org.axonframework.messaging.core.interception.annotation.MessageHandlerInterceptorDefinition","MessageHandlerInterceptorDefinition",0,"15,15,1108",5,"101,5,44",,0,1,4,74,,5,""
"org.axonframework.messaging.core.interception.JSR303ViolationException","JSR303ViolationException",5,"180,794,794",6,"966,41,2",,0,1,2,20,1,1,""
"org.axonframework.messaging.core.interception.DefaultHandlerInterceptorRegistry$3","DefaultHandlerInterceptorRegistry$3",3,"770,154,154",4,"770,49,29",,0,45,5,34,1,4,""
"org.axonframework.messaging.core.interception.DefaultHandlerInterceptorRegistry","DefaultHandlerInterceptorRegistry",3,"770,154,154",4,"770,49,29",,0,45,9,56,6,23,""
"org.axonframework.messaging.core.interception.DefaultDispatchInterceptorRegistry$3","DefaultDispatchInterceptorRegistry$3",3,"772,154,154",4,"772,49,29",,0,47,5,41,1,4,""
"org.axonframework.messaging.core.interception.DefaultDispatchInterceptorRegistry","DefaultDispatchInterceptorRegistry",3,"772,154,154",4,"772,49,29",,0,47,9,32,7,25,""
"org.axonframework.messaging.core.interception.DefaultHandlerInterceptorRegistry$4","DefaultHandlerInterceptorRegistry$4",3,"770,154,154",4,"770,49,29",,0,45,5,61,1,4,""
"org.axonframework.messaging.core.interception.DefaultHandlerInterceptorRegistry$1","DefaultHandlerInterceptorRegistry$1",3,"770,154,154",4,"770,49,29",,0,45,5,14,1,4,""
"org.axonframework.messaging.core.interception.DefaultDispatchInterceptorRegistry$GenericInterceptorDefinition","DefaultDispatchInterceptorRegistry$GenericInterceptorDefinition",3,"772,154,154",4,"772,49,29",,0,47,7,35,1,6,""
"org.axonframework.messaging.core.interception.annotation.ResultHandler","ResultHandler",1,"399,309,309",3,"753,12,3",,0,1,3,30,2,1,""
"org.axonframework.messaging.core.interception.annotation.ExceptionHandler","ExceptionHandler",1,"4,309,309",3,"276,12,3",,0,1,3,74,,3,""
"org.axonframework.messaging.core.interception.annotation.MessageHandlerInterceptor","MessageHandlerInterceptor",1,"4,309,309",3,"276,12,3",,0,1,3,35,2,2,""
"org.axonframework.messaging.core.interception.annotation.MessageHandlerInterceptorDefinition$InterceptedMessageHandlingMember","MessageHandlerInterceptorDefinition$InterceptedMessageHandlingMember",0,"15,15,1108",5,"101,5,44",,0,1,6,58,1,7,""
"org.axonframework.messaging.core.interception.annotation.MessageHandlerInterceptorDefinition$ResultHandlingInterceptorMember","MessageHandlerInterceptorDefinition$ResultHandlingInterceptorMember",0,"15,15,1108",5,"101,5,44",,0,1,8,69,1,12,""
"org.axonframework.messaging.core.interception.CorrelationDataInterceptor","CorrelationDataInterceptor",3,"674,154,154",4,"674,49,29",,0,3,9,44,1,10,""
"org.axonframework.messaging.core.interception.BeanValidationInterceptor","BeanValidationInterceptor",8,"103,703,703",8,"335,28,14",,0,1,8,0,,9,""
"org.axonframework.messaging.core.correlation.CorrelationDataProviderRegistry","CorrelationDataProviderRegistry",3,"674,154,154",4,"674,49,29",,0,3,6,58,4,4,""
"org.axonframework.messaging.core.correlation.MultiCorrelationDataProvider","MultiCorrelationDataProvider",3,"674,154,154",4,"674,49,29",,0,3,2,81,,2,""
"org.axonframework.messaging.core.correlation.DefaultCorrelationDataProviderRegistry","DefaultCorrelationDataProviderRegistry",3,"674,154,154",4,"674,49,29",,0,3,8,61,1,9,""
"org.axonframework.messaging.core.AbstractMessage","AbstractMessage",1,"4,309,309",3,"276,12,3",,0,1,4,52,1,3,""
"org.axonframework.messaging.core.RemoteHandlingException","RemoteHandlingException",5,"794,794,794",6,"794,41,2",,0,70,3,36,2,2,""
"org.axonframework.messaging.core.DefaultMessageDispatchInterceptorChain$InterceptingDispatcher","DefaultMessageDispatchInterceptorChain$InterceptingDispatcher",8,"103,703,703",8,"335,28,14",,0,1,7,12,1,6,""
"org.axonframework.messaging.core.CompletionCallbackMessageStream","CompletionCallbackMessageStream",8,"103,703,703",8,"335,28,14",,0,1,5,83,3,6,""
"org.axonframework.messaging.core.SimpleContext","SimpleContext",2,"331,331,53",2,"331,21,25",,0,2,3,60,1,2,""
"org.axonframework.messaging.core.IteratorMessageStream","IteratorMessageStream",8,"103,703,703",8,"335,28,14",,0,1,4,20,1,3,""
"org.axonframework.messaging.core.FailedMessageStream","FailedMessageStream",8,"103,703,703",8,"335,28,14",,0,1,6,63,1,5,""
"org.axonframework.messaging.core.IgnoredEntriesMessageStream","IgnoredEntriesMessageStream",8,"103,703,703",8,"335,28,14",,0,1,6,20,1,5,""
"org.axonframework.messaging.core.OnErrorContinueMessageStream","OnErrorContinueMessageStream",8,"103,703,703",8,"335,28,14",,0,1,4,46,1,3,""
"org.axonframework.messaging.core.CompletionCallbackMessageStream$Empty","CompletionCallbackMessageStream$Empty",8,"103,703,703",8,"335,28,14",,0,1,5,39,2,3,""
"org.axonframework.messaging.core.SingleValueMessageStream","SingleValueMessageStream",8,"103,703,703",8,"335,28,14",,0,1,5,68,1,4,""
"org.axonframework.messaging.core.MessageStreamUtils$Reducer","MessageStreamUtils$Reducer",8,"103,703,703",8,"335,28,14",,0,1,4,56,1,3,""
"org.axonframework.messaging.core.FluxUtils$FluxStreamAdapter","FluxUtils$FluxStreamAdapter",8,"103,703,703",8,"335,28,14",,0,1,4,17,1,3,""
"org.axonframework.messaging.core.retry.AsyncRetryScheduler$RetryTask","AsyncRetryScheduler$RetryTask",8,"103,703,703",8,"335,28,14",,0,1,8,59,1,9,""
"org.axonframework.messaging.core.retry.AsyncRetryScheduler","AsyncRetryScheduler",8,"103,703,703",8,"335,28,14",,0,1,8,6,1,12,""
"org.axonframework.messaging.core.retry.DoNotRetryOutcome","DoNotRetryOutcome",8,"799,799,703",8,"335,28,20",,0,1,2,88,1,1,""
"org.axonframework.messaging.core.retry.RetryOutcome","RetryOutcome",8,"799,799,703",8,"335,28,20",,0,1,2,23,1,1,""
"org.axonframework.messaging.core.retry.ExponentialBackOffRetryPolicy","ExponentialBackOffRetryPolicy",8,"799,799,703",8,"335,28,20",,0,1,4,1,,4,""
"org.axonframework.messaging.core.retry.FilteringRetryPolicy","FilteringRetryPolicy",8,"802,799,703",8,"802,28,20",,0,1,4,91,,4,""
"org.axonframework.messaging.core.retry.AxonNonTransientExceptionClassesPredicate","AxonNonTransientExceptionClassesPredicate",5,"804,794,794",6,"804,41,2",,0,72,1,63,,2,""
"org.axonframework.messaging.core.retry.NonTransientExceptionClassesPredicate","NonTransientExceptionClassesPredicate",5,"804,794,794",6,"804,41,2",,0,72,1,66,1,,""
"org.axonframework.messaging.core.unitofwork.annotation.ProcessingContextParameterResolverFactory","ProcessingContextParameterResolverFactory",2,"805,331,53",2,"806,21,25",,0,2,4,94,,5,""
"org.axonframework.messaging.core.unitofwork.annotation.ProcessingContextParameterResolverFactory$ProcessingContextParameterResolver","ProcessingContextParameterResolverFactory$ProcessingContextParameterResolver",2,"805,331,53",2,"806,21,25",,0,2,3,71,1,2,""
"org.axonframework.messaging.core.unitofwork.TransactionalUnitOfWorkFactory","TransactionalUnitOfWorkFactory",2,"331,331,53",2,"331,21,25",,0,2,7,44,1,9,""
"org.axonframework.messaging.core.retry.MaxAttemptsPolicy","MaxAttemptsPolicy",8,"802,799,703",8,"802,28,20",,0,1,4,53,,4,""
"org.axonframework.messaging.core.unitofwork.transaction.TransactionManager","TransactionManager",2,"809,331,53",2,"331,21,25",,0,2,7,61,8,6,""
"org.axonframework.messaging.core.unitofwork.transaction.Transaction","Transaction",2,"809,331,53",2,"331,21,25",,0,2,4,96,5,,""
"org.axonframework.messaging.core.unitofwork.UnitOfWork$UnitOfWorkProcessingContext","UnitOfWork$UnitOfWorkProcessingContext",2,"442,331,53",2,"442,21,25",,0,2,8,30,3,10,""
"org.axonframework.messaging.core.unitofwork.UnitOfWork$UnitOfWorkProcessingContext$CauseAndPhase","UnitOfWork$UnitOfWorkProcessingContext$CauseAndPhase",2,"442,331,53",2,"442,21,25",,0,2,4,66,2,2,""
"org.axonframework.messaging.core.Metadata$MetadataCollector","Metadata$MetadataCollector",1,"4,309,309",3,"276,12,3",,0,1,2,86,1,1,""
"org.axonframework.messaging.core.unitofwork.ProcessingLifecycle$DefaultPhases","ProcessingLifecycle$DefaultPhases",2,"331,331,53",2,"331,21,25",,0,2,2,99,1,1,""
"org.axonframework.messaging.core.unitofwork.UnitOfWork$UnitOfWorkProcessingContext$Status","UnitOfWork$UnitOfWorkProcessingContext$Status",2,"442,331,53",2,"442,21,25",,0,2,3,79,2,1,""
"org.axonframework.messaging.core.retry.RetryPolicy","RetryPolicy",8,"802,799,703",8,"802,28,20",,0,1,4,16,5,3,""
"org.axonframework.messaging.core.retry.RetryPolicy$Outcome","RetryPolicy$Outcome",8,"799,799,703",8,"335,28,20",,0,1,4,0,8,2,""
"org.axonframework.messaging.core.unitofwork.transaction.NoTransactionManager$1","NoTransactionManager$1",2,"809,331,53",2,"331,21,25",,0,2,3,64,1,2,""
"org.axonframework.messaging.core.timeout.HandlerTimeoutConfiguration","HandlerTimeoutConfiguration",18,"869,815,815",19,"869,59,56",,0,73,3,84,2,1,""
"org.axonframework.messaging.core.timeout.TaskTimeoutSettings","TaskTimeoutSettings",18,"869,815,815",19,"869,59,56",,0,73,3,86,5,,""
"org.axonframework.messaging.core.timeout.UnitOfWorkTimeoutInterceptorBuilder","UnitOfWorkTimeoutInterceptorBuilder",18,"815,815,815",19,"816,59,56",,0,2,9,54,1,14,""
"org.axonframework.messaging.core.timeout.AxonTimeLimitedTask","AxonTimeLimitedTask",18,"815,815,815",19,"816,59,56",,0,2,3,3,2,2,""
"org.axonframework.messaging.core.timeout.AxonTaskJanitor","AxonTaskJanitor",18,"815,815,815",19,"816,59,56",,0,2,3,24,2,1,""
"org.axonframework.messaging.core.timeout.HandlerTimeoutHandlerEnhancerDefinition","HandlerTimeoutHandlerEnhancerDefinition",18,"869,815,815",19,"869,59,56",,0,73,5,94,1,8,""
"org.axonframework.messaging.core.unitofwork.transaction.NoTransactionManager","NoTransactionManager",2,"809,331,53",2,"331,21,25",,0,2,4,8,3,4,""
"org.axonframework.messaging.core.timeout.AxonTimeoutException","AxonTimeoutException",18,"815,815,815",19,"816,59,56",,0,2,1,64,1,,""
"org.axonframework.messaging.core.timeout.TimeoutWrappedMessageHandlingMember","TimeoutWrappedMessageHandlingMember",18,"815,815,815",19,"816,59,56",,0,2,5,66,1,6,""
"org.axonframework.messaging.core.configuration.MessagingConfigurationDefaults","MessagingConfigurationDefaults",3,"674,154,154",4,"674,49,29",,0,3,9,19,1,59,""
"org.axonframework.messaging.core.configuration.reflection.ConfigurationParameterResolverFactory","ConfigurationParameterResolverFactory",3,"674,154,154",4,"674,49,29",,0,3,4,43,1,5,""
"org.axonframework.messaging.core.configuration.reflection.ConfigurationParameterResolverConfigurationEnhancer","ConfigurationParameterResolverConfigurationEnhancer",0,"400,15,1108",5,"400,5,44",,0,6,4,74,,4,""
"org.axonframework.messaging.core.NamespaceMessageTypeResolver","NamespaceMessageTypeResolver",1,"824,309,309",3,"276,12,3",,0,1,4,28,1,3,""
"org.axonframework.messaging.core.NamespaceMessageTypeResolver$Builder","NamespaceMessageTypeResolver$Builder",1,"824,309,309",3,"276,12,3",,0,1,4,39,1,4,""
"org.axonframework.messaging.core.HierarchicalMessageTypeResolver","HierarchicalMessageTypeResolver",1,"4,309,309",3,"276,12,3",,0,1,3,52,1,2,""
"org.axonframework.messaging.core.RemoteNonTransientHandlingException","RemoteNonTransientHandlingException",5,"794,794,794",6,"794,41,2",,0,70,3,31,2,2,""
"org.axonframework.messaging.tracing.SpanAttributesProvider","SpanAttributesProvider",1,"940,309,309",3,"942,12,3",,0,1,5,61,11,1,""
"org.axonframework.messaging.tracing.MultiSpanFactory","MultiSpanFactory",1,"827,940,309",3,"828,63,3",,0,53,4,89,,5,""
"org.axonframework.messaging.tracing.MultiSpanFactory$MultiSpan","MultiSpanFactory$MultiSpan",1,"827,940,309",3,"828,63,3",,0,53,3,0,1,2,""
"org.axonframework.messaging.tracing.TracingHandlerEnhancerDefinition","TracingHandlerEnhancerDefinition",0,"830,15,1108",5,"830,5,44",,0,74,5,28,2,6,""
"org.axonframework.messaging.tracing.TracingHandlerEnhancerDefinition$Builder","TracingHandlerEnhancerDefinition$Builder",0,"830,15,1108",5,"830,5,44",,0,74,4,12,1,3,""
"org.axonframework.messaging.tracing.TracingHandlerEnhancerDefinition$1","TracingHandlerEnhancerDefinition$1",0,"830,15,1108",5,"830,5,44",,0,74,5,97,1,7,""
"org.axonframework.messaging.tracing.attributes.MessageIdSpanAttributesProvider","MessageIdSpanAttributesProvider",1,"4,309,309",3,"276,12,3",,0,1,2,57,,2,""
"org.axonframework.messaging.tracing.attributes.MessageTypeSpanAttributesProvider","MessageTypeSpanAttributesProvider",1,"4,309,309",3,"276,12,3",,0,1,2,27,,2,""
"org.axonframework.messaging.tracing.attributes.PayloadTypeSpanAttributesProvider","PayloadTypeSpanAttributesProvider",1,"4,309,309",3,"276,12,3",,0,1,2,1,,2,""
"org.axonframework.messaging.tracing.attributes.AggregateIdentifierSpanAttributesProvider","AggregateIdentifierSpanAttributesProvider",1,"940,309,309",3,"942,12,3",,0,1,2,0,,2,""
"org.axonframework.messaging.tracing.attributes.MessageNameSpanAttributesProvider","MessageNameSpanAttributesProvider",1,"4,309,309",3,"276,12,3",,0,1,3,11,,3,""
"org.axonframework.messaging.tracing.attributes.MetadataSpanAttributesProvider","MetadataSpanAttributesProvider",1,"4,309,309",3,"276,12,3",,0,1,3,74,,3,""
"org.axonframework.messaging.tracing.SpanUtils","SpanUtils",1,"4,309,309",3,"276,12,3",,0,1,3,17,1,2,""
"org.axonframework.update.UpdateChecker","UpdateChecker",10,"849,853,853",10,"849,68,58",,0,75,4,39,1,10,""
"org.axonframework.update.UpdateCheckerConfigurationEnhancer","UpdateCheckerConfigurationEnhancer",10,"849,853,853",10,"849,68,58",,0,75,6,68,,12,""
"org.axonframework.update.LoggingUpdateCheckerReporter","LoggingUpdateCheckerReporter",10,"853,853,853",10,"855,68,58",,0,76,4,94,1,7,""
"org.axonframework.update.configuration.CommandLineUsagePropertyProvider","CommandLineUsagePropertyProvider",10,"849,853,853",10,"849,68,58",,0,75,3,19,1,2,""
"org.axonframework.update.configuration.HierarchicalUsagePropertyProvider","HierarchicalUsagePropertyProvider",10,"849,853,853",10,"849,68,58",,0,75,3,98,1,2,""
"org.axonframework.update.configuration.EnvironmentVariableUsagePropertyProvider","EnvironmentVariableUsagePropertyProvider",10,"859,853,853",10,"859,68,58",,0,77,3,77,1,3,""
"org.axonframework.update.configuration.PropertyFileUsagePropertyProvider","PropertyFileUsagePropertyProvider",10,"861,853,853",10,"861,68,58",,0,78,4,50,1,3,""
"org.axonframework.update.configuration.DefaultUsagePropertyProvider","DefaultUsagePropertyProvider",10,"861,853,853",10,"861,68,58",,0,78,4,48,2,2,""
"org.axonframework.update.UpdateCheckerHttpClient","UpdateCheckerHttpClient",10,"849,853,853",10,"849,68,58",,0,75,4,89,2,4,""
"org.axonframework.update.detection.MachineId","MachineId",10,"849,853,853",10,"849,68,58",,0,75,2,72,1,1,""
"org.axonframework.update.common.DelayedTask","DelayedTask",10,"849,853,853",10,"849,68,58",,0,75,2,55,1,1,""
"org.axonframework.update.detection.KotlinVersion","KotlinVersion",10,"849,853,853",10,"849,68,58",,0,1,2,92,1,1,""
"org.axonframework.update.detection.AxonVersionDetector","AxonVersionDetector",10,"855,853,853",10,"855,68,58",,0,76,3,79,1,2,""
"org.axonframework.update.detection.TestEnvironmentDetector","TestEnvironmentDetector",10,"849,853,853",10,"849,68,58",,0,1,2,87,1,1,""
"org.axonframework.update.api.DetectedVulnerability","DetectedVulnerability",10,"853,853,853",10,"855,68,58",,0,76,4,82,2,2,""
"org.axonframework.update.api.ArtifactAvailableUpgrade","ArtifactAvailableUpgrade",10,"853,853,853",10,"855,68,58",,0,76,3,24,2,1,""
"org.axonframework.update.api.UpdateCheckResponse","UpdateCheckResponse",10,"853,853,853",10,"855,68,58",,0,76,4,75,4,4,""
"org.axonframework.update.api.UpdateCheckRequest","UpdateCheckRequest",10,"855,853,853",10,"855,68,58",,0,76,4,91,4,2,""
"org.axonframework.update.api.Artifact","Artifact",10,"855,853,853",10,"855,68,58",,0,76,3,18,3,1,""
"org.axonframework.update.api.DetectedVulnerabilitySeverity","DetectedVulnerabilitySeverity",10,"853,853,853",10,"855,68,58",,0,76,4,68,3,1,""
"org.axonframework.update.configuration.EnvironmentVariableUsagePropertyProvider$EnvironmentVariableSupplier","EnvironmentVariableUsagePropertyProvider$EnvironmentVariableSupplier",10,"859,853,853",10,"859,68,58",,0,77,1,50,1,,""
"org.axonframework.update.UpdateCheckerReporter","UpdateCheckerReporter",10,"849,853,853",10,"849,68,58",,0,75,4,42,3,2,""
"org.axonframework.update.configuration.UsagePropertyProvider","UsagePropertyProvider",10,"849,853,853",10,"849,68,58",,0,75,4,78,8,6,""
"org.axonframework.extension.springboot.DistributedCommandBusProperties","DistributedCommandBusProperties",19,"864,864,864",20,"864,73,69",,2,79,2,77,,3,""
"org.axonframework.extension.springboot.service.connection.AxonServerDockerComposeConnectionDetailsFactory","AxonServerDockerComposeConnectionDetailsFactory",3,"961,914,914",16,"916,1,8",,0,80,1,22,,1,""
"org.axonframework.extension.springboot.DistributedCommandBusProperties$JGroupsProperties","DistributedCommandBusProperties$JGroupsProperties",19,"864,864,864",20,"864,73,69",,2,79,2,97,2,1,""
"org.axonframework.extension.springboot.DistributedCommandBusProperties$SpringCloudProperties","DistributedCommandBusProperties$SpringCloudProperties",19,"864,864,864",20,"864,73,69",,2,79,1,99,1,,""
"org.axonframework.extension.springboot.DistributedCommandBusProperties$JGroupsProperties$Gossip","DistributedCommandBusProperties$JGroupsProperties$Gossip",19,"864,864,864",20,"864,73,69",,2,79,2,24,2,1,""
"org.axonframework.extension.springboot.service.connection.AxonServerConnectionDetails","AxonServerConnectionDetails",3,"961,914,914",16,"916,1,8",,0,80,2,33,4,,""
"org.axonframework.extension.springboot.TimeoutProperties","TimeoutProperties",18,"869,815,815",19,"869,59,56",,0,73,3,69,1,2,""
"org.axonframework.extension.springboot.TimeoutProperties$TransactionTimeoutProperties","TimeoutProperties$TransactionTimeoutProperties",18,"869,815,815",19,"869,59,56",,0,73,3,27,3,1,""
"org.axonframework.extension.springboot.autoconfig.ConverterAutoConfiguration","ConverterAutoConfiguration",11,"874,301,301",12,"874,76,50",,0,81,6,64,3,15,""
"org.axonframework.extension.springboot.ConverterProperties$ConverterType","ConverterProperties$ConverterType",11,"874,301,301",12,"874,76,50",,0,81,3,25,3,,""
"org.axonframework.extension.springboot.JpaEventStorageEngineConfigurationProperties","JpaEventStorageEngineConfigurationProperties",13,"928,1005,1005",1,"1141,79,14",,0,25,2,25,2,,""
"org.axonframework.extension.springboot.autoconfig.AvroSchemaStoreAutoConfiguration$OnMissingDefaultSchemaStoreCondition$SchemaStoreIsMissingCondition","AvroSchemaStoreAutoConfiguration$OnMissingDefaultSchemaStoreCondition$SchemaStoreIsMissingCondition",11,"878,903,301",12,"878,190,50",,0,82,3,4,2,1,""
"org.axonframework.extension.springboot.autoconfig.ObjectMapperAutoConfiguration$JacksonConfiguredCondition$GeneralDefaultCondition","ObjectMapperAutoConfiguration$JacksonConfiguredCondition$GeneralDefaultCondition",11,"880,301,301",12,"880,76,50",,0,83,3,51,2,1,""
"org.axonframework.extension.springboot.util.RegisterDefaultEntities","RegisterDefaultEntities",13,"882,1005,1005",1,"882,193,49",,0,11,2,14,2,1,""
"org.axonframework.extension.springboot.util.jpa.ContainerManagedEntityManagerProvider","ContainerManagedEntityManagerProvider",6,"561,553,553",1,"562,193,49",,0,11,2,62,1,1,""
"org.axonframework.extension.springboot.ConverterProperties","ConverterProperties",11,"874,301,301",12,"874,76,50",,0,81,3,49,3,1,""
"org.axonframework.extension.springboot.EventProcessorProperties","EventProcessorProperties",20,"888,888,888",21,"888,194,23",,3,84,2,59,1,4,""
"org.axonframework.extension.springboot.EventProcessorProperties$ProcessorSettings","EventProcessorProperties$ProcessorSettings",20,"888,888,888",21,"888,194,23",,3,84,2,46,2,2,""
"org.axonframework.extension.springboot.service.connection.AxonServerTestContainerConnectionDetailsFactory$AxonServerContainerConnectionDetails","AxonServerTestContainerConnectionDetailsFactory$AxonServerContainerConnectionDetails",21,"890,914,914",16,"890,1,8",,0,85,2,85,1,2,""
"org.axonframework.extension.springboot.service.connection.AxonServerTestContainerConnectionDetailsFactory","AxonServerTestContainerConnectionDetailsFactory",21,"890,914,914",16,"890,1,8",,0,85,2,25,,3,""
"org.axonframework.extension.springboot.MetricsProperties$Micrometer","MetricsProperties$Micrometer",22,"938,938,938",22,"938,197,24",,4,86,1,54,1,,""
"org.axonframework.extension.springboot.TokenStoreProperties","TokenStoreProperties",6,"561,553,553",1,"562,193,49",,0,11,1,58,1,,""
"org.axonframework.extension.springboot.actuator.axonserver.AxonServerStatusAggregator","AxonServerStatusAggregator",3,"927,914,914",16,"927,1,8",,0,87,2,93,1,1,""
"org.axonframework.extension.springboot.actuator.HealthStatus","HealthStatus",3,"927,914,914",16,"927,1,8",,0,87,2,34,2,,""
"org.axonframework.extension.springboot.actuator.axonserver.AxonServerHealthIndicator","AxonServerHealthIndicator",3,"927,914,914",16,"927,1,8",,0,87,2,47,1,2,""
"org.axonframework.extension.springboot.TagsConfigurationProperties","TagsConfigurationProperties",3,"961,914,914",16,"916,1,8",,0,80,1,0,,1,""
"org.axonframework.extension.springboot.TimeoutProperties$MessageHandlerTimeoutProperties","TimeoutProperties$MessageHandlerTimeoutProperties",18,"869,815,815",19,"869,59,56",,0,73,3,90,2,2,""
"org.axonframework.extension.springboot.autoconfig.AxonTimeoutAutoConfiguration","AxonTimeoutAutoConfiguration",18,"869,815,815",19,"869,59,56",,0,73,3,40,,6,""
"org.axonframework.extension.springboot.autoconfig.ConverterAutoConfiguration$1","ConverterAutoConfiguration$1",11,"874,301,301",12,"874,76,50",,0,81,3,53,1,2,""
"org.axonframework.extension.springboot.autoconfig.AvroSchemaStoreAutoConfiguration$AvroConfiguredCondition$MessagesAvroCondition","AvroSchemaStoreAutoConfiguration$AvroConfiguredCondition$MessagesAvroCondition",11,"903,903,301",12,"906,190,50",,0,82,3,70,2,1,""
"org.axonframework.extension.springboot.autoconfig.AvroSchemaStoreAutoConfiguration$AvroConfiguredCondition","AvroSchemaStoreAutoConfiguration$AvroConfiguredCondition",11,"903,903,301",12,"906,190,50",,0,82,3,49,3,2,""
"org.axonframework.extension.springboot.autoconfig.CorrelationDataProviderAutoConfiguration","CorrelationDataProviderAutoConfiguration",3,"674,154,154",4,"674,49,29",,0,3,6,21,,6,""
"org.axonframework.extension.springboot.autoconfig.AxonAutoConfiguration","AxonAutoConfiguration",3,"674,154,154",4,"674,49,29",,0,3,6,50,5,2,""
"org.axonframework.extension.springboot.autoconfig.AvroSchemaStoreAutoConfiguration","AvroSchemaStoreAutoConfiguration",11,"903,903,301",12,"906,190,50",,0,82,3,95,,6,""
"org.axonframework.extension.springboot.autoconfig.AvroSchemaStoreAutoConfiguration$OnMissingDefaultSchemaStoreCondition","AvroSchemaStoreAutoConfiguration$OnMissingDefaultSchemaStoreCondition",11,"878,903,301",12,"878,190,50",,0,82,3,34,2,1,""
"org.axonframework.extension.springboot.autoconfig.AvroSchemaStoreAutoConfiguration$AvroConfiguredCondition$EventsAvroCondition","AvroSchemaStoreAutoConfiguration$AvroConfiguredCondition$EventsAvroCondition",11,"903,903,301",12,"906,190,50",,0,82,3,48,2,1,""
"org.axonframework.extension.springboot.autoconfig.ObjectMapperAutoConfiguration$JacksonConfiguredCondition$EventsJacksonCondition","ObjectMapperAutoConfiguration$JacksonConfiguredCondition$EventsJacksonCondition",11,"880,301,301",12,"880,76,50",,0,83,3,99,2,1,""
"org.axonframework.extension.springboot.autoconfig.ObjectMapperAutoConfiguration$JacksonConfiguredCondition","ObjectMapperAutoConfiguration$JacksonConfiguredCondition",11,"880,301,301",12,"880,76,50",,0,83,3,24,5,4,""
"org.axonframework.extension.springboot.autoconfig.ObjectMapperAutoConfiguration$JacksonConfiguredCondition$MessagesJacksonCondition","ObjectMapperAutoConfiguration$JacksonConfiguredCondition$MessagesJacksonCondition",11,"880,301,301",12,"880,76,50",,0,83,3,66,2,1,""
"org.axonframework.extension.springboot.autoconfig.ObjectMapperAutoConfiguration$JacksonConfiguredCondition$GeneralJacksonCondition","ObjectMapperAutoConfiguration$JacksonConfiguredCondition$GeneralJacksonCondition",11,"880,301,301",12,"880,76,50",,0,83,3,92,2,1,""
"org.axonframework.extension.springboot.autoconfig.InterceptorAutoConfiguration","InterceptorAutoConfiguration",3,"674,154,154",4,"674,49,29",,0,3,9,94,,12,""
"org.axonframework.extension.springboot.autoconfig.JpaAutoConfiguration","JpaAutoConfiguration",6,"561,553,553",1,"562,193,49",,0,11,5,98,1,10,""
"org.axonframework.extension.springboot.autoconfig.AxonServerAutoConfiguration$1","AxonServerAutoConfiguration$1",3,"961,914,914",16,"916,1,8",,0,80,5,63,1,4,""
"org.axonframework.extension.springboot.autoconfig.AxonServerAutoConfiguration","AxonServerAutoConfiguration",3,"961,914,914",16,"916,1,8",,0,80,6,28,3,13,""
"org.axonframework.extension.springboot.autoconfig.JpaEventStoreAutoConfiguration","JpaEventStoreAutoConfiguration",13,"928,1005,1005",1,"1141,79,14",,0,25,5,18,,10,""
"org.axonframework.extension.springboot.autoconfig.ObjectMapperAutoConfiguration","ObjectMapperAutoConfiguration",11,"880,301,301",12,"880,76,50",,0,83,3,64,,8,""
"org.axonframework.extension.springboot.autoconfig.CBORMapperAutoConfiguration","CBORMapperAutoConfiguration",11,"874,301,301",12,"874,76,50",,0,81,3,59,1,2,""
"org.axonframework.extension.springboot.autoconfig.EventProcessingAutoConfiguration","EventProcessingAutoConfiguration",20,"888,888,888",21,"888,194,23",,3,84,2,75,,2,""
"org.axonframework.extension.springboot.autoconfig.SecurityAutoConfiguration","SecurityAutoConfiguration",0,"733,15,1108",5,"733,5,44",,0,50,1,24,,1,""
"org.axonframework.extension.springboot.autoconfig.TransactionAutoConfiguration","TransactionAutoConfiguration",2,"809,331,53",2,"331,21,25",,0,2,2,49,1,1,""
"org.axonframework.extension.springboot.autoconfig.AxonServerActuatorAutoConfiguration","AxonServerActuatorAutoConfiguration",3,"927,914,914",16,"927,1,8",,0,87,2,85,,4,""
"org.axonframework.extension.springboot.EventProcessorProperties$Mode","EventProcessorProperties$Mode",20,"888,888,888",21,"888,194,23",,3,84,2,92,2,,""
"org.axonframework.extension.springboot.autoconfig.AxonTimeoutAutoConfiguration$AxonTimeoutConfigurerModule","AxonTimeoutAutoConfiguration$AxonTimeoutConfigurerModule",18,"869,815,815",19,"869,59,56",,0,73,8,10,1,10,""
"org.axonframework.extension.springboot.autoconfig.JpaEventStoreAutoConfiguration$AggregateBasedJpaEventStorageEngineConfigurationEnhancer","JpaEventStoreAutoConfiguration$AggregateBasedJpaEventStorageEngineConfigurationEnhancer",13,"928,1005,1005",1,"1141,79,14",,0,25,7,95,1,14,""
"org.axonframework.extension.springboot.util.ConditionalOnQualifiedBean","ConditionalOnQualifiedBean",23,"933,935,935",23,"933,203,17",,5,89,2,87,1,1,""
"org.axonframework.extension.springboot.util.ConditionalOnMissingQualifiedBean","ConditionalOnMissingQualifiedBean",23,"935,935,935",23,"935,203,17",,5,89,2,56,1,1,""
"org.axonframework.extension.springboot.util.OnQualifiedBeanCondition","OnQualifiedBeanCondition",23,"933,935,935",23,"933,203,17",,5,89,2,46,1,2,""
"org.axonframework.extension.springboot.util.AbstractQualifiedBeanCondition","AbstractQualifiedBeanCondition",23,"933,935,935",23,"933,203,17",,5,89,2,27,2,,""
"org.axonframework.extension.springboot.util.OnMissingQualifiedBeanCondition","OnMissingQualifiedBeanCondition",23,"935,935,935",23,"935,203,17",,5,89,2,17,1,2,""
"org.axonframework.extension.springboot.util.DefaultEntityRegistrar","DefaultEntityRegistrar",13,"882,1005,1005",1,"882,193,49",,0,11,1,5,1,,""
"org.axonframework.extension.springboot.EventProcessorProperties$Dlq","EventProcessorProperties$Dlq",20,"888,888,888",21,"888,194,23",,3,84,2,64,2,1,""
"org.axonframework.extension.springboot.autoconfig.NoOpTransactionAutoConfiguration","NoOpTransactionAutoConfiguration",2,"809,331,53",2,"331,21,25",,0,2,2,80,,3,""
"org.axonframework.extension.springboot.MetricsProperties","MetricsProperties",22,"938,938,938",22,"938,197,24",,4,86,1,24,,2,""
"org.axonframework.extension.springboot.MetricsProperties$AutoConfiguration","MetricsProperties$AutoConfiguration",22,"938,938,938",22,"938,197,24",,4,86,1,87,1,,""
"org.axonframework.extension.springboot.EventProcessorProperties$DlqCache","EventProcessorProperties$DlqCache",20,"888,888,888",21,"888,194,23",,3,84,2,49,2,,""
"org.axonframework.extension.tracing.opentelemetry.OpenTelemetrySpanFactory","OpenTelemetrySpanFactory",1,"940,309,309",3,"942,12,3",,0,1,5,46,1,7,""
"org.axonframework.extension.tracing.opentelemetry.OpenTelemetrySpan","OpenTelemetrySpan",1,"940,309,309",3,"942,12,3",,0,1,3,5,1,2,""
"org.axonframework.extension.tracing.opentelemetry.MetadataContextSetter","MetadataContextSetter",1,"940,309,309",3,"942,12,3",,0,1,1,93,1,,""
"org.axonframework.extension.tracing.opentelemetry.MetadataContextGetter","MetadataContextGetter",1,"4,309,309",3,"276,12,3",,0,1,3,22,1,2,""
"org.axonframework.extension.tracing.opentelemetry.OpenTelemetrySpanFactory$Builder","OpenTelemetrySpanFactory$Builder",1,"940,309,309",3,"942,12,3",,0,1,5,50,1,6,""
"org.axonframework.axonserver.connector.AxonServerConnectionManager$Builder","AxonServerConnectionManager$Builder",3,"961,914,914",16,"916,1,8",,0,80,6,3,2,8,""
"org.axonframework.axonserver.connector.TagsConfiguration","TagsConfiguration",3,"961,914,914",16,"916,1,8",,0,80,2,8,3,,""
"org.axonframework.axonserver.connector.TopologyChange$1","TopologyChange$1",21,"949,914,914",16,"949,1,8",,0,88,2,11,1,1,""
"org.axonframework.axonserver.connector.MetadataConverter","MetadataConverter",1,"991,309,309",3,"276,12,3",,0,1,4,52,4,2,""
"org.axonframework.axonserver.connector.AxonServerRegistration","AxonServerRegistration",15,"209,1148,1148",15,"188,179,7",,0,27,1,12,,1,""
"org.axonframework.axonserver.connector.AxonServerConfiguration$Eventhandling","AxonServerConfiguration$Eventhandling",3,"961,914,914",16,"916,1,8",,0,80,4,52,4,1,""
"org.axonframework.axonserver.connector.util.GrpcMessageSizeInterceptor$1","GrpcMessageSizeInterceptor$1",24,"955,914,914",24,"955,182,10",,0,90,4,13,2,4,""
"org.axonframework.axonserver.connector.AxonServerConfiguration$FlowControlConfiguration","AxonServerConfiguration$FlowControlConfiguration",3,"961,914,914",16,"916,1,8",,0,80,3,94,3,,""
"org.axonframework.axonserver.connector.AxonServerConfiguration","AxonServerConfiguration",3,"961,914,914",16,"916,1,8",,0,80,6,64,7,6,""
"org.axonframework.axonserver.connector.AxonServerConnectionManager","AxonServerConnectionManager",3,"914,914,914",16,"914,1,8",,0,18,6,99,7,4,""
"org.axonframework.axonserver.connector.util.GrpcMessageSizeInterceptor","GrpcMessageSizeInterceptor",24,"955,914,914",24,"955,182,10",,0,90,4,5,3,2,""
"org.axonframework.axonserver.connector.TopologyChange","TopologyChange",21,"949,914,914",16,"949,1,8",,0,88,2,53,2,3,""
"org.axonframework.axonserver.connector.MetadataConverter$1","MetadataConverter$1",1,"991,309,309",3,"276,12,3",,0,1,2,13,1,1,""
"org.axonframework.axonserver.connector.util.ExceptionConverter","ExceptionConverter",5,"966,794,794",6,"966,41,2",,0,1,6,44,6,3,""
"org.axonframework.axonserver.connector.AxonServerException","AxonServerException",5,"966,794,794",6,"966,41,2",,0,10,3,29,1,2,""
"org.axonframework.axonserver.connector.query.AxonServerNonTransientRemoteQueryHandlingException","AxonServerNonTransientRemoteQueryHandlingException",5,"794,794,794",6,"794,41,2",,0,70,3,56,1,2,""
"org.axonframework.axonserver.connector.query.AxonServerQueryDispatchException","AxonServerQueryDispatchException",5,"966,794,794",6,"966,41,2",,0,10,3,71,1,2,""
"org.axonframework.axonserver.connector.query.AxonServerRemoteQueryHandlingException","AxonServerRemoteQueryHandlingException",5,"794,794,794",6,"794,41,2",,0,70,3,69,1,2,""
"org.axonframework.axonserver.connector.command.AxonServerNonTransientRemoteCommandHandlingException","AxonServerNonTransientRemoteCommandHandlingException",5,"794,794,794",6,"794,41,2",,0,70,3,18,1,2,""
"org.axonframework.axonserver.connector.command.AxonServerRemoteCommandHandlingException","AxonServerRemoteCommandHandlingException",5,"794,794,794",6,"794,41,2",,0,70,3,56,1,2,""
"org.axonframework.axonserver.connector.command.AxonServerCommandDispatchException","AxonServerCommandDispatchException",5,"973,794,794",6,"973,41,2",,0,52,2,98,1,1,""
"org.axonframework.axonserver.connector.AxonServerConfiguration$Eventhandling$ProcessorSettings","AxonServerConfiguration$Eventhandling$ProcessorSettings",9,"987,914,914",16,"996,121,8",,0,40,4,38,3,1,""
"org.axonframework.axonserver.connector.util.PriorityExecutorService","PriorityExecutorService",1,"974,432,47",9,"974,186,70",,0,28,2,84,1,2,""
"org.axonframework.axonserver.connector.ErrorCode$ExceptionBuilder","ErrorCode$ExceptionBuilder",5,"966,794,794",6,"966,41,2",,0,10,2,53,1,1,""
"org.axonframework.axonserver.connector.ManagedChannelCustomizer","ManagedChannelCustomizer",3,"914,914,914",16,"914,1,8",,0,18,1,13,1,,""
"org.axonframework.axonserver.connector.util.PriorityTaskSchedulers","PriorityTaskSchedulers",1,"974,432,47",9,"974,186,70",,0,28,1,51,,1,""
"org.axonframework.axonserver.connector.ErrorCode","ErrorCode",5,"966,794,794",6,"966,41,2",,0,10,6,84,8,19,""
"org.axonframework.axonserver.connector.InstructionAckSource","InstructionAckSource",5,"966,794,794",6,"966,41,2",,0,10,1,56,1,1,""
"org.axonframework.axonserver.connector.util.GrpcMessageSizeInterceptor$1$1","GrpcMessageSizeInterceptor$1$1",24,"955,914,914",24,"955,182,10",,0,90,4,14,2,3,""
"org.axonframework.axonserver.connector.util.GrpcMessageSizeWarningThresholdReachedException","GrpcMessageSizeWarningThresholdReachedException",24,"955,914,914",24,"955,182,10",,0,90,2,55,2,,""
"org.axonframework.axonserver.connector.util.GrpcMessageSizeExceededException","GrpcMessageSizeExceededException",24,"955,914,914",24,"955,182,10",,0,90,1,41,1,,""
"org.axonframework.axonserver.connector.util.Scheduler$ScheduledTask","Scheduler$ScheduledTask",25,"983,983,983",25,"983,187,13",,6,91,1,36,1,,""
"org.axonframework.axonserver.connector.util.GrpcExceptionParser","GrpcExceptionParser",5,"966,794,794",6,"966,41,2",,0,10,1,81,,1,""
"org.axonframework.axonserver.connector.util.ProcessingInstructionUtils","ProcessingInstructionUtils",1,"991,309,309",3,"276,12,3",,0,1,2,51,2,,""
"org.axonframework.axonserver.connector.util.Scheduler","Scheduler",25,"983,983,983",25,"983,187,13",,6,91,1,81,,1,""
"org.axonframework.axonserver.connector.ConnectionManager","ConnectionManager",3,"914,914,914",16,"914,1,8",,0,18,1,93,1,,""
"org.axonframework.axonserver.connector.AxonServerConfiguration$EventStoreConfiguration","AxonServerConfiguration$EventStoreConfiguration",3,"961,914,914",16,"916,1,8",,0,80,1,66,1,,""
"org.axonframework.axonserver.connector.AxonServerConfigurationEnhancer","AxonServerConfigurationEnhancer",3,"914,914,914",16,"914,1,8",,0,18,9,5,1,27,""
"org.axonframework.axonserver.connector.query.AxonServerQueryBusConnector","AxonServerQueryBusConnector",1,"984,914,914",16,"984,1,8",,0,34,9,68,3,17,""
"org.axonframework.axonserver.connector.query.QueryUpdateMessageStream","QueryUpdateMessageStream",5,"966,794,794",6,"966,41,2",,0,1,5,7,1,5,""
"org.axonframework.axonserver.connector.query.QueryConverter","QueryConverter",1,"991,309,309",3,"276,12,3",,0,1,9,61,6,13,""
"org.axonframework.axonserver.connector.query.QueryResponseMessageStream","QueryResponseMessageStream",1,"984,914,914",16,"984,1,8",,0,1,6,16,1,6,""
"org.axonframework.axonserver.connector.query.AxonServerQueryBusConnector$LocalSegmentAdapter","AxonServerQueryBusConnector$LocalSegmentAdapter",1,"984,914,914",16,"984,1,8",,0,34,7,70,1,9,""
"org.axonframework.axonserver.connector.query.AxonServerQueryBusConnector$AxonServerUpdateCallback","AxonServerQueryBusConnector$AxonServerUpdateCallback",1,"984,914,914",16,"984,1,8",,0,34,7,59,2,6,""
"org.axonframework.axonserver.connector.query.FlowControlledResponseSender","FlowControlledResponseSender",8,"103,703,703",8,"335,28,14",,0,1,6,85,1,7,""
"org.axonframework.axonserver.connector.event.AxonServerEventStorageEngineFactory","AxonServerEventStorageEngineFactory",6,"521,553,553",1,"565,159,14",,0,58,8,95,1,10,""
"org.axonframework.axonserver.connector.event.EventProcessorControlService","EventProcessorControlService",9,"987,914,914",16,"996,121,8",,0,40,9,92,2,15,""
"org.axonframework.axonserver.connector.TopologyChangeListener","TopologyChangeListener",21,"949,914,914",16,"949,1,8",,0,88,2,67,2,1,""
"org.axonframework.axonserver.connector.command.AxonServerCommandBusConnector","AxonServerCommandBusConnector",1,"984,914,914",16,"984,1,8",,0,34,9,83,2,15,""
"org.axonframework.axonserver.connector.AxonServerConfiguration$Builder","AxonServerConfiguration$Builder",3,"961,914,914",16,"916,1,8",,0,80,3,74,1,2,""
"org.axonframework.axonserver.connector.AxonServerConfiguration$HeartbeatConfiguration","AxonServerConfiguration$HeartbeatConfiguration",3,"961,914,914",16,"916,1,8",,0,80,2,84,2,,""
"org.axonframework.axonserver.connector.query.AbstractQueryResponseMessageStream","AbstractQueryResponseMessageStream",8,"103,703,703",8,"335,28,14",,0,1,6,82,2,7,""
"org.axonframework.axonserver.connector.event.TaggedEventConverter","TaggedEventConverter",8,"53,53,616",8,"1011,28,14",,0,1,9,99,3,10,""
"org.axonframework.axonserver.connector.event.AxonServerMessageStream","AxonServerMessageStream",8,"103,703,703",8,"335,28,14",,0,1,9,97,1,10,""
"org.axonframework.axonserver.connector.event.SourcingEventMessageStream","SourcingEventMessageStream",8,"103,703,703",8,"335,28,14",,0,1,9,35,1,13,""
"org.axonframework.axonserver.connector.event.AggregateBasedAxonServerEventStorageEngine$1","AggregateBasedAxonServerEventStorageEngine$1",13,"928,1005,1005",1,"1141,79,14",,0,25,7,0,1,7,""
"org.axonframework.axonserver.connector.event.AggregateBasedAxonServerEventStorageEngine","AggregateBasedAxonServerEventStorageEngine",8,"103,703,703",8,"335,28,14",,0,1,9,2,1,34,""
"org.axonframework.axonserver.connector.event.ConditionConverter","ConditionConverter",13,"584,584,1005",1,"586,103,14",,0,63,8,78,1,11,""
"org.axonframework.axonserver.connector.event.EventProcessorInfoUtils","EventProcessorInfoUtils",9,"987,914,914",16,"996,121,8",,0,40,6,25,1,7,""
"org.axonframework.axonserver.connector.event.StreamingEventMessageStream","StreamingEventMessageStream",8,"53,53,616",8,"1011,28,14",,0,1,9,8,1,10,""
"org.axonframework.axonserver.connector.event.AxonServerEventStorageEngine","AxonServerEventStorageEngine",6,"521,553,553",1,"565,159,14",,0,58,9,70,2,19,""
"org.axonframework.axonserver.connector.event.AggregateBasedAxonServerEventStorageEngine$AggregateSource","AggregateBasedAxonServerEventStorageEngine$AggregateSource",8,"103,703,703",8,"335,28,14",,0,1,4,44,1,3,""
"org.axonframework.axonserver.connector.event.EventProcessorControlService$AxonProcessorInstructionHandler","EventProcessorControlService$AxonProcessorInstructionHandler",9,"987,914,914",16,"996,121,8",,0,40,4,77,1,3,""
"org.axonframework.axonserver.connector.event.AxonServerEventStorageEngine$AxonServerAppendTransaction","AxonServerEventStorageEngine$AxonServerAppendTransaction",6,"521,553,553",1,"565,159,14",,0,58,6,14,1,6,""
"org.axonframework.axonserver.connector.TopologyChange$Type","TopologyChange$Type",21,"949,914,914",16,"949,1,8",,0,88,1,38,1,,""
"org.axonframework.axonserver.connector.TopologyChange$HandlerSubscription","TopologyChange$HandlerSubscription",21,"949,914,914",16,"949,1,8",,0,88,1,22,1,,""
"org.axonframework.axonserver.connector.command.CommandConverter","CommandConverter",1,"991,309,309",3,"276,12,3",,0,1,9,96,2,12,""
"org.axonframework.axonserver.connector.DefaultInstructionAckSource","DefaultInstructionAckSource",5,"966,794,794",6,"966,41,2",,0,10,1,33,,1,""
"org.axonframework.axonserver.connector.TargetContextResolver","TargetContextResolver",1,"4,309,309",3,"276,12,3",,0,1,2,86,,2,""
"org.axonframework.axonserver.connector.command.AxonServerCommandBusConnector$FutureResultCallback","AxonServerCommandBusConnector$FutureResultCallback",1,"984,914,914",16,"984,1,8",,0,34,5,41,1,4,""
"org.axonframework.test.fixture.AxonTestPhase$Then","AxonTestPhase$Then",12,"1046,1046,432",13,"1047,132,31",,0,1,7,80,18,5,""
"org.axonframework.test.fixture.AxonTestPhase$Then$Nothing","AxonTestPhase$Then$Nothing",12,"1046,1046,432",13,"1052,132,31",,0,1,7,88,7,2,""
"org.axonframework.test.fixture.AxonTestPhase$Then$Event","AxonTestPhase$Then$Event",12,"1046,1046,432",13,"1047,132,31",,0,95,7,28,5,2,""
"org.axonframework.test.fixture.AxonTestPhase$When$Nothing","AxonTestPhase$When$Nothing",12,"1040,1046,432",13,"1040,137,31",,0,1,7,90,4,3,""
"org.axonframework.test.fixture.AxonTestPhase$When","AxonTestPhase$When",12,"1033,1046,432",13,"1033,137,31",,0,1,7,62,12,5,""
"org.axonframework.test.fixture.AxonTestPhase$When$Event","AxonTestPhase$When$Event",12,"1033,1046,432",13,"1033,137,31",,0,1,7,60,4,3,""
"org.axonframework.test.fixture.AxonTestPhase$Then$MessageAssertions","AxonTestPhase$Then$MessageAssertions",12,"1046,1046,432",13,"1047,132,31",,0,95,7,58,6,4,""
"org.axonframework.test.fixture.AxonTestPhase$Then$Message","AxonTestPhase$Then$Message",12,"1046,1046,432",13,"1047,132,31",,0,95,7,31,8,3,""
"org.axonframework.test.fixture.AxonTestPhase$Then$Command","AxonTestPhase$Then$Command",12,"1046,1046,432",13,"1047,132,31",,0,95,7,59,5,3,""
"org.axonframework.test.matchers.FieldFilter","FieldFilter",12,"1067,1046,432",13,"1067,132,31",,0,96,4,20,9,,""
"org.axonframework.test.matchers.IgnoreField","IgnoreField",12,"1039,1046,432",13,"1051,132,31",,0,20,3,16,1,2,""
"org.axonframework.test.fixture.AxonTestPhase$When$Command","AxonTestPhase$When$Command",12,"1033,1046,432",13,"1033,137,31",,0,1,7,27,4,3,""
"org.axonframework.test.fixture.AxonTestWhen","AxonTestWhen",12,"1040,1046,432",13,"1040,137,31",,0,1,9,48,5,21,""
"org.axonframework.test.fixture.AxonTestThenCommand","AxonTestThenCommand",12,"1046,1046,432",13,"1047,132,31",,0,95,7,92,1,13,""
"org.axonframework.test.fixture.AxonTestPhase$Setup","AxonTestPhase$Setup",12,"1046,1046,432",13,"1047,132,31",,0,1,6,52,4,2,""
"org.axonframework.test.fixture.AxonTestPhase$Given","AxonTestPhase$Given",12,"4,309,309",13,"1052,132,31",,0,1,7,72,4,7,""
"org.axonframework.test.fixture.RecordingEventSink","RecordingEventSink",12,"1046,1046,432",13,"1047,132,31",,0,1,9,74,9,5,""
"org.axonframework.test.fixture.RecordingCommandBus","RecordingCommandBus",7,"1046,1046,432",0,"380,0,20",,0,1,9,2,8,10,""
"org.axonframework.test.fixture.Reporter","Reporter",12,"1046,1046,432",13,"1050,132,31",,0,95,4,34,3,2,""
"org.axonframework.test.fixture.AxonTestWhen$Command","AxonTestWhen$Command",12,"1040,1046,432",13,"1040,137,31",,0,1,7,57,1,7,""
"org.axonframework.test.fixture.AxonTestFixture","AxonTestFixture",12,"1039,1046,432",13,"1051,132,31",,0,20,9,4,1,17,""
"org.axonframework.test.fixture.AxonTestFixture$Customization","AxonTestFixture$Customization",12,"1039,1046,432",13,"1051,132,31",,0,20,7,97,10,2,""
"org.axonframework.test.AxonAssertionError","AxonAssertionError",12,"1046,1046,432",13,"1050,132,31",,0,95,3,27,3,,""
"org.axonframework.test.FixtureExecutionException","FixtureExecutionException",12,"1039,1046,432",13,"1051,132,31",,0,20,3,1,3,1,""
"org.axonframework.test.util.DescriptionUtils","DescriptionUtils",12,"1046,1046,432",0,"44,0,20",,0,1,1,30,1,,""
"org.axonframework.test.matchers.Matchers","Matchers",12,"1055,1046,432",13,"1064,149,31",,0,97,5,52,2,16,""
"org.axonframework.test.matchers.PayloadMatcher","PayloadMatcher",12,"1046,1046,432",13,"1047,132,31",,0,95,3,59,2,1,""
"org.axonframework.test.matchers.MatchAllFieldFilter","MatchAllFieldFilter",12,"1067,1046,432",13,"1067,132,31",,0,96,2,59,1,1,""
"org.axonframework.test.matchers.MapStringEntryMatcher","MapStringEntryMatcher",12,"1069,1046,432",13,"1069,132,31",,0,99,1,95,1,2,""
"org.axonframework.test.util.CallbackBehavior","CallbackBehavior",7,"432,432,47",0,"431,0,20",,0,1,3,9,2,1,""
"org.axonframework.test.util.DefaultCallbackBehavior","DefaultCallbackBehavior",7,"432,432,47",0,"431,0,20",,0,1,3,72,1,2,""
"org.axonframework.test.fixture.AxonTestGiven","AxonTestGiven",12,"4,309,309",13,"1052,132,31",,0,1,9,38,1,20,""
"org.axonframework.test.fixture.MessagesRecordingConfigurationEnhancer","MessagesRecordingConfigurationEnhancer",2,"1148,331,53",2,"1148,21,25",,0,2,8,48,1,9,""
"org.axonframework.test.fixture.CommandValidator","CommandValidator",12,"1046,1046,432",0,"44,0,20",,0,1,5,93,1,7,""
"org.axonframework.test.util.RecordingCommandBus","RecordingCommandBus",7,"432,432,47",0,"431,0,20",,0,1,9,91,1,15,""
"org.axonframework.test.fixture.AxonTestWhen$Event","AxonTestWhen$Event",12,"1040,1046,432",13,"1040,137,31",,0,1,7,53,1,7,""
"org.axonframework.test.fixture.AxonTestThenEvent","AxonTestThenEvent",12,"1046,1046,432",13,"1047,132,31",,0,95,7,37,1,11,""
"org.axonframework.test.fixture.AxonTestThenNothing","AxonTestThenNothing",12,"1046,1046,432",13,"1052,132,31",,0,1,7,28,2,7,""
"org.axonframework.test.fixture.RecordingEventBus","RecordingEventBus",2,"281,331,53",2,"506,21,25",,0,2,8,22,1,8,""
"org.axonframework.test.fixture.RecordingEventStore","RecordingEventStore",2,"1148,331,53",2,"1148,21,25",,0,2,9,32,1,12,""
"org.axonframework.test.fixture.AxonTestWhen$Nothing","AxonTestWhen$Nothing",12,"1040,1046,432",13,"1040,137,31",,0,1,7,43,1,7,""
"org.axonframework.test.fixture.AxonTestThenMessage","AxonTestThenMessage",12,"1046,1046,432",13,"1047,132,31",,0,95,8,8,3,19,""
"org.axonframework.test.fixture.AxonTestPhase","AxonTestPhase",12,"1046,1046,432",13,"1047,132,31",,0,1,7,74,,12,""
"org.axonframework.test.util.MessageMonitorReport","MessageMonitorReport",17,"1083,1087,309",3,"1083,153,3",,0,100,5,12,2,5,""
"org.axonframework.test.util.RecordingMessageMonitor","RecordingMessageMonitor",17,"1087,1087,309",3,"1087,153,3",,0,101,5,7,1,5,""
"org.axonframework.test.util.RecordingMessageMonitor$1","RecordingMessageMonitor$1",17,"1087,1087,309",3,"1087,153,3",,0,101,5,15,1,8,""
"org.axonframework.test.FixtureResourceParameterResolverFactory$FailingParameterResolver","FixtureResourceParameterResolverFactory$FailingParameterResolver",2,"1088,1108,1108",5,"1090,173,25",,0,102,3,79,1,3,""
"org.axonframework.test.server.AxonServerContainer","AxonServerContainer",21,"890,914,914",16,"890,1,8",,0,85,2,52,2,1,""
"org.axonframework.test.server.AxonServerContainerUtils","AxonServerContainerUtils",1,"928,1005,1005",1,"387,155,45",,0,1,2,1,1,1,""
"org.axonframework.test.FixtureResourceParameterResolverFactory","FixtureResourceParameterResolverFactory",2,"1088,1108,1108",5,"1090,173,25",,0,102,3,19,,4,""
"org.axonframework.test.matchers.NonStaticFieldsFilter","NonStaticFieldsFilter",12,"1067,1046,432",13,"1067,132,31",,0,96,1,39,,1,""
"org.axonframework.test.matchers.NonTransientFieldsFilter","NonTransientFieldsFilter",12,"1067,1046,432",13,"1067,132,31",,0,1,2,13,,2,""
"org.axonframework.test.matchers.PayloadsMatcher","PayloadsMatcher",1,"4,309,309",3,"276,12,3",,0,1,2,48,1,1,""
"org.axonframework.test.matchers.AllFieldsFilter","AllFieldsFilter",12,"1067,1046,432",13,"1067,132,31",,0,96,3,75,2,1,""
"org.axonframework.test.util.MessageMonitorReport$Report","MessageMonitorReport$Report",17,"1083,1087,309",3,"1083,153,3",,0,100,5,40,5,4,""
"org.axonframework.test.util.MessageMonitorReport$Report$Success","MessageMonitorReport$Report$Success",17,"1083,1087,309",3,"1083,153,3",,0,100,5,46,3,2,""
"org.axonframework.test.util.MessageMonitorReport$Report$Ignored","MessageMonitorReport$Report$Ignored",17,"1083,1087,309",3,"1083,153,3",,0,100,5,45,3,2,""
"org.axonframework.test.util.MessageMonitorReport$Report$Failure","MessageMonitorReport$Report$Failure",17,"1083,1087,309",3,"1083,153,3",,0,100,5,79,3,2,""
"org.axonframework.test.matchers.MapStringEntryMatcher$Matching","MapStringEntryMatcher$Matching",12,"1069,1046,432",13,"1069,132,31",,0,99,1,6,1,,""
"org.axonframework.test.matchers.SequenceMatcher","SequenceMatcher",12,"1093,1046,432",13,"1061,149,31",,0,98,2,75,1,1,""
"org.axonframework.test.matchers.ListMatcher","ListMatcher",12,"1093,1046,432",13,"1061,149,31",,0,98,2,0,4,,""
"org.axonframework.test.matchers.ExactSequenceMatcher","ExactSequenceMatcher",12,"1093,1046,432",13,"1061,149,31",,0,98,2,20,1,1,""
"org.axonframework.test.matchers.ListWithAllOfMatcher","ListWithAllOfMatcher",12,"1093,1046,432",13,"1061,149,31",,0,98,2,66,1,1,""
"org.axonframework.test.matchers.ListWithAnyOfMatcher","ListWithAnyOfMatcher",12,"1093,1046,432",13,"1061,149,31",,0,98,2,3,1,1,""
"org.axonframework.test.matchers.EqualsMatcher","EqualsMatcher",12,"1069,1046,432",13,"1069,132,31",,0,99,1,9,1,,""
"org.axonframework.test.matchers.PredicateMatcher","PredicateMatcher",12,"1055,1046,432",13,"1064,149,31",,0,97,1,82,1,,""
"org.axonframework.test.matchers.EmptyCollectionMatcher","EmptyCollectionMatcher",12,"1055,1046,432",13,"1064,149,31",,0,97,1,57,1,,""
"org.axonframework.test.matchers.ExactClassMatcher","ExactClassMatcher",12,"1055,1046,432",13,"1064,149,31",,0,97,2,20,1,1,""
"org.axonframework.test.matchers.DeepEqualsMatcher","DeepEqualsMatcher",12,"1067,1046,432",13,"1067,132,31",,0,96,4,91,1,5,""
"org.axonframework.test.matchers.NullOrVoidMatcher","NullOrVoidMatcher",12,"1055,1046,432",13,"1064,149,31",,0,97,1,35,1,,""
"org.axonframework.test.matchers.MatcherExecutionException","MatcherExecutionException",5,"180,794,794",6,"966,41,2",,0,10,2,60,1,1,""
"org.axonframework.eventsourcing.EventSourcingRepository","EventSourcingRepository",2,"1099,331,53",2,"1099,21,25",,0,2,9,80,1,16,""
"org.axonframework.eventsourcing.EventSourcingRepository$EventSourcedEntity","EventSourcingRepository$EventSourcedEntity",2,"1099,331,53",2,"1099,21,25",,0,2,5,98,1,5,""
"org.axonframework.eventsourcing.eventstore.EventStore","EventStore",2,"1148,331,53",2,"1148,21,25",,0,2,9,93,9,5,""
"org.axonframework.eventsourcing.CriteriaResolver","CriteriaResolver",3,"1161,154,154",4,"1161,49,29",,0,103,6,74,8,2,""
"org.axonframework.eventsourcing.EventSourcedEntityFactory","EventSourcedEntityFactory",3,"1161,154,154",4,"1161,49,29",,0,2,6,0,8,2,""
"org.axonframework.eventsourcing.eventstore.SourcingCondition","SourcingCondition",13,"1013,1005,1005",1,"1013,103,14",,0,93,9,84,11,4,""
"org.axonframework.eventsourcing.eventstore.EventStoreTransaction","EventStoreTransaction",2,"1148,331,53",2,"1148,21,25",,0,2,9,1,8,4,""
"org.axonframework.eventsourcing.annotation.CriteriaResolverDefinition","CriteriaResolverDefinition",3,"1161,154,154",4,"1161,49,29",,0,3,5,47,3,2,""
"org.axonframework.eventsourcing.annotation.AnnotationBasedEventCriteriaResolverDefinition","AnnotationBasedEventCriteriaResolverDefinition",3,"1161,154,154",4,"1161,49,29",,0,3,5,60,1,4,""
"org.axonframework.eventsourcing.annotation.EventTags","EventTags",13,"588,584,1005",1,"1132,103,14",,0,64,3,56,2,1,""
"org.axonframework.eventsourcing.annotation.reflection.AnnotationBasedEventSourcedEntityFactory","AnnotationBasedEventSourcedEntityFactory",2,"1108,1108,1108",5,"1110,173,25",,0,1,9,82,3,19,""
"org.axonframework.eventsourcing.EntityMissingAfterLoadOrCreateException","EntityMissingAfterLoadOrCreateException",2,"1099,331,53",2,"1099,21,25",,0,2,1,0,1,,""
"org.axonframework.eventsourcing.annotation.EventSourcedEntity","EventSourcedEntity",3,"1161,154,154",4,"1161,49,29",,0,3,5,37,2,6,""
"org.axonframework.eventsourcing.annotation.EventTag","EventTag",13,"588,584,1005",1,"1132,103,14",,0,64,3,53,2,1,""
"org.axonframework.eventsourcing.annotation.reflection.EntityCreator","EntityCreator",2,"1108,1108,1108",5,"1110,173,25",,0,1,1,20,1,,""
"org.axonframework.eventsourcing.annotation.EventSourcedEntityFactoryDefinition","EventSourcedEntityFactoryDefinition",3,"1161,154,154",4,"1161,49,29",,0,3,5,63,3,2,""
"org.axonframework.eventsourcing.annotation.reflection.AnnotationBasedEventSourcedEntityFactoryDefinition","AnnotationBasedEventSourcedEntityFactoryDefinition",3,"674,154,154",4,"674,49,29",,0,1,6,25,1,7,""
"org.axonframework.eventsourcing.annotation.reflection.AnnotationBasedEventSourcedEntityFactory$IdTypeParameterResolver","AnnotationBasedEventSourcedEntityFactory$IdTypeParameterResolver",2,"1108,1108,1108",5,"1110,173,25",,0,1,5,59,1,4,""
"org.axonframework.eventsourcing.annotation.reflection.InjectEntityId","InjectEntityId",2,"1108,1108,1108",5,"1110,173,25",,0,1,1,18,1,,""
"org.axonframework.eventsourcing.annotation.reflection.AnnotationBasedEventSourcedEntityFactory$ScannedEntityCreator","AnnotationBasedEventSourcedEntityFactory$ScannedEntityCreator",2,"1108,1108,1108",5,"1110,173,25",,0,1,8,69,1,8,""
"org.axonframework.eventsourcing.eventstore.TaggedEventMessage","TaggedEventMessage",13,"1128,1005,1005",1,"1129,116,14",,0,58,9,84,15,2,""
"org.axonframework.eventsourcing.eventstore.EventStorageEngine$AppendTransaction","EventStorageEngine$AppendTransaction",13,"1005,1005,1005",1,"1137,159,14",,0,92,9,50,12,2,""
"org.axonframework.eventsourcing.eventstore.AppendCondition","AppendCondition",13,"1005,1005,1005",1,"1137,159,14",,0,92,9,86,13,5,""
"org.axonframework.eventsourcing.eventstore.AppendEventsTransactionRejectedException","AppendEventsTransactionRejectedException",5,"180,794,794",1,"1132,103,14",,0,58,5,47,4,2,""
"org.axonframework.eventsourcing.eventstore.GlobalIndexPosition","GlobalIndexPosition",13,"1015,1005,1005",1,"1015,103,14",,0,94,4,11,3,1,""
"org.axonframework.eventsourcing.eventstore.TagResolver","TagResolver",13,"1147,584,1005",1,"1147,103,14",,0,2,5,74,7,2,""
"org.axonframework.eventsourcing.eventstore.ConsistencyMarkers$OriginConsistencyMarker","ConsistencyMarkers$OriginConsistencyMarker",13,"1005,1005,1005",1,"1137,159,14",,0,92,3,15,2,2,""
"org.axonframework.eventsourcing.eventstore.ConsistencyMarkers$InfinityConsistencyMarker","ConsistencyMarkers$InfinityConsistencyMarker",13,"1005,1005,1005",1,"1137,159,14",,0,92,3,10,2,2,""
"org.axonframework.eventsourcing.eventstore.AbstractConsistencyMarker","AbstractConsistencyMarker",13,"1005,1005,1005",1,"1137,159,14",,0,92,3,24,2,1,""
"org.axonframework.eventsourcing.eventstore.AggregateSequenceNumberPosition","AggregateSequenceNumberPosition",13,"1015,1005,1005",1,"1015,103,14",,0,94,4,67,3,1,""
"org.axonframework.eventsourcing.annotation.EventSourcingHandler","EventSourcingHandler",1,"493,1108,1108",3,"1122,12,3",,0,1,1,68,,1,""
"org.axonframework.eventsourcing.annotation.EventCriteriaBuilder","EventCriteriaBuilder",4,"1105,1108,1108",5,"1124,155,45",,0,104,1,90,1,,""
"org.axonframework.eventsourcing.annotation.AnnotationBasedEventCriteriaResolver","AnnotationBasedEventCriteriaResolver",4,"1105,1108,1108",5,"1124,155,45",,0,104,7,2,2,12,""
"org.axonframework.eventsourcing.annotation.AnnotationBasedEventCriteriaResolver$WrappedEventCriteriaBuilderMethod","AnnotationBasedEventCriteriaResolver$WrappedEventCriteriaBuilderMethod",4,"1105,1108,1108",5,"1124,155,45",,0,104,5,77,1,4,""
"org.axonframework.eventsourcing.eventstore.EventCoordinator$1","EventCoordinator$1",13,"928,1005,1005",1,"1141,79,14",,0,25,4,69,1,3,""
"org.axonframework.eventsourcing.eventstore.inmemory.InMemoryEventStorageEngine$MapBackedSourcingEventMessageStream","InMemoryEventStorageEngine$MapBackedSourcingEventMessageStream",13,"1128,1005,1005",1,"1129,116,14",,0,58,9,51,1,11,""
"org.axonframework.eventsourcing.eventstore.inmemory.InMemoryEventStorageEngine$MapBackedMessageStream","InMemoryEventStorageEngine$MapBackedMessageStream",13,"1128,1005,1005",1,"1129,116,14",,0,58,9,89,4,10,""
"org.axonframework.eventsourcing.eventstore.inmemory.InMemoryEventStorageEngine","InMemoryEventStorageEngine",13,"1128,1005,1005",1,"1129,116,14",,0,58,9,44,5,22,""
"org.axonframework.eventsourcing.eventstore.GlobalIndexConsistencyMarker","GlobalIndexConsistencyMarker",13,"1005,1005,1005",1,"1137,159,14",,0,92,6,49,6,4,""
"org.axonframework.eventsourcing.eventstore.inmemory.InMemoryEventStorageEngine$1","InMemoryEventStorageEngine$1",13,"1128,1005,1005",1,"1129,116,14",,0,58,9,28,1,10,""
"org.axonframework.eventsourcing.eventstore.inmemory.InMemoryEventStorageEngine$MapBackedStreamingEventMessageStream","InMemoryEventStorageEngine$MapBackedStreamingEventMessageStream",13,"1128,1005,1005",1,"1129,116,14",,0,58,6,47,1,5,""
"org.axonframework.eventsourcing.eventstore.AggregateBasedConsistencyMarker$AggregateSequencer","AggregateBasedConsistencyMarker$AggregateSequencer",13,"928,1005,1005",1,"1141,79,14",,0,25,6,95,5,1,""
"org.axonframework.eventsourcing.eventstore.AggregateBasedConsistencyMarker","AggregateBasedConsistencyMarker",13,"928,1005,1005",1,"1141,79,14",,0,25,7,92,7,8,""
"org.axonframework.eventsourcing.eventstore.AnnotationBasedTagResolver","AnnotationBasedTagResolver",13,"588,584,1005",1,"1132,103,14",,0,64,5,58,1,7,""
"org.axonframework.eventsourcing.eventstore.InterceptingEventStore$InterceptingAppender","InterceptingEventStore$InterceptingAppender",2,"1148,331,53",2,"1148,21,25",,0,1,9,19,2,7,""
"org.axonframework.eventsourcing.eventstore.StartPosition","StartPosition",13,"1015,1005,1005",1,"1015,103,14",,0,94,2,9,1,1,""
"org.axonframework.eventsourcing.EntityMissingAfterFirstEventException","EntityMissingAfterFirstEventException",2,"1099,331,53",2,"1099,21,25",,0,2,1,82,1,,""
"org.axonframework.eventsourcing.eventstore.AnnotationBasedTagResolver$TagResolutionException","AnnotationBasedTagResolver$TagResolutionException",13,"588,584,1005",1,"1132,103,14",,0,64,1,37,1,,""
"org.axonframework.eventsourcing.eventstore.EventCoordinator","EventCoordinator",13,"928,1005,1005",1,"1141,79,14",,0,25,5,79,5,3,""
"org.axonframework.eventsourcing.eventstore.EventCoordinator$Handle","EventCoordinator$Handle",13,"928,1005,1005",1,"1141,79,14",,0,25,5,17,6,1,""
"org.axonframework.eventsourcing.eventstore.ConsistencyMarker","ConsistencyMarker",13,"1005,1005,1005",1,"1137,159,14",,0,92,9,29,24,5,""
"org.axonframework.eventsourcing.eventstore.EventStorageEngine","EventStorageEngine",2,"331,331,53",1,"331,21,25",,0,2,9,0,11,11,""
"org.axonframework.eventsourcing.eventstore.Position","Position",13,"1015,1005,1005",1,"1015,103,14",,0,94,4,38,10,1,""
"org.axonframework.eventsourcing.eventstore.EmptyAppendTransaction","EmptyAppendTransaction",13,"1005,1005,1005",1,"1137,159,14",,0,92,6,21,3,3,""
"org.axonframework.eventsourcing.eventstore.DefaultAppendCondition","DefaultAppendCondition",13,"1005,1005,1005",1,"1137,159,14",,0,92,4,15,1,3,""
"org.axonframework.eventsourcing.eventstore.StreamSpliterator","StreamSpliterator",13,"928,1005,1005",1,"1141,79,14",,0,25,2,2,1,1,""
"org.axonframework.eventsourcing.eventstore.DefaultEventStoreTransaction","DefaultEventStoreTransaction",13,"1005,1005,1005",1,"1137,159,14",,0,92,9,26,1,15,""
"org.axonframework.eventsourcing.eventstore.jpa.AggregateBasedJpaEventStorageEngine$2","AggregateBasedJpaEventStorageEngine$2",13,"928,1005,1005",1,"1141,79,14",,0,25,7,75,1,12,""
"org.axonframework.eventsourcing.eventstore.jpa.AggregateBasedJpaEventStorageEngine$AggregateSource","AggregateBasedJpaEventStorageEngine$AggregateSource",13,"928,1005,1005",1,"1141,79,14",,0,25,4,69,1,3,""
"org.axonframework.eventsourcing.eventstore.jpa.AggregateBasedJpaEventStorageEngine$TokenAndEvent","AggregateBasedJpaEventStorageEngine$TokenAndEvent",13,"928,1005,1005",1,"1141,79,14",,0,25,3,21,1,2,""
"org.axonframework.eventsourcing.eventstore.jpa.AggregateEventEntry","AggregateEventEntry",13,"928,1005,1005",1,"1141,79,14",,0,25,3,16,3,1,""
"org.axonframework.eventsourcing.eventstore.jpa.GapAwareTrackingTokenOperations","GapAwareTrackingTokenOperations",13,"928,1005,1005",1,"1141,79,14",,0,25,4,26,1,4,""
"org.axonframework.eventsourcing.eventstore.jpa.AggregateBasedJpaEventStorageEngineConfiguration","AggregateBasedJpaEventStorageEngineConfiguration",13,"928,1005,1005",1,"1141,79,14",,0,25,5,42,2,4,""
"org.axonframework.eventsourcing.eventstore.MetadataBasedTagResolver","MetadataBasedTagResolver",13,"588,584,1005",1,"1132,103,14",,0,1,4,89,,4,""
"org.axonframework.eventsourcing.eventstore.StorageEngineBackedEventStore","StorageEngineBackedEventStore",2,"331,331,53",1,"331,21,25",,0,2,9,85,1,19,""
"org.axonframework.eventsourcing.eventstore.NoAppendCondition","NoAppendCondition",13,"1005,1005,1005",1,"1137,159,14",,0,92,4,13,1,3,""
"org.axonframework.eventsourcing.eventstore.EventStoreException","EventStoreException",5,"966,794,794",6,"966,41,2",,0,10,2,48,1,1,""
"org.axonframework.eventsourcing.eventstore.AggregateBasedEventStorageEngineUtils","AggregateBasedEventStorageEngineUtils",13,"588,584,1005",1,"1132,103,14",,0,64,7,71,4,5,""
"org.axonframework.eventsourcing.eventstore.MultiTagResolver","MultiTagResolver",13,"1147,584,1005",1,"1147,103,14",,0,2,3,34,,3,""
"org.axonframework.eventsourcing.eventstore.InterceptingEventStore","InterceptingEventStore",2,"1148,331,53",2,"1148,21,25",,0,2,9,0,2,15,""
"org.axonframework.eventsourcing.eventstore.InterceptingEventStore$InterceptingEventStoreTransaction","InterceptingEventStore$InterceptingEventStoreTransaction",2,"1148,331,53",2,"1148,21,25",,0,2,9,43,1,8,""
"org.axonframework.eventsourcing.eventstore.jpa.SQLErrorCodesResolver","SQLErrorCodesResolver",2,"1108,1108,1108",5,"1110,173,25",,0,1,3,76,1,4,""
"org.axonframework.eventsourcing.eventstore.jpa.SQLStateResolver","SQLStateResolver",5,"966,794,794",6,"966,41,2",,0,10,2,99,,2,""
"org.axonframework.eventsourcing.eventstore.jpa.AggregateBasedJpaEventStorageEngine$1","AggregateBasedJpaEventStorageEngine$1",13,"928,1005,1005",1,"1141,79,14",,0,25,3,43,1,2,""
"org.axonframework.eventsourcing.eventstore.jpa.AggregateBasedJpaEventStorageEngine","AggregateBasedJpaEventStorageEngine",13,"928,1005,1005",1,"1141,79,14",,0,25,9,87,3,50,""
"org.axonframework.eventsourcing.eventstore.jpa.JpaPollingEventCoordinator","JpaPollingEventCoordinator",13,"928,1005,1005",1,"1141,79,14",,0,25,5,75,2,5,""
"org.axonframework.eventsourcing.eventstore.jpa.JpaPollingEventCoordinator$1","JpaPollingEventCoordinator$1",13,"928,1005,1005",1,"1141,79,14",,0,25,4,0,1,3,""
"org.axonframework.eventsourcing.eventstore.GenericTaggedEventMessage","GenericTaggedEventMessage",13,"588,584,1005",1,"1132,103,14",,0,64,5,35,1,4,""
"org.axonframework.eventsourcing.eventstore.TooManyTagsOnEventMessageException","TooManyTagsOnEventMessageException",13,"588,584,1005",1,"1132,103,14",,0,64,3,13,1,2,""
"org.axonframework.eventsourcing.eventstore.DefaultSourcingCondition","DefaultSourcingCondition",13,"1013,1005,1005",1,"1013,103,14",,0,93,4,76,1,3,""
"org.axonframework.eventsourcing.eventstore.ContinuousMessageStream","ContinuousMessageStream",8,"103,703,703",8,"335,28,14",,0,1,6,73,1,5,""
"org.axonframework.eventsourcing.configuration.EventSourcedEntityModule$EntityIdResolverPhase","EventSourcedEntityModule$EntityIdResolverPhase",3,"1161,154,154",4,"1161,49,29",,0,103,6,58,4,4,""
"org.axonframework.eventsourcing.configuration.EventSourcedEntityModule$EntityFactoryPhase","EventSourcedEntityModule$EntityFactoryPhase",3,"1161,154,154",4,"1161,49,29",,0,103,6,43,4,3,""
"org.axonframework.eventsourcing.configuration.EventSourcedEntityModule$MessagingModelPhase","EventSourcedEntityModule$MessagingModelPhase",3,"1161,154,154",4,"1161,49,29",,0,103,5,15,3,2,""
"org.axonframework.eventsourcing.configuration.AnnotatedEventSourcedEntityModule","AnnotatedEventSourcedEntityModule",3,"1161,154,154",4,"1161,49,29",,0,3,9,96,1,25,""
"org.axonframework.eventsourcing.configuration.SimpleEventSourcedEntityModule$1","SimpleEventSourcedEntityModule$1",3,"1161,154,154",4,"1161,49,29",,0,103,4,58,1,3,""
"org.axonframework.eventsourcing.configuration.SimpleEventSourcedEntityModule$2","SimpleEventSourcedEntityModule$2",3,"1161,154,154",4,"1161,49,29",,0,103,4,21,1,3,""
"org.axonframework.eventsourcing.configuration.SimpleEventSourcedEntityModule$3","SimpleEventSourcedEntityModule$3",3,"1161,154,154",4,"1161,49,29",,0,103,4,32,1,3,""
"org.axonframework.eventsourcing.configuration.SimpleEventSourcedEntityModule$4","SimpleEventSourcedEntityModule$4",3,"1161,154,154",4,"1161,49,29",,0,103,4,59,1,3,""
"org.axonframework.eventsourcing.configuration.SimpleEventSourcedEntityModule$5","SimpleEventSourcedEntityModule$5",3,"1161,154,154",4,"1161,49,29",,0,103,4,7,1,3,""
"org.axonframework.eventsourcing.eventstore.ConsistencyMarkers","ConsistencyMarkers",13,"1005,1005,1005",1,"1137,159,14",,0,92,2,87,,2,""
"org.axonframework.eventsourcing.configuration.EventSourcingConfigurer","EventSourcingConfigurer",3,"1167,154,154",4,"154,169,29",,0,8,8,56,,15,""
"org.axonframework.eventsourcing.eventstore.PayloadBasedTagResolver","PayloadBasedTagResolver",13,"588,584,1005",1,"1132,103,14",,0,64,3,47,,3,""
"org.axonframework.eventsourcing.configuration.SimpleEventSourcedEntityModule","SimpleEventSourcedEntityModule",3,"1161,154,154",4,"1161,49,29",,0,103,9,1,6,32,""
"org.axonframework.eventsourcing.configuration.EventSourcedEntityModule","EventSourcedEntityModule",3,"1161,154,154",4,"1161,49,29",,0,103,6,13,3,7,""
"org.axonframework.eventsourcing.configuration.EventSourcedEntityModule$CriteriaResolverPhase","EventSourcedEntityModule$CriteriaResolverPhase",3,"1161,154,154",4,"1161,49,29",,0,103,6,18,4,3,""
"org.axonframework.eventsourcing.configuration.EventSourcingConfigurationDefaults","EventSourcingConfigurationDefaults",3,"674,154,154",4,"674,49,29",,0,2,8,78,1,13,""
