"codeUnitName","shortCodeUnitName","centralityHyperlinkInducedTopicSearchAuthority","centralityHyperlinkInducedTopicSearchHub","incomingDependencies","outgoingDependencies","Source Cypher File: domains/graph-algorithms/queries/centrality/Centrality_9d_Hyperlink_Induced_Topic_Search_HITS_Stream_Mutated.cypher"
"org.axonframework.common.configuration.ComponentRegistry: org.axonframework.common.configuration.ComponentRegistry registerDecorator(java.lang.Class,int,org.axonframework.common.configuration.ComponentDecorator)","registerDecorator",0.9284391823164254,7.612217000684707e-29,,,""
"org.axonframework.common.configuration.ComponentRegistry: org.axonframework.common.configuration.ComponentRegistry registerIfNotPresent(org.axonframework.common.configuration.ComponentDefinition,org.axonframework.common.configuration.SearchScope)","registerIfNotPresent",0.2815713390362404,0,,,""
"org.axonframework.common.configuration.ComponentRegistry: org.axonframework.common.configuration.ComponentRegistry registerIfNotPresent(org.axonframework.common.configuration.ComponentDefinition)","registerIfNotPresent",0.22360649064162516,0,,,""
"org.axonframework.common.configuration.ComponentRegistry: org.axonframework.common.configuration.ComponentRegistry registerComponent(java.lang.Class,org.axonframework.common.configuration.ComponentBuilder)","registerComponent",0.07946934548835172,0,,,""
"org.axonframework.common.BuilderUtils: void assertNonNull(java.lang.Object,java.lang.String)","assertNonNull",0.03538105994462736,5.792580089891844e-18,,,""
"org.axonframework.update.UpdateChecker: void start()","start",0.019558077123685708,3.2737339123141673e-13,,,""
"org.axonframework.update.UpdateChecker: void stop()","stop",0.019558077123685708,7.259575844464022e-35,,,""
"org.axonframework.update.detection.TestEnvironmentDetector: boolean isTestEnvironment()","isTestEnvironment",0.019558077123685708,0,,,""
"org.axonframework.common.ObjectUtils: java.util.function.Supplier sameInstanceSupplier(java.util.function.Supplier)","sameInstanceSupplier",0.0019069341541438317,0,,,""
"org.axonframework.common.jdbc.JdbcUtils: void closeQuietly(java.sql.Statement)","closeQuietly",8.55662568101156e-05,0,,,""
"org.axonframework.common.jdbc.JdbcUtils: void closeQuietly(java.sql.Connection)","closeQuietly",8.556625681011559e-05,0,,,""
"org.axonframework.common.jdbc.JdbcUtils: void closeQuietly(java.sql.ResultSet)","closeQuietly",2.5187430502015277e-05,0,,,""
"org.axonframework.common.infra.ComponentDescriptor: void describeWrapperOf(java.lang.Object)","describeWrapperOf",4.786165713111781e-06,0,,,""
"org.axonframework.common.configuration.AbstractComponent: void describeTo(org.axonframework.common.infra.ComponentDescriptor)","describeTo",2.171053451735417e-07,0,,,""
"org.axonframework.common.lifecycle.ShutdownLatch$ActivityHandle: void close()","close",4.845477169196088e-08,2.5597277328477196e-09,,,""
"org.axonframework.common.lifecycle.ShutdownLatch: org.axonframework.common.lifecycle.ShutdownLatch$ActivityHandle registerActivity()","registerActivity",2.4227385845980435e-08,7.612217000684707e-29,,,""
"org.axonframework.common.lifecycle.ShutdownLatch: void ifShuttingDown(java.lang.String)","ifShuttingDown",2.4227385845980435e-08,7.612217000684707e-29,,,""
"org.axonframework.common.lifecycle.ShutdownLatch$ActivityHandle: void end()","end",1.786679781971552e-08,0,,,""
"io.axoniq.framework.axonserver.connector.query.QueryConverter: io.axoniq.axonserver.grpc.query.QueryRequest convertQueryMessage(org.axonframework.messaging.queryhandling.QueryMessage,java.lang.String,java.lang.String)","convertQueryMessage",1.70231315562687e-08,3.3923900177935624e-14,,,""
"org.axonframework.common.configuration.LazyInitializedComponentDefinition: java.lang.Object doResolve(org.axonframework.common.configuration.Configuration)","doResolve",1.0626594412033591e-08,0,,,""
"io.axoniq.framework.axonserver.connector.command.CommandConverter: io.axoniq.axonserver.grpc.command.Command convertCommandMessage(org.axonframework.messaging.commandhandling.CommandMessage,java.lang.String,java.lang.String)","convertCommandMessage",7.204254289711737e-09,3.3923900177935624e-14,,,""
"org.axonframework.messaging.monitoring.configuration.DefaultMessageMonitorRegistry: org.axonframework.messaging.monitoring.configuration.MessageMonitorRegistry registerCommandMonitor(org.axonframework.common.configuration.ComponentBuilder)","registerCommandMonitor",2.656648603008398e-09,2.7693084123474215e-21,,,""
"org.axonframework.messaging.monitoring.configuration.DefaultMessageMonitorRegistry: org.axonframework.messaging.monitoring.configuration.MessageMonitorRegistry registerEventMonitor(org.axonframework.common.configuration.ComponentBuilder)","registerEventMonitor",2.656648603008398e-09,2.7693084123474215e-21,,,""
"org.axonframework.messaging.monitoring.configuration.DefaultMessageMonitorRegistry: org.axonframework.messaging.monitoring.configuration.MessageMonitorRegistry registerQueryMonitor(org.axonframework.common.configuration.ComponentBuilder)","registerQueryMonitor",2.656648603008398e-09,2.7693084123474215e-21,,,""
"org.axonframework.messaging.monitoring.configuration.DefaultMessageMonitorRegistry: org.axonframework.messaging.monitoring.configuration.MessageMonitorRegistry registerSubscriptionQueryUpdateMonitor(org.axonframework.common.configuration.ComponentBuilder)","registerSubscriptionQueryUpdateMonitor",2.656648603008398e-09,2.7693084123474215e-21,,,""
"org.axonframework.common.Assert: void isTrue(boolean,java.util.function.Supplier)","isTrue",1.012813747684683e-10,0,,,""
"org.axonframework.common.Assert: void notNull(java.lang.Object,java.util.function.Supplier)","notNull",2.1226624297882276e-11,1.4510308250631981e-11,,,""
"org.axonframework.common.ReflectionUtils: java.util.Set collectSealedHierarchyIfSealed(java.lang.Class)","collectSealedHierarchyIfSealed",8.006106651932798e-12,0,,,""
"org.axonframework.modelling.entity.annotation.AnnotatedEntityMetamodel: org.axonframework.modelling.entity.annotation.AnnotatedEntityMetamodel forPolymorphicType(java.lang.Class,java.util.Set,org.axonframework.messaging.core.annotation.ParameterResolverFactory,org.axonframework.messaging.core.MessageTypeResolver,org.axonframework.messaging.core.conversion.MessageConverter,org.axonframework.messaging.eventhandling.conversion.EventConverter)","forPolymorphicType",8.006106651932798e-12,1.4510308250631981e-11,,,""
"org.axonframework.messaging.eventhandling.processing.streaming.segmenting.Segment: boolean isMergeableWith(org.axonframework.messaging.eventhandling.processing.streaming.segmenting.Segment)","isMergeableWith",7.41960085406898e-12,7.259575844464022e-35,,,""
"org.axonframework.common.ObjectUtils: java.lang.Class nullSafeTypeOf(java.lang.Object)","nullSafeTypeOf",2.624124074659592e-12,0,,,""
"org.axonframework.common.ObjectUtils: java.lang.Object getOrDefault(java.lang.Object,java.lang.Object)","getOrDefault",2.28505325688649e-12,0,,,""
"org.axonframework.messaging.core.MessageTypeResolver: org.axonframework.messaging.core.MessageType resolveOrThrow(java.lang.Class)","resolveOrThrow",2.5758161357318977e-13,0,,,""
"io.axoniq.framework.axonserver.connector.shared.MetadataConverter: java.util.Map convertGrpcToMetadataValues(java.util.Map)","convertGrpcToMetadataValues",2.3678747468234947e-13,0,,,""
"org.axonframework.messaging.core.GenericMessage: java.lang.Object payloadAs(java.lang.reflect.Type,org.axonframework.conversion.Converter)","payloadAs",2.345576497028e-13,0,,,""
"io.axoniq.framework.axonserver.connector.api.AxonServerConfiguration: io.axoniq.framework.axonserver.connector.api.AxonServerConfiguration$FlowControlConfiguration getCommandFlowControl()","getCommandFlowControl",1.961359812477896e-13,1.606456991875248e-18,,,""
"io.axoniq.framework.axonserver.connector.api.AxonServerConfiguration: io.axoniq.framework.axonserver.connector.api.AxonServerConfiguration$FlowControlConfiguration getQueryFlowControl()","getQueryFlowControl",1.961359812477896e-13,1.606456991875248e-18,,,""
"io.axoniq.framework.axonserver.connector.api.AxonServerConfiguration: java.lang.String getComponentName()","getComponentName",1.961359812477896e-13,0,,,""
"org.axonframework.test.fixture.Reporter: void reportUnexpectedException(java.lang.Throwable,org.hamcrest.Description)","reportUnexpectedException",1.8107033313487665e-14,0,,,""
"org.axonframework.test.fixture.Reporter: void reportWrongResult(java.lang.Object,java.lang.Object)","reportWrongResult",1.6275418806858722e-14,0,,,""
"org.axonframework.test.matchers.PayloadMatcher: void describeTo(org.hamcrest.Description)","describeTo",1.1683123840806061e-14,0,,,""
"org.axonframework.test.fixture.Reporter: void reportUnexpectedReturnValue(java.lang.Object,org.hamcrest.Description)","reportUnexpectedReturnValue",4.381524044883899e-16,0,,,""
"org.axonframework.modelling.entity.annotation.AnnotatedEntityMetamodel: java.lang.Class getExpectedRepresentation(org.axonframework.messaging.core.QualifiedName)","getExpectedRepresentation",4.3815240448838977e-16,1.255458165811047e-16,,,""
"org.axonframework.test.fixture.AxonTestThenMessage: org.axonframework.test.fixture.AxonTestPhase$Then$Message exception(java.lang.Class)","exception",1.4605080149612998e-16,0,,,""
"org.axonframework.test.fixture.AxonTestThenMessage: org.axonframework.test.fixture.AxonTestPhase$Then$Message exception(java.lang.Class,java.lang.String)","exception",1.4605080149612998e-16,0,,,""
"org.axonframework.test.fixture.AxonTestThenMessage: org.axonframework.test.fixture.AxonTestPhase$Then$Message exceptionSatisfies(java.util.function.Consumer)","exceptionSatisfies",1.4605080149612998e-16,0,,,""
"org.axonframework.common.BuilderUtils: void assertThat(java.lang.Object,java.util.function.Predicate,java.lang.String)","assertThat",4.0431978757939305e-17,2.5312575812353554e-25,,,""
"org.axonframework.messaging.core.timeout.AxonTimeLimitedTask: void complete()","complete",1.1551993930839809e-17,0,,,""
"io.axoniq.framework.axonserver.connector.api.AxonServerConfiguration: java.lang.Integer getNewPermitsThreshold()","getNewPermitsThreshold",6.070511343338566e-18,0,,,""
"org.axonframework.messaging.core.timeout.AxonTimeLimitedTask: java.lang.Exception detectInterruptionInsteadOfException(java.lang.Exception)","detectInterruptionInsteadOfException",5.7759969654199046e-18,0,,,""
"org.axonframework.messaging.core.timeout.AxonTimeLimitedTask: void ensureNoInterruptionWasSwallowed()","ensureNoInterruptionWasSwallowed",5.7759969654199046e-18,0,,,""
"org.axonframework.messaging.core.timeout.AxonTimeLimitedTask: void start()","start",5.7759969654199046e-18,0,,,""
"io.axoniq.framework.axonserver.connector.api.AxonServerConfiguration: java.lang.Integer getNrOfNewPermits()","getNrOfNewPermits",5.142494599278595e-18,8.69705718669055e-19,,,""
"io.axoniq.framework.axonserver.connector.shared.MetadataConverter: java.util.Map convertMetadataValuesToGrpc(java.util.Map)","convertMetadataValuesToGrpc",3.188037106749658e-18,0,,,""
"io.axoniq.framework.axonserver.connector.shared.ExceptionConverter: org.axonframework.common.AxonException convertToAxonException(java.lang.String,io.axoniq.axonserver.grpc.ErrorMessage,io.axoniq.axonserver.grpc.SerializedObject)","convertToAxonException",7.525934719802673e-19,7.259575844464022e-35,,,""
"org.axonframework.messaging.commandhandling.GenericCommandResultMessage: org.axonframework.messaging.commandhandling.GenericCommandResultMessage withConverter(org.axonframework.conversion.Converter)","withConverter",7.525934719802673e-19,0,,,""
"org.axonframework.messaging.commandhandling.GenericCommandMessage: org.axonframework.messaging.commandhandling.GenericCommandMessage withConverter(org.axonframework.conversion.Converter)","withConverter",6.088609086923477e-19,0,,,""
"org.axonframework.messaging.queryhandling.GenericQueryMessage: org.axonframework.messaging.queryhandling.GenericQueryMessage withConverter(org.axonframework.conversion.Converter)","withConverter",6.088609086923477e-19,0,,,""
"org.axonframework.messaging.queryhandling.GenericQueryResponseMessage: org.axonframework.messaging.queryhandling.GenericQueryResponseMessage withConverter(org.axonframework.conversion.Converter)","withConverter",6.088609086923477e-19,0,,,""
"org.axonframework.messaging.queryhandling.GenericSubscriptionQueryUpdateMessage: org.axonframework.messaging.queryhandling.GenericSubscriptionQueryUpdateMessage withConverter(org.axonframework.conversion.Converter)","withConverter",6.088609086923477e-19,0,,,""
"org.axonframework.test.fixture.Reporter: void reportWrongEvent(java.util.Collection,java.util.Collection,java.lang.Throwable)","reportWrongEvent",7.117541401943781e-20,0,,,""
"org.axonframework.common.BuilderUtils: void assertNonEmpty(java.lang.String,java.lang.String)","assertNonEmpty",4.832415657817177e-20,5.792580089891844e-18,,,""
"org.axonframework.modelling.configuration.ModellingConfigurer: org.axonframework.modelling.configuration.ModellingConfigurer componentRegistry(java.util.function.Consumer)","componentRegistry",4.832415657817177e-20,2.5312575812353554e-25,,,""
"org.axonframework.common.io.IOUtils: void closeQuietly(java.lang.AutoCloseable)","closeQuietly",2.899449394690307e-20,0,,,""
"org.axonframework.messaging.core.MessageTypeResolver: org.axonframework.messaging.core.MessageType resolveOrThrow(java.lang.Object)","resolveOrThrow",2.899449394690307e-20,4.1285416908534337e-13,,,""
"org.axonframework.test.fixture.AxonTestGiven: org.axonframework.test.fixture.AxonTestPhase$Given commands(org.axonframework.messaging.commandhandling.CommandMessage[])","commands",2.899449394690307e-20,0,,,""
"org.axonframework.test.fixture.AxonTestGiven: org.axonframework.test.fixture.AxonTestPhase$Given events(org.axonframework.messaging.eventhandling.EventMessage[])","events",2.899449394690307e-20,0,,,""
"org.axonframework.test.fixture.AxonTestWhen: org.axonframework.test.fixture.AxonTestWhen$Event events(org.axonframework.messaging.eventhandling.EventMessage[])","events",2.899449394690307e-20,0,,,""
"org.axonframework.messaging.core.interception.DefaultDispatchInterceptorRegistry: org.axonframework.messaging.core.interception.DispatchInterceptorRegistry registerCommandInterceptor(org.axonframework.messaging.core.interception.DispatchInterceptorFactory)","registerCommandInterceptor",1.9329662631268717e-20,0,,,""
"org.axonframework.messaging.core.interception.DefaultDispatchInterceptorRegistry: org.axonframework.messaging.core.interception.DispatchInterceptorRegistry registerEventInterceptor(org.axonframework.messaging.core.interception.DispatchInterceptorFactory)","registerEventInterceptor",1.9329662631268717e-20,0,,,""
"org.axonframework.messaging.core.interception.DefaultDispatchInterceptorRegistry: org.axonframework.messaging.core.interception.DispatchInterceptorRegistry registerQueryInterceptor(org.axonframework.messaging.core.interception.DispatchInterceptorFactory)","registerQueryInterceptor",1.9329662631268717e-20,0,,,""
"org.axonframework.messaging.core.interception.DefaultDispatchInterceptorRegistry: org.axonframework.messaging.core.interception.DispatchInterceptorRegistry registerSubscriptionQueryUpdateInterceptor(org.axonframework.messaging.core.interception.DispatchInterceptorFactory)","registerSubscriptionQueryUpdateInterceptor",1.9329662631268717e-20,0,,,""
"org.axonframework.messaging.monitoring.configuration.DefaultMessageMonitorRegistry: org.axonframework.messaging.monitoring.configuration.MessageMonitorRegistry registerCommandMonitor(org.axonframework.messaging.monitoring.configuration.MessageMonitorFactory)","registerCommandMonitor",1.9329662631268717e-20,0,,,""
"org.axonframework.messaging.monitoring.configuration.DefaultMessageMonitorRegistry: org.axonframework.messaging.monitoring.configuration.MessageMonitorRegistry registerEventMonitor(org.axonframework.messaging.monitoring.configuration.MessageMonitorFactory)","registerEventMonitor",1.9329662631268717e-20,0,,,""
"org.axonframework.messaging.monitoring.configuration.DefaultMessageMonitorRegistry: org.axonframework.messaging.monitoring.configuration.MessageMonitorRegistry registerQueryMonitor(org.axonframework.messaging.monitoring.configuration.MessageMonitorFactory)","registerQueryMonitor",1.9329662631268717e-20,0,,,""
"org.axonframework.messaging.monitoring.configuration.DefaultMessageMonitorRegistry: org.axonframework.messaging.monitoring.configuration.MessageMonitorRegistry registerSubscriptionQueryUpdateMonitor(org.axonframework.messaging.monitoring.configuration.MessageMonitorFactory)","registerSubscriptionQueryUpdateMonitor",1.9329662631268717e-20,0,,,""
"org.axonframework.test.fixture.AxonTestThenMessage: org.axonframework.test.fixture.AxonTestPhase$Then$Message events(java.lang.Object[])","events",1.680223603527886e-20,2.0394217587376744e-20,,,""
"org.axonframework.common.ExceptionUtils: boolean isExplicitlyNonTransient(java.lang.Throwable)","isExplicitlyNonTransient",5.571395931096267e-22,7.981988053709967e-23,,,""
"org.axonframework.common.ReflectionUtils: java.lang.reflect.AccessibleObject ensureAccessible(java.lang.reflect.AccessibleObject)","ensureAccessible",5.571395931096267e-22,0,,,""
"org.axonframework.messaging.core.DelayedMessageStream: org.axonframework.messaging.core.MessageStream create(java.util.concurrent.CompletableFuture)","create",5.571395931096267e-22,0,,,""
"org.axonframework.messaging.core.interception.DefaultHandlerInterceptorRegistry: org.axonframework.messaging.core.interception.HandlerInterceptorRegistry registerCommandInterceptor(org.axonframework.messaging.core.interception.HandlerInterceptorFactory)","registerCommandInterceptor",2.785697965548134e-22,0,,,""
"org.axonframework.messaging.core.interception.DefaultHandlerInterceptorRegistry: org.axonframework.messaging.core.interception.HandlerInterceptorRegistry registerEventInterceptor(org.axonframework.messaging.core.interception.HandlerInterceptorFactory)","registerEventInterceptor",2.785697965548134e-22,0,,,""
"org.axonframework.messaging.core.interception.DefaultHandlerInterceptorRegistry: org.axonframework.messaging.core.interception.HandlerInterceptorRegistry registerQueryInterceptor(org.axonframework.messaging.core.interception.HandlerInterceptorFactory)","registerQueryInterceptor",2.785697965548134e-22,0,,,""
"org.axonframework.common.Assert: void state(boolean,java.util.function.Supplier)","state",2.7856979655481335e-22,0,,,""
"org.axonframework.common.ObjectUtils: java.lang.CharSequence getNonEmptyOrDefault(java.lang.CharSequence,java.lang.CharSequence)","getNonEmptyOrDefault",2.7856979655481335e-22,0,,,""
"org.axonframework.common.TypeReference: java.lang.Class getTypeAsClass()","getTypeAsClass",2.7856979655481335e-22,0,,,""
"org.axonframework.common.configuration.Components: boolean contains(org.axonframework.common.configuration.Component$Identifier)","contains",2.7856979655481335e-22,0,,,""
"org.axonframework.messaging.core.annotation.AnnotatedHandlerInspector: java.util.Set getAllInspectedTypes()","getAllInspectedTypes",2.7856979655481335e-22,7.981988053709967e-23,,,""
"org.axonframework.messaging.eventhandling.processing.streaming.pooled.PooledStreamingEventProcessorsConfigurer: org.axonframework.messaging.eventhandling.processing.streaming.pooled.PooledStreamingEventProcessorsConfigurer componentRegistry(java.util.function.Consumer)","componentRegistry",2.7856979655481335e-22,0,,,""
"org.axonframework.conversion.avro.AvroUtil: long fingerprint(byte[])","fingerprint",1.59688864320974e-22,0,,,""
"org.axonframework.conversion.avro.SchemaIncompatibilityChecker: void assertSchemaCompatibility(java.lang.Class,org.apache.avro.Schema,org.apache.avro.Schema,boolean)","assertSchemaCompatibility",1.404280296421969e-22,7.612217000684707e-29,,,""
"org.axonframework.conversion.avro.AvroUtil: org.apache.avro.Schema getClassSchemaChecked(java.lang.Class)","getClassSchemaChecked",1.0422950328398071e-22,0,,,""
"org.axonframework.messaging.core.Metadata: org.axonframework.messaging.core.Metadata from(java.util.Map)","from",6.341762312955226e-23,0,,,""
"org.axonframework.conversion.avro.AvroUtil: byte[] payload(byte[])","payload",5.545936103699328e-23,0,,,""
"org.axonframework.messaging.core.Metadata: boolean equals(java.lang.Object)","equals",3.91942466143301e-23,0,,,""
"org.axonframework.common.Assert: java.lang.Object nonNull(java.lang.Object,java.util.function.Supplier)","nonNull",2.003588597145804e-23,1.4510308250631981e-11,,,""
"org.axonframework.eventsourcing.eventstore.GlobalIndexPosition: long toIndex(org.axonframework.eventsourcing.eventstore.Position)","toIndex",2.003588597145804e-23,0,,,""
"org.axonframework.common.ReflectionUtils: java.lang.Class getMemberValueType(java.lang.reflect.Member)","getMemberValueType",2.0035885971458033e-23,0,,,""
"org.axonframework.messaging.eventhandling.processing.streaming.pooled.Coordinator$RunState: org.axonframework.messaging.eventhandling.processing.streaming.pooled.Coordinator$RunState attemptStop()","attemptStop",1.1736750267919287e-23,0,,,""
"org.axonframework.common.lock.PessimisticLockFactory$DisposableLock: boolean lock()","lock",8.29913570353875e-24,0,,,""
"org.axonframework.eventsourcing.eventstore.AggregateSequenceNumberPosition: long toSequenceNumber(org.axonframework.eventsourcing.eventstore.Position)","toSequenceNumber",8.29913570353875e-24,0,,,""
"org.axonframework.common.ProcessUtils: void executeUntilTrue(java.util.function.BooleanSupplier,long,long)","executeUntilTrue",8.299135703538746e-24,0,,,""
"org.axonframework.common.ReflectionUtils: java.lang.String fieldNameFromMember(java.lang.reflect.Member)","fieldNameFromMember",8.299135703538746e-24,0,,,""
"org.axonframework.messaging.eventhandling.processing.streaming.pooled.Coordinator$RunState: org.axonframework.messaging.eventhandling.processing.streaming.pooled.Coordinator$RunState attemptStart()","attemptStart",8.299135703538746e-24,0,,,""
"org.axonframework.common.Assert: void assertThat(java.lang.Object,java.util.function.Predicate,java.util.function.Supplier)","assertThat",1.766807729322075e-24,0,,,""
"org.axonframework.extension.metrics.micrometer.reservoir.SlidingTimeWindowReservoir: void update(long)","update",1.766807729322075e-24,0,,,""
"org.axonframework.messaging.core.configuration.MessagingConfigurer: org.axonframework.messaging.core.configuration.MessagingConfigurer componentRegistry(java.util.function.Consumer)","componentRegistry",1.766807729322075e-24,0,,,""
"org.axonframework.messaging.eventhandling.processing.streaming.pooled.WorkPackage: void scheduleWorker()","scheduleWorker",1.766807729322075e-24,0,,,""
"org.axonframework.messaging.eventhandling.configuration.EventProcessingConfigurer: org.axonframework.messaging.eventhandling.configuration.EventProcessingConfigurer componentRegistry(java.util.function.Consumer)","componentRegistry",5.889359097740247e-25,0,,,""
"org.axonframework.messaging.eventhandling.processing.streaming.pooled.PooledStreamingEventProcessorsConfigurer: void build()","build",5.889359097740247e-25,7.981988053709967e-23,,,""
"org.axonframework.messaging.eventhandling.processing.subscribing.SubscribingEventProcessorsConfigurer: void build()","build",5.889359097740247e-25,7.259575844464022e-35,,,""
"org.axonframework.update.api.UpdateCheckRequest: java.lang.String toQueryString()","toQueryString",5.889359097740247e-25,7.259575844464022e-35,,,""
"org.axonframework.update.api.UpdateCheckRequest: java.lang.String toUserAgent()","toUserAgent",5.889359097740247e-25,0,,,""
"org.axonframework.update.api.UpdateCheckResponse: org.axonframework.update.api.UpdateCheckResponse fromRequest(java.lang.String)","fromRequest",5.889359097740247e-25,0,,,""
"org.axonframework.common.ReflectionUtils: java.lang.Object getFieldValue(java.lang.reflect.Field,java.lang.Object)","getFieldValue",8.390202527496019e-26,7.981988053709967e-23,,,""
"org.axonframework.eventsourcing.eventstore.AggregateBasedEventStorageEngineUtils: void assertValidTags(java.util.List)","assertValidTags",8.390202527496019e-26,0,,,""
"org.axonframework.common.ReflectionUtils: java.lang.Object invokeAndGetMethodValue(java.lang.reflect.Method,java.lang.Object)","invokeAndGetMethodValue",5.185430334487814e-26,7.981988053709967e-23,,,""
"org.axonframework.eventsourcing.eventstore.AggregateBasedConsistencyMarker: org.axonframework.eventsourcing.eventstore.AggregateBasedConsistencyMarker from(org.axonframework.eventsourcing.eventstore.AppendCondition)","from",5.185430334487814e-26,0,,,""
"org.axonframework.common.Assert: java.lang.String nonEmpty(java.lang.String,java.lang.String)","nonEmpty",5.313297206016795e-28,2.5312575812353554e-25,,,""
"org.axonframework.common.BuilderUtils: void assertStrictPositive(int,java.lang.String)","assertStrictPositive",5.313297206016795e-28,5.792580089891844e-18,,,""
"org.axonframework.common.BuilderUtils: void assertStrictPositive(long,java.lang.String)","assertStrictPositive",5.313297206016795e-28,5.792580089891844e-18,,,""
"org.axonframework.common.configuration.BaseModule: org.axonframework.common.configuration.Configuration build(org.axonframework.common.configuration.Configuration,org.axonframework.common.configuration.LifecycleRegistry)","build",5.313297206016795e-28,0,,,""
"org.axonframework.common.configuration.DecoratorDefinition: org.axonframework.common.configuration.DecoratorDefinition$PartialDecoratorDefinition forType(java.lang.Class)","forType",5.313297206016795e-28,0,,,""
"org.axonframework.common.lifecycle.ShutdownLatch: java.util.concurrent.CompletableFuture initiateShutdown()","initiateShutdown",5.313297206016795e-28,0,,,""
"org.axonframework.common.lifecycle.ShutdownLatch: void ifShuttingDown(java.util.function.Supplier)","ifShuttingDown",5.313297206016795e-28,0,,,""
"org.axonframework.common.lifecycle.ShutdownLatch: void initialize()","initialize",5.313297206016795e-28,0,,,""
"org.axonframework.common.tx.TransactionalExecutor: java.util.concurrent.CompletableFuture accept(org.axonframework.common.function.ThrowingConsumer)","accept",5.313297206016795e-28,0,,,""
"org.axonframework.conversion.ChainingContentTypeConverter: void registerConverter(org.axonframework.conversion.ContentTypeConverter)","registerConverter",5.313297206016795e-28,0,,,""
"org.axonframework.messaging.core.DelayedMessageStream: org.axonframework.messaging.core.MessageStream$Single createSingle(java.util.concurrent.CompletableFuture)","createSingle",5.313297206016795e-28,0,,,""
"org.axonframework.messaging.core.MessageStream: org.axonframework.messaging.core.MessageStream$Single fromFuture(java.util.concurrent.CompletableFuture,java.util.function.Function)","fromFuture",5.313297206016795e-28,7.612217000684707e-29,,,""
"org.axonframework.messaging.core.configuration.reflection.ParameterResolverFactoryUtils: void registerToComponentRegistry(org.axonframework.common.configuration.ComponentRegistry,java.util.function.Function)","registerToComponentRegistry",5.313297206016795e-28,7.259575844464022e-35,,,""
"org.axonframework.messaging.eventhandling.configuration.EventProcessorCustomization: org.axonframework.messaging.eventhandling.configuration.EventProcessorCustomization andThen(org.axonframework.messaging.eventhandling.configuration.EventProcessorCustomization)","andThen",5.313297206016795e-28,0,,,""
"org.axonframework.messaging.eventhandling.processing.streaming.pooled.Coordinator: java.util.concurrent.CompletableFuture stop()","stop",5.313297206016795e-28,1.6814924228419603e-24,,,""
"org.axonframework.messaging.eventhandling.processing.streaming.pooled.PooledStreamingEventProcessorModule$Customization: org.axonframework.messaging.eventhandling.processing.streaming.pooled.PooledStreamingEventProcessorModule$Customization andThen(org.axonframework.messaging.eventhandling.processing.streaming.pooled.PooledStreamingEventProcessorModule$Customization)","andThen",5.313297206016795e-28,0,,,""
"org.axonframework.messaging.eventhandling.processing.streaming.pooled.PooledStreamingEventProcessorsConfigurer: org.axonframework.messaging.eventhandling.processing.streaming.pooled.PooledStreamingEventProcessorsConfigurer processor(org.axonframework.common.configuration.ModuleBuilder)","processor",5.313297206016795e-28,0,,,""
"org.axonframework.messaging.eventhandling.processing.streaming.segmenting.Segment: org.axonframework.messaging.eventhandling.processing.streaming.segmenting.Segment[] split()","split",5.313297206016795e-28,0,,,""
"org.axonframework.messaging.eventhandling.processing.subscribing.SubscribingEventProcessorModule$Customization: org.axonframework.messaging.eventhandling.processing.subscribing.SubscribingEventProcessorModule$Customization andThen(org.axonframework.messaging.eventhandling.processing.subscribing.SubscribingEventProcessorModule$Customization)","andThen",5.313297206016795e-28,0,,,""
"org.axonframework.messaging.eventhandling.processing.subscribing.SubscribingEventProcessorsConfigurer: org.axonframework.messaging.eventhandling.processing.subscribing.SubscribingEventProcessorsConfigurer processor(org.axonframework.common.configuration.ModuleBuilder)","processor",5.313297206016795e-28,0,,,""
"org.axonframework.messaging.eventstreaming.OrEventCriteria: org.axonframework.messaging.eventstreaming.EventCriteria or(org.axonframework.messaging.eventstreaming.EventCriteria)","or",5.313297206016795e-28,0,,,""
"org.axonframework.test.fixture.CommandValidator: void assertDispatchedEqualTo(java.lang.Object[])","assertDispatchedEqualTo",5.313297206016795e-28,5.615253557974779e-24,,,""
"org.axonframework.common.CollectionUtils: java.util.Collection intersect(java.util.Collection,java.util.Collection,java.util.function.Supplier)","intersect",2.6566486030083976e-28,0,,,""
"org.axonframework.common.CollectionUtils: java.util.Collection merge(java.util.Collection,java.util.Collection,java.util.function.Supplier)","merge",2.6566486030083976e-28,0,,,""
"org.axonframework.conversion.ChainingContentTypeConverter: boolean canConvert(java.lang.reflect.Type,java.lang.reflect.Type)","canConvert",2.6566486030083976e-28,0,,,""
"org.axonframework.conversion.ChainingContentTypeConverter: java.lang.Object convert(java.lang.Object,java.lang.reflect.Type)","convert",2.6566486030083976e-28,0,,,""
"org.axonframework.conversion.avro.AvroUtil: java.lang.String incompatibilityPrinter(org.apache.avro.SchemaCompatibility$Incompatibility)","incompatibilityPrinter",2.6566486030083976e-28,0,,,""
"org.axonframework.conversion.avro.AvroUtil: org.axonframework.conversion.ConversionException createExceptionFailedToDeserialize(java.lang.Class,org.apache.avro.Schema,org.apache.avro.Schema,java.lang.String,boolean)","createExceptionFailedToDeserialize",2.6566486030083976e-28,0,,,""
"org.axonframework.eventsourcing.eventstore.inmemory.InMemoryEventStorageEngine$MapBackedMessageStream: boolean hasNextAvailable()","hasNextAvailable",2.6566486030083976e-28,0,,,""
"org.axonframework.eventsourcing.eventstore.inmemory.InMemoryEventStorageEngine$MapBackedMessageStream: boolean isCompleted()","isCompleted",2.6566486030083976e-28,0,,,""
"org.axonframework.messaging.core.unitofwork.ResourceOverridingProcessingContext: org.axonframework.messaging.core.unitofwork.ProcessingLifecycle onError(org.axonframework.messaging.core.unitofwork.ProcessingLifecycle$ErrorHandler)","onError",2.6566486030083976e-28,0,,,""
"org.axonframework.messaging.core.unitofwork.ResourceOverridingProcessingContext: org.axonframework.messaging.core.unitofwork.ProcessingLifecycle whenComplete(java.util.function.Consumer)","whenComplete",2.6566486030083976e-28,0,,,""
"org.axonframework.messaging.eventhandling.processing.ProcessorEventHandlingComponents: boolean supportsReset()","supportsReset",2.6566486030083976e-28,0,,,""
"org.axonframework.messaging.eventhandling.processing.ProcessorEventHandlingComponents: java.util.Set sequenceIdentifiersFor(org.axonframework.messaging.eventhandling.EventMessage,org.axonframework.messaging.core.unitofwork.ProcessingContext)","sequenceIdentifiersFor",2.6566486030083976e-28,0,,,""
"org.axonframework.messaging.eventhandling.processing.streaming.segmenting.EventTrackerStatus: boolean matchPositions(org.axonframework.messaging.eventhandling.processing.streaming.segmenting.EventTrackerStatus)","matchPositions",2.6566486030083976e-28,0,,,""
"org.axonframework.messaging.eventhandling.processing.streaming.segmenting.EventTrackerStatus: boolean matchStates(org.axonframework.messaging.eventhandling.processing.streaming.segmenting.EventTrackerStatus)","matchStates",2.6566486030083976e-28,0,,,""
"org.axonframework.messaging.eventhandling.processing.streaming.token.GapAwareTrackingToken: boolean covers(org.axonframework.messaging.eventhandling.processing.streaming.token.TrackingToken)","covers",2.6566486030083976e-28,7.612217000684707e-29,,,""
"org.axonframework.messaging.eventhandling.processing.streaming.token.GapAwareTrackingToken: org.axonframework.messaging.eventhandling.processing.streaming.token.GapAwareTrackingToken withGapsTruncatedAt(long)","withGapsTruncatedAt",2.6566486030083976e-28,0,,,""
"org.axonframework.messaging.queryhandling.SimpleQueryBus: org.axonframework.messaging.core.MessageStream query(org.axonframework.messaging.queryhandling.QueryMessage,org.axonframework.messaging.core.unitofwork.ProcessingContext)","query",2.6566486030083976e-28,0,,,""
"org.axonframework.messaging.queryhandling.SimpleQueryBus: org.axonframework.messaging.core.MessageStream subscribeToUpdates(org.axonframework.messaging.queryhandling.QueryMessage,int)","subscribeToUpdates",2.6566486030083976e-28,0,,,""
"io.axoniq.framework.axonserver.connector.api.AxonServerConfiguration$FlowControlConfiguration: java.lang.Integer getNewPermitsThreshold()","getNewPermitsThreshold",5.067155080811305e-34,0,,,""
"io.axoniq.framework.axonserver.connector.api.AxonServerConfiguration: void setClientId(java.lang.String)","setClientId",5.067155080811305e-34,0,,,""
"io.axoniq.framework.axonserver.connector.api.AxonServerConfiguration: void setCommandFlowControl(io.axoniq.framework.axonserver.connector.api.AxonServerConfiguration$FlowControlConfiguration)","setCommandFlowControl",5.067155080811305e-34,0,,,""
"io.axoniq.framework.axonserver.connector.api.AxonServerConfiguration: void setComponentName(java.lang.String)","setComponentName",5.067155080811305e-34,0,,,""
"io.axoniq.framework.axonserver.connector.api.AxonServerConfiguration: void setConnectTimeout(long)","setConnectTimeout",5.067155080811305e-34,0,,,""
"io.axoniq.framework.axonserver.connector.api.AxonServerConfiguration: void setEventFlowControl(io.axoniq.framework.axonserver.connector.api.AxonServerConfiguration$FlowControlConfiguration)","setEventFlowControl",5.067155080811305e-34,0,,,""
"io.axoniq.framework.axonserver.connector.api.AxonServerConfiguration: void setQueryFlowControl(io.axoniq.framework.axonserver.connector.api.AxonServerConfiguration$FlowControlConfiguration)","setQueryFlowControl",5.067155080811305e-34,0,,,""
"io.axoniq.framework.axonserver.connector.api.AxonServerConfiguration: void setServers(java.lang.String)","setServers",5.067155080811305e-34,0,,,""
"io.axoniq.framework.axonserver.connector.api.AxonServerConnectionManager: void disconnect()","disconnect",5.067155080811305e-34,0,,,""
"io.axoniq.framework.axonserver.connector.command.CommandConverter: io.axoniq.axonserver.grpc.command.CommandResponse convertResultMessage(org.axonframework.messaging.commandhandling.CommandResultMessage,java.lang.String)","convertResultMessage",5.067155080811305e-34,3.6129729140935234e-13,,,""
"io.axoniq.framework.axonserver.connector.event.ConditionConverter: io.axoniq.axonserver.grpc.event.dcb.ConsistencyCondition convertAppendCondition(org.axonframework.eventsourcing.eventstore.AppendCondition)","convertAppendCondition",5.067155080811305e-34,7.259575844464022e-35,,,""
"io.axoniq.framework.axonserver.connector.event.ConditionConverter: io.axoniq.axonserver.grpc.event.dcb.SourceEventsRequest convertSourcingCondition(org.axonframework.eventsourcing.eventstore.SourcingCondition)","convertSourcingCondition",5.067155080811305e-34,2.870487117547307e-24,,,""
"io.axoniq.framework.axonserver.connector.event.ConditionConverter: io.axoniq.axonserver.grpc.event.dcb.StreamEventsRequest convertStreamingCondition(org.axonframework.messaging.eventstreaming.StreamingCondition)","convertStreamingCondition",5.067155080811305e-34,0,,,""
"io.axoniq.framework.axonserver.connector.query.AxonServerQueryBusConnector$LocalSegmentAdapter: io.axoniq.axonserver.connector.FlowControl stream(io.axoniq.axonserver.grpc.query.QueryRequest,io.axoniq.axonserver.connector.ReplyChannel)","stream",5.067155080811305e-34,0,,,""
"io.axoniq.framework.axonserver.connector.query.QueryConverter: io.axoniq.axonserver.grpc.query.QueryUpdate convertQueryUpdate(java.lang.String,io.axoniq.framework.axonserver.connector.shared.ErrorCode,java.lang.Throwable)","convertQueryUpdate",5.067155080811305e-34,7.259575844464022e-35,,,""
"io.axoniq.framework.axonserver.connector.query.QueryConverter: io.axoniq.axonserver.grpc.query.QueryUpdate convertQueryUpdate(org.axonframework.messaging.queryhandling.SubscriptionQueryUpdateMessage)","convertQueryUpdate",5.067155080811305e-34,3.3923900177935624e-14,,,""
"io.axoniq.framework.axonserver.connector.query.QueryConverter: org.axonframework.messaging.queryhandling.QueryMessage convertSubscriptionQueryMessage(io.axoniq.axonserver.grpc.query.SubscriptionQuery,org.axonframework.conversion.Converter)","convertSubscriptionQueryMessage",5.067155080811305e-34,5.439712950798992e-19,,,""
"io.axoniq.framework.axonserver.connector.shared.ExceptionConverter: io.axoniq.axonserver.grpc.ErrorMessage convertToErrorMessage(java.lang.String,io.axoniq.framework.axonserver.connector.shared.ErrorCode,java.lang.Throwable)","convertToErrorMessage",5.067155080811305e-34,3.2737339123141673e-13,,,""
"io.axoniq.framework.axonserver.connector.shared.ExceptionFactory: org.axonframework.common.AxonException convert(io.axoniq.framework.axonserver.connector.shared.ErrorCode,io.axoniq.axonserver.grpc.ErrorMessage,java.util.function.Supplier)","convert",5.067155080811305e-34,0,,,""
"org.axonframework.common.Assert: void assertStrictPositive(long,java.lang.String)","assertStrictPositive",5.067155080811305e-34,0,,,""
"org.axonframework.common.AxonNonTransientException: boolean isCauseOf(java.lang.Throwable)","isCauseOf",5.067155080811305e-34,7.259575844464022e-35,,,""
"org.axonframework.common.BuilderUtils: java.lang.String assertNonBlank(java.lang.String,java.lang.String)","assertNonBlank",5.067155080811305e-34,5.792580089891844e-18,,,""
"org.axonframework.common.ReflectionUtils: java.lang.Class declaringClass(java.lang.Class,java.lang.String,java.lang.Class[])","declaringClass",5.067155080811305e-34,0,,,""
"org.axonframework.common.ReflectionUtils: java.lang.Class resolvePrimitiveWrapperType(java.lang.Class)","resolvePrimitiveWrapperType",5.067155080811305e-34,2.0592470195742483e-11,,,""
"org.axonframework.common.ReflectionUtils: java.lang.reflect.Type unwrapIfType(java.lang.reflect.Type,java.lang.Class[])","unwrapIfType",5.067155080811305e-34,7.259575844464022e-35,,,""
"org.axonframework.common.ReflectionUtils: java.util.List enclosingClassesOf(java.lang.Class)","enclosingClassesOf",5.067155080811305e-34,0,,,""
"org.axonframework.common.TypeReflectionUtils: java.lang.reflect.Type getExactSuperType(java.lang.reflect.Type,java.lang.Class)","getExactSuperType",5.067155080811305e-34,7.259575844464022e-35,,,""
"org.axonframework.common.annotation.AnnotationUtils: boolean isAnnotatedWith(java.lang.Class,java.lang.Class,java.util.Set,java.util.Set)","isAnnotatedWith",5.067155080811305e-34,7.259575844464022e-35,,,""
"org.axonframework.common.configuration.AbstractComponent: void initLifecycle(org.axonframework.common.configuration.Configuration,org.axonframework.common.configuration.LifecycleRegistry)","initLifecycle",5.067155080811305e-34,0,,,""
"org.axonframework.common.configuration.ApplicationConfigurer: org.axonframework.common.configuration.AxonConfiguration start()","start",5.067155080811305e-34,0,,,""
"org.axonframework.common.configuration.Components: java.util.Optional get(org.axonframework.common.configuration.Component$Identifier)","get",5.067155080811305e-34,0,,,""
"org.axonframework.common.configuration.Components: java.util.Optional getByTypeReference(org.axonframework.common.configuration.Component$Identifier)","getByTypeReference",5.067155080811305e-34,0,,,""
"org.axonframework.common.configuration.ConfigurationExtensions: org.axonframework.common.configuration.ExtensibleConfigurer extend(java.lang.Class,java.util.function.Supplier)","extend",5.067155080811305e-34,0,,,""
"org.axonframework.common.configuration.ConfigurationExtensions: void describeTo(org.axonframework.common.infra.ComponentDescriptor)","describeTo",5.067155080811305e-34,0,,,""
"org.axonframework.common.configuration.DecoratorDefinition: org.axonframework.common.configuration.DecoratorDefinition$PartialDecoratorDefinition forTypeAndName(java.lang.Class,java.lang.String)","forTypeAndName",5.067155080811305e-34,7.612217000684707e-29,,,""
"org.axonframework.common.configuration.DefaultComponentRegistry: org.axonframework.common.configuration.ComponentRegistry registerComponent(org.axonframework.common.configuration.ComponentDefinition)","registerComponent",5.067155080811305e-34,0,,,""
"org.axonframework.common.configuration.DefaultComponentRegistry: org.axonframework.common.configuration.DefaultComponentRegistry disableEnhancer(java.lang.Class)","disableEnhancer",5.067155080811305e-34,0,,,""
"org.axonframework.common.configuration.DefaultComponentRegistry: org.axonframework.common.configuration.DefaultComponentRegistry disableEnhancerScanning()","disableEnhancerScanning",5.067155080811305e-34,0,,,""
"org.axonframework.common.configuration.LifecycleRegistry: org.axonframework.common.configuration.LifecycleRegistry onShutdown(int,java.util.function.Consumer)","onShutdown",5.067155080811305e-34,0,,,""
"org.axonframework.common.configuration.LifecycleRegistry: org.axonframework.common.configuration.LifecycleRegistry onStart(int,java.util.function.Consumer)","onStart",5.067155080811305e-34,0,,,""
"org.axonframework.common.digest.Digester: org.axonframework.common.digest.Digester update(byte[])","update",5.067155080811305e-34,0,,,""
"org.axonframework.eventsourcing.configuration.EventSourcingConfigurer: org.axonframework.eventsourcing.configuration.EventSourcingConfigurer componentRegistry(java.util.function.Consumer)","componentRegistry",5.067155080811305e-34,6.92327103086855e-21,,,""
"org.axonframework.eventsourcing.eventstore.AggregateBasedEventStorageEngineUtils: java.lang.Throwable translateConflictException(org.axonframework.eventsourcing.eventstore.ConsistencyMarker,java.lang.Throwable,java.util.function.Predicate)","translateConflictException",5.067155080811305e-34,7.259575844464022e-35,,,""
"org.axonframework.eventsourcing.eventstore.GlobalIndexConsistencyMarker: long position(org.axonframework.eventsourcing.eventstore.ConsistencyMarker)","position",5.067155080811305e-34,0,,,""
"org.axonframework.eventsourcing.eventstore.PayloadBasedTagResolver: org.axonframework.eventsourcing.eventstore.PayloadBasedTagResolver withResolver(java.util.function.Function)","withResolver",5.067155080811305e-34,0,,,""
"org.axonframework.eventsourcing.eventstore.inmemory.InMemoryEventStorageEngine: java.util.concurrent.CompletableFuture latestToken()","latestToken",5.067155080811305e-34,0,,,""
"org.axonframework.messaging.commandhandling.SimpleCommandHandlingComponent: java.util.Set supportedCommands()","supportedCommands",5.067155080811305e-34,0,,,""
"org.axonframework.messaging.commandhandling.SimpleCommandHandlingComponent: org.axonframework.messaging.commandhandling.SimpleCommandHandlingComponent subscribe(org.axonframework.messaging.commandhandling.CommandHandlingComponent)","subscribe",5.067155080811305e-34,0,,,""
"org.axonframework.messaging.commandhandling.gateway.CommandResult: java.util.concurrent.CompletableFuture resultAs(java.lang.Class)","resultAs",5.067155080811305e-34,0,,,""
"org.axonframework.messaging.commandhandling.gateway.CommandResult: org.axonframework.messaging.commandhandling.gateway.CommandResult onSuccess(java.lang.Class,java.util.function.BiConsumer)","onSuccess",5.067155080811305e-34,0,,,""
"org.axonframework.messaging.commandhandling.interception.CommandMessageHandlerInterceptorChain: org.axonframework.messaging.core.MessageStream proceed(org.axonframework.messaging.commandhandling.CommandMessage,org.axonframework.messaging.core.unitofwork.ProcessingContext)","proceed",5.067155080811305e-34,0,,,""
"org.axonframework.messaging.core.AbstractMessageStream: java.util.Optional next()","next",5.067155080811305e-34,0,,,""
"org.axonframework.messaging.core.HandlerExecutionException: java.util.Optional resolveDetails(java.lang.Throwable)","resolveDetails",5.067155080811305e-34,7.259575844464022e-35,,,""
"org.axonframework.messaging.core.Metadata: org.axonframework.messaging.core.Metadata mergedWith(java.util.Map)","mergedWith",5.067155080811305e-34,9.08567110424629e-24,,,""
"org.axonframework.messaging.core.annotation.MethodInvokingMessageHandlingMember: org.axonframework.messaging.core.MessageStream handle(org.axonframework.messaging.core.Message,org.axonframework.messaging.core.unitofwork.ProcessingContext,java.lang.Object)","handle",5.067155080811305e-34,7.981988053709967e-23,,,""
"org.axonframework.messaging.core.configuration.MessagingConfigurer: org.axonframework.messaging.core.configuration.MessagingConfigurer lifecycleRegistry(java.util.function.Consumer)","lifecycleRegistry",5.067155080811305e-34,0,,,""
"org.axonframework.messaging.core.configuration.reflection.ParameterResolverFactoryUtils: void registerToComponentRegistry(org.axonframework.common.configuration.ComponentRegistry,int,java.util.function.Function)","registerToComponentRegistry",5.067155080811305e-34,0.14440032493951868,,,""
"org.axonframework.messaging.core.interception.DefaultDispatchInterceptorRegistry: org.axonframework.messaging.core.interception.DispatchInterceptorRegistry registerCommandInterceptor(org.axonframework.common.configuration.ComponentBuilder)","registerCommandInterceptor",5.067155080811305e-34,2.7693084123474215e-21,,,""
"org.axonframework.messaging.core.interception.DefaultHandlerInterceptorRegistry: org.axonframework.messaging.core.interception.HandlerInterceptorRegistry registerCommandInterceptor(org.axonframework.common.configuration.ComponentBuilder)","registerCommandInterceptor",5.067155080811305e-34,3.9909940268549846e-23,,,""
"org.axonframework.messaging.core.interception.annotation.MessageHandlerInterceptorMemberChain: org.axonframework.messaging.core.MessageStream handle(org.axonframework.messaging.core.Message,org.axonframework.messaging.core.unitofwork.ProcessingContext,java.lang.Object,org.axonframework.messaging.core.annotation.MessageHandlingMember)","handle",5.067155080811305e-34,0,,,""
"org.axonframework.messaging.core.interception.annotation.ResultParameterResolverFactory: java.lang.Object callWithResult(java.lang.Object,java.util.concurrent.Callable)","callWithResult",5.067155080811305e-34,0,,,""
"org.axonframework.messaging.core.unitofwork.UnitOfWork$UnitOfWorkProcessingContext: org.axonframework.messaging.core.unitofwork.ProcessingLifecycle on(org.axonframework.messaging.core.unitofwork.ProcessingLifecycle$Phase,java.util.function.Function)","on",5.067155080811305e-34,0,,,""
"org.axonframework.messaging.eventhandling.EventSubscribers: java.util.concurrent.CompletableFuture notifySubscribers(java.util.List,org.axonframework.messaging.core.unitofwork.ProcessingContext)","notifySubscribers",5.067155080811305e-34,0,,,""
"org.axonframework.messaging.eventhandling.GenericEventMessage: org.axonframework.messaging.eventhandling.GenericEventMessage withConverter(org.axonframework.conversion.Converter)","withConverter",5.067155080811305e-34,0,,,""
"org.axonframework.messaging.eventhandling.configuration.EventProcessingConfigurer: void build()","build",5.067155080811305e-34,2.5312575812353536e-25,,,""
"org.axonframework.messaging.eventhandling.interception.EventMessageHandlerInterceptorChain: org.axonframework.messaging.core.MessageStream proceed(org.axonframework.messaging.eventhandling.EventMessage,org.axonframework.messaging.core.unitofwork.ProcessingContext)","proceed",5.067155080811305e-34,0,,,""
"org.axonframework.messaging.eventhandling.processing.streaming.pooled.Coordinator: void releaseUntil(int,java.time.Instant)","releaseUntil",5.067155080811305e-34,0,,,""
"org.axonframework.messaging.eventhandling.processing.streaming.pooled.Coordinator: void start()","start",5.067155080811305e-34,4.059481812252652e-24,,,""
"org.axonframework.messaging.eventhandling.processing.streaming.pooled.PooledStreamingEventProcessor: java.util.concurrent.CompletableFuture releaseSegment(int,long,java.util.concurrent.TimeUnit)","releaseSegment",5.067155080811305e-34,7.259575844464022e-35,,,""
"org.axonframework.messaging.eventhandling.processing.streaming.pooled.PooledStreamingEventProcessorModule: org.axonframework.messaging.eventhandling.processing.streaming.pooled.PooledStreamingEventProcessorModule customized(java.util.function.BiFunction)","customized",5.067155080811305e-34,0,,,""
"org.axonframework.messaging.eventhandling.processing.streaming.segmenting.Segment: int mergeableSegmentId()","mergeableSegmentId",5.067155080811305e-34,0,,,""
"org.axonframework.messaging.eventhandling.processing.streaming.segmenting.SegmentChangeListener: org.axonframework.messaging.eventhandling.processing.streaming.segmenting.SegmentChangeListener andThen(org.axonframework.messaging.eventhandling.processing.streaming.segmenting.SegmentChangeListener)","andThen",5.067155080811305e-34,0,,,""
"org.axonframework.messaging.eventhandling.processing.streaming.segmenting.SegmentMatcher: java.lang.Object sequenceIdentifier(org.axonframework.messaging.eventhandling.EventMessage,org.axonframework.messaging.core.unitofwork.ProcessingContext)","sequenceIdentifier",5.067155080811305e-34,0,,,""
"org.axonframework.messaging.eventhandling.processing.streaming.segmenting.TrackerStatus: java.util.OptionalLong getCurrentPosition()","getCurrentPosition",5.067155080811305e-34,0,,,""
"org.axonframework.messaging.eventhandling.processing.streaming.token.ReplayToken: org.axonframework.messaging.eventhandling.processing.streaming.token.TrackingToken createReplayToken(org.axonframework.messaging.eventhandling.processing.streaming.token.TrackingToken,org.axonframework.messaging.eventhandling.processing.streaming.token.TrackingToken,byte[])","createReplayToken",5.067155080811305e-34,7.259575844464022e-35,,,""
"org.axonframework.messaging.eventhandling.processing.streaming.token.store.inmemory.InMemoryTokenStore: java.util.concurrent.CompletableFuture fetchSegments(java.lang.String,org.axonframework.messaging.core.unitofwork.ProcessingContext)","fetchSegments",5.067155080811305e-34,0,,,""
"org.axonframework.messaging.eventhandling.processing.subscribing.SubscribingEventProcessorModule: org.axonframework.messaging.eventhandling.processing.subscribing.SubscribingEventProcessorModule customized(java.util.function.BiFunction)","customized",5.067155080811305e-34,0,,,""
"org.axonframework.messaging.eventhandling.processing.subscribing.SubscribingEventProcessorsConfigurer: org.axonframework.messaging.eventhandling.processing.subscribing.SubscribingEventProcessorsConfigurer componentRegistry(java.util.function.Consumer)","componentRegistry",5.067155080811305e-34,0,,,""
"org.axonframework.messaging.eventstreaming.EventCriteria: org.axonframework.messaging.eventstreaming.EventTypeRestrictableEventCriteria havingTags(java.util.Set)","havingTags",5.067155080811305e-34,0,,,""
"org.axonframework.messaging.eventstreaming.Tag: org.axonframework.messaging.eventstreaming.Tag of(java.lang.String,java.lang.String)","of",5.067155080811305e-34,0,,,""
"org.axonframework.messaging.queryhandling.NoHandlerForQueryException: org.axonframework.messaging.queryhandling.NoHandlerForQueryException forHandlingComponent(org.axonframework.messaging.queryhandling.QueryMessage)","forHandlingComponent",5.067155080811305e-34,0,,,""
"org.axonframework.messaging.queryhandling.SimpleQueryHandlingComponent: org.axonframework.messaging.queryhandling.SimpleQueryHandlingComponent subscribe(org.axonframework.messaging.queryhandling.QueryHandlingComponent)","subscribe",5.067155080811305e-34,0,,,""
"org.axonframework.messaging.queryhandling.interception.QueryMessageHandlerInterceptorChain: org.axonframework.messaging.core.MessageStream proceed(org.axonframework.messaging.queryhandling.QueryMessage,org.axonframework.messaging.core.unitofwork.ProcessingContext)","proceed",5.067155080811305e-34,0,,,""
"org.axonframework.messaging.tracing.Span: java.lang.Object runCallable(java.util.concurrent.Callable)","runCallable",5.067155080811305e-34,0,,,""
"org.axonframework.messaging.tracing.Span: java.lang.Object runSupplier(java.util.function.Supplier)","runSupplier",5.067155080811305e-34,0,,,""
"org.axonframework.messaging.tracing.Span: java.util.concurrent.CompletableFuture runSupplierAsync(java.util.function.Supplier)","runSupplierAsync",5.067155080811305e-34,0,,,""
"org.axonframework.modelling.HierarchicalStateManager: org.axonframework.modelling.repository.Repository repository(java.lang.Class,java.lang.Class)","repository",5.067155080811305e-34,0,,,""
"org.axonframework.modelling.configuration.ModellingConfigurer: org.axonframework.modelling.configuration.ModellingConfigurer lifecycleRegistry(java.util.function.Consumer)","lifecycleRegistry",5.067155080811305e-34,7.259575844464022e-35,,,""
"org.axonframework.modelling.configuration.ModellingConfigurer: org.axonframework.modelling.configuration.ModellingConfigurer messaging(java.util.function.Consumer)","messaging",5.067155080811305e-34,0,,,""
"org.axonframework.test.fixture.AxonTestFixture: void stop()","stop",5.067155080811305e-34,0,,,""
"org.axonframework.test.fixture.CommandValidator: void assertDispatchedMatching(org.hamcrest.Matcher)","assertDispatchedMatching",5.067155080811305e-34,0,,,""
"org.axonframework.update.UpdateCheckerHttpClient: java.util.Optional sendRequest(org.axonframework.update.api.UpdateCheckRequest,boolean)","sendRequest",5.067155080811305e-34,2.5312575812353536e-25,,,""
"org.axonframework.update.api.Artifact: java.lang.String shortGroupId()","shortGroupId",5.067155080811305e-34,0,,,""
"org.axonframework.update.common.DelayedTask: void cancel()","cancel",5.067155080811305e-34,0,,,""
"io.axoniq.framework.axonserver.connector.api.AxonServerConfiguration$Builder: io.axoniq.framework.axonserver.connector.api.AxonServerConfiguration$Builder clientId(java.lang.String)","clientId",0,7.259575844464022e-35,,,""
"io.axoniq.framework.axonserver.connector.api.AxonServerConfiguration$Builder: io.axoniq.framework.axonserver.connector.api.AxonServerConfiguration$Builder commandFlowControl(int,int,int)","commandFlowControl",0,7.259575844464022e-35,,,""
"io.axoniq.framework.axonserver.connector.api.AxonServerConfiguration$Builder: io.axoniq.framework.axonserver.connector.api.AxonServerConfiguration$Builder componentName(java.lang.String)","componentName",0,7.259575844464022e-35,,,""
"io.axoniq.framework.axonserver.connector.api.AxonServerConfiguration$Builder: io.axoniq.framework.axonserver.connector.api.AxonServerConfiguration$Builder connectTimeout(long)","connectTimeout",0,7.259575844464022e-35,,,""
"io.axoniq.framework.axonserver.connector.api.AxonServerConfiguration$Builder: io.axoniq.framework.axonserver.connector.api.AxonServerConfiguration$Builder eventFlowControl(int,int,int)","eventFlowControl",0,7.259575844464022e-35,,,""
"io.axoniq.framework.axonserver.connector.api.AxonServerConfiguration$Builder: io.axoniq.framework.axonserver.connector.api.AxonServerConfiguration$Builder queryFlowControl(int,int,int)","queryFlowControl",0,7.259575844464022e-35,,,""
"io.axoniq.framework.axonserver.connector.api.AxonServerConfiguration$Builder: io.axoniq.framework.axonserver.connector.api.AxonServerConfiguration$Builder servers(java.lang.String)","servers",0,7.259575844464022e-35,,,""
"io.axoniq.framework.axonserver.connector.api.AxonServerConfiguration$FlowControlConfiguration: java.lang.Integer getNrOfNewPermits()","getNrOfNewPermits",0,7.259575844464022e-35,,,""
"io.axoniq.framework.axonserver.connector.api.AxonServerConfiguration: io.axoniq.framework.axonserver.connector.api.AxonServerConfiguration$FlowControlConfiguration getEventFlowControl()","getEventFlowControl",0,1.606456991875248e-18,,,""
"io.axoniq.framework.axonserver.connector.api.AxonServerConnectionManager$Builder: io.axoniq.framework.axonserver.connector.api.AxonServerConnectionManager build()","build",0,4.116730036760033e-13,,,""
"io.axoniq.framework.axonserver.connector.api.AxonServerConnectionManager$Builder: io.axoniq.framework.axonserver.connector.api.AxonServerConnectionManager$Builder axonServerConfiguration(io.axoniq.framework.axonserver.connector.api.AxonServerConfiguration)","axonServerConfiguration",0,0.005068948631515453,,,""
"io.axoniq.framework.axonserver.connector.api.AxonServerConnectionManager$Builder: io.axoniq.framework.axonserver.connector.api.AxonServerConnectionManager$Builder routingServers(java.lang.String)","routingServers",0,6.92327103086855e-21,,,""
"io.axoniq.framework.axonserver.connector.api.AxonServerConnectionManager$Builder: io.axoniq.framework.axonserver.connector.api.AxonServerConnectionManager$Builder tagsConfiguration(io.axoniq.framework.axonserver.connector.api.TagsConfiguration)","tagsConfiguration",0,0.005068948631515453,,,""
"io.axoniq.framework.axonserver.connector.api.AxonServerConnectionManager: void shutdown()","shutdown",0,7.259575844464022e-35,,,""
"io.axoniq.framework.axonserver.connector.command.AxonServerCommandBusConnector$FutureResultCallback: void onSuccess(org.axonframework.messaging.commandhandling.CommandResultMessage)","onSuccess",0,7.259575844464022e-35,,,""
"io.axoniq.framework.axonserver.connector.command.AxonServerCommandBusConnector: java.util.concurrent.CompletableFuture dispatch(org.axonframework.messaging.commandhandling.CommandMessage,org.axonframework.messaging.core.unitofwork.ProcessingContext)","dispatch",0,2.185808571332628e-08,,,""
"io.axoniq.framework.axonserver.connector.command.AxonServerCommandBusConnector: java.util.concurrent.CompletableFuture shutdownDispatching()","shutdownDispatching",0,7.612217000684707e-29,,,""
"io.axoniq.framework.axonserver.connector.command.AxonServerCommandBusConnector: java.util.concurrent.CompletableFuture subscribe(org.axonframework.messaging.core.QualifiedName,int)","subscribe",0,1.4510308250631981e-11,,,""
"io.axoniq.framework.axonserver.connector.command.AxonServerCommandBusConnector: void start()","start",0,7.612217000684707e-29,,,""
"io.axoniq.framework.axonserver.connector.command.CommandConverter: java.util.concurrent.CompletableFuture convertCommandResponse(io.axoniq.axonserver.grpc.command.CommandResponse,org.axonframework.conversion.Converter)","convertCommandResponse",0,6.723854985258949e-19,,,""
"io.axoniq.framework.axonserver.connector.command.CommandConverter: org.axonframework.messaging.commandhandling.CommandMessage convertCommand(io.axoniq.axonserver.grpc.command.Command,org.axonframework.conversion.Converter)","convertCommand",0,5.439712950798992e-19,,,""
"io.axoniq.framework.axonserver.connector.configuration.AxonServerConfigurationEnhancer: void enhance(org.axonframework.common.configuration.ComponentRegistry)","enhance",0,0.4914607792052696,,,""
"io.axoniq.framework.axonserver.connector.event.AggregateBasedAxonServerEventStorageEngine: java.util.concurrent.CompletableFuture appendEvents(org.axonframework.eventsourcing.eventstore.AppendCondition,org.axonframework.messaging.core.unitofwork.ProcessingContext,java.util.List)","appendEvents",0,1.9449441516281832e-26,,,""
"io.axoniq.framework.axonserver.connector.event.AggregateBasedAxonServerEventStorageEngine: org.axonframework.messaging.core.MessageStream source(org.axonframework.eventsourcing.eventstore.SourcingCondition)","source",0,7.612217000684707e-29,,,""
"io.axoniq.framework.axonserver.connector.event.AxonServerEventStorageEngine: java.util.concurrent.CompletableFuture appendEvents(org.axonframework.eventsourcing.eventstore.AppendCondition,org.axonframework.messaging.core.unitofwork.ProcessingContext,java.util.List)","appendEvents",0,7.259575844464022e-35,,,""
"io.axoniq.framework.axonserver.connector.event.AxonServerEventStorageEngine: org.axonframework.messaging.core.MessageStream source(org.axonframework.eventsourcing.eventstore.SourcingCondition)","source",0,7.259575844464022e-35,,,""
"io.axoniq.framework.axonserver.connector.event.AxonServerEventStorageEngine: org.axonframework.messaging.core.MessageStream stream(org.axonframework.messaging.eventstreaming.StreamingCondition)","stream",0,7.259575844464022e-35,,,""
"io.axoniq.framework.axonserver.connector.event.TaggedEventConverter: org.axonframework.messaging.eventhandling.EventMessage convertEvent(io.axoniq.axonserver.grpc.event.dcb.Event)","convertEvent",0,7.259575844464022e-35,,,""
"io.axoniq.framework.axonserver.connector.query.AxonServerQueryBusConnector$AxonServerUpdateCallback: java.util.concurrent.CompletableFuture completeExceptionally(java.lang.Throwable)","completeExceptionally",0,7.259575844464022e-35,,,""
"io.axoniq.framework.axonserver.connector.query.AxonServerQueryBusConnector$AxonServerUpdateCallback: java.util.concurrent.CompletableFuture sendUpdate(org.axonframework.messaging.queryhandling.SubscriptionQueryUpdateMessage)","sendUpdate",0,7.259575844464022e-35,,,""
"io.axoniq.framework.axonserver.connector.query.AxonServerQueryBusConnector$LocalSegmentAdapter: io.axoniq.axonserver.connector.Registration registerSubscriptionQuery(io.axoniq.axonserver.grpc.query.SubscriptionQuery,io.axoniq.axonserver.connector.query.QueryHandler$UpdateHandler)","registerSubscriptionQuery",0,7.259575844464022e-35,,,""
"io.axoniq.framework.axonserver.connector.query.AxonServerQueryBusConnector$LocalSegmentAdapter: void handle(io.axoniq.axonserver.grpc.query.QueryRequest,io.axoniq.axonserver.connector.ReplyChannel)","handle",0,7.259575844464022e-35,,,""
"io.axoniq.framework.axonserver.connector.query.AxonServerQueryBusConnector: java.util.concurrent.CompletableFuture shutdownDispatching()","shutdownDispatching",0,7.612217000684707e-29,,,""
"io.axoniq.framework.axonserver.connector.query.AxonServerQueryBusConnector: org.axonframework.messaging.core.MessageStream query(org.axonframework.messaging.queryhandling.QueryMessage,org.axonframework.messaging.core.unitofwork.ProcessingContext)","query",0,2.582453739851534e-08,,,""
"io.axoniq.framework.axonserver.connector.query.AxonServerQueryBusConnector: org.axonframework.messaging.core.MessageStream subscriptionQuery(org.axonframework.messaging.queryhandling.QueryMessage,org.axonframework.messaging.core.unitofwork.ProcessingContext,int)","subscriptionQuery",0,2.582453739851534e-08,,,""
"io.axoniq.framework.axonserver.connector.query.AxonServerQueryBusConnector: void start()","start",0,7.612217000684707e-29,,,""
"io.axoniq.framework.axonserver.connector.query.QueryConverter: io.axoniq.axonserver.grpc.query.QueryResponse convertQueryResponseMessage(java.lang.String,org.axonframework.messaging.queryhandling.QueryResponseMessage)","convertQueryResponseMessage",0,3.3923900177935624e-14,,,""
"io.axoniq.framework.axonserver.connector.query.QueryConverter: org.axonframework.messaging.queryhandling.QueryResponseMessage convertQueryResponse(io.axoniq.axonserver.grpc.query.QueryResponse,org.axonframework.conversion.Converter)","convertQueryResponse",0,5.439712950798992e-19,,,""
"io.axoniq.framework.axonserver.connector.query.QueryConverter: org.axonframework.messaging.queryhandling.SubscriptionQueryUpdateMessage convertQueryUpdate(io.axoniq.axonserver.grpc.query.QueryUpdate,org.axonframework.conversion.Converter)","convertQueryUpdate",0,5.439712950798992e-19,,,""
"io.axoniq.framework.axonserver.connector.shared.ErrorCode: io.axoniq.framework.axonserver.connector.shared.ErrorCode getCommandExecutionErrorCode(java.lang.Throwable)","getCommandExecutionErrorCode",0,7.981988053709967e-23,,,""
"io.axoniq.framework.axonserver.connector.shared.ErrorCode: io.axoniq.framework.axonserver.connector.shared.ErrorCode getQueryExecutionErrorCode(java.lang.Throwable)","getQueryExecutionErrorCode",0,7.981988053709967e-23,,,""
"io.axoniq.framework.axonserver.connector.snapshot.AxonServerSnapshotStore: java.util.concurrent.CompletableFuture store(org.axonframework.messaging.core.QualifiedName,java.lang.Object,org.axonframework.eventsourcing.snapshot.api.Snapshot)","store",0,4.059481812252654e-24,,,""
"io.axoniq.framework.springboot.autoconfig.AxonServerAutoConfiguration: org.axonframework.common.configuration.ConfigurationEnhancer topologyChangeListenerConfigurerModule(java.util.List)","topologyChangeListenerConfigurerModule",0,7.612217000684707e-29,,,""
"org.axonframework.common.Assert: void assertNonNull(java.lang.Object,java.util.function.Supplier)","assertNonNull",0,2.5312575812353554e-25,,,""
"org.axonframework.common.BuilderUtils: void assertPositive(int,java.lang.String)","assertPositive",0,5.792580089891844e-18,,,""
"org.axonframework.common.BuilderUtils: void assertPositive(long,java.lang.String)","assertPositive",0,5.792580089891844e-18,,,""
"org.axonframework.common.ConstructorUtils: java.util.function.Supplier getConstructorFunctionWithZeroArguments(java.lang.Class)","getConstructorFunctionWithZeroArguments",0,7.981988053709967e-23,,,""
"org.axonframework.common.IdentifierValidator: boolean isValidIdentifier(java.lang.Class)","isValidIdentifier",0,7.259575844464022e-35,,,""
"org.axonframework.common.ReflectionUtils: java.lang.Object getMemberValue(java.lang.reflect.Member,java.lang.Object)","getMemberValue",0,1.9449441516281832e-26,,,""
"org.axonframework.common.ReflectionUtils: java.lang.reflect.Type resolvePrimitiveWrapperTypeIfPrimitive(java.lang.reflect.Type)","resolvePrimitiveWrapperTypeIfPrimitive",0,3.368454363786668e-12,,,""
"org.axonframework.common.ReflectionUtils: void setFieldValue(java.lang.reflect.Field,java.lang.Object,java.lang.Object)","setFieldValue",0,7.981988053709967e-23,,,""
"org.axonframework.common.TypeReference: boolean isAssignableFrom(org.axonframework.common.TypeReference)","isAssignableFrom",0,7.981988053709967e-23,,,""
"org.axonframework.common.annotation.AnnotationUtils: java.util.Optional findAnnotationAttributesOnType(java.lang.Class,java.lang.Class,java.util.function.Predicate)","findAnnotationAttributesOnType",0,7.259575844464022e-35,,,""
"org.axonframework.common.caching.WeakReferenceCache: boolean containsKey(java.lang.Object)","containsKey",0,2.870487117547307e-24,,,""
"org.axonframework.common.caching.WeakReferenceCache: java.lang.Object get(java.lang.Object)","get",0,2.870487117547307e-24,,,""
"org.axonframework.common.configuration.ComponentRegistry: org.axonframework.common.configuration.ComponentRegistry registerDecorator(java.lang.Class,java.lang.String,int,org.axonframework.common.configuration.ComponentDecorator)","registerDecorator",0,7.259575844464022e-35,,,""
"org.axonframework.common.configuration.DecoratedComponent: void describeTo(org.axonframework.common.infra.ComponentDescriptor)","describeTo",0,7.168050935638347e-07,,,""
"org.axonframework.common.configuration.DecoratedComponent: void initLifecycle(org.axonframework.common.configuration.Configuration,org.axonframework.common.configuration.LifecycleRegistry)","initLifecycle",0,7.259575844464022e-35,,,""
"org.axonframework.common.configuration.DefaultAxonApplication: org.axonframework.common.configuration.DefaultAxonApplication registerLifecyclePhaseTimeout(long,java.util.concurrent.TimeUnit)","registerLifecyclePhaseTimeout",0,7.259575844464022e-35,,,""
"org.axonframework.common.configuration.DefaultComponentRegistry$LocalConfiguration: java.util.Optional getModuleConfiguration(java.lang.String)","getModuleConfiguration",0,7.612217000684707e-29,,,""
"org.axonframework.common.configuration.DefaultComponentRegistry$LocalConfiguration: java.util.Optional getOptionalComponent(java.lang.Class,java.lang.String)","getOptionalComponent",0,7.259575844464022e-35,,,""
"org.axonframework.common.configuration.DefaultComponentRegistry$LocalConfiguration: java.util.Optional getOptionalComponent(org.axonframework.common.TypeReference,java.lang.String)","getOptionalComponent",0,7.259575844464022e-35,,,""
"org.axonframework.common.configuration.DefaultComponentRegistry: boolean hasComponent(java.lang.Class,java.lang.String,org.axonframework.common.configuration.SearchScope)","hasComponent",0,7.981988053709967e-23,,,""
"org.axonframework.common.configuration.DefaultComponentRegistry: org.axonframework.common.configuration.ComponentRegistry disableEnhancer(java.lang.String)","disableEnhancer",0,7.259575844464022e-35,,,""
"org.axonframework.common.configuration.DefaultComponentRegistry: org.axonframework.common.configuration.Configuration createLocalConfiguration(org.axonframework.common.configuration.Configuration)","createLocalConfiguration",0,7.259575844464022e-35,,,""
"org.axonframework.common.configuration.DefaultComponentRegistry: org.axonframework.common.configuration.DefaultComponentRegistry create(java.util.Collection,java.util.Collection,java.util.Collection)","create",0,7.259575844464022e-35,,,""
"org.axonframework.common.configuration.InstantiatedComponentDefinition: void describeTo(org.axonframework.common.infra.ComponentDescriptor)","describeTo",0,3.110409479067134e-08,,,""
"org.axonframework.common.configuration.LazyInitializedComponentDefinition: void describeTo(org.axonframework.common.infra.ComponentDescriptor)","describeTo",0,3.110409479067134e-08,,,""
"org.axonframework.common.configuration.LifecycleRegistry: org.axonframework.common.configuration.LifecycleRegistry onShutdown(int,java.lang.Runnable)","onShutdown",0,7.259575844464022e-35,,,""
"org.axonframework.common.configuration.LifecycleRegistry: org.axonframework.common.configuration.LifecycleRegistry onStart(int,java.lang.Runnable)","onStart",0,7.259575844464022e-35,,,""
"org.axonframework.common.digest.Digester: java.lang.String md5Hex(java.lang.String)","md5Hex",0,7.259575844464022e-35,,,""
"org.axonframework.common.io.IOUtils: void closeQuietlyIfCloseable(java.lang.Object)","closeQuietlyIfCloseable",0,4.153962618521131e-21,,,""
"org.axonframework.common.jdbc.JdbcUtils: int executeUpdate(java.sql.Connection,org.axonframework.common.jdbc.JdbcUtils$SqlFunction,java.util.function.Function)","executeUpdate",0,2.4517691727740204e-05,,,""
"org.axonframework.common.jdbc.JdbcUtils: int[] executeBatch(java.sql.Connection,org.axonframework.common.jdbc.JdbcUtils$SqlFunction,java.util.function.Consumer)","executeBatch",0,7.35530751832206e-05,,,""
"org.axonframework.common.jdbc.JdbcUtils: int[] executeUpdates(java.sql.Connection,java.util.function.Consumer,org.axonframework.common.jdbc.JdbcUtils$SqlFunction[])","executeUpdates",0,2.4517691727740198e-05,,,""
"org.axonframework.common.jdbc.JdbcUtils: java.lang.Object executeQuery(java.sql.Connection,org.axonframework.common.jdbc.JdbcUtils$SqlFunction,org.axonframework.common.jdbc.JdbcUtils$SqlResultConverter,java.util.function.Function,boolean)","executeQuery",0,5.625245335527396e-05,,,""
"org.axonframework.common.lock.PessimisticLockFactory$Builder: org.axonframework.common.lock.PessimisticLockFactory$Builder acquireAttempts(int)","acquireAttempts",0,1.4510308250631981e-11,,,""
"org.axonframework.common.lock.PessimisticLockFactory$Builder: org.axonframework.common.lock.PessimisticLockFactory$Builder lockAttemptTimeout(int)","lockAttemptTimeout",0,1.4510308250631981e-11,,,""
"org.axonframework.common.lock.PessimisticLockFactory$Builder: org.axonframework.common.lock.PessimisticLockFactory$Builder queueLengthThreshold(int)","queueLengthThreshold",0,1.4510308250631981e-11,,,""
"org.axonframework.common.lock.PessimisticLockFactory: org.axonframework.common.lock.Lock obtainLock(java.lang.String)","obtainLock",0,4.059481812252654e-24,,,""
"org.axonframework.common.util.MavenArtifactVersionResolver: java.lang.String get()","get",0,8.307925237042262e-21,,,""
"org.axonframework.conversion.ChainingContentTypeConverter: void registerConverter(java.lang.Class)","registerConverter",0,7.612217000684707e-29,,,""
"org.axonframework.conversion.ChainingContentTypeConverter: void setAdditionalConverters(java.util.List)","setAdditionalConverters",0,7.612217000684707e-29,,,""
"org.axonframework.conversion.DelegatingGeneralConverter: void describeTo(org.axonframework.common.infra.ComponentDescriptor)","describeTo",0,6.857009987731633e-07,,,""
"org.axonframework.conversion.avro.AvroConverter: java.lang.Object convert(java.lang.Object,java.lang.reflect.Type)","convert",0,7.612217000684707e-29,,,""
"org.axonframework.conversion.avro.ByteArrayToGenericRecordConverter: org.apache.avro.generic.GenericRecord convert(byte[])","convert",0,3.0823703535395383e-23,,,""
"org.axonframework.conversion.avro.SpecificRecordBaseConverterStrategy: java.lang.Object convertFromGenericRecord(org.apache.avro.generic.GenericRecord,java.lang.Class)","convertFromGenericRecord",0,2.011874346882918e-23,,,""
"org.axonframework.conversion.avro.SpecificRecordBaseConverterStrategy: java.lang.Object convertFromSingleObjectEncoded(byte[],java.lang.Class)","convertFromSingleObjectEncoded",0,5.792961319394807e-23,,,""
"org.axonframework.conversion.avro.SpecificRecordBaseConverterStrategy: void applyStrategyConfiguration(org.axonframework.conversion.avro.AvroConverterStrategyConfiguration)","applyStrategyConfiguration",0,0.005068948631515453,,,""
"org.axonframework.eventsourcing.annotation.AnnotationBasedEventCriteriaResolver: org.axonframework.messaging.eventstreaming.EventCriteria resolve(java.lang.Object,org.axonframework.messaging.core.unitofwork.ProcessingContext)","resolve",0,7.259575844464022e-35,,,""
"org.axonframework.eventsourcing.configuration.EventSourcingConfigurationDefaults: void enhance(org.axonframework.common.configuration.ComponentRegistry)","enhance",0,0.26602993409544884,,,""
"org.axonframework.eventsourcing.configuration.EventSourcingConfigurer: org.axonframework.eventsourcing.configuration.EventSourcingConfigurer enhance(org.axonframework.modelling.configuration.ModellingConfigurer)","enhance",0,7.259575844464022e-35,,,""
"org.axonframework.eventsourcing.configuration.EventSourcingConfigurer: org.axonframework.eventsourcing.configuration.EventSourcingConfigurer lifecycleRegistry(java.util.function.Consumer)","lifecycleRegistry",0,7.259575844464022e-35,,,""
"org.axonframework.eventsourcing.configuration.EventSourcingConfigurer: org.axonframework.eventsourcing.configuration.EventSourcingConfigurer messaging(java.util.function.Consumer)","messaging",0,7.259575844464022e-35,,,""
"org.axonframework.eventsourcing.configuration.EventSourcingConfigurer: org.axonframework.eventsourcing.configuration.EventSourcingConfigurer registerEventStorageEngine(org.axonframework.common.configuration.ComponentBuilder)","registerEventStorageEngine",0,6.92327103086855e-21,,,""
"org.axonframework.eventsourcing.configuration.EventSourcingConfigurer: org.axonframework.eventsourcing.configuration.EventSourcingConfigurer registerEventStore(org.axonframework.common.configuration.ComponentBuilder)","registerEventStore",0,6.92327103086855e-21,,,""
"org.axonframework.eventsourcing.configuration.EventSourcingConfigurer: org.axonframework.eventsourcing.configuration.EventSourcingConfigurer registerTagResolver(org.axonframework.common.configuration.ComponentBuilder)","registerTagResolver",0,6.92327103086855e-21,,,""
"org.axonframework.eventsourcing.configuration.SimpleEventSourcedEntityModule: org.axonframework.common.configuration.Configuration build(org.axonframework.common.configuration.Configuration,org.axonframework.common.configuration.LifecycleRegistry)","build",0,7.612217000684707e-29,,,""
"org.axonframework.eventsourcing.eventstore.InterceptingEventStore: void describeTo(org.axonframework.common.infra.ComponentDescriptor)","describeTo",0,6.857009987731633e-07,,,""
"org.axonframework.eventsourcing.eventstore.PayloadBasedTagResolver: org.axonframework.eventsourcing.eventstore.PayloadBasedTagResolver withResolver(java.util.function.Function,java.util.function.Function)","withResolver",0,7.259575844464022e-35,,,""
"org.axonframework.eventsourcing.eventstore.SnapshotCapableEventStorageEngine: org.axonframework.messaging.core.MessageStream source(org.axonframework.eventsourcing.eventstore.SourcingCondition)","source",0,7.981988053709967e-23,,,""
"org.axonframework.eventsourcing.eventstore.inmemory.InMemoryEventStorageEngine$MapBackedMessageStream: void setCallback(java.lang.Runnable)","setCallback",0,7.612217000684707e-29,,,""
"org.axonframework.eventsourcing.eventstore.inmemory.InMemoryEventStorageEngine: java.util.concurrent.CompletableFuture tokenAt(java.time.Instant)","tokenAt",0,7.259575844464022e-35,,,""
"org.axonframework.eventsourcing.eventstore.inmemory.InMemoryEventStorageEngine: org.axonframework.messaging.core.MessageStream source(org.axonframework.eventsourcing.eventstore.SourcingCondition)","source",0,2.870487117547307e-24,,,""
"org.axonframework.eventsourcing.eventstore.jpa.AggregateBasedJpaEventStorageEngine: java.util.concurrent.CompletableFuture appendEvents(org.axonframework.eventsourcing.eventstore.AppendCondition,org.axonframework.messaging.core.unitofwork.ProcessingContext,java.util.List)","appendEvents",0,1.2020415919265464e-26,,,""
"org.axonframework.eventsourcing.eventstore.jpa.AggregateBasedJpaEventStorageEngine: org.axonframework.messaging.core.MessageStream source(org.axonframework.eventsourcing.eventstore.SourcingCondition)","source",0,7.612217000684707e-29,,,""
"org.axonframework.extension.metrics.micrometer.CapacityMonitor$1: void reportFailure(java.lang.Throwable)","reportFailure",0,2.5312575812353554e-25,,,""
"org.axonframework.extension.metrics.micrometer.CapacityMonitor$1: void reportIgnored()","reportIgnored",0,2.5312575812353554e-25,,,""
"org.axonframework.extension.metrics.micrometer.CapacityMonitor$1: void reportSuccess()","reportSuccess",0,2.5312575812353554e-25,,,""
"org.axonframework.extension.metrics.micrometer.EventProcessorLatencyMonitor$Builder: org.axonframework.extension.metrics.micrometer.EventProcessorLatencyMonitor$Builder clock(io.micrometer.core.instrument.Clock)","clock",0,0.005068948631515453,,,""
"org.axonframework.extension.metrics.micrometer.EventProcessorLatencyMonitor$Builder: org.axonframework.extension.metrics.micrometer.EventProcessorLatencyMonitor$Builder meterNamePrefix(java.lang.String)","meterNamePrefix",0,6.92327103086855e-21,,,""
"org.axonframework.extension.metrics.micrometer.EventProcessorLatencyMonitor$Builder: org.axonframework.extension.metrics.micrometer.EventProcessorLatencyMonitor$Builder meterRegistry(io.micrometer.core.instrument.MeterRegistry)","meterRegistry",0,0.005068948631515453,,,""
"org.axonframework.extension.metrics.micrometer.EventProcessorLatencyMonitor$Builder: org.axonframework.extension.metrics.micrometer.EventProcessorLatencyMonitor$Builder tagsBuilder(java.util.function.Function)","tagsBuilder",0,0.005068948631515453,,,""
"org.axonframework.extension.metrics.micrometer.MessageTimerMonitor$Builder: org.axonframework.extension.metrics.micrometer.MessageTimerMonitor$Builder clock(io.micrometer.core.instrument.Clock)","clock",0,0.005068948631515453,,,""
"org.axonframework.extension.metrics.micrometer.MessageTimerMonitor$Builder: org.axonframework.extension.metrics.micrometer.MessageTimerMonitor$Builder meterNamePrefix(java.lang.String)","meterNamePrefix",0,6.92327103086855e-21,,,""
"org.axonframework.extension.metrics.micrometer.MessageTimerMonitor$Builder: org.axonframework.extension.metrics.micrometer.MessageTimerMonitor$Builder meterRegistry(io.micrometer.core.instrument.MeterRegistry)","meterRegistry",0,0.005068948631515453,,,""
"org.axonframework.extension.metrics.micrometer.MessageTimerMonitor$Builder: org.axonframework.extension.metrics.micrometer.MessageTimerMonitor$Builder tagsBuilder(java.util.function.Function)","tagsBuilder",0,0.005068948631515453,,,""
"org.axonframework.extension.metrics.micrometer.MessageTimerMonitor$Builder: org.axonframework.extension.metrics.micrometer.MessageTimerMonitor$Builder timerCustomization(java.util.function.UnaryOperator)","timerCustomization",0,0.005068948631515453,,,""
"org.axonframework.extension.metrics.micrometer.MetricsConfigurationEnhancer: void enhance(org.axonframework.common.configuration.ComponentRegistry)","enhance",0,0.6650748352386221,,,""
"org.axonframework.extension.tracing.opentelemetry.OpenTelemetrySpanFactory$Builder: org.axonframework.extension.tracing.opentelemetry.OpenTelemetrySpanFactory$Builder addSpanAttributeProviders(java.util.List)","addSpanAttributeProviders",0,0.005068948631515453,,,""
"org.axonframework.extension.tracing.opentelemetry.OpenTelemetrySpanFactory$Builder: org.axonframework.extension.tracing.opentelemetry.OpenTelemetrySpanFactory$Builder textMapGetter(io.opentelemetry.context.propagation.TextMapGetter)","textMapGetter",0,0.005068948631515453,,,""
"org.axonframework.extension.tracing.opentelemetry.OpenTelemetrySpanFactory$Builder: org.axonframework.extension.tracing.opentelemetry.OpenTelemetrySpanFactory$Builder textMapSetter(io.opentelemetry.context.propagation.TextMapSetter)","textMapSetter",0,0.005068948631515453,,,""
"org.axonframework.extension.tracing.opentelemetry.OpenTelemetrySpanFactory$Builder: org.axonframework.extension.tracing.opentelemetry.OpenTelemetrySpanFactory$Builder tracer(io.opentelemetry.api.trace.Tracer)","tracer",0,0.005068948631515453,,,""
"org.axonframework.messaging.commandhandling.GenericCommandMessage: org.axonframework.messaging.commandhandling.CommandMessage withConvertedPayload(java.lang.reflect.Type,org.axonframework.conversion.Converter)","withConvertedPayload",0,3.7595114894776753e-13,,,""
"org.axonframework.messaging.commandhandling.GenericCommandResultMessage: org.axonframework.messaging.commandhandling.CommandResultMessage withConvertedPayload(java.lang.reflect.Type,org.axonframework.conversion.Converter)","withConvertedPayload",0,3.7595114894776753e-13,,,""
"org.axonframework.messaging.commandhandling.SimpleCommandHandlingComponent: org.axonframework.messaging.commandhandling.SimpleCommandHandlingComponent subscribe(org.axonframework.messaging.core.QualifiedName,org.axonframework.messaging.commandhandling.CommandHandler)","subscribe",0,7.259575844464022e-35,,,""
"org.axonframework.messaging.commandhandling.SimpleCommandHandlingComponent: org.axonframework.messaging.core.MessageStream$Single handle(org.axonframework.messaging.commandhandling.CommandMessage,org.axonframework.messaging.core.unitofwork.ProcessingContext)","handle",0,7.259575844464022e-35,,,""
"org.axonframework.messaging.commandhandling.annotation.AnnotatedCommandHandlingComponent: void describeTo(org.axonframework.common.infra.ComponentDescriptor)","describeTo",0,6.857009987731633e-07,,,""
"org.axonframework.messaging.commandhandling.annotation.AnnotationRoutingStrategy$RoutingKeyResolver: java.lang.String identify(java.lang.Object)","identify",0,1.2020415919265464e-26,,,""
"org.axonframework.messaging.commandhandling.gateway.CommandResult: java.lang.Object wait(java.lang.Class)","wait",0,7.259575844464022e-35,,,""
"org.axonframework.messaging.commandhandling.gateway.CommandResult: org.axonframework.messaging.commandhandling.gateway.CommandResult onSuccess(java.lang.Class,java.util.function.Consumer)","onSuccess",0,7.259575844464022e-35,,,""
"org.axonframework.messaging.commandhandling.gateway.ConvertingCommandGateway: void describeTo(org.axonframework.common.infra.ComponentDescriptor)","describeTo",0,6.857009987731633e-07,,,""
"org.axonframework.messaging.commandhandling.interception.CommandSequencingInterceptor: org.axonframework.messaging.core.MessageStream interceptOnHandle(org.axonframework.messaging.commandhandling.CommandMessage,org.axonframework.messaging.core.unitofwork.ProcessingContext,org.axonframework.messaging.core.MessageHandlerInterceptorChain)","interceptOnHandle",0,7.981988053709967e-23,,,""
"org.axonframework.messaging.commandhandling.interception.InterceptingCommandBus$InterceptingHandler: org.axonframework.messaging.core.MessageStream$Single handle(org.axonframework.messaging.commandhandling.CommandMessage,org.axonframework.messaging.core.unitofwork.ProcessingContext)","handle",0,7.259575844464022e-35,,,""
"org.axonframework.messaging.commandhandling.interception.InterceptingCommandBus: void describeTo(org.axonframework.common.infra.ComponentDescriptor)","describeTo",0,6.857009987731633e-07,,,""
"org.axonframework.messaging.commandhandling.retry.RetryingCommandBus: void describeTo(org.axonframework.common.infra.ComponentDescriptor)","describeTo",0,6.857009987731633e-07,,,""
"org.axonframework.messaging.commandhandling.tracing.DefaultCommandBusSpanFactory$Builder: org.axonframework.messaging.commandhandling.tracing.DefaultCommandBusSpanFactory$Builder spanFactory(org.axonframework.messaging.tracing.SpanFactory)","spanFactory",0,0.005068948631515453,,,""
"org.axonframework.messaging.commandhandling.tracing.TracingCommandBus$TracingHandler: org.axonframework.messaging.core.MessageStream$Single handle(org.axonframework.messaging.commandhandling.CommandMessage,org.axonframework.messaging.core.unitofwork.ProcessingContext)","handle",0,7.259575844464022e-35,,,""
"org.axonframework.messaging.commandhandling.tracing.TracingCommandBus: java.util.concurrent.CompletableFuture dispatch(org.axonframework.messaging.commandhandling.CommandMessage,org.axonframework.messaging.core.unitofwork.ProcessingContext)","dispatch",0,7.259575844464022e-35,,,""
"org.axonframework.messaging.commandhandling.tracing.TracingCommandBus: void describeTo(org.axonframework.common.infra.ComponentDescriptor)","describeTo",0,6.857009987731633e-07,,,""
"org.axonframework.messaging.core.AbstractMessage: org.axonframework.messaging.core.Message andMetadata(java.util.Map)","andMetadata",0,7.259575844464022e-35,,,""
"org.axonframework.messaging.core.AbstractMessage: org.axonframework.messaging.core.Message withMetadata(java.util.Map)","withMetadata",0,1.470092466222107e-23,,,""
"org.axonframework.messaging.core.AbstractMessageStream: java.util.Optional peek()","peek",0,7.259575844464022e-35,,,""
"org.axonframework.messaging.core.GenericMessage: org.axonframework.messaging.core.Message withConvertedPayload(java.lang.reflect.Type,org.axonframework.conversion.Converter)","withConvertedPayload",0,4.0955558814018443e-13,,,""
"org.axonframework.messaging.core.GenericResultMessage: org.axonframework.messaging.core.ResultMessage withConvertedPayload(java.lang.reflect.Type,org.axonframework.conversion.Converter)","withConvertedPayload",0,3.7595114894776753e-13,,,""
"org.axonframework.messaging.core.MessageType: org.axonframework.messaging.core.MessageType fromString(java.lang.String)","fromString",0,1.4510308250631981e-11,,,""
"org.axonframework.messaging.core.MessageTypeResolver: java.util.Optional resolve(java.lang.Object)","resolve",0,3.7595114894776753e-13,,,""
"org.axonframework.messaging.core.Metadata: org.axonframework.messaging.core.Metadata subset(java.lang.String[])","subset",0,9.08567110424629e-24,,,""
"org.axonframework.messaging.core.RemoteExceptionDescription: org.axonframework.messaging.core.RemoteExceptionDescription describing(java.lang.Throwable)","describing",0,7.981988053709967e-23,,,""
"org.axonframework.messaging.core.annotation.AbstractAnnotatedParameterResolverFactory: org.axonframework.messaging.core.annotation.ParameterResolver createInstance(java.lang.reflect.Executable,java.lang.reflect.Parameter[],int)","createInstance",0,7.259575844464022e-35,,,""
"org.axonframework.messaging.core.annotation.AnnotationMessageTypeResolver: java.util.Optional resolve(java.lang.Class)","resolve",0,7.981988053709967e-23,,,""
"org.axonframework.messaging.core.annotation.MessageStreamResolverUtils: org.axonframework.messaging.core.MessageStream resolveToStream(java.lang.Object,org.axonframework.messaging.core.MessageTypeResolver)","resolveToStream",0,8.307925237042262e-21,,,""
"org.axonframework.messaging.core.annotation.MethodInvokingMessageHandlingMember: java.lang.Object handleSync(org.axonframework.messaging.core.Message,org.axonframework.messaging.core.unitofwork.ProcessingContext,java.lang.Object)","handleSync",0,7.259575844464022e-35,,,""
"org.axonframework.messaging.core.configuration.MessagingConfigurer: org.axonframework.common.configuration.AxonConfiguration build()","build",0,7.259575844464022e-35,,,""
"org.axonframework.messaging.core.configuration.MessagingConfigurer: org.axonframework.messaging.core.configuration.MessagingConfigurer enhance(org.axonframework.common.configuration.ApplicationConfigurer)","enhance",0,2.5312575812353554e-25,,,""
"org.axonframework.messaging.core.configuration.reflection.ConfigurationParameterResolverConfigurationEnhancer: void enhance(org.axonframework.common.configuration.ComponentRegistry)","enhance",0,7.612217000684707e-29,,,""
"org.axonframework.messaging.core.conversion.DelegatingMessageConverter: void describeTo(org.axonframework.common.infra.ComponentDescriptor)","describeTo",0,6.857009987731633e-07,,,""
"org.axonframework.messaging.core.interception.DefaultDispatchInterceptorRegistry: org.axonframework.messaging.core.interception.DispatchInterceptorRegistry registerEventInterceptor(org.axonframework.common.configuration.ComponentBuilder)","registerEventInterceptor",0,2.7693084123474215e-21,,,""
"org.axonframework.messaging.core.interception.DefaultDispatchInterceptorRegistry: org.axonframework.messaging.core.interception.DispatchInterceptorRegistry registerInterceptor(org.axonframework.common.configuration.ComponentBuilder)","registerInterceptor",0,7.259575844464022e-35,,,""
"org.axonframework.messaging.core.interception.DefaultDispatchInterceptorRegistry: org.axonframework.messaging.core.interception.DispatchInterceptorRegistry registerInterceptor(org.axonframework.messaging.core.interception.DispatchInterceptorFactory)","registerInterceptor",0,1.1077233649389686e-20,,,""
"org.axonframework.messaging.core.interception.DefaultDispatchInterceptorRegistry: org.axonframework.messaging.core.interception.DispatchInterceptorRegistry registerQueryInterceptor(org.axonframework.common.configuration.ComponentBuilder)","registerQueryInterceptor",0,2.7693084123474215e-21,,,""
"org.axonframework.messaging.core.interception.DefaultDispatchInterceptorRegistry: org.axonframework.messaging.core.interception.DispatchInterceptorRegistry registerSubscriptionQueryUpdateInterceptor(org.axonframework.common.configuration.ComponentBuilder)","registerSubscriptionQueryUpdateInterceptor",0,2.7693084123474215e-21,,,""
"org.axonframework.messaging.core.interception.DefaultHandlerInterceptorRegistry: org.axonframework.messaging.core.interception.HandlerInterceptorRegistry registerEventInterceptor(org.axonframework.common.configuration.ComponentBuilder)","registerEventInterceptor",0,3.9909940268549846e-23,,,""
"org.axonframework.messaging.core.interception.DefaultHandlerInterceptorRegistry: org.axonframework.messaging.core.interception.HandlerInterceptorRegistry registerInterceptor(org.axonframework.common.configuration.ComponentBuilder)","registerInterceptor",0,7.259575844464022e-35,,,""
"org.axonframework.messaging.core.interception.DefaultHandlerInterceptorRegistry: org.axonframework.messaging.core.interception.HandlerInterceptorRegistry registerInterceptor(org.axonframework.messaging.core.interception.HandlerInterceptorFactory)","registerInterceptor",0,1.1972982080564954e-22,,,""
"org.axonframework.messaging.core.interception.DefaultHandlerInterceptorRegistry: org.axonframework.messaging.core.interception.HandlerInterceptorRegistry registerQueryInterceptor(org.axonframework.common.configuration.ComponentBuilder)","registerQueryInterceptor",0,3.9909940268549846e-23,,,""
"org.axonframework.messaging.core.interception.annotation.MessageHandlerInterceptorDefinition$ResultHandlingInterceptorMember: java.lang.Object handleSync(org.axonframework.messaging.core.Message,org.axonframework.messaging.core.unitofwork.ProcessingContext,java.lang.Object)","handleSync",0,7.259575844464022e-35,,,""
"org.axonframework.messaging.core.reflection.HierarchicalParameterResolverFactoryConfigurationEnhancer: void enhance(org.axonframework.common.configuration.ComponentRegistry)","enhance",0,0.13301496704772442,,,""
"org.axonframework.messaging.core.retry.AsyncRetryScheduler: org.axonframework.messaging.core.MessageStream scheduleRetry(org.axonframework.messaging.core.Message,org.axonframework.messaging.core.unitofwork.ProcessingContext,java.lang.Throwable,org.axonframework.messaging.core.retry.RetryScheduler$Dispatcher)","scheduleRetry",0,7.981988053709967e-23,,,""
"org.axonframework.messaging.core.retry.FilteringRetryPolicy: void describeTo(org.axonframework.common.infra.ComponentDescriptor)","describeTo",0,6.857009987731633e-07,,,""
"org.axonframework.messaging.core.retry.MaxAttemptsPolicy: void describeTo(org.axonframework.common.infra.ComponentDescriptor)","describeTo",0,6.857009987731633e-07,,,""
"org.axonframework.messaging.core.timeout.TimeoutWrappedMessageHandlingMember: java.lang.Object handleSync(org.axonframework.messaging.core.Message,org.axonframework.messaging.core.unitofwork.ProcessingContext,java.lang.Object)","handleSync",0,5.792580089891849e-18,,,""
"org.axonframework.messaging.core.unitofwork.ResourceOverridingProcessingContext: org.axonframework.messaging.core.unitofwork.ProcessingLifecycle doFinally(java.util.function.Consumer)","doFinally",0,7.612217000684707e-29,,,""
"org.axonframework.messaging.core.unitofwork.UnitOfWork: org.axonframework.messaging.core.unitofwork.UnitOfWork on(org.axonframework.messaging.core.unitofwork.ProcessingLifecycle$Phase,java.util.function.Function)","on",0,7.259575844464022e-35,,,""
"org.axonframework.messaging.eventhandling.DelegatingEventHandlingComponent: void describeTo(org.axonframework.common.infra.ComponentDescriptor)","describeTo",0,6.857009987731633e-07,,,""
"org.axonframework.messaging.eventhandling.GenericEventMessage: org.axonframework.messaging.eventhandling.EventMessage withConvertedPayload(java.lang.reflect.Type,org.axonframework.conversion.Converter)","withConvertedPayload",0,3.7595114894776753e-13,,,""
"org.axonframework.messaging.eventhandling.InterceptingEventBus: void describeTo(org.axonframework.common.infra.ComponentDescriptor)","describeTo",0,6.857009987731633e-07,,,""
"org.axonframework.messaging.eventhandling.InterceptingEventSink: void describeTo(org.axonframework.common.infra.ComponentDescriptor)","describeTo",0,6.857009987731633e-07,,,""
"org.axonframework.messaging.eventhandling.SimpleEventBus: java.util.concurrent.CompletableFuture publish(org.axonframework.messaging.core.unitofwork.ProcessingContext,java.util.List)","publish",0,7.259575844464022e-35,,,""
"org.axonframework.messaging.eventhandling.annotation.AnnotatedEventHandlingComponent: void describeTo(org.axonframework.common.infra.ComponentDescriptor)","describeTo",0,6.857009987731633e-07,,,""
"org.axonframework.messaging.eventhandling.configuration.DefaultEventHandlingComponentsConfigurer: org.axonframework.messaging.eventhandling.configuration.EventHandlingComponentsConfigurer$AdditionalComponentPhase declarative(java.lang.String,org.axonframework.common.configuration.ComponentBuilder)","declarative",0,7.259575844464022e-35,,,""
"org.axonframework.messaging.eventhandling.configuration.EventProcessingConfigurer: org.axonframework.messaging.eventhandling.configuration.EventProcessingConfigurer defaults(java.util.function.BiFunction)","defaults",0,7.612217000684707e-29,,,""
"org.axonframework.messaging.eventhandling.configuration.EventProcessingConfigurer: org.axonframework.messaging.eventhandling.configuration.EventProcessingConfigurer defaults(java.util.function.UnaryOperator)","defaults",0,7.612217000684707e-29,,,""
"org.axonframework.messaging.eventhandling.configuration.EventProcessorConfiguration: org.axonframework.messaging.eventhandling.configuration.EventProcessorConfiguration errorHandler(org.axonframework.messaging.eventhandling.processing.errorhandling.ErrorHandler)","errorHandler",0,0.005068948631515453,,,""
"org.axonframework.messaging.eventhandling.configuration.EventProcessorConfiguration: org.axonframework.messaging.eventhandling.configuration.EventProcessorConfiguration extend(java.lang.Class,java.util.function.Supplier)","extend",0,7.259575844464022e-35,,,""
"org.axonframework.messaging.eventhandling.configuration.EventProcessorConfiguration: org.axonframework.messaging.eventhandling.configuration.EventProcessorConfiguration unitOfWorkFactory(org.axonframework.messaging.core.unitofwork.UnitOfWorkFactory)","unitOfWorkFactory",0,0.005068948631515453,,,""
"org.axonframework.messaging.eventhandling.configuration.EventProcessorConfiguration: void describeTo(org.axonframework.common.infra.ComponentDescriptor)","describeTo",0,7.259575844464022e-35,,,""
"org.axonframework.messaging.eventhandling.interception.InterceptingEventHandlingComponent: org.axonframework.messaging.core.MessageStream$Empty handle(org.axonframework.messaging.eventhandling.EventMessage,org.axonframework.messaging.core.unitofwork.ProcessingContext)","handle",0,7.259575844464022e-35,,,""
"org.axonframework.messaging.eventhandling.processing.streaming.pooled.Coordinator$CoordinationTask: void run()","run",0,7.612217000684707e-29,,,""
"org.axonframework.messaging.eventhandling.processing.streaming.pooled.DefaultWorkPackageEventFilter: boolean canHandle(org.axonframework.messaging.eventhandling.EventMessage,org.axonframework.messaging.core.unitofwork.ProcessingContext,org.axonframework.messaging.eventhandling.processing.streaming.segmenting.Segment)","canHandle",0,7.612217000684707e-29,,,""
"org.axonframework.messaging.eventhandling.processing.streaming.pooled.PooledStreamingEventProcessor: java.util.concurrent.CompletableFuture releaseSegment(int)","releaseSegment",0,7.259575844464022e-35,,,""
"org.axonframework.messaging.eventhandling.processing.streaming.pooled.PooledStreamingEventProcessor: java.util.concurrent.CompletableFuture resetTokens(org.axonframework.messaging.eventhandling.processing.streaming.token.TrackingToken,java.lang.Object)","resetTokens",0,7.981988053709967e-23,,,""
"org.axonframework.messaging.eventhandling.processing.streaming.pooled.PooledStreamingEventProcessor: java.util.concurrent.CompletableFuture shutdown()","shutdown",0,7.612217000684707e-29,,,""
"org.axonframework.messaging.eventhandling.processing.streaming.pooled.PooledStreamingEventProcessor: java.util.concurrent.CompletableFuture start()","start",0,7.259575844464022e-35,,,""
"org.axonframework.messaging.eventhandling.processing.streaming.pooled.PooledStreamingEventProcessorConfiguration: org.axonframework.messaging.eventhandling.processing.streaming.pooled.PooledStreamingEventProcessorConfiguration addSegmentChangeListener(org.axonframework.messaging.eventhandling.processing.streaming.segmenting.SegmentChangeListener)","addSegmentChangeListener",0,0.005068948631515453,,,""
"org.axonframework.messaging.eventhandling.processing.streaming.pooled.PooledStreamingEventProcessorConfiguration: org.axonframework.messaging.eventhandling.processing.streaming.pooled.PooledStreamingEventProcessorConfiguration batchSize(int)","batchSize",0,7.612217000684707e-29,,,""
"org.axonframework.messaging.eventhandling.processing.streaming.pooled.PooledStreamingEventProcessorConfiguration: org.axonframework.messaging.eventhandling.processing.streaming.pooled.PooledStreamingEventProcessorConfiguration claimExtensionThreshold(long)","claimExtensionThreshold",0,7.612217000684707e-29,,,""
"org.axonframework.messaging.eventhandling.processing.streaming.pooled.PooledStreamingEventProcessorConfiguration: org.axonframework.messaging.eventhandling.processing.streaming.pooled.PooledStreamingEventProcessorConfiguration clock(java.time.Clock)","clock",0,0.005068948631515453,,,""
"org.axonframework.messaging.eventhandling.processing.streaming.pooled.PooledStreamingEventProcessorConfiguration: org.axonframework.messaging.eventhandling.processing.streaming.pooled.PooledStreamingEventProcessorConfiguration coordinatorExecutor(java.util.concurrent.ScheduledExecutorService)","coordinatorExecutor",0,0.005068948631515453,,,""
"org.axonframework.messaging.eventhandling.processing.streaming.pooled.PooledStreamingEventProcessorConfiguration: org.axonframework.messaging.eventhandling.processing.streaming.pooled.PooledStreamingEventProcessorConfiguration coordinatorExecutor(java.util.function.Supplier)","coordinatorExecutor",0,0.0053421499230020646,,,""
"org.axonframework.messaging.eventhandling.processing.streaming.pooled.PooledStreamingEventProcessorConfiguration: org.axonframework.messaging.eventhandling.processing.streaming.pooled.PooledStreamingEventProcessorConfiguration eventCriteria(java.util.function.Function)","eventCriteria",0,0.005068948631515453,,,""
"org.axonframework.messaging.eventhandling.processing.streaming.pooled.PooledStreamingEventProcessorConfiguration: org.axonframework.messaging.eventhandling.processing.streaming.pooled.PooledStreamingEventProcessorConfiguration eventSource(org.axonframework.messaging.eventstreaming.StreamableEventSource)","eventSource",0,0.005068948631515453,,,""
"org.axonframework.messaging.eventhandling.processing.streaming.pooled.PooledStreamingEventProcessorConfiguration: org.axonframework.messaging.eventhandling.processing.streaming.pooled.PooledStreamingEventProcessorConfiguration initialSegmentCount(int)","initialSegmentCount",0,7.612217000684707e-29,,,""
"org.axonframework.messaging.eventhandling.processing.streaming.pooled.PooledStreamingEventProcessorConfiguration: org.axonframework.messaging.eventhandling.processing.streaming.pooled.PooledStreamingEventProcessorConfiguration initialToken(java.util.function.Function)","initialToken",0,0.005068948631515453,,,""
"org.axonframework.messaging.eventhandling.processing.streaming.pooled.PooledStreamingEventProcessorConfiguration: org.axonframework.messaging.eventhandling.processing.streaming.pooled.PooledStreamingEventProcessorConfiguration maxSegmentProvider(org.axonframework.messaging.eventhandling.processing.streaming.pooled.MaxSegmentProvider)","maxSegmentProvider",0,0.005068948631515453,,,""
"org.axonframework.messaging.eventhandling.processing.streaming.pooled.PooledStreamingEventProcessorConfiguration: org.axonframework.messaging.eventhandling.processing.streaming.pooled.PooledStreamingEventProcessorConfiguration tokenClaimInterval(long)","tokenClaimInterval",0,7.612217000684707e-29,,,""
"org.axonframework.messaging.eventhandling.processing.streaming.pooled.PooledStreamingEventProcessorConfiguration: org.axonframework.messaging.eventhandling.processing.streaming.pooled.PooledStreamingEventProcessorConfiguration tokenStore(org.axonframework.messaging.eventhandling.processing.streaming.token.store.TokenStore)","tokenStore",0,0.005068948631515453,,,""
"org.axonframework.messaging.eventhandling.processing.streaming.pooled.PooledStreamingEventProcessorConfiguration: org.axonframework.messaging.eventhandling.processing.streaming.pooled.PooledStreamingEventProcessorConfiguration workerExecutor(java.util.concurrent.ScheduledExecutorService)","workerExecutor",0,0.005068948631515453,,,""
"org.axonframework.messaging.eventhandling.processing.streaming.pooled.PooledStreamingEventProcessorConfiguration: org.axonframework.messaging.eventhandling.processing.streaming.pooled.PooledStreamingEventProcessorConfiguration workerExecutor(java.util.function.Supplier)","workerExecutor",0,0.0053421499230020646,,,""
"org.axonframework.messaging.eventhandling.processing.streaming.pooled.PooledStreamingEventProcessorConfiguration: org.axonframework.messaging.eventhandling.processing.streaming.segmenting.SegmentChangeListener segmentChangeListener()","segmentChangeListener",0,7.259575844464022e-35,,,""
"org.axonframework.messaging.eventhandling.processing.streaming.pooled.PooledStreamingEventProcessorModule: org.axonframework.messaging.eventhandling.processing.streaming.pooled.PooledStreamingEventProcessorModule notCustomized()","notCustomized",0,7.259575844464022e-35,,,""
"org.axonframework.messaging.eventhandling.processing.streaming.pooled.PooledStreamingEventProcessorsConfigurer: org.axonframework.messaging.eventhandling.processing.streaming.pooled.PooledStreamingEventProcessorsConfigurer defaultProcessor(java.lang.String,java.util.function.Function)","defaultProcessor",0,7.612217000684707e-29,,,""
"org.axonframework.messaging.eventhandling.processing.streaming.pooled.PooledStreamingEventProcessorsConfigurer: org.axonframework.messaging.eventhandling.processing.streaming.pooled.PooledStreamingEventProcessorsConfigurer defaults(java.util.function.BiFunction)","defaults",0,7.612217000684707e-29,,,""
"org.axonframework.messaging.eventhandling.processing.streaming.pooled.PooledStreamingEventProcessorsConfigurer: org.axonframework.messaging.eventhandling.processing.streaming.pooled.PooledStreamingEventProcessorsConfigurer defaults(java.util.function.UnaryOperator)","defaults",0,7.612217000684707e-29,,,""
"org.axonframework.messaging.eventhandling.processing.streaming.pooled.PooledStreamingEventProcessorsConfigurer: org.axonframework.messaging.eventhandling.processing.streaming.pooled.PooledStreamingEventProcessorsConfigurer processor(java.lang.String,java.util.function.Function)","processor",0,7.612217000684707e-29,,,""
"org.axonframework.messaging.eventhandling.processing.streaming.pooled.WorkPackage: boolean scheduleEvent(org.axonframework.messaging.core.MessageStream$Entry)","scheduleEvent",0,2.5312575812353554e-25,,,""
"org.axonframework.messaging.eventhandling.processing.streaming.pooled.WorkPackage: boolean scheduleEvents(java.util.List)","scheduleEvents",0,2.5312575812353554e-25,,,""
"org.axonframework.messaging.eventhandling.processing.streaming.pooled.WorkPackage: java.util.concurrent.CompletableFuture abort(java.lang.Exception)","abort",0,2.5312575812353554e-25,,,""
"org.axonframework.messaging.eventhandling.processing.streaming.segmenting.EventTrackerStatus: boolean isDifferent(org.axonframework.messaging.eventhandling.processing.streaming.segmenting.EventTrackerStatus,boolean)","isDifferent",0,7.612217000684707e-29,,,""
"org.axonframework.messaging.eventhandling.processing.streaming.segmenting.Segment: java.util.List splitBalanced(org.axonframework.messaging.eventhandling.processing.streaming.segmenting.Segment,int)","splitBalanced",0,7.612217000684707e-29,,,""
"org.axonframework.messaging.eventhandling.processing.streaming.segmenting.Segment: org.axonframework.messaging.eventhandling.processing.streaming.segmenting.Segment mergedWith(org.axonframework.messaging.eventhandling.processing.streaming.segmenting.Segment)","mergedWith",0,1.55732943696031e-11,,,""
"org.axonframework.messaging.eventhandling.processing.streaming.segmenting.SegmentMatcher: boolean matches(org.axonframework.messaging.eventhandling.processing.streaming.segmenting.Segment,org.axonframework.messaging.eventhandling.EventMessage,org.axonframework.messaging.core.unitofwork.ProcessingContext)","matches",0,7.259575844464022e-35,,,""
"org.axonframework.messaging.eventhandling.processing.streaming.segmenting.SequenceOverridingEventHandlingComponent: void describeTo(org.axonframework.common.infra.ComponentDescriptor)","describeTo",0,6.857009987731633e-07,,,""
"org.axonframework.messaging.eventhandling.processing.streaming.segmenting.TrackerStatus: java.lang.String toString()","toString",0,7.259575844464022e-35,,,""
"org.axonframework.messaging.eventhandling.processing.streaming.segmenting.TrackerStatus: org.axonframework.messaging.eventhandling.processing.streaming.segmenting.TrackerStatus[] split(org.axonframework.messaging.eventhandling.processing.streaming.segmenting.Segment,org.axonframework.messaging.eventhandling.processing.streaming.token.TrackingToken)","split",0,7.612217000684707e-29,,,""
"org.axonframework.messaging.eventhandling.processing.streaming.token.GapAwareTrackingToken: org.axonframework.messaging.eventhandling.processing.streaming.token.TrackingToken upperBound(org.axonframework.messaging.eventhandling.processing.streaming.token.TrackingToken)","upperBound",0,7.612217000684707e-29,,,""
"org.axonframework.messaging.eventhandling.processing.streaming.token.GlobalSequenceTrackingToken: boolean covers(org.axonframework.messaging.eventhandling.processing.streaming.token.TrackingToken)","covers",0,1.4510308250631981e-11,,,""
"org.axonframework.messaging.eventhandling.processing.streaming.token.GlobalSequenceTrackingToken: org.axonframework.messaging.eventhandling.processing.streaming.token.TrackingToken lowerBound(org.axonframework.messaging.eventhandling.processing.streaming.token.TrackingToken)","lowerBound",0,1.4510308250631981e-11,,,""
"org.axonframework.messaging.eventhandling.processing.streaming.token.GlobalSequenceTrackingToken: org.axonframework.messaging.eventhandling.processing.streaming.token.TrackingToken upperBound(org.axonframework.messaging.eventhandling.processing.streaming.token.TrackingToken)","upperBound",0,1.4510308250631981e-11,,,""
"org.axonframework.messaging.eventhandling.processing.streaming.token.store.inmemory.InMemoryTokenStore: java.util.concurrent.CompletableFuture initializeTokenSegments(java.lang.String,int,org.axonframework.messaging.eventhandling.processing.streaming.token.TrackingToken,org.axonframework.messaging.core.unitofwork.ProcessingContext)","initializeTokenSegments",0,7.259575844464022e-35,,,""
"org.axonframework.messaging.eventhandling.processing.streaming.token.store.jdbc.JdbcTokenStore: void createSchema(org.axonframework.messaging.eventhandling.processing.streaming.token.store.jdbc.TokenTableFactory)","createSchema",0,7.612217000684707e-29,,,""
"org.axonframework.messaging.eventhandling.processing.streaming.token.store.jdbc.JdbcTokenStoreConfiguration: org.axonframework.messaging.eventhandling.processing.streaming.token.store.jdbc.JdbcTokenStoreConfiguration claimTimeout(java.time.temporal.TemporalAmount)","claimTimeout",0,0.005068948631515453,,,""
"org.axonframework.messaging.eventhandling.processing.streaming.token.store.jdbc.JdbcTokenStoreConfiguration: org.axonframework.messaging.eventhandling.processing.streaming.token.store.jdbc.JdbcTokenStoreConfiguration nodeId(java.lang.String)","nodeId",0,6.92327103086855e-21,,,""
"org.axonframework.messaging.eventhandling.processing.streaming.token.store.jdbc.JdbcTokenStoreConfiguration: org.axonframework.messaging.eventhandling.processing.streaming.token.store.jdbc.JdbcTokenStoreConfiguration schema(org.axonframework.messaging.eventhandling.processing.streaming.token.store.jdbc.TokenSchema)","schema",0,0.005068948631515453,,,""
"org.axonframework.messaging.eventhandling.processing.streaming.token.store.jpa.JpaTokenStore: java.util.concurrent.CompletableFuture releaseClaim(java.lang.String,int,org.axonframework.messaging.core.unitofwork.ProcessingContext)","releaseClaim",0,7.612217000684707e-29,,,""
"org.axonframework.messaging.eventhandling.processing.streaming.token.store.jpa.JpaTokenStoreConfiguration: org.axonframework.messaging.eventhandling.processing.streaming.token.store.jpa.JpaTokenStoreConfiguration claimTimeout(java.time.temporal.TemporalAmount)","claimTimeout",0,0.005068948631515453,,,""
"org.axonframework.messaging.eventhandling.processing.streaming.token.store.jpa.JpaTokenStoreConfiguration: org.axonframework.messaging.eventhandling.processing.streaming.token.store.jpa.JpaTokenStoreConfiguration loadingLockMode(jakarta.persistence.LockModeType)","loadingLockMode",0,0.005068948631515453,,,""
"org.axonframework.messaging.eventhandling.processing.streaming.token.store.jpa.JpaTokenStoreConfiguration: org.axonframework.messaging.eventhandling.processing.streaming.token.store.jpa.JpaTokenStoreConfiguration nodeId(java.lang.String)","nodeId",0,6.92327103086855e-21,,,""
"org.axonframework.messaging.eventhandling.processing.subscribing.SubscribingEventProcessorConfiguration: org.axonframework.messaging.eventhandling.processing.subscribing.SubscribingEventProcessorConfiguration eventSource(org.axonframework.messaging.core.SubscribableEventSource)","eventSource",0,0.005068948631515453,,,""
"org.axonframework.messaging.eventhandling.processing.subscribing.SubscribingEventProcessorModule: org.axonframework.messaging.eventhandling.processing.subscribing.SubscribingEventProcessorModule notCustomized()","notCustomized",0,7.259575844464022e-35,,,""
"org.axonframework.messaging.eventhandling.processing.subscribing.SubscribingEventProcessorsConfigurer: org.axonframework.messaging.eventhandling.processing.subscribing.SubscribingEventProcessorsConfigurer defaultProcessor(java.lang.String,java.util.function.Function)","defaultProcessor",0,7.612217000684707e-29,,,""
"org.axonframework.messaging.eventhandling.processing.subscribing.SubscribingEventProcessorsConfigurer: org.axonframework.messaging.eventhandling.processing.subscribing.SubscribingEventProcessorsConfigurer defaults(java.util.function.BiFunction)","defaults",0,7.612217000684707e-29,,,""
"org.axonframework.messaging.eventhandling.processing.subscribing.SubscribingEventProcessorsConfigurer: org.axonframework.messaging.eventhandling.processing.subscribing.SubscribingEventProcessorsConfigurer defaults(java.util.function.UnaryOperator)","defaults",0,7.612217000684707e-29,,,""
"org.axonframework.messaging.eventhandling.processing.subscribing.SubscribingEventProcessorsConfigurer: org.axonframework.messaging.eventhandling.processing.subscribing.SubscribingEventProcessorsConfigurer processor(java.lang.String,java.util.function.Function)","processor",0,7.612217000684707e-29,,,""
"org.axonframework.messaging.eventhandling.replay.GenericReplayStatusChanged: org.axonframework.messaging.eventhandling.replay.ReplayStatusChanged withConvertedPayload(java.lang.reflect.Type,org.axonframework.conversion.Converter)","withConvertedPayload",0,3.7595114894776753e-13,,,""
"org.axonframework.messaging.eventhandling.replay.GenericResetContext: org.axonframework.messaging.eventhandling.replay.ResetContext withConvertedPayload(java.lang.reflect.Type,org.axonframework.conversion.Converter)","withConvertedPayload",0,3.7595114894776753e-13,,,""
"org.axonframework.messaging.eventhandling.tracing.DefaultEventBusSpanFactory$Builder: org.axonframework.messaging.eventhandling.tracing.DefaultEventBusSpanFactory$Builder spanFactory(org.axonframework.messaging.tracing.SpanFactory)","spanFactory",0,0.005068948631515453,,,""
"org.axonframework.messaging.eventhandling.tracing.DefaultEventProcessorSpanFactory$Builder: org.axonframework.messaging.eventhandling.tracing.DefaultEventProcessorSpanFactory$Builder distributedInSameTraceTimeLimit(java.time.Duration)","distributedInSameTraceTimeLimit",0,0.005068948631515453,,,""
"org.axonframework.messaging.eventhandling.tracing.DefaultEventProcessorSpanFactory$Builder: org.axonframework.messaging.eventhandling.tracing.DefaultEventProcessorSpanFactory$Builder spanFactory(org.axonframework.messaging.tracing.SpanFactory)","spanFactory",0,0.005068948631515453,,,""
"org.axonframework.messaging.eventstreaming.EventCriteria: org.axonframework.messaging.eventstreaming.EventTypeRestrictableEventCriteria havingTags(java.lang.String[])","havingTags",0,7.259575844464022e-35,,,""
"org.axonframework.messaging.eventstreaming.EventTypeRestrictableEventCriteria: org.axonframework.messaging.eventstreaming.EventCriteria andBeingOneOfTypes(org.axonframework.messaging.core.MessageTypeResolver,java.lang.Class[])","andBeingOneOfTypes",0,3.690302013757587e-14,,,""
"org.axonframework.messaging.eventstreaming.TagAndTypeFilteredEventCriteria: org.axonframework.messaging.eventstreaming.EventCriteria or(org.axonframework.messaging.eventstreaming.EventCriteria)","or",0,7.612217000684707e-29,,,""
"org.axonframework.messaging.eventstreaming.TagFilteredEventCriteria: org.axonframework.messaging.eventstreaming.EventCriteria or(org.axonframework.messaging.eventstreaming.EventCriteria)","or",0,7.612217000684707e-29,,,""
"org.axonframework.messaging.monitoring.configuration.DefaultMessageMonitorRegistry: org.axonframework.messaging.monitoring.configuration.MessageMonitorRegistry registerMonitor(org.axonframework.common.configuration.ComponentBuilder)","registerMonitor",0,7.612217000684709e-09,,,""
"org.axonframework.messaging.monitoring.configuration.DefaultMessageMonitorRegistry: org.axonframework.messaging.monitoring.configuration.MessageMonitorRegistry registerMonitor(org.axonframework.messaging.monitoring.configuration.MessageMonitorFactory)","registerMonitor",0,1.1077233649389686e-20,,,""
"org.axonframework.messaging.queryhandling.GenericQueryMessage: org.axonframework.messaging.queryhandling.QueryMessage withConvertedPayload(java.lang.reflect.Type,org.axonframework.conversion.Converter)","withConvertedPayload",0,3.7595114894776753e-13,,,""
"org.axonframework.messaging.queryhandling.GenericQueryResponseMessage: org.axonframework.messaging.queryhandling.QueryResponseMessage withConvertedPayload(java.lang.reflect.Type,org.axonframework.conversion.Converter)","withConvertedPayload",0,3.7595114894776753e-13,,,""
"org.axonframework.messaging.queryhandling.GenericSubscriptionQueryUpdateMessage: org.axonframework.messaging.queryhandling.SubscriptionQueryUpdateMessage withConvertedPayload(java.lang.reflect.Type,org.axonframework.conversion.Converter)","withConvertedPayload",0,3.7595114894776753e-13,,,""
"org.axonframework.messaging.queryhandling.SimpleQueryBus: org.axonframework.messaging.core.MessageStream subscriptionQuery(org.axonframework.messaging.queryhandling.QueryMessage,org.axonframework.messaging.core.unitofwork.ProcessingContext,int)","subscriptionQuery",0,7.612217000684707e-29,,,""
"org.axonframework.messaging.queryhandling.SimpleQueryHandlingComponent: org.axonframework.messaging.core.MessageStream handle(org.axonframework.messaging.queryhandling.QueryMessage,org.axonframework.messaging.core.unitofwork.ProcessingContext)","handle",0,7.259575844464022e-35,,,""
"org.axonframework.messaging.queryhandling.SimpleQueryHandlingComponent: org.axonframework.messaging.queryhandling.SimpleQueryHandlingComponent subscribe(org.axonframework.messaging.core.QualifiedName,org.axonframework.messaging.queryhandling.QueryHandler)","subscribe",0,7.259575844464022e-35,,,""
"org.axonframework.messaging.queryhandling.annotation.AnnotatedQueryHandlingComponent: void describeTo(org.axonframework.common.infra.ComponentDescriptor)","describeTo",0,6.857009987731633e-07,,,""
"org.axonframework.messaging.queryhandling.interception.InterceptingQueryBus$InterceptingHandler: org.axonframework.messaging.core.MessageStream handle(org.axonframework.messaging.queryhandling.QueryMessage,org.axonframework.messaging.core.unitofwork.ProcessingContext)","handle",0,7.259575844464022e-35,,,""
"org.axonframework.messaging.queryhandling.interception.InterceptingQueryBus: void describeTo(org.axonframework.common.infra.ComponentDescriptor)","describeTo",0,6.857009987731633e-07,,,""
"org.axonframework.messaging.queryhandling.tracing.DefaultQueryBusSpanFactory$Builder: org.axonframework.messaging.queryhandling.tracing.DefaultQueryBusSpanFactory$Builder spanFactory(org.axonframework.messaging.tracing.SpanFactory)","spanFactory",0,0.005068948631515453,,,""
"org.axonframework.messaging.queryhandling.tracing.DefaultQueryUpdateEmitterSpanFactory$Builder: org.axonframework.messaging.queryhandling.tracing.DefaultQueryUpdateEmitterSpanFactory$Builder spanFactory(org.axonframework.messaging.tracing.SpanFactory)","spanFactory",0,0.005068948631515453,,,""
"org.axonframework.messaging.tracing.TracingHandlerEnhancerDefinition$1: java.lang.Object handleSync(org.axonframework.messaging.core.Message,org.axonframework.messaging.core.unitofwork.ProcessingContext,java.lang.Object)","handleSync",0,7.259575844464022e-35,,,""
"org.axonframework.messaging.tracing.TracingHandlerEnhancerDefinition$Builder: org.axonframework.messaging.tracing.TracingHandlerEnhancerDefinition$Builder spanFactory(org.axonframework.messaging.tracing.SpanFactory)","spanFactory",0,0.005068948631515453,,,""
"org.axonframework.modelling.HierarchicalStateManager: java.util.concurrent.CompletableFuture loadManagedEntity(java.lang.Class,java.lang.Object,org.axonframework.messaging.core.unitofwork.ProcessingContext)","loadManagedEntity",0,7.259575844464022e-35,,,""
"org.axonframework.modelling.HierarchicalStateManagerConfigurationEnhancer: void enhance(org.axonframework.common.configuration.ComponentRegistry)","enhance",0,0.13301496704772442,,,""
"org.axonframework.modelling.annotation.AnnotationBasedEntityEvolvingComponent: java.lang.Object evolve(java.lang.Object,org.axonframework.messaging.eventhandling.EventMessage,org.axonframework.messaging.core.unitofwork.ProcessingContext)","evolve",0,7.259575844464022e-35,,,""
"org.axonframework.modelling.annotation.InjectEntityParameterResolverFactoryConfigurationEnhancer: void enhance(org.axonframework.common.configuration.ComponentRegistry)","enhance",0,7.612217000684707e-29,,,""
"org.axonframework.modelling.configuration.ModellingConfigurationDefaults: void enhance(org.axonframework.common.configuration.ComponentRegistry)","enhance",0,0.03203549629405475,,,""
"org.axonframework.modelling.configuration.ModellingConfigurer: org.axonframework.modelling.configuration.ModellingConfigurer enhance(org.axonframework.messaging.core.configuration.MessagingConfigurer)","enhance",0,6.92327103086855e-21,,,""
"org.axonframework.modelling.configuration.ModellingConfigurer: org.axonframework.modelling.configuration.ModellingConfigurer registerEntity(org.axonframework.modelling.configuration.EntityModule)","registerEntity",0,2.5312575812353554e-25,,,""
"org.axonframework.modelling.configuration.SimpleStateBasedEntityModule: org.axonframework.common.configuration.Configuration build(org.axonframework.common.configuration.Configuration,org.axonframework.common.configuration.LifecycleRegistry)","build",0,7.612217000684707e-29,,,""
"org.axonframework.modelling.entity.EntityCommandHandlingComponent: org.axonframework.messaging.core.MessageStream$Single handle(org.axonframework.messaging.commandhandling.CommandMessage,org.axonframework.messaging.core.unitofwork.ProcessingContext)","handle",0,7.612217000684707e-29,,,""
"org.axonframework.modelling.entity.annotation.AbstractEntityChildModelDefinition: java.util.Optional createChildDefinition(java.lang.Class,org.axonframework.modelling.entity.annotation.AnnotatedEntityMetamodelFactory,java.lang.reflect.Member)","createChildDefinition",0,4.059481812252652e-24,,,""
"org.axonframework.modelling.entity.annotation.AnnotatedEntityIdResolver: java.lang.Object resolve(org.axonframework.messaging.core.Message,org.axonframework.messaging.core.unitofwork.ProcessingContext)","resolve",0,6.277290829055235e-17,,,""
"org.axonframework.modelling.entity.annotation.AnnotatedEntityIdResolver: void describeTo(org.axonframework.common.infra.ComponentDescriptor)","describeTo",0,6.857009987731633e-07,,,""
"org.axonframework.modelling.entity.annotation.AnnotatedEntityMetamodel: org.axonframework.messaging.core.MessageStream$Single handleCreate(org.axonframework.messaging.commandhandling.CommandMessage,org.axonframework.messaging.core.unitofwork.ProcessingContext)","handleCreate",0,6.277290829055235e-17,,,""
"org.axonframework.modelling.entity.annotation.AnnotatedEntityMetamodel: org.axonframework.messaging.core.MessageStream$Single handleInstance(org.axonframework.messaging.commandhandling.CommandMessage,java.lang.Object,org.axonframework.messaging.core.unitofwork.ProcessingContext)","handleInstance",0,6.277290829055235e-17,,,""
"org.axonframework.modelling.entity.annotation.AnnotatedEntityMetamodel: org.axonframework.modelling.entity.annotation.AnnotatedEntityMetamodel forPolymorphicSealedType(java.lang.Class,org.axonframework.messaging.core.annotation.ParameterResolverFactory,org.axonframework.messaging.core.MessageTypeResolver,org.axonframework.messaging.core.conversion.MessageConverter,org.axonframework.messaging.eventhandling.conversion.EventConverter)","forPolymorphicSealedType",0,1.6804334682886678e-11,,,""
"org.axonframework.modelling.entity.annotation.AnnotatedEntityMetamodel: void describeTo(org.axonframework.common.infra.ComponentDescriptor)","describeTo",0,6.857009987731633e-07,,,""
"org.axonframework.modelling.entity.annotation.AnnotatedEntityModelRoutingKeyMatcher: boolean matches(java.lang.Object,org.axonframework.messaging.core.Message)","matches",0,6.277290829055235e-17,,,""
"org.axonframework.modelling.entity.annotation.RoutingKeyCommandTargetResolverDefinition: org.axonframework.modelling.entity.child.CommandTargetResolver createCommandTargetResolver(org.axonframework.modelling.entity.annotation.AnnotatedEntityMetamodel,java.lang.reflect.Member)","createCommandTargetResolver",0,2.8704871175473063e-24,,,""
"org.axonframework.modelling.entity.annotation.RoutingKeyEventTargetMatcherDefinition: org.axonframework.modelling.entity.child.EventTargetMatcher createChildEntityMatcher(org.axonframework.modelling.entity.annotation.AnnotatedEntityMetamodel,java.lang.reflect.Member)","createChildEntityMatcher",0,2.8704871175473063e-24,,,""
"org.axonframework.modelling.repository.InMemoryRepository: void describeTo(org.axonframework.common.infra.ComponentDescriptor)","describeTo",0,6.857009987731633e-07,,,""
"org.axonframework.test.extension.AxonFrameworkExtension: void afterEach(org.junit.jupiter.api.extension.ExtensionContext)","afterEach",0,7.259575844464022e-35,,,""
"org.axonframework.test.fixture.AxonTestFixture: org.axonframework.test.fixture.AxonTestFixture with(org.axonframework.common.configuration.ApplicationConfigurer,java.util.function.UnaryOperator)","with",0,7.259575844464022e-35,,,""
"org.axonframework.test.fixture.AxonTestGiven: org.axonframework.test.fixture.AxonTestPhase$Given command(java.lang.Object,org.axonframework.messaging.core.Metadata)","command",0,8.307925237042262e-21,,,""
"org.axonframework.test.fixture.AxonTestGiven: org.axonframework.test.fixture.AxonTestPhase$Given commands(java.util.List)","commands",0,4.153962618521131e-21,,,""
"org.axonframework.test.fixture.AxonTestGiven: org.axonframework.test.fixture.AxonTestPhase$Given event(java.lang.Object,org.axonframework.messaging.core.Metadata)","event",0,8.307925237042262e-21,,,""
"org.axonframework.test.fixture.AxonTestGiven: org.axonframework.test.fixture.AxonTestPhase$Given events(java.util.List)","events",0,4.153962618521131e-21,,,""
"org.axonframework.test.fixture.AxonTestThenCommand: org.axonframework.test.fixture.AxonTestPhase$Then$Command exception(java.lang.Class)","exception",0,8.369721105406982e-17,,,""
"org.axonframework.test.fixture.AxonTestThenCommand: org.axonframework.test.fixture.AxonTestPhase$Then$Command exception(java.lang.Class,java.lang.String)","exception",0,8.369721105406982e-17,,,""
"org.axonframework.test.fixture.AxonTestThenCommand: org.axonframework.test.fixture.AxonTestPhase$Then$Command exceptionSatisfies(java.util.function.Consumer)","exceptionSatisfies",0,8.369721105406982e-17,,,""
"org.axonframework.test.fixture.AxonTestThenCommand: org.axonframework.test.fixture.AxonTestPhase$Then$Command resultMessagePayload(java.lang.Object)","resultMessagePayload",0,8.273499812924199e-15,,,""
"org.axonframework.test.fixture.AxonTestThenCommand: org.axonframework.test.fixture.AxonTestPhase$Then$Command resultMessagePayloadSatisfies(java.lang.Class,java.util.function.Consumer)","resultMessagePayloadSatisfies",0,4.925880793179583e-15,,,""
"org.axonframework.test.fixture.AxonTestThenCommand: org.axonframework.test.fixture.AxonTestPhase$Then$Command resultMessagePayloadSatisfies(java.util.function.Consumer)","resultMessagePayloadSatisfies",0,4.925880793179583e-15,,,""
"org.axonframework.test.fixture.AxonTestThenCommand: org.axonframework.test.fixture.AxonTestPhase$Then$Command resultMessageSatisfies(java.util.function.Consumer)","resultMessageSatisfies",0,4.925880793179583e-15,,,""
"org.axonframework.test.fixture.AxonTestThenEvent: org.axonframework.test.fixture.AxonTestPhase$Then$Event exception(java.lang.Class)","exception",0,8.369721105406982e-17,,,""
"org.axonframework.test.fixture.AxonTestThenEvent: org.axonframework.test.fixture.AxonTestPhase$Then$Event exception(java.lang.Class,java.lang.String)","exception",0,8.369721105406982e-17,,,""
"org.axonframework.test.fixture.AxonTestThenEvent: org.axonframework.test.fixture.AxonTestPhase$Then$Event exceptionSatisfies(java.util.function.Consumer)","exceptionSatisfies",0,8.369721105406982e-17,,,""
"org.axonframework.test.fixture.AxonTestThenEvent: org.axonframework.test.fixture.AxonTestPhase$Then$Event success()","success",0,2.594145621381968e-15,,,""
"org.axonframework.test.fixture.AxonTestThenMessage: org.axonframework.test.fixture.AxonTestPhase$Then$Message commands(java.lang.Object[])","commands",0,7.612217000684707e-29,,,""
"org.axonframework.test.fixture.AxonTestThenMessage: org.axonframework.test.fixture.AxonTestPhase$Then$Message commands(org.axonframework.messaging.commandhandling.CommandMessage[])","commands",0,7.612217000684707e-29,,,""
"org.axonframework.test.fixture.AxonTestThenMessage: org.axonframework.test.fixture.AxonTestPhase$Then$Message events(org.axonframework.messaging.eventhandling.EventMessage[])","events",0,1.2604319642959706e-20,,,""
"org.axonframework.test.fixture.AxonTestThenMessage: org.axonframework.test.fixture.AxonTestPhase$Then$Message noCommands()","noCommands",0,7.259575844464022e-35,,,""
"org.axonframework.test.fixture.AxonTestWhen: org.axonframework.test.fixture.AxonTestWhen$Command command(java.lang.Object,org.axonframework.messaging.core.Metadata)","command",0,4.153962618521131e-21,,,""
"org.axonframework.test.fixture.AxonTestWhen: org.axonframework.test.fixture.AxonTestWhen$Event event(java.lang.Object,org.axonframework.messaging.core.Metadata)","event",0,8.307925237042262e-21,,,""
"org.axonframework.test.fixture.AxonTestWhen: org.axonframework.test.fixture.AxonTestWhen$Event events(java.util.List)","events",0,4.153962618521131e-21,,,""
"org.axonframework.test.fixture.MessagesRecordingConfigurationEnhancer: void enhance(org.axonframework.common.configuration.ComponentRegistry)","enhance",0,0.4104302590349675,,,""
"org.axonframework.test.fixture.RecordingCommandBus: void describeTo(org.axonframework.common.infra.ComponentDescriptor)","describeTo",0,6.857009987731633e-07,,,""
"org.axonframework.test.fixture.RecordingEventBus: void describeTo(org.axonframework.common.infra.ComponentDescriptor)","describeTo",0,6.857009987731633e-07,,,""
"org.axonframework.test.fixture.RecordingEventSink: void describeTo(org.axonframework.common.infra.ComponentDescriptor)","describeTo",0,6.857009987731633e-07,,,""
"org.axonframework.test.fixture.RecordingEventStore: void describeTo(org.axonframework.common.infra.ComponentDescriptor)","describeTo",0,6.857009987731633e-07,,,""
"org.axonframework.update.UpdateChecker: void run()","run",0,7.259575844464022e-35,,,""
"org.axonframework.update.UpdateCheckerConfigurationEnhancer: void enhance(org.axonframework.common.configuration.ComponentRegistry)","enhance",0,0.13654808339032024,,,""
