"propertyName","propertyValue","codeUnits","codeUnitNames","shortCodeUnitNames","Source Cypher File: scripts/../cypher/Dependencies_Projection/Dependencies_8_Stream_Mutated_Grouped.cypher"
"communityMaximumKCutId",31,15,"org.axonframework.eventsourcing.EventSourcingRepository,org.axonframework.update.detection.MachineId,io.axoniq.framework.springboot.autoconfig.DeadLetterQueueAutoConfiguration,org.axonframework.modelling.entity.EntityMetamodel,org.axonframework.test.util.RecordingCommandBus,org.axonframework.test.extension.AxonFrameworkExtension,org.axonframework.messaging.eventhandling.replay.ResetContext,org.axonframework.messaging.eventhandling.processing.streaming.segmenting.TrackerStatus,org.axonframework.messaging.queryhandling.interception.InterceptingQueryBus$QueryInterceptingDispatcher,org.axonframework.messaging.core.timeout.HandlerTimeoutHandlerEnhancerDefinition,org.axonframework.common.configuration.ConfigurationExtension,org.axonframework.common.configuration.SearchScope,org.axonframework.common.configuration.DuplicateModuleRegistrationException,org.axonframework.common.configuration.HierarchicalLifecycleRegistry,org.axonframework.common.BuilderUtils","EventSourcingRepository,MachineId,DeadLetterQueueAutoConfiguration,EntityMetamodel,RecordingCommandBus,AxonFrameworkExtension,ResetContext,TrackerStatus,InterceptingQueryBus$QueryInterceptingDispatcher,HandlerTimeoutHandlerEnhancerDefinition,ConfigurationExtension,SearchScope,DuplicateModuleRegistrationException,HierarchicalLifecycleRegistry,BuilderUtils",""
"communityMaximumKCutId",81,20,"org.axonframework.eventsourcing.EventSourcingRepository$EventSourcedEntity,org.axonframework.eventsourcing.configuration.EventSourcedEntityModule$CriteriaResolverPhase,org.axonframework.modelling.entity.annotation.EventTargetMatcherDefinition,org.axonframework.modelling.RepositoryAlreadyRegisteredException,org.axonframework.test.fixture.AxonTestPhase$Then$MessageAssertions,org.axonframework.messaging.core.MessageTypeResolver,org.axonframework.messaging.queryhandling.annotation.MethodQueryHandlerDefinition,org.axonframework.messaging.queryhandling.interception.InterceptingQueryBus,org.axonframework.messaging.core.RemoteExceptionDescription,org.axonframework.messaging.core.OnNextMessageStream,org.axonframework.messaging.core.QueueMessageStream$State,org.axonframework.messaging.core.interception.DefaultHandlerInterceptorRegistry$2,org.axonframework.messaging.core.retry.NonTransientExceptionClassesPredicate,org.axonframework.messaging.tracing.TracingHandlerEnhancerDefinition$Builder,io.axoniq.framework.axonserver.connector.util.GrpcMessageSizeInterceptor$1$1,io.axoniq.framework.axonserver.connector.query.QueryResponseMessageStream,org.axonframework.common.lock.PessimisticLockFactory$Builder,org.axonframework.common.configuration.ApplicationConfigurer,org.axonframework.common.configuration.ComponentDefinition$IncompleteComponentDefinition,org.axonframework.common.configuration.ConfigurationExtensions","EventSourcingRepository$EventSourcedEntity,EventSourcedEntityModule$CriteriaResolverPhase,EventTargetMatcherDefinition,RepositoryAlreadyRegisteredException,AxonTestPhase$Then$MessageAssertions,MessageTypeResolver,MethodQueryHandlerDefinition,InterceptingQueryBus,RemoteExceptionDescription,OnNextMessageStream,QueueMessageStream$State,DefaultHandlerInterceptorRegistry$2,NonTransientExceptionClassesPredicate,TracingHandlerEnhancerDefinition$Builder,GrpcMessageSizeInterceptor$1$1,QueryResponseMessageStream,PessimisticLockFactory$Builder,ApplicationConfigurer,ComponentDefinition$IncompleteComponentDefinition,ConfigurationExtensions",""
"communityMaximumKCutId",99,9,"org.axonframework.eventsourcing.eventstore.EventStore,org.axonframework.eventsourcing.eventstore.AggregateBasedConsistencyMarker,org.axonframework.eventsourcing.eventstore.PayloadBasedTagResolver,org.axonframework.update.configuration.EnvironmentVariableUsagePropertyProvider,io.axoniq.framework.springboot.actuator.axonserver.AxonServerHealthIndicator,org.axonframework.modelling.StateManager,org.axonframework.test.matchers.NonTransientFieldsFilter,org.axonframework.messaging.eventhandling.replay.GenericResetContext,org.axonframework.common.caching.Cache$EntryListenerAdapter","EventStore,AggregateBasedConsistencyMarker,PayloadBasedTagResolver,EnvironmentVariableUsagePropertyProvider,AxonServerHealthIndicator,StateManager,NonTransientFieldsFilter,GenericResetContext,Cache$EntryListenerAdapter",""
"communityMaximumKCutId",69,15,"org.axonframework.eventsourcing.handler.SourcingHandler,org.axonframework.eventsourcing.annotation.EventSourcedEntityFactoryDefinition,org.axonframework.conversion.converter.ByteArrayToInputStreamConverter,org.axonframework.update.LoggingUpdateCheckerReporter,org.axonframework.modelling.repository.SimpleRepositoryEntityLoader,org.axonframework.messaging.monitoring.interception.MonitoringEventHandlerInterceptor,org.axonframework.messaging.eventhandling.SimpleEventHandlingComponent,org.axonframework.messaging.eventhandling.replay.annotation.ReplayStatusChangedHandler,org.axonframework.messaging.eventhandling.replay.ResetNotSupportedException,org.axonframework.messaging.eventhandling.processing.streaming.token.store.UnableToClaimTokenException,org.axonframework.messaging.queryhandling.QueryBus,org.axonframework.messaging.tracing.NoOpSpanFactory,io.axoniq.framework.axonserver.connector.query.QueryConverter,org.axonframework.common.caching.JCacheAdapter,org.axonframework.common.configuration.DefaultAxonApplication","SourcingHandler,EventSourcedEntityFactoryDefinition,ByteArrayToInputStreamConverter,LoggingUpdateCheckerReporter,SimpleRepositoryEntityLoader,MonitoringEventHandlerInterceptor,SimpleEventHandlingComponent,ReplayStatusChangedHandler,ResetNotSupportedException,UnableToClaimTokenException,QueryBus,NoOpSpanFactory,QueryConverter,JCacheAdapter,DefaultAxonApplication",""
"communityMaximumKCutId",15,10,"org.axonframework.eventsourcing.handler.InitializingEntityEvolver,org.axonframework.conversion.ChainedConverter$Route,org.axonframework.modelling.repository.Repository,org.axonframework.messaging.queryhandling.SubscriptionQueryUpdateMessage,org.axonframework.messaging.core.DefaultMessageDispatchInterceptorChain,org.axonframework.messaging.eventhandling.processing.streaming.token.WrappedToken,org.axonframework.messaging.core.timeout.TaskTimeoutSettings,org.axonframework.messaging.tracing.attributes.MetadataSpanAttributesProvider,io.axoniq.framework.axonserver.connector.event.SourcingEventMessageStream,org.axonframework.common.caching.EhCacheAdapter","InitializingEntityEvolver,ChainedConverter$Route,Repository,SubscriptionQueryUpdateMessage,DefaultMessageDispatchInterceptorChain,WrappedToken,TaskTimeoutSettings,MetadataSpanAttributesProvider,SourcingEventMessageStream,EhCacheAdapter",""
"communityMaximumKCutId",6,17,"org.axonframework.eventsourcing.EventSourcedEntityFactory,org.axonframework.eventsourcing.annotation.reflection.AnnotationBasedEventSourcedEntityFactory$ScannedEntityCreator,org.axonframework.modelling.entity.annotation.AnnotatedEntityMetamodel,org.axonframework.modelling.entity.child.SingleEntityChildMetamodel$Builder,org.axonframework.test.matchers.PayloadMatcher,org.axonframework.extension.tracing.opentelemetry.MetadataContextSetter,org.axonframework.messaging.eventhandling.replay.ResetHandlerRegistry,org.axonframework.messaging.eventhandling.annotation.SequenceNumberParameterResolverFactory,org.axonframework.messaging.eventhandling.processing.streaming.pooled.Coordinator$NoToken,org.axonframework.messaging.core.annotation.DefaultParameterResolverFactory$MessageParameterResolver,org.axonframework.messaging.core.EmptyContext,org.axonframework.messaging.core.unitofwork.UnitOfWork$UnitOfWorkProcessingContext,org.axonframework.messaging.tracing.MultiSpanFactory,org.axonframework.messaging.tracing.TracingHandlerEnhancerDefinition$1,io.axoniq.framework.axonserver.connector.event.AxonServerEventStorageEngineFactory,org.axonframework.common.AxonThreadFactory,org.axonframework.common.DirectExecutor","EventSourcedEntityFactory,AnnotationBasedEventSourcedEntityFactory$ScannedEntityCreator,AnnotatedEntityMetamodel,SingleEntityChildMetamodel$Builder,PayloadMatcher,MetadataContextSetter,ResetHandlerRegistry,SequenceNumberParameterResolverFactory,Coordinator$NoToken,DefaultParameterResolverFactory$MessageParameterResolver,EmptyContext,UnitOfWork$UnitOfWorkProcessingContext,MultiSpanFactory,TracingHandlerEnhancerDefinition$1,AxonServerEventStorageEngineFactory,AxonThreadFactory,DirectExecutor",""
"communityMaximumKCutId",88,16,"org.axonframework.eventsourcing.CriteriaResolver,io.axoniq.framework.springboot.autoconfig.AxonServerAutoConfiguration,org.axonframework.extension.metrics.micrometer.springboot.MetricsProperties$Micrometer,org.axonframework.test.FixtureExecutionException,org.axonframework.test.fixture.RecordingCommandBus,org.axonframework.test.fixture.Reporter,org.axonframework.test.util.MessageMonitorReport$Report,org.axonframework.messaging.commandhandling.GenericCommandMessage,org.axonframework.messaging.eventhandling.EventSink,org.axonframework.messaging.eventhandling.processing.streaming.segmenting.SequenceCachingEventHandlingComponent$SequenceIdentifiersCache,org.axonframework.messaging.queryhandling.annotation.MethodQueryHandlerDefinition$MethodQueryHandlingMember,org.axonframework.messaging.core.IteratorMessageStream,io.axoniq.framework.axonserver.connector.shared.ExceptionConverter,io.axoniq.framework.axonserver.connector.util.Scheduler,org.axonframework.common.caching.Cache$EntryListener,org.axonframework.common.jpa.EntityManagerExecutor","CriteriaResolver,AxonServerAutoConfiguration,MetricsProperties$Micrometer,FixtureExecutionException,RecordingCommandBus,Reporter,MessageMonitorReport$Report,GenericCommandMessage,EventSink,SequenceCachingEventHandlingComponent$SequenceIdentifiersCache,MethodQueryHandlerDefinition$MethodQueryHandlingMember,IteratorMessageStream,ExceptionConverter,Scheduler,Cache$EntryListener,EntityManagerExecutor",""
"communityMaximumKCutId",95,14,"org.axonframework.eventsourcing.handler.SimpleSourcingHandler,org.axonframework.modelling.entity.annotation.RoutingKeyEventTargetMatcherDefinition,org.axonframework.test.matchers.Matchers,org.axonframework.test.AxonAssertionError,org.axonframework.messaging.eventhandling.replay.ReplayStatusChanged,org.axonframework.messaging.eventhandling.processing.streaming.pooled.PooledStreamingEventProcessorsConfigurer,org.axonframework.messaging.core.annotation.AnnotatedHandlerInspector$ExecutableSignature,org.axonframework.messaging.core.unitofwork.transaction.TransactionManager,io.axoniq.framework.axonserver.connector.configuration.TopologyChangeListener,io.axoniq.framework.axonserver.connector.configuration.TopologyChange$Type,org.axonframework.common.Assert,org.axonframework.common.jdbc.JdbcSQLErrorCodesResolver,org.axonframework.common.ClassUtils,org.axonframework.common.configuration.DecoratedComponent","SimpleSourcingHandler,RoutingKeyEventTargetMatcherDefinition,Matchers,AxonAssertionError,ReplayStatusChanged,PooledStreamingEventProcessorsConfigurer,AnnotatedHandlerInspector$ExecutableSignature,TransactionManager,TopologyChangeListener,TopologyChange$Type,Assert,JdbcSQLErrorCodesResolver,ClassUtils,DecoratedComponent",""
"communityMaximumKCutId",85,12,"org.axonframework.eventsourcing.eventstore.EventStoreTransaction,org.axonframework.eventsourcing.annotation.EventSourcingHandler,org.axonframework.eventsourcing.configuration.EventSourcedEntityModule,org.axonframework.messaging.commandhandling.annotation.CommandDispatcherParameterResolverFactory,org.axonframework.messaging.commandhandling.annotation.AnnotatedCommandHandlingComponent,org.axonframework.messaging.commandhandling.CommandDispatchException,org.axonframework.messaging.eventhandling.processing.streaming.pooled.ClaimTask,org.axonframework.messaging.queryhandling.QueryUpdateEmitterParameterResolverFactory,org.axonframework.messaging.core.interception.DefaultHandlerInterceptorRegistry$3,org.axonframework.messaging.tracing.attributes.PayloadTypeSpanAttributesProvider,org.axonframework.common.AxonNonTransientException,org.axonframework.common.infra.DescribableComponent","EventStoreTransaction,EventSourcingHandler,EventSourcedEntityModule,CommandDispatcherParameterResolverFactory,AnnotatedCommandHandlingComponent,CommandDispatchException,ClaimTask,QueryUpdateEmitterParameterResolverFactory,DefaultHandlerInterceptorRegistry$3,PayloadTypeSpanAttributesProvider,AxonNonTransientException,DescribableComponent",""
"communityMaximumKCutId",91,19,"org.axonframework.eventsourcing.annotation.CriteriaResolverDefinition,io.axoniq.framework.springboot.service.connection.AxonServerTestContainerConnectionDetailsFactory$AxonServerContainerConnectionDetails,io.axoniq.framework.springboot.actuator.HealthStatus,org.axonframework.modelling.SimpleStateManager,org.axonframework.test.fixture.AxonTestPhase$Then$Nothing,org.axonframework.test.util.RecordingMessageMonitor$1,org.axonframework.messaging.commandhandling.DuplicateCommandHandlerSubscriptionException,org.axonframework.messaging.eventhandling.replay.annotation.ReplayContextParameterResolverFactory$ReplayContextParameterResolver,org.axonframework.messaging.eventhandling.processing.streaming.token.LatestTrackingToken,org.axonframework.messaging.eventstreaming.EventCriteria,org.axonframework.messaging.eventhandling.processing.subscribing.SubscribingEventProcessorModule$Customization,org.axonframework.messaging.queryhandling.annotation.QueryHandlingMember,org.axonframework.messaging.core.MappedMessageStream,org.axonframework.messaging.core.MessageStreamUtils$Reducer,org.axonframework.messaging.core.unitofwork.UnitOfWork$UnitOfWorkProcessingContext$CauseAndPhase,org.axonframework.messaging.core.unitofwork.transaction.Transaction,io.axoniq.framework.axonserver.connector.event.AxonServerEventStorageEngine$AxonServerAppendTransaction,org.axonframework.common.TypeReference$2,org.axonframework.common.configuration.LifecycleHandler","CriteriaResolverDefinition,AxonServerTestContainerConnectionDetailsFactory$AxonServerContainerConnectionDetails,HealthStatus,SimpleStateManager,AxonTestPhase$Then$Nothing,RecordingMessageMonitor$1,DuplicateCommandHandlerSubscriptionException,ReplayContextParameterResolverFactory$ReplayContextParameterResolver,LatestTrackingToken,EventCriteria,SubscribingEventProcessorModule$Customization,QueryHandlingMember,MappedMessageStream,MessageStreamUtils$Reducer,UnitOfWork$UnitOfWorkProcessingContext$CauseAndPhase,Transaction,AxonServerEventStorageEngine$AxonServerAppendTransaction,TypeReference$2,LifecycleHandler",""
"communityMaximumKCutId",24,10,"org.axonframework.eventsourcing.annotation.AnnotationBasedEventCriteriaResolverDefinition,org.axonframework.eventsourcing.eventstore.inmemory.InMemoryEventStorageEngine,org.axonframework.messaging.commandhandling.gateway.CommandResult,org.axonframework.messaging.eventhandling.replay.ReplayStatusChangedHandler,org.axonframework.messaging.eventhandling.annotation.SequenceNumber,org.axonframework.messaging.eventhandling.processing.streaming.pooled.WorkPackage$DefaultProcessingEntry,io.axoniq.framework.axonserver.connector.event.EventProcessorControlService,org.axonframework.common.jdbc.JdbcUtils,org.axonframework.common.util.PriorityTask,org.axonframework.common.configuration.Components","AnnotationBasedEventCriteriaResolverDefinition,InMemoryEventStorageEngine,CommandResult,ReplayStatusChangedHandler,SequenceNumber,WorkPackage$DefaultProcessingEntry,EventProcessorControlService,JdbcUtils,PriorityTask,Components",""
"communityMaximumKCutId",79,8,"org.axonframework.eventsourcing.annotation.EventTags,org.axonframework.modelling.EntityEvolver,org.axonframework.messaging.commandhandling.annotation.Command,org.axonframework.messaging.core.retry.RetryScheduler$Dispatcher,org.axonframework.messaging.eventhandling.TransactionMethodExecutionException,org.axonframework.messaging.queryhandling.SubscriptionQueryAlreadyRegisteredException,io.axoniq.framework.axonserver.connector.util.GrpcMessageSizeExceededException,org.axonframework.common.configuration.DecoratorDefinition$2","EventTags,EntityEvolver,Command,RetryScheduler$Dispatcher,TransactionMethodExecutionException,SubscriptionQueryAlreadyRegisteredException,GrpcMessageSizeExceededException,DecoratorDefinition$2",""
"communityMaximumKCutId",33,9,"org.axonframework.eventsourcing.annotation.reflection.AnnotationBasedEventSourcedEntityFactory,org.axonframework.extension.metrics.micrometer.EventProcessorLatencyMonitor$Builder,org.axonframework.messaging.monitoring.configuration.MessageMonitorRegistry,org.axonframework.messaging.commandhandling.gateway.ConvertingCommandGateway$ConvertingCommandResult,org.axonframework.messaging.eventhandling.processing.ProcessorEventHandlingComponents,org.axonframework.messaging.core.EmptyApplicationContext,org.axonframework.messaging.core.MergedMessageStream,org.axonframework.messaging.core.interception.CorrelationDataInterceptor,io.axoniq.framework.axonserver.connector.api.AxonServerConfiguration","AnnotationBasedEventSourcedEntityFactory,EventProcessorLatencyMonitor$Builder,MessageMonitorRegistry,ConvertingCommandGateway$ConvertingCommandResult,ProcessorEventHandlingComponents,EmptyApplicationContext,MergedMessageStream,CorrelationDataInterceptor,AxonServerConfiguration",""
"communityMaximumKCutId",42,16,"org.axonframework.eventsourcing.annotation.EventSourcedEntity,org.axonframework.update.UpdateCheckerReporter,org.axonframework.modelling.MissingRepositoryException,org.axonframework.extension.metrics.micrometer.MessageTimerMonitor$1,org.axonframework.test.fixture.CommandValidator,org.axonframework.messaging.core.Context$ResourceKey,org.axonframework.messaging.commandhandling.UnresolvedRoutingKeyPolicy,org.axonframework.messaging.eventhandling.configuration.EventHandlingComponentsConfigurer$AdditionalComponentPhase,org.axonframework.messaging.eventhandling.tracing.DefaultEventBusSpanFactory,org.axonframework.messaging.queryhandling.configuration.QueryHandlingModule,org.axonframework.messaging.core.AbstractMessageStream$FetchResult,org.axonframework.messaging.core.MessageTypeNotResolvedException,io.axoniq.framework.axonserver.connector.shared.ExceptionFactory,io.axoniq.framework.axonserver.connector.util.Scheduler$ScheduledTask,org.axonframework.common.jdbc.PersistenceExceptionResolver,org.axonframework.common.infra.ComponentDescriptor","EventSourcedEntity,UpdateCheckerReporter,MissingRepositoryException,MessageTimerMonitor$1,CommandValidator,Context$ResourceKey,UnresolvedRoutingKeyPolicy,EventHandlingComponentsConfigurer$AdditionalComponentPhase,DefaultEventBusSpanFactory,QueryHandlingModule,AbstractMessageStream$FetchResult,MessageTypeNotResolvedException,ExceptionFactory,Scheduler$ScheduledTask,PersistenceExceptionResolver,ComponentDescriptor",""
"communityMaximumKCutId",83,10,"org.axonframework.eventsourcing.annotation.EventTag,io.axoniq.framework.springboot.DeadLetterQueueProcessorProperties,org.axonframework.extension.metrics.micrometer.CapacityMonitor$1,org.axonframework.messaging.eventhandling.processing.errorhandling.ErrorContext,org.axonframework.messaging.core.unitofwork.ResourceOverridingProcessingContext,org.axonframework.messaging.core.correlation.SimpleCorrelationDataProvider,io.axoniq.framework.axonserver.connector.util.PriorityTaskSchedulers,io.axoniq.framework.axonserver.connector.query.QueryUpdateMessageStream,org.axonframework.common.property.AbstractMethodPropertyAccessStrategy,org.axonframework.common.configuration.DefaultAxonApplication$AxonConfigurationImpl","EventTag,DeadLetterQueueProcessorProperties,CapacityMonitor$1,ErrorContext,ResourceOverridingProcessingContext,SimpleCorrelationDataProvider,PriorityTaskSchedulers,QueryUpdateMessageStream,AbstractMethodPropertyAccessStrategy,DefaultAxonApplication$AxonConfigurationImpl",""
"communityMaximumKCutId",44,14,"org.axonframework.eventsourcing.annotation.reflection.EntityCreator,org.axonframework.eventsourcing.handler.SnapshottingSourcingHandler,org.axonframework.eventsourcing.eventstore.jpa.AggregateBasedJpaEventStorageEngine$TokenAndEvent,io.axoniq.framework.springboot.service.connection.AxonServerConnectionDetails,org.axonframework.test.fixture.AxonTestPhase$Then$Message,org.axonframework.messaging.eventhandling.NoHandlerForEventException,org.axonframework.messaging.eventhandling.processing.streaming.token.store.UnableToRetrieveIdentifierException,org.axonframework.messaging.queryhandling.gateway.DefaultQueryGateway,org.axonframework.messaging.core.TruncateFirstMessageStream,org.axonframework.messaging.core.interception.annotation.ResultParameterResolverFactory,org.axonframework.messaging.tracing.MultiSpanFactory$MultiSpan,io.axoniq.framework.axonserver.connector.api.command.AxonServerCommandDispatchException,io.axoniq.framework.axonserver.connector.event.ConditionConverter,org.axonframework.common.configuration.ExtensibleConfigurer","EntityCreator,SnapshottingSourcingHandler,AggregateBasedJpaEventStorageEngine$TokenAndEvent,AxonServerConnectionDetails,AxonTestPhase$Then$Message,NoHandlerForEventException,UnableToRetrieveIdentifierException,DefaultQueryGateway,TruncateFirstMessageStream,ResultParameterResolverFactory,MultiSpanFactory$MultiSpan,AxonServerCommandDispatchException,ConditionConverter,ExtensibleConfigurer",""
"communityMaximumKCutId",18,8,"org.axonframework.eventsourcing.annotation.reflection.AnnotationBasedEventSourcedEntityFactoryDefinition,org.axonframework.update.api.ArtifactAvailableUpgrade,org.axonframework.messaging.commandhandling.interception.CommandMessageHandlerInterceptorChain$InterceptingHandler,org.axonframework.messaging.queryhandling.interception.InterceptingQueryBus$InterceptingResponseUpdateDispatcher,org.axonframework.messaging.core.annotation.MultiHandlerDefinition,org.axonframework.messaging.core.OnErrorContinueMessageStream,org.axonframework.messaging.core.sequencing.NoOpSequencingPolicy,io.axoniq.framework.axonserver.connector.api.query.AxonServerRemoteQueryHandlingException","AnnotationBasedEventSourcedEntityFactoryDefinition,ArtifactAvailableUpgrade,CommandMessageHandlerInterceptorChain$InterceptingHandler,InterceptingQueryBus$InterceptingResponseUpdateDispatcher,MultiHandlerDefinition,OnErrorContinueMessageStream,NoOpSequencingPolicy,AxonServerRemoteQueryHandlingException",""
"communityMaximumKCutId",93,15,"org.axonframework.eventsourcing.annotation.reflection.AnnotationBasedEventSourcedEntityFactory$IdTypeParameterResolver,org.axonframework.eventsourcing.snapshot.api.SnapshotPolicy,org.axonframework.eventsourcing.configuration.SimpleEventSourcedEntityModule$2,org.axonframework.modelling.entity.child.EventTargetMatcher,org.axonframework.modelling.entity.annotation.AnnotatedEntityIdResolverDefinition,org.axonframework.modelling.configuration.StateBasedEntityModule$MessagingMetamodelPhase,org.axonframework.messaging.core.annotation.HandlerEnhancerDefinition,org.axonframework.messaging.eventhandling.replay.annotation.AllowReplay,org.axonframework.messaging.eventhandling.processing.streaming.pooled.PooledStreamingEventProcessorModule,org.axonframework.messaging.eventhandling.processing.streaming.segmenting.SegmentChangeListener,org.axonframework.messaging.tracing.NoOpSpanFactory$NoOpSpan,org.axonframework.messaging.queryhandling.CompletedEmitterException,org.axonframework.messaging.core.FilteringMessageStream$Single,org.axonframework.messaging.core.configuration.reflection.ConfigurationParameterResolverFactory,org.axonframework.common.jdbc.JdbcException","AnnotationBasedEventSourcedEntityFactory$IdTypeParameterResolver,SnapshotPolicy,SimpleEventSourcedEntityModule$2,EventTargetMatcher,AnnotatedEntityIdResolverDefinition,StateBasedEntityModule$MessagingMetamodelPhase,HandlerEnhancerDefinition,AllowReplay,PooledStreamingEventProcessorModule,SegmentChangeListener,NoOpSpanFactory$NoOpSpan,CompletedEmitterException,FilteringMessageStream$Single,ConfigurationParameterResolverFactory,JdbcException",""
"communityMaximumKCutId",98,10,"org.axonframework.eventsourcing.annotation.reflection.InjectEntityId,org.axonframework.modelling.annotation.InjectEntityParameterResolverFactoryConfigurationEnhancer,org.axonframework.messaging.eventhandling.replay.annotation.ReplayParameterResolverFactory$ReplayParameterResolver,org.axonframework.messaging.queryhandling.NoHandlerForQueryException,org.axonframework.messaging.eventstreaming.TagAndTypeFilteredEventCriteria,org.axonframework.messaging.queryhandling.DuplicateQueryHandlerSubscriptionException,org.axonframework.messaging.queryhandling.configuration.SimpleQueryHandlingModule,org.axonframework.messaging.core.interception.annotation.MessageInterceptingMember,io.axoniq.framework.axonserver.connector.api.command.AxonServerNonTransientRemoteCommandHandlingException,io.axoniq.framework.axonserver.connector.command.AxonServerCommandBusConnector","InjectEntityId,InjectEntityParameterResolverFactoryConfigurationEnhancer,ReplayParameterResolverFactory$ReplayParameterResolver,NoHandlerForQueryException,TagAndTypeFilteredEventCriteria,DuplicateQueryHandlerSubscriptionException,SimpleQueryHandlingModule,MessageInterceptingMember,AxonServerNonTransientRemoteCommandHandlingException,AxonServerCommandBusConnector",""
"communityMaximumKCutId",63,11,"org.axonframework.eventsourcing.snapshot.api.Snapshot,org.axonframework.eventsourcing.eventstore.EventCoordinator$Handle,io.axoniq.framework.springboot.DeadLetterQueueProcessorProperties$Dlq,org.axonframework.test.fixture.RecordingEventBus,org.axonframework.messaging.monitoring.configuration.DefaultMessageMonitorRegistry$GenericMonitorDefinition,org.axonframework.messaging.core.annotation.AnnotatedHandlerAttributes,org.axonframework.messaging.core.interception.DefaultHandlerInterceptorRegistry,org.axonframework.messaging.core.CompletionCallbackMessageStream,org.axonframework.messaging.core.unitofwork.annotation.ProcessingContextParameterResolverFactory$ProcessingContextParameterResolver,org.axonframework.common.FutureUtils,org.axonframework.common.infra.FilesystemStyleComponentDescriptor$TreeRenderer$RenderContext","Snapshot,EventCoordinator$Handle,DeadLetterQueueProcessorProperties$Dlq,RecordingEventBus,DefaultMessageMonitorRegistry$GenericMonitorDefinition,AnnotatedHandlerAttributes,DefaultHandlerInterceptorRegistry,CompletionCallbackMessageStream,ProcessingContextParameterResolverFactory$ProcessingContextParameterResolver,FutureUtils,FilesystemStyleComponentDescriptor$TreeRenderer$RenderContext",""
"communityMaximumKCutId",35,17,"org.axonframework.eventsourcing.snapshot.api.Snapshotter,org.axonframework.eventsourcing.eventstore.inmemory.InMemoryEventStorageEngine$MapBackedStreamingEventMessageStream,org.axonframework.eventsourcing.configuration.EventSourcedEntityModule$EntityFactoryPhase,org.axonframework.eventsourcing.configuration.EventSourcingConfigurationDefaults,org.axonframework.conversion.avro.SpecificRecordBaseConverterStrategy,org.axonframework.messaging.core.MessageHandler,org.axonframework.messaging.commandhandling.CommandHandlerRegistry,org.axonframework.messaging.eventhandling.DelegatingEventBus,org.axonframework.messaging.core.Context,org.axonframework.messaging.eventhandling.processing.streaming.segmenting.SequencingEventHandlingComponent,org.axonframework.messaging.core.annotation.MultiHandlerEnhancerDefinition,org.axonframework.messaging.core.reflection.HierarchicalParameterResolverFactoryConfigurationEnhancer,org.axonframework.messaging.core.interception.annotation.MessageHandlerInterceptorDefinition$InterceptedMessageHandlingMember,org.axonframework.messaging.core.correlation.MultiCorrelationDataProvider,org.axonframework.common.IdentifierFactory,org.axonframework.common.StringUtils,org.axonframework.common.configuration.ComponentDefinition$ComponentCreator","Snapshotter,InMemoryEventStorageEngine$MapBackedStreamingEventMessageStream,EventSourcedEntityModule$EntityFactoryPhase,EventSourcingConfigurationDefaults,SpecificRecordBaseConverterStrategy,MessageHandler,CommandHandlerRegistry,DelegatingEventBus,Context,SequencingEventHandlingComponent,MultiHandlerEnhancerDefinition,HierarchicalParameterResolverFactoryConfigurationEnhancer,MessageHandlerInterceptorDefinition$InterceptedMessageHandlingMember,MultiCorrelationDataProvider,IdentifierFactory,StringUtils,ComponentDefinition$ComponentCreator",""
"communityMaximumKCutId",49,13,"org.axonframework.eventsourcing.eventstore.Position,org.axonframework.eventsourcing.eventstore.AbstractConsistencyMarker,org.axonframework.eventsourcing.configuration.EventSourcedEntityModule$MessagingModelPhase,org.axonframework.conversion.avro.AvroConverter,org.axonframework.modelling.configuration.ModellingConfigurer,org.axonframework.messaging.commandhandling.retry.RetryingCommandBus,org.axonframework.messaging.eventhandling.processing.streaming.token.store.jpa.JpaTokenStore,org.axonframework.messaging.queryhandling.gateway.QueryGateway,org.axonframework.messaging.core.AbstractMessageStream$FetchResult$Completed,org.axonframework.messaging.core.interception.DefaultDispatchInterceptorRegistry$1,org.axonframework.messaging.core.SimpleContext,org.axonframework.messaging.tracing.attributes.MessageNameSpanAttributesProvider,io.axoniq.framework.axonserver.connector.event.EventProcessorControlService$AxonProcessorInstructionHandler","Position,AbstractConsistencyMarker,EventSourcedEntityModule$MessagingModelPhase,AvroConverter,ModellingConfigurer,RetryingCommandBus,JpaTokenStore,QueryGateway,AbstractMessageStream$FetchResult$Completed,DefaultDispatchInterceptorRegistry$1,SimpleContext,MessageNameSpanAttributesProvider,EventProcessorControlService$AxonProcessorInstructionHandler",""
"communityMaximumKCutId",1,32,"org.axonframework.eventsourcing.snapshot.store.SnapshotStore,org.axonframework.eventsourcing.eventstore.StartPosition,org.axonframework.eventsourcing.eventstore.EmptyAppendTransaction,org.axonframework.eventsourcing.eventstore.StreamSpliterator,org.axonframework.eventsourcing.configuration.SimpleEventSourcedEntityModule$4,org.axonframework.update.configuration.CommandLineUsagePropertyProvider,org.axonframework.update.configuration.HierarchicalUsagePropertyProvider,org.axonframework.update.api.UpdateCheckRequest,org.axonframework.modelling.entity.child.EntityChildMetamodel,org.axonframework.modelling.entity.child.ChildEntityFieldDefinition,org.axonframework.modelling.configuration.EntityModule,org.axonframework.test.fixture.AxonTestPhase$Then$Command,org.axonframework.test.fixture.RecordingEventStore,org.axonframework.messaging.core.MessageHandlerInterceptor,org.axonframework.messaging.core.annotation.MessageHandlingMember,org.axonframework.messaging.commandhandling.gateway.ContextAwareCommandDispatcher,org.axonframework.messaging.core.unitofwork.UnitOfWorkFactory,org.axonframework.messaging.commandhandling.gateway.DefaultCommandGateway,org.axonframework.messaging.eventhandling.processing.streaming.token.store.jpa.TokenEntry,org.axonframework.messaging.eventhandling.configuration.EventProcessorModule,org.axonframework.messaging.core.ApplicationContext,org.axonframework.messaging.eventhandling.processing.errorhandling.ErrorHandler,org.axonframework.messaging.core.ConcatenatingMessageStream,org.axonframework.messaging.core.AbstractMessageStream$FetchResult$Value,org.axonframework.messaging.core.AbstractMessageStream$FetchResult$Error,org.axonframework.messaging.core.annotation.SourceId,org.axonframework.messaging.core.interception.DefaultDispatchInterceptorRegistry$2,org.axonframework.messaging.core.sequencing.ExtractionSequencingPolicy,io.axoniq.framework.axonserver.connector.shared.MetadataConverter,io.axoniq.framework.axonserver.connector.query.AbstractQueryResponseMessageStream,org.axonframework.common.configuration.Component,org.axonframework.common.configuration.ComponentDefinition","SnapshotStore,StartPosition,EmptyAppendTransaction,StreamSpliterator,SimpleEventSourcedEntityModule$4,CommandLineUsagePropertyProvider,HierarchicalUsagePropertyProvider,UpdateCheckRequest,EntityChildMetamodel,ChildEntityFieldDefinition,EntityModule,AxonTestPhase$Then$Command,RecordingEventStore,MessageHandlerInterceptor,MessageHandlingMember,ContextAwareCommandDispatcher,UnitOfWorkFactory,DefaultCommandGateway,TokenEntry,EventProcessorModule,ApplicationContext,ErrorHandler,ConcatenatingMessageStream,AbstractMessageStream$FetchResult$Value,AbstractMessageStream$FetchResult$Error,SourceId,DefaultDispatchInterceptorRegistry$2,ExtractionSequencingPolicy,MetadataConverter,AbstractQueryResponseMessageStream,Component,ComponentDefinition",""
"communityMaximumKCutId",5,17,"org.axonframework.eventsourcing.annotation.EventCriteriaBuilder,org.axonframework.update.UpdateChecker,org.axonframework.messaging.commandhandling.annotation.CommandHandler,org.axonframework.messaging.eventhandling.gateway.EventAppender,org.axonframework.messaging.core.unitofwork.UnitOfWork,org.axonframework.messaging.eventhandling.replay.annotation.ReplayAwareMessageHandlerWrapper,org.axonframework.messaging.eventhandling.processing.streaming.token.FirstTrackingToken,org.axonframework.messaging.eventhandling.processing.streaming.pooled.Coordinator$Builder,org.axonframework.messaging.eventhandling.processing.streaming.pooled.WorkPackage$EventFilter,org.axonframework.messaging.core.configuration.MessagingConfigurer,org.axonframework.messaging.queryhandling.SimpleQueryHandlingComponent,org.axonframework.messaging.core.OnNextMessageStream$Single,org.axonframework.messaging.core.CompletionCallbackMessageStream$Empty,org.axonframework.messaging.core.unitofwork.transaction.jpa.EntityManagerTransactionManager$1,org.axonframework.messaging.core.timeout.UnitOfWorkTimeoutInterceptorBuilder,io.axoniq.framework.axonserver.connector.api.AxonServerConfiguration$FlowControlConfiguration,org.axonframework.common.jdbc.ConnectionExecutor","EventCriteriaBuilder,UpdateChecker,CommandHandler,EventAppender,UnitOfWork,ReplayAwareMessageHandlerWrapper,FirstTrackingToken,Coordinator$Builder,WorkPackage$EventFilter,MessagingConfigurer,SimpleQueryHandlingComponent,OnNextMessageStream$Single,CompletionCallbackMessageStream$Empty,EntityManagerTransactionManager$1,UnitOfWorkTimeoutInterceptorBuilder,AxonServerConfiguration$FlowControlConfiguration,ConnectionExecutor",""
"communityMaximumKCutId",96,11,"org.axonframework.eventsourcing.annotation.AnnotationBasedEventCriteriaResolver,org.axonframework.messaging.monitoring.MultiMessageMonitor$1,org.axonframework.messaging.commandhandling.SimpleCommandHandlingComponent,org.axonframework.messaging.commandhandling.interception.InterceptingCommandBus$InterceptingHandler,org.axonframework.messaging.core.sequencing.SequentialPolicy,org.axonframework.messaging.eventhandling.annotation.MethodSequencingPolicyEventHandlerDefinition$SequencingPolicyEventMessageHandlingMember,org.axonframework.messaging.eventhandling.InterceptingEventSink$InterceptingPublisher,org.axonframework.messaging.eventstreaming.EventTypeRestrictableOrEventCriteria,io.axoniq.framework.axonserver.connector.query.AxonServerQueryBusConnector$LocalSegmentAdapter,org.axonframework.common.caching.Cache,org.axonframework.common.IdentifierValidator","AnnotationBasedEventCriteriaResolver,MultiMessageMonitor$1,SimpleCommandHandlingComponent,InterceptingCommandBus$InterceptingHandler,SequentialPolicy,MethodSequencingPolicyEventHandlerDefinition$SequencingPolicyEventMessageHandlingMember,InterceptingEventSink$InterceptingPublisher,EventTypeRestrictableOrEventCriteria,AxonServerQueryBusConnector$LocalSegmentAdapter,Cache,IdentifierValidator",""
"communityMaximumKCutId",2,20,"org.axonframework.eventsourcing.snapshot.store.StoreBackedSnapshotter,org.axonframework.eventsourcing.eventstore.GenericTaggedEventMessage,org.axonframework.eventsourcing.eventstore.AggregateBasedEventStorageEngineUtils,org.axonframework.conversion.PassThroughConverter,org.axonframework.modelling.entity.annotation.AbstractEntityChildModelDefinition,org.axonframework.modelling.entity.PolymorphicEntityMetamodel$Builder,org.axonframework.test.util.MessageMonitorReport,org.axonframework.messaging.commandhandling.CommandMessage,org.axonframework.messaging.eventhandling.configuration.EventProcessingConfigurer,org.axonframework.messaging.eventhandling.processing.streaming.pooled.WorkPackage,org.axonframework.messaging.eventhandling.processing.subscribing.SubscribingEventProcessorConfiguration,org.axonframework.messaging.tracing.SpanScope,org.axonframework.messaging.core.AbstractMessageStream,org.axonframework.messaging.core.annotation.SourceIdParameterResolverFactory$SourceIdParameterResolver,org.axonframework.messaging.core.sequencing.MetadataSequencingPolicy,org.axonframework.messaging.core.timeout.AxonTimeLimitedTask,org.axonframework.messaging.core.unitofwork.transaction.jdbc.JdbcTransactionalExecutorProvider$1,org.axonframework.common.CollectionUtils,org.axonframework.common.jdbc.ConnectionWrapperFactory$ConnectionCloseHandler,org.axonframework.common.configuration.LifecycleRegistry","StoreBackedSnapshotter,GenericTaggedEventMessage,AggregateBasedEventStorageEngineUtils,PassThroughConverter,AbstractEntityChildModelDefinition,PolymorphicEntityMetamodel$Builder,MessageMonitorReport,CommandMessage,EventProcessingConfigurer,WorkPackage,SubscribingEventProcessorConfiguration,SpanScope,AbstractMessageStream,SourceIdParameterResolverFactory$SourceIdParameterResolver,MetadataSequencingPolicy,AxonTimeLimitedTask,JdbcTransactionalExecutorProvider$1,CollectionUtils,ConnectionWrapperFactory$ConnectionCloseHandler,LifecycleRegistry",""
"communityMaximumKCutId",68,10,"org.axonframework.eventsourcing.annotation.AnnotationBasedEventCriteriaResolver$WrappedEventCriteriaBuilderMethod,org.axonframework.eventsourcing.eventstore.MetadataBasedTagResolver,org.axonframework.eventsourcing.eventstore.EventCoordinator$1,io.axoniq.framework.springboot.autoconfig.JpaDeadLetterQueueAutoConfiguration,org.axonframework.modelling.entity.annotation.EntityMember,org.axonframework.test.extension.AxonTestFixtureProvider,org.axonframework.messaging.monitoring.configuration.MessageMonitorFactory,org.axonframework.messaging.core.configuration.reflection.ConfigurationParameterResolverConfigurationEnhancer,org.axonframework.common.annotation.PriorityAnnotationComparator,org.axonframework.common.configuration.DecoratorDefinition$PartialDecoratorDefinition","AnnotationBasedEventCriteriaResolver$WrappedEventCriteriaBuilderMethod,MetadataBasedTagResolver,EventCoordinator$1,JpaDeadLetterQueueAutoConfiguration,EntityMember,AxonTestFixtureProvider,MessageMonitorFactory,ConfigurationParameterResolverConfigurationEnhancer,PriorityAnnotationComparator,DecoratorDefinition$PartialDecoratorDefinition",""
"communityMaximumKCutId",94,14,"org.axonframework.eventsourcing.snapshot.inmemory.InMemorySnapshotStore,org.axonframework.eventsourcing.eventstore.AggregateSequenceNumberPosition,org.axonframework.eventsourcing.snapshot.api.EvolutionResult,org.axonframework.conversion.jackson2.JsonNodeToObjectNodeConverter,org.axonframework.modelling.entity.annotation.UnknownRoutingKeyException,org.axonframework.test.matchers.ListMatcher,org.axonframework.test.matchers.PredicateMatcher,org.axonframework.messaging.core.retry.RetryScheduler,org.axonframework.messaging.commandhandling.tracing.CommandBusSpanFactory,org.axonframework.messaging.eventhandling.annotation.MethodEventHandlerDefinition$MethodEventMessageHandlingMember,org.axonframework.messaging.eventhandling.processing.streaming.token.store.jdbc.JdbcTokenStore,org.axonframework.messaging.eventhandling.processing.streaming.token.annotation.TrackingTokenParameterResolverFactory$TrackingTokenParameterResolver,org.axonframework.messaging.core.annotation.MessageIdentifierParameterResolverFactory,org.axonframework.messaging.core.retry.MaxAttemptsPolicy","InMemorySnapshotStore,AggregateSequenceNumberPosition,EvolutionResult,JsonNodeToObjectNodeConverter,UnknownRoutingKeyException,ListMatcher,PredicateMatcher,RetryScheduler,CommandBusSpanFactory,MethodEventHandlerDefinition$MethodEventMessageHandlingMember,JdbcTokenStore,TrackingTokenParameterResolverFactory$TrackingTokenParameterResolver,MessageIdentifierParameterResolverFactory,MaxAttemptsPolicy",""
"communityMaximumKCutId",16,7,"org.axonframework.eventsourcing.snapshot.api.SnapshotPolicy$2,org.axonframework.conversion.avro.ByteArrayToGenericRecordConverter,io.axoniq.framework.springboot.PostgresqlProperties,io.axoniq.framework.springboot.autoconfig.PostgresqlAutoConfiguration$1,org.axonframework.modelling.ConcurrencyException,io.axoniq.framework.axonserver.connector.api.query.AxonServerNonTransientRemoteQueryHandlingException,org.axonframework.common.annotation.RegistrationScope","SnapshotPolicy$2,ByteArrayToGenericRecordConverter,PostgresqlProperties,PostgresqlAutoConfiguration$1,ConcurrencyException,AxonServerNonTransientRemoteQueryHandlingException,RegistrationScope",""
"communityMaximumKCutId",54,13,"org.axonframework.eventsourcing.snapshot.api.SnapshotPolicy$1,org.axonframework.update.api.Artifact,org.axonframework.test.matchers.MatcherExecutionException,org.axonframework.messaging.monitoring.configuration.DefaultMessageMonitorRegistry,org.axonframework.messaging.core.QualifiedName,org.axonframework.messaging.commandhandling.annotation.CommandDispatcherParameterResolverFactory$1,org.axonframework.messaging.eventhandling.annotation.Timestamp,org.axonframework.messaging.commandhandling.gateway.ConvertingCommandGateway,org.axonframework.messaging.eventhandling.replay.ReplayStatus,org.axonframework.messaging.queryhandling.tracing.DefaultQueryUpdateEmitterSpanFactory$Builder,org.axonframework.messaging.core.interception.BeanValidationInterceptor,io.axoniq.framework.axonserver.connector.api.AxonServerConfiguration$HeartbeatConfiguration,org.axonframework.common.property.BeanPropertyAccessStrategy","SnapshotPolicy$1,Artifact,MatcherExecutionException,DefaultMessageMonitorRegistry,QualifiedName,CommandDispatcherParameterResolverFactory$1,Timestamp,ConvertingCommandGateway,ReplayStatus,DefaultQueryUpdateEmitterSpanFactory$Builder,BeanValidationInterceptor,AxonServerConfiguration$HeartbeatConfiguration,BeanPropertyAccessStrategy",""
"communityMaximumKCutId",80,15,"org.axonframework.eventsourcing.eventstore.inmemory.InMemoryEventStorageEngine$MapBackedSourcingEventMessageStream,org.axonframework.eventsourcing.configuration.EventSourcedEntityModule$OptionalPhase,org.axonframework.test.fixture.AxonTestPhase$Given,org.axonframework.test.util.DefaultCallbackBehavior,org.axonframework.messaging.commandhandling.CommandHandlingComponent,org.axonframework.messaging.eventhandling.processing.streaming.token.store.jdbc.JdbcTokenEntry,org.axonframework.messaging.eventhandling.tracing.DefaultEventProcessorSpanFactory,org.axonframework.messaging.core.interception.annotation.MessageHandlerInterceptorDefinition,io.axoniq.framework.axonserver.connector.shared.MetadataConverter$1,io.axoniq.framework.axonserver.connector.util.ProcessingInstructionUtils,io.axoniq.framework.axonserver.connector.query.FlowControlledResponseSender,org.axonframework.common.jdbc.ConnectionWrapperFactory$NoOpCloseHandler,org.axonframework.common.AxonException,org.axonframework.common.TypeReflectionUtils$VarMap$UnresolvedTypeVariableException,org.axonframework.common.ProcessUtils","InMemoryEventStorageEngine$MapBackedSourcingEventMessageStream,EventSourcedEntityModule$OptionalPhase,AxonTestPhase$Given,DefaultCallbackBehavior,CommandHandlingComponent,JdbcTokenEntry,DefaultEventProcessorSpanFactory,MessageHandlerInterceptorDefinition,MetadataConverter$1,ProcessingInstructionUtils,FlowControlledResponseSender,ConnectionWrapperFactory$NoOpCloseHandler,AxonException,TypeReflectionUtils$VarMap$UnresolvedTypeVariableException,ProcessUtils",""
"communityMaximumKCutId",11,10,"org.axonframework.eventsourcing.eventstore.inmemory.InMemoryEventStorageEngine$MapBackedMessageStream,org.axonframework.conversion.jackson.JsonNodeToByteArrayConverter,org.axonframework.conversion.avro.SchemaIncompatibilityChecker,org.axonframework.test.fixture.AxonTestPhase$Then,org.axonframework.messaging.commandhandling.MetadataRoutingStrategy,org.axonframework.messaging.eventhandling.processing.streaming.StreamingEventProcessor,org.axonframework.messaging.core.ClassBasedMessageTypeResolver,org.axonframework.messaging.core.interception.JSR303ViolationException,io.axoniq.framework.axonserver.connector.api.TagsConfiguration,org.axonframework.common.function.ThrowingConsumer","InMemoryEventStorageEngine$MapBackedMessageStream,JsonNodeToByteArrayConverter,SchemaIncompatibilityChecker,AxonTestPhase$Then,MetadataRoutingStrategy,StreamingEventProcessor,ClassBasedMessageTypeResolver,JSR303ViolationException,TagsConfiguration,ThrowingConsumer",""
"communityMaximumKCutId",27,12,"org.axonframework.eventsourcing.eventstore.GlobalIndexConsistencyMarker,org.axonframework.eventsourcing.eventstore.jpa.AggregateBasedJpaEventStorageEngine$2,org.axonframework.conversion.converter.StringToByteArrayConverter,org.axonframework.modelling.annotation.AnnotationBasedEntityIdResolverDefinition,org.axonframework.test.fixture.AxonTestFixture,org.axonframework.messaging.commandhandling.tracing.DefaultCommandBusSpanFactory$Builder,org.axonframework.messaging.queryhandling.interception.QueryMessageHandlerInterceptorChain,org.axonframework.messaging.queryhandling.tracing.DefaultQueryBusSpanFactory,org.axonframework.messaging.core.annotation.Namespace,org.axonframework.messaging.core.retry.AsyncRetryScheduler,org.axonframework.common.util.PriorityCallable,org.axonframework.common.configuration.LazyInitializedComponentDefinition","GlobalIndexConsistencyMarker,AggregateBasedJpaEventStorageEngine$2,StringToByteArrayConverter,AnnotationBasedEntityIdResolverDefinition,AxonTestFixture,DefaultCommandBusSpanFactory$Builder,QueryMessageHandlerInterceptorChain,DefaultQueryBusSpanFactory,Namespace,AsyncRetryScheduler,PriorityCallable,LazyInitializedComponentDefinition",""
"communityMaximumKCutId",87,9,"org.axonframework.eventsourcing.eventstore.inmemory.InMemoryEventStorageEngine$1,org.axonframework.modelling.entity.annotation.RoutingKeyCommandTargetResolver,org.axonframework.messaging.core.MessageHandlerInterceptorChain,org.axonframework.messaging.commandhandling.annotation.MethodCommandHandlerDefinition,org.axonframework.messaging.eventhandling.processing.streaming.token.GlobalSequenceTrackingToken,org.axonframework.messaging.tracing.SpanUtils,io.axoniq.framework.axonserver.connector.api.AxonServerConfiguration$Eventhandling$ProcessorSettings,org.axonframework.common.ProcessRetriesExhaustedException,org.axonframework.common.TypeReference","InMemoryEventStorageEngine$1,RoutingKeyCommandTargetResolver,MessageHandlerInterceptorChain,MethodCommandHandlerDefinition,GlobalSequenceTrackingToken,SpanUtils,AxonServerConfiguration$Eventhandling$ProcessorSettings,ProcessRetriesExhaustedException,TypeReference",""
"communityMaximumKCutId",78,15,"org.axonframework.eventsourcing.eventstore.AggregateBasedConsistencyMarker$AggregateSequencer,org.axonframework.conversion.converter.InputStreamToByteArrayConverter,org.axonframework.test.fixture.AxonTestGiven,org.axonframework.messaging.core.MessageDecorator,org.axonframework.messaging.eventhandling.processing.streaming.token.store.TokenStore,org.axonframework.messaging.eventhandling.processing.streaming.token.store.jpa.TokenEntry$PK,org.axonframework.messaging.eventhandling.processing.streaming.segmenting.SequenceOverridingEventHandlingComponent,org.axonframework.messaging.queryhandling.GenericQueryResponseMessage,org.axonframework.messaging.queryhandling.annotation.QueryHandler,org.axonframework.messaging.core.sequencing.FallbackSequencingPolicy,org.axonframework.messaging.core.sequencing.FullConcurrencyPolicy,org.axonframework.messaging.core.Metadata$MetadataCollector,io.axoniq.framework.axonserver.connector.util.PriorityExecutorService,io.axoniq.framework.axonserver.connector.shared.GrpcExceptionParser,org.axonframework.common.AxonTransientException","AggregateBasedConsistencyMarker$AggregateSequencer,InputStreamToByteArrayConverter,AxonTestGiven,MessageDecorator,TokenStore,TokenEntry$PK,SequenceOverridingEventHandlingComponent,GenericQueryResponseMessage,QueryHandler,FallbackSequencingPolicy,FullConcurrencyPolicy,Metadata$MetadataCollector,PriorityExecutorService,GrpcExceptionParser,AxonTransientException",""
"communityMaximumKCutId",13,8,"org.axonframework.eventsourcing.eventstore.AnnotationBasedTagResolver,org.axonframework.eventsourcing.eventstore.MultiTagResolver,org.axonframework.modelling.entity.child.ChildAmbiguityException,org.axonframework.test.fixture.AxonTestWhen$Command,org.axonframework.messaging.core.FluxMessageStream,org.axonframework.messaging.core.retry.RetryPolicy$Outcome,org.axonframework.common.lock.PessimisticLockFactory$PubliclyOwnedReentrantLock,org.axonframework.common.configuration.AbstractComponent$HandlerRegistration","AnnotationBasedTagResolver,MultiTagResolver,ChildAmbiguityException,AxonTestWhen$Command,FluxMessageStream,RetryPolicy$Outcome,PessimisticLockFactory$PubliclyOwnedReentrantLock,AbstractComponent$HandlerRegistration",""
"communityMaximumKCutId",21,16,"org.axonframework.eventsourcing.eventstore.InterceptingEventStore$InterceptingAppender,org.axonframework.eventsourcing.eventstore.SourcingCondition,org.axonframework.eventsourcing.eventstore.TagResolver,org.axonframework.conversion.jackson.ObjectNodeToJsonNodeConverter,org.axonframework.conversion.avro.AvroUtil,org.axonframework.update.api.UpdateCheckResponse,org.axonframework.modelling.entity.annotation.AnnotatedEntityModelRoutingKeyMatcher,org.axonframework.modelling.annotation.InjectEntityParameterResolver,org.axonframework.extension.metrics.micrometer.TagsUtil,org.axonframework.test.matchers.ListWithAllOfMatcher,org.axonframework.messaging.queryhandling.interception.QueryMessageHandlerInterceptorChain$InterceptingHandler,org.axonframework.messaging.core.annotation.AnnotatedMessageHandlingMemberDefinition,org.axonframework.messaging.core.annotation.PayloadParameterResolver,org.axonframework.messaging.core.interception.DefaultDispatchInterceptorRegistry$5,org.axonframework.common.lifecycle.ShutdownLatch,org.axonframework.common.lock.NullLockFactory","InterceptingEventStore$InterceptingAppender,SourcingCondition,TagResolver,ObjectNodeToJsonNodeConverter,AvroUtil,UpdateCheckResponse,AnnotatedEntityModelRoutingKeyMatcher,InjectEntityParameterResolver,TagsUtil,ListWithAllOfMatcher,QueryMessageHandlerInterceptorChain$InterceptingHandler,AnnotatedMessageHandlingMemberDefinition,PayloadParameterResolver,DefaultDispatchInterceptorRegistry$5,ShutdownLatch,NullLockFactory",""
"communityMaximumKCutId",48,12,"org.axonframework.eventsourcing.eventstore.ConsistencyMarkers$OriginConsistencyMarker,org.axonframework.conversion.ContentTypeConverter,io.axoniq.framework.springboot.autoconfig.JdbcDeadLetterQueueAutoConfiguration,org.axonframework.modelling.entity.child.GetterEvolverChildEntityFieldDefinition,org.axonframework.modelling.repository.SimpleRepositoryEntityPersister,org.axonframework.extension.metrics.micrometer.MessageTimerMonitor$Builder,org.axonframework.messaging.core.MessageDispatchInterceptorChain,org.axonframework.messaging.commandhandling.interception.InterceptingCommandBus,org.axonframework.messaging.eventhandling.processing.streaming.token.store.jdbc.Oracle11TokenTableFactory,org.axonframework.messaging.queryhandling.annotation.QueryResponse,org.axonframework.messaging.core.correlation.CorrelationDataProviderRegistry,org.axonframework.common.lock.PessimisticLockFactory","ConsistencyMarkers$OriginConsistencyMarker,ContentTypeConverter,JdbcDeadLetterQueueAutoConfiguration,GetterEvolverChildEntityFieldDefinition,SimpleRepositoryEntityPersister,MessageTimerMonitor$Builder,MessageDispatchInterceptorChain,InterceptingCommandBus,Oracle11TokenTableFactory,QueryResponse,CorrelationDataProviderRegistry,PessimisticLockFactory",""
"communityMaximumKCutId",41,13,"org.axonframework.eventsourcing.eventstore.TaggedEventMessage,org.axonframework.modelling.HierarchicalStateManagerConfigurationEnhancer,org.axonframework.modelling.configuration.SimpleStateBasedEntityModule$2,org.axonframework.extension.metrics.micrometer.reservoir.SlidingTimeWindowReservoir,org.axonframework.test.fixture.AxonTestThenMessage,org.axonframework.test.fixture.AxonTestWhen$Nothing,org.axonframework.messaging.queryhandling.QueryExecutionException,org.axonframework.messaging.core.FluxMessageStream$1,org.axonframework.messaging.core.FluxUtils$FluxStreamAdapter,org.axonframework.messaging.core.unitofwork.ProcessingLifecycle$DefaultPhases,org.axonframework.messaging.core.unitofwork.transaction.NoTransactionManager$1,org.axonframework.messaging.core.unitofwork.transaction.jdbc.JdbcTransactionalExecutorProvider,org.axonframework.common.configuration.DefaultComponentRegistry","TaggedEventMessage,HierarchicalStateManagerConfigurationEnhancer,SimpleStateBasedEntityModule$2,SlidingTimeWindowReservoir,AxonTestThenMessage,AxonTestWhen$Nothing,QueryExecutionException,FluxMessageStream$1,FluxUtils$FluxStreamAdapter,ProcessingLifecycle$DefaultPhases,NoTransactionManager$1,JdbcTransactionalExecutorProvider,DefaultComponentRegistry",""
"communityMaximumKCutId",9,11,"org.axonframework.eventsourcing.eventstore.EventStorageEngine$AppendTransaction,org.axonframework.eventsourcing.eventstore.jpa.AggregateBasedJpaEventStorageEngine$1,org.axonframework.modelling.entity.child.AbstractEntityChildMetamodel$Builder,org.axonframework.test.fixture.AxonTestPhase$When,org.axonframework.messaging.eventhandling.EventHandlingComponent,org.axonframework.messaging.queryhandling.QueryUpdateEmitter,org.axonframework.messaging.core.annotation.HierarchicalParameterResolverFactory,org.axonframework.messaging.core.unitofwork.annotation.ProcessingContextParameterResolverFactory,io.axoniq.framework.axonserver.connector.event.AxonServerMessageStream,org.axonframework.common.annotation.RegistrationScope$Scope,org.axonframework.common.configuration.ComponentBuilder","EventStorageEngine$AppendTransaction,AggregateBasedJpaEventStorageEngine$1,AbstractEntityChildMetamodel$Builder,AxonTestPhase$When,EventHandlingComponent,QueryUpdateEmitter,HierarchicalParameterResolverFactory,ProcessingContextParameterResolverFactory,AxonServerMessageStream,RegistrationScope$Scope,ComponentBuilder",""
"communityMaximumKCutId",4,13,"org.axonframework.eventsourcing.eventstore.AppendCondition,org.axonframework.conversion.ChainedConverter$RouteCalculator,org.axonframework.modelling.configuration.ModellingConfigurationDefaults,org.axonframework.extension.metrics.micrometer.springboot.MicrometerMetricsAutoConfiguration,org.axonframework.messaging.monitoring.configuration.DefaultMessageMonitorRegistry$3,org.axonframework.messaging.monitoring.interception.MonitoringCommandHandlerInterceptor,org.axonframework.messaging.core.ConversionCache,org.axonframework.messaging.core.annotation.MultiParameterResolverFactory,org.axonframework.messaging.tracing.attributes.MessageTypeSpanAttributesProvider,io.axoniq.framework.axonserver.connector.event.EventProcessorInfoUtils,io.axoniq.framework.axonserver.connector.configuration.TopologyChange,org.axonframework.common.ReflectionUtils,org.axonframework.common.lifecycle.LifecycleHandlerInvocationException","AppendCondition,ChainedConverter$RouteCalculator,ModellingConfigurationDefaults,MicrometerMetricsAutoConfiguration,DefaultMessageMonitorRegistry$3,MonitoringCommandHandlerInterceptor,ConversionCache,MultiParameterResolverFactory,MessageTypeSpanAttributesProvider,EventProcessorInfoUtils,TopologyChange,ReflectionUtils,LifecycleHandlerInvocationException",""
"communityMaximumKCutId",20,12,"org.axonframework.eventsourcing.eventstore.AppendEventsTransactionRejectedException,org.axonframework.eventsourcing.configuration.SimpleEventSourcedEntityModule$1,org.axonframework.modelling.annotation.InjectEntityParameterResolverFactory,org.axonframework.modelling.entity.annotation.RoutingKeyCommandTargetResolverDefinition,org.axonframework.extension.metrics.micrometer.springboot.MicrometerMetricsAutoConfiguration$1,org.axonframework.messaging.monitoring.MessageMonitor,org.axonframework.messaging.core.annotation.HasHandlerAttributes,org.axonframework.messaging.eventhandling.interception.EventMessageHandlerInterceptorChain$InterceptingHandler,org.axonframework.messaging.core.interception.DefaultHandlerInterceptorRegistry$GenericInterceptorDefinition,org.axonframework.messaging.tracing.SpanAttributesProvider,io.axoniq.framework.axonserver.connector.api.AxonServerException,io.axoniq.framework.axonserver.connector.shared.ExceptionFactory$1","AppendEventsTransactionRejectedException,SimpleEventSourcedEntityModule$1,InjectEntityParameterResolverFactory,RoutingKeyCommandTargetResolverDefinition,MicrometerMetricsAutoConfiguration$1,MessageMonitor,HasHandlerAttributes,EventMessageHandlerInterceptorChain$InterceptingHandler,DefaultHandlerInterceptorRegistry$GenericInterceptorDefinition,SpanAttributesProvider,AxonServerException,ExceptionFactory$1",""
"communityMaximumKCutId",86,11,"org.axonframework.eventsourcing.eventstore.GlobalIndexPosition,org.axonframework.modelling.entity.child.CommandTargetResolver,org.axonframework.modelling.configuration.StateBasedEntityModule$EntityIdResolverPhase,org.axonframework.messaging.eventhandling.replay.ReplayStatusChangedHandlerRegistry,org.axonframework.messaging.eventhandling.annotation.TimestampParameterResolverFactory,org.axonframework.messaging.eventhandling.replay.annotation.ReplayAwareMessageHandlerWrapper$ReplayBlockingMessageHandlingMember,org.axonframework.messaging.eventhandling.processing.streaming.pooled.PooledStreamingEventProcessorModule$Customization,org.axonframework.messaging.eventhandling.tracing.TracingEventHandlingComponent,org.axonframework.messaging.core.unitofwork.transaction.jpa.EntityManagerTransactionManager,org.axonframework.common.DefaultIdentifierFactory,org.axonframework.common.configuration.OverridePolicy","GlobalIndexPosition,CommandTargetResolver,StateBasedEntityModule$EntityIdResolverPhase,ReplayStatusChangedHandlerRegistry,TimestampParameterResolverFactory,ReplayAwareMessageHandlerWrapper$ReplayBlockingMessageHandlingMember,PooledStreamingEventProcessorModule$Customization,TracingEventHandlingComponent,EntityManagerTransactionManager,DefaultIdentifierFactory,OverridePolicy",""
"communityMaximumKCutId",23,17,"org.axonframework.eventsourcing.eventstore.ConsistencyMarkers$InfinityConsistencyMarker,org.axonframework.eventsourcing.eventstore.NoAppendCondition,org.axonframework.modelling.entity.annotation.EntityChildModelDefinition,org.axonframework.test.fixture.AxonTestPhase$When$Nothing,org.axonframework.test.matchers.IgnoreField,org.axonframework.test.matchers.NullOrVoidMatcher,org.axonframework.messaging.monitoring.configuration.DefaultMessageMonitorRegistry$1,org.axonframework.messaging.commandhandling.SimpleCommandBus,org.axonframework.messaging.core.unitofwork.transaction.TransactionalExecutorProvider,org.axonframework.messaging.eventhandling.processing.streaming.token.store.jdbc.TokenSchema$Builder,org.axonframework.messaging.core.unitofwork.ProcessingLifecycle,org.axonframework.messaging.eventhandling.processing.subscribing.SubscribingEventProcessorsConfigurer,org.axonframework.messaging.queryhandling.SimpleQueryBus,org.axonframework.messaging.queryhandling.configuration.QueryHandlingModule$SetupPhase,io.axoniq.framework.axonserver.connector.configuration.TopologyChange$1,io.axoniq.framework.axonserver.connector.configuration.AxonServerConfigurationEnhancer,org.axonframework.common.function.ThrowingFunction","ConsistencyMarkers$InfinityConsistencyMarker,NoAppendCondition,EntityChildModelDefinition,AxonTestPhase$When$Nothing,IgnoreField,NullOrVoidMatcher,DefaultMessageMonitorRegistry$1,SimpleCommandBus,TransactionalExecutorProvider,TokenSchema$Builder,ProcessingLifecycle,SubscribingEventProcessorsConfigurer,SimpleQueryBus,QueryHandlingModule$SetupPhase,TopologyChange$1,AxonServerConfigurationEnhancer,ThrowingFunction",""
"communityMaximumKCutId",61,12,"org.axonframework.eventsourcing.eventstore.EventCoordinator,org.axonframework.eventsourcing.eventstore.jpa.AggregateEventEntry,org.axonframework.modelling.entity.child.ListEntityChildMetamodel$Builder,org.axonframework.messaging.eventhandling.processing.streaming.token.annotation.TrackingTokenParameterResolverFactory,org.axonframework.messaging.eventhandling.processing.errorhandling.PropagatingErrorHandler,org.axonframework.messaging.eventstreaming.EventsCondition,org.axonframework.messaging.queryhandling.QueryResponseMessage,org.axonframework.messaging.eventstreaming.StartingFrom,org.axonframework.messaging.core.MappedMessageStream$Single,org.axonframework.messaging.core.annotation.AggregateTypeParameterResolverFactory,org.axonframework.common.TypeReflectionUtils$VarMap,org.axonframework.common.configuration.ComponentDefinition$1","EventCoordinator,AggregateEventEntry,ListEntityChildMetamodel$Builder,TrackingTokenParameterResolverFactory,PropagatingErrorHandler,EventsCondition,QueryResponseMessage,StartingFrom,MappedMessageStream$Single,AggregateTypeParameterResolverFactory,TypeReflectionUtils$VarMap,ComponentDefinition$1",""
"communityMaximumKCutId",0,38,"org.axonframework.eventsourcing.eventstore.ConsistencyMarker,org.axonframework.eventsourcing.configuration.AnnotatedEventSourcedEntityModule,org.axonframework.eventsourcing.configuration.EventSourcingConfigurer,org.axonframework.conversion.avro.DefaultSchemaIncompatibilityChecker,org.axonframework.modelling.entity.child.ListEntityChildMetamodel,org.axonframework.modelling.entity.annotation.AnnotatedEntityIdResolver,org.axonframework.modelling.entity.ConcreteEntityMetamodel,org.axonframework.modelling.configuration.EntityMetamodelConfigurationBuilder,org.axonframework.extension.metrics.micrometer.MessageTimerMonitor,org.axonframework.extension.metrics.micrometer.CapacityMonitor,org.axonframework.extension.metrics.micrometer.EventProcessorLatencyMonitor,org.axonframework.test.fixture.AxonTestPhase$Then$Event,org.axonframework.test.fixture.AxonTestWhen,org.axonframework.messaging.monitoring.configuration.DefaultMessageMonitorRegistry$2,org.axonframework.messaging.core.MessageDispatchInterceptor,org.axonframework.messaging.core.annotation.ParameterResolver,org.axonframework.messaging.core.MessageStream$Entry,org.axonframework.messaging.commandhandling.CommandPriorityCalculator,org.axonframework.messaging.eventhandling.replay.ResetHandler,org.axonframework.messaging.core.GenericMessage,org.axonframework.messaging.tracing.Span,org.axonframework.messaging.commandhandling.configuration.SimpleCommandHandlingModule,org.axonframework.messaging.commandhandling.CommandExecutionException,org.axonframework.messaging.eventhandling.annotation.EventAppenderParameterResolverFactoryConfigurationEnhancer,org.axonframework.messaging.eventhandling.processing.streaming.token.store.jdbc.TokenSchema,org.axonframework.messaging.eventhandling.configuration.EventProcessorModule$EventHandlingPhase,org.axonframework.messaging.eventstreaming.EventTypeRestrictableEventCriteria,org.axonframework.messaging.eventhandling.processing.streaming.pooled.Coordinator,org.axonframework.messaging.eventhandling.configuration.SubscribableEventSourceDefinition,org.axonframework.messaging.core.reflection.ClasspathParameterResolverConfigurationEnhancer,org.axonframework.messaging.core.correlation.CorrelationDataProvider,org.axonframework.messaging.core.unitofwork.transaction.NoTransactionManager,org.axonframework.messaging.core.NamespaceMessageTypeResolver$Builder,org.axonframework.messaging.tracing.attributes.MessageIdSpanAttributesProvider,org.axonframework.messaging.tracing.attributes.AggregateIdentifierSpanAttributesProvider,org.axonframework.common.annotation.Internal,org.axonframework.common.infra.JacksonComponentDescriptor,org.axonframework.common.lock.LockFactory","ConsistencyMarker,AnnotatedEventSourcedEntityModule,EventSourcingConfigurer,DefaultSchemaIncompatibilityChecker,ListEntityChildMetamodel,AnnotatedEntityIdResolver,ConcreteEntityMetamodel,EntityMetamodelConfigurationBuilder,MessageTimerMonitor,CapacityMonitor,EventProcessorLatencyMonitor,AxonTestPhase$Then$Event,AxonTestWhen,DefaultMessageMonitorRegistry$2,MessageDispatchInterceptor,ParameterResolver,MessageStream$Entry,CommandPriorityCalculator,ResetHandler,GenericMessage,Span,SimpleCommandHandlingModule,CommandExecutionException,EventAppenderParameterResolverFactoryConfigurationEnhancer,TokenSchema,EventProcessorModule$EventHandlingPhase,EventTypeRestrictableEventCriteria,Coordinator,SubscribableEventSourceDefinition,ClasspathParameterResolverConfigurationEnhancer,CorrelationDataProvider,NoTransactionManager,NamespaceMessageTypeResolver$Builder,MessageIdSpanAttributesProvider,AggregateIdentifierSpanAttributesProvider,Internal,JacksonComponentDescriptor,LockFactory",""
"communityMaximumKCutId",50,11,"org.axonframework.eventsourcing.eventstore.EventStorageEngine,org.axonframework.eventsourcing.eventstore.InterceptingEventStore,org.axonframework.eventsourcing.eventstore.jpa.JpaPollingEventCoordinator,io.axoniq.framework.springboot.TagsConfigurationProperties,org.axonframework.messaging.core.MessageStream$Single,org.axonframework.messaging.eventhandling.replay.GenericReplayStatusChanged,org.axonframework.messaging.eventhandling.gateway.DefaultEventGateway,org.axonframework.messaging.core.annotation.AggregateTypeParameterResolverFactory$AggregateTypeParameterResolver,org.axonframework.messaging.core.retry.ExponentialBackOffRetryPolicy,io.axoniq.framework.axonserver.connector.snapshot.AxonServerSnapshotStore,org.axonframework.common.ConstructorUtils","EventStorageEngine,InterceptingEventStore,JpaPollingEventCoordinator,TagsConfigurationProperties,MessageStream$Single,GenericReplayStatusChanged,DefaultEventGateway,AggregateTypeParameterResolverFactory$AggregateTypeParameterResolver,ExponentialBackOffRetryPolicy,AxonServerSnapshotStore,ConstructorUtils",""
"communityMaximumKCutId",56,13,"org.axonframework.eventsourcing.eventstore.DefaultAppendCondition,org.axonframework.modelling.PayloadBasedEntityEvolver,org.axonframework.test.extension.ProvidedAxonTestFixture,org.axonframework.test.matchers.ListWithAnyOfMatcher,org.axonframework.messaging.core.unitofwork.ProcessingLifecycle$Phase,org.axonframework.messaging.core.conversion.DelegatingMessageConverter,org.axonframework.messaging.eventstreaming.StreamableEventSource,org.axonframework.messaging.core.annotation.SourceIdParameterResolverFactory,org.axonframework.messaging.core.interception.DefaultHandlerInterceptorRegistry$1,org.axonframework.messaging.tracing.TracingHandlerEnhancerDefinition,org.axonframework.common.lock.DeadlockException,org.axonframework.common.configuration.AbstractComponent,org.axonframework.common.configuration.ModuleBuilder","DefaultAppendCondition,PayloadBasedEntityEvolver,ProvidedAxonTestFixture,ListWithAnyOfMatcher,ProcessingLifecycle$Phase,DelegatingMessageConverter,StreamableEventSource,SourceIdParameterResolverFactory,DefaultHandlerInterceptorRegistry$1,TracingHandlerEnhancerDefinition,DeadlockException,AbstractComponent,ModuleBuilder",""
"communityMaximumKCutId",53,8,"org.axonframework.eventsourcing.EntityMissingAfterFirstEventException,org.axonframework.modelling.entity.annotation.SingleEntityChildModelDefinition,org.axonframework.test.fixture.RecordingEventSink,org.axonframework.messaging.tracing.SpanFactory,org.axonframework.messaging.eventhandling.gateway.ProcessingContextEventAppender,org.axonframework.messaging.eventhandling.processing.streaming.pooled.WorkPackage$ProcessingEntry,org.axonframework.messaging.core.annotation.MethodInvokingMessageHandlingMember,io.axoniq.framework.axonserver.connector.configuration.TopologyChange$HandlerSubscription","EntityMissingAfterFirstEventException,SingleEntityChildModelDefinition,RecordingEventSink,SpanFactory,ProcessingContextEventAppender,WorkPackage$ProcessingEntry,MethodInvokingMessageHandlingMember,TopologyChange$HandlerSubscription",""
"communityMaximumKCutId",45,10,"org.axonframework.eventsourcing.EntityMissingAfterLoadOrCreateException,org.axonframework.modelling.StateEvolvingException,org.axonframework.modelling.configuration.SimpleStateBasedEntityModule,org.axonframework.messaging.core.annotation.ParameterResolverFactory,org.axonframework.messaging.core.DelayedMessageStream,org.axonframework.messaging.core.GenericResultMessage,org.axonframework.messaging.eventhandling.tracing.DefaultEventBusSpanFactory$Builder,org.axonframework.messaging.core.interception.annotation.ExceptionHandler,io.axoniq.framework.axonserver.connector.event.TaggedEventConverter,org.axonframework.common.io.IOUtils","EntityMissingAfterLoadOrCreateException,StateEvolvingException,SimpleStateBasedEntityModule,ParameterResolverFactory,DelayedMessageStream,GenericResultMessage,DefaultEventBusSpanFactory$Builder,ExceptionHandler,TaggedEventConverter,IOUtils",""
"communityMaximumKCutId",82,11,"org.axonframework.eventsourcing.eventstore.AnnotationBasedTagResolver$TagResolutionException,org.axonframework.update.detection.AxonVersionDetector,org.axonframework.modelling.entity.annotation.ListEntityChildModelDefinition,org.axonframework.test.util.MessageMonitorReport$Report$Failure,org.axonframework.extension.tracing.opentelemetry.OpenTelemetrySpanFactory$Builder,org.axonframework.messaging.core.annotation.WrappedMessageHandlingMember,org.axonframework.messaging.core.MessageStreamUtils,org.axonframework.messaging.core.unitofwork.UnitOfWorkConfiguration,org.axonframework.messaging.core.RemoteNonTransientHandlingException,org.axonframework.common.TypeReference$1,org.axonframework.common.configuration.DefaultDecoratorDefinition","AnnotationBasedTagResolver$TagResolutionException,AxonVersionDetector,ListEntityChildModelDefinition,MessageMonitorReport$Report$Failure,OpenTelemetrySpanFactory$Builder,WrappedMessageHandlingMember,MessageStreamUtils,UnitOfWorkConfiguration,RemoteNonTransientHandlingException,TypeReference$1,DefaultDecoratorDefinition",""
"communityMaximumKCutId",59,19,"org.axonframework.eventsourcing.eventstore.StorageEngineBackedEventStore,org.axonframework.eventsourcing.eventstore.jpa.AggregateBasedJpaEventStorageEngine,org.axonframework.conversion.converter.BlobToInputStreamConverter,org.axonframework.modelling.entity.WrongPolymorphicEntityTypeException,org.axonframework.modelling.entity.child.GetterSetterChildEntityFieldDefinition,org.axonframework.modelling.repository.SimpleRepository$SimpleEntity,org.axonframework.extension.tracing.opentelemetry.OpenTelemetrySpanFactory,org.axonframework.messaging.commandhandling.interception.CommandMessageHandlerInterceptorChain,org.axonframework.messaging.core.sequencing.SequentialPerAggregatePolicy,org.axonframework.messaging.eventhandling.annotation.EventHandler,org.axonframework.messaging.eventhandling.interception.EventMessageHandlerInterceptorChain,org.axonframework.messaging.core.annotation.MessageHandlerTimeout,org.axonframework.messaging.core.IgnoredEntriesMessageStream,org.axonframework.messaging.core.retry.FilteringRetryPolicy,org.axonframework.messaging.core.timeout.TimeoutWrappedMessageHandlingMember,org.axonframework.common.ObjectUtils,org.axonframework.common.caching.EhCacheAdapter$1,org.axonframework.common.configuration.Component$Identifier,org.axonframework.common.configuration.BaseModule","StorageEngineBackedEventStore,AggregateBasedJpaEventStorageEngine,BlobToInputStreamConverter,WrongPolymorphicEntityTypeException,GetterSetterChildEntityFieldDefinition,SimpleRepository$SimpleEntity,OpenTelemetrySpanFactory,CommandMessageHandlerInterceptorChain,SequentialPerAggregatePolicy,EventHandler,EventMessageHandlerInterceptorChain,MessageHandlerTimeout,IgnoredEntriesMessageStream,FilteringRetryPolicy,TimeoutWrappedMessageHandlingMember,ObjectUtils,EhCacheAdapter$1,Component$Identifier,BaseModule",""
"communityMaximumKCutId",3,9,"org.axonframework.eventsourcing.eventstore.EventStoreException,org.axonframework.messaging.monitoring.configuration.DefaultMessageMonitorRegistry$5,org.axonframework.messaging.commandhandling.NoHandlerForCommandException,org.axonframework.messaging.eventhandling.processing.streaming.pooled.WorkPackage$BatchProcessor,org.axonframework.messaging.eventhandling.processing.streaming.pooled.MergeTask,org.axonframework.messaging.core.annotation.MetadataValue,io.axoniq.framework.axonserver.connector.api.AxonServerConfiguration$Builder,io.axoniq.framework.axonserver.connector.command.CommandConverter,org.axonframework.common.configuration.ComponentDecorator","EventStoreException,DefaultMessageMonitorRegistry$5,NoHandlerForCommandException,WorkPackage$BatchProcessor,MergeTask,MetadataValue,AxonServerConfiguration$Builder,CommandConverter,ComponentDecorator",""
"communityMaximumKCutId",34,8,"org.axonframework.eventsourcing.eventstore.InterceptingEventStore$InterceptingEventStoreTransaction,org.axonframework.extension.tracing.opentelemetry.MetadataContextGetter,org.axonframework.messaging.monitoring.NoOpMessageMonitorCallback,org.axonframework.messaging.eventhandling.tracing.EventBusSpanFactory,org.axonframework.messaging.core.interception.annotation.ResultParameterResolverFactory$ExceptionResultParameterResolver,org.axonframework.messaging.core.interception.DefaultDispatchInterceptorRegistry$4,org.axonframework.messaging.core.retry.AxonNonTransientExceptionClassesPredicate,org.axonframework.common.configuration.Configuration","InterceptingEventStore$InterceptingEventStoreTransaction,MetadataContextGetter,NoOpMessageMonitorCallback,EventBusSpanFactory,ResultParameterResolverFactory$ExceptionResultParameterResolver,DefaultDispatchInterceptorRegistry$4,AxonNonTransientExceptionClassesPredicate,Configuration",""
"communityMaximumKCutId",29,8,"org.axonframework.eventsourcing.eventstore.jpa.SQLErrorCodesResolver,org.axonframework.messaging.core.annotation.ClasspathHandlerDefinition,org.axonframework.messaging.eventhandling.annotation.TimestampParameterResolverFactory$TimestampParameterResolver,org.axonframework.messaging.core.annotation.UnsupportedHandlerException,org.axonframework.messaging.core.interception.DefaultDispatchInterceptorRegistry$3,org.axonframework.messaging.core.timeout.AxonTaskJanitor,org.axonframework.messaging.core.NamespaceMessageTypeResolver,org.axonframework.common.infra.ComponentDescriptorException","SQLErrorCodesResolver,ClasspathHandlerDefinition,TimestampParameterResolverFactory$TimestampParameterResolver,UnsupportedHandlerException,DefaultDispatchInterceptorRegistry$3,AxonTaskJanitor,NamespaceMessageTypeResolver,ComponentDescriptorException",""
"communityMaximumKCutId",62,6,"org.axonframework.eventsourcing.eventstore.jpa.SQLStateResolver,org.axonframework.conversion.jackson2.ByteArrayToJsonNodeConverter,org.axonframework.test.FixtureResourceParameterResolverFactory$FailingParameterResolver,org.axonframework.messaging.commandhandling.annotation.AnnotationRoutingStrategy,org.axonframework.messaging.core.annotation.SimpleResourceParameterResolverFactory,org.axonframework.messaging.core.annotation.InterceptorChainParameterResolverFactory","SQLStateResolver,ByteArrayToJsonNodeConverter,FixtureResourceParameterResolverFactory$FailingParameterResolver,AnnotationRoutingStrategy,SimpleResourceParameterResolverFactory,InterceptorChainParameterResolverFactory",""
"communityMaximumKCutId",76,4,"org.axonframework.eventsourcing.eventstore.jpa.JpaPollingEventCoordinator$1,org.axonframework.test.fixture.AxonTestThenEvent,org.axonframework.messaging.eventhandling.SimpleEventBus,org.axonframework.common.lock.Lock","JpaPollingEventCoordinator$1,AxonTestThenEvent,SimpleEventBus,Lock",""
"communityMaximumKCutId",38,8,"org.axonframework.eventsourcing.eventstore.DefaultEventStoreTransaction,org.axonframework.conversion.jackson2.ObjectNodeToJsonNodeConverter,org.axonframework.modelling.entity.EntityCommandHandler,org.axonframework.messaging.core.Message,org.axonframework.messaging.eventhandling.replay.annotation.ReplayContextParameterResolverFactory,org.axonframework.messaging.eventhandling.configuration.EventHandlingComponentsConfigurer$CompletePhase,org.axonframework.messaging.eventhandling.processing.streaming.pooled.MaxSegmentProvider,org.axonframework.messaging.core.annotation.AnnotationMessageTypeResolver","DefaultEventStoreTransaction,ObjectNodeToJsonNodeConverter,EntityCommandHandler,Message,ReplayContextParameterResolverFactory,EventHandlingComponentsConfigurer$CompletePhase,MaxSegmentProvider,AnnotationMessageTypeResolver",""
"communityMaximumKCutId",30,10,"org.axonframework.eventsourcing.eventstore.jpa.GapAwareTrackingTokenOperations,org.axonframework.conversion.Converter,org.axonframework.messaging.commandhandling.gateway.CommandGateway,org.axonframework.messaging.core.annotation.AbstractAnnotatedParameterResolverFactory,org.axonframework.messaging.eventhandling.processing.streaming.pooled.PooledStreamingEventProcessorConfiguration,org.axonframework.messaging.eventhandling.processing.streaming.segmenting.SimpleSegmentChangeListener,org.axonframework.messaging.eventstreaming.Tag,org.axonframework.messaging.queryhandling.configuration.QueryHandlingModule$QueryHandlerPhase,org.axonframework.messaging.core.EventPublicationFailedException,org.axonframework.common.property.PropertyAccessException","GapAwareTrackingTokenOperations,Converter,CommandGateway,AbstractAnnotatedParameterResolverFactory,PooledStreamingEventProcessorConfiguration,SimpleSegmentChangeListener,Tag,QueryHandlingModule$QueryHandlerPhase,EventPublicationFailedException,PropertyAccessException",""
"communityMaximumKCutId",92,11,"org.axonframework.eventsourcing.eventstore.TooManyTagsOnEventMessageException,org.axonframework.modelling.EntityEvolvingComponent,org.axonframework.messaging.core.sequencing.SequencingPolicy,org.axonframework.messaging.eventhandling.annotation.EventHandlingMember,org.axonframework.messaging.core.SubscribableEventSource,org.axonframework.messaging.eventhandling.processing.subscribing.SubscribingEventProcessorModule,org.axonframework.messaging.core.SimpleEntry,org.axonframework.messaging.core.unitofwork.UnitOfWork$UnitOfWorkProcessingContext$Status,io.axoniq.framework.axonserver.connector.configuration.ManagedChannelCustomizer,io.axoniq.framework.axonserver.connector.command.AxonServerCommandBusConnector$FutureResultCallback,org.axonframework.common.TypeReflectionUtils$VarMap$ParameterizedTypeImpl","TooManyTagsOnEventMessageException,EntityEvolvingComponent,SequencingPolicy,EventHandlingMember,SubscribableEventSource,SubscribingEventProcessorModule,SimpleEntry,UnitOfWork$UnitOfWorkProcessingContext$Status,ManagedChannelCustomizer,AxonServerCommandBusConnector$FutureResultCallback,TypeReflectionUtils$VarMap$ParameterizedTypeImpl",""
"communityMaximumKCutId",26,14,"org.axonframework.eventsourcing.eventstore.DefaultSourcingCondition,org.axonframework.conversion.DelegatingGeneralConverter,io.axoniq.framework.springboot.service.connection.AxonServerTestContainerConnectionDetailsFactory,org.axonframework.test.util.MessageMonitorReport$Report$Ignored,org.axonframework.messaging.commandhandling.gateway.CommandDispatcher,org.axonframework.messaging.eventhandling.processing.streaming.segmenting.WrappedTrackerStatus,org.axonframework.messaging.core.annotation.DefaultParameterResolverFactory,org.axonframework.messaging.core.EmptyMessageStream,org.axonframework.messaging.core.AbstractMessage,org.axonframework.messaging.core.SingleValueMessageStream,io.axoniq.framework.axonserver.connector.event.AggregateBasedAxonServerEventStorageEngine$AggregateSource,org.axonframework.common.jdbc.DataSourceConnectionProvider,org.axonframework.common.property.UniformPropertyAccessStrategy,org.axonframework.common.configuration.DefaultComponentRegistry$1","DefaultSourcingCondition,DelegatingGeneralConverter,AxonServerTestContainerConnectionDetailsFactory,MessageMonitorReport$Report$Ignored,CommandDispatcher,WrappedTrackerStatus,DefaultParameterResolverFactory,EmptyMessageStream,AbstractMessage,SingleValueMessageStream,AggregateBasedAxonServerEventStorageEngine$AggregateSource,DataSourceConnectionProvider,UniformPropertyAccessStrategy,DefaultComponentRegistry$1",""
"communityMaximumKCutId",90,12,"org.axonframework.eventsourcing.eventstore.jpa.AggregateBasedJpaEventStorageEngine$AggregateSource,org.axonframework.conversion.avro.GenericRecordToByteArrayConverter,org.axonframework.update.UpdateCheckerConfigurationEnhancer,org.axonframework.modelling.entity.PolymorphicEntityMetamodelBuilder,org.axonframework.modelling.entity.child.AbstractEntityChildMetamodel,org.axonframework.test.matchers.EmptyCollectionMatcher,org.axonframework.messaging.commandhandling.configuration.CommandHandlingModule,org.axonframework.messaging.eventhandling.gateway.EventGateway,org.axonframework.messaging.eventhandling.InterceptingEventBus,io.axoniq.framework.axonserver.connector.event.AggregateBasedAxonServerEventStorageEngine,org.axonframework.common.jdbc.JdbcUtils$SqlFunction,org.axonframework.common.lifecycle.ShutdownInProgressException","AggregateBasedJpaEventStorageEngine$AggregateSource,GenericRecordToByteArrayConverter,UpdateCheckerConfigurationEnhancer,PolymorphicEntityMetamodelBuilder,AbstractEntityChildMetamodel,EmptyCollectionMatcher,CommandHandlingModule,EventGateway,InterceptingEventBus,AggregateBasedAxonServerEventStorageEngine,JdbcUtils$SqlFunction,ShutdownInProgressException",""
"communityMaximumKCutId",47,10,"org.axonframework.eventsourcing.eventstore.jpa.AggregateBasedJpaEventStorageEngineConfiguration,org.axonframework.test.matchers.ExactClassMatcher,org.axonframework.messaging.eventhandling.annotation.AnnotatedEventHandlingComponent,org.axonframework.messaging.eventhandling.DelegatingEventHandlingComponent,org.axonframework.messaging.eventhandling.processing.streaming.pooled.PooledStreamingEventProcessor,org.axonframework.messaging.eventhandling.processing.streaming.pooled.WorkPackage$BatchProcessingEntry,org.axonframework.messaging.queryhandling.interception.InterceptingQueryBus$SubscriptionQueryInterceptingDispatcher,org.axonframework.common.Priority,org.axonframework.common.Registration,org.axonframework.common.jpa.FactoryBasedEntityManagerProvider","AggregateBasedJpaEventStorageEngineConfiguration,ExactClassMatcher,AnnotatedEventHandlingComponent,DelegatingEventHandlingComponent,PooledStreamingEventProcessor,WorkPackage$BatchProcessingEntry,InterceptingQueryBus$SubscriptionQueryInterceptingDispatcher,Priority,Registration,FactoryBasedEntityManagerProvider",""
"communityMaximumKCutId",36,7,"org.axonframework.eventsourcing.eventstore.ContinuousMessageStream,io.axoniq.framework.springboot.DeadLetterQueueProcessorProperties$DlqCache,org.axonframework.messaging.eventhandling.processing.streaming.token.store.ConfigToken,org.axonframework.messaging.queryhandling.QueryHandlingComponent,org.axonframework.messaging.core.interception.HandlerInterceptorFactory,org.axonframework.messaging.core.sequencing.PropertySequencingPolicy,org.axonframework.common.infra.FilesystemStyleComponentDescriptor$SymbolicLink","ContinuousMessageStream,DeadLetterQueueProcessorProperties$DlqCache,ConfigToken,QueryHandlingComponent,HandlerInterceptorFactory,PropertySequencingPolicy,FilesystemStyleComponentDescriptor$SymbolicLink",""
"communityMaximumKCutId",73,10,"org.axonframework.eventsourcing.configuration.SimpleEventSourcedEntityModule$5,org.axonframework.conversion.avro.AvroConverterConfiguration,org.axonframework.modelling.annotation.TargetEntityIdMemberMismatchException,org.axonframework.messaging.eventhandling.annotation.SequenceNumberParameterResolverFactory$SequenceNumberParameterResolver,org.axonframework.messaging.eventhandling.replay.annotation.ReplayContext,org.axonframework.messaging.eventhandling.EventBus,org.axonframework.messaging.queryhandling.QueryHandler,org.axonframework.messaging.core.FailedMessageStream,org.axonframework.common.annotation.AnnotationUtils,org.axonframework.common.lock.LockAcquisitionFailedException","SimpleEventSourcedEntityModule$5,AvroConverterConfiguration,TargetEntityIdMemberMismatchException,SequenceNumberParameterResolverFactory$SequenceNumberParameterResolver,ReplayContext,EventBus,QueryHandler,FailedMessageStream,AnnotationUtils,LockAcquisitionFailedException",""
"communityMaximumKCutId",84,10,"org.axonframework.eventsourcing.eventstore.ConsistencyMarkers,org.axonframework.modelling.entity.annotation.CommandTargetResolverDefinition,org.axonframework.test.fixture.AxonTestPhase$When$Command,org.axonframework.test.matchers.ExactSequenceMatcher,org.axonframework.messaging.monitoring.MultiMessageMonitor,org.axonframework.messaging.commandhandling.annotation.CommandDispatcherParameterResolverFactoryConfigurationEnhancer,org.axonframework.messaging.core.SimpleHandlerAttributes,org.axonframework.messaging.core.annotation.FixedValueParameterResolver,org.axonframework.common.util.ClasspathResolver,org.axonframework.common.caching.WeakReferenceCache","ConsistencyMarkers,CommandTargetResolverDefinition,AxonTestPhase$When$Command,ExactSequenceMatcher,MultiMessageMonitor,CommandDispatcherParameterResolverFactoryConfigurationEnhancer,SimpleHandlerAttributes,FixedValueParameterResolver,ClasspathResolver,WeakReferenceCache",""
"communityMaximumKCutId",77,9,"org.axonframework.eventsourcing.configuration.SimpleEventSourcedEntityModule$3,org.axonframework.conversion.jackson.ByteArrayToJsonNodeConverter,org.axonframework.conversion.converter.ByteArrayToStringConverter,org.axonframework.messaging.commandhandling.annotation.MethodCommandHandlerDefinition$MethodCommandHandlingMember,org.axonframework.messaging.eventhandling.processing.streaming.segmenting.EventTrackerStatus,org.axonframework.messaging.core.annotation.MessageHandlerInvocationException,org.axonframework.messaging.core.sequencing.RoutingKeySequencingPolicy,org.axonframework.common.configuration.DecoratorDefinition,org.axonframework.common.configuration.AmbiguousComponentMatchException","SimpleEventSourcedEntityModule$3,ByteArrayToJsonNodeConverter,ByteArrayToStringConverter,MethodCommandHandlerDefinition$MethodCommandHandlingMember,EventTrackerStatus,MessageHandlerInvocationException,RoutingKeySequencingPolicy,DecoratorDefinition,AmbiguousComponentMatchException",""
"communityMaximumKCutId",40,13,"org.axonframework.eventsourcing.configuration.SimpleEventSourcedEntityModule,org.axonframework.update.UpdateCheckerHttpClient,io.axoniq.framework.springboot.autoconfig.AxonServerActuatorAutoConfiguration,org.axonframework.modelling.PropertyBasedEntityIdResolver,org.axonframework.modelling.annotation.AnnotationBasedEntityEvolvingComponent,org.axonframework.modelling.entity.EntityMissingForInstanceCommandHandlerException,org.axonframework.messaging.core.annotation.Message,org.axonframework.messaging.eventhandling.TerminalEventMessage,org.axonframework.messaging.eventhandling.annotation.MethodSequencingPolicyEventHandlerDefinition,org.axonframework.messaging.commandhandling.configuration.CommandHandlingModule$CommandHandlerPhase,org.axonframework.messaging.core.annotation.MessageIdentifier,org.axonframework.messaging.core.unitofwork.transaction.jpa.JpaTransactionalExecutorProvider$1,org.axonframework.common.AxonConfigurationException","SimpleEventSourcedEntityModule,UpdateCheckerHttpClient,AxonServerActuatorAutoConfiguration,PropertyBasedEntityIdResolver,AnnotationBasedEntityEvolvingComponent,EntityMissingForInstanceCommandHandlerException,Message,TerminalEventMessage,MethodSequencingPolicyEventHandlerDefinition,CommandHandlingModule$CommandHandlerPhase,MessageIdentifier,JpaTransactionalExecutorProvider$1,AxonConfigurationException",""
"communityMaximumKCutId",74,13,"org.axonframework.conversion.jackson.JsonNodeToObjectNodeConverter,org.axonframework.conversion.jackson2.Jackson2Converter,org.axonframework.conversion.avro.AvroConverterStrategy,org.axonframework.update.configuration.DefaultUsagePropertyProvider,org.axonframework.extension.metrics.micrometer.MessageCountingMonitor$1,org.axonframework.messaging.eventhandling.annotation.EventAppenderParameterResolverFactory$1,org.axonframework.messaging.eventhandling.processing.EventProcessor,org.axonframework.messaging.eventhandling.processing.EventProcessingException,org.axonframework.messaging.queryhandling.tracing.QueryUpdateEmitterSpanFactory,org.axonframework.messaging.core.retry.RetryPolicy,io.axoniq.framework.axonserver.connector.shared.ErrorCode,org.axonframework.common.util.MavenArtifactVersionResolver,org.axonframework.common.caching.EhCacheAdapter$CacheEventListenerAdapter","JsonNodeToObjectNodeConverter,Jackson2Converter,AvroConverterStrategy,DefaultUsagePropertyProvider,MessageCountingMonitor$1,EventAppenderParameterResolverFactory$1,EventProcessor,EventProcessingException,QueryUpdateEmitterSpanFactory,RetryPolicy,ErrorCode,MavenArtifactVersionResolver,EhCacheAdapter$CacheEventListenerAdapter",""
"communityMaximumKCutId",8,10,"org.axonframework.conversion.jackson.JacksonConverter,io.axoniq.framework.springboot.autoconfig.AxonServerAutoConfiguration$1,org.axonframework.modelling.entity.annotation.AnnotatedEntityMetamodelFactory,org.axonframework.test.fixture.RecordingComponentsRegistry,org.axonframework.messaging.core.configuration.reflection.ParameterResolverFactoryUtils,org.axonframework.messaging.commandhandling.interception.InterceptingCommandBus$InterceptingDispatcher,org.axonframework.messaging.eventhandling.tracing.DefaultEventProcessorSpanFactory$Builder,org.axonframework.messaging.core.IllegalPayloadAccessException,org.axonframework.messaging.core.retry.AsyncRetryScheduler$RetryTask,io.axoniq.framework.axonserver.connector.api.ConnectionManager","JacksonConverter,AxonServerAutoConfiguration$1,AnnotatedEntityMetamodelFactory,RecordingComponentsRegistry,ParameterResolverFactoryUtils,InterceptingCommandBus$InterceptingDispatcher,DefaultEventProcessorSpanFactory$Builder,IllegalPayloadAccessException,AsyncRetryScheduler$RetryTask,ConnectionManager",""
"communityMaximumKCutId",46,8,"org.axonframework.conversion.GeneralConverter,org.axonframework.messaging.monitoring.NoOpMessageMonitor,org.axonframework.messaging.eventhandling.replay.annotation.ReplayParameterResolverFactory,org.axonframework.messaging.eventhandling.configuration.EventProcessorCustomization,org.axonframework.messaging.eventstreaming.DefaultStreamingCondition,org.axonframework.messaging.core.retry.DoNotRetryOutcome,io.axoniq.framework.axonserver.connector.event.AggregateBasedAxonServerEventStorageEngine$1,org.axonframework.common.jdbc.ConnectionWrapperFactory","GeneralConverter,NoOpMessageMonitor,ReplayParameterResolverFactory,EventProcessorCustomization,DefaultStreamingCondition,DoNotRetryOutcome,AggregateBasedAxonServerEventStorageEngine$1,ConnectionWrapperFactory",""
"communityMaximumKCutId",57,12,"org.axonframework.conversion.ChainingContentTypeConverter,org.axonframework.modelling.entity.child.FieldChildEntityFieldDefinition,org.axonframework.modelling.configuration.SimpleStateBasedEntityModule$3,org.axonframework.test.fixture.AxonTestThenCommand,org.axonframework.messaging.monitoring.MessageMonitor$MonitorCallback,org.axonframework.messaging.commandhandling.RoutingStrategy,org.axonframework.messaging.commandhandling.annotation.AnnotationRoutingStrategy$RoutingKeyResolver,org.axonframework.messaging.commandhandling.configuration.CommandHandlingModule$SetupPhase,org.axonframework.messaging.eventhandling.processing.streaming.token.TrackingToken,org.axonframework.messaging.eventhandling.processing.streaming.pooled.EventSchedulingProcessingContext,org.axonframework.messaging.core.interception.DefaultHandlerInterceptorRegistry$4,org.axonframework.common.DateTimeUtils","ChainingContentTypeConverter,FieldChildEntityFieldDefinition,SimpleStateBasedEntityModule$3,AxonTestThenCommand,MessageMonitor$MonitorCallback,RoutingStrategy,AnnotationRoutingStrategy$RoutingKeyResolver,CommandHandlingModule$SetupPhase,TrackingToken,EventSchedulingProcessingContext,DefaultHandlerInterceptorRegistry$4,DateTimeUtils",""
"communityMaximumKCutId",66,8,"org.axonframework.conversion.ChainedConverter,org.axonframework.modelling.configuration.SimpleStateBasedEntityModule$1,org.axonframework.modelling.configuration.StateBasedEntityModule$PersisterPhase,org.axonframework.test.matchers.EqualsMatcher,org.axonframework.messaging.core.MessageStream$Empty,org.axonframework.messaging.eventhandling.tracing.EventProcessorSpanFactory,org.axonframework.messaging.eventstreaming.OrEventCriteria,org.axonframework.common.caching.JCacheAdapter$JCacheListenerAdapter","ChainedConverter,SimpleStateBasedEntityModule$1,StateBasedEntityModule$PersisterPhase,EqualsMatcher,MessageStream$Empty,EventProcessorSpanFactory,OrEventCriteria,JCacheAdapter$JCacheListenerAdapter",""
"communityMaximumKCutId",7,13,"org.axonframework.conversion.ConversionException,org.axonframework.update.api.DetectedVulnerabilitySeverity,io.axoniq.framework.springboot.DeadLetterQueueProcessorProperties$DlqProcessorSettings,org.axonframework.modelling.annotation.TargetEntityId,org.axonframework.extension.metrics.micrometer.MetricsConfigurationEnhancer,org.axonframework.test.fixture.AxonTestFixture$Customization,org.axonframework.messaging.core.unitofwork.ProcessingLifecycle$ErrorHandler,org.axonframework.messaging.eventstreaming.TagFilteredEventCriteria,org.axonframework.messaging.core.DelegatingMessageStream,org.axonframework.messaging.core.unitofwork.TransactionalUnitOfWorkFactory,org.axonframework.common.jdbc.JdbcUtils$SqlResultConverter,org.axonframework.common.infra.FilesystemStyleComponentDescriptor,org.axonframework.common.configuration.ExtendedConfiguration","ConversionException,DetectedVulnerabilitySeverity,DeadLetterQueueProcessorProperties$DlqProcessorSettings,TargetEntityId,MetricsConfigurationEnhancer,AxonTestFixture$Customization,ProcessingLifecycle$ErrorHandler,TagFilteredEventCriteria,DelegatingMessageStream,TransactionalUnitOfWorkFactory,JdbcUtils$SqlResultConverter,FilesystemStyleComponentDescriptor,ExtendedConfiguration",""
"communityMaximumKCutId",71,8,"org.axonframework.conversion.CachingSupplier,org.axonframework.test.fixture.MessagesRecordingConfigurationEnhancer,org.axonframework.test.matchers.NonStaticFieldsFilter,org.axonframework.messaging.eventhandling.processing.streaming.token.store.inmemory.InMemoryTokenStore,org.axonframework.messaging.core.annotation.HandlerAttributes,org.axonframework.messaging.core.interception.annotation.ResultHandler,org.axonframework.messaging.core.retry.RetryOutcome,io.axoniq.framework.axonserver.connector.query.AxonServerQueryBusConnector$AxonServerUpdateCallback","CachingSupplier,MessagesRecordingConfigurationEnhancer,NonStaticFieldsFilter,InMemoryTokenStore,HandlerAttributes,ResultHandler,RetryOutcome,AxonServerQueryBusConnector$AxonServerUpdateCallback",""
"communityMaximumKCutId",70,14,"org.axonframework.conversion.jackson2.JsonNodeToByteArrayConverter,org.axonframework.update.common.DelayedTask,io.axoniq.framework.springboot.actuator.axonserver.AxonServerStatusAggregator,org.axonframework.modelling.repository.SimpleRepository,org.axonframework.extension.metrics.micrometer.MessageCountingMonitor,org.axonframework.test.extension.ProvidedAxonTestFixtureUtils,org.axonframework.messaging.commandhandling.CommandResultMessage,org.axonframework.messaging.eventhandling.configuration.EventBusConfigurationDefaults,org.axonframework.messaging.eventstreaming.EventCriterion,org.axonframework.messaging.queryhandling.annotation.Query,org.axonframework.messaging.queryhandling.GenericSubscriptionQueryUpdateMessage,org.axonframework.messaging.core.interception.annotation.NoMoreInterceptors,org.axonframework.messaging.core.unitofwork.LegacyMessageSupportingContext,org.axonframework.common.jdbc.ConnectionProvider","JsonNodeToByteArrayConverter,DelayedTask,AxonServerStatusAggregator,SimpleRepository,MessageCountingMonitor,ProvidedAxonTestFixtureUtils,CommandResultMessage,EventBusConfigurationDefaults,EventCriterion,Query,GenericSubscriptionQueryUpdateMessage,NoMoreInterceptors,LegacyMessageSupportingContext,ConnectionProvider",""
"communityMaximumKCutId",17,12,"org.axonframework.conversion.avro.AvroConverterStrategyConfiguration,org.axonframework.update.configuration.PropertyFileUsagePropertyProvider,org.axonframework.modelling.entity.annotation.RoutingKeyEventTargetMatcher,org.axonframework.messaging.monitoring.interception.MonitoringQueryHandlerInterceptor,org.axonframework.messaging.eventhandling.replay.annotation.ResetHandler,org.axonframework.messaging.eventhandling.processing.streaming.token.store.jdbc.TokenTableFactory,org.axonframework.messaging.eventhandling.processing.streaming.segmenting.EventTrackerStatusChangeListener,org.axonframework.messaging.eventstreaming.AnyEvent,org.axonframework.messaging.core.CloseCallbackMessageStream,org.axonframework.messaging.core.DefaultMessageDispatchInterceptorChain$InterceptingDispatcher,io.axoniq.framework.axonserver.connector.api.AxonServerConnectionManager$Builder,org.axonframework.common.digest.Digester","AvroConverterStrategyConfiguration,PropertyFileUsagePropertyProvider,RoutingKeyEventTargetMatcher,MonitoringQueryHandlerInterceptor,ResetHandler,TokenTableFactory,EventTrackerStatusChangeListener,AnyEvent,CloseCallbackMessageStream,DefaultMessageDispatchInterceptorChain$InterceptingDispatcher,AxonServerConnectionManager$Builder,Digester",""
"communityMaximumKCutId",65,8,"org.axonframework.update.detection.KotlinVersion,org.axonframework.messaging.core.conversion.MessageConverter,org.axonframework.messaging.eventhandling.interception.InterceptingEventHandlingComponent,org.axonframework.messaging.eventhandling.processing.streaming.token.store.inmemory.InMemoryTokenStore$SegmentAndToken,org.axonframework.messaging.eventhandling.configuration.EventHandlingComponentsConfigurer$ComponentsPhase,org.axonframework.messaging.queryhandling.tracing.DefaultQueryUpdateEmitterSpanFactory,org.axonframework.messaging.core.annotation.MessageStreamResolverUtils,org.axonframework.common.configuration.ComponentOverrideException","KotlinVersion,MessageConverter,InterceptingEventHandlingComponent,InMemoryTokenStore$SegmentAndToken,EventHandlingComponentsConfigurer$ComponentsPhase,DefaultQueryUpdateEmitterSpanFactory,MessageStreamResolverUtils,ComponentOverrideException",""
"communityMaximumKCutId",43,11,"org.axonframework.update.detection.TestEnvironmentDetector,org.axonframework.modelling.entity.EntityCommandHandlingComponent,org.axonframework.test.util.CallbackBehavior,org.axonframework.messaging.monitoring.configuration.DefaultMessageMonitorRegistry$4,org.axonframework.messaging.monitoring.interception.MonitoringEventDispatchInterceptor,org.axonframework.messaging.eventhandling.processing.streaming.token.store.UnableToInitializeTokenException,org.axonframework.messaging.eventhandling.processing.streaming.token.store.jpa.JpaTokenStoreConfiguration,org.axonframework.messaging.core.QueueMessageStream,org.axonframework.messaging.queryhandling.SimpleQueryUpdateEmitter,org.axonframework.messaging.core.correlation.MessageOriginProvider,org.axonframework.common.caching.NoCache","TestEnvironmentDetector,EntityCommandHandlingComponent,CallbackBehavior,DefaultMessageMonitorRegistry$4,MonitoringEventDispatchInterceptor,UnableToInitializeTokenException,JpaTokenStoreConfiguration,QueueMessageStream,SimpleQueryUpdateEmitter,MessageOriginProvider,NoCache",""
"communityMaximumKCutId",55,9,"org.axonframework.update.configuration.UsagePropertyProvider,org.axonframework.modelling.entity.annotation.RoutingKeyUtils,org.axonframework.extension.metrics.micrometer.springboot.MetricsProperties,org.axonframework.messaging.core.unitofwork.ProcessingContext,org.axonframework.messaging.eventstreaming.StreamingCondition,org.axonframework.messaging.core.ExecutionException,org.axonframework.messaging.core.interception.annotation.MessageHandlerInterceptor,org.axonframework.common.configuration.ComponentLifecycleHandler,org.axonframework.common.configuration.ComponentFactory","UsagePropertyProvider,RoutingKeyUtils,MetricsProperties,ProcessingContext,StreamingCondition,ExecutionException,MessageHandlerInterceptor,ComponentLifecycleHandler,ComponentFactory",""
"communityMaximumKCutId",25,14,"org.axonframework.update.configuration.EnvironmentVariableUsagePropertyProvider$EnvironmentVariableSupplier,org.axonframework.modelling.entity.PolymorphicEntityMetamodel,org.axonframework.modelling.annotation.EntityIdResolverDefinition,org.axonframework.test.matchers.DeepEqualsMatcher,org.axonframework.messaging.monitoring.interception.MonitoringSubscriptionQueryUpdateDispatchInterceptor,org.axonframework.messaging.core.interception.annotation.MessageHandlerInterceptorMemberChain,org.axonframework.messaging.core.annotation.SequencingPolicy,org.axonframework.messaging.eventhandling.processing.streaming.token.store.inmemory.InMemoryTokenStore$ProcessAndSegmentId,org.axonframework.messaging.core.unitofwork.SimpleUnitOfWorkFactory,org.axonframework.messaging.queryhandling.tracing.QueryBusSpanFactory,org.axonframework.messaging.core.annotation.HandlerComparator,org.axonframework.messaging.core.annotation.ClasspathHandlerEnhancerDefinition,org.axonframework.common.property.DirectPropertyAccessStrategy,org.axonframework.common.configuration.ConfigurationEnhancer","EnvironmentVariableUsagePropertyProvider$EnvironmentVariableSupplier,PolymorphicEntityMetamodel,EntityIdResolverDefinition,DeepEqualsMatcher,MonitoringSubscriptionQueryUpdateDispatchInterceptor,MessageHandlerInterceptorMemberChain,SequencingPolicy,InMemoryTokenStore$ProcessAndSegmentId,SimpleUnitOfWorkFactory,QueryBusSpanFactory,HandlerComparator,ClasspathHandlerEnhancerDefinition,DirectPropertyAccessStrategy,ConfigurationEnhancer",""
"communityMaximumKCutId",67,10,"org.axonframework.update.api.DetectedVulnerability,org.axonframework.modelling.EntityIdResolver,org.axonframework.messaging.queryhandling.QueryMessage,org.axonframework.messaging.eventhandling.conversion.DelegatingEventConverter,org.axonframework.messaging.eventhandling.configuration.DefaultEventHandlingComponentsConfigurer,org.axonframework.messaging.core.annotation.HandlerTypeResolver,org.axonframework.messaging.core.correlation.DefaultCorrelationDataProviderRegistry,org.axonframework.common.tx.TransactionalExecutor,org.axonframework.common.property.DirectlyAccessedProperty,org.axonframework.common.util.PriorityRunnable","DetectedVulnerability,EntityIdResolver,QueryMessage,DelegatingEventConverter,DefaultEventHandlingComponentsConfigurer,HandlerTypeResolver,DefaultCorrelationDataProviderRegistry,TransactionalExecutor,DirectlyAccessedProperty,PriorityRunnable",""
"communityMaximumKCutId",10,8,"io.axoniq.framework.springboot.service.connection.AxonServerDockerComposeConnectionDetailsFactory,org.axonframework.messaging.commandhandling.CommandBus,org.axonframework.messaging.eventhandling.processing.streaming.token.store.jdbc.JdbcTokenStoreConfiguration,org.axonframework.messaging.eventhandling.processing.streaming.token.store.jdbc.GenericTokenTableFactory,org.axonframework.messaging.eventstreaming.TrackingTokenSource,org.axonframework.messaging.eventhandling.processing.streaming.pooled.CoordinatorTask,org.axonframework.messaging.core.interception.HandlerInterceptorRegistry,io.axoniq.framework.axonserver.connector.util.GrpcMessageSizeWarningThresholdReachedException","AxonServerDockerComposeConnectionDetailsFactory,CommandBus,JdbcTokenStoreConfiguration,GenericTokenTableFactory,TrackingTokenSource,CoordinatorTask,HandlerInterceptorRegistry,GrpcMessageSizeWarningThresholdReachedException",""
"communityMaximumKCutId",75,5,"io.axoniq.framework.springboot.autoconfig.PostgresqlAutoConfiguration,org.axonframework.messaging.eventhandling.processing.streaming.pooled.DefaultWorkPackageEventFilter,org.axonframework.messaging.eventhandling.processing.streaming.pooled.Coordinator$CoordinationTask,org.axonframework.messaging.queryhandling.QueryUpdateEmitterParameterResolverFactory$1,org.axonframework.messaging.core.annotation.AggregateType","PostgresqlAutoConfiguration,DefaultWorkPackageEventFilter,Coordinator$CoordinationTask,QueryUpdateEmitterParameterResolverFactory$1,AggregateType",""
"communityMaximumKCutId",64,14,"org.axonframework.modelling.EntityIdResolutionException,org.axonframework.modelling.entity.EntityMetamodelBuilder,org.axonframework.modelling.HierarchicalStateManager,org.axonframework.modelling.repository.InMemoryRepository,org.axonframework.test.matchers.MapStringEntryMatcher$Matching,org.axonframework.messaging.eventhandling.EventHandler,org.axonframework.messaging.eventhandling.replay.annotation.DisallowReplay,org.axonframework.messaging.eventhandling.InterceptingEventSink,org.axonframework.messaging.eventhandling.EventSubscribers,org.axonframework.messaging.core.CompletionCallbackMessageStream$Single,org.axonframework.messaging.core.unitofwork.transaction.jpa.EntityManagerTransactionManager$2,org.axonframework.messaging.core.timeout.HandlerTimeoutConfiguration,org.axonframework.common.configuration.DefaultAxonApplication$LifecycleState,org.axonframework.common.configuration.ComponentNotFoundException","EntityIdResolutionException,EntityMetamodelBuilder,HierarchicalStateManager,InMemoryRepository,MapStringEntryMatcher$Matching,EventHandler,DisallowReplay,InterceptingEventSink,EventSubscribers,CompletionCallbackMessageStream$Single,EntityManagerTransactionManager$2,HandlerTimeoutConfiguration,DefaultAxonApplication$LifecycleState,ComponentNotFoundException",""
"communityMaximumKCutId",72,6,"org.axonframework.modelling.SimpleEntityEvolvingComponent,org.axonframework.messaging.core.annotation.HandlerDefinition,org.axonframework.messaging.queryhandling.interception.InterceptingQueryBus$InterceptingHandler,org.axonframework.messaging.core.FluxUtils,org.axonframework.messaging.core.annotation.DefaultParameterResolverFactory$MetadataParameterResolver,org.axonframework.messaging.core.annotation.MessageIdentifierParameterResolverFactory$MessageIdentifierParameterResolver","SimpleEntityEvolvingComponent,HandlerDefinition,InterceptingQueryBus$InterceptingHandler,FluxUtils,DefaultParameterResolverFactory$MetadataParameterResolver,MessageIdentifierParameterResolverFactory$MessageIdentifierParameterResolver",""
"communityMaximumKCutId",22,9,"org.axonframework.modelling.annotation.AnnotationBasedEntityIdResolver,org.axonframework.test.util.DescriptionUtils,org.axonframework.test.util.MessageMonitorReport$Report$Success,org.axonframework.messaging.core.MessageStream,org.axonframework.messaging.eventhandling.processing.streaming.pooled.PooledStreamingEventProcessor$SegmentToken,org.axonframework.messaging.core.interception.DispatchInterceptorRegistry,org.axonframework.messaging.core.DelayedMessageStream$Empty,io.axoniq.framework.axonserver.connector.api.AxonServerConnectionManager,org.axonframework.common.configuration.ComponentRegistry","AnnotationBasedEntityIdResolver,DescriptionUtils,MessageMonitorReport$Report$Success,MessageStream,PooledStreamingEventProcessor$SegmentToken,DispatchInterceptorRegistry,DelayedMessageStream$Empty,AxonServerConnectionManager,ComponentRegistry",""
"communityMaximumKCutId",52,13,"org.axonframework.modelling.repository.ManagedEntity,org.axonframework.test.util.RecordingMessageMonitor,org.axonframework.test.matchers.SequenceMatcher,org.axonframework.test.matchers.PayloadsMatcher,org.axonframework.test.matchers.AllFieldsFilter,org.axonframework.messaging.core.ResultMessage,org.axonframework.messaging.eventhandling.EventHandlerRegistry,org.axonframework.messaging.eventhandling.replay.ReplayBlockingEventHandlingComponent,org.axonframework.messaging.eventhandling.configuration.EventHandlingComponentsConfigurer$RequiredComponentPhase,org.axonframework.messaging.eventstreaming.OrEventCriteriaBuilder,org.axonframework.messaging.core.AbstractMessageStream$FetchResult$NotReady,org.axonframework.messaging.core.DelayedMessageStream$Single,org.axonframework.messaging.core.interception.LoggingInterceptor","ManagedEntity,RecordingMessageMonitor,SequenceMatcher,PayloadsMatcher,AllFieldsFilter,ResultMessage,EventHandlerRegistry,ReplayBlockingEventHandlingComponent,EventHandlingComponentsConfigurer$RequiredComponentPhase,OrEventCriteriaBuilder,AbstractMessageStream$FetchResult$NotReady,DelayedMessageStream$Single,LoggingInterceptor",""
"communityMaximumKCutId",89,10,"org.axonframework.modelling.LoadedEntityNotOfExpectedTypeException,org.axonframework.modelling.configuration.StateBasedEntityModule,org.axonframework.messaging.commandhandling.interception.CommandSequencingInterceptor,org.axonframework.messaging.core.LegacyResources,org.axonframework.messaging.eventhandling.configuration.EventProcessorConfiguration,org.axonframework.messaging.eventhandling.processing.streaming.segmenting.SequenceCachingEventHandlingComponent,org.axonframework.messaging.core.ConfigurationApplicationContext,org.axonframework.messaging.eventhandling.processing.subscribing.SubscribingEventProcessor,org.axonframework.messaging.core.annotation.ChainedMessageHandlerInterceptorMember,org.axonframework.common.property.PropertyAccessStrategy","LoadedEntityNotOfExpectedTypeException,StateBasedEntityModule,CommandSequencingInterceptor,LegacyResources,EventProcessorConfiguration,SequenceCachingEventHandlingComponent,ConfigurationApplicationContext,SubscribingEventProcessor,ChainedMessageHandlerInterceptorMember,PropertyAccessStrategy",""
"communityMaximumKCutId",97,9,"org.axonframework.modelling.annotation.InjectEntity,org.axonframework.modelling.entity.ConcreteEntityMetamodel$Builder,org.axonframework.test.fixture.AxonTestPhase$Setup,org.axonframework.messaging.core.annotation.MessageHandler,org.axonframework.messaging.core.annotation.AnnotatedHandlerInspector,org.axonframework.messaging.core.Metadata,io.axoniq.framework.axonserver.connector.query.AxonServerQueryBusConnector,io.axoniq.framework.axonserver.connector.event.AxonServerEventStorageEngine,org.axonframework.common.caching.AbstractCacheAdapter","InjectEntity,ConcreteEntityMetamodel$Builder,AxonTestPhase$Setup,MessageHandler,AnnotatedHandlerInspector,Metadata,AxonServerQueryBusConnector,AxonServerEventStorageEngine,AbstractCacheAdapter",""
"communityMaximumKCutId",12,7,"org.axonframework.modelling.entity.ChildEntityNotFoundException,org.axonframework.modelling.entity.child.SingleEntityChildMetamodel,org.axonframework.modelling.repository.Repository$LifecycleManagement,org.axonframework.messaging.eventhandling.processing.streaming.token.ReplayToken,org.axonframework.messaging.eventhandling.processing.streaming.pooled.Coordinator$RunState,org.axonframework.messaging.core.FilteringMessageStream,org.axonframework.common.jpa.SimpleEntityManagerProvider","ChildEntityNotFoundException,SingleEntityChildMetamodel,Repository$LifecycleManagement,ReplayToken,Coordinator$RunState,FilteringMessageStream,SimpleEntityManagerProvider",""
"communityMaximumKCutId",14,6,"org.axonframework.modelling.entity.EntityAlreadyExistsForCreationalCommandHandlerException,org.axonframework.messaging.core.interception.annotation.MessageHandlerInterceptorDefinition$ResultHandlingInterceptorMember,org.axonframework.messaging.core.unitofwork.transaction.jpa.JpaTransactionalExecutorProvider,org.axonframework.common.lifecycle.ShutdownLatch$ActivityHandle,org.axonframework.common.configuration.ComponentDefinition$2,org.axonframework.common.configuration.DecoratorDefinition$CompletedDecoratorDefinition","EntityAlreadyExistsForCreationalCommandHandlerException,MessageHandlerInterceptorDefinition$ResultHandlingInterceptorMember,JpaTransactionalExecutorProvider,ShutdownLatch$ActivityHandle,ComponentDefinition$2,DecoratorDefinition$CompletedDecoratorDefinition",""
"communityMaximumKCutId",37,9,"org.axonframework.modelling.configuration.StateBasedEntityModule$RepositoryPhase,org.axonframework.extension.tracing.opentelemetry.OpenTelemetrySpan,org.axonframework.messaging.eventhandling.GenericEventMessage,org.axonframework.messaging.eventhandling.processing.streaming.token.GapAwareTrackingToken,org.axonframework.messaging.queryhandling.QueryHandlerRegistry,org.axonframework.messaging.queryhandling.QueryPriorityCalculator,io.axoniq.framework.axonserver.connector.event.StreamingEventMessageStream,org.axonframework.common.property.Property,org.axonframework.common.configuration.AxonConfiguration","StateBasedEntityModule$RepositoryPhase,OpenTelemetrySpan,GenericEventMessage,GapAwareTrackingToken,QueryHandlerRegistry,QueryPriorityCalculator,StreamingEventMessageStream,Property,AxonConfiguration",""
"communityMaximumKCutId",32,10,"org.axonframework.test.fixture.AxonTestPhase$When$Event,org.axonframework.test.matchers.MapStringEntryMatcher,org.axonframework.messaging.commandhandling.tracing.TracingCommandBus,org.axonframework.messaging.eventhandling.processing.streaming.segmenting.Segment,org.axonframework.messaging.eventhandling.configuration.EventProcessorModule$CustomizationPhase,org.axonframework.messaging.eventhandling.configuration.EventHandlingComponentsConfigurer,org.axonframework.messaging.core.annotation.DefaultParameterResolverFactory$AnnotatedMetadataParameterResolver,org.axonframework.messaging.core.annotation.AnnotationMessageTypeResolver$AnnotationSpecification,org.axonframework.messaging.core.RemoteHandlingException,org.axonframework.common.property.MethodAccessedProperty","AxonTestPhase$When$Event,MapStringEntryMatcher,TracingCommandBus,Segment,EventProcessorModule$CustomizationPhase,EventHandlingComponentsConfigurer,DefaultParameterResolverFactory$AnnotatedMetadataParameterResolver,AnnotationMessageTypeResolver$AnnotationSpecification,RemoteHandlingException,MethodAccessedProperty",""
"communityMaximumKCutId",39,19,"org.axonframework.test.matchers.FieldFilter,org.axonframework.test.fixture.AxonTestThenNothing,org.axonframework.messaging.commandhandling.CommandHandler,org.axonframework.messaging.core.sequencing.HierarchicalSequencingPolicy,org.axonframework.messaging.eventhandling.conversion.EventConverter,org.axonframework.messaging.commandhandling.gateway.FutureCommandResult,org.axonframework.messaging.commandhandling.tracing.DefaultCommandBusSpanFactory,org.axonframework.messaging.eventhandling.annotation.MethodEventHandlerDefinition,org.axonframework.messaging.eventhandling.gateway.EventPublishingUtils,org.axonframework.messaging.eventhandling.processing.streaming.token.MergedTrackingToken,org.axonframework.messaging.eventhandling.processing.streaming.pooled.SplitTask,org.axonframework.messaging.eventhandling.processing.streaming.segmenting.RemovedTrackerStatus,org.axonframework.messaging.queryhandling.interception.InterceptingQueryBus$SubscribeToUpdatesInterceptingDispatcher,org.axonframework.messaging.core.annotation.ClasspathParameterResolverFactory,org.axonframework.messaging.core.MonoUtils,org.axonframework.messaging.core.interception.DispatchInterceptorFactory,io.axoniq.framework.axonserver.connector.api.AxonServerConfiguration$Eventhandling,org.axonframework.common.TypeReflectionUtils,org.axonframework.common.ExceptionUtils","FieldFilter,AxonTestThenNothing,CommandHandler,HierarchicalSequencingPolicy,EventConverter,FutureCommandResult,DefaultCommandBusSpanFactory,MethodEventHandlerDefinition,EventPublishingUtils,MergedTrackingToken,SplitTask,RemovedTrackerStatus,InterceptingQueryBus$SubscribeToUpdatesInterceptingDispatcher,ClasspathParameterResolverFactory,MonoUtils,DispatchInterceptorFactory,AxonServerConfiguration$Eventhandling,TypeReflectionUtils,ExceptionUtils",""
"communityMaximumKCutId",58,8,"org.axonframework.test.fixture.AxonTestWhen$Event,org.axonframework.messaging.core.MessageType,org.axonframework.messaging.core.HandlerExecutionException,org.axonframework.messaging.eventhandling.processing.streaming.segmenting.SegmentMatcher,org.axonframework.messaging.eventhandling.processing.streaming.pooled.WorkPackage$Builder,io.axoniq.framework.axonserver.connector.api.command.AxonServerRemoteCommandHandlingException,io.axoniq.framework.axonserver.connector.api.AxonServerConfiguration$EventStoreConfiguration,org.axonframework.common.caching.WeakReferenceCache$Entry","AxonTestWhen$Event,MessageType,HandlerExecutionException,SegmentMatcher,WorkPackage$Builder,AxonServerRemoteCommandHandlingException,AxonServerConfiguration$EventStoreConfiguration,WeakReferenceCache$Entry",""
"communityMaximumKCutId",28,10,"org.axonframework.test.fixture.AxonTestPhase,org.axonframework.test.FixtureResourceParameterResolverFactory,org.axonframework.messaging.eventhandling.annotation.EventAppenderParameterResolverFactory,org.axonframework.messaging.eventhandling.annotation.Event,org.axonframework.messaging.queryhandling.annotation.AnnotatedQueryHandlingComponent,org.axonframework.messaging.core.interception.DefaultDispatchInterceptorRegistry,io.axoniq.framework.axonserver.connector.api.query.AxonServerQueryDispatchException,io.axoniq.framework.axonserver.connector.util.GrpcMessageSizeInterceptor$1,org.axonframework.common.infra.FilesystemStyleComponentDescriptor$TreeRenderer,org.axonframework.common.lock.PessimisticLockFactory$DisposableLock","AxonTestPhase,FixtureResourceParameterResolverFactory,EventAppenderParameterResolverFactory,Event,AnnotatedQueryHandlingComponent,DefaultDispatchInterceptorRegistry,AxonServerQueryDispatchException,GrpcMessageSizeInterceptor$1,FilesystemStyleComponentDescriptor$TreeRenderer,PessimisticLockFactory$DisposableLock",""
"communityMaximumKCutId",51,4,"org.axonframework.test.matchers.MatchAllFieldFilter,org.axonframework.messaging.core.timeout.AxonTimeoutException,org.axonframework.common.lock.NoOpLock,org.axonframework.common.configuration.InstantiatedComponentDefinition","MatchAllFieldFilter,AxonTimeoutException,NoOpLock,InstantiatedComponentDefinition",""
"communityMaximumKCutId",19,5,"org.axonframework.messaging.eventhandling.EventMessage,org.axonframework.messaging.commandhandling.tracing.TracingCommandBus$TracingHandler,org.axonframework.messaging.queryhandling.GenericQueryMessage,org.axonframework.common.jpa.EntityManagerProvider,org.axonframework.common.configuration.DefaultComponentRegistry$LocalConfiguration","EventMessage,TracingCommandBus$TracingHandler,GenericQueryMessage,EntityManagerProvider,DefaultComponentRegistry$LocalConfiguration",""
"communityMaximumKCutId",60,12,"org.axonframework.messaging.commandhandling.GenericCommandResultMessage,org.axonframework.messaging.commandhandling.annotation.CommandHandlingMember,org.axonframework.messaging.eventhandling.processing.streaming.token.store.jdbc.PostgresTokenTableFactory,org.axonframework.messaging.eventhandling.processing.streaming.segmenting.AddedTrackerStatus,org.axonframework.messaging.queryhandling.tracing.DefaultQueryBusSpanFactory$Builder,org.axonframework.messaging.core.ConversionCache$Target,org.axonframework.messaging.core.interception.DefaultDispatchInterceptorRegistry$GenericInterceptorDefinition,org.axonframework.messaging.core.configuration.MessagingConfigurationDefaults,org.axonframework.messaging.core.HierarchicalMessageTypeResolver,io.axoniq.framework.axonserver.connector.util.GrpcMessageSizeInterceptor,org.axonframework.common.configuration.Module,org.axonframework.common.configuration.DecoratorDefinition$1","GenericCommandResultMessage,CommandHandlingMember,PostgresTokenTableFactory,AddedTrackerStatus,DefaultQueryBusSpanFactory$Builder,ConversionCache$Target,DefaultDispatchInterceptorRegistry$GenericInterceptorDefinition,MessagingConfigurationDefaults,HierarchicalMessageTypeResolver,GrpcMessageSizeInterceptor,Module,DecoratorDefinition$1",""
