"propertyName","propertyValue","codeUnits","codeUnitNames","shortCodeUnitNames","Source Cypher File: Dependencies_Projection/Dependencies_8_Stream_Mutated_Grouped.cypher"
"communityMaximumKCutId",65,23,"org.axonframework.actuator.axonserver.AxonServerStatusAggregator,org.axonframework.messaging.timeout.TaskTimeoutSettings,org.axonframework.springboot.autoconfig.AxonTimeoutAutoConfiguration,org.axonframework.commandhandling.gateway.DefaultCommandGateway,org.axonframework.serialization.json.JacksonSerializer$Builder,org.axonframework.eventhandling.DefaultEventProcessorSpanFactory,org.axonframework.eventsourcing.conflictresolution.ConflictResolver,org.axonframework.eventsourcing.IncompatibleAggregateException,org.axonframework.eventsourcing.eventstore.jdbc.statements.CreateHeadTokenStatementBuilder,org.axonframework.config.ConfigurationResourceInjector,org.axonframework.eventhandling.EventProcessor,org.axonframework.eventhandling.ErrorHandler,org.axonframework.eventhandling.TrackingEventProcessor,org.axonframework.eventhandling.replay.ReplayParameterResolverFactory$1,org.axonframework.eventhandling.deadletter.jpa.JpaSequencedDeadLetterQueue$1,org.axonframework.messaging.responsetypes.ConvertingResponseMessage,org.axonframework.queryhandling.GenericQueryResponseMessage,org.axonframework.serialization.upcasting.SingleEntryMultiUpcaster,org.axonframework.serialization.upcasting.event.SingleEventUpcaster,org.axonframework.axonserver.connector.util.GrpcMessageSizeInterceptor,org.axonframework.axonserver.connector.TopologyChange$HandlerSubscription,org.axonframework.axonserver.connector.util.GrpcSerializedObject,org.axonframework.axonserver.connector.command.AxonServerCommandBus$CommandProcessingTask","AxonServerStatusAggregator,TaskTimeoutSettings,AxonTimeoutAutoConfiguration,DefaultCommandGateway,JacksonSerializer$Builder,DefaultEventProcessorSpanFactory,ConflictResolver,IncompatibleAggregateException,CreateHeadTokenStatementBuilder,ConfigurationResourceInjector,EventProcessor,ErrorHandler,TrackingEventProcessor,ReplayParameterResolverFactory$1,JpaSequencedDeadLetterQueue$1,ConvertingResponseMessage,GenericQueryResponseMessage,SingleEntryMultiUpcaster,SingleEventUpcaster,GrpcMessageSizeInterceptor,TopologyChange$HandlerSubscription,GrpcSerializedObject,AxonServerCommandBus$CommandProcessingTask",""
"communityMaximumKCutId",56,16,"org.axonframework.actuator.HealthStatus,org.axonframework.springboot.autoconfig.JdbcAutoConfiguration,org.axonframework.eventhandling.EventMessage,org.axonframework.messaging.correlation.CorrelationDataProvider,org.axonframework.modelling.command.AggregateLifecycle,org.axonframework.eventsourcing.eventstore.jdbc.statements.CreateTailTokenStatementBuilder,org.axonframework.util.HandlerTypeResolver,org.axonframework.messaging.unitofwork.ExecutionResult,org.axonframework.commandhandling.MethodCommandHandlerDefinition$MethodCommandMessageHandlingMember,org.axonframework.common.transaction.NoTransactionManager$1,org.axonframework.commandhandling.FailingDuplicateCommandHandlerResolver,org.axonframework.serialization.SimpleSerializedType,org.axonframework.commandhandling.distributed.commandfilter.NegateCommandMessageFilter,org.axonframework.commandhandling.gateway.RetryScheduler,org.axonframework.messaging.deadletter.DoNotEnqueue,org.axonframework.axonserver.connector.processor.EventProcessorControlService","HealthStatus,JdbcAutoConfiguration,EventMessage,CorrelationDataProvider,AggregateLifecycle,CreateTailTokenStatementBuilder,HandlerTypeResolver,ExecutionResult,MethodCommandHandlerDefinition$MethodCommandMessageHandlingMember,NoTransactionManager$1,FailingDuplicateCommandHandlerResolver,SimpleSerializedType,NegateCommandMessageFilter,RetryScheduler,DoNotEnqueue,EventProcessorControlService",""
"communityMaximumKCutId",46,8,"org.axonframework.actuator.axonserver.AxonServerHealthIndicator,org.axonframework.axonserver.connector.command.CommandPriorityCalculator,org.axonframework.common.ExceptionUtils,org.axonframework.disruptor.commandhandling.EventPublisher$ReportResultTask,org.axonframework.commandhandling.distributed.ConsistentHash$1,org.axonframework.eventhandling.pooled.MergeTask,org.axonframework.updates.detection.MachineId,org.axonframework.axonserver.connector.heartbeat.HeartbeatMonitor","AxonServerHealthIndicator,CommandPriorityCalculator,ExceptionUtils,EventPublisher$ReportResultTask,ConsistentHash$1,MergeTask,MachineId,HeartbeatMonitor",""
"communityMaximumKCutId",0,62,"org.axonframework.axonserver.connector.AxonServerConnectionManager,org.axonframework.springboot.TagsConfigurationProperties,org.axonframework.eventsourcing.eventstore.legacyjpa.JpaEventStorageEngine,org.axonframework.eventhandling.deadletter.legacyjpa.JpaSequencedDeadLetterQueue,org.axonframework.modelling.saga.repository.legacyjpa.JpaSagaStore,org.axonframework.springboot.util.DeadLetterQueueProviderConfigurerModule,org.axonframework.eventhandling.tokenstore.jpa.JpaTokenStore$Builder,org.axonframework.springboot.autoconfig.AxonDbSchedulerAutoConfiguration,org.axonframework.messaging.MessageHandlerInterceptorSupport,org.axonframework.messaging.MessageDispatchInterceptorSupport,org.axonframework.eventsourcing.eventstore.jpa.JpaEventStorageEngine,org.axonframework.common.jdbc.ConnectionProvider,org.axonframework.commandhandling.gateway.DefaultCommandGateway$Builder,org.axonframework.eventhandling.TrackingEventProcessorConfiguration,org.axonframework.axonserver.connector.event.axon.PersistentStreamSequencingPolicyProvider,org.axonframework.tracing.TracingHandlerEnhancerDefinition$Builder,org.axonframework.messaging.annotation.HandlerEnhancerDefinition,org.axonframework.deadline.DefaultDeadlineManagerSpanFactory,org.axonframework.eventhandling.DefaultEventBusSpanFactory$Builder,org.axonframework.test.matchers.Matchers,org.axonframework.test.utils.RecordingCommandBus,org.axonframework.common.AxonNonTransientException,org.axonframework.modelling.saga.AnnotatedSagaManager,org.axonframework.modelling.command.Repository,org.axonframework.modelling.command.inspection.AnnotatedAggregateMetaModelFactory,org.axonframework.eventsourcing.snapshotting.SnapshotFilter,org.axonframework.monitoring.MessageMonitor,org.axonframework.eventsourcing.eventstore.SequenceEventStorageEngine,org.axonframework.eventsourcing.eventstore.legacyjpa.EmbeddedEventStore$Node,org.axonframework.deadline.SimpleDeadlineManager,org.axonframework.config.LifecycleOperations,org.axonframework.messaging.unitofwork.RollbackConfigurationType,org.axonframework.config.EventProcessingModule$InstanceProcessingGroupSelector,org.axonframework.modelling.saga.EndSagaMessageHandlerDefinition$EndSageMessageHandlingMember,org.axonframework.modelling.command.inspection.MethodCommandHandlerInterceptorDefinition$MethodCommandHandlerInterceptorHandlingMember,org.axonframework.common.AxonTransientException,org.axonframework.messaging.interceptors.MessageHandlerInterceptor,org.axonframework.modelling.command.AggregateIdentifier,org.axonframework.modelling.command.ForwardNone,org.axonframework.modelling.saga.repository.jdbc.HsqlSagaSqlSchema,org.axonframework.messaging.annotation.MessageHandlerInterceptorDefinition$ResultHandlingInterceptorMember,org.axonframework.messaging.annotation.MessageHandlerInterceptorDefinition$InterceptedMessageHandlingMember,org.axonframework.messaging.annotation.ScopeDescriptorParameterResolverFactory$ScopeDescriptorParameterResolver,org.axonframework.commandhandling.distributed.MetaDataRoutingStrategy,org.axonframework.commandhandling.gateway.AbstractRetryScheduler,org.axonframework.common.jpa.PagingJpaQueryIterable,org.axonframework.eventhandling.StreamingEventProcessor,org.axonframework.eventhandling.deadletter.DeadLetteredEventProcessingTask,org.axonframework.messaging.deadletter.Ignore,org.axonframework.eventhandling.deadletter.legacyjpa.EventMessageDeadLetterJpaConverter,org.axonframework.eventhandling.pooled.Coordinator$NoToken,org.axonframework.eventhandling.tokenstore.jdbc.TokenSchema$1,org.axonframework.eventhandling.tokenstore.jpa.TokenEntry,org.axonframework.messaging.responsetypes.AbstractResponseType,org.axonframework.queryhandling.QueryResponseMessage,org.axonframework.queryhandling.SubscriptionQueryMessage,org.axonframework.queryhandling.GenericQueryMessage,org.axonframework.queryhandling.SinkWrapper,org.axonframework.queryhandling.SimpleQueryBus$ErrorIfComplete,org.axonframework.axonserver.connector.AxonServerConfiguration$Builder,org.axonframework.axonserver.connector.query.GrpcBackedQueryMessage,org.axonframework.axonserver.connector.event.axon.PersistentStreamConnection$1","AxonServerConnectionManager,TagsConfigurationProperties,JpaEventStorageEngine,JpaSequencedDeadLetterQueue,JpaSagaStore,DeadLetterQueueProviderConfigurerModule,JpaTokenStore$Builder,AxonDbSchedulerAutoConfiguration,MessageHandlerInterceptorSupport,MessageDispatchInterceptorSupport,ConnectionProvider,DefaultCommandGateway$Builder,TrackingEventProcessorConfiguration,PersistentStreamSequencingPolicyProvider,TracingHandlerEnhancerDefinition$Builder,HandlerEnhancerDefinition,DefaultDeadlineManagerSpanFactory,DefaultEventBusSpanFactory$Builder,Matchers,RecordingCommandBus,AxonNonTransientException,AnnotatedSagaManager,Repository,AnnotatedAggregateMetaModelFactory,SnapshotFilter,MessageMonitor,SequenceEventStorageEngine,EmbeddedEventStore$Node,SimpleDeadlineManager,LifecycleOperations,RollbackConfigurationType,EventProcessingModule$InstanceProcessingGroupSelector,EndSagaMessageHandlerDefinition$EndSageMessageHandlingMember,MethodCommandHandlerInterceptorDefinition$MethodCommandHandlerInterceptorHandlingMember,AxonTransientException,MessageHandlerInterceptor,AggregateIdentifier,ForwardNone,HsqlSagaSqlSchema,MessageHandlerInterceptorDefinition$ResultHandlingInterceptorMember,MessageHandlerInterceptorDefinition$InterceptedMessageHandlingMember,ScopeDescriptorParameterResolverFactory$ScopeDescriptorParameterResolver,MetaDataRoutingStrategy,AbstractRetryScheduler,PagingJpaQueryIterable,StreamingEventProcessor,DeadLetteredEventProcessingTask,Ignore,EventMessageDeadLetterJpaConverter,Coordinator$NoToken,TokenSchema$1,TokenEntry,AbstractResponseType,QueryResponseMessage,SubscriptionQueryMessage,GenericQueryMessage,SinkWrapper,SimpleQueryBus$ErrorIfComplete,AxonServerConfiguration$Builder,GrpcBackedQueryMessage,PersistentStreamConnection$1",""
"communityMaximumKCutId",33,14,"org.axonframework.springboot.DistributedCommandBusProperties,org.axonframework.eventhandling.async.SequencingPolicy,org.axonframework.test.eventscheduler.EventSchedulerValidator,org.axonframework.messaging.annotation.SimpleResourceParameterResolverFactory,org.axonframework.eventsourcing.eventstore.legacyjpa.EmbeddedEventStore$EventConsumer,org.axonframework.modelling.saga.AbstractSagaManager,org.axonframework.config.EventProcessingModule$ProcessingGroupSelector,org.axonframework.disruptor.commandhandling.DisruptorCommandBus$DisruptorRepository,org.axonframework.commandhandling.distributed.commandfilter.CommandNameFilter,org.axonframework.common.caching.EhCache3Adapter$CacheEventListenerAdapter,org.axonframework.queryhandling.CompletedEmitterException,org.axonframework.serialization.json.ObjectNodeToJsonNodeConverter,org.axonframework.axonserver.connector.util.TokenAddingInterceptor$1,org.axonframework.axonserver.connector.event.axon.EventBuffer","DistributedCommandBusProperties,SequencingPolicy,EventSchedulerValidator,SimpleResourceParameterResolverFactory,EmbeddedEventStore$EventConsumer,AbstractSagaManager,EventProcessingModule$ProcessingGroupSelector,DisruptorCommandBus$DisruptorRepository,CommandNameFilter,EhCache3Adapter$CacheEventListenerAdapter,CompletedEmitterException,ObjectNodeToJsonNodeConverter,TokenAddingInterceptor$1,EventBuffer",""
"communityMaximumKCutId",41,15,"org.axonframework.springboot.DistributedCommandBusProperties$SpringCloudProperties,org.axonframework.axonserver.connector.command.CommandLoadFactorProvider,org.axonframework.serialization.JavaSerializer$Builder,org.axonframework.springboot.autoconfig.OpenTelemetryAutoConfiguration,org.axonframework.modelling.saga.repository.inmemory.InMemorySagaStore,org.axonframework.test.aggregate.AggregateTestFixture$RecordingEventStore,org.axonframework.modelling.command.LockingRepository$Builder,org.axonframework.serialization.SerializedType,org.axonframework.util.MavenArtifactVersionResolver,org.axonframework.messaging.annotation.AggregateTypeParameterResolverFactory,org.axonframework.serialization.CannotConvertBetweenTypesException,org.axonframework.commandhandling.callbacks.FutureCallback,org.axonframework.commandhandling.distributed.commandfilter.OrCommandMessageFilter,org.axonframework.common.jdbc.ConnectionWrapperFactory$ConnectionCloseHandler,org.axonframework.serialization.avro.SchemaIncompatibilityChecker","DistributedCommandBusProperties$SpringCloudProperties,CommandLoadFactorProvider,JavaSerializer$Builder,OpenTelemetryAutoConfiguration,InMemorySagaStore,AggregateTestFixture$RecordingEventStore,LockingRepository$Builder,SerializedType,MavenArtifactVersionResolver,AggregateTypeParameterResolverFactory,CannotConvertBetweenTypesException,FutureCallback,OrCommandMessageFilter,ConnectionWrapperFactory$ConnectionCloseHandler,SchemaIncompatibilityChecker",""
"communityMaximumKCutId",4,14,"org.axonframework.springboot.DistributedCommandBusProperties$JGroupsProperties,org.axonframework.eventhandling.EventBus,org.axonframework.springboot.autoconfig.AxonTracingAutoConfiguration,org.axonframework.axonserver.connector.query.AxonServerQueryBus,org.axonframework.deadline.jobrunr.JobRunrDeadlineManager$Builder,org.axonframework.modelling.command.AggregateAnnotationCommandHandler$Builder,org.axonframework.eventsourcing.eventstore.EmbeddedEventStore$1,org.axonframework.commandhandling.MethodCommandHandlerDefinition,org.axonframework.common.MemberAccessibilityCallback,org.axonframework.common.jdbc.PagingJdbcIterable$PagingIterator,org.axonframework.messaging.deadletter.DeadLetterQueueOverflowException,org.axonframework.tracing.TracingHandlerEnhancerDefinition$1,org.axonframework.tracing.LoggingSpanFactory$1,org.axonframework.tracing.MultiSpanFactory","DistributedCommandBusProperties$JGroupsProperties,EventBus,AxonTracingAutoConfiguration,AxonServerQueryBus,JobRunrDeadlineManager$Builder,AggregateAnnotationCommandHandler$Builder,EmbeddedEventStore$1,MethodCommandHandlerDefinition,MemberAccessibilityCallback,PagingJdbcIterable$PagingIterator,DeadLetterQueueOverflowException,TracingHandlerEnhancerDefinition$1,LoggingSpanFactory$1,MultiSpanFactory",""
"communityMaximumKCutId",90,13,"org.axonframework.springboot.DistributedCommandBusProperties$JGroupsProperties$Gossip,org.axonframework.deadline.dbscheduler.DbSchedulerDeadlineManager$Builder,org.axonframework.eventhandling.EventBusSpanFactory,org.axonframework.test.matchers.ListWithAnyOfMatcher,org.axonframework.serialization.upcasting.event.InitialEventRepresentation,org.axonframework.eventhandling.GapAwareTrackingToken,org.axonframework.queryhandling.annotation.AnnotationQueryHandlerAdapter,org.axonframework.modelling.command.AbstractRepository,org.axonframework.messaging.unitofwork.RollbackConfigurationType$4,org.axonframework.messaging.ExecutionException,org.axonframework.serialization.upcasting.event.ContextAwareSingleEventUpcaster,org.axonframework.axonserver.connector.query.GrpcBackedResponseMessage,org.axonframework.axonserver.connector.query.subscription.AxonServerSubscriptionQueryResult","DistributedCommandBusProperties$JGroupsProperties$Gossip,DbSchedulerDeadlineManager$Builder,EventBusSpanFactory,ListWithAnyOfMatcher,InitialEventRepresentation,GapAwareTrackingToken,AnnotationQueryHandlerAdapter,AbstractRepository,RollbackConfigurationType$4,ExecutionException,ContextAwareSingleEventUpcaster,GrpcBackedResponseMessage,AxonServerSubscriptionQueryResult",""
"communityMaximumKCutId",95,16,"org.axonframework.springboot.service.connection.PropertiesAxonServerConnectionDetails,org.axonframework.eventhandling.deadletter.legacyjpa.JpaSequencedDeadLetterQueue$Builder,org.axonframework.commandhandling.CommandMessage,org.axonframework.springboot.autoconfig.MetricsAutoConfiguration,org.axonframework.common.stream.BlockingStream,org.axonframework.test.aggregate.AggregateTestFixture$CreationalRepository,org.axonframework.eventsourcing.eventstore.FilteringDomainEventStream,org.axonframework.config.MessageMonitorFactory,org.axonframework.modelling.command.AggregateInvocationException,org.axonframework.modelling.saga.repository.jdbc.SagaSchema$Builder,org.axonframework.disruptor.commandhandling.CommandHandlingEntry$1,org.axonframework.commandhandling.distributed.Member,org.axonframework.eventhandling.pooled.WorkPackage$ProcessingEntry,org.axonframework.messaging.responsetypes.InstanceResponseType,org.axonframework.queryhandling.registration.LoggingDuplicateQueryHandlerResolver,org.axonframework.axonserver.connector.query.AxonServerQueryBus$LocalSegmentAdapter$1","PropertiesAxonServerConnectionDetails,JpaSequencedDeadLetterQueue$Builder,CommandMessage,MetricsAutoConfiguration,BlockingStream,AggregateTestFixture$CreationalRepository,FilteringDomainEventStream,MessageMonitorFactory,AggregateInvocationException,SagaSchema$Builder,CommandHandlingEntry$1,Member,WorkPackage$ProcessingEntry,InstanceResponseType,LoggingDuplicateQueryHandlerResolver,AxonServerQueryBus$LocalSegmentAdapter$1",""
"communityMaximumKCutId",37,16,"org.axonframework.axonserver.connector.AxonServerConfiguration,org.axonframework.axonserver.connector.ManagedChannelCustomizer,org.axonframework.eventhandling.tokenstore.jdbc.TokenSchema,org.axonframework.axonserver.connector.TopologyChangeListener,org.axonframework.updates.configuration.UsagePropertyProvider,org.axonframework.test.eventscheduler.StubScheduleToken,org.axonframework.eventhandling.LoggingErrorHandler,org.axonframework.test.matchers.MapEntryMatcher,org.axonframework.eventsourcing.eventstore.jdbc.statements.ReadSnapshotDataStatementBuilder,org.axonframework.modelling.command.inspection.ChildEntityDefinition,org.axonframework.modelling.command.ForwardingMode,org.axonframework.eventhandling.ResetNotSupportedException,org.axonframework.common.lock.DeadlockException,org.axonframework.lifecycle.ShutdownInProgressException,org.axonframework.serialization.ChainedConverter$1,org.axonframework.axonserver.connector.util.GrpcMessageSizeExceededException","AxonServerConfiguration,ManagedChannelCustomizer,TokenSchema,TopologyChangeListener,UsagePropertyProvider,StubScheduleToken,LoggingErrorHandler,MapEntryMatcher,ReadSnapshotDataStatementBuilder,ChildEntityDefinition,ForwardingMode,ResetNotSupportedException,DeadlockException,ShutdownInProgressException,ChainedConverter$1,GrpcMessageSizeExceededException",""
"communityMaximumKCutId",86,18,"org.axonframework.springboot.service.connection.AxonServerConnectionDetails,org.axonframework.springboot.util.jpa.ContainerManagedEntityManagerProvider,org.axonframework.tracing.SpanFactory,org.axonframework.test.saga.RecordingListenerInvocationErrorHandler,org.axonframework.test.utils.AutowiredResourceInjector,org.axonframework.modelling.saga.EndSagaMessageHandlerDefinition,org.axonframework.modelling.command.CommandHandlerInterceptor,org.axonframework.modelling.saga.Saga,org.axonframework.disruptor.commandhandling.DisruptorCommandBus$ExceptionHandler,org.axonframework.eventhandling.TrackingEventProcessor$SplitSegmentInstruction,org.axonframework.eventhandling.deadletter.legacyjpa.JpaDeadLetter,org.axonframework.eventhandling.pooled.SplitTask,org.axonframework.eventhandling.scheduling.jobrunr.JobRunrScheduleToken,org.axonframework.lifecycle.ShutdownLatch,org.axonframework.queryhandling.SubscriptionQueryResult,org.axonframework.queryhandling.QuerySubscription,org.axonframework.updates.detection.AxonVersionDetector,org.axonframework.axonserver.connector.InstructionAckSource","AxonServerConnectionDetails,ContainerManagedEntityManagerProvider,SpanFactory,RecordingListenerInvocationErrorHandler,AutowiredResourceInjector,EndSagaMessageHandlerDefinition,CommandHandlerInterceptor,Saga,DisruptorCommandBus$ExceptionHandler,TrackingEventProcessor$SplitSegmentInstruction,JpaDeadLetter,SplitTask,JobRunrScheduleToken,ShutdownLatch,SubscriptionQueryResult,QuerySubscription,AxonVersionDetector,InstructionAckSource",""
"communityMaximumKCutId",61,17,"org.axonframework.springboot.service.connection.AxonServerDockerComposeConnectionDetailsFactory,org.axonframework.modelling.saga.repository.jdbc.SagaSqlSchema,org.axonframework.eventhandling.deadletter.DeadLetteringEventHandlerInvoker$Builder,org.axonframework.axonserver.connector.event.axon.AxonServerEventScheduler$Builder,org.axonframework.test.deadline.StubDeadlineManager,org.axonframework.serialization.SerializedMessage,org.axonframework.eventsourcing.eventstore.jdbc.EventTableFactory,org.axonframework.modelling.command.CreationPolicyAggregateFactory,org.axonframework.common.property.BeanPropertyAccessStrategy,org.axonframework.deadline.annotation.DeadlineMethodMessageHandlerDefinition$1,org.axonframework.commandhandling.distributed.CommandDispatchException,org.axonframework.common.caching.Cache$EntryListenerAdapter,org.axonframework.eventhandling.replay.ResetContext,org.axonframework.eventhandling.EventTrackerStatusChangeListener,org.axonframework.eventhandling.tokenstore.UnableToRetrieveIdentifierException,org.axonframework.messaging.correlation.SimpleCorrelationDataProvider,org.axonframework.axonserver.connector.event.axon.QueryResultStream","AxonServerDockerComposeConnectionDetailsFactory,SagaSqlSchema,DeadLetteringEventHandlerInvoker$Builder,AxonServerEventScheduler$Builder,StubDeadlineManager,SerializedMessage,EventTableFactory,CreationPolicyAggregateFactory,BeanPropertyAccessStrategy,DeadlineMethodMessageHandlerDefinition$1,CommandDispatchException,Cache$EntryListenerAdapter,ResetContext,EventTrackerStatusChangeListener,UnableToRetrieveIdentifierException,SimpleCorrelationDataProvider,QueryResultStream",""
"communityMaximumKCutId",68,12,"org.axonframework.springboot.service.connection.AxonServerTestContainerConnectionDetailsFactory$AxonServerContainerConnectionDetails,org.axonframework.common.transaction.TransactionManager,org.axonframework.eventsourcing.eventstore.legacyjpa.SQLErrorCodesResolver,org.axonframework.commandhandling.CommandBus,org.axonframework.queryhandling.DefaultQueryGateway$Builder,org.axonframework.modelling.saga.AnnotatedSagaManager$Builder,org.axonframework.eventsourcing.eventstore.jdbc.statements.CreateTokenAtStatementBuilder,org.axonframework.modelling.saga.SagaCreationPolicy,org.axonframework.disruptor.commandhandling.AggregateStateCorruptedException,org.axonframework.eventhandling.AddedTrackerStatus,org.axonframework.eventhandling.scheduling.quartz.QuartzScheduleToken,org.axonframework.serialization.ChainedConverter$Route","AxonServerTestContainerConnectionDetailsFactory$AxonServerContainerConnectionDetails,TransactionManager,SQLErrorCodesResolver,CommandBus,DefaultQueryGateway$Builder,AnnotatedSagaManager$Builder,CreateTokenAtStatementBuilder,SagaCreationPolicy,AggregateStateCorruptedException,AddedTrackerStatus,QuartzScheduleToken,ChainedConverter$Route",""
"communityMaximumKCutId",25,17,"org.axonframework.test.server.AxonServerContainer,org.axonframework.eventhandling.scheduling.EventScheduler,org.axonframework.springboot.EventProcessorProperties$ProcessorSettings,org.axonframework.queryhandling.DefaultQueryBusSpanFactory$Builder,org.axonframework.lifecycle.Lifecycle$LifecycleRegistry,org.axonframework.messaging.MessageHandler,org.axonframework.test.aggregate.ResultValidator,org.axonframework.test.matchers.NonTransientFieldsFilter,org.axonframework.eventsourcing.conflictresolution.DefaultConflictDescription,org.axonframework.eventhandling.EventHandler,org.axonframework.common.CollectionUtils,org.axonframework.eventhandling.replay.ReplayParameterResolverFactory,org.axonframework.commandhandling.gateway.RetryingCallback$1,org.axonframework.common.lock.PessimisticLockFactory$Builder,org.axonframework.eventhandling.pooled.Coordinator$Builder,org.axonframework.axonserver.connector.event.axon.PersistentStreamConnection,org.axonframework.axonserver.connector.event.axon.QueryResult","AxonServerContainer,EventScheduler,EventProcessorProperties$ProcessorSettings,DefaultQueryBusSpanFactory$Builder,Lifecycle$LifecycleRegistry,MessageHandler,ResultValidator,NonTransientFieldsFilter,DefaultConflictDescription,EventHandler,CollectionUtils,ReplayParameterResolverFactory,RetryingCallback$1,PessimisticLockFactory$Builder,Coordinator$Builder,PersistentStreamConnection,QueryResult",""
"communityMaximumKCutId",55,16,"org.axonframework.springboot.service.connection.AxonServerTestContainerConnectionDetailsFactory,org.axonframework.springboot.SerializerProperties$SerializerType,org.axonframework.messaging.timeout.HandlerTimeoutHandlerEnhancerDefinition,org.axonframework.springboot.autoconfig.AvroSerializerAutoConfiguration$AvroConfiguredCondition$EventsAvroCondition,org.axonframework.modelling.saga.repository.jdbc.JdbcSagaStore,org.axonframework.axonserver.connector.event.axon.PersistentStreamMessageSourceFactory,org.axonframework.eventhandling.scheduling.jobrunr.JobRunrEventScheduler$Builder,org.axonframework.test.saga.SagaTestFixture$MutableFieldFilter,org.axonframework.config.DefaultConfigurer$ConfigurationImpl,org.axonframework.common.IdentifierValidator,org.axonframework.messaging.RemoteExceptionDescription,org.axonframework.common.caching.Cache$EntryListener,org.axonframework.common.legacyjpa.SimpleEntityManagerProvider,org.axonframework.eventhandling.deadletter.jdbc.DefaultDeadLetterJdbcConverter,org.axonframework.serialization.avro.DefaultSchemaIncompatibilityChecker,org.axonframework.serialization.upcasting.ContextAwareSingleEntryUpcaster","AxonServerTestContainerConnectionDetailsFactory,SerializerProperties$SerializerType,HandlerTimeoutHandlerEnhancerDefinition,AvroSerializerAutoConfiguration$AvroConfiguredCondition$EventsAvroCondition,JdbcSagaStore,PersistentStreamMessageSourceFactory,JobRunrEventScheduler$Builder,SagaTestFixture$MutableFieldFilter,DefaultConfigurer$ConfigurationImpl,IdentifierValidator,RemoteExceptionDescription,Cache$EntryListener,SimpleEntityManagerProvider,DefaultDeadLetterJdbcConverter,DefaultSchemaIncompatibilityChecker,ContextAwareSingleEntryUpcaster",""
"communityMaximumKCutId",75,14,"org.axonframework.springboot.TracingProperties$CommandBusProperties,org.axonframework.springboot.autoconfig.AvroSerializerAutoConfiguration,org.axonframework.eventsourcing.SnapshotterSpanFactory,org.axonframework.serialization.avro.AvroSerializer,org.axonframework.config.EventProcessingModule,org.axonframework.modelling.command.ApplyMore,org.axonframework.test.aggregate.AggregateTestFixture$InMemoryRepository,org.axonframework.eventsourcing.EventCountSnapshotTriggerDefinition,org.axonframework.modelling.command.AggregateRolledBackException,org.axonframework.modelling.command.ForwardMatchingInstances$NoProperty,org.axonframework.modelling.saga.SagaLifecycle,org.axonframework.modelling.saga.repository.jdbc.Oracle11SagaSqlSchema,org.axonframework.eventhandling.deadletter.jpa.EventMessageDeadLetterJpaConverter,org.axonframework.axonserver.connector.query.AxonServerQueryBus$ActivityFinisher","TracingProperties$CommandBusProperties,AvroSerializerAutoConfiguration,SnapshotterSpanFactory,AvroSerializer,EventProcessingModule,ApplyMore,AggregateTestFixture$InMemoryRepository,EventCountSnapshotTriggerDefinition,AggregateRolledBackException,ForwardMatchingInstances$NoProperty,SagaLifecycle,Oracle11SagaSqlSchema,EventMessageDeadLetterJpaConverter,AxonServerQueryBus$ActivityFinisher",""
"communityMaximumKCutId",24,11,"org.axonframework.springboot.MetricsProperties$Micrometer,org.axonframework.axonserver.connector.TargetContextResolver,org.axonframework.queryhandling.LoggingQueryInvocationErrorHandler$Builder,org.axonframework.test.saga.SagaTestFixture$AggregateEventPublisherImpl,org.axonframework.modelling.command.AggregateRoot,org.axonframework.disruptor.commandhandling.DisruptorCommandBus$Builder,org.axonframework.deadline.dbscheduler.DbSchedulerDeadlineManagerSupplier,org.axonframework.deadline.jobrunr.DeadlineDetails,org.axonframework.deadline.quartz.DeadlineJob$DeadlineJobDataBinder,org.axonframework.eventhandling.pooled.ClaimTask,org.axonframework.lifecycle.ShutdownLatch$ActivityHandle","MetricsProperties$Micrometer,TargetContextResolver,LoggingQueryInvocationErrorHandler$Builder,SagaTestFixture$AggregateEventPublisherImpl,AggregateRoot,DisruptorCommandBus$Builder,DbSchedulerDeadlineManagerSupplier,DeadlineDetails,DeadlineJob$DeadlineJobDataBinder,ClaimTask,ShutdownLatch$ActivityHandle",""
"communityMaximumKCutId",36,14,"org.axonframework.springboot.TokenStoreProperties,org.axonframework.springboot.autoconfig.AvroSerializerAutoConfiguration$AvroConfiguredCondition$MessagesAvroCondition,org.axonframework.springboot.autoconfig.ObjectMapperAutoConfiguration,org.axonframework.config.LifecycleHandlerInspector$1,org.axonframework.modelling.saga.SagaExecutionException,org.axonframework.commandhandling.gateway.CommandGatewayFactory$TypeSafeCallbackWrapper,org.axonframework.deadline.SimpleDeadlineManager$DeadlineTask,org.axonframework.deadline.dbscheduler.DeadlineManagerNotSuppliedException,org.axonframework.eventhandling.tokenstore.UnableToInitializeTokenException,org.axonframework.messaging.deadletter.WrongDeadLetterTypeException,org.axonframework.eventhandling.pooled.Coordinator$RunState,org.axonframework.eventhandling.scheduling.quartz.QuartzEventScheduler,org.axonframework.axonserver.connector.PriorityRunnable,org.axonframework.axonserver.connector.query.subscription.DisposableResult","TokenStoreProperties,AvroSerializerAutoConfiguration$AvroConfiguredCondition$MessagesAvroCondition,ObjectMapperAutoConfiguration,LifecycleHandlerInspector$1,SagaExecutionException,CommandGatewayFactory$TypeSafeCallbackWrapper,SimpleDeadlineManager$DeadlineTask,DeadlineManagerNotSuppliedException,UnableToInitializeTokenException,WrongDeadLetterTypeException,Coordinator$RunState,QuartzEventScheduler,PriorityRunnable,DisposableResult",""
"communityMaximumKCutId",58,15,"org.axonframework.springboot.SerializerProperties,org.axonframework.modelling.saga.repository.SagaStore,org.axonframework.springboot.util.legacyjpa.ContainerManagedEntityManagerProvider,org.axonframework.eventhandling.deadletter.jpa.JpaSequencedDeadLetterQueue$Builder,org.axonframework.test.aggregate.ResultValidatorImpl,org.axonframework.eventsourcing.eventstore.jdbc.EventSchema$1,org.axonframework.lifecycle.LifecycleHandlerInvocationException,org.axonframework.modelling.command.AggregateMember,org.axonframework.modelling.command.legacyjpa.GenericJpaRepository$Builder,org.axonframework.modelling.saga.MetaDataAssociationResolver,org.axonframework.disruptor.commandhandling.DisruptorUnitOfWork,org.axonframework.common.stream.StreamUtils$1,org.axonframework.eventhandling.TransactionMethodExecutionException,org.axonframework.eventhandling.scheduling.dbscheduler.DbSchedulerEventSchedulerSupplier,org.axonframework.serialization.upcasting.ContextAwareSingleEntryMultiUpcaster","SerializerProperties,SagaStore,ContainerManagedEntityManagerProvider,JpaSequencedDeadLetterQueue$Builder,ResultValidatorImpl,EventSchema$1,LifecycleHandlerInvocationException,AggregateMember,GenericJpaRepository$Builder,MetaDataAssociationResolver,DisruptorUnitOfWork,StreamUtils$1,TransactionMethodExecutionException,DbSchedulerEventSchedulerSupplier,ContextAwareSingleEntryMultiUpcaster",""
"communityMaximumKCutId",27,16,"org.axonframework.config.TagsConfiguration,org.axonframework.commandhandling.SimpleCommandBus,org.axonframework.messaging.StreamableMessageSource,org.axonframework.eventhandling.SimpleEventBus,org.axonframework.eventsourcing.DefaultSnapshotterSpanFactory$Builder,org.axonframework.queryhandling.DefaultQueryUpdateEmitterSpanFactory,org.axonframework.test.saga.FixtureExecutionResult,org.axonframework.test.saga.RepositoryContentValidator,org.axonframework.modelling.saga.repository.AnnotatedSagaRepository,org.axonframework.config.SagaConfiguration,org.axonframework.modelling.command.inspection.AggregateMetaModelFactory,org.axonframework.monitoring.NoOpMessageMonitor,org.axonframework.modelling.saga.SagaMethodMessageHandlerDefinition,org.axonframework.messaging.annotation.ResultParameterResolverFactory$ExceptionResultParameterResolver,org.axonframework.serialization.SerializationException,org.axonframework.eventhandling.deadletter.jpa.NoJpaConverterFoundException","TagsConfiguration,SimpleCommandBus,StreamableMessageSource,SimpleEventBus,DefaultSnapshotterSpanFactory$Builder,DefaultQueryUpdateEmitterSpanFactory,FixtureExecutionResult,RepositoryContentValidator,AnnotatedSagaRepository,SagaConfiguration,AggregateMetaModelFactory,NoOpMessageMonitor,SagaMethodMessageHandlerDefinition,ResultParameterResolverFactory$ExceptionResultParameterResolver,SerializationException,NoJpaConverterFoundException",""
"communityMaximumKCutId",48,12,"org.axonframework.springboot.TimeoutProperties$MessageHandlerTimeoutProperties,org.axonframework.springboot.autoconfig.legacyjpa.JpaJavaxEventStoreAutoConfiguration,org.axonframework.test.aggregate.AggregateTestFixture$1,org.axonframework.eventsourcing.eventstore.jdbc.statements.ReadEventDataWithoutGapsStatementBuilder,org.axonframework.modelling.command.AggregateAnnotationCommandHandler$AggregateCommandHandler,org.axonframework.tracing.opentelemetry.MetadataContextSetter,org.axonframework.commandhandling.distributed.SimpleMember,org.axonframework.eventhandling.ResetHandler,org.axonframework.eventhandling.deadletter.jdbc.JdbcSequencedDeadLetterQueue$1,org.axonframework.eventhandling.tokenstore.jdbc.TokenTableFactory,org.axonframework.axonserver.connector.event.util.EventCipher,org.axonframework.axonserver.connector.query.StreamableMultiInstanceResponse","TimeoutProperties$MessageHandlerTimeoutProperties,JpaJavaxEventStoreAutoConfiguration,AggregateTestFixture$1,ReadEventDataWithoutGapsStatementBuilder,AggregateAnnotationCommandHandler$AggregateCommandHandler,MetadataContextSetter,SimpleMember,ResetHandler,JdbcSequencedDeadLetterQueue$1,TokenTableFactory,EventCipher,StreamableMultiInstanceResponse",""
"communityMaximumKCutId",64,12,"org.axonframework.messaging.timeout.HandlerTimeoutConfiguration,org.axonframework.config.SubscribableMessageSourceDefinition,org.axonframework.queryhandling.DefaultQueryBusSpanFactory,org.axonframework.serialization.upcasting.event.EventUpcaster,org.axonframework.eventsourcing.conflictresolution.DefaultConflictResolver,org.axonframework.tracing.SpanScope,org.axonframework.eventsourcing.conflictresolution.ConflictExceptionSupplier,org.axonframework.eventhandling.pooled.PooledStreamingEventProcessor,org.axonframework.messaging.annotation.SourceId,org.axonframework.common.caching.AbstractCacheAdapter,org.axonframework.eventhandling.scheduling.quartz.QuartzEventScheduler$Builder,org.axonframework.axonserver.connector.DefaultHandlers","HandlerTimeoutConfiguration,SubscribableMessageSourceDefinition,DefaultQueryBusSpanFactory,EventUpcaster,DefaultConflictResolver,SpanScope,ConflictExceptionSupplier,PooledStreamingEventProcessor,SourceId,AbstractCacheAdapter,QuartzEventScheduler$Builder,DefaultHandlers",""
"communityMaximumKCutId",14,25,"org.axonframework.springboot.TracingProperties$SagaManagerProperties,org.axonframework.queryhandling.QueryUpdateEmitterSpanFactory,org.axonframework.springboot.autoconfig.XStreamAutoConfiguration,org.axonframework.commandhandling.gateway.CommandGatewayFactory$Builder,org.axonframework.common.Assert,org.axonframework.messaging.annotation.ClasspathHandlerEnhancerDefinition,org.axonframework.eventsourcing.EventSourcedAggregate,org.axonframework.eventsourcing.eventstore.jdbc.HsqlEventTableFactory,org.axonframework.modelling.saga.AbstractResourceInjector,org.axonframework.config.EventProcessingModule$InstanceToTypeProcessingGroupSelectorAdapter,org.axonframework.modelling.command.inspection.MethodCommandHandlerInterceptorDefinition,org.axonframework.commandhandling.CommandMessageHandlingMember,org.axonframework.messaging.annotation.AnnotatedMessageHandlingMemberDefinition,org.axonframework.eventhandling.SequenceNumber,org.axonframework.eventhandling.replay.ReplayContext,org.axonframework.commandhandling.distributed.CommandRouter,org.axonframework.commandhandling.distributed.ConsistentHash$ConsistentHashMember,org.axonframework.eventhandling.deadletter.DeadLetteringEventHandlerInvoker$1,org.axonframework.eventhandling.pooled.WorkPackage$Builder,org.axonframework.eventhandling.scheduling.quartz.EventJobDataBinder,org.axonframework.messaging.annotation.AnnotatedHandlerAttributes,org.axonframework.queryhandling.registration.FailingDuplicateQueryHandlerResolver,org.axonframework.axonserver.connector.query.AxonServerQueryDispatchException,org.axonframework.axonserver.connector.PriorityTask,org.axonframework.axonserver.connector.event.axon.QueryResultStreamAdapter","TracingProperties$SagaManagerProperties,QueryUpdateEmitterSpanFactory,XStreamAutoConfiguration,CommandGatewayFactory$Builder,Assert,ClasspathHandlerEnhancerDefinition,EventSourcedAggregate,HsqlEventTableFactory,AbstractResourceInjector,EventProcessingModule$InstanceToTypeProcessingGroupSelectorAdapter,MethodCommandHandlerInterceptorDefinition,CommandMessageHandlingMember,AnnotatedMessageHandlingMemberDefinition,SequenceNumber,ReplayContext,CommandRouter,ConsistentHash$ConsistentHashMember,DeadLetteringEventHandlerInvoker$1,WorkPackage$Builder,EventJobDataBinder,AnnotatedHandlerAttributes,FailingDuplicateQueryHandlerResolver,AxonServerQueryDispatchException,PriorityTask,QueryResultStreamAdapter",""
"communityMaximumKCutId",17,16,"org.axonframework.springboot.TracingProperties$EventProcessorProperties,org.axonframework.springboot.autoconfig.JpaAutoConfiguration,org.axonframework.eventhandling.gateway.DefaultEventGateway$Builder,org.axonframework.queryhandling.DefaultQueryUpdateEmitterSpanFactory$Builder,org.axonframework.test.saga.SagaTestFixture$ReturnResultFromStub,org.axonframework.test.saga.EventValidator,org.axonframework.eventsourcing.GenericAggregateFactory,org.axonframework.common.caching.Cache,org.axonframework.eventsourcing.eventstore.inmemory.InMemoryEventStorageEngine,org.axonframework.config.UpdateCheckerConfigurerModule,org.axonframework.config.AggregateConfiguration,org.axonframework.serialization.converters.ByteArrayToStringConverter,org.axonframework.serialization.Converter,org.axonframework.commandhandling.gateway.CommandGatewayFactory$GatewayInvocationHandler,org.axonframework.eventhandling.scheduling.dbscheduler.DbSchedulerScheduleToken,org.axonframework.tracing.LoggingSpanFactory","TracingProperties$EventProcessorProperties,JpaAutoConfiguration,DefaultEventGateway$Builder,DefaultQueryUpdateEmitterSpanFactory$Builder,SagaTestFixture$ReturnResultFromStub,EventValidator,GenericAggregateFactory,Cache,InMemoryEventStorageEngine,UpdateCheckerConfigurerModule,AggregateConfiguration,ByteArrayToStringConverter,Converter,CommandGatewayFactory$GatewayInvocationHandler,DbSchedulerScheduleToken,LoggingSpanFactory",""
"communityMaximumKCutId",43,15,"org.axonframework.springboot.autoconfig.UpdateCheckerAutoConfiguration$TestEnvironmentCondition,org.axonframework.common.legacyjpa.EntityManagerProvider,org.axonframework.eventhandling.tokenstore.jpa.JpaTokenStore,org.axonframework.config.ConfigurationScopeAwareProvider,org.axonframework.axonserver.connector.query.QueryPriorityCalculator,org.axonframework.tracing.TracingHandlerEnhancerDefinition,org.axonframework.messaging.MetaData,org.axonframework.eventsourcing.AggregateDeletedException,org.axonframework.eventsourcing.eventstore.jpa.SQLStateResolver,org.axonframework.eventsourcing.snapshotting.RevisionSnapshotFilter,org.axonframework.eventhandling.async.PropertySequencingPolicy$Builder$ExceptionRaisingSequencingPolicy,org.axonframework.eventhandling.tokenstore.inmemory.InMemoryTokenStore$ProcessAndSegment,org.axonframework.updates.api.ArtifactAvailableUpgrade,org.axonframework.axonserver.connector.heartbeat.source.GrpcHeartbeatSource,org.axonframework.axonserver.connector.event.axon.PersistentStreamConnection$SegmentConnection","UpdateCheckerAutoConfiguration$TestEnvironmentCondition,EntityManagerProvider,JpaTokenStore,ConfigurationScopeAwareProvider,QueryPriorityCalculator,TracingHandlerEnhancerDefinition,MetaData,AggregateDeletedException,SQLStateResolver,RevisionSnapshotFilter,PropertySequencingPolicy$Builder$ExceptionRaisingSequencingPolicy,InMemoryTokenStore$ProcessAndSegment,ArtifactAvailableUpgrade,GrpcHeartbeatSource,PersistentStreamConnection$SegmentConnection",""
"communityMaximumKCutId",32,15,"org.axonframework.updates.detection.TestEnvironmentDetector,org.axonframework.deadline.dbscheduler.DbSchedulerBinaryDeadlineDetails,org.axonframework.axonserver.connector.event.axon.AxonServerEventStore,org.axonframework.config.EventProcessingConfigurer$DeadLetteringInvokerConfiguration,org.axonframework.eventsourcing.AggregateSnapshotter$1,org.axonframework.eventsourcing.EventSourcingHandler,org.axonframework.common.jdbc.Oracle11Utils,org.axonframework.eventsourcing.eventstore.legacyjpa.EmbeddedEventStore$EventProducer,org.axonframework.modelling.command.GenericJpaRepository,org.axonframework.modelling.command.inspection.MethodCreationPolicyDefinition$1,org.axonframework.tracing.NoOpSpanFactory$NoOpSpan,org.axonframework.eventhandling.pooled.WorkPackage,org.axonframework.eventhandling.tokenstore.ConfigToken,org.axonframework.serialization.AbstractXStreamSerializer$MetaDataConverter,org.axonframework.serialization.avro.ByteArrayToGenericRecordConverter","TestEnvironmentDetector,DbSchedulerBinaryDeadlineDetails,AxonServerEventStore,EventProcessingConfigurer$DeadLetteringInvokerConfiguration,AggregateSnapshotter$1,EventSourcingHandler,Oracle11Utils,EmbeddedEventStore$EventProducer,GenericJpaRepository,MethodCreationPolicyDefinition$1,NoOpSpanFactory$NoOpSpan,WorkPackage,ConfigToken,AbstractXStreamSerializer$MetaDataConverter,ByteArrayToGenericRecordConverter",""
"communityMaximumKCutId",1,22,"org.axonframework.springboot.autoconfig.legacyjpa.JpaJavaxAutoConfiguration,org.axonframework.springboot.autoconfig.AxonAutoConfiguration,org.axonframework.eventhandling.scheduling.dbscheduler.DbSchedulerEventScheduler,org.axonframework.eventhandling.deadletter.jdbc.JdbcSequencedDeadLetterQueue,org.axonframework.eventhandling.tokenstore.jdbc.JdbcTokenStore$Builder,org.axonframework.modelling.command.inspection.AggregateModel,org.axonframework.eventhandling.DomainEventData,org.axonframework.eventsourcing.eventstore.legacyjpa.EmbeddedEventStore$Builder,org.axonframework.modelling.command.CreationPolicy,org.axonframework.messaging.annotation.ChainedMessageHandlerInterceptorMember,org.axonframework.tracing.opentelemetry.MetadataContextGetter,org.axonframework.commandhandling.CurrentUnitOfWorkParameterResolverFactory,org.axonframework.commandhandling.gateway.AbstractRetryScheduler$Builder,org.axonframework.commandhandling.gateway.CommandGatewayFactory$CompositeCallback,org.axonframework.commandhandling.gateway.CommandGatewayFactory$WaitForResultWithFixedTimeout,org.axonframework.serialization.AbstractXStreamSerializer,org.axonframework.eventhandling.AbstractEventProcessor,org.axonframework.eventhandling.async.AsynchronousEventProcessingStrategy$SchedulerCleanUp,org.axonframework.eventhandling.pooled.WorkPackage$EventFilter,org.axonframework.messaging.interceptors.JSR303ViolationException,org.axonframework.serialization.ChainedConverter,org.axonframework.axonserver.connector.util.GrpcSerializedObject$1","JpaJavaxAutoConfiguration,AxonAutoConfiguration,DbSchedulerEventScheduler,JdbcSequencedDeadLetterQueue,JdbcTokenStore$Builder,AggregateModel,DomainEventData,EmbeddedEventStore$Builder,CreationPolicy,ChainedMessageHandlerInterceptorMember,MetadataContextGetter,CurrentUnitOfWorkParameterResolverFactory,AbstractRetryScheduler$Builder,CommandGatewayFactory$CompositeCallback,CommandGatewayFactory$WaitForResultWithFixedTimeout,AbstractXStreamSerializer,AbstractEventProcessor,AsynchronousEventProcessingStrategy$SchedulerCleanUp,WorkPackage$EventFilter,JSR303ViolationException,ChainedConverter,GrpcSerializedObject$1",""
"communityMaximumKCutId",29,15,"org.axonframework.springboot.autoconfig.JpaEventStoreAutoConfiguration,org.axonframework.test.matchers.PayloadMatcher,org.axonframework.test.saga.ContinuedGivenState,org.axonframework.eventsourcing.EventStreamUtils,org.axonframework.eventhandling.MultiStreamableMessageSource$Builder,org.axonframework.common.jdbc.JdbcUtils$SqlResultConverter,org.axonframework.config.EventProcessingModule$TypeProcessingGroupSelector,org.axonframework.config.SagaConfigurer$SagaConfigurationImpl,org.axonframework.modelling.saga.AssociationResolver,org.axonframework.modelling.saga.AssociationValuesImpl,org.axonframework.modelling.saga.repository.CachingSagaStore,org.axonframework.messaging.annotation.DefaultParameterResolverFactory$AnnotatedMetaDataParameterResolver,org.axonframework.serialization.converters.ByteArrayToInputStreamConverter,org.axonframework.queryhandling.annotation.QueryHandlingMember,org.axonframework.serialization.json.ByteArrayToJsonNodeConverter","JpaEventStoreAutoConfiguration,PayloadMatcher,ContinuedGivenState,EventStreamUtils,MultiStreamableMessageSource$Builder,JdbcUtils$SqlResultConverter,EventProcessingModule$TypeProcessingGroupSelector,SagaConfigurer$SagaConfigurationImpl,AssociationResolver,AssociationValuesImpl,CachingSagaStore,DefaultParameterResolverFactory$AnnotatedMetaDataParameterResolver,ByteArrayToInputStreamConverter,QueryHandlingMember,ByteArrayToJsonNodeConverter",""
"communityMaximumKCutId",63,19,"org.axonframework.springboot.util.RegisterDefaultEntities,org.axonframework.springboot.autoconfig.AxonServerAutoConfiguration,org.axonframework.eventsourcing.eventstore.jdbc.EventSchema,org.axonframework.updates.UpdateChecker,org.axonframework.eventsourcing.eventstore.EmbeddedEventStore$EventConsumer,org.axonframework.eventsourcing.eventstore.SequenceEventStorageEngine$ConcatenatingSpliterator,org.axonframework.eventhandling.AbstractSequencedDomainEventEntry,org.axonframework.commandhandling.CommandHandler,org.axonframework.common.digest.Digester,org.axonframework.eventhandling.MultiStreamableMessageSource$MultiSourceBlockingStream,org.axonframework.eventhandling.RemovedTrackerStatus,org.axonframework.eventhandling.pooled.WorkPackage$1,org.axonframework.messaging.Headers,org.axonframework.messaging.SimpleHandlerAttributes,org.axonframework.messaging.responsetypes.ResponseTypes,org.axonframework.serialization.upcasting.event.EventTypeUpcaster,org.axonframework.axonserver.connector.command.AxonServerRemoteCommandHandlingException,org.axonframework.axonserver.connector.query.AxonServerQueryBus$QueryResponseSpliterator,org.axonframework.axonserver.connector.heartbeat.HeartbeatSource","RegisterDefaultEntities,AxonServerAutoConfiguration,EventSchema,UpdateChecker,EmbeddedEventStore$EventConsumer,SequenceEventStorageEngine$ConcatenatingSpliterator,AbstractSequencedDomainEventEntry,CommandHandler,Digester,MultiStreamableMessageSource$MultiSourceBlockingStream,RemovedTrackerStatus,WorkPackage$1,Headers,SimpleHandlerAttributes,ResponseTypes,EventTypeUpcaster,AxonServerRemoteCommandHandlingException,AxonServerQueryBus$QueryResponseSpliterator,HeartbeatSource",""
"communityMaximumKCutId",3,18,"org.axonframework.springboot.autoconfig.AxonServerBusAutoConfiguration,org.axonframework.messaging.MessageHandlerInterceptor,org.axonframework.tracing.attributes.MessageNameSpanAttributesProvider,org.axonframework.test.matchers.EqualsMatcher,org.axonframework.serialization.LazyDeserializingObject,org.axonframework.config.LifecycleHandlerInspector$LifecycleRegistration,org.axonframework.messaging.annotation.MessageInterceptingMember,org.axonframework.tracing.opentelemetry.OpenTelemetrySpan,org.axonframework.common.property.AbstractMethodPropertyAccessStrategy,org.axonframework.messaging.annotation.AnnotatedMessageHandlingMember,org.axonframework.commandhandling.MethodCommandHandlerDefinition$1,org.axonframework.commandhandling.gateway.AbstractCommandGateway,org.axonframework.common.lock.LockAcquisitionFailedException,org.axonframework.common.lock.PessimisticLockFactory$1,org.axonframework.eventhandling.async.FullConcurrencyPolicy,org.axonframework.eventhandling.pooled.Coordinator$1,org.axonframework.queryhandling.SimpleQueryBus$1,org.axonframework.axonserver.connector.util.ProcessingInstructionHelper","AxonServerBusAutoConfiguration,MessageHandlerInterceptor,MessageNameSpanAttributesProvider,EqualsMatcher,LazyDeserializingObject,LifecycleHandlerInspector$LifecycleRegistration,MessageInterceptingMember,OpenTelemetrySpan,AbstractMethodPropertyAccessStrategy,AnnotatedMessageHandlingMember,MethodCommandHandlerDefinition$1,AbstractCommandGateway,LockAcquisitionFailedException,PessimisticLockFactory$1,FullConcurrencyPolicy,Coordinator$1,SimpleQueryBus$1,ProcessingInstructionHelper",""
"communityMaximumKCutId",97,13,"org.axonframework.config.Configuration,org.axonframework.serialization.ChainingConverter,org.axonframework.messaging.annotation.ParameterResolver,org.axonframework.test.aggregate.FixtureConfiguration,org.axonframework.messaging.HandlerExecutionException,org.axonframework.eventhandling.EventData,org.axonframework.eventhandling.MultiStreamableMessageSource$SourceIdAwareBlockingStream,org.axonframework.eventhandling.pooled.Coordinator,org.axonframework.eventhandling.interceptors.EventLoggingInterceptor,org.axonframework.serialization.json.JsonNodeToByteArrayConverter,org.axonframework.updates.api.DetectedVulnerability,org.axonframework.axonserver.connector.AxonServerConfiguration$FlowControlConfiguration,org.axonframework.axonserver.connector.event.axon.AxonServerEventStore$AxonServerMessageSource","Configuration,ChainingConverter,ParameterResolver,FixtureConfiguration,HandlerExecutionException,EventData,MultiStreamableMessageSource$SourceIdAwareBlockingStream,Coordinator,EventLoggingInterceptor,JsonNodeToByteArrayConverter,DetectedVulnerability,AxonServerConfiguration$FlowControlConfiguration,AxonServerEventStore$AxonServerMessageSource",""
"communityMaximumKCutId",45,14,"org.axonframework.eventsourcing.eventstore.EventStore,org.axonframework.springboot.TracingProperties$AttributeProviders,org.axonframework.modelling.saga.ResourceInjector,org.axonframework.messaging.unitofwork.UnitOfWork,org.axonframework.test.aggregate.AggregateTestFixture$DefaultRepositoryProvider,org.axonframework.eventhandling.AbstractEventEntry,org.axonframework.common.jdbc.JdbcUtils,org.axonframework.eventsourcing.eventstore.jdbc.statements.DeleteSnapshotsStatementBuilder,org.axonframework.eventsourcing.eventstore.jdbc.statements.JdbcEventStorageEngineStatements,org.axonframework.modelling.command.inspection.ChildForwardingCommandMessageHandlingMember,org.axonframework.commandhandling.distributed.DispatchMessage,org.axonframework.eventhandling.MultiStreamableMessageSource$IdentifiedStreamableMessageSource,org.axonframework.updates.api.DetectedVulnerabilitySeverity,org.axonframework.axonserver.connector.DefaultInstructionAckSource","EventStore,TracingProperties$AttributeProviders,ResourceInjector,UnitOfWork,AggregateTestFixture$DefaultRepositoryProvider,AbstractEventEntry,JdbcUtils,DeleteSnapshotsStatementBuilder,JdbcEventStorageEngineStatements,ChildForwardingCommandMessageHandlingMember,DispatchMessage,MultiStreamableMessageSource$IdentifiedStreamableMessageSource,DetectedVulnerabilitySeverity,DefaultInstructionAckSource",""
"communityMaximumKCutId",94,12,"org.axonframework.serialization.Serializer,org.axonframework.test.saga.FixtureConfiguration,org.axonframework.common.ReflectionUtils,org.axonframework.test.saga.SagaTestFixture$StubAwareCommandGatewayFactory,org.axonframework.eventsourcing.eventstore.BatchingEventStorageEngine$EventStreamSpliterator,org.axonframework.config.AggregateConfigurer,org.axonframework.config.EventProcessingConfigurer$EventProcessorBuilder,org.axonframework.eventhandling.TrackingEventProcessor$Builder,org.axonframework.modelling.command.MetaDataCommandTargetResolver,org.axonframework.messaging.annotation.InterceptorChainParameterResolverFactory,org.axonframework.deadline.DeadlineException,org.axonframework.eventhandling.async.AsynchronousEventProcessingStrategy$NoActionCallback","Serializer,FixtureConfiguration,ReflectionUtils,SagaTestFixture$StubAwareCommandGatewayFactory,BatchingEventStorageEngine$EventStreamSpliterator,AggregateConfigurer,EventProcessingConfigurer$EventProcessorBuilder,TrackingEventProcessor$Builder,MetaDataCommandTargetResolver,InterceptorChainParameterResolverFactory,DeadlineException,AsynchronousEventProcessingStrategy$NoActionCallback",""
"communityMaximumKCutId",89,13,"org.axonframework.eventsourcing.eventstore.EventStorageEngine,org.axonframework.eventsourcing.eventstore.jdbc.JdbcEventStorageEngine,org.axonframework.config.EventProcessingConfiguration,org.axonframework.eventsourcing.AggregateSnapshotter$SnapshotAggregate,org.axonframework.modelling.command.AggregateAnnotationCommandHandler$AlwaysCreateAggregateCommandHandler,org.axonframework.tracing.SpanUtils,org.axonframework.messaging.GenericResultMessage,org.axonframework.eventhandling.SequenceNumberParameterResolverFactory$SequenceNumberParameterResolver,org.axonframework.common.caching.WeakReferenceCache$Entry,org.axonframework.queryhandling.registration.DuplicateQueryHandlerResolution,org.axonframework.axonserver.connector.util.Scheduler$ScheduledTask,org.axonframework.axonserver.connector.DispatchInterceptors,org.axonframework.axonserver.connector.query.StreamableFluxResponse$SendingSubscriber","EventStorageEngine,JdbcEventStorageEngine,EventProcessingConfiguration,AggregateSnapshotter$SnapshotAggregate,AggregateAnnotationCommandHandler$AlwaysCreateAggregateCommandHandler,SpanUtils,GenericResultMessage,SequenceNumberParameterResolverFactory$SequenceNumberParameterResolver,WeakReferenceCache$Entry,DuplicateQueryHandlerResolution,Scheduler$ScheduledTask,DispatchInterceptors,StreamableFluxResponse$SendingSubscriber",""
"communityMaximumKCutId",49,17,"org.axonframework.common.jdbc.PersistenceExceptionResolver,org.axonframework.eventhandling.scheduling.dbscheduler.DbSchedulerBinaryEventData,org.axonframework.axonserver.connector.event.axon.AxonServerEventStoreFactory,org.axonframework.messaging.annotation.ClasspathHandlerDefinition,org.axonframework.eventsourcing.EventSourcedAggregate$IgnoreApplyMore,org.axonframework.eventsourcing.eventstore.BatchingEventStorageEngine,org.axonframework.lifecycle.ShutdownHandler,org.axonframework.modelling.command.inspection.AggregateMemberAnnotatedChildEntityDefinition,org.axonframework.modelling.command.ForwardToAll,org.axonframework.modelling.saga.metamodel.AnnotationSagaMetaModelFactory$InspectedSagaModel,org.axonframework.modelling.saga.repository.jdbc.SagaSchema,org.axonframework.modelling.saga.repository.jpa.SerializedSaga,org.axonframework.eventhandling.AllowReplay,org.axonframework.eventhandling.TrackingTokenParameterResolverFactory$1,org.axonframework.eventhandling.ReplayToken,org.axonframework.eventhandling.MultiSourceTrackingToken,org.axonframework.eventhandling.async.EventProcessorTask$ShutdownCallback","PersistenceExceptionResolver,DbSchedulerBinaryEventData,AxonServerEventStoreFactory,ClasspathHandlerDefinition,EventSourcedAggregate$IgnoreApplyMore,BatchingEventStorageEngine,ShutdownHandler,AggregateMemberAnnotatedChildEntityDefinition,ForwardToAll,AnnotationSagaMetaModelFactory$InspectedSagaModel,SagaSchema,SerializedSaga,AllowReplay,TrackingTokenParameterResolverFactory$1,ReplayToken,MultiSourceTrackingToken,EventProcessorTask$ShutdownCallback",""
"communityMaximumKCutId",34,21,"org.axonframework.eventsourcing.eventstore.legacyjpa.JpaEventStorageEngine$Builder,org.axonframework.modelling.saga.repository.jpa.JpaSagaStore,org.axonframework.eventhandling.async.SequentialPerAggregatePolicy,org.axonframework.tracing.attributes.MessageIdSpanAttributesProvider,org.axonframework.springboot.TracingProperties,org.axonframework.springboot.util.OnMissingQualifiedBeanCondition,org.axonframework.springboot.autoconfig.InfraConfiguration,org.axonframework.springboot.autoconfig.AxonServerActuatorAutoConfiguration,org.axonframework.eventhandling.EventMessageHandler,org.axonframework.test.saga.CommandValidator,org.axonframework.test.aggregate.Reporter,org.axonframework.eventsourcing.eventstore.ConcatenatingDomainEventStream,org.axonframework.eventsourcing.AbstractSnapshotTrigger,org.axonframework.common.lock.NullLockFactory,org.axonframework.eventhandling.TimestampParameterResolverFactory$TimestampParameterResolver,org.axonframework.messaging.MetaData$1,org.axonframework.commandhandling.gateway.NonTransientExceptionClassesPredicate,org.axonframework.common.caching.JCacheAdapter$JCacheListenerAdapter,org.axonframework.serialization.xml.InputStreamToXomConverter,org.axonframework.queryhandling.GenericSubscriptionQueryMessage,org.axonframework.axonserver.connector.heartbeat.HeartbeatConfiguration","JpaEventStorageEngine$Builder,JpaSagaStore,SequentialPerAggregatePolicy,MessageIdSpanAttributesProvider,TracingProperties,OnMissingQualifiedBeanCondition,InfraConfiguration,AxonServerActuatorAutoConfiguration,EventMessageHandler,CommandValidator,Reporter,ConcatenatingDomainEventStream,AbstractSnapshotTrigger,NullLockFactory,TimestampParameterResolverFactory$TimestampParameterResolver,MetaData$1,NonTransientExceptionClassesPredicate,JCacheAdapter$JCacheListenerAdapter,InputStreamToXomConverter,GenericSubscriptionQueryMessage,HeartbeatConfiguration",""
"communityMaximumKCutId",13,8,"org.axonframework.eventhandling.tokenstore.legacyjpa.JpaTokenStore,org.axonframework.springboot.autoconfig.AxonAutoConfiguration$1,org.axonframework.common.AxonThreadFactory,org.axonframework.modelling.command.inspection.AnnotatedChildEntity,org.axonframework.messaging.responsetypes.ResponseType,org.axonframework.eventhandling.TrackingEventProcessor$1,org.axonframework.util.ClasspathResolver,org.axonframework.updates.configuration.EnvironmentVariableUsagePropertyProvider","JpaTokenStore,AxonAutoConfiguration$1,AxonThreadFactory,AnnotatedChildEntity,ResponseType,TrackingEventProcessor$1,ClasspathResolver,EnvironmentVariableUsagePropertyProvider",""
"communityMaximumKCutId",11,13,"org.axonframework.eventhandling.tokenstore.legacyjpa.JpaTokenStore$Builder,org.axonframework.springboot.autoconfig.TransactionAutoConfiguration,org.axonframework.test.matchers.EmptyCollectionMatcher,org.axonframework.test.utils.CallbackBehavior,org.axonframework.modelling.command.inspection.MethodCreationPolicyDefinition,org.axonframework.modelling.saga.repository.jpa.AssociationValueEntry,org.axonframework.disruptor.commandhandling.CommandHandlingEntry,org.axonframework.common.TypeReflectionUtils,org.axonframework.commandhandling.gateway.CommandGatewayFactory$DispatchOnInvocationHandler$Builder,org.axonframework.eventhandling.TrackingEventProcessor$WorkerLauncher,org.axonframework.tracing.MultiSpanFactory$MultiSpan,org.axonframework.axonserver.connector.command.AxonServerNonTransientRemoteCommandHandlingException,org.axonframework.axonserver.connector.util.UpstreamAwareStreamObserver","JpaTokenStore$Builder,TransactionAutoConfiguration,EmptyCollectionMatcher,CallbackBehavior,MethodCreationPolicyDefinition,AssociationValueEntry,CommandHandlingEntry,TypeReflectionUtils,CommandGatewayFactory$DispatchOnInvocationHandler$Builder,TrackingEventProcessor$WorkerLauncher,MultiSpanFactory$MultiSpan,AxonServerNonTransientRemoteCommandHandlingException,UpstreamAwareStreamObserver",""
"communityMaximumKCutId",67,8,"org.axonframework.modelling.saga.repository.legacyjpa.JpaSagaStore$Builder,org.axonframework.test.deadline.DeadlineManagerValidator,org.axonframework.test.FixtureExecutionException,org.axonframework.common.property.DirectlyAccessedProperty,org.axonframework.messaging.annotation.DefaultParameterResolverFactory,org.axonframework.eventhandling.MergedTrackingToken,org.axonframework.messaging.deadletter.Cause,org.axonframework.messaging.interceptors.legacyvalidation.BeanValidationInterceptor","JpaSagaStore$Builder,DeadlineManagerValidator,FixtureExecutionException,DirectlyAccessedProperty,DefaultParameterResolverFactory,MergedTrackingToken,Cause,BeanValidationInterceptor",""
"communityMaximumKCutId",47,13,"org.axonframework.eventhandling.tokenstore.TokenStore,org.axonframework.axonserver.connector.command.AxonServerCommandBus,org.axonframework.modelling.command.DefaultRepositorySpanFactory,org.axonframework.common.DateTimeUtils,org.axonframework.eventhandling.DomainEventMessage,org.axonframework.eventsourcing.AbstractSnapshotter$1,org.axonframework.common.lock.Lock,org.axonframework.modelling.command.legacyjpa.GenericJpaRepository,org.axonframework.queryhandling.annotation.MethodQueryMessageHandlerDefinition,org.axonframework.messaging.annotation.DefaultParameterResolverFactory$MetaDataParameterResolver,org.axonframework.serialization.SerializedObjectHolder,org.axonframework.messaging.IllegalPayloadAccessException,org.axonframework.common.DefaultIdentifierFactory","TokenStore,AxonServerCommandBus,DefaultRepositorySpanFactory,DateTimeUtils,DomainEventMessage,AbstractSnapshotter$1,Lock,GenericJpaRepository,MethodQueryMessageHandlerDefinition,DefaultParameterResolverFactory$MetaDataParameterResolver,SerializedObjectHolder,IllegalPayloadAccessException,DefaultIdentifierFactory",""
"communityMaximumKCutId",12,21,"org.axonframework.messaging.deadletter.SequencedDeadLetterQueue,org.axonframework.springboot.autoconfig.AxonServerAutoConfiguration$DefaultConnectionManagerConfiguration,org.axonframework.eventhandling.deadletter.jdbc.JdbcSequencedDeadLetterQueue$Builder,org.axonframework.commandhandling.DuplicateCommandHandlerResolver,org.axonframework.messaging.unitofwork.DefaultUnitOfWork,org.axonframework.modelling.command.RepositoryProvider,org.axonframework.test.matchers.MapEntryMatcher$Matching,org.axonframework.test.matchers.ListMatcher,org.axonframework.eventsourcing.conflictresolution.ContextAwareConflictExceptionSupplier,org.axonframework.eventsourcing.eventstore.jdbc.statements.ReadEventDataForAggregateStatementBuilder,org.axonframework.deadline.SimpleDeadlineManager$Builder,org.axonframework.modelling.command.AnnotationCommandTargetResolver$Builder,org.axonframework.modelling.saga.repository.inmemory.InMemorySagaStore$ManagedSaga,org.axonframework.commandhandling.distributed.ConsistentHashChangeListener,org.axonframework.common.jdbc.UnitOfWorkAwareConnectionProviderWrapper$UoWAttachedConnection,org.axonframework.eventhandling.deadletter.legacyjpa.JpaSequencedDeadLetterQueue$1,org.axonframework.eventhandling.pooled.Coordinator$CoordinationTask,org.axonframework.queryhandling.registration.DuplicateQueryHandlerSubscriptionException,org.axonframework.serialization.ChainedConverter$RouteCalculator,org.axonframework.serialization.SerialVersionUIDRevisionResolver,org.axonframework.axonserver.connector.util.GrpcPayloadSerializer","SequencedDeadLetterQueue,AxonServerAutoConfiguration$DefaultConnectionManagerConfiguration,JdbcSequencedDeadLetterQueue$Builder,DuplicateCommandHandlerResolver,DefaultUnitOfWork,RepositoryProvider,MapEntryMatcher$Matching,ListMatcher,ContextAwareConflictExceptionSupplier,ReadEventDataForAggregateStatementBuilder,SimpleDeadlineManager$Builder,AnnotationCommandTargetResolver$Builder,InMemorySagaStore$ManagedSaga,ConsistentHashChangeListener,UnitOfWorkAwareConnectionProviderWrapper$UoWAttachedConnection,JpaSequencedDeadLetterQueue$1,Coordinator$CoordinationTask,DuplicateQueryHandlerSubscriptionException,ChainedConverter$RouteCalculator,SerialVersionUIDRevisionResolver,GrpcPayloadSerializer",""
"communityMaximumKCutId",20,10,"org.axonframework.springboot.EventProcessorProperties,org.axonframework.test.saga.SagaTestFixture$1,org.axonframework.eventsourcing.eventstore.IteratorBackedDomainEventStream,org.axonframework.serialization.SimpleSerializedObject,org.axonframework.messaging.annotation.MessageHandler,org.axonframework.common.jdbc.ConnectionWrapperFactory$NoOpCloseHandler,org.axonframework.queryhandling.SimpleQueryBus$CatchLastError,org.axonframework.updates.configuration.CommandLineUsagePropertyProvider,org.axonframework.updates.configuration.EnvironmentVariableUsagePropertyProvider$EnvironmentVariableSupplier,org.axonframework.axonserver.connector.query.subscription.GrpcBackedQueryUpdateMessage","EventProcessorProperties,SagaTestFixture$1,IteratorBackedDomainEventStream,SimpleSerializedObject,MessageHandler,ConnectionWrapperFactory$NoOpCloseHandler,SimpleQueryBus$CatchLastError,CommandLineUsagePropertyProvider,EnvironmentVariableUsagePropertyProvider$EnvironmentVariableSupplier,GrpcBackedQueryUpdateMessage",""
"communityMaximumKCutId",40,15,"org.axonframework.eventhandling.deadletter.jpa.JpaSequencedDeadLetterQueue,org.axonframework.queryhandling.QueryMessage,org.axonframework.modelling.saga.AssociationValue,org.axonframework.eventsourcing.AggregateSnapshotter,org.axonframework.eventsourcing.eventstore.AbstractEventStore,org.axonframework.common.ObjectUtils,org.axonframework.eventsourcing.eventstore.inmemory.InMemoryEventStorageEngine$MapEntrySpliterator,org.axonframework.eventhandling.PropagatingErrorHandler,org.axonframework.common.AxonException,org.axonframework.deadline.annotation.DeadlineHandler,org.axonframework.messaging.RemoteNonTransientHandlingException,org.axonframework.commandhandling.gateway.CommandGatewayFactory$WrapNonDeclaredCheckedExceptions,org.axonframework.common.TypeReflectionUtils$VarMap$UnresolvedTypeVariableException,org.axonframework.common.annotation.PriorityAnnotationComparator,org.axonframework.queryhandling.registration.DuplicateQueryHandlerResolver","JpaSequencedDeadLetterQueue,QueryMessage,AssociationValue,AggregateSnapshotter,AbstractEventStore,ObjectUtils,InMemoryEventStorageEngine$MapEntrySpliterator,PropagatingErrorHandler,AxonException,DeadlineHandler,RemoteNonTransientHandlingException,CommandGatewayFactory$WrapNonDeclaredCheckedExceptions,TypeReflectionUtils$VarMap$UnresolvedTypeVariableException,PriorityAnnotationComparator,DuplicateQueryHandlerResolver",""
"communityMaximumKCutId",2,25,"org.axonframework.modelling.saga.repository.jpa.JpaSagaStore$Builder,org.axonframework.springboot.autoconfig.AvroSerializerAutoConfiguration$OnMissingDefaultSchemaStoreCondition,org.axonframework.springboot.autoconfig.NoOpTransactionAutoConfiguration,org.axonframework.axonserver.connector.query.AxonServerQueryBus$Builder,org.axonframework.messaging.annotation.HandlerDefinition,org.axonframework.commandhandling.SimpleCommandBus$Builder,org.axonframework.eventhandling.pooled.PooledStreamingEventProcessor$Builder,org.axonframework.queryhandling.SimpleQueryUpdateEmitter$Builder,org.axonframework.modelling.command.RepositorySpanFactory,org.axonframework.messaging.InterceptorChain,org.axonframework.test.saga.WhenState,org.axonframework.eventsourcing.AggregateFactory,org.axonframework.eventsourcing.AbstractSnapshotter$Builder,org.axonframework.modelling.command.AggregateStreamCreationException,org.axonframework.eventhandling.TrackedDomainEventData,org.axonframework.messaging.ScopeAware,org.axonframework.modelling.saga.SagaStorageException,org.axonframework.queryhandling.QueryHandler,org.axonframework.messaging.annotation.AggregateType,org.axonframework.serialization.converters.StringToByteArrayConverter,org.axonframework.eventhandling.async.EventProcessorTask,org.axonframework.eventhandling.scheduling.quartz.FireEventJob,org.axonframework.axonserver.connector.util.ContextAddingInterceptor$1,org.axonframework.axonserver.connector.heartbeat.connection.checker.HeartbeatConnectionChecker,org.axonframework.axonserver.connector.event.util.EventStoreClientException","JpaSagaStore$Builder,AvroSerializerAutoConfiguration$OnMissingDefaultSchemaStoreCondition,NoOpTransactionAutoConfiguration,AxonServerQueryBus$Builder,HandlerDefinition,SimpleCommandBus$Builder,PooledStreamingEventProcessor$Builder,SimpleQueryUpdateEmitter$Builder,RepositorySpanFactory,InterceptorChain,WhenState,AggregateFactory,AbstractSnapshotter$Builder,AggregateStreamCreationException,TrackedDomainEventData,ScopeAware,SagaStorageException,QueryHandler,AggregateType,StringToByteArrayConverter,EventProcessorTask,FireEventJob,ContextAddingInterceptor$1,HeartbeatConnectionChecker,EventStoreClientException",""
"communityMaximumKCutId",76,17,"org.axonframework.eventsourcing.eventstore.jpa.SQLErrorCodesResolver,org.axonframework.springboot.TimeoutProperties,org.axonframework.deadline.DeadlineManager,org.axonframework.commandhandling.DefaultCommandBusSpanFactory,org.axonframework.common.Registration,org.axonframework.serialization.upcasting.event.NoOpEventUpcaster,org.axonframework.eventhandling.SubscribingEventProcessor$Builder,org.axonframework.modelling.command.AggregateAnnotationCommandHandler$AggregateConstructorCommandHandler,org.axonframework.messaging.annotation.NoMoreInterceptors,org.axonframework.messaging.annotation.MessageHandlerInvocationException,org.axonframework.modelling.saga.repository.CachingSagaStore$Builder,org.axonframework.messaging.annotation.MessageHandlerInterceptorDefinition,org.axonframework.messaging.annotation.MessageIdentifierParameterResolverFactory,org.axonframework.commandhandling.gateway.CommandGatewayFactory$WaitForResultWithTimeoutInArguments,org.axonframework.eventhandling.deadletter.jdbc.DefaultDeadLetterStatementFactory$Builder,org.axonframework.monitoring.MultiMessageMonitor,org.axonframework.axonserver.connector.query.QuerySerializer","SQLErrorCodesResolver,TimeoutProperties,DeadlineManager,DefaultCommandBusSpanFactory,Registration,NoOpEventUpcaster,SubscribingEventProcessor$Builder,AggregateAnnotationCommandHandler$AggregateConstructorCommandHandler,NoMoreInterceptors,MessageHandlerInvocationException,CachingSagaStore$Builder,MessageHandlerInterceptorDefinition,MessageIdentifierParameterResolverFactory,CommandGatewayFactory$WaitForResultWithTimeoutInArguments,DefaultDeadLetterStatementFactory$Builder,MultiMessageMonitor,QuerySerializer",""
"communityMaximumKCutId",79,16,"org.axonframework.common.jpa.EntityManagerProvider,org.axonframework.eventsourcing.eventstore.EmbeddedEventStore,org.axonframework.test.matchers.ExactClassMatcher,org.axonframework.test.aggregate.TestExecutor,org.axonframework.eventsourcing.eventstore.legacyjpa.EmbeddedEventStore$1,org.axonframework.messaging.deadletter.SequencedDeadLetterProcessor,org.axonframework.messaging.deadletter.EnqueueDecision,org.axonframework.eventhandling.SubscribingEventProcessor,org.axonframework.commandhandling.RoutingKey,org.axonframework.modelling.command.inspection.AnnotatedAggregate$LazyIdentifierDomainEventMessage,org.axonframework.modelling.saga.AnnotatedSaga,org.axonframework.modelling.saga.repository.AssociationValueMap$SagaAssociationValue,org.axonframework.commandhandling.gateway.RetryingCallback$RetryDispatch,org.axonframework.common.ProcessRetriesExhaustedException,org.axonframework.eventhandling.scheduling.java.SimpleEventScheduler,org.axonframework.axonserver.connector.query.AxonServerQueryBus$1","EntityManagerProvider,EmbeddedEventStore,ExactClassMatcher,TestExecutor,EmbeddedEventStore$1,SequencedDeadLetterProcessor,EnqueueDecision,SubscribingEventProcessor,RoutingKey,AnnotatedAggregate$LazyIdentifierDomainEventMessage,AnnotatedSaga,AssociationValueMap$SagaAssociationValue,RetryingCallback$RetryDispatch,ProcessRetriesExhaustedException,SimpleEventScheduler,AxonServerQueryBus$1",""
"communityMaximumKCutId",59,7,"org.axonframework.axonserver.connector.AxonServerConnectionManager$Builder,org.axonframework.serialization.xml.XStreamSerializer,org.axonframework.test.matchers.NonStaticFieldsFilter,org.axonframework.eventhandling.DirectEventProcessingStrategy,org.axonframework.messaging.annotation.WrappedMessageHandlingMember,org.axonframework.eventhandling.deadletter.jdbc.DefaultDeadLetterStatementFactory,org.axonframework.axonserver.connector.query.AxonServerQueryBus$LocalSegmentAdapter","AxonServerConnectionManager$Builder,XStreamSerializer,NonStaticFieldsFilter,DirectEventProcessingStrategy,WrappedMessageHandlingMember,DefaultDeadLetterStatementFactory,AxonServerQueryBus$LocalSegmentAdapter",""
"communityMaximumKCutId",38,16,"org.axonframework.config.ConfigurerModule,org.axonframework.test.matchers.AllFieldsFilter,org.axonframework.test.matchers.ExactSequenceMatcher,org.axonframework.test.server.AxonServerContainerUtils,org.axonframework.eventhandling.TrackingToken,org.axonframework.config.DefaultConfigurer$LifecycleState,org.axonframework.lifecycle.Lifecycle$LifecycleHandler,org.axonframework.modelling.command.inspection.AggregateMemberAnnotatedChildEntityCollectionDefinition,org.axonframework.messaging.deadletter.DeadLetterParameterResolverFactory,org.axonframework.common.transaction.Transaction,org.axonframework.monitoring.NoOpMessageMonitorCallback,org.axonframework.commandhandling.gateway.ExponentialBackOffIntervalRetryScheduler,org.axonframework.serialization.upcasting.event.EventMultiUpcaster,org.axonframework.axonserver.connector.util.ExecutorServiceBuilder,org.axonframework.axonserver.connector.query.StreamableFluxResponse,org.axonframework.axonserver.connector.event.axon.AxonServerEventStore$AxonIQEventStorageEngine$Builder","ConfigurerModule,AllFieldsFilter,ExactSequenceMatcher,AxonServerContainerUtils,TrackingToken,DefaultConfigurer$LifecycleState,Lifecycle$LifecycleHandler,AggregateMemberAnnotatedChildEntityCollectionDefinition,DeadLetterParameterResolverFactory,Transaction,NoOpMessageMonitorCallback,ExponentialBackOffIntervalRetryScheduler,EventMultiUpcaster,ExecutorServiceBuilder,StreamableFluxResponse,AxonServerEventStore$AxonIQEventStorageEngine$Builder",""
"communityMaximumKCutId",18,19,"org.axonframework.springboot.autoconfig.AxonTimeoutAutoConfiguration$AxonTimeoutConfigurerModule,org.axonframework.eventhandling.deadletter.jdbc.DeadLetterSchema,org.axonframework.commandhandling.LoggingDuplicateCommandHandlerResolver,org.axonframework.springboot.autoconfig.PersistentStreamMessageSourceRegistrar,org.axonframework.common.jdbc.JdbcUtils$SqlFunction,org.axonframework.eventsourcing.eventstore.jdbc.statements.LastSequenceNumberForStatementBuilder,org.axonframework.modelling.command.ForwardMatchingInstances$1,org.axonframework.modelling.saga.AbstractSagaManager$Builder,org.axonframework.disruptor.commandhandling.FirstLevelCache$WeakValue,org.axonframework.commandhandling.MonitorAwareCallback,org.axonframework.messaging.annotation.ResultParameterResolverFactory$1,org.axonframework.commandhandling.distributed.CommandBusConnector,org.axonframework.deadline.quartz.QuartzDeadlineManager$Builder,org.axonframework.serialization.AbstractXStreamSerializer$Builder,org.axonframework.serialization.upcasting.event.UpcastedEventRepresentation,org.axonframework.messaging.interceptors.ExceptionHandler,org.axonframework.queryhandling.SubscriptionQueryUpdateMessage,org.axonframework.serialization.UnknownSerializedType,org.axonframework.axonserver.connector.AxonServerConfiguration$Eventhandling","AxonTimeoutAutoConfiguration$AxonTimeoutConfigurerModule,DeadLetterSchema,LoggingDuplicateCommandHandlerResolver,PersistentStreamMessageSourceRegistrar,JdbcUtils$SqlFunction,LastSequenceNumberForStatementBuilder,ForwardMatchingInstances$1,AbstractSagaManager$Builder,FirstLevelCache$WeakValue,MonitorAwareCallback,ResultParameterResolverFactory$1,CommandBusConnector,QuartzDeadlineManager$Builder,AbstractXStreamSerializer$Builder,UpcastedEventRepresentation,ExceptionHandler,SubscriptionQueryUpdateMessage,UnknownSerializedType,AxonServerConfiguration$Eventhandling",""
"communityMaximumKCutId",82,12,"org.axonframework.springboot.autoconfig.AvroSerializerAutoConfiguration$AvroConfiguredCondition,org.axonframework.modelling.saga.SimpleResourceInjector,org.axonframework.eventsourcing.eventstore.DomainEventStream$1,org.axonframework.messaging.ScopeAwareProvider,org.axonframework.common.lock.PessimisticLockFactory,org.axonframework.disruptor.commandhandling.CommandHandlerInvoker$DisruptorRepository,org.axonframework.common.caching.EhCacheAdapter$CacheEventListenerAdapter,org.axonframework.common.legacyjpa.PagingJpaQueryIterable,org.axonframework.common.property.MethodAccessedProperty,org.axonframework.eventhandling.TrackingEventProcessor$MergeSegmentInstruction,org.axonframework.eventhandling.deadletter.jpa.JpaDeadLetter,org.axonframework.messaging.NoScopeDescriptor","AvroSerializerAutoConfiguration$AvroConfiguredCondition,SimpleResourceInjector,DomainEventStream$1,ScopeAwareProvider,PessimisticLockFactory,CommandHandlerInvoker$DisruptorRepository,EhCacheAdapter$CacheEventListenerAdapter,PagingJpaQueryIterable,MethodAccessedProperty,TrackingEventProcessor$MergeSegmentInstruction,JpaDeadLetter,NoScopeDescriptor",""
"communityMaximumKCutId",53,17,"org.axonframework.springboot.autoconfig.AvroSerializerAutoConfiguration$OnMissingDefaultSchemaStoreCondition$SchemaStoreIsMissingCondition,org.axonframework.axonserver.connector.event.axon.AxonServerEventStoreFactory$Builder,org.axonframework.eventhandling.scheduling.jobrunr.JobRunrEventScheduler,org.axonframework.tracing.opentelemetry.OpenTelemetrySpanFactory,org.axonframework.test.matchers.SequenceMatcher,org.axonframework.test.eventscheduler.StubEventScheduler,org.axonframework.modelling.command.CommandTargetResolver,org.axonframework.test.aggregate.StubAggregateLifecycle$1,org.axonframework.eventsourcing.eventstore.EmbeddedEventStore$Cleaner,org.axonframework.common.lock.NoOpLock,org.axonframework.messaging.deadletter.DeadLetterParameterResolverFactory$DeadLetterParameterResolver,org.axonframework.eventhandling.ErrorContext,org.axonframework.eventhandling.deadletter.jdbc.DeadLetterStatementFactory,org.axonframework.messaging.responsetypes.MultipleInstancesResponseType,org.axonframework.queryhandling.NoHandlerForQueryException,org.axonframework.updates.configuration.PropertyFileUsagePropertyProvider,org.axonframework.axonserver.connector.event.axon.GrpcBackedDomainEventData","AvroSerializerAutoConfiguration$OnMissingDefaultSchemaStoreCondition$SchemaStoreIsMissingCondition,AxonServerEventStoreFactory$Builder,JobRunrEventScheduler,OpenTelemetrySpanFactory,SequenceMatcher,StubEventScheduler,CommandTargetResolver,StubAggregateLifecycle$1,EmbeddedEventStore$Cleaner,NoOpLock,DeadLetterParameterResolverFactory$DeadLetterParameterResolver,ErrorContext,DeadLetterStatementFactory,MultipleInstancesResponseType,NoHandlerForQueryException,PropertyFileUsagePropertyProvider,GrpcBackedDomainEventData",""
"communityMaximumKCutId",6,10,"org.axonframework.eventhandling.scheduling.dbscheduler.DbSchedulerEventScheduler$Builder,org.axonframework.springboot.autoconfig.EventProcessingAutoConfiguration,org.axonframework.eventhandling.deadletter.DeadLetteringEventHandlerInvoker,org.axonframework.modelling.saga.StartSaga,org.axonframework.eventhandling.replay.ReplayContextParameterResolverFactory,org.axonframework.commandhandling.gateway.RetryingCallback,org.axonframework.serialization.xml.XomToStringConverter,org.axonframework.eventhandling.async.MetaDataSequencingPolicy,org.axonframework.queryhandling.SimpleQueryBus$MonitorCallbackContextWriter,org.axonframework.axonserver.connector.query.AxonServerQueryBus$ResponseProcessingTask","DbSchedulerEventScheduler$Builder,EventProcessingAutoConfiguration,DeadLetteringEventHandlerInvoker,StartSaga,ReplayContextParameterResolverFactory,RetryingCallback,XomToStringConverter,MetaDataSequencingPolicy,SimpleQueryBus$MonitorCallbackContextWriter,AxonServerQueryBus$ResponseProcessingTask",""
"communityMaximumKCutId",83,17,"org.axonframework.springboot.util.ConditionalOnMissingQualifiedBean,org.axonframework.messaging.annotation.ParameterResolverFactory,org.axonframework.modelling.saga.DefaultSagaManagerSpanFactory,org.axonframework.messaging.ResultMessage,org.axonframework.commandhandling.GenericCommandMessage,org.axonframework.eventsourcing.EventCountSnapshotTriggerDefinition$EventCountSnapshotTrigger,org.axonframework.eventsourcing.eventstore.jdbc.statements.CleanGapsStatementBuilder,org.axonframework.eventsourcing.eventstore.jdbc.statements.TimestampWriter,org.axonframework.common.annotation.AnnotationUtils,org.axonframework.modelling.command.ConflictingModificationException,org.axonframework.modelling.command.EntityId,org.axonframework.eventhandling.SequenceNumberParameterResolverFactory,org.axonframework.eventhandling.async.PropertySequencingPolicy,org.axonframework.eventhandling.deadletter.jpa.DeadLetterJpaConverter,org.axonframework.axonserver.connector.TopologyChange$Type,org.axonframework.axonserver.connector.util.PriorityTaskSchedulers,org.axonframework.axonserver.connector.util.Scheduler","ConditionalOnMissingQualifiedBean,ParameterResolverFactory,DefaultSagaManagerSpanFactory,ResultMessage,GenericCommandMessage,EventCountSnapshotTriggerDefinition$EventCountSnapshotTrigger,CleanGapsStatementBuilder,TimestampWriter,AnnotationUtils,ConflictingModificationException,EntityId,SequenceNumberParameterResolverFactory,PropertySequencingPolicy,DeadLetterJpaConverter,TopologyChange$Type,PriorityTaskSchedulers,Scheduler",""
"communityMaximumKCutId",93,15,"org.axonframework.deadline.DeadlineManagerSpanFactory,org.axonframework.queryhandling.SimpleQueryBus,org.axonframework.serialization.json.JacksonSerializer,org.axonframework.common.BuilderUtils,org.axonframework.eventsourcing.conflictresolution.ConflictResolution,org.axonframework.eventsourcing.FilteringEventStorageEngine,org.axonframework.common.io.IOUtils,org.axonframework.config.ConfigurationParameterResolverFactory,org.axonframework.modelling.saga.repository.jpa.SagaEntry,org.axonframework.eventhandling.replay.ReplayAwareMessageHandlerWrapper$ReplayBlockingMessageHandlingMember,org.axonframework.common.lock.PessimisticLockFactory$DisposableLock,org.axonframework.deadline.SimpleDeadlineManager$DeadlineId,org.axonframework.serialization.GapAwareTrackingTokenConverter$ReflectivelyConstructedGapSetConverter,org.axonframework.tracing.LoggingSpanFactory$Slf4jSpan,org.axonframework.axonserver.connector.util.GrpcObjectSerializer","DeadlineManagerSpanFactory,SimpleQueryBus,JacksonSerializer,BuilderUtils,ConflictResolution,FilteringEventStorageEngine,IOUtils,ConfigurationParameterResolverFactory,SagaEntry,ReplayAwareMessageHandlerWrapper$ReplayBlockingMessageHandlingMember,PessimisticLockFactory$DisposableLock,SimpleDeadlineManager$DeadlineId,GapAwareTrackingTokenConverter$ReflectivelyConstructedGapSetConverter,LoggingSpanFactory$Slf4jSpan,GrpcObjectSerializer",""
"communityMaximumKCutId",92,14,"org.axonframework.deadline.dbscheduler.DbSchedulerDeadlineManager,org.axonframework.serialization.xml.XStreamSerializer$Builder,org.axonframework.springboot.autoconfig.CBORMapperAutoConfiguration,org.axonframework.test.aggregate.StubAggregateLifecycleExtension,org.axonframework.commandhandling.AnnotationCommandHandlerAdapter,org.axonframework.eventsourcing.conflictresolution.NoConflictResolver,org.axonframework.eventsourcing.eventstore.EqualRevisionPredicate,org.axonframework.disruptor.commandhandling.DisruptorCommandBus,org.axonframework.modelling.command.inspection.MethodCreationPolicyDefinition$MethodCreationPolicyHandlingMember,org.axonframework.modelling.command.AggregateAnnotationCommandHandler$1,org.axonframework.commandhandling.distributed.ReplyMessage,org.axonframework.common.jdbc.PagingJdbcIterable$PagingStatementSupplier,org.axonframework.tracing.NestingSpanFactory,org.axonframework.axonserver.connector.util.TokenAddingInterceptor","DbSchedulerDeadlineManager,XStreamSerializer$Builder,CBORMapperAutoConfiguration,StubAggregateLifecycleExtension,AnnotationCommandHandlerAdapter,NoConflictResolver,EqualRevisionPredicate,DisruptorCommandBus,MethodCreationPolicyDefinition$MethodCreationPolicyHandlingMember,AggregateAnnotationCommandHandler$1,ReplyMessage,PagingJdbcIterable$PagingStatementSupplier,NestingSpanFactory,TokenAddingInterceptor",""
"communityMaximumKCutId",70,12,"org.axonframework.springboot.autoconfig.XStreamAutoConfiguration$XStreamConfiguredCondition$EventsXStreamCondition,org.axonframework.config.EventProcessingConfigurer,org.axonframework.modelling.saga.repository.jdbc.GenericSagaSqlSchema,org.axonframework.springboot.EventProcessorProperties$Mode,org.axonframework.deadline.annotation.DeadlineMethodMessageHandlerDefinition$DeadlineMethodMessageHandlingMember,org.axonframework.messaging.interceptors.ResultHandler,org.axonframework.commandhandling.gateway.IntervalRetryScheduler$Builder,org.axonframework.common.caching.JCacheAdapter,org.axonframework.eventhandling.TrackingEventProcessor$Worker,org.axonframework.eventhandling.pooled.WorkPackage$BatchProcessor,org.axonframework.eventhandling.scheduling.java.SimpleScheduleToken,org.axonframework.eventhandling.tokenstore.GenericTokenEntry","XStreamAutoConfiguration$XStreamConfiguredCondition$EventsXStreamCondition,EventProcessingConfigurer,GenericSagaSqlSchema,EventProcessorProperties$Mode,DeadlineMethodMessageHandlerDefinition$DeadlineMethodMessageHandlingMember,ResultHandler,IntervalRetryScheduler$Builder,JCacheAdapter,TrackingEventProcessor$Worker,WorkPackage$BatchProcessor,SimpleScheduleToken,GenericTokenEntry",""
"communityMaximumKCutId",98,22,"org.axonframework.springboot.autoconfig.XStreamAutoConfiguration$XStreamConfiguredCondition,org.axonframework.queryhandling.SimpleQueryUpdateEmitter,org.axonframework.test.FixtureResourceParameterResolverFactory,org.axonframework.eventsourcing.eventstore.DomainEventStream,org.axonframework.eventsourcing.AbstractAggregateFactory,org.axonframework.eventsourcing.AbstractSnapshotter$RunnableAndFinally,org.axonframework.eventsourcing.AggregateSnapshotter$Builder,org.axonframework.eventsourcing.MultiStreamableMessageSource,org.axonframework.modelling.saga.SagaScopeDescriptor,org.axonframework.modelling.saga.repository.SagaCreationException,org.axonframework.deadline.annotation.DeadlineMethodMessageHandlerDefinition,org.axonframework.commandhandling.WrappedCommandCallback,org.axonframework.commandhandling.AsynchronousCommandBus$Builder,org.axonframework.commandhandling.callbacks.FailureLoggingCallback,org.axonframework.commandhandling.gateway.CommandGatewayFactory$WaitForResult,org.axonframework.common.TypeReflectionUtils$VarMap$ParameterizedTypeImpl,org.axonframework.common.jdbc.PagingJdbcIterable,org.axonframework.serialization.xml.Dom4JToByteArrayConverter,org.axonframework.eventhandling.pooled.MaxSegmentProvider,org.axonframework.updates.detection.KotlinVersion,org.axonframework.axonserver.connector.TopologyChange$1,org.axonframework.axonserver.connector.event.axon.AxonServerEventStore$AxonIQEventStorageEngine$1","XStreamAutoConfiguration$XStreamConfiguredCondition,SimpleQueryUpdateEmitter,FixtureResourceParameterResolverFactory,DomainEventStream,AbstractAggregateFactory,AbstractSnapshotter$RunnableAndFinally,AggregateSnapshotter$Builder,MultiStreamableMessageSource,SagaScopeDescriptor,SagaCreationException,DeadlineMethodMessageHandlerDefinition,WrappedCommandCallback,AsynchronousCommandBus$Builder,FailureLoggingCallback,CommandGatewayFactory$WaitForResult,TypeReflectionUtils$VarMap$ParameterizedTypeImpl,PagingJdbcIterable,Dom4JToByteArrayConverter,MaxSegmentProvider,KotlinVersion,TopologyChange$1,AxonServerEventStore$AxonIQEventStorageEngine$1",""
"communityMaximumKCutId",44,21,"org.axonframework.springboot.autoconfig.XStreamAutoConfiguration$XStreamConfiguredCondition$GeneralDefaultCondition,org.axonframework.test.eventscheduler.ScheduledItem,org.axonframework.eventsourcing.eventstore.EventStoreException,org.axonframework.eventsourcing.NoSnapshotTriggerDefinition$NoSnapshotTrigger,org.axonframework.eventsourcing.SnapshotTriggerDefinition,org.axonframework.eventsourcing.eventstore.legacyjpa.EmbeddedEventStore$Cleaner,org.axonframework.lifecycle.StartHandler,org.axonframework.config.ProcessingGroup,org.axonframework.modelling.command.inspection.ForwardingCommandMessageHandlingMember,org.axonframework.modelling.command.inspection.AnnotatedCommandHandlerInterceptor,org.axonframework.modelling.saga.PayloadAssociationResolver,org.axonframework.messaging.MetaData$MetaDataCollector,org.axonframework.commandhandling.distributed.CommandCallbackRepository,org.axonframework.common.jdbc.UnitOfWorkAwareConnectionProviderWrapper$UoWAttachedConnectionImpl,org.axonframework.queryhandling.QueryExecutionException,org.axonframework.queryhandling.SinksManyWrapper,org.axonframework.axonserver.connector.util.GrpcMessageSizeWarningThresholdReachedException,org.axonframework.axonserver.connector.util.GrpcObjectSerializer$Serializer,org.axonframework.axonserver.connector.query.subscription.SubscriptionMessageSerializer,org.axonframework.axonserver.connector.heartbeat.connection.checker.ActiveGrpcChannelChecker,org.axonframework.axonserver.connector.event.axon.GrpcMetaDataAwareSerializer","XStreamAutoConfiguration$XStreamConfiguredCondition$GeneralDefaultCondition,ScheduledItem,EventStoreException,NoSnapshotTriggerDefinition$NoSnapshotTrigger,SnapshotTriggerDefinition,EmbeddedEventStore$Cleaner,StartHandler,ProcessingGroup,ForwardingCommandMessageHandlingMember,AnnotatedCommandHandlerInterceptor,PayloadAssociationResolver,MetaData$MetaDataCollector,CommandCallbackRepository,UnitOfWorkAwareConnectionProviderWrapper$UoWAttachedConnectionImpl,QueryExecutionException,SinksManyWrapper,GrpcMessageSizeWarningThresholdReachedException,GrpcObjectSerializer$Serializer,SubscriptionMessageSerializer,ActiveGrpcChannelChecker,GrpcMetaDataAwareSerializer",""
"communityMaximumKCutId",26,19,"org.axonframework.springboot.autoconfig.XStreamAutoConfiguration$XStreamConfiguredCondition$MessagesXStreamCondition,org.axonframework.eventsourcing.eventstore.jdbc.JdbcEventStorageEngine$Builder,org.axonframework.messaging.Message,org.axonframework.messaging.ScopeDescriptor,org.axonframework.commandhandling.CommandCallback,org.axonframework.messaging.annotation.MultiHandlerEnhancerDefinition,org.axonframework.eventhandling.TrackingEventStream,org.axonframework.modelling.command.ConflictingAggregateVersionException,org.axonframework.common.DirectExecutor,org.axonframework.eventsourcing.eventstore.SequenceEventStorageEngine$ConcatenatingDomainEventStream,org.axonframework.modelling.saga.SagaRepository,org.axonframework.messaging.Distributed,org.axonframework.disruptor.commandhandling.EventPublisher,org.axonframework.messaging.unitofwork.RollbackConfigurationType$3,org.axonframework.commandhandling.gateway.AxonNonTransientExceptionClassesPredicate,org.axonframework.eventhandling.tokenstore.UnableToClaimTokenException,org.axonframework.eventhandling.scheduling.java.SimpleEventScheduler$PublishEventTask,org.axonframework.updates.api.UpdateCheckRequest,org.axonframework.axonserver.connector.event.axon.PersistentStreamConnection$SegmentConnection$ProcessingState","XStreamAutoConfiguration$XStreamConfiguredCondition$MessagesXStreamCondition,JdbcEventStorageEngine$Builder,Message,ScopeDescriptor,CommandCallback,MultiHandlerEnhancerDefinition,TrackingEventStream,ConflictingAggregateVersionException,DirectExecutor,SequenceEventStorageEngine$ConcatenatingDomainEventStream,SagaRepository,Distributed,EventPublisher,RollbackConfigurationType$3,AxonNonTransientExceptionClassesPredicate,UnableToClaimTokenException,SimpleEventScheduler$PublishEventTask,UpdateCheckRequest,PersistentStreamConnection$SegmentConnection$ProcessingState",""
"communityMaximumKCutId",31,11,"org.axonframework.springboot.autoconfig.XStreamAutoConfiguration$XStreamConfiguredCondition$GeneralXStreamCondition,org.axonframework.springboot.EventProcessorProperties$Dlq,org.axonframework.modelling.saga.DefaultSagaManagerSpanFactory$Builder,org.axonframework.springboot.autoconfig.UpdateCheckerAutoConfiguration,org.axonframework.config.ModuleConfiguration,org.axonframework.serialization.upcasting.event.IntermediateEventRepresentation,org.axonframework.modelling.saga.repository.legacyjpa.JpaSagaStore$EntryImpl,org.axonframework.eventhandling.replay.ReplayParameterResolverFactory$ReplayParameterResolver,org.axonframework.common.jpa.PagingJpaQueryIterable$PagingIterator,org.axonframework.serialization.xml.InputStreamToDom4jConverter,org.axonframework.axonserver.connector.event.axon.EventBuffer$SimpleSpliterator","XStreamAutoConfiguration$XStreamConfiguredCondition$GeneralXStreamCondition,EventProcessorProperties$Dlq,DefaultSagaManagerSpanFactory$Builder,UpdateCheckerAutoConfiguration,ModuleConfiguration,IntermediateEventRepresentation,JpaSagaStore$EntryImpl,ReplayParameterResolverFactory$ReplayParameterResolver,PagingJpaQueryIterable$PagingIterator,InputStreamToDom4jConverter,EventBuffer$SimpleSpliterator",""
"communityMaximumKCutId",72,12,"org.axonframework.springboot.autoconfig.InterceptorAutoConfiguration,org.axonframework.eventsourcing.Snapshotter,org.axonframework.springboot.util.XStreamSecurityTypeUtility,org.axonframework.lifecycle.Lifecycle,org.axonframework.test.deadline.ScheduledDeadlineInfo,org.axonframework.modelling.saga.repository.NoResourceInjector,org.axonframework.disruptor.commandhandling.BlacklistDetectingCallback,org.axonframework.commandhandling.gateway.Timeout,org.axonframework.eventhandling.EventTrackerStatus,org.axonframework.eventhandling.async.SequentialPolicy,org.axonframework.messaging.annotation.MessageHandlerTimeout,org.axonframework.queryhandling.UpdateHandlerRegistration","InterceptorAutoConfiguration,Snapshotter,XStreamSecurityTypeUtility,Lifecycle,ScheduledDeadlineInfo,NoResourceInjector,BlacklistDetectingCallback,Timeout,EventTrackerStatus,SequentialPolicy,MessageHandlerTimeout,UpdateHandlerRegistration",""
"communityMaximumKCutId",22,18,"org.axonframework.messaging.MessageDispatchInterceptor,org.axonframework.axonserver.connector.AxonServerConfiguration$PersistentStreamSettings,org.axonframework.eventsourcing.DefaultSnapshotterSpanFactory,org.axonframework.common.transaction.NoTransactionManager,org.axonframework.test.matchers.PayloadsMatcher,org.axonframework.test.saga.FixtureExecutionResultImpl,org.axonframework.eventsourcing.AbstractSnapshotter$SilentTask,org.axonframework.eventsourcing.AbstractSnapshotter$CreateSnapshotTask,org.axonframework.eventsourcing.eventstore.AbstractEventStore$Builder,org.axonframework.config.LifecycleHandlerInspector,org.axonframework.commandhandling.callbacks.NoOpCallback,org.axonframework.messaging.annotation.SourceIdParameterResolverFactory$SourceIdParameterResolver,org.axonframework.messaging.annotation.ScopeDescriptorParameterResolverFactory,org.axonframework.commandhandling.AsynchronousCommandBus,org.axonframework.commandhandling.distributed.ServiceRegistryException,org.axonframework.deadline.dbscheduler.DbSchedulerHumanReadableDeadlineDetails,org.axonframework.axonserver.connector.util.GrpcMetaDataConverter,org.axonframework.axonserver.connector.query.subscription.GrpcBackedSubscriptionQueryMessage","MessageDispatchInterceptor,AxonServerConfiguration$PersistentStreamSettings,DefaultSnapshotterSpanFactory,NoTransactionManager,PayloadsMatcher,FixtureExecutionResultImpl,AbstractSnapshotter$SilentTask,AbstractSnapshotter$CreateSnapshotTask,AbstractEventStore$Builder,LifecycleHandlerInspector,NoOpCallback,SourceIdParameterResolverFactory$SourceIdParameterResolver,ScopeDescriptorParameterResolverFactory,AsynchronousCommandBus,ServiceRegistryException,DbSchedulerHumanReadableDeadlineDetails,GrpcMetaDataConverter,GrpcBackedSubscriptionQueryMessage",""
"communityMaximumKCutId",84,24,"org.axonframework.eventhandling.gateway.EventGateway,org.axonframework.tracing.SpanAttributesProvider,org.axonframework.modelling.saga.SagaManagerSpanFactory,org.axonframework.springboot.TracingProperties$SnapshotterProperties,org.axonframework.springboot.MetricsProperties$AutoConfiguration,org.axonframework.eventhandling.Segment,org.axonframework.modelling.saga.repository.AnnotatedSagaRepository$Builder,org.axonframework.eventsourcing.NoSnapshotTriggerDefinition$1,org.axonframework.eventsourcing.AggregateLoadTimeSnapshotTriggerDefinition,org.axonframework.common.property.PropertyAccessStrategy,org.axonframework.modelling.command.inspection.AggregateModellingException,org.axonframework.common.ListUtils,org.axonframework.serialization.ContentTypeConverter,org.axonframework.commandhandling.distributed.AnnotationRoutingStrategy$Builder,org.axonframework.commandhandling.distributed.commandfilter.AcceptAll,org.axonframework.commandhandling.gateway.CommandGatewayFactory$DispatchOnInvocationHandler,org.axonframework.common.stream.StreamUtils,org.axonframework.eventhandling.pooled.CoordinatorTask,org.axonframework.eventhandling.gateway.AbstractEventGateway,org.axonframework.eventhandling.scheduling.quartz.QuartzEventScheduler$DirectEventJobDataBinder,org.axonframework.messaging.interceptors.BeanValidationInterceptor,org.axonframework.messaging.timeout.AxonTaskJanitor,org.axonframework.serialization.upcasting.event.EventTypeUpcaster$Builder,org.axonframework.updates.configuration.HierarchicalUsagePropertyProvider","EventGateway,SpanAttributesProvider,SagaManagerSpanFactory,TracingProperties$SnapshotterProperties,MetricsProperties$AutoConfiguration,Segment,AnnotatedSagaRepository$Builder,NoSnapshotTriggerDefinition$1,AggregateLoadTimeSnapshotTriggerDefinition,PropertyAccessStrategy,AggregateModellingException,ListUtils,ContentTypeConverter,AnnotationRoutingStrategy$Builder,AcceptAll,CommandGatewayFactory$DispatchOnInvocationHandler,StreamUtils,CoordinatorTask,AbstractEventGateway,QuartzEventScheduler$DirectEventJobDataBinder,BeanValidationInterceptor,AxonTaskJanitor,EventTypeUpcaster$Builder,HierarchicalUsagePropertyProvider",""
"communityMaximumKCutId",88,20,"org.axonframework.commandhandling.gateway.CommandGateway,org.axonframework.eventhandling.TrackedEventMessage,org.axonframework.messaging.timeout.UnitOfWorkTimeoutInterceptor,org.axonframework.axonserver.connector.event.axon.AxonServerEventScheduler,org.axonframework.deadline.DeadlineMessage,org.axonframework.test.saga.SagaTestFixture$TransienceValidatingResourceInjector,org.axonframework.test.eventscheduler.EventConsumer,org.axonframework.common.lock.LockFactory,org.axonframework.modelling.command.inspection.MethodCommandHandlerInterceptorDefinition$1,org.axonframework.modelling.saga.SagaInstantiationException,org.axonframework.modelling.saga.metamodel.AnnotationSagaMetaModelFactory,org.axonframework.commandhandling.distributed.UnresolvedRoutingKeyPolicy,org.axonframework.commandhandling.distributed.ConsistentHash,org.axonframework.commandhandling.distributed.commandfilter.AndCommandMessageFilter,org.axonframework.serialization.upcasting.Upcaster,org.axonframework.eventhandling.deadletter.jdbc.DeadLetterTableFactory,org.axonframework.queryhandling.QueryBus$1,org.axonframework.axonserver.connector.TopologyChange,org.axonframework.axonserver.connector.Handlers,org.axonframework.axonserver.connector.ServerConnectorConfigurerModule","CommandGateway,TrackedEventMessage,UnitOfWorkTimeoutInterceptor,AxonServerEventScheduler,DeadlineMessage,SagaTestFixture$TransienceValidatingResourceInjector,EventConsumer,LockFactory,MethodCommandHandlerInterceptorDefinition$1,SagaInstantiationException,AnnotationSagaMetaModelFactory,UnresolvedRoutingKeyPolicy,ConsistentHash,AndCommandMessageFilter,Upcaster,DeadLetterTableFactory,QueryBus$1,TopologyChange,Handlers,ServerConnectorConfigurerModule",""
"communityMaximumKCutId",85,7,"org.axonframework.queryhandling.QueryBus,org.axonframework.messaging.annotation.MultiParameterResolverFactory,org.axonframework.eventsourcing.AbstractSnapshotter$AggregateTypeId,org.axonframework.eventsourcing.eventstore.AbstractSnapshotEventEntry,org.axonframework.modelling.command.inspection.CreationPolicyMember,org.axonframework.modelling.command.TargetAggregateIdentifier,org.axonframework.modelling.saga.repository.jdbc.PostgresSagaSqlSchema","QueryBus,MultiParameterResolverFactory,AbstractSnapshotter$AggregateTypeId,AbstractSnapshotEventEntry,CreationPolicyMember,TargetAggregateIdentifier,PostgresSagaSqlSchema",""
"communityMaximumKCutId",10,18,"org.axonframework.queryhandling.QueryGateway,org.axonframework.axonserver.connector.event.axon.DefaultPersistentStreamMessageSourceFactory,org.axonframework.springboot.autoconfig.AxonServerAutoConfiguration$ConnectionDetailsConnectionManagerConfiguration,org.axonframework.tracing.attributes.AggregateIdentifierSpanAttributesProvider,org.axonframework.updates.UpdateCheckerHttpClient,org.axonframework.test.AxonAssertionError,org.axonframework.test.matchers.DeepEqualsMatcher,org.axonframework.test.aggregate.AggregateTestFixture$ComparationEntry,org.axonframework.eventsourcing.NoSnapshotTriggerDefinition,org.axonframework.eventsourcing.eventstore.AbstractSnapshotEventEntry$PK,org.axonframework.eventsourcing.eventstore.jdbc.Oracle11EventTableFactory,org.axonframework.config.MessageMonitorFactoryBuilder,org.axonframework.modelling.saga.SagaInitializationPolicy,org.axonframework.modelling.saga.repository.AssociationValueMap$1,org.axonframework.modelling.saga.repository.jpa.JpaSagaStore$EntryImpl,org.axonframework.messaging.unitofwork.MessageProcessingContext,org.axonframework.eventhandling.ConcludesBatchParameterResolverFactory,org.axonframework.serialization.json.JsonNodeToObjectNodeConverter","QueryGateway,DefaultPersistentStreamMessageSourceFactory,AxonServerAutoConfiguration$ConnectionDetailsConnectionManagerConfiguration,AggregateIdentifierSpanAttributesProvider,UpdateCheckerHttpClient,AxonAssertionError,DeepEqualsMatcher,AggregateTestFixture$ComparationEntry,NoSnapshotTriggerDefinition,AbstractSnapshotEventEntry$PK,Oracle11EventTableFactory,MessageMonitorFactoryBuilder,SagaInitializationPolicy,AssociationValueMap$1,JpaSagaStore$EntryImpl,MessageProcessingContext,ConcludesBatchParameterResolverFactory,JsonNodeToObjectNodeConverter",""
"communityMaximumKCutId",74,15,"org.axonframework.queryhandling.QueryUpdateEmitter,org.axonframework.deadline.GenericDeadlineMessage,org.axonframework.test.matchers.EqualFieldsMatcher,org.axonframework.messaging.annotation.MultiHandlerDefinition,org.axonframework.modelling.command.AggregateNotFoundException,org.axonframework.modelling.command.ConcurrencyException,org.axonframework.modelling.command.TargetAggregateVersion,org.axonframework.messaging.annotation.ResultParameterResolverFactory,org.axonframework.messaging.annotation.ScopeDescriptorParameterResolverFactory$1,org.axonframework.commandhandling.distributed.commandfilter.DenyAll,org.axonframework.commandhandling.distributed.commandfilter.DenyCommandNameFilter,org.axonframework.common.property.PropertyAccessException,org.axonframework.deadline.annotation.DeadlineHandlingMember,org.axonframework.eventhandling.scheduling.java.SimpleEventScheduler$Builder,org.axonframework.axonserver.connector.util.GrpcMetaData","QueryUpdateEmitter,GenericDeadlineMessage,EqualFieldsMatcher,MultiHandlerDefinition,AggregateNotFoundException,ConcurrencyException,TargetAggregateVersion,ResultParameterResolverFactory,ScopeDescriptorParameterResolverFactory$1,DenyAll,DenyCommandNameFilter,PropertyAccessException,DeadlineHandlingMember,SimpleEventScheduler$Builder,GrpcMetaData",""
"communityMaximumKCutId",71,11,"org.axonframework.commandhandling.CommandBusSpanFactory,org.axonframework.messaging.interceptors.CorrelationDataInterceptor,org.axonframework.queryhandling.SimpleQueryBus$Builder,org.axonframework.test.saga.DescriptionUtils,org.axonframework.messaging.unitofwork.CurrentUnitOfWork,org.axonframework.modelling.command.AnnotationCommandTargetResolver,org.axonframework.messaging.annotation.HasHandlerAttributes,org.axonframework.eventhandling.TrackingTokenParameterResolverFactory$TrackingTokenParameterResolver,org.axonframework.eventhandling.TrackingEventProcessor$WrappedMessageStream,org.axonframework.eventhandling.async.PropertySequencingPolicy$Builder,org.axonframework.axonserver.connector.AxonServerConfiguration$EventStoreConfiguration","CommandBusSpanFactory,CorrelationDataInterceptor,SimpleQueryBus$Builder,DescriptionUtils,CurrentUnitOfWork,AnnotationCommandTargetResolver,HasHandlerAttributes,TrackingTokenParameterResolverFactory$TrackingTokenParameterResolver,TrackingEventProcessor$WrappedMessageStream,PropertySequencingPolicy$Builder,AxonServerConfiguration$EventStoreConfiguration",""
"communityMaximumKCutId",54,12,"org.axonframework.queryhandling.QueryBusSpanFactory,org.axonframework.springboot.autoconfig.SecurityAutoConfiguration,org.axonframework.eventhandling.scheduling.ScheduleToken,org.axonframework.eventsourcing.AggregateCacheEntry,org.axonframework.modelling.saga.SagaMethodMessageHandlingMember,org.axonframework.modelling.command.inspection.ChildEntity,org.axonframework.monitoring.MessageMonitor$MonitorCallback,org.axonframework.deadline.SimpleDeadlineManager$1,org.axonframework.eventhandling.async.AsynchronousEventProcessingStrategy$1,org.axonframework.eventhandling.deadletter.jdbc.JdbcDeadLetter,org.axonframework.eventhandling.pooled.Coordinator$EventFilter,org.axonframework.messaging.HandlerAttributes","QueryBusSpanFactory,SecurityAutoConfiguration,ScheduleToken,AggregateCacheEntry,SagaMethodMessageHandlingMember,ChildEntity,MessageMonitor$MonitorCallback,SimpleDeadlineManager$1,AsynchronousEventProcessingStrategy$1,JdbcDeadLetter,Coordinator$EventFilter,HandlerAttributes",""
"communityMaximumKCutId",77,14,"org.axonframework.queryhandling.QueryInvocationErrorHandler,org.axonframework.serialization.xml.CompactDriver,org.axonframework.messaging.DefaultInterceptorChain,org.axonframework.eventhandling.ListenerInvocationErrorHandler,org.axonframework.test.FixtureResourceParameterResolverFactory$FailingParameterResolver,org.axonframework.eventsourcing.eventstore.jdbc.statements.AppendSnapshotStatementBuilder,org.axonframework.serialization.SerializedObject,org.axonframework.eventsourcing.eventstore.jdbc.MySqlEventTableFactory,org.axonframework.config.LifecycleHandler,org.axonframework.modelling.command.AggregateAnnotationCommandHandler$AggregateCreateOrUpdateCommandHandler,org.axonframework.modelling.saga.SagaEventHandler,org.axonframework.modelling.saga.repository.jdbc.JdbcSagaStore$EntryImpl,org.axonframework.eventhandling.TrackingEventProcessor$ClaimSegmentInstruction,org.axonframework.eventhandling.deadletter.jdbc.DeadLetterSchema$Builder","QueryInvocationErrorHandler,CompactDriver,DefaultInterceptorChain,ListenerInvocationErrorHandler,FixtureResourceParameterResolverFactory$FailingParameterResolver,AppendSnapshotStatementBuilder,SerializedObject,MySqlEventTableFactory,LifecycleHandler,AggregateAnnotationCommandHandler$AggregateCreateOrUpdateCommandHandler,SagaEventHandler,JdbcSagaStore$EntryImpl,TrackingEventProcessor$ClaimSegmentInstruction,DeadLetterSchema$Builder",""
"communityMaximumKCutId",50,13,"org.axonframework.axonserver.connector.event.axon.AxonServerEventStore$Builder,org.axonframework.queryhandling.DefaultQueryGateway,org.axonframework.queryhandling.LoggingQueryInvocationErrorHandler,org.axonframework.tracing.NoOpSpanFactory,org.axonframework.modelling.command.Aggregate,org.axonframework.modelling.saga.EndSaga,org.axonframework.common.caching.EhCache3Adapter,org.axonframework.serialization.CachingSupplier,org.axonframework.deadline.quartz.DeadlineJob,org.axonframework.eventhandling.deadletter.jdbc.DefaultDeadLetterJdbcConverter$Builder,org.axonframework.queryhandling.QueryHandlerAdapter,org.axonframework.serialization.upcasting.GenericUpcasterChain,org.axonframework.tracing.NestingSpanFactory$Builder","AxonServerEventStore$Builder,DefaultQueryGateway,LoggingQueryInvocationErrorHandler,NoOpSpanFactory,Aggregate,EndSaga,EhCache3Adapter,CachingSupplier,DeadlineJob,DefaultDeadLetterJdbcConverter$Builder,QueryHandlerAdapter,GenericUpcasterChain,NestingSpanFactory$Builder",""
"communityMaximumKCutId",35,16,"org.axonframework.commandhandling.distributed.RoutingStrategy,org.axonframework.tracing.opentelemetry.OpenTelemetrySpanFactory$Builder,org.axonframework.eventhandling.GenericEventMessage,org.axonframework.eventhandling.GenericDomainEventEntry,org.axonframework.eventsourcing.eventstore.jdbc.statements.AppendEventsStatementBuilder,org.axonframework.config.DefaultConfigurer$1,org.axonframework.messaging.unitofwork.RollbackConfiguration,org.axonframework.modelling.command.AggregateCreationPolicy,org.axonframework.modelling.saga.repository.AssociationValueMap,org.axonframework.disruptor.commandhandling.FirstLevelCache$1,org.axonframework.eventhandling.ReplayStatus,org.axonframework.serialization.SerializedMetaData,org.axonframework.messaging.deadletter.NoSuchDeadLetterException,org.axonframework.messaging.interceptors.TransactionManagingInterceptor,org.axonframework.axonserver.connector.processor.EventProcessorControlService$AxonProcessorInstructionHandler,org.axonframework.axonserver.connector.util.GrpcPayloadSerializer$1","RoutingStrategy,OpenTelemetrySpanFactory$Builder,GenericEventMessage,GenericDomainEventEntry,AppendEventsStatementBuilder,DefaultConfigurer$1,RollbackConfiguration,AggregateCreationPolicy,AssociationValueMap,FirstLevelCache$1,ReplayStatus,SerializedMetaData,NoSuchDeadLetterException,TransactionManagingInterceptor,EventProcessorControlService$AxonProcessorInstructionHandler,GrpcPayloadSerializer$1",""
"communityMaximumKCutId",99,9,"org.axonframework.axonserver.connector.command.AxonServerCommandBus$Builder,org.axonframework.serialization.AnnotationRevisionResolver,org.axonframework.eventhandling.GenericDomainEventMessage,org.axonframework.eventhandling.tokenstore.inmemory.InMemoryTokenStore,org.axonframework.messaging.annotation.MetaDataValue,org.axonframework.commandhandling.distributed.CommandBusConnectorCommunicationException,org.axonframework.eventhandling.WrappedTrackerStatus,org.axonframework.queryhandling.DefaultSubscriptionQueryResult,org.axonframework.updates.api.UpdateCheckResponse","AxonServerCommandBus$Builder,AnnotationRevisionResolver,GenericDomainEventMessage,InMemoryTokenStore,MetaDataValue,CommandBusConnectorCommunicationException,WrappedTrackerStatus,DefaultSubscriptionQueryResult,UpdateCheckResponse",""
"communityMaximumKCutId",19,15,"org.axonframework.eventsourcing.eventstore.jpa.JpaEventStorageEngine$Builder,org.axonframework.tracing.attributes.PayloadTypeSpanAttributesProvider,org.axonframework.test.saga.GivenAggregateEventPublisher,org.axonframework.modelling.command.GenericJpaRepository$Builder,org.axonframework.messaging.annotation.FixedValueParameterResolver,org.axonframework.modelling.command.NoArgumentConstructorCreationPolicyAggregateFactory,org.axonframework.modelling.saga.repository.SagaStore$Entry,org.axonframework.eventhandling.TrackingTokenParameterResolverFactory,org.axonframework.messaging.annotation.SourceIdParameterResolverFactory,org.axonframework.messaging.RemoteHandlingException,org.axonframework.serialization.FixedValueRevisionResolver,org.axonframework.serialization.avro.GenericRecordToByteArrayConverter,org.axonframework.serialization.upcasting.event.ContextAwareEventMultiUpcaster,org.axonframework.axonserver.connector.util.ExceptionSerializer,org.axonframework.axonserver.connector.command.AxonServerCommandDispatchException","JpaEventStorageEngine$Builder,PayloadTypeSpanAttributesProvider,GivenAggregateEventPublisher,GenericJpaRepository$Builder,FixedValueParameterResolver,NoArgumentConstructorCreationPolicyAggregateFactory,SagaStore$Entry,TrackingTokenParameterResolverFactory,SourceIdParameterResolverFactory,RemoteHandlingException,FixedValueRevisionResolver,GenericRecordToByteArrayConverter,ContextAwareEventMultiUpcaster,ExceptionSerializer,AxonServerCommandDispatchException",""
"communityMaximumKCutId",16,9,"org.axonframework.common.jdbc.UnitOfWorkAwareConnectionProviderWrapper,org.axonframework.commandhandling.DefaultCommandBusSpanFactory$Builder,org.axonframework.eventhandling.GenericTrackedDomainEventMessage,org.axonframework.messaging.annotation.DefaultParameterResolverFactory$MessageParameterResolver,org.axonframework.commandhandling.CommandExecutionException,org.axonframework.eventhandling.async.PropertySequencingPolicy$1,org.axonframework.messaging.deadletter.ShouldEnqueue,org.axonframework.messaging.annotation.UnsupportedHandlerException,org.axonframework.axonserver.connector.heartbeat.HeartbeatMonitor$DefaultScheduler","UnitOfWorkAwareConnectionProviderWrapper,DefaultCommandBusSpanFactory$Builder,GenericTrackedDomainEventMessage,DefaultParameterResolverFactory$MessageParameterResolver,CommandExecutionException,PropertySequencingPolicy$1,ShouldEnqueue,UnsupportedHandlerException,HeartbeatMonitor$DefaultScheduler",""
"communityMaximumKCutId",73,7,"org.axonframework.eventsourcing.eventstore.jdbc.JdbcSQLErrorCodesResolver,org.axonframework.eventhandling.SimpleEventBus$Builder,org.axonframework.springboot.EventProcessorProperties$DlqCache,org.axonframework.messaging.annotation.AnnotatedHandlerInspector,org.axonframework.modelling.saga.repository.LockingSagaRepository,org.axonframework.messaging.annotation.MessageIdentifier,org.axonframework.axonserver.connector.query.QueryProcessingTask","JdbcSQLErrorCodesResolver,SimpleEventBus$Builder,EventProcessorProperties$DlqCache,AnnotatedHandlerInspector,LockingSagaRepository,MessageIdentifier,QueryProcessingTask",""
"communityMaximumKCutId",52,14,"org.axonframework.modelling.saga.repository.jdbc.JdbcSagaStore$Builder,org.axonframework.test.saga.SagaTestFixture$StubAwareCommandGatewayFactory$Builder,org.axonframework.eventhandling.EventUtils,org.axonframework.eventsourcing.eventstore.jdbc.EventSchema$Builder,org.axonframework.common.caching.WeakReferenceCache,org.axonframework.modelling.saga.metamodel.SagaModel,org.axonframework.messaging.annotation.PayloadParameterResolver,org.axonframework.commandhandling.distributed.AbstractRoutingStrategy,org.axonframework.commandhandling.gateway.ExponentialBackOffIntervalRetryScheduler$Builder,org.axonframework.common.jpa.SimpleEntityManagerProvider,org.axonframework.deadline.AbstractDeadlineManager,org.axonframework.eventhandling.tokenstore.jdbc.TokenSchema$Builder,org.axonframework.messaging.correlation.MultiCorrelationDataProvider,org.axonframework.axonserver.connector.ErrorCode","JdbcSagaStore$Builder,SagaTestFixture$StubAwareCommandGatewayFactory$Builder,EventUtils,EventSchema$Builder,WeakReferenceCache,SagaModel,PayloadParameterResolver,AbstractRoutingStrategy,ExponentialBackOffIntervalRetryScheduler$Builder,SimpleEntityManagerProvider,AbstractDeadlineManager,TokenSchema$Builder,MultiCorrelationDataProvider,ErrorCode",""
"communityMaximumKCutId",60,7,"org.axonframework.eventhandling.tokenstore.jdbc.JdbcTokenStore,org.axonframework.springboot.TracingProperties$QueryBusProperties,org.axonframework.springboot.util.OnQualifiedBeanCondition,org.axonframework.eventsourcing.AggregateLoadTimeSnapshotTriggerDefinition$AggregateLoadTimeSnapshotTrigger,org.axonframework.messaging.deadletter.EnqueuePolicy,org.axonframework.common.property.DirectPropertyAccessStrategy,org.axonframework.messaging.responsetypes.PublisherResponseType","JdbcTokenStore,TracingProperties$QueryBusProperties,OnQualifiedBeanCondition,AggregateLoadTimeSnapshotTriggerDefinition$AggregateLoadTimeSnapshotTrigger,EnqueuePolicy,DirectPropertyAccessStrategy,PublisherResponseType",""
"communityMaximumKCutId",80,12,"org.axonframework.eventsourcing.eventstore.EmbeddedEventStore$Builder,org.axonframework.test.aggregate.StubAggregateLifecycle,org.axonframework.eventsourcing.eventstore.BatchingEventStorageEngine$Builder,org.axonframework.config.MessageHandlerRegistrar,org.axonframework.messaging.deadletter.Decisions,org.axonframework.modelling.command.inspection.AggregateMemberAnnotatedChildEntityMapDefinition,org.axonframework.common.jdbc.DataSourceConnectionProvider,org.axonframework.eventhandling.async.MetaDataSequencingPolicy$1,org.axonframework.eventhandling.scheduling.SchedulingException,org.axonframework.messaging.responsetypes.OptionalResponseType,org.axonframework.axonserver.connector.query.AxonServerRemoteQueryHandlingException,org.axonframework.axonserver.connector.command.GrpcBackedCommandMessage","EmbeddedEventStore$Builder,StubAggregateLifecycle,BatchingEventStorageEngine$Builder,MessageHandlerRegistrar,Decisions,AggregateMemberAnnotatedChildEntityMapDefinition,DataSourceConnectionProvider,MetaDataSequencingPolicy$1,SchedulingException,OptionalResponseType,AxonServerRemoteQueryHandlingException,GrpcBackedCommandMessage",""
"communityMaximumKCutId",42,12,"org.axonframework.config.EventProcessingConfigurer$PooledStreamingProcessorConfiguration,org.axonframework.serialization.avro.AvroSerializer$Builder,org.axonframework.springboot.MetricsProperties,org.axonframework.config.DefaultConfigurer,org.axonframework.eventsourcing.eventstore.AbstractEventStorageEngine$Builder,org.axonframework.eventsourcing.eventstore.jpa.DomainEventEntry,org.axonframework.messaging.deadletter.ThrowableCause,org.axonframework.commandhandling.CommandMessageHandler,org.axonframework.disruptor.commandhandling.CommandHandlingEntry$RepeatingCommandHandler,org.axonframework.commandhandling.DuplicateCommandHandlerResolution,org.axonframework.commandhandling.distributed.CommandMessageFilter,org.axonframework.axonserver.connector.util.GrpcBufferingInterceptor","EventProcessingConfigurer$PooledStreamingProcessorConfiguration,AvroSerializer$Builder,MetricsProperties,DefaultConfigurer,AbstractEventStorageEngine$Builder,DomainEventEntry,ThrowableCause,CommandMessageHandler,CommandHandlingEntry$RepeatingCommandHandler,DuplicateCommandHandlerResolution,CommandMessageFilter,GrpcBufferingInterceptor",""
"communityMaximumKCutId",7,17,"org.axonframework.common.AxonConfigurationException,org.axonframework.serialization.RevisionResolver,org.axonframework.deadline.DefaultDeadlineManagerSpanFactory$Builder,org.axonframework.test.saga.SagaTestFixture$WrappingResourceInjector,org.axonframework.eventsourcing.EventSourcingRepository,org.axonframework.modelling.command.AggregateScopeDescriptor,org.axonframework.config.Component,org.axonframework.messaging.deadletter.DeadLetter,org.axonframework.common.property.Property,org.axonframework.commandhandling.distributed.DistributedCommandBus,org.axonframework.eventhandling.TrackingEventProcessor$Instruction,org.axonframework.eventhandling.pooled.WorkPackage$DefaultProcessingEntry,org.axonframework.messaging.EventPublicationFailedException,org.axonframework.axonserver.connector.AxonServerConfiguration$HeartbeatConfiguration,org.axonframework.axonserver.connector.query.AxonServerNonTransientRemoteQueryHandlingException,org.axonframework.axonserver.connector.event.axon.AxonServerEventStoreFactory$AxonServerEventStoreConfiguration,org.axonframework.axonserver.connector.command.CommandSerializer","AxonConfigurationException,RevisionResolver,DefaultDeadlineManagerSpanFactory$Builder,SagaTestFixture$WrappingResourceInjector,EventSourcingRepository,AggregateScopeDescriptor,Component,DeadLetter,Property,DistributedCommandBus,TrackingEventProcessor$Instruction,WorkPackage$DefaultProcessingEntry,EventPublicationFailedException,AxonServerConfiguration$HeartbeatConfiguration,AxonServerNonTransientRemoteQueryHandlingException,AxonServerEventStoreFactory$AxonServerEventStoreConfiguration,CommandSerializer",""
"communityMaximumKCutId",81,14,"org.axonframework.eventhandling.gateway.DefaultEventGateway,org.axonframework.test.aggregate.AggregateTestFixture$IdentifierValidatingRepository,org.axonframework.modelling.command.LockAwareAggregate,org.axonframework.modelling.command.IdentifierMissingException,org.axonframework.modelling.command.ForwardMatchingInstances,org.axonframework.commandhandling.callbacks.LoggingCallback,org.axonframework.messaging.AbstractMessage,org.axonframework.commandhandling.gateway.CommandGatewayFactory$GatewayInvocationHandler$Builder,org.axonframework.common.TypeReflectionUtils$VarMap,org.axonframework.eventhandling.TrackingEventProcessor$State,org.axonframework.eventhandling.deadletter.SequenceIdentifierCache,org.axonframework.eventhandling.tokenstore.jdbc.Oracle11TokenTableFactory,org.axonframework.queryhandling.GenericStreamingQueryMessage,org.axonframework.serialization.avro.AvroSerializerStrategyConfig","DefaultEventGateway,AggregateTestFixture$IdentifierValidatingRepository,LockAwareAggregate,IdentifierMissingException,ForwardMatchingInstances,LoggingCallback,AbstractMessage,CommandGatewayFactory$GatewayInvocationHandler$Builder,TypeReflectionUtils$VarMap,TrackingEventProcessor$State,SequenceIdentifierCache,Oracle11TokenTableFactory,GenericStreamingQueryMessage,AvroSerializerStrategyConfig",""
"communityMaximumKCutId",78,9,"org.axonframework.messaging.correlation.MessageOriginProvider,org.axonframework.config.EventProcessingConfigurer$SubscribableMessageSourceDefinitionBuilder,org.axonframework.eventsourcing.CachingEventSourcingRepository,org.axonframework.eventsourcing.snapshotting.RevisionSnapshotFilter$Builder,org.axonframework.disruptor.commandhandling.CommandHandlerInvoker,org.axonframework.messaging.annotation.AbstractAnnotatedParameterResolverFactory,org.axonframework.messaging.annotation.AggregateTypeParameterResolverFactory$AggregateTypeParameterResolver,org.axonframework.commandhandling.DuplicateCommandHandlerSubscriptionException,org.axonframework.eventhandling.AbstractEventProcessor$Builder","MessageOriginProvider,EventProcessingConfigurer$SubscribableMessageSourceDefinitionBuilder,CachingEventSourcingRepository,RevisionSnapshotFilter$Builder,CommandHandlerInvoker,AbstractAnnotatedParameterResolverFactory,AggregateTypeParameterResolverFactory$AggregateTypeParameterResolver,DuplicateCommandHandlerSubscriptionException,AbstractEventProcessor$Builder",""
"communityMaximumKCutId",96,17,"org.axonframework.messaging.SubscribableMessageSource,org.axonframework.eventhandling.DefaultEventProcessorSpanFactory$Builder,org.axonframework.updates.LoggingUpdateCheckerReporter,org.axonframework.test.matchers.ListWithAllOfMatcher,org.axonframework.test.saga.SagaTestFixture,org.axonframework.test.aggregate.StubAggregateLifecycleRule,org.axonframework.messaging.unitofwork.UnitOfWork$Phase,org.axonframework.serialization.converters.BlobToInputStreamConverter,org.axonframework.commandhandling.distributed.DistributedCommandBus$Builder,org.axonframework.commandhandling.distributed.CommandCallbackWrapper,org.axonframework.commandhandling.gateway.IntervalRetryScheduler,org.axonframework.eventhandling.replay.GenericResetContext,org.axonframework.eventhandling.scheduling.dbscheduler.EventSchedulerNotSuppliedException,org.axonframework.eventhandling.scheduling.dbscheduler.DbSchedulerHumanReadableEventData,org.axonframework.axonserver.connector.util.GrpcMessageSizeInterceptor$1,org.axonframework.axonserver.connector.AxonServerConfiguration$Eventhandling$ProcessorSettings,org.axonframework.axonserver.connector.event.axon.PersistentStreamConnection$SegmentConnection$RetryState","SubscribableMessageSource,DefaultEventProcessorSpanFactory$Builder,LoggingUpdateCheckerReporter,ListWithAllOfMatcher,SagaTestFixture,StubAggregateLifecycleRule,UnitOfWork$Phase,BlobToInputStreamConverter,DistributedCommandBus$Builder,CommandCallbackWrapper,IntervalRetryScheduler,GenericResetContext,EventSchedulerNotSuppliedException,DbSchedulerHumanReadableEventData,GrpcMessageSizeInterceptor$1,AxonServerConfiguration$Eventhandling$ProcessorSettings,PersistentStreamConnection$SegmentConnection$RetryState",""
"communityMaximumKCutId",69,13,"org.axonframework.serialization.JavaSerializer,org.axonframework.eventhandling.EventProcessorSpanFactory,org.axonframework.springboot.TracingProperties$RepositoryProperties,org.axonframework.eventsourcing.eventstore.AbstractEventStorageEngine,org.axonframework.eventsourcing.eventstore.BatchingEventStorageEngine$1,org.axonframework.config.SagaConfigurer,org.axonframework.modelling.command.inspection.AbstractChildEntityDefinition,org.axonframework.modelling.saga.repository.LockingSagaRepository$Builder,org.axonframework.queryhandling.annotation.MethodQueryMessageHandlerDefinition$MethodQueryMessageHandlingMember,org.axonframework.messaging.annotation.MessageIdentifierParameterResolverFactory$MessageIdentifierParameterResolver,org.axonframework.common.ProcessUtils,org.axonframework.queryhandling.StreamingQueryMessage,org.axonframework.axonserver.connector.util.GrpcBufferingInterceptor$AdditionalMessageRequestingCall","JavaSerializer,EventProcessorSpanFactory,TracingProperties$RepositoryProperties,AbstractEventStorageEngine,BatchingEventStorageEngine$1,SagaConfigurer,AbstractChildEntityDefinition,LockingSagaRepository$Builder,MethodQueryMessageHandlerDefinition$MethodQueryMessageHandlingMember,MessageIdentifierParameterResolverFactory$MessageIdentifierParameterResolver,ProcessUtils,StreamingQueryMessage,GrpcBufferingInterceptor$AdditionalMessageRequestingCall",""
"communityMaximumKCutId",5,13,"org.axonframework.config.Configurer,org.axonframework.axonserver.connector.event.axon.PersistentStreamScheduledExecutorBuilder,org.axonframework.test.matchers.MatchAllFieldFilter,org.axonframework.modelling.command.inspection.AnnotatedAggregate,org.axonframework.eventsourcing.AbstractSnapshotter,org.axonframework.eventsourcing.MultiStreamableMessageSource$Builder,org.axonframework.messaging.annotation.MessageHandlerInterceptorMemberChain,org.axonframework.disruptor.commandhandling.DisruptorCommandBus$1,org.axonframework.eventhandling.TimestampParameterResolverFactory,org.axonframework.common.jdbc.JdbcException,org.axonframework.eventhandling.deadletter.jdbc.GenericDeadLetterTableFactory,org.axonframework.eventhandling.tokenstore.jdbc.GenericTokenTableFactory,org.axonframework.axonserver.connector.heartbeat.ConnectionSanityChecker","Configurer,PersistentStreamScheduledExecutorBuilder,MatchAllFieldFilter,AnnotatedAggregate,AbstractSnapshotter,MultiStreamableMessageSource$Builder,MessageHandlerInterceptorMemberChain,DisruptorCommandBus$1,TimestampParameterResolverFactory,JdbcException,GenericDeadLetterTableFactory,GenericTokenTableFactory,ConnectionSanityChecker",""
"communityMaximumKCutId",87,21,"org.axonframework.serialization.avro.AvroSerializerStrategy,org.axonframework.test.saga.WhenAggregateEventPublisher,org.axonframework.common.IdentifierFactory,org.axonframework.modelling.command.AbstractRepository$Builder,org.axonframework.eventhandling.AbstractEventBus,org.axonframework.eventsourcing.eventstore.legacyjpa.EmbeddedEventStore,org.axonframework.serialization.upcasting.event.EventUpcasterChain,org.axonframework.commandhandling.NoHandlerForCommandException,org.axonframework.modelling.saga.repository.CachingSagaStore$CacheEntry,org.axonframework.messaging.annotation.HandlerComparator,org.axonframework.messaging.unitofwork.RollbackConfigurationType$1,org.axonframework.deadline.dbscheduler.DbSchedulerDeadlineToken,org.axonframework.messaging.deadletter.GenericDeadLetter,org.axonframework.eventhandling.deadletter.jpa.DeadLetterEventEntry,org.axonframework.queryhandling.FluxSinkWrapper,org.axonframework.serialization.GapAwareTrackingTokenConverter,org.axonframework.serialization.upcasting.SingleEntryUpcaster,org.axonframework.axonserver.connector.util.GrpcMessageSizeInterceptor$1$1,org.axonframework.axonserver.connector.util.FlowControllingStreamObserver,org.axonframework.axonserver.connector.event.axon.PersistentStreamConnection$SegmentState,org.axonframework.axonserver.connector.event.axon.AxonServerEventStore$AxonIQEventStorageEngine","AvroSerializerStrategy,WhenAggregateEventPublisher,IdentifierFactory,AbstractRepository$Builder,AbstractEventBus,EmbeddedEventStore,EventUpcasterChain,NoHandlerForCommandException,CachingSagaStore$CacheEntry,HandlerComparator,RollbackConfigurationType$1,DbSchedulerDeadlineToken,GenericDeadLetter,DeadLetterEventEntry,FluxSinkWrapper,GapAwareTrackingTokenConverter,SingleEntryUpcaster,GrpcMessageSizeInterceptor$1$1,FlowControllingStreamObserver,PersistentStreamConnection$SegmentState,AxonServerEventStore$AxonIQEventStorageEngine",""
"communityMaximumKCutId",28,13,"org.axonframework.springboot.util.DefaultEntityRegistrar,org.axonframework.tracing.attributes.MessageTypeSpanAttributesProvider,org.axonframework.updates.UpdateCheckerReporter,org.axonframework.deadline.jobrunr.JobRunrDeadlineManager,org.axonframework.commandhandling.gateway.CommandGatewayFactory$InvocationHandler,org.axonframework.commandhandling.CommandResultMessage,org.axonframework.eventhandling.MultiStreamableMessageSource,org.axonframework.eventsourcing.eventstore.jdbc.statements.FetchTrackedEventsStatementBuilder,org.axonframework.eventhandling.Timestamp,org.axonframework.commandhandling.gateway.AbstractCommandGateway$Builder,org.axonframework.common.caching.EhCacheAdapter,org.axonframework.eventhandling.tokenstore.jpa.TokenEntry$PK,org.axonframework.axonserver.connector.PriorityCallable","DefaultEntityRegistrar,MessageTypeSpanAttributesProvider,UpdateCheckerReporter,JobRunrDeadlineManager,CommandGatewayFactory$InvocationHandler,CommandResultMessage,MultiStreamableMessageSource,FetchTrackedEventsStatementBuilder,Timestamp,AbstractCommandGateway$Builder,EhCacheAdapter,TokenEntry$PK,PriorityCallable",""
"communityMaximumKCutId",30,14,"org.axonframework.springboot.TimeoutProperties$TransactionTimeoutProperties,org.axonframework.test.matchers.PredicateMatcher,org.axonframework.modelling.command.AggregateAnnotationCommandHandler,org.axonframework.eventsourcing.eventstore.jdbc.PostgresEventTableFactory,org.axonframework.eventhandling.SimpleEventHandlerInvoker,org.axonframework.messaging.Scope,org.axonframework.modelling.saga.repository.jpa.AbstractSagaEntry,org.axonframework.messaging.unitofwork.AbstractUnitOfWork,org.axonframework.common.caching.NoCache,org.axonframework.commandhandling.gateway.CommandGatewayFactory$1,org.axonframework.common.jdbc.UnitOfWorkAwareConnectionProviderWrapper$1,org.axonframework.eventhandling.GenericTrackedEventMessage,org.axonframework.eventhandling.TrackerStatus,org.axonframework.queryhandling.SimpleQueryBus$SuccessReporter","TimeoutProperties$TransactionTimeoutProperties,PredicateMatcher,AggregateAnnotationCommandHandler,PostgresEventTableFactory,SimpleEventHandlerInvoker,Scope,AbstractSagaEntry,AbstractUnitOfWork,NoCache,CommandGatewayFactory$1,UnitOfWorkAwareConnectionProviderWrapper$1,GenericTrackedEventMessage,TrackerStatus,SimpleQueryBus$SuccessReporter",""
"communityMaximumKCutId",62,17,"org.axonframework.axonserver.connector.event.axon.EventProcessorInfoConfiguration,org.axonframework.springboot.util.ConditionalOnQualifiedBean,org.axonframework.test.deadline.DeadlineConsumer,org.axonframework.test.matchers.IgnoreField,org.axonframework.test.aggregate.StubAggregateLifecycleRule$1,org.axonframework.eventhandling.DomainEventSequenceAware,org.axonframework.modelling.command.LockingRepository,org.axonframework.serialization.Revision,org.axonframework.messaging.MessageDecorator,org.axonframework.common.lock.PessimisticLockFactory$PubliclyOwnedReentrantLock,org.axonframework.deadline.quartz.QuartzDeadlineManager,org.axonframework.eventhandling.deadletter.jdbc.DeadLetterJdbcConverter,org.axonframework.eventhandling.tokenstore.AbstractTokenEntry,org.axonframework.monitoring.MultiMessageMonitor$1,org.axonframework.queryhandling.GenericSubscriptionQueryUpdateMessage,org.axonframework.serialization.avro.AvroUtil,org.axonframework.tracing.LoggingSpanFactory$Slf4jSpan$Slf4jSpanScope","EventProcessorInfoConfiguration,ConditionalOnQualifiedBean,DeadlineConsumer,IgnoreField,StubAggregateLifecycleRule$1,DomainEventSequenceAware,LockingRepository,Revision,MessageDecorator,PessimisticLockFactory$PubliclyOwnedReentrantLock,QuartzDeadlineManager,DeadLetterJdbcConverter,AbstractTokenEntry,MultiMessageMonitor$1,GenericSubscriptionQueryUpdateMessage,AvroUtil,LoggingSpanFactory$Slf4jSpan$Slf4jSpanScope",""
"communityMaximumKCutId",21,12,"org.axonframework.axonserver.connector.event.axon.PersistentStreamMessageSourceDefinition,org.axonframework.commandhandling.gateway.CommandGatewayFactory,org.axonframework.test.matchers.MatcherExecutionException,org.axonframework.eventsourcing.SnapshotTrigger,org.axonframework.eventhandling.MultiEventHandlerInvoker,org.axonframework.serialization.converters.InputStreamToByteArrayConverter,org.axonframework.commandhandling.distributed.MetaDataRoutingStrategy$Builder,org.axonframework.eventhandling.AbstractDomainEventEntry,org.axonframework.eventhandling.TrackingEventProcessor$TrackingSegmentWorker,org.axonframework.queryhandling.SubscriptionQueryBackpressure,org.axonframework.updates.api.Artifact,org.axonframework.axonserver.connector.util.GrpcMetaDataConverter$1","PersistentStreamMessageSourceDefinition,CommandGatewayFactory,MatcherExecutionException,SnapshotTrigger,MultiEventHandlerInvoker,InputStreamToByteArrayConverter,MetaDataRoutingStrategy$Builder,AbstractDomainEventEntry,TrackingEventProcessor$TrackingSegmentWorker,SubscriptionQueryBackpressure,Artifact,GrpcMetaDataConverter$1",""
"communityMaximumKCutId",39,13,"org.axonframework.commandhandling.distributed.AnnotationRoutingStrategy,org.axonframework.eventhandling.DefaultEventBusSpanFactory,org.axonframework.eventsourcing.EventSourcingRepository$Builder,org.axonframework.eventsourcing.conflictresolution.ConflictDescription,org.axonframework.eventsourcing.eventstore.jdbc.JdbcEventStorageEngine$1,org.axonframework.config.Configuration$1,org.axonframework.disruptor.commandhandling.CommandHandlerInvoker$1,org.axonframework.common.caching.EhCache3Adapter$1,org.axonframework.eventhandling.EventProcessingStrategy,org.axonframework.messaging.timeout.AxonTimeLimitedTask,org.axonframework.serialization.MavenArtifactRevisionResolver,org.axonframework.axonserver.connector.util.GrpcMetadataSerializer,org.axonframework.axonserver.connector.event.axon.PersistentStreamMessageSource","AnnotationRoutingStrategy,DefaultEventBusSpanFactory,EventSourcingRepository$Builder,ConflictDescription,JdbcEventStorageEngine$1,Configuration$1,CommandHandlerInvoker$1,EhCache3Adapter$1,EventProcessingStrategy,AxonTimeLimitedTask,MavenArtifactRevisionResolver,GrpcMetadataSerializer,PersistentStreamMessageSource",""
"communityMaximumKCutId",57,12,"org.axonframework.modelling.command.DefaultRepositorySpanFactory$Builder,org.axonframework.springboot.autoconfig.AxonJobRunrAutoConfiguration,org.axonframework.springboot.util.AbstractQualifiedBeanCondition,org.axonframework.commandhandling.GenericCommandResultMessage,org.axonframework.eventhandling.TrackedEventData,org.axonframework.config.EventProcessingModule$1,org.axonframework.modelling.command.AggregateVersion,org.axonframework.modelling.command.inspection.CommandHandlerInterceptorHandlingMember,org.axonframework.modelling.saga.repository.AssociationValueMap$AssociationValueComparator,org.axonframework.eventhandling.async.AsynchronousEventProcessingStrategy,org.axonframework.messaging.deadletter.InMemorySequencedDeadLetterQueue,org.axonframework.axonserver.connector.command.AxonServerRegistration","DefaultRepositorySpanFactory$Builder,AxonJobRunrAutoConfiguration,AbstractQualifiedBeanCondition,GenericCommandResultMessage,TrackedEventData,EventProcessingModule$1,AggregateVersion,CommandHandlerInterceptorHandlingMember,AssociationValueMap$AssociationValueComparator,AsynchronousEventProcessingStrategy,InMemorySequencedDeadLetterQueue,AxonServerRegistration",""
"communityMaximumKCutId",9,9,"org.axonframework.tracing.attributes.MetadataSpanAttributesProvider,org.axonframework.eventhandling.GlobalSequenceTrackingToken,org.axonframework.eventsourcing.conflictresolution.Conflicts,org.axonframework.eventsourcing.eventstore.jpa.SnapshotEventEntry,org.axonframework.modelling.command.AggregateEntityNotFoundException,org.axonframework.common.StringUtils,org.axonframework.commandhandling.gateway.CommandGatewayFactory$FireAndForget,org.axonframework.serialization.avro.SpecificRecordBaseSerializerStrategy,org.axonframework.axonserver.connector.query.StreamableResponse","MetadataSpanAttributesProvider,GlobalSequenceTrackingToken,Conflicts,SnapshotEventEntry,AggregateEntityNotFoundException,StringUtils,CommandGatewayFactory$FireAndForget,SpecificRecordBaseSerializerStrategy,StreamableResponse",""
"communityMaximumKCutId",8,8,"org.axonframework.springboot.TracingProperties$DeadlineManagerProperties,org.axonframework.test.aggregate.AggregateTestFixture$ExecutionExceptionAwareCallback,org.axonframework.tracing.Span,org.axonframework.eventhandling.AbstractEventBus$Builder,org.axonframework.eventhandling.EventHandlerInvoker,org.axonframework.disruptor.commandhandling.FirstLevelCache,org.axonframework.eventhandling.replay.ReplayContextParameterResolverFactory$ReplayContextParameterResolver,org.axonframework.updates.configuration.DefaultUsagePropertyProvider","TracingProperties$DeadlineManagerProperties,AggregateTestFixture$ExecutionExceptionAwareCallback,Span,AbstractEventBus$Builder,EventHandlerInvoker,FirstLevelCache,ReplayContextParameterResolverFactory$ReplayContextParameterResolver,DefaultUsagePropertyProvider",""
"communityMaximumKCutId",15,12,"org.axonframework.springboot.autoconfig.MicrometerMetricsAutoConfiguration,org.axonframework.eventsourcing.eventstore.DomainEventStream$2,org.axonframework.eventsourcing.eventstore.EmbeddedEventStore$EventProducer,org.axonframework.disruptor.commandhandling.EventPublisher$1,org.axonframework.eventhandling.ConcludesBatch,org.axonframework.common.jdbc.ConnectionWrapperFactory,org.axonframework.eventhandling.EventProcessingException,org.axonframework.eventhandling.AnnotationEventHandlerAdapter,org.axonframework.eventhandling.gateway.AbstractEventGateway$Builder,org.axonframework.messaging.interceptors.LoggingInterceptor,org.axonframework.messaging.timeout.TimeoutWrappedMessageHandlingMember,org.axonframework.axonserver.connector.event.axon.AxonServerEventStore$1","MicrometerMetricsAutoConfiguration,DomainEventStream$2,EmbeddedEventStore$EventProducer,EventPublisher$1,ConcludesBatch,ConnectionWrapperFactory,EventProcessingException,AnnotationEventHandlerAdapter,AbstractEventGateway$Builder,LoggingInterceptor,TimeoutWrappedMessageHandlingMember,AxonServerEventStore$1",""
"communityMaximumKCutId",66,9,"org.axonframework.test.matchers.FieldFilter,org.axonframework.eventsourcing.eventstore.EmbeddedEventStore$Node,org.axonframework.eventsourcing.eventstore.jdbc.statements.ReadEventDataWithGapsStatementBuilder,org.axonframework.config.AxonIQConsoleModule,org.axonframework.modelling.command.inspection.AnnotatedAggregateMetaModelFactory$AnnotatedAggregateModel,org.axonframework.messaging.unitofwork.RollbackConfigurationType$2,org.axonframework.common.legacyjpa.PagingJpaQueryIterable$PagingIterator,org.axonframework.axonserver.connector.ConnectionManager,org.axonframework.axonserver.connector.ErrorCode$ExceptionBuilder","FieldFilter,EmbeddedEventStore$Node,ReadEventDataWithGapsStatementBuilder,AxonIQConsoleModule,AnnotatedAggregateMetaModelFactory$AnnotatedAggregateModel,RollbackConfigurationType$2,PagingJpaQueryIterable$PagingIterator,ConnectionManager,ErrorCode$ExceptionBuilder",""
"communityMaximumKCutId",91,10,"org.axonframework.test.matchers.NullOrVoidMatcher,org.axonframework.test.aggregate.AggregateTestFixture,org.axonframework.messaging.annotation.MessageHandlingMember,org.axonframework.modelling.command.VersionedAggregateIdentifier,org.axonframework.modelling.saga.metamodel.SagaMetaModelFactory,org.axonframework.disruptor.commandhandling.AggregateBlacklistedException,org.axonframework.common.property.UniformPropertyAccessStrategy,org.axonframework.deadline.jobrunr.LabelUtils,org.axonframework.axonserver.connector.processor.StreamingEventProcessorInfoMessage,org.axonframework.axonserver.connector.util.PriorityExecutorService","NullOrVoidMatcher,AggregateTestFixture,MessageHandlingMember,VersionedAggregateIdentifier,SagaMetaModelFactory,AggregateBlacklistedException,UniformPropertyAccessStrategy,LabelUtils,StreamingEventProcessorInfoMessage,PriorityExecutorService",""
"communityMaximumKCutId",51,16,"org.axonframework.test.utils.DefaultCallbackBehavior,org.axonframework.common.Priority,org.axonframework.messaging.annotation.ClasspathParameterResolverFactory,org.axonframework.eventhandling.SimpleEventHandlerInvoker$Builder,org.axonframework.modelling.command.inspection.EntityModel,org.axonframework.disruptor.commandhandling.DisruptorCommandBus$FailureLoggingCommandCallback,org.axonframework.messaging.unitofwork.BatchingUnitOfWork,org.axonframework.commandhandling.gateway.CommandGatewayFactory$MetaDataExtractor,org.axonframework.eventhandling.WrappedToken,org.axonframework.eventhandling.async.EventProcessorTask$ProcessingTask,org.axonframework.eventhandling.async.MetaDataSequencingPolicy$Builder,org.axonframework.eventhandling.pooled.WorkPackage$BatchProcessingEntry,org.axonframework.messaging.interceptors.legacyvalidation.JSR303ViolationException,org.axonframework.messaging.timeout.AxonTimeoutException,org.axonframework.axonserver.connector.query.subscription.DeserializedResult,org.axonframework.axonserver.connector.event.util.GrpcExceptionParser","DefaultCallbackBehavior,Priority,ClasspathParameterResolverFactory,SimpleEventHandlerInvoker$Builder,EntityModel,DisruptorCommandBus$FailureLoggingCommandCallback,BatchingUnitOfWork,CommandGatewayFactory$MetaDataExtractor,WrappedToken,EventProcessorTask$ProcessingTask,MetaDataSequencingPolicy$Builder,WorkPackage$BatchProcessingEntry,JSR303ViolationException,AxonTimeoutException,DeserializedResult,GrpcExceptionParser",""
"communityMaximumKCutId",23,16,"org.axonframework.messaging.GenericMessage,org.axonframework.eventsourcing.eventstore.jdbc.AbstractEventTableFactory,org.axonframework.modelling.command.LockAwareAggregate$LockSupplier,org.axonframework.modelling.saga.AssociationValues,org.axonframework.eventhandling.replay.ReplayAwareMessageHandlerWrapper,org.axonframework.commandhandling.distributed.AnnotationRoutingStrategy$RoutingKeyResolver,org.axonframework.eventhandling.DisallowReplay,org.axonframework.eventhandling.deadletter.jpa.DeadLetterEntry,org.axonframework.eventhandling.deadletter.legacyjpa.DeadLetterJpaConverter,org.axonframework.eventhandling.tokenstore.jdbc.PostgresTokenTableFactory,org.axonframework.messaging.deadletter.InMemorySequencedDeadLetterQueue$Builder,org.axonframework.serialization.avro.AvroSerializerStrategyConfig$Builder,org.axonframework.serialization.json.MetaDataDeserializer,org.axonframework.axonserver.connector.AxonServerException,org.axonframework.axonserver.connector.util.ContextAddingInterceptor,org.axonframework.axonserver.connector.query.StreamableInstanceResponse","GenericMessage,AbstractEventTableFactory,LockAwareAggregate$LockSupplier,AssociationValues,ReplayAwareMessageHandlerWrapper,AnnotationRoutingStrategy$RoutingKeyResolver,DisallowReplay,DeadLetterEntry,DeadLetterJpaConverter,PostgresTokenTableFactory,InMemorySequencedDeadLetterQueue$Builder,AvroSerializerStrategyConfig$Builder,MetaDataDeserializer,AxonServerException,ContextAddingInterceptor,StreamableInstanceResponse",""
