"propertyName","propertyValue","codeUnits","codeUnitNames","shortCodeUnitNames","Source Cypher File: Dependencies_Projection/Dependencies_8_Stream_Mutated_Grouped.cypher"
"communityLabelPropagationId",0,4,"org.axonframework.actuator.axonserver.AxonServerStatusAggregator,org.axonframework.actuator.HealthStatus,org.axonframework.actuator.axonserver.AxonServerHealthIndicator,org.axonframework.springboot.autoconfig.AxonServerActuatorAutoConfiguration","AxonServerStatusAggregator,HealthStatus,AxonServerHealthIndicator,AxonServerActuatorAutoConfiguration",""
"communityLabelPropagationId",1,105,"org.axonframework.axonserver.connector.AxonServerConnectionManager,org.axonframework.springboot.TokenStoreProperties,org.axonframework.config.TagsConfiguration,org.axonframework.config.Configuration,org.axonframework.common.transaction.TransactionManager,org.axonframework.springboot.util.DeadLetterQueueProviderConfigurerModule,org.axonframework.springboot.autoconfig.JpaAutoConfiguration,org.axonframework.modelling.saga.repository.jpa.JpaSagaStore$Builder,org.axonframework.common.jpa.EntityManagerProvider,org.axonframework.springboot.util.jpa.ContainerManagedEntityManagerProvider,org.axonframework.axonserver.connector.ManagedChannelCustomizer,org.axonframework.config.ConfigurerModule,org.axonframework.deadline.DeadlineManager,org.axonframework.deadline.DeadlineManagerSpanFactory,org.axonframework.config.ConfigurationScopeAwareProvider,org.axonframework.eventhandling.gateway.EventGateway,org.axonframework.commandhandling.gateway.CommandGateway,org.axonframework.messaging.MessageDispatchInterceptorSupport,org.axonframework.springboot.autoconfig.TransactionAutoConfiguration,org.axonframework.springboot.autoconfig.NoOpTransactionAutoConfiguration,org.axonframework.messaging.interceptors.CorrelationDataInterceptor,org.axonframework.eventsourcing.Snapshotter,org.axonframework.messaging.correlation.CorrelationDataProvider,org.axonframework.eventsourcing.SnapshotterSpanFactory,org.axonframework.config.Configurer,org.axonframework.axonserver.connector.event.axon.EventProcessorInfoConfiguration,org.axonframework.axonserver.connector.TopologyChangeListener,org.axonframework.modelling.command.RepositorySpanFactory,org.axonframework.common.transaction.NoTransactionManager,org.axonframework.springboot.autoconfig.AxonJobRunrAutoConfiguration,org.axonframework.deadline.jobrunr.JobRunrDeadlineManager,org.axonframework.deadline.jobrunr.JobRunrDeadlineManager$Builder,org.axonframework.springboot.autoconfig.InfraConfiguration,org.axonframework.serialization.upcasting.event.EventUpcaster,org.axonframework.modelling.saga.ResourceInjector,org.axonframework.config.ModuleConfiguration,org.axonframework.lifecycle.Lifecycle,org.axonframework.config.DefaultConfigurer,org.axonframework.lifecycle.Lifecycle$LifecycleRegistry,org.axonframework.common.Assert,org.axonframework.test.server.AxonServerContainerUtils,org.axonframework.common.lock.LockFactory,org.axonframework.monitoring.MessageMonitor,org.axonframework.config.MessageHandlerRegistrar,org.axonframework.deadline.SimpleDeadlineManager$Builder,org.axonframework.messaging.ScopeAwareProvider,org.axonframework.lifecycle.LifecycleHandlerInvocationException,org.axonframework.util.HandlerTypeResolver,org.axonframework.serialization.upcasting.event.EventUpcasterChain,org.axonframework.config.MessageMonitorFactoryBuilder,org.axonframework.config.ConfigurationParameterResolverFactory,org.axonframework.config.DefaultConfigurer$1,org.axonframework.config.Component,org.axonframework.config.DefaultConfigurer$LifecycleState,org.axonframework.config.LifecycleHandler,org.axonframework.config.DefaultConfigurer$ConfigurationImpl,org.axonframework.config.MessageMonitorFactory,org.axonframework.config.ConfigurationResourceInjector,org.axonframework.config.AggregateConfiguration,org.axonframework.config.AxonIQConsoleModule,org.axonframework.config.LifecycleHandlerInspector,org.axonframework.lifecycle.StartHandler,org.axonframework.config.LifecycleHandlerInspector$LifecycleRegistration,org.axonframework.config.LifecycleOperations,org.axonframework.config.LifecycleHandlerInspector$1,org.axonframework.lifecycle.ShutdownHandler,org.axonframework.config.AggregateConfigurer,org.axonframework.common.lock.NullLockFactory,org.axonframework.messaging.Distributed,org.axonframework.modelling.command.inspection.AggregateMetaModelFactory,org.axonframework.modelling.saga.repository.NoResourceInjector,org.axonframework.config.Configuration$1,org.axonframework.util.MavenArtifactVersionResolver,org.axonframework.lifecycle.Lifecycle$LifecycleHandler,org.axonframework.messaging.ScopeAware,org.axonframework.config.SagaConfigurer,org.axonframework.config.SagaConfigurer$SagaConfigurationImpl,org.axonframework.modelling.saga.EndSaga,org.axonframework.messaging.annotation.HasHandlerAttributes,org.axonframework.modelling.saga.StartSaga,org.axonframework.commandhandling.CommandHandler,org.axonframework.eventhandling.AllowReplay,org.axonframework.messaging.interceptors.ResultHandler,org.axonframework.queryhandling.QueryHandler,org.axonframework.common.transaction.Transaction,org.axonframework.common.transaction.NoTransactionManager$1,org.axonframework.common.jpa.SimpleEntityManagerProvider,org.axonframework.common.legacyjpa.SimpleEntityManagerProvider,org.axonframework.eventhandling.DisallowReplay,org.axonframework.messaging.annotation.MessageHandlerTimeout,org.axonframework.messaging.correlation.MultiCorrelationDataProvider,org.axonframework.messaging.interceptors.TransactionManagingInterceptor,org.axonframework.monitoring.MultiMessageMonitor$1,org.axonframework.monitoring.MultiMessageMonitor,org.axonframework.serialization.MavenArtifactRevisionResolver,org.axonframework.axonserver.connector.ConnectionManager,org.axonframework.axonserver.connector.util.Scheduler$ScheduledTask,org.axonframework.axonserver.connector.util.Scheduler,org.axonframework.axonserver.connector.heartbeat.HeartbeatSource,org.axonframework.axonserver.connector.heartbeat.source.GrpcHeartbeatSource,org.axonframework.axonserver.connector.heartbeat.connection.checker.ActiveGrpcChannelChecker,org.axonframework.axonserver.connector.heartbeat.HeartbeatConfiguration,org.axonframework.axonserver.connector.heartbeat.HeartbeatMonitor,org.axonframework.axonserver.connector.heartbeat.HeartbeatMonitor$DefaultScheduler,org.axonframework.axonserver.connector.ServerConnectorConfigurerModule","AxonServerConnectionManager,TokenStoreProperties,TagsConfiguration,Configuration,TransactionManager,DeadLetterQueueProviderConfigurerModule,JpaAutoConfiguration,JpaSagaStore$Builder,EntityManagerProvider,ContainerManagedEntityManagerProvider,ManagedChannelCustomizer,ConfigurerModule,DeadlineManager,DeadlineManagerSpanFactory,ConfigurationScopeAwareProvider,EventGateway,CommandGateway,MessageDispatchInterceptorSupport,TransactionAutoConfiguration,NoOpTransactionAutoConfiguration,CorrelationDataInterceptor,Snapshotter,CorrelationDataProvider,SnapshotterSpanFactory,Configurer,EventProcessorInfoConfiguration,TopologyChangeListener,RepositorySpanFactory,NoTransactionManager,AxonJobRunrAutoConfiguration,JobRunrDeadlineManager,JobRunrDeadlineManager$Builder,InfraConfiguration,EventUpcaster,ResourceInjector,ModuleConfiguration,Lifecycle,DefaultConfigurer,Lifecycle$LifecycleRegistry,Assert,AxonServerContainerUtils,LockFactory,MessageMonitor,MessageHandlerRegistrar,SimpleDeadlineManager$Builder,ScopeAwareProvider,LifecycleHandlerInvocationException,HandlerTypeResolver,EventUpcasterChain,MessageMonitorFactoryBuilder,ConfigurationParameterResolverFactory,DefaultConfigurer$1,Component,DefaultConfigurer$LifecycleState,LifecycleHandler,DefaultConfigurer$ConfigurationImpl,MessageMonitorFactory,ConfigurationResourceInjector,AggregateConfiguration,AxonIQConsoleModule,LifecycleHandlerInspector,StartHandler,LifecycleHandlerInspector$LifecycleRegistration,LifecycleOperations,LifecycleHandlerInspector$1,ShutdownHandler,AggregateConfigurer,NullLockFactory,Distributed,AggregateMetaModelFactory,NoResourceInjector,Configuration$1,MavenArtifactVersionResolver,Lifecycle$LifecycleHandler,ScopeAware,SagaConfigurer,SagaConfigurer$SagaConfigurationImpl,EndSaga,HasHandlerAttributes,StartSaga,CommandHandler,AllowReplay,ResultHandler,QueryHandler,Transaction,NoTransactionManager$1,SimpleEntityManagerProvider,DisallowReplay,MessageHandlerTimeout,MultiCorrelationDataProvider,TransactionManagingInterceptor,MultiMessageMonitor$1,MultiMessageMonitor,MavenArtifactRevisionResolver,ConnectionManager,Scheduler$ScheduledTask,Scheduler,HeartbeatSource,GrpcHeartbeatSource,ActiveGrpcChannelChecker,HeartbeatConfiguration,HeartbeatMonitor,HeartbeatMonitor$DefaultScheduler,ServerConnectorConfigurerModule",""
"communityLabelPropagationId",2,2,"org.axonframework.springboot.DistributedCommandBusProperties,org.axonframework.springboot.DistributedCommandBusProperties$SpringCloudProperties","DistributedCommandBusProperties,DistributedCommandBusProperties$SpringCloudProperties",""
"communityLabelPropagationId",3,2,"org.axonframework.springboot.DistributedCommandBusProperties$JGroupsProperties,org.axonframework.springboot.DistributedCommandBusProperties$JGroupsProperties$Gossip","DistributedCommandBusProperties$JGroupsProperties,DistributedCommandBusProperties$JGroupsProperties$Gossip",""
"communityLabelPropagationId",4,19,"org.axonframework.springboot.service.connection.PropertiesAxonServerConnectionDetails,org.axonframework.axonserver.connector.AxonServerConfiguration,org.axonframework.springboot.service.connection.AxonServerConnectionDetails,org.axonframework.springboot.service.connection.AxonServerDockerComposeConnectionDetailsFactory,org.axonframework.springboot.TagsConfigurationProperties,org.axonframework.springboot.autoconfig.AxonServerAutoConfiguration$DefaultConnectionManagerConfiguration,org.axonframework.axonserver.connector.AxonServerConnectionManager$Builder,org.axonframework.springboot.autoconfig.AxonServerAutoConfiguration,org.axonframework.axonserver.connector.event.axon.PersistentStreamScheduledExecutorBuilder,org.axonframework.axonserver.connector.event.axon.PersistentStreamMessageSourceDefinition,org.axonframework.axonserver.connector.event.axon.PersistentStreamMessageSourceFactory,org.axonframework.axonserver.connector.AxonServerConfiguration$PersistentStreamSettings,org.axonframework.springboot.autoconfig.PersistentStreamMessageSourceRegistrar,org.axonframework.springboot.autoconfig.AxonServerAutoConfiguration$ConnectionDetailsConnectionManagerConfiguration,org.axonframework.axonserver.connector.AxonServerConfiguration$FlowControlConfiguration,org.axonframework.axonserver.connector.AxonServerConfiguration$HeartbeatConfiguration,org.axonframework.axonserver.connector.AxonServerConfiguration$Builder,org.axonframework.axonserver.connector.AxonServerConfiguration$EventStoreConfiguration,org.axonframework.axonserver.connector.util.FlowControllingStreamObserver","PropertiesAxonServerConnectionDetails,AxonServerConfiguration,AxonServerConnectionDetails,AxonServerDockerComposeConnectionDetailsFactory,TagsConfigurationProperties,AxonServerAutoConfiguration$DefaultConnectionManagerConfiguration,AxonServerConnectionManager$Builder,AxonServerAutoConfiguration,PersistentStreamScheduledExecutorBuilder,PersistentStreamMessageSourceDefinition,PersistentStreamMessageSourceFactory,AxonServerConfiguration$PersistentStreamSettings,PersistentStreamMessageSourceRegistrar,AxonServerAutoConfiguration$ConnectionDetailsConnectionManagerConfiguration,AxonServerConfiguration$FlowControlConfiguration,AxonServerConfiguration$HeartbeatConfiguration,AxonServerConfiguration$Builder,AxonServerConfiguration$EventStoreConfiguration,FlowControllingStreamObserver",""
"communityLabelPropagationId",5,3,"org.axonframework.springboot.service.connection.AxonServerTestContainerConnectionDetailsFactory$AxonServerContainerConnectionDetails,org.axonframework.test.server.AxonServerContainer,org.axonframework.springboot.service.connection.AxonServerTestContainerConnectionDetailsFactory","AxonServerTestContainerConnectionDetailsFactory$AxonServerContainerConnectionDetails,AxonServerContainer,AxonServerTestContainerConnectionDetailsFactory",""
"communityLabelPropagationId",6,17,"org.axonframework.springboot.TracingProperties$CommandBusProperties,org.axonframework.springboot.TracingProperties$SagaManagerProperties,org.axonframework.springboot.TracingProperties$EventProcessorProperties,org.axonframework.springboot.autoconfig.AxonTracingAutoConfiguration,org.axonframework.tracing.attributes.MessageTypeSpanAttributesProvider,org.axonframework.tracing.attributes.MessageIdSpanAttributesProvider,org.axonframework.tracing.SpanAttributesProvider,org.axonframework.tracing.attributes.MessageNameSpanAttributesProvider,org.axonframework.tracing.attributes.PayloadTypeSpanAttributesProvider,org.axonframework.tracing.attributes.AggregateIdentifierSpanAttributesProvider,org.axonframework.tracing.attributes.MetadataSpanAttributesProvider,org.axonframework.springboot.TracingProperties,org.axonframework.springboot.TracingProperties$QueryBusProperties,org.axonframework.springboot.TracingProperties$DeadlineManagerProperties,org.axonframework.springboot.TracingProperties$SnapshotterProperties,org.axonframework.springboot.TracingProperties$AttributeProviders,org.axonframework.springboot.TracingProperties$RepositoryProperties","TracingProperties$CommandBusProperties,TracingProperties$SagaManagerProperties,TracingProperties$EventProcessorProperties,AxonTracingAutoConfiguration,MessageTypeSpanAttributesProvider,MessageIdSpanAttributesProvider,SpanAttributesProvider,MessageNameSpanAttributesProvider,PayloadTypeSpanAttributesProvider,AggregateIdentifierSpanAttributesProvider,MetadataSpanAttributesProvider,TracingProperties,TracingProperties$QueryBusProperties,TracingProperties$DeadlineManagerProperties,TracingProperties$SnapshotterProperties,TracingProperties$AttributeProviders,TracingProperties$RepositoryProperties",""
"communityLabelPropagationId",7,5,"org.axonframework.springboot.MetricsProperties$Micrometer,org.axonframework.springboot.autoconfig.MicrometerMetricsAutoConfiguration,org.axonframework.springboot.MetricsProperties,org.axonframework.springboot.autoconfig.MetricsAutoConfiguration,org.axonframework.springboot.MetricsProperties$AutoConfiguration","MetricsProperties$Micrometer,MicrometerMetricsAutoConfiguration,MetricsProperties,MetricsAutoConfiguration,MetricsProperties$AutoConfiguration",""
"communityLabelPropagationId",8,26,"org.axonframework.springboot.SerializerProperties,org.axonframework.springboot.SerializerProperties$SerializerType,org.axonframework.springboot.autoconfig.AxonAutoConfiguration,org.axonframework.springboot.EventProcessorProperties,org.axonframework.springboot.util.ConditionalOnMissingQualifiedBean,org.axonframework.springboot.autoconfig.AxonAutoConfiguration$1,org.axonframework.axonserver.connector.event.axon.AxonServerEventStoreFactory,org.axonframework.axonserver.connector.event.axon.AxonServerEventStoreFactory$Builder,org.axonframework.eventhandling.EventBusSpanFactory,org.axonframework.axonserver.connector.event.axon.AxonServerEventStore$Builder,org.axonframework.eventsourcing.eventstore.EmbeddedEventStore$Builder,org.axonframework.common.AxonThreadFactory,org.axonframework.eventhandling.SimpleEventBus$Builder,org.axonframework.eventhandling.SimpleEventBus,org.axonframework.config.SubscribableMessageSourceDefinition,org.axonframework.springboot.EventProcessorProperties$DlqCache,org.axonframework.springboot.EventProcessorProperties$Dlq,org.axonframework.springboot.EventProcessorProperties$Mode,org.axonframework.springboot.EventProcessorProperties$ProcessorSettings,org.axonframework.springboot.autoconfig.ObjectMapperAutoConfiguration,org.axonframework.springboot.autoconfig.CBORMapperAutoConfiguration,org.axonframework.serialization.upcasting.event.NoOpEventUpcaster,org.axonframework.eventsourcing.eventstore.AbstractEventStore$Builder,org.axonframework.eventhandling.AbstractEventBus$Builder,org.axonframework.eventsourcing.eventstore.legacyjpa.EmbeddedEventStore$Builder,org.axonframework.axonserver.connector.event.axon.AxonServerEventStoreFactory$AxonServerEventStoreConfiguration","SerializerProperties,SerializerProperties$SerializerType,AxonAutoConfiguration,EventProcessorProperties,ConditionalOnMissingQualifiedBean,AxonAutoConfiguration$1,AxonServerEventStoreFactory,AxonServerEventStoreFactory$Builder,EventBusSpanFactory,AxonServerEventStore$Builder,EmbeddedEventStore$Builder,AxonThreadFactory,SimpleEventBus$Builder,SimpleEventBus,SubscribableMessageSourceDefinition,EventProcessorProperties$DlqCache,EventProcessorProperties$Dlq,EventProcessorProperties$Mode,EventProcessorProperties$ProcessorSettings,ObjectMapperAutoConfiguration,CBORMapperAutoConfiguration,NoOpEventUpcaster,AbstractEventStore$Builder,AbstractEventBus$Builder,AxonServerEventStoreFactory$AxonServerEventStoreConfiguration",""
"communityLabelPropagationId",9,8,"org.axonframework.springboot.TimeoutProperties$MessageHandlerTimeoutProperties,org.axonframework.messaging.timeout.TaskTimeoutSettings,org.axonframework.messaging.timeout.HandlerTimeoutConfiguration,org.axonframework.springboot.autoconfig.AxonTimeoutAutoConfiguration,org.axonframework.messaging.timeout.HandlerTimeoutHandlerEnhancerDefinition,org.axonframework.springboot.autoconfig.AxonTimeoutAutoConfiguration$AxonTimeoutConfigurerModule,org.axonframework.springboot.TimeoutProperties,org.axonframework.springboot.TimeoutProperties$TransactionTimeoutProperties","TimeoutProperties$MessageHandlerTimeoutProperties,TaskTimeoutSettings,HandlerTimeoutConfiguration,AxonTimeoutAutoConfiguration,HandlerTimeoutHandlerEnhancerDefinition,AxonTimeoutAutoConfiguration$AxonTimeoutConfigurerModule,TimeoutProperties,TimeoutProperties$TransactionTimeoutProperties",""
"communityLabelPropagationId",10,12,"org.axonframework.springboot.autoconfig.UpdateCheckerAutoConfiguration$TestEnvironmentCondition,org.axonframework.updates.detection.TestEnvironmentDetector,org.axonframework.springboot.autoconfig.UpdateCheckerAutoConfiguration,org.axonframework.updates.UpdateChecker,org.axonframework.updates.UpdateCheckerHttpClient,org.axonframework.updates.UpdateCheckerReporter,org.axonframework.updates.configuration.UsagePropertyProvider,org.axonframework.config.UpdateCheckerConfigurerModule,org.axonframework.updates.detection.KotlinVersion,org.axonframework.updates.detection.MachineId,org.axonframework.updates.configuration.HierarchicalUsagePropertyProvider,org.axonframework.updates.configuration.CommandLineUsagePropertyProvider","UpdateCheckerAutoConfiguration$TestEnvironmentCondition,TestEnvironmentDetector,UpdateCheckerAutoConfiguration,UpdateChecker,UpdateCheckerHttpClient,UpdateCheckerReporter,UsagePropertyProvider,UpdateCheckerConfigurerModule,KotlinVersion,MachineId,HierarchicalUsagePropertyProvider,CommandLineUsagePropertyProvider",""
"communityLabelPropagationId",11,11,"org.axonframework.springboot.autoconfig.legacyjpa.JpaJavaxEventStoreAutoConfiguration,org.axonframework.springboot.autoconfig.JpaEventStoreAutoConfiguration,org.axonframework.springboot.util.RegisterDefaultEntities,org.axonframework.common.jdbc.PersistenceExceptionResolver,org.axonframework.eventsourcing.eventstore.legacyjpa.JpaEventStorageEngine$Builder,org.axonframework.eventsourcing.eventstore.jpa.JpaEventStorageEngine$Builder,org.axonframework.springboot.util.DefaultEntityRegistrar,org.axonframework.eventsourcing.eventstore.AbstractEventStorageEngine$Builder,org.axonframework.eventsourcing.snapshotting.SnapshotFilter,org.axonframework.eventsourcing.eventstore.BatchingEventStorageEngine$Builder,org.axonframework.eventsourcing.eventstore.jpa.SQLStateResolver","JpaJavaxEventStoreAutoConfiguration,JpaEventStoreAutoConfiguration,RegisterDefaultEntities,PersistenceExceptionResolver,JpaEventStorageEngine$Builder,DefaultEntityRegistrar,AbstractEventStorageEngine$Builder,SnapshotFilter,BatchingEventStorageEngine$Builder,SQLStateResolver",""
"communityLabelPropagationId",12,11,"org.axonframework.springboot.autoconfig.legacyjpa.JpaJavaxAutoConfiguration,org.axonframework.common.legacyjpa.EntityManagerProvider,org.axonframework.eventhandling.tokenstore.legacyjpa.JpaTokenStore,org.axonframework.eventhandling.tokenstore.legacyjpa.JpaTokenStore$Builder,org.axonframework.springboot.util.legacyjpa.ContainerManagedEntityManagerProvider,org.axonframework.eventhandling.tokenstore.jpa.JpaTokenStore,org.axonframework.eventhandling.tokenstore.jpa.JpaTokenStore$Builder,org.axonframework.eventhandling.tokenstore.UnableToClaimTokenException,org.axonframework.eventhandling.tokenstore.ConfigToken,org.axonframework.eventhandling.tokenstore.jpa.TokenEntry,org.axonframework.eventhandling.tokenstore.jpa.TokenEntry$PK","JpaJavaxAutoConfiguration,EntityManagerProvider,JpaTokenStore,JpaTokenStore$Builder,ContainerManagedEntityManagerProvider,UnableToClaimTokenException,ConfigToken,TokenEntry,TokenEntry$PK",""
"communityLabelPropagationId",13,89,"org.axonframework.springboot.autoconfig.AxonServerBusAutoConfiguration,org.axonframework.queryhandling.QueryBus,org.axonframework.queryhandling.QueryMessage,org.axonframework.queryhandling.QueryBusSpanFactory,org.axonframework.axonserver.connector.command.CommandLoadFactorProvider,org.axonframework.queryhandling.QueryInvocationErrorHandler,org.axonframework.queryhandling.SimpleQueryBus$Builder,org.axonframework.axonserver.connector.command.AxonServerCommandBus,org.axonframework.axonserver.connector.query.AxonServerQueryBus,org.axonframework.axonserver.connector.query.AxonServerQueryBus$Builder,org.axonframework.axonserver.connector.query.QueryPriorityCalculator,org.axonframework.queryhandling.SimpleQueryBus,org.axonframework.axonserver.connector.command.CommandPriorityCalculator,org.axonframework.commandhandling.distributed.RoutingStrategy,org.axonframework.axonserver.connector.TargetContextResolver,org.axonframework.axonserver.connector.command.AxonServerCommandBus$Builder,org.axonframework.queryhandling.DefaultQueryBusSpanFactory$Builder,org.axonframework.deadline.DefaultDeadlineManagerSpanFactory,org.axonframework.queryhandling.DefaultQueryBusSpanFactory,org.axonframework.tracing.SpanFactory,org.axonframework.tracing.NoOpSpanFactory,org.axonframework.deadline.DefaultDeadlineManagerSpanFactory$Builder,org.axonframework.messaging.unitofwork.DefaultUnitOfWork,org.axonframework.messaging.ResultMessage,org.axonframework.common.Registration,org.axonframework.messaging.GenericMessage,org.axonframework.tracing.Span,org.axonframework.tracing.SpanScope,org.axonframework.queryhandling.annotation.AnnotationQueryHandlerAdapter,org.axonframework.monitoring.NoOpMessageMonitor,org.axonframework.messaging.GenericResultMessage,org.axonframework.monitoring.MessageMonitor$MonitorCallback,org.axonframework.common.StringUtils,org.axonframework.messaging.IllegalPayloadAccessException,org.axonframework.monitoring.NoOpMessageMonitorCallback,org.axonframework.tracing.NoOpSpanFactory$NoOpSpan,org.axonframework.commandhandling.distributed.AbstractRoutingStrategy,org.axonframework.deadline.quartz.DeadlineJob,org.axonframework.lifecycle.ShutdownLatch$ActivityHandle,org.axonframework.lifecycle.ShutdownLatch,org.axonframework.lifecycle.ShutdownInProgressException,org.axonframework.queryhandling.QueryResponseMessage,org.axonframework.messaging.responsetypes.ConvertingResponseMessage,org.axonframework.queryhandling.StreamingQueryMessage,org.axonframework.queryhandling.DefaultSubscriptionQueryResult,org.axonframework.queryhandling.GenericQueryResponseMessage,org.axonframework.queryhandling.NoHandlerForQueryException,org.axonframework.queryhandling.QueryBus$1,org.axonframework.queryhandling.GenericSubscriptionQueryUpdateMessage,org.axonframework.queryhandling.SimpleQueryBus$ErrorIfComplete,org.axonframework.queryhandling.SimpleQueryBus$1,org.axonframework.queryhandling.SimpleQueryBus$MonitorCallbackContextWriter,org.axonframework.queryhandling.SimpleQueryBus$SuccessReporter,org.axonframework.queryhandling.QuerySubscription,org.axonframework.queryhandling.SimpleQueryBus$CatchLastError,org.axonframework.queryhandling.registration.DuplicateQueryHandlerResolver,org.axonframework.queryhandling.registration.DuplicateQueryHandlerResolution,org.axonframework.queryhandling.registration.FailingDuplicateQueryHandlerResolver,org.axonframework.queryhandling.registration.LoggingDuplicateQueryHandlerResolver,org.axonframework.queryhandling.QueryHandlerAdapter,org.axonframework.queryhandling.annotation.QueryHandlingMember,org.axonframework.queryhandling.registration.DuplicateQueryHandlerSubscriptionException,org.axonframework.tracing.MultiSpanFactory$MultiSpan,org.axonframework.tracing.MultiSpanFactory,org.axonframework.tracing.NestingSpanFactory$Builder,org.axonframework.tracing.NestingSpanFactory,org.axonframework.axonserver.connector.util.ExceptionSerializer,org.axonframework.axonserver.connector.PriorityRunnable,org.axonframework.axonserver.connector.util.ProcessingInstructionHelper,org.axonframework.axonserver.connector.util.UpstreamAwareStreamObserver,org.axonframework.axonserver.connector.PriorityTask,org.axonframework.axonserver.connector.util.ExecutorServiceBuilder,org.axonframework.axonserver.connector.DispatchInterceptors,org.axonframework.axonserver.connector.query.AxonServerQueryBus$ResponseProcessingTask,org.axonframework.axonserver.connector.query.QuerySerializer,org.axonframework.axonserver.connector.query.GrpcBackedResponseMessage,org.axonframework.axonserver.connector.query.StreamableMultiInstanceResponse,org.axonframework.axonserver.connector.query.StreamableResponse,org.axonframework.axonserver.connector.query.AxonServerQueryBus$QueryResponseSpliterator,org.axonframework.axonserver.connector.query.AxonServerQueryBus$1,org.axonframework.axonserver.connector.query.QueryProcessingTask,org.axonframework.axonserver.connector.query.StreamableInstanceResponse,org.axonframework.axonserver.connector.query.StreamableFluxResponse,org.axonframework.axonserver.connector.query.subscription.AxonServerSubscriptionQueryResult,org.axonframework.axonserver.connector.query.AxonServerQueryBus$ActivityFinisher,org.axonframework.axonserver.connector.command.AxonServerRegistration,org.axonframework.axonserver.connector.query.AxonServerQueryBus$LocalSegmentAdapter,org.axonframework.axonserver.connector.query.StreamableFluxResponse$SendingSubscriber,org.axonframework.axonserver.connector.query.AxonServerQueryBus$LocalSegmentAdapter$1","AxonServerBusAutoConfiguration,QueryBus,QueryMessage,QueryBusSpanFactory,CommandLoadFactorProvider,QueryInvocationErrorHandler,SimpleQueryBus$Builder,AxonServerCommandBus,AxonServerQueryBus,AxonServerQueryBus$Builder,QueryPriorityCalculator,SimpleQueryBus,CommandPriorityCalculator,RoutingStrategy,TargetContextResolver,AxonServerCommandBus$Builder,DefaultQueryBusSpanFactory$Builder,DefaultDeadlineManagerSpanFactory,DefaultQueryBusSpanFactory,SpanFactory,NoOpSpanFactory,DefaultDeadlineManagerSpanFactory$Builder,DefaultUnitOfWork,ResultMessage,Registration,GenericMessage,Span,SpanScope,AnnotationQueryHandlerAdapter,NoOpMessageMonitor,GenericResultMessage,MessageMonitor$MonitorCallback,StringUtils,IllegalPayloadAccessException,NoOpMessageMonitorCallback,NoOpSpanFactory$NoOpSpan,AbstractRoutingStrategy,DeadlineJob,ShutdownLatch$ActivityHandle,ShutdownLatch,ShutdownInProgressException,QueryResponseMessage,ConvertingResponseMessage,StreamingQueryMessage,DefaultSubscriptionQueryResult,GenericQueryResponseMessage,NoHandlerForQueryException,QueryBus$1,GenericSubscriptionQueryUpdateMessage,SimpleQueryBus$ErrorIfComplete,SimpleQueryBus$1,SimpleQueryBus$MonitorCallbackContextWriter,SimpleQueryBus$SuccessReporter,QuerySubscription,SimpleQueryBus$CatchLastError,DuplicateQueryHandlerResolver,DuplicateQueryHandlerResolution,FailingDuplicateQueryHandlerResolver,LoggingDuplicateQueryHandlerResolver,QueryHandlerAdapter,QueryHandlingMember,DuplicateQueryHandlerSubscriptionException,MultiSpanFactory$MultiSpan,MultiSpanFactory,NestingSpanFactory$Builder,NestingSpanFactory,ExceptionSerializer,PriorityRunnable,ProcessingInstructionHelper,UpstreamAwareStreamObserver,PriorityTask,ExecutorServiceBuilder,DispatchInterceptors,AxonServerQueryBus$ResponseProcessingTask,QuerySerializer,GrpcBackedResponseMessage,StreamableMultiInstanceResponse,StreamableResponse,AxonServerQueryBus$QueryResponseSpliterator,AxonServerQueryBus$1,QueryProcessingTask,StreamableInstanceResponse,StreamableFluxResponse,AxonServerSubscriptionQueryResult,AxonServerQueryBus$ActivityFinisher,AxonServerRegistration,AxonServerQueryBus$LocalSegmentAdapter,StreamableFluxResponse$SendingSubscriber,AxonServerQueryBus$LocalSegmentAdapter$1",""
"communityLabelPropagationId",14,10,"org.axonframework.springboot.autoconfig.JdbcAutoConfiguration,org.axonframework.modelling.saga.repository.jdbc.JdbcSagaStore$Builder,org.axonframework.modelling.saga.repository.jdbc.JdbcSagaStore,org.axonframework.modelling.saga.repository.jdbc.SagaSqlSchema,org.axonframework.common.jdbc.ConnectionProvider,org.axonframework.common.jdbc.JdbcUtils$SqlResultConverter,org.axonframework.common.jdbc.JdbcUtils,org.axonframework.common.jdbc.JdbcUtils$SqlFunction,org.axonframework.modelling.saga.SagaStorageException,org.axonframework.common.jdbc.DataSourceConnectionProvider","JdbcAutoConfiguration,JdbcSagaStore$Builder,JdbcSagaStore,SagaSqlSchema,ConnectionProvider,JdbcUtils$SqlResultConverter,JdbcUtils,JdbcUtils$SqlFunction,SagaStorageException,DataSourceConnectionProvider",""
"communityLabelPropagationId",15,27,"org.axonframework.eventsourcing.eventstore.EventStore,org.axonframework.eventhandling.EventBus,org.axonframework.eventsourcing.AggregateFactory,org.axonframework.modelling.command.RepositoryProvider,org.axonframework.modelling.command.AggregateNotFoundException,org.axonframework.eventsourcing.EventSourcingRepository,org.axonframework.modelling.command.inspection.AggregateModel,org.axonframework.eventsourcing.EventSourcingRepository$Builder,org.axonframework.test.aggregate.AggregateTestFixture$InMemoryRepository,org.axonframework.eventsourcing.EventSourcedAggregate,org.axonframework.modelling.command.inspection.AnnotatedAggregate,org.axonframework.eventsourcing.SnapshotTrigger,org.axonframework.eventsourcing.NoSnapshotTriggerDefinition,org.axonframework.eventsourcing.NoSnapshotTriggerDefinition$NoSnapshotTrigger,org.axonframework.eventsourcing.NoSnapshotTriggerDefinition$1,org.axonframework.eventsourcing.SnapshotTriggerDefinition,org.axonframework.eventsourcing.AggregateDeletedException,org.axonframework.common.caching.Cache,org.axonframework.eventsourcing.CachingEventSourcingRepository,org.axonframework.eventsourcing.AggregateCacheEntry,org.axonframework.modelling.command.inspection.ForwardingCommandMessageHandlingMember,org.axonframework.disruptor.commandhandling.CommandHandlerInvoker$1,org.axonframework.disruptor.commandhandling.CommandHandlerInvoker,org.axonframework.disruptor.commandhandling.CommandHandlerInvoker$DisruptorRepository,org.axonframework.disruptor.commandhandling.FirstLevelCache,org.axonframework.disruptor.commandhandling.FirstLevelCache$WeakValue,org.axonframework.disruptor.commandhandling.FirstLevelCache$1","EventStore,EventBus,AggregateFactory,RepositoryProvider,AggregateNotFoundException,EventSourcingRepository,AggregateModel,EventSourcingRepository$Builder,AggregateTestFixture$InMemoryRepository,EventSourcedAggregate,AnnotatedAggregate,SnapshotTrigger,NoSnapshotTriggerDefinition,NoSnapshotTriggerDefinition$NoSnapshotTrigger,NoSnapshotTriggerDefinition$1,SnapshotTriggerDefinition,AggregateDeletedException,Cache,CachingEventSourcingRepository,AggregateCacheEntry,ForwardingCommandMessageHandlingMember,CommandHandlerInvoker$1,CommandHandlerInvoker,CommandHandlerInvoker$DisruptorRepository,FirstLevelCache,FirstLevelCache$WeakValue,FirstLevelCache$1",""
"communityLabelPropagationId",16,76,"org.axonframework.serialization.Serializer,org.axonframework.springboot.autoconfig.AxonDbSchedulerAutoConfiguration,org.axonframework.eventhandling.scheduling.EventScheduler,org.axonframework.eventhandling.scheduling.dbscheduler.DbSchedulerEventScheduler$Builder,org.axonframework.eventhandling.scheduling.dbscheduler.DbSchedulerEventScheduler,org.axonframework.deadline.dbscheduler.DbSchedulerBinaryDeadlineDetails,org.axonframework.eventhandling.scheduling.dbscheduler.DbSchedulerBinaryEventData,org.axonframework.deadline.dbscheduler.DbSchedulerDeadlineManager,org.axonframework.deadline.dbscheduler.DbSchedulerDeadlineManager$Builder,org.axonframework.serialization.JavaSerializer$Builder,org.axonframework.serialization.AnnotationRevisionResolver,org.axonframework.serialization.json.JacksonSerializer,org.axonframework.serialization.xml.XStreamSerializer,org.axonframework.serialization.json.JacksonSerializer$Builder,org.axonframework.serialization.avro.AvroSerializer$Builder,org.axonframework.serialization.JavaSerializer,org.axonframework.serialization.avro.AvroSerializerStrategy,org.axonframework.serialization.ChainingConverter,org.axonframework.serialization.avro.AvroSerializer,org.axonframework.serialization.xml.XStreamSerializer$Builder,org.axonframework.serialization.RevisionResolver,org.axonframework.serialization.xml.CompactDriver,org.axonframework.eventhandling.scheduling.jobrunr.JobRunrEventScheduler$Builder,org.axonframework.eventhandling.scheduling.jobrunr.JobRunrEventScheduler,org.axonframework.messaging.ScopeDescriptor,org.axonframework.deadline.GenericDeadlineMessage,org.axonframework.eventhandling.scheduling.ScheduleToken,org.axonframework.serialization.upcasting.event.InitialEventRepresentation,org.axonframework.eventhandling.EventData,org.axonframework.eventhandling.AbstractEventEntry,org.axonframework.eventsourcing.eventstore.EqualRevisionPredicate,org.axonframework.serialization.SerializedObject,org.axonframework.serialization.SerializedType,org.axonframework.serialization.Revision,org.axonframework.serialization.SimpleSerializedObject,org.axonframework.modelling.saga.repository.jpa.AbstractSagaEntry,org.axonframework.serialization.SerializedObjectHolder,org.axonframework.serialization.Converter,org.axonframework.serialization.SimpleSerializedType,org.axonframework.serialization.SerializedMetaData,org.axonframework.commandhandling.distributed.DispatchMessage,org.axonframework.commandhandling.distributed.ReplyMessage,org.axonframework.deadline.dbscheduler.DbSchedulerHumanReadableDeadlineDetails,org.axonframework.deadline.dbscheduler.DeadlineManagerNotSuppliedException,org.axonframework.deadline.dbscheduler.DbSchedulerDeadlineToken,org.axonframework.deadline.dbscheduler.DbSchedulerDeadlineManagerSupplier,org.axonframework.deadline.jobrunr.DeadlineDetails,org.axonframework.deadline.jobrunr.LabelUtils,org.axonframework.deadline.quartz.DeadlineJob$DeadlineJobDataBinder,org.axonframework.serialization.AbstractXStreamSerializer$Builder,org.axonframework.serialization.AbstractXStreamSerializer,org.axonframework.serialization.SerializationException,org.axonframework.serialization.upcasting.event.UpcastedEventRepresentation,org.axonframework.eventhandling.scheduling.dbscheduler.EventSchedulerNotSuppliedException,org.axonframework.eventhandling.scheduling.dbscheduler.DbSchedulerHumanReadableEventData,org.axonframework.eventhandling.scheduling.dbscheduler.DbSchedulerScheduleToken,org.axonframework.eventhandling.scheduling.dbscheduler.DbSchedulerEventSchedulerSupplier,org.axonframework.eventhandling.scheduling.jobrunr.JobRunrScheduleToken,org.axonframework.eventhandling.scheduling.quartz.QuartzEventScheduler$DirectEventJobDataBinder,org.axonframework.messaging.NoScopeDescriptor,org.axonframework.serialization.UnknownSerializedType,org.axonframework.serialization.avro.SchemaIncompatibilityChecker,org.axonframework.serialization.avro.SpecificRecordBaseSerializerStrategy,org.axonframework.serialization.avro.AvroSerializerStrategyConfig,org.axonframework.serialization.avro.DefaultSchemaIncompatibilityChecker,org.axonframework.serialization.avro.AvroSerializerStrategyConfig$Builder,org.axonframework.serialization.avro.ByteArrayToGenericRecordConverter,org.axonframework.serialization.FixedValueRevisionResolver,org.axonframework.serialization.SerialVersionUIDRevisionResolver,org.axonframework.serialization.avro.AvroUtil,org.axonframework.serialization.json.ObjectNodeToJsonNodeConverter,org.axonframework.serialization.json.JsonNodeToObjectNodeConverter,org.axonframework.axonserver.connector.util.GrpcMetaDataConverter,org.axonframework.axonserver.connector.util.GrpcMetaDataConverter$1,org.axonframework.axonserver.connector.event.axon.GrpcBackedDomainEventData,org.axonframework.axonserver.connector.event.axon.GrpcMetaDataAwareSerializer","Serializer,AxonDbSchedulerAutoConfiguration,EventScheduler,DbSchedulerEventScheduler$Builder,DbSchedulerEventScheduler,DbSchedulerBinaryDeadlineDetails,DbSchedulerBinaryEventData,DbSchedulerDeadlineManager,DbSchedulerDeadlineManager$Builder,JavaSerializer$Builder,AnnotationRevisionResolver,JacksonSerializer,XStreamSerializer,JacksonSerializer$Builder,AvroSerializer$Builder,JavaSerializer,AvroSerializerStrategy,ChainingConverter,AvroSerializer,XStreamSerializer$Builder,RevisionResolver,CompactDriver,JobRunrEventScheduler$Builder,JobRunrEventScheduler,ScopeDescriptor,GenericDeadlineMessage,ScheduleToken,InitialEventRepresentation,EventData,AbstractEventEntry,EqualRevisionPredicate,SerializedObject,SerializedType,Revision,SimpleSerializedObject,AbstractSagaEntry,SerializedObjectHolder,Converter,SimpleSerializedType,SerializedMetaData,DispatchMessage,ReplyMessage,DbSchedulerHumanReadableDeadlineDetails,DeadlineManagerNotSuppliedException,DbSchedulerDeadlineToken,DbSchedulerDeadlineManagerSupplier,DeadlineDetails,LabelUtils,DeadlineJob$DeadlineJobDataBinder,AbstractXStreamSerializer$Builder,AbstractXStreamSerializer,SerializationException,UpcastedEventRepresentation,EventSchedulerNotSuppliedException,DbSchedulerHumanReadableEventData,DbSchedulerScheduleToken,DbSchedulerEventSchedulerSupplier,JobRunrScheduleToken,QuartzEventScheduler$DirectEventJobDataBinder,NoScopeDescriptor,UnknownSerializedType,SchemaIncompatibilityChecker,SpecificRecordBaseSerializerStrategy,AvroSerializerStrategyConfig,DefaultSchemaIncompatibilityChecker,AvroSerializerStrategyConfig$Builder,ByteArrayToGenericRecordConverter,FixedValueRevisionResolver,SerialVersionUIDRevisionResolver,AvroUtil,ObjectNodeToJsonNodeConverter,JsonNodeToObjectNodeConverter,GrpcMetaDataConverter,GrpcMetaDataConverter$1,GrpcBackedDomainEventData,GrpcMetaDataAwareSerializer",""
"communityLabelPropagationId",17,8,"org.axonframework.eventsourcing.eventstore.legacyjpa.JpaEventStorageEngine,org.axonframework.eventsourcing.eventstore.jpa.JpaEventStorageEngine,org.axonframework.eventhandling.GapAwareTrackingToken,org.axonframework.eventsourcing.eventstore.jpa.DomainEventEntry,org.axonframework.eventsourcing.eventstore.jpa.SnapshotEventEntry,org.axonframework.common.CollectionUtils,org.axonframework.serialization.GapAwareTrackingTokenConverter,org.axonframework.serialization.GapAwareTrackingTokenConverter$ReflectivelyConstructedGapSetConverter","JpaEventStorageEngine,GapAwareTrackingToken,DomainEventEntry,SnapshotEventEntry,CollectionUtils,GapAwareTrackingTokenConverter,GapAwareTrackingTokenConverter$ReflectivelyConstructedGapSetConverter",""
"communityLabelPropagationId",18,3,"org.axonframework.eventsourcing.eventstore.EventStorageEngine,org.axonframework.eventsourcing.FilteringEventStorageEngine,org.axonframework.eventsourcing.eventstore.SequenceEventStorageEngine","EventStorageEngine,FilteringEventStorageEngine,SequenceEventStorageEngine",""
"communityLabelPropagationId",19,21,"org.axonframework.modelling.saga.repository.SagaStore,org.axonframework.modelling.saga.repository.legacyjpa.JpaSagaStore$Builder,org.axonframework.modelling.saga.repository.legacyjpa.JpaSagaStore,org.axonframework.modelling.saga.repository.jpa.JpaSagaStore,org.axonframework.modelling.saga.repository.inmemory.InMemorySagaStore,org.axonframework.test.saga.RepositoryContentValidator,org.axonframework.modelling.saga.AssociationValue,org.axonframework.modelling.saga.AssociationValues,org.axonframework.modelling.saga.SagaLifecycle,org.axonframework.modelling.saga.AssociationValuesImpl,org.axonframework.modelling.saga.repository.jpa.SagaEntry,org.axonframework.modelling.saga.repository.jdbc.JdbcSagaStore$EntryImpl,org.axonframework.modelling.saga.repository.SagaStore$Entry,org.axonframework.modelling.saga.repository.inmemory.InMemorySagaStore$ManagedSaga,org.axonframework.modelling.saga.repository.CachingSagaStore$Builder,org.axonframework.modelling.saga.repository.CachingSagaStore,org.axonframework.modelling.saga.repository.CachingSagaStore$CacheEntry,org.axonframework.modelling.saga.repository.jpa.JpaSagaStore$EntryImpl,org.axonframework.modelling.saga.repository.legacyjpa.JpaSagaStore$EntryImpl,org.axonframework.modelling.saga.repository.jpa.AssociationValueEntry,org.axonframework.modelling.saga.repository.jpa.SerializedSaga","SagaStore,JpaSagaStore$Builder,JpaSagaStore,InMemorySagaStore,RepositoryContentValidator,AssociationValue,AssociationValues,SagaLifecycle,AssociationValuesImpl,SagaEntry,JdbcSagaStore$EntryImpl,SagaStore$Entry,InMemorySagaStore$ManagedSaga,CachingSagaStore$Builder,CachingSagaStore,CachingSagaStore$CacheEntry,JpaSagaStore$EntryImpl,AssociationValueEntry,SerializedSaga",""
"communityLabelPropagationId",20,31,"org.axonframework.eventhandling.deadletter.legacyjpa.JpaSequencedDeadLetterQueue,org.axonframework.messaging.deadletter.SequencedDeadLetterQueue,org.axonframework.eventhandling.deadletter.legacyjpa.JpaSequencedDeadLetterQueue$Builder,org.axonframework.eventhandling.deadletter.jpa.JpaSequencedDeadLetterQueue,org.axonframework.eventhandling.deadletter.jpa.JpaSequencedDeadLetterQueue$Builder,org.axonframework.eventhandling.deadletter.jdbc.JdbcSequencedDeadLetterQueue,org.axonframework.eventhandling.deadletter.jdbc.JdbcSequencedDeadLetterQueue$Builder,org.axonframework.messaging.deadletter.EnqueueDecision,org.axonframework.messaging.deadletter.DeadLetter,org.axonframework.messaging.deadletter.ThrowableCause,org.axonframework.common.jdbc.JdbcException,org.axonframework.messaging.deadletter.GenericDeadLetter,org.axonframework.eventhandling.deadletter.jdbc.DeadLetterTableFactory,org.axonframework.messaging.deadletter.Cause,org.axonframework.messaging.deadletter.NoSuchDeadLetterException,org.axonframework.messaging.deadletter.DeadLetterQueueOverflowException,org.axonframework.eventhandling.deadletter.jdbc.DeadLetterJdbcConverter,org.axonframework.eventhandling.deadletter.jdbc.JdbcDeadLetter,org.axonframework.eventhandling.deadletter.jdbc.DeadLetterStatementFactory,org.axonframework.eventhandling.deadletter.jdbc.JdbcSequencedDeadLetterQueue$1,org.axonframework.messaging.deadletter.WrongDeadLetterTypeException,org.axonframework.eventhandling.deadletter.jpa.JpaDeadLetter,org.axonframework.eventhandling.deadletter.jpa.DeadLetterEntry,org.axonframework.eventhandling.deadletter.jpa.DeadLetterJpaConverter,org.axonframework.eventhandling.deadletter.jpa.JpaSequencedDeadLetterQueue$1,org.axonframework.eventhandling.deadletter.jpa.NoJpaConverterFoundException,org.axonframework.eventhandling.deadletter.legacyjpa.DeadLetterJpaConverter,org.axonframework.eventhandling.deadletter.legacyjpa.JpaSequencedDeadLetterQueue$1,org.axonframework.eventhandling.deadletter.legacyjpa.JpaDeadLetter,org.axonframework.messaging.deadletter.InMemorySequencedDeadLetterQueue$Builder,org.axonframework.messaging.deadletter.InMemorySequencedDeadLetterQueue","JpaSequencedDeadLetterQueue,SequencedDeadLetterQueue,JpaSequencedDeadLetterQueue$Builder,JdbcSequencedDeadLetterQueue,JdbcSequencedDeadLetterQueue$Builder,EnqueueDecision,DeadLetter,ThrowableCause,JdbcException,GenericDeadLetter,DeadLetterTableFactory,Cause,NoSuchDeadLetterException,DeadLetterQueueOverflowException,DeadLetterJdbcConverter,JdbcDeadLetter,DeadLetterStatementFactory,JdbcSequencedDeadLetterQueue$1,WrongDeadLetterTypeException,JpaDeadLetter,DeadLetterEntry,DeadLetterJpaConverter,JpaSequencedDeadLetterQueue$1,NoJpaConverterFoundException,InMemorySequencedDeadLetterQueue$Builder,InMemorySequencedDeadLetterQueue",""
"communityLabelPropagationId",21,20,"org.axonframework.eventhandling.tokenstore.TokenStore,org.axonframework.eventhandling.Segment,org.axonframework.eventhandling.TrackingEventProcessor,org.axonframework.common.ProcessUtils,org.axonframework.eventhandling.EventTrackerStatusChangeListener,org.axonframework.eventhandling.RemovedTrackerStatus,org.axonframework.eventhandling.TrackerStatus,org.axonframework.eventhandling.TrackingEventProcessor$1,org.axonframework.eventhandling.TrackingEventProcessor$TrackingSegmentWorker,org.axonframework.eventhandling.TrackingEventProcessor$State,org.axonframework.eventhandling.TrackingEventProcessor$MergeSegmentInstruction,org.axonframework.eventhandling.TrackingEventProcessor$Worker,org.axonframework.eventhandling.TrackingEventProcessor$ClaimSegmentInstruction,org.axonframework.eventhandling.TrackingEventProcessor$Instruction,org.axonframework.eventhandling.TrackingEventProcessor$SplitSegmentInstruction,org.axonframework.eventhandling.TrackingEventProcessor$WorkerLauncher,org.axonframework.eventhandling.pooled.CoordinatorTask,org.axonframework.eventhandling.pooled.SplitTask,org.axonframework.eventhandling.pooled.ClaimTask,org.axonframework.eventhandling.pooled.MergeTask","TokenStore,Segment,TrackingEventProcessor,ProcessUtils,EventTrackerStatusChangeListener,RemovedTrackerStatus,TrackerStatus,TrackingEventProcessor$1,TrackingEventProcessor$TrackingSegmentWorker,TrackingEventProcessor$State,TrackingEventProcessor$MergeSegmentInstruction,TrackingEventProcessor$Worker,TrackingEventProcessor$ClaimSegmentInstruction,TrackingEventProcessor$Instruction,TrackingEventProcessor$SplitSegmentInstruction,TrackingEventProcessor$WorkerLauncher,CoordinatorTask,SplitTask,ClaimTask,MergeTask",""
"communityLabelPropagationId",22,67,"org.axonframework.eventsourcing.eventstore.legacyjpa.SQLErrorCodesResolver,org.axonframework.eventsourcing.eventstore.jpa.SQLErrorCodesResolver,org.axonframework.common.AxonConfigurationException,org.axonframework.modelling.command.inspection.AnnotatedAggregateMetaModelFactory,org.axonframework.commandhandling.AnnotationCommandHandlerAdapter,org.axonframework.common.io.IOUtils,org.axonframework.common.ExceptionUtils,org.axonframework.common.annotation.AnnotationUtils,org.axonframework.modelling.saga.SagaMethodMessageHandlerDefinition,org.axonframework.messaging.annotation.MessageHandlingMember,org.axonframework.modelling.saga.AssociationResolver,org.axonframework.modelling.saga.EndSagaMessageHandlerDefinition,org.axonframework.modelling.saga.EndSagaMessageHandlerDefinition$EndSageMessageHandlingMember,org.axonframework.modelling.command.inspection.MethodCommandHandlerInterceptorDefinition,org.axonframework.modelling.command.CommandHandlerInterceptor,org.axonframework.modelling.command.inspection.MethodCommandHandlerInterceptorDefinition$MethodCommandHandlerInterceptorHandlingMember,org.axonframework.modelling.command.inspection.MethodCommandHandlerInterceptorDefinition$1,org.axonframework.modelling.command.inspection.MethodCreationPolicyDefinition,org.axonframework.modelling.command.inspection.MethodCreationPolicyDefinition$1,org.axonframework.modelling.command.inspection.MethodCreationPolicyDefinition$MethodCreationPolicyHandlingMember,org.axonframework.modelling.command.inspection.ChildEntityDefinition,org.axonframework.modelling.command.inspection.ChildEntity,org.axonframework.messaging.annotation.AnnotatedHandlerInspector,org.axonframework.modelling.command.inspection.AnnotatedAggregateMetaModelFactory$AnnotatedAggregateModel,org.axonframework.commandhandling.CommandMessageHandlingMember,org.axonframework.modelling.command.inspection.CreationPolicyMember,org.axonframework.modelling.command.AggregateRoot,org.axonframework.modelling.command.AggregateVersion,org.axonframework.modelling.command.AggregateIdentifier,org.axonframework.modelling.command.EntityId,org.axonframework.modelling.command.inspection.AnnotatedCommandHandlerInterceptor,org.axonframework.modelling.command.inspection.ChildForwardingCommandMessageHandlingMember,org.axonframework.modelling.command.inspection.AggregateModellingException,org.axonframework.messaging.annotation.MessageHandlerInterceptorMemberChain,org.axonframework.messaging.annotation.NoMoreInterceptors,org.axonframework.messaging.annotation.ChainedMessageHandlerInterceptorMember,org.axonframework.messaging.annotation.WrappedMessageHandlingMember,org.axonframework.common.IdentifierValidator,org.axonframework.common.ListUtils,org.axonframework.messaging.annotation.MessageHandlerInvocationException,org.axonframework.modelling.command.inspection.CommandHandlerInterceptorHandlingMember,org.axonframework.messaging.annotation.MessageInterceptingMember,org.axonframework.modelling.saga.metamodel.SagaMetaModelFactory,org.axonframework.modelling.saga.metamodel.AnnotationSagaMetaModelFactory$InspectedSagaModel,org.axonframework.modelling.saga.MetaDataAssociationResolver,org.axonframework.modelling.saga.PayloadAssociationResolver,org.axonframework.modelling.saga.SagaEventHandler,org.axonframework.commandhandling.MethodCommandHandlerDefinition,org.axonframework.commandhandling.MethodCommandHandlerDefinition$MethodCommandMessageHandlingMember,org.axonframework.commandhandling.MethodCommandHandlerDefinition$1,org.axonframework.deadline.annotation.DeadlineMethodMessageHandlerDefinition,org.axonframework.deadline.annotation.DeadlineMethodMessageHandlerDefinition$1,org.axonframework.deadline.annotation.DeadlineMethodMessageHandlerDefinition$DeadlineMethodMessageHandlingMember,org.axonframework.eventhandling.replay.ReplayAwareMessageHandlerWrapper,org.axonframework.eventhandling.replay.ReplayAwareMessageHandlerWrapper$ReplayBlockingMessageHandlingMember,org.axonframework.messaging.annotation.MessageHandlerInterceptorDefinition,org.axonframework.messaging.annotation.MessageHandlerInterceptorDefinition$ResultHandlingInterceptorMember,org.axonframework.messaging.annotation.MessageHandlerInterceptorDefinition$InterceptedMessageHandlingMember,org.axonframework.queryhandling.annotation.MethodQueryMessageHandlerDefinition,org.axonframework.queryhandling.annotation.MethodQueryMessageHandlerDefinition$MethodQueryMessageHandlingMember,org.axonframework.messaging.annotation.HandlerComparator,org.axonframework.common.digest.Digester,org.axonframework.common.annotation.PriorityAnnotationComparator,org.axonframework.deadline.annotation.DeadlineHandlingMember,org.axonframework.serialization.xml.Dom4JToByteArrayConverter,org.axonframework.eventhandling.AnnotationEventHandlerAdapter,org.axonframework.messaging.annotation.UnsupportedHandlerException","SQLErrorCodesResolver,AxonConfigurationException,AnnotatedAggregateMetaModelFactory,AnnotationCommandHandlerAdapter,IOUtils,ExceptionUtils,AnnotationUtils,SagaMethodMessageHandlerDefinition,MessageHandlingMember,AssociationResolver,EndSagaMessageHandlerDefinition,EndSagaMessageHandlerDefinition$EndSageMessageHandlingMember,MethodCommandHandlerInterceptorDefinition,CommandHandlerInterceptor,MethodCommandHandlerInterceptorDefinition$MethodCommandHandlerInterceptorHandlingMember,MethodCommandHandlerInterceptorDefinition$1,MethodCreationPolicyDefinition,MethodCreationPolicyDefinition$1,MethodCreationPolicyDefinition$MethodCreationPolicyHandlingMember,ChildEntityDefinition,ChildEntity,AnnotatedHandlerInspector,AnnotatedAggregateMetaModelFactory$AnnotatedAggregateModel,CommandMessageHandlingMember,CreationPolicyMember,AggregateRoot,AggregateVersion,AggregateIdentifier,EntityId,AnnotatedCommandHandlerInterceptor,ChildForwardingCommandMessageHandlingMember,AggregateModellingException,MessageHandlerInterceptorMemberChain,NoMoreInterceptors,ChainedMessageHandlerInterceptorMember,WrappedMessageHandlingMember,IdentifierValidator,ListUtils,MessageHandlerInvocationException,CommandHandlerInterceptorHandlingMember,MessageInterceptingMember,SagaMetaModelFactory,AnnotationSagaMetaModelFactory$InspectedSagaModel,MetaDataAssociationResolver,PayloadAssociationResolver,SagaEventHandler,MethodCommandHandlerDefinition,MethodCommandHandlerDefinition$MethodCommandMessageHandlingMember,MethodCommandHandlerDefinition$1,DeadlineMethodMessageHandlerDefinition,DeadlineMethodMessageHandlerDefinition$1,DeadlineMethodMessageHandlerDefinition$DeadlineMethodMessageHandlingMember,ReplayAwareMessageHandlerWrapper,ReplayAwareMessageHandlerWrapper$ReplayBlockingMessageHandlingMember,MessageHandlerInterceptorDefinition,MessageHandlerInterceptorDefinition$ResultHandlingInterceptorMember,MessageHandlerInterceptorDefinition$InterceptedMessageHandlingMember,MethodQueryMessageHandlerDefinition,MethodQueryMessageHandlerDefinition$MethodQueryMessageHandlingMember,HandlerComparator,Digester,PriorityAnnotationComparator,DeadlineHandlingMember,Dom4JToByteArrayConverter,AnnotationEventHandlerAdapter,UnsupportedHandlerException",""
"communityLabelPropagationId",23,6,"org.axonframework.springboot.autoconfig.AvroSerializerAutoConfiguration,org.axonframework.springboot.autoconfig.AvroSerializerAutoConfiguration$AvroConfiguredCondition,org.axonframework.springboot.autoconfig.AvroSerializerAutoConfiguration$OnMissingDefaultSchemaStoreCondition,org.axonframework.springboot.autoconfig.AvroSerializerAutoConfiguration$OnMissingDefaultSchemaStoreCondition$SchemaStoreIsMissingCondition,org.axonframework.springboot.autoconfig.AvroSerializerAutoConfiguration$AvroConfiguredCondition$EventsAvroCondition,org.axonframework.springboot.autoconfig.AvroSerializerAutoConfiguration$AvroConfiguredCondition$MessagesAvroCondition","AvroSerializerAutoConfiguration,AvroSerializerAutoConfiguration$AvroConfiguredCondition,AvroSerializerAutoConfiguration$OnMissingDefaultSchemaStoreCondition,AvroSerializerAutoConfiguration$OnMissingDefaultSchemaStoreCondition$SchemaStoreIsMissingCondition,AvroSerializerAutoConfiguration$AvroConfiguredCondition$EventsAvroCondition,AvroSerializerAutoConfiguration$AvroConfiguredCondition$MessagesAvroCondition",""
"communityLabelPropagationId",24,7,"org.axonframework.springboot.autoconfig.XStreamAutoConfiguration$XStreamConfiguredCondition$EventsXStreamCondition,org.axonframework.springboot.autoconfig.XStreamAutoConfiguration$XStreamConfiguredCondition,org.axonframework.springboot.autoconfig.XStreamAutoConfiguration$XStreamConfiguredCondition$GeneralDefaultCondition,org.axonframework.springboot.autoconfig.XStreamAutoConfiguration$XStreamConfiguredCondition$MessagesXStreamCondition,org.axonframework.springboot.autoconfig.XStreamAutoConfiguration$XStreamConfiguredCondition$GeneralXStreamCondition,org.axonframework.springboot.util.XStreamSecurityTypeUtility,org.axonframework.springboot.autoconfig.XStreamAutoConfiguration","XStreamAutoConfiguration$XStreamConfiguredCondition$EventsXStreamCondition,XStreamAutoConfiguration$XStreamConfiguredCondition,XStreamAutoConfiguration$XStreamConfiguredCondition$GeneralDefaultCondition,XStreamAutoConfiguration$XStreamConfiguredCondition$MessagesXStreamCondition,XStreamAutoConfiguration$XStreamConfiguredCondition$GeneralXStreamCondition,XStreamSecurityTypeUtility,XStreamAutoConfiguration",""
"communityLabelPropagationId",25,113,"org.axonframework.springboot.autoconfig.InterceptorAutoConfiguration,org.axonframework.messaging.MessageHandlerInterceptorSupport,org.axonframework.messaging.MessageHandlerInterceptor,org.axonframework.config.EventProcessingConfigurer,org.axonframework.eventhandling.EventMessage,org.axonframework.config.EventProcessingConfigurer$PooledStreamingProcessorConfiguration,org.axonframework.eventhandling.async.SequencingPolicy,org.axonframework.eventhandling.gateway.DefaultEventGateway,org.axonframework.messaging.SubscribableMessageSource,org.axonframework.messaging.StreamableMessageSource,org.axonframework.eventhandling.TrackingEventProcessorConfiguration,org.axonframework.eventhandling.deadletter.DeadLetteringEventHandlerInvoker$Builder,org.axonframework.eventhandling.gateway.DefaultEventGateway$Builder,org.axonframework.eventhandling.async.SequentialPerAggregatePolicy,org.axonframework.config.EventProcessingConfigurer$DeadLetteringInvokerConfiguration,org.axonframework.eventhandling.pooled.PooledStreamingEventProcessor$Builder,org.axonframework.springboot.autoconfig.EventProcessingAutoConfiguration,org.axonframework.axonserver.connector.event.axon.PersistentStreamSequencingPolicyProvider,org.axonframework.config.EventProcessingConfiguration,org.axonframework.axonserver.connector.event.axon.DefaultPersistentStreamMessageSourceFactory,org.axonframework.config.EventProcessingConfigurer$SubscribableMessageSourceDefinitionBuilder,org.axonframework.modelling.saga.SagaManagerSpanFactory,org.axonframework.eventhandling.EventProcessorSpanFactory,org.axonframework.config.EventProcessingModule,org.axonframework.messaging.DefaultInterceptorChain,org.axonframework.test.saga.ContinuedGivenState,org.axonframework.test.saga.GivenAggregateEventPublisher,org.axonframework.test.saga.FixtureConfiguration,org.axonframework.eventhandling.ListenerInvocationErrorHandler,org.axonframework.test.saga.SagaTestFixture,org.axonframework.test.saga.RecordingListenerInvocationErrorHandler,org.axonframework.eventhandling.EventMessageHandler,org.axonframework.eventhandling.GenericEventMessage,org.axonframework.test.saga.SagaTestFixture$AggregateEventPublisherImpl,org.axonframework.modelling.saga.AnnotatedSagaManager$Builder,org.axonframework.eventhandling.LoggingErrorHandler,org.axonframework.modelling.saga.AnnotatedSagaManager,org.axonframework.common.BuilderUtils,org.axonframework.eventsourcing.EventSourcingHandler,org.axonframework.eventhandling.EventHandler,org.axonframework.eventhandling.EventProcessor,org.axonframework.messaging.deadletter.SequencedDeadLetterProcessor,org.axonframework.messaging.deadletter.EnqueuePolicy,org.axonframework.eventhandling.ErrorHandler,org.axonframework.messaging.unitofwork.RollbackConfiguration,org.axonframework.config.SagaConfiguration,org.axonframework.modelling.saga.SagaRepository,org.axonframework.modelling.saga.AbstractSagaManager,org.axonframework.config.EventProcessingConfigurer$EventProcessorBuilder,org.axonframework.eventhandling.SimpleEventHandlerInvoker,org.axonframework.eventhandling.SubscribingEventProcessor,org.axonframework.eventhandling.SubscribingEventProcessor$Builder,org.axonframework.eventhandling.TrackingEventProcessor$Builder,org.axonframework.eventhandling.DirectEventProcessingStrategy,org.axonframework.eventhandling.PropagatingErrorHandler,org.axonframework.eventhandling.EventHandlerInvoker,org.axonframework.eventhandling.SimpleEventHandlerInvoker$Builder,org.axonframework.eventhandling.MultiEventHandlerInvoker,org.axonframework.eventhandling.deadletter.DeadLetteringEventHandlerInvoker,org.axonframework.config.EventProcessingModule$1,org.axonframework.config.EventProcessingModule$InstanceProcessingGroupSelector,org.axonframework.config.ProcessingGroup,org.axonframework.config.EventProcessingModule$TypeProcessingGroupSelector,org.axonframework.config.EventProcessingModule$ProcessingGroupSelector,org.axonframework.config.EventProcessingModule$InstanceToTypeProcessingGroupSelectorAdapter,org.axonframework.modelling.saga.SagaCreationPolicy,org.axonframework.modelling.saga.SagaMethodMessageHandlingMember,org.axonframework.modelling.saga.AbstractSagaManager$Builder,org.axonframework.eventhandling.ResetNotSupportedException,org.axonframework.modelling.saga.SagaScopeDescriptor,org.axonframework.modelling.saga.Saga,org.axonframework.modelling.saga.SagaInitializationPolicy,org.axonframework.modelling.saga.metamodel.SagaModel,org.axonframework.modelling.saga.repository.LockingSagaRepository,org.axonframework.commandhandling.gateway.AxonNonTransientExceptionClassesPredicate,org.axonframework.commandhandling.gateway.NonTransientExceptionClassesPredicate,org.axonframework.commandhandling.gateway.AbstractRetryScheduler,org.axonframework.commandhandling.gateway.AbstractRetryScheduler$Builder,org.axonframework.serialization.CachingSupplier,org.axonframework.eventhandling.EventProcessingException,org.axonframework.eventhandling.ErrorContext,org.axonframework.eventhandling.StreamingEventProcessor,org.axonframework.eventhandling.AbstractEventProcessor$Builder,org.axonframework.eventhandling.AbstractEventProcessor,org.axonframework.eventhandling.EventProcessingStrategy,org.axonframework.eventhandling.GenericTrackedEventMessage,org.axonframework.eventhandling.async.AsynchronousEventProcessingStrategy$1,org.axonframework.eventhandling.async.AsynchronousEventProcessingStrategy,org.axonframework.eventhandling.async.AsynchronousEventProcessingStrategy$SchedulerCleanUp,org.axonframework.eventhandling.async.EventProcessorTask$ShutdownCallback,org.axonframework.eventhandling.async.EventProcessorTask,org.axonframework.eventhandling.async.AsynchronousEventProcessingStrategy$NoActionCallback,org.axonframework.eventhandling.async.EventProcessorTask$ProcessingTask,org.axonframework.eventhandling.async.FullConcurrencyPolicy,org.axonframework.eventhandling.async.PropertySequencingPolicy$1,org.axonframework.eventhandling.async.PropertySequencingPolicy,org.axonframework.eventhandling.async.PropertySequencingPolicy$Builder$ExceptionRaisingSequencingPolicy,org.axonframework.eventhandling.async.PropertySequencingPolicy$Builder,org.axonframework.eventhandling.async.SequentialPolicy,org.axonframework.eventhandling.deadletter.DeadLetteredEventProcessingTask,org.axonframework.eventhandling.deadletter.DeadLetteringEventHandlerInvoker$1,org.axonframework.eventhandling.deadletter.SequenceIdentifierCache,org.axonframework.eventhandling.gateway.AbstractEventGateway$Builder,org.axonframework.eventhandling.gateway.AbstractEventGateway,org.axonframework.eventhandling.interceptors.EventLoggingInterceptor,org.axonframework.eventhandling.scheduling.java.SimpleEventScheduler$PublishEventTask,org.axonframework.eventhandling.scheduling.quartz.FireEventJob,org.axonframework.axonserver.connector.processor.StreamingEventProcessorInfoMessage,org.axonframework.axonserver.connector.processor.EventProcessorControlService$AxonProcessorInstructionHandler,org.axonframework.axonserver.connector.processor.EventProcessorControlService,org.axonframework.axonserver.connector.AxonServerConfiguration$Eventhandling,org.axonframework.axonserver.connector.AxonServerConfiguration$Eventhandling$ProcessorSettings,org.axonframework.axonserver.connector.event.axon.PersistentStreamMessageSource","InterceptorAutoConfiguration,MessageHandlerInterceptorSupport,MessageHandlerInterceptor,EventProcessingConfigurer,EventMessage,EventProcessingConfigurer$PooledStreamingProcessorConfiguration,SequencingPolicy,DefaultEventGateway,SubscribableMessageSource,StreamableMessageSource,TrackingEventProcessorConfiguration,DeadLetteringEventHandlerInvoker$Builder,DefaultEventGateway$Builder,SequentialPerAggregatePolicy,EventProcessingConfigurer$DeadLetteringInvokerConfiguration,PooledStreamingEventProcessor$Builder,EventProcessingAutoConfiguration,PersistentStreamSequencingPolicyProvider,EventProcessingConfiguration,DefaultPersistentStreamMessageSourceFactory,EventProcessingConfigurer$SubscribableMessageSourceDefinitionBuilder,SagaManagerSpanFactory,EventProcessorSpanFactory,EventProcessingModule,DefaultInterceptorChain,ContinuedGivenState,GivenAggregateEventPublisher,FixtureConfiguration,ListenerInvocationErrorHandler,SagaTestFixture,RecordingListenerInvocationErrorHandler,EventMessageHandler,GenericEventMessage,SagaTestFixture$AggregateEventPublisherImpl,AnnotatedSagaManager$Builder,LoggingErrorHandler,AnnotatedSagaManager,BuilderUtils,EventSourcingHandler,EventHandler,EventProcessor,SequencedDeadLetterProcessor,EnqueuePolicy,ErrorHandler,RollbackConfiguration,SagaConfiguration,SagaRepository,AbstractSagaManager,EventProcessingConfigurer$EventProcessorBuilder,SimpleEventHandlerInvoker,SubscribingEventProcessor,SubscribingEventProcessor$Builder,TrackingEventProcessor$Builder,DirectEventProcessingStrategy,PropagatingErrorHandler,EventHandlerInvoker,SimpleEventHandlerInvoker$Builder,MultiEventHandlerInvoker,DeadLetteringEventHandlerInvoker,EventProcessingModule$1,EventProcessingModule$InstanceProcessingGroupSelector,ProcessingGroup,EventProcessingModule$TypeProcessingGroupSelector,EventProcessingModule$ProcessingGroupSelector,EventProcessingModule$InstanceToTypeProcessingGroupSelectorAdapter,SagaCreationPolicy,SagaMethodMessageHandlingMember,AbstractSagaManager$Builder,ResetNotSupportedException,SagaScopeDescriptor,Saga,SagaInitializationPolicy,SagaModel,LockingSagaRepository,AxonNonTransientExceptionClassesPredicate,NonTransientExceptionClassesPredicate,AbstractRetryScheduler,AbstractRetryScheduler$Builder,CachingSupplier,EventProcessingException,ErrorContext,StreamingEventProcessor,AbstractEventProcessor$Builder,AbstractEventProcessor,EventProcessingStrategy,GenericTrackedEventMessage,AsynchronousEventProcessingStrategy$1,AsynchronousEventProcessingStrategy,AsynchronousEventProcessingStrategy$SchedulerCleanUp,EventProcessorTask$ShutdownCallback,EventProcessorTask,AsynchronousEventProcessingStrategy$NoActionCallback,EventProcessorTask$ProcessingTask,FullConcurrencyPolicy,PropertySequencingPolicy$1,PropertySequencingPolicy,PropertySequencingPolicy$Builder$ExceptionRaisingSequencingPolicy,PropertySequencingPolicy$Builder,SequentialPolicy,DeadLetteredEventProcessingTask,DeadLetteringEventHandlerInvoker$1,SequenceIdentifierCache,AbstractEventGateway$Builder,AbstractEventGateway,EventLoggingInterceptor,SimpleEventScheduler$PublishEventTask,FireEventJob,StreamingEventProcessorInfoMessage,EventProcessorControlService$AxonProcessorInstructionHandler,EventProcessorControlService,AxonServerConfiguration$Eventhandling,AxonServerConfiguration$Eventhandling$ProcessorSettings,PersistentStreamMessageSource",""
"communityLabelPropagationId",26,71,"org.axonframework.commandhandling.CommandBus,org.axonframework.messaging.MessageDispatchInterceptor,org.axonframework.commandhandling.CommandMessage,org.axonframework.commandhandling.CommandBusSpanFactory,org.axonframework.commandhandling.gateway.DefaultCommandGateway$Builder,org.axonframework.commandhandling.gateway.DefaultCommandGateway,org.axonframework.commandhandling.LoggingDuplicateCommandHandlerResolver,org.axonframework.commandhandling.SimpleCommandBus,org.axonframework.commandhandling.SimpleCommandBus$Builder,org.axonframework.commandhandling.DuplicateCommandHandlerResolver,org.axonframework.test.utils.CallbackBehavior,org.axonframework.test.utils.RecordingCommandBus,org.axonframework.messaging.MessageHandler,org.axonframework.commandhandling.GenericCommandResultMessage,org.axonframework.commandhandling.CommandCallback,org.axonframework.test.utils.DefaultCallbackBehavior,org.axonframework.test.saga.CommandValidator,org.axonframework.modelling.command.CommandTargetResolver,org.axonframework.commandhandling.CommandResultMessage,org.axonframework.modelling.command.AggregateAnnotationCommandHandler$Builder,org.axonframework.modelling.command.AggregateAnnotationCommandHandler,org.axonframework.modelling.command.CreationPolicyAggregateFactory,org.axonframework.disruptor.commandhandling.DisruptorCommandBus,org.axonframework.commandhandling.NoHandlerForCommandException,org.axonframework.commandhandling.CommandMessageHandler,org.axonframework.modelling.command.AggregateAnnotationCommandHandler$AlwaysCreateAggregateCommandHandler,org.axonframework.modelling.command.AggregateAnnotationCommandHandler$AggregateCommandHandler,org.axonframework.modelling.command.IdentifierMissingException,org.axonframework.modelling.command.AggregateAnnotationCommandHandler$AggregateConstructorCommandHandler,org.axonframework.modelling.command.AggregateAnnotationCommandHandler$AggregateCreateOrUpdateCommandHandler,org.axonframework.modelling.command.VersionedAggregateIdentifier,org.axonframework.modelling.command.NoArgumentConstructorCreationPolicyAggregateFactory,org.axonframework.modelling.command.MetaDataCommandTargetResolver,org.axonframework.disruptor.commandhandling.AggregateBlacklistedException,org.axonframework.disruptor.commandhandling.BlacklistDetectingCallback,org.axonframework.disruptor.commandhandling.DisruptorCommandBus$1,org.axonframework.commandhandling.MonitorAwareCallback,org.axonframework.disruptor.commandhandling.DisruptorCommandBus$FailureLoggingCommandCallback,org.axonframework.disruptor.commandhandling.DisruptorCommandBus$DisruptorRepository,org.axonframework.disruptor.commandhandling.DisruptorCommandBus$Builder,org.axonframework.disruptor.commandhandling.DisruptorCommandBus$ExceptionHandler,org.axonframework.commandhandling.DuplicateCommandHandlerResolution,org.axonframework.commandhandling.callbacks.NoOpCallback,org.axonframework.disruptor.commandhandling.EventPublisher$ReportResultTask,org.axonframework.commandhandling.callbacks.LoggingCallback,org.axonframework.commandhandling.WrappedCommandCallback,org.axonframework.commandhandling.AsynchronousCommandBus$Builder,org.axonframework.commandhandling.AsynchronousCommandBus,org.axonframework.commandhandling.distributed.UnresolvedRoutingKeyPolicy,org.axonframework.commandhandling.distributed.CommandDispatchException,org.axonframework.commandhandling.FailingDuplicateCommandHandlerResolver,org.axonframework.commandhandling.DuplicateCommandHandlerSubscriptionException,org.axonframework.commandhandling.callbacks.FailureLoggingCallback,org.axonframework.commandhandling.callbacks.FutureCallback,org.axonframework.commandhandling.distributed.CommandBusConnector,org.axonframework.commandhandling.distributed.CommandRouter,org.axonframework.commandhandling.distributed.DistributedCommandBus$Builder,org.axonframework.commandhandling.distributed.DistributedCommandBus,org.axonframework.commandhandling.gateway.AbstractCommandGateway$Builder,org.axonframework.commandhandling.gateway.RetryScheduler,org.axonframework.commandhandling.gateway.AbstractCommandGateway,org.axonframework.commandhandling.gateway.RetryingCallback,org.axonframework.commandhandling.gateway.CommandGatewayFactory$CompositeCallback,org.axonframework.commandhandling.gateway.CommandGatewayFactory$TypeSafeCallbackWrapper,org.axonframework.commandhandling.gateway.CommandGatewayFactory$GatewayInvocationHandler$Builder,org.axonframework.commandhandling.gateway.CommandGatewayFactory$GatewayInvocationHandler,org.axonframework.commandhandling.gateway.RetryingCallback$1,org.axonframework.commandhandling.gateway.RetryingCallback$RetryDispatch,org.axonframework.axonserver.connector.command.AxonServerCommandDispatchException,org.axonframework.axonserver.connector.command.CommandSerializer,org.axonframework.axonserver.connector.command.AxonServerCommandBus$CommandProcessingTask","CommandBus,MessageDispatchInterceptor,CommandMessage,CommandBusSpanFactory,DefaultCommandGateway$Builder,DefaultCommandGateway,LoggingDuplicateCommandHandlerResolver,SimpleCommandBus,SimpleCommandBus$Builder,DuplicateCommandHandlerResolver,CallbackBehavior,RecordingCommandBus,MessageHandler,GenericCommandResultMessage,CommandCallback,DefaultCallbackBehavior,CommandValidator,CommandTargetResolver,CommandResultMessage,AggregateAnnotationCommandHandler$Builder,AggregateAnnotationCommandHandler,CreationPolicyAggregateFactory,DisruptorCommandBus,NoHandlerForCommandException,CommandMessageHandler,AggregateAnnotationCommandHandler$AlwaysCreateAggregateCommandHandler,AggregateAnnotationCommandHandler$AggregateCommandHandler,IdentifierMissingException,AggregateAnnotationCommandHandler$AggregateConstructorCommandHandler,AggregateAnnotationCommandHandler$AggregateCreateOrUpdateCommandHandler,VersionedAggregateIdentifier,NoArgumentConstructorCreationPolicyAggregateFactory,MetaDataCommandTargetResolver,AggregateBlacklistedException,BlacklistDetectingCallback,DisruptorCommandBus$1,MonitorAwareCallback,DisruptorCommandBus$FailureLoggingCommandCallback,DisruptorCommandBus$DisruptorRepository,DisruptorCommandBus$Builder,DisruptorCommandBus$ExceptionHandler,DuplicateCommandHandlerResolution,NoOpCallback,EventPublisher$ReportResultTask,LoggingCallback,WrappedCommandCallback,AsynchronousCommandBus$Builder,AsynchronousCommandBus,UnresolvedRoutingKeyPolicy,CommandDispatchException,FailingDuplicateCommandHandlerResolver,DuplicateCommandHandlerSubscriptionException,FailureLoggingCallback,FutureCallback,CommandBusConnector,CommandRouter,DistributedCommandBus$Builder,DistributedCommandBus,AbstractCommandGateway$Builder,RetryScheduler,AbstractCommandGateway,RetryingCallback,CommandGatewayFactory$CompositeCallback,CommandGatewayFactory$TypeSafeCallbackWrapper,CommandGatewayFactory$GatewayInvocationHandler$Builder,CommandGatewayFactory$GatewayInvocationHandler,RetryingCallback$1,RetryingCallback$RetryDispatch,AxonServerCommandDispatchException,CommandSerializer,AxonServerCommandBus$CommandProcessingTask",""
"communityLabelPropagationId",27,14,"org.axonframework.queryhandling.QueryGateway,org.axonframework.queryhandling.DefaultQueryGateway,org.axonframework.queryhandling.DefaultQueryGateway$Builder,org.axonframework.messaging.responsetypes.ResponseType,org.axonframework.messaging.responsetypes.OptionalResponseType,org.axonframework.messaging.responsetypes.ResponseTypes,org.axonframework.messaging.responsetypes.PublisherResponseType,org.axonframework.queryhandling.SubscriptionQueryResult,org.axonframework.queryhandling.GenericQueryMessage,org.axonframework.queryhandling.GenericSubscriptionQueryMessage,org.axonframework.queryhandling.GenericStreamingQueryMessage,org.axonframework.queryhandling.SubscriptionQueryBackpressure,org.axonframework.axonserver.connector.query.subscription.DeserializedResult,org.axonframework.axonserver.connector.query.subscription.DisposableResult","QueryGateway,DefaultQueryGateway,DefaultQueryGateway$Builder,ResponseType,OptionalResponseType,ResponseTypes,PublisherResponseType,SubscriptionQueryResult,GenericQueryMessage,GenericSubscriptionQueryMessage,GenericStreamingQueryMessage,SubscriptionQueryBackpressure,DeserializedResult,DisposableResult",""
"communityLabelPropagationId",28,16,"org.axonframework.queryhandling.QueryUpdateEmitter,org.axonframework.queryhandling.SimpleQueryUpdateEmitter,org.axonframework.queryhandling.QueryUpdateEmitterSpanFactory,org.axonframework.queryhandling.SimpleQueryUpdateEmitter$Builder,org.axonframework.queryhandling.SubscriptionQueryUpdateMessage,org.axonframework.queryhandling.SubscriptionQueryMessage,org.axonframework.queryhandling.FluxSinkWrapper,org.axonframework.queryhandling.SinkWrapper,org.axonframework.queryhandling.UpdateHandlerRegistration,org.axonframework.queryhandling.SinksManyWrapper,org.axonframework.axonserver.connector.util.GrpcObjectSerializer$Serializer,org.axonframework.axonserver.connector.util.GrpcMetadataSerializer,org.axonframework.axonserver.connector.util.GrpcPayloadSerializer$1,org.axonframework.axonserver.connector.util.GrpcPayloadSerializer,org.axonframework.axonserver.connector.util.GrpcObjectSerializer,org.axonframework.axonserver.connector.query.subscription.SubscriptionMessageSerializer","QueryUpdateEmitter,SimpleQueryUpdateEmitter,QueryUpdateEmitterSpanFactory,SimpleQueryUpdateEmitter$Builder,SubscriptionQueryUpdateMessage,SubscriptionQueryMessage,FluxSinkWrapper,SinkWrapper,UpdateHandlerRegistration,SinksManyWrapper,GrpcObjectSerializer$Serializer,GrpcMetadataSerializer,GrpcPayloadSerializer$1,GrpcPayloadSerializer,GrpcObjectSerializer,SubscriptionMessageSerializer",""
"communityLabelPropagationId",29,6,"org.axonframework.axonserver.connector.event.axon.AxonServerEventStore,org.axonframework.axonserver.connector.event.axon.AxonServerEventStore$AxonIQEventStorageEngine,org.axonframework.axonserver.connector.event.axon.AxonServerEventStore$AxonServerMessageSource,org.axonframework.axonserver.connector.event.axon.AxonServerEventStore$1,org.axonframework.axonserver.connector.event.axon.AxonServerEventStore$AxonIQEventStorageEngine$Builder,org.axonframework.axonserver.connector.event.axon.AxonServerEventStore$AxonIQEventStorageEngine$1","AxonServerEventStore,AxonServerEventStore$AxonIQEventStorageEngine,AxonServerEventStore$AxonServerMessageSource,AxonServerEventStore$1,AxonServerEventStore$AxonIQEventStorageEngine$Builder,AxonServerEventStore$AxonIQEventStorageEngine$1",""
"communityLabelPropagationId",30,16,"org.axonframework.common.jdbc.UnitOfWorkAwareConnectionProviderWrapper,org.axonframework.messaging.unitofwork.UnitOfWork,org.axonframework.messaging.unitofwork.CurrentUnitOfWork,org.axonframework.eventsourcing.AbstractSnapshotter$1,org.axonframework.eventsourcing.AbstractSnapshotter,org.axonframework.eventsourcing.AbstractSnapshotter$SilentTask,org.axonframework.eventsourcing.AbstractSnapshotter$CreateSnapshotTask,org.axonframework.eventsourcing.AbstractSnapshotter$RunnableAndFinally,org.axonframework.eventsourcing.AbstractSnapshotter$AggregateTypeId,org.axonframework.eventhandling.AbstractEventBus,org.axonframework.messaging.deadletter.DeadLetterParameterResolverFactory,org.axonframework.messaging.deadletter.DeadLetterParameterResolverFactory$DeadLetterParameterResolver,org.axonframework.messaging.ExecutionException,org.axonframework.common.jdbc.UnitOfWorkAwareConnectionProviderWrapper$UoWAttachedConnection,org.axonframework.common.jdbc.UnitOfWorkAwareConnectionProviderWrapper$1,org.axonframework.common.jdbc.UnitOfWorkAwareConnectionProviderWrapper$UoWAttachedConnectionImpl","UnitOfWorkAwareConnectionProviderWrapper,UnitOfWork,CurrentUnitOfWork,AbstractSnapshotter$1,AbstractSnapshotter,AbstractSnapshotter$SilentTask,AbstractSnapshotter$CreateSnapshotTask,AbstractSnapshotter$RunnableAndFinally,AbstractSnapshotter$AggregateTypeId,AbstractEventBus,DeadLetterParameterResolverFactory,DeadLetterParameterResolverFactory$DeadLetterParameterResolver,ExecutionException,UnitOfWorkAwareConnectionProviderWrapper$UoWAttachedConnection,UnitOfWorkAwareConnectionProviderWrapper$1,UnitOfWorkAwareConnectionProviderWrapper$UoWAttachedConnectionImpl",""
"communityLabelPropagationId",31,20,"org.axonframework.eventsourcing.eventstore.jdbc.JdbcSQLErrorCodesResolver,org.axonframework.eventsourcing.eventstore.jdbc.JdbcEventStorageEngine$Builder,org.axonframework.eventsourcing.eventstore.jdbc.JdbcEventStorageEngine,org.axonframework.eventsourcing.eventstore.EventStoreException,org.axonframework.eventsourcing.eventstore.jdbc.JdbcEventStorageEngine$1,org.axonframework.eventhandling.GenericDomainEventEntry,org.axonframework.eventsourcing.eventstore.jdbc.statements.CleanGapsStatementBuilder,org.axonframework.eventsourcing.eventstore.jdbc.statements.AppendSnapshotStatementBuilder,org.axonframework.eventsourcing.eventstore.jdbc.statements.ReadEventDataForAggregateStatementBuilder,org.axonframework.eventsourcing.eventstore.jdbc.EventTableFactory,org.axonframework.eventsourcing.eventstore.jdbc.statements.ReadSnapshotDataStatementBuilder,org.axonframework.eventsourcing.eventstore.jdbc.statements.CreateHeadTokenStatementBuilder,org.axonframework.eventsourcing.eventstore.jdbc.statements.AppendEventsStatementBuilder,org.axonframework.eventsourcing.eventstore.jdbc.statements.FetchTrackedEventsStatementBuilder,org.axonframework.eventsourcing.eventstore.jdbc.statements.CreateTailTokenStatementBuilder,org.axonframework.eventsourcing.eventstore.jdbc.statements.CreateTokenAtStatementBuilder,org.axonframework.eventsourcing.eventstore.jdbc.statements.ReadEventDataWithGapsStatementBuilder,org.axonframework.eventsourcing.eventstore.jdbc.statements.ReadEventDataWithoutGapsStatementBuilder,org.axonframework.eventsourcing.eventstore.jdbc.statements.LastSequenceNumberForStatementBuilder,org.axonframework.eventsourcing.eventstore.jdbc.statements.DeleteSnapshotsStatementBuilder","JdbcSQLErrorCodesResolver,JdbcEventStorageEngine$Builder,JdbcEventStorageEngine,EventStoreException,JdbcEventStorageEngine$1,GenericDomainEventEntry,CleanGapsStatementBuilder,AppendSnapshotStatementBuilder,ReadEventDataForAggregateStatementBuilder,EventTableFactory,ReadSnapshotDataStatementBuilder,CreateHeadTokenStatementBuilder,AppendEventsStatementBuilder,FetchTrackedEventsStatementBuilder,CreateTailTokenStatementBuilder,CreateTokenAtStatementBuilder,ReadEventDataWithGapsStatementBuilder,ReadEventDataWithoutGapsStatementBuilder,LastSequenceNumberForStatementBuilder,DeleteSnapshotsStatementBuilder",""
"communityLabelPropagationId",32,6,"org.axonframework.modelling.saga.repository.jdbc.GenericSagaSqlSchema,org.axonframework.modelling.saga.repository.jdbc.SagaSchema,org.axonframework.modelling.saga.repository.jdbc.SagaSchema$Builder,org.axonframework.modelling.saga.repository.jdbc.HsqlSagaSqlSchema,org.axonframework.modelling.saga.repository.jdbc.Oracle11SagaSqlSchema,org.axonframework.modelling.saga.repository.jdbc.PostgresSagaSqlSchema","GenericSagaSqlSchema,SagaSchema,SagaSchema$Builder,HsqlSagaSqlSchema,Oracle11SagaSqlSchema,PostgresSagaSqlSchema",""
"communityLabelPropagationId",33,9,"org.axonframework.eventhandling.deadletter.jdbc.DeadLetterSchema,org.axonframework.common.DateTimeUtils,org.axonframework.common.ObjectUtils,org.axonframework.eventhandling.deadletter.jdbc.DeadLetterSchema$Builder,org.axonframework.eventhandling.deadletter.jdbc.GenericDeadLetterTableFactory,org.axonframework.eventhandling.deadletter.jdbc.DefaultDeadLetterJdbcConverter$Builder,org.axonframework.eventhandling.deadletter.jdbc.DefaultDeadLetterJdbcConverter,org.axonframework.eventhandling.deadletter.jdbc.DefaultDeadLetterStatementFactory$Builder,org.axonframework.eventhandling.deadletter.jdbc.DefaultDeadLetterStatementFactory","DeadLetterSchema,DateTimeUtils,ObjectUtils,DeadLetterSchema$Builder,GenericDeadLetterTableFactory,DefaultDeadLetterJdbcConverter$Builder,DefaultDeadLetterJdbcConverter,DefaultDeadLetterStatementFactory$Builder,DefaultDeadLetterStatementFactory",""
"communityLabelPropagationId",34,12,"org.axonframework.eventhandling.tokenstore.jdbc.JdbcTokenStore,org.axonframework.eventhandling.tokenstore.jdbc.TokenSchema,org.axonframework.eventhandling.tokenstore.jdbc.JdbcTokenStore$Builder,org.axonframework.eventhandling.tokenstore.UnableToRetrieveIdentifierException,org.axonframework.eventhandling.tokenstore.jdbc.GenericTokenTableFactory,org.axonframework.eventhandling.tokenstore.jdbc.TokenTableFactory,org.axonframework.eventhandling.tokenstore.GenericTokenEntry,org.axonframework.eventhandling.tokenstore.AbstractTokenEntry,org.axonframework.eventhandling.tokenstore.jdbc.TokenSchema$1,org.axonframework.eventhandling.tokenstore.jdbc.TokenSchema$Builder,org.axonframework.eventhandling.tokenstore.jdbc.Oracle11TokenTableFactory,org.axonframework.eventhandling.tokenstore.jdbc.PostgresTokenTableFactory","JdbcTokenStore,TokenSchema,JdbcTokenStore$Builder,UnableToRetrieveIdentifierException,GenericTokenTableFactory,TokenTableFactory,GenericTokenEntry,AbstractTokenEntry,TokenSchema$1,TokenSchema$Builder,Oracle11TokenTableFactory,PostgresTokenTableFactory",""
"communityLabelPropagationId",35,11,"org.axonframework.eventsourcing.eventstore.jdbc.EventSchema,org.axonframework.eventsourcing.eventstore.jdbc.HsqlEventTableFactory,org.axonframework.eventsourcing.eventstore.jdbc.AbstractEventTableFactory,org.axonframework.eventsourcing.eventstore.jdbc.statements.JdbcEventStorageEngineStatements,org.axonframework.eventsourcing.eventstore.jdbc.EventSchema$Builder,org.axonframework.eventsourcing.eventstore.jdbc.EventSchema$1,org.axonframework.eventsourcing.eventstore.jdbc.statements.TimestampWriter,org.axonframework.eventsourcing.eventstore.jdbc.MySqlEventTableFactory,org.axonframework.eventsourcing.eventstore.jdbc.Oracle11EventTableFactory,org.axonframework.common.jdbc.Oracle11Utils,org.axonframework.eventsourcing.eventstore.jdbc.PostgresEventTableFactory","EventSchema,HsqlEventTableFactory,AbstractEventTableFactory,JdbcEventStorageEngineStatements,EventSchema$Builder,EventSchema$1,TimestampWriter,MySqlEventTableFactory,Oracle11EventTableFactory,Oracle11Utils,PostgresEventTableFactory",""
"communityLabelPropagationId",36,50,"org.axonframework.messaging.correlation.MessageOriginProvider,org.axonframework.messaging.Message,org.axonframework.test.matchers.PayloadsMatcher,org.axonframework.messaging.annotation.ParameterResolver,org.axonframework.common.Priority,org.axonframework.messaging.annotation.SimpleResourceParameterResolverFactory,org.axonframework.commandhandling.GenericCommandMessage,org.axonframework.messaging.annotation.FixedValueParameterResolver,org.axonframework.messaging.interceptors.MessageHandlerInterceptor,org.axonframework.tracing.opentelemetry.MetadataContextGetter,org.axonframework.tracing.SpanUtils,org.axonframework.messaging.annotation.AnnotatedMessageHandlingMemberDefinition,org.axonframework.messaging.annotation.AnnotatedMessageHandlingMember,org.axonframework.messaging.annotation.MessageHandler,org.axonframework.commandhandling.CurrentUnitOfWorkParameterResolverFactory,org.axonframework.eventhandling.ConcludesBatchParameterResolverFactory,org.axonframework.eventhandling.ConcludesBatch,org.axonframework.messaging.annotation.AbstractAnnotatedParameterResolverFactory,org.axonframework.eventhandling.SequenceNumberParameterResolverFactory,org.axonframework.eventhandling.SequenceNumber,org.axonframework.eventhandling.SequenceNumberParameterResolverFactory$SequenceNumberParameterResolver,org.axonframework.eventhandling.TimestampParameterResolverFactory,org.axonframework.eventhandling.TimestampParameterResolverFactory$TimestampParameterResolver,org.axonframework.eventhandling.Timestamp,org.axonframework.messaging.annotation.DefaultParameterResolverFactory,org.axonframework.messaging.annotation.DefaultParameterResolverFactory$AnnotatedMetaDataParameterResolver,org.axonframework.messaging.annotation.DefaultParameterResolverFactory$MetaDataParameterResolver,org.axonframework.messaging.annotation.PayloadParameterResolver,org.axonframework.messaging.annotation.DefaultParameterResolverFactory$MessageParameterResolver,org.axonframework.messaging.annotation.MessageIdentifierParameterResolverFactory,org.axonframework.messaging.annotation.MessageIdentifier,org.axonframework.messaging.annotation.MessageIdentifierParameterResolverFactory$MessageIdentifierParameterResolver,org.axonframework.messaging.annotation.SourceIdParameterResolverFactory,org.axonframework.messaging.annotation.SourceIdParameterResolverFactory$SourceIdParameterResolver,org.axonframework.messaging.annotation.SourceId,org.axonframework.messaging.annotation.AggregateTypeParameterResolverFactory,org.axonframework.messaging.annotation.AggregateType,org.axonframework.messaging.annotation.AggregateTypeParameterResolverFactory$AggregateTypeParameterResolver,org.axonframework.messaging.MessageDecorator,org.axonframework.eventhandling.replay.GenericResetContext,org.axonframework.eventhandling.replay.ResetContext,org.axonframework.eventhandling.ResetHandler,org.axonframework.messaging.interceptors.BeanValidationInterceptor,org.axonframework.messaging.interceptors.LoggingInterceptor,org.axonframework.messaging.interceptors.legacyvalidation.BeanValidationInterceptor,org.axonframework.messaging.interceptors.ExceptionHandler,org.axonframework.tracing.LoggingSpanFactory$1,org.axonframework.tracing.LoggingSpanFactory,org.axonframework.tracing.LoggingSpanFactory$Slf4jSpan,org.axonframework.tracing.LoggingSpanFactory$Slf4jSpan$Slf4jSpanScope","MessageOriginProvider,Message,PayloadsMatcher,ParameterResolver,Priority,SimpleResourceParameterResolverFactory,GenericCommandMessage,FixedValueParameterResolver,MessageHandlerInterceptor,MetadataContextGetter,SpanUtils,AnnotatedMessageHandlingMemberDefinition,AnnotatedMessageHandlingMember,MessageHandler,CurrentUnitOfWorkParameterResolverFactory,ConcludesBatchParameterResolverFactory,ConcludesBatch,AbstractAnnotatedParameterResolverFactory,SequenceNumberParameterResolverFactory,SequenceNumber,SequenceNumberParameterResolverFactory$SequenceNumberParameterResolver,TimestampParameterResolverFactory,TimestampParameterResolverFactory$TimestampParameterResolver,Timestamp,DefaultParameterResolverFactory,DefaultParameterResolverFactory$AnnotatedMetaDataParameterResolver,DefaultParameterResolverFactory$MetaDataParameterResolver,PayloadParameterResolver,DefaultParameterResolverFactory$MessageParameterResolver,MessageIdentifierParameterResolverFactory,MessageIdentifier,MessageIdentifierParameterResolverFactory$MessageIdentifierParameterResolver,SourceIdParameterResolverFactory,SourceIdParameterResolverFactory$SourceIdParameterResolver,SourceId,AggregateTypeParameterResolverFactory,AggregateType,AggregateTypeParameterResolverFactory$AggregateTypeParameterResolver,MessageDecorator,GenericResetContext,ResetContext,ResetHandler,BeanValidationInterceptor,LoggingInterceptor,ExceptionHandler,LoggingSpanFactory$1,LoggingSpanFactory,LoggingSpanFactory$Slf4jSpan,LoggingSpanFactory$Slf4jSpan$Slf4jSpanScope",""
"communityLabelPropagationId",37,6,"org.axonframework.eventsourcing.eventstore.EmbeddedEventStore,org.axonframework.eventsourcing.eventstore.EmbeddedEventStore$1,org.axonframework.eventsourcing.eventstore.EmbeddedEventStore$Cleaner,org.axonframework.eventsourcing.eventstore.EmbeddedEventStore$EventConsumer,org.axonframework.eventsourcing.eventstore.EmbeddedEventStore$Node,org.axonframework.eventsourcing.eventstore.EmbeddedEventStore$EventProducer","EmbeddedEventStore,EmbeddedEventStore$1,EmbeddedEventStore$Cleaner,EmbeddedEventStore$EventConsumer,EmbeddedEventStore$Node,EmbeddedEventStore$EventProducer",""
"communityLabelPropagationId",38,3,"org.axonframework.messaging.annotation.ParameterResolverFactory,org.axonframework.messaging.annotation.MultiParameterResolverFactory,org.axonframework.messaging.annotation.ClasspathParameterResolverFactory","ParameterResolverFactory,MultiParameterResolverFactory,ClasspathParameterResolverFactory",""
"communityLabelPropagationId",39,3,"org.axonframework.messaging.annotation.HandlerDefinition,org.axonframework.messaging.annotation.ClasspathHandlerDefinition,org.axonframework.messaging.annotation.MultiHandlerDefinition","HandlerDefinition,ClasspathHandlerDefinition,MultiHandlerDefinition",""
"communityLabelPropagationId",40,10,"org.axonframework.eventhandling.TrackedEventMessage,org.axonframework.eventhandling.TrackingEventStream,org.axonframework.common.stream.BlockingStream,org.axonframework.eventsourcing.eventstore.SequenceEventStorageEngine$ConcatenatingSpliterator,org.axonframework.eventhandling.MultiStreamableMessageSource$MultiSourceBlockingStream,org.axonframework.eventhandling.MultiStreamableMessageSource$SourceIdAwareBlockingStream,org.axonframework.eventhandling.TrackingEventProcessor$WrappedMessageStream,org.axonframework.eventhandling.pooled.WorkPackage$DefaultProcessingEntry,org.axonframework.axonserver.connector.event.axon.EventBuffer$SimpleSpliterator,org.axonframework.axonserver.connector.event.axon.EventBuffer","TrackedEventMessage,TrackingEventStream,BlockingStream,SequenceEventStorageEngine$ConcatenatingSpliterator,MultiStreamableMessageSource$MultiSourceBlockingStream,MultiStreamableMessageSource$SourceIdAwareBlockingStream,TrackingEventProcessor$WrappedMessageStream,WorkPackage$DefaultProcessingEntry,EventBuffer$SimpleSpliterator,EventBuffer",""
"communityLabelPropagationId",41,2,"org.axonframework.queryhandling.LoggingQueryInvocationErrorHandler$Builder,org.axonframework.queryhandling.LoggingQueryInvocationErrorHandler","LoggingQueryInvocationErrorHandler$Builder,LoggingQueryInvocationErrorHandler",""
"communityLabelPropagationId",42,5,"org.axonframework.messaging.timeout.UnitOfWorkTimeoutInterceptor,org.axonframework.messaging.timeout.TimeoutWrappedMessageHandlingMember,org.axonframework.messaging.timeout.AxonTimeLimitedTask,org.axonframework.messaging.timeout.AxonTaskJanitor,org.axonframework.messaging.timeout.AxonTimeoutException","UnitOfWorkTimeoutInterceptor,TimeoutWrappedMessageHandlingMember,AxonTimeLimitedTask,AxonTaskJanitor,AxonTimeoutException",""
"communityLabelPropagationId",43,4,"org.axonframework.commandhandling.distributed.AnnotationRoutingStrategy,org.axonframework.commandhandling.RoutingKey,org.axonframework.commandhandling.distributed.AnnotationRoutingStrategy$Builder,org.axonframework.commandhandling.distributed.AnnotationRoutingStrategy$RoutingKeyResolver","AnnotationRoutingStrategy,RoutingKey,AnnotationRoutingStrategy$Builder,AnnotationRoutingStrategy$RoutingKeyResolver",""
"communityLabelPropagationId",44,4,"org.axonframework.axonserver.connector.event.axon.AxonServerEventScheduler$Builder,org.axonframework.axonserver.connector.event.axon.AxonServerEventScheduler,org.axonframework.eventhandling.scheduling.java.SimpleScheduleToken,org.axonframework.axonserver.connector.event.util.GrpcExceptionParser","AxonServerEventScheduler$Builder,AxonServerEventScheduler,SimpleScheduleToken,GrpcExceptionParser",""
"communityLabelPropagationId",45,4,"org.axonframework.springboot.util.ConditionalOnQualifiedBean,org.axonframework.springboot.util.OnMissingQualifiedBeanCondition,org.axonframework.springboot.util.OnQualifiedBeanCondition,org.axonframework.springboot.util.AbstractQualifiedBeanCondition","ConditionalOnQualifiedBean,OnMissingQualifiedBeanCondition,OnQualifiedBeanCondition,AbstractQualifiedBeanCondition",""
"communityLabelPropagationId",46,2,"org.axonframework.eventsourcing.DefaultSnapshotterSpanFactory$Builder,org.axonframework.eventsourcing.DefaultSnapshotterSpanFactory","DefaultSnapshotterSpanFactory$Builder,DefaultSnapshotterSpanFactory",""
"communityLabelPropagationId",47,2,"org.axonframework.modelling.command.DefaultRepositorySpanFactory$Builder,org.axonframework.modelling.command.DefaultRepositorySpanFactory","DefaultRepositorySpanFactory$Builder,DefaultRepositorySpanFactory",""
"communityLabelPropagationId",48,3,"org.axonframework.tracing.TracingHandlerEnhancerDefinition$Builder,org.axonframework.tracing.TracingHandlerEnhancerDefinition,org.axonframework.tracing.TracingHandlerEnhancerDefinition$1","TracingHandlerEnhancerDefinition$Builder,TracingHandlerEnhancerDefinition,TracingHandlerEnhancerDefinition$1",""
"communityLabelPropagationId",49,2,"org.axonframework.commandhandling.DefaultCommandBusSpanFactory$Builder,org.axonframework.commandhandling.DefaultCommandBusSpanFactory","DefaultCommandBusSpanFactory$Builder,DefaultCommandBusSpanFactory",""
"communityLabelPropagationId",50,2,"org.axonframework.modelling.saga.DefaultSagaManagerSpanFactory$Builder,org.axonframework.modelling.saga.DefaultSagaManagerSpanFactory","DefaultSagaManagerSpanFactory$Builder,DefaultSagaManagerSpanFactory",""
"communityLabelPropagationId",51,4,"org.axonframework.messaging.annotation.HandlerEnhancerDefinition,org.axonframework.springboot.autoconfig.SecurityAutoConfiguration,org.axonframework.messaging.annotation.MultiHandlerEnhancerDefinition,org.axonframework.messaging.annotation.ClasspathHandlerEnhancerDefinition","HandlerEnhancerDefinition,SecurityAutoConfiguration,MultiHandlerEnhancerDefinition,ClasspathHandlerEnhancerDefinition",""
"communityLabelPropagationId",52,2,"org.axonframework.queryhandling.DefaultQueryUpdateEmitterSpanFactory,org.axonframework.queryhandling.DefaultQueryUpdateEmitterSpanFactory$Builder","DefaultQueryUpdateEmitterSpanFactory,DefaultQueryUpdateEmitterSpanFactory$Builder",""
"communityLabelPropagationId",53,2,"org.axonframework.eventhandling.DefaultEventProcessorSpanFactory$Builder,org.axonframework.eventhandling.DefaultEventProcessorSpanFactory","DefaultEventProcessorSpanFactory$Builder,DefaultEventProcessorSpanFactory",""
"communityLabelPropagationId",54,2,"org.axonframework.eventhandling.DefaultEventBusSpanFactory$Builder,org.axonframework.eventhandling.DefaultEventBusSpanFactory","DefaultEventBusSpanFactory$Builder,DefaultEventBusSpanFactory",""
"communityLabelPropagationId",55,5,"org.axonframework.updates.LoggingUpdateCheckerReporter,org.axonframework.updates.api.ArtifactAvailableUpgrade,org.axonframework.updates.api.UpdateCheckResponse,org.axonframework.updates.api.DetectedVulnerability,org.axonframework.updates.api.DetectedVulnerabilitySeverity","LoggingUpdateCheckerReporter,ArtifactAvailableUpgrade,UpdateCheckResponse,DetectedVulnerability,DetectedVulnerabilitySeverity",""
"communityLabelPropagationId",56,5,"org.axonframework.springboot.autoconfig.OpenTelemetryAutoConfiguration,org.axonframework.tracing.opentelemetry.OpenTelemetrySpanFactory$Builder,org.axonframework.tracing.opentelemetry.OpenTelemetrySpanFactory,org.axonframework.tracing.opentelemetry.MetadataContextSetter,org.axonframework.tracing.opentelemetry.OpenTelemetrySpan","OpenTelemetryAutoConfiguration,OpenTelemetrySpanFactory$Builder,OpenTelemetrySpanFactory,MetadataContextSetter,OpenTelemetrySpan",""
"communityLabelPropagationId",57,3,"org.axonframework.test.deadline.ScheduledDeadlineInfo,org.axonframework.test.deadline.StubDeadlineManager,org.axonframework.test.deadline.DeadlineConsumer","ScheduledDeadlineInfo,StubDeadlineManager,DeadlineConsumer",""
"communityLabelPropagationId",58,29,"org.axonframework.deadline.DeadlineMessage,org.axonframework.test.deadline.DeadlineManagerValidator,org.axonframework.test.matchers.FieldFilter,org.axonframework.test.matchers.Matchers,org.axonframework.test.matchers.ExactClassMatcher,org.axonframework.test.matchers.AllFieldsFilter,org.axonframework.test.matchers.EqualFieldsMatcher,org.axonframework.test.matchers.ExactSequenceMatcher,org.axonframework.test.matchers.NullOrVoidMatcher,org.axonframework.test.matchers.SequenceMatcher,org.axonframework.test.matchers.ListWithAllOfMatcher,org.axonframework.test.matchers.ListWithAnyOfMatcher,org.axonframework.test.matchers.DeepEqualsMatcher,org.axonframework.test.matchers.PredicateMatcher,org.axonframework.test.matchers.EmptyCollectionMatcher,org.axonframework.test.saga.WhenAggregateEventPublisher,org.axonframework.test.saga.FixtureExecutionResult,org.axonframework.test.saga.WhenState,org.axonframework.test.saga.SagaTestFixture$1,org.axonframework.test.saga.SagaTestFixture$MutableFieldFilter,org.axonframework.test.saga.FixtureExecutionResultImpl,org.axonframework.test.saga.EventValidator,org.axonframework.test.saga.DescriptionUtils,org.axonframework.test.matchers.ListMatcher,org.axonframework.test.matchers.NonStaticFieldsFilter,org.axonframework.test.matchers.MatcherExecutionException,org.axonframework.test.matchers.NonTransientFieldsFilter,org.axonframework.deadline.annotation.DeadlineHandler,org.axonframework.deadline.AbstractDeadlineManager","DeadlineMessage,DeadlineManagerValidator,FieldFilter,Matchers,ExactClassMatcher,AllFieldsFilter,EqualFieldsMatcher,ExactSequenceMatcher,NullOrVoidMatcher,SequenceMatcher,ListWithAllOfMatcher,ListWithAnyOfMatcher,DeepEqualsMatcher,PredicateMatcher,EmptyCollectionMatcher,WhenAggregateEventPublisher,FixtureExecutionResult,WhenState,SagaTestFixture$1,SagaTestFixture$MutableFieldFilter,FixtureExecutionResultImpl,EventValidator,DescriptionUtils,ListMatcher,NonStaticFieldsFilter,MatcherExecutionException,NonTransientFieldsFilter,DeadlineHandler,AbstractDeadlineManager",""
"communityLabelPropagationId",59,2,"org.axonframework.test.AxonAssertionError,org.axonframework.test.aggregate.Reporter","AxonAssertionError,Reporter",""
"communityLabelPropagationId",60,2,"org.axonframework.messaging.InterceptorChain,org.axonframework.messaging.annotation.InterceptorChainParameterResolverFactory","InterceptorChain,InterceptorChainParameterResolverFactory",""
"communityLabelPropagationId",61,47,"org.axonframework.test.FixtureExecutionException,org.axonframework.test.matchers.IgnoreField,org.axonframework.common.AxonNonTransientException,org.axonframework.eventhandling.GenericDomainEventMessage,org.axonframework.test.aggregate.TestExecutor,org.axonframework.test.aggregate.FixtureConfiguration,org.axonframework.modelling.command.Repository,org.axonframework.test.aggregate.AggregateTestFixture$ExecutionExceptionAwareCallback,org.axonframework.test.aggregate.AggregateTestFixture$1,org.axonframework.modelling.command.Aggregate,org.axonframework.test.aggregate.AggregateTestFixture$RecordingEventStore,org.axonframework.eventhandling.DomainEventMessage,org.axonframework.test.aggregate.AggregateTestFixture,org.axonframework.test.aggregate.AggregateTestFixture$DefaultRepositoryProvider,org.axonframework.test.aggregate.AggregateTestFixture$CreationalRepository,org.axonframework.test.aggregate.AggregateTestFixture$ComparationEntry,org.axonframework.test.aggregate.AggregateTestFixture$IdentifierValidatingRepository,org.axonframework.test.matchers.MatchAllFieldFilter,org.axonframework.modelling.command.AggregateScopeDescriptor,org.axonframework.modelling.command.ConflictingAggregateVersionException,org.axonframework.eventsourcing.conflictresolution.NoConflictResolver,org.axonframework.eventsourcing.eventstore.DomainEventStream$2,org.axonframework.eventsourcing.eventstore.IteratorBackedDomainEventStream,org.axonframework.eventsourcing.conflictresolution.DefaultConflictResolver,org.axonframework.eventsourcing.AbstractAggregateFactory,org.axonframework.eventsourcing.AbstractSnapshotTrigger,org.axonframework.eventsourcing.conflictresolution.ContextAwareConflictExceptionSupplier,org.axonframework.eventsourcing.conflictresolution.DefaultConflictDescription,org.axonframework.eventsourcing.conflictresolution.Conflicts,org.axonframework.eventhandling.GenericTrackedDomainEventMessage,org.axonframework.eventsourcing.eventstore.AbstractEventStorageEngine,org.axonframework.eventsourcing.eventstore.AbstractEventStore,org.axonframework.eventsourcing.eventstore.AbstractSnapshotEventEntry$PK,org.axonframework.eventsourcing.eventstore.AbstractSnapshotEventEntry,org.axonframework.eventhandling.AbstractSequencedDomainEventEntry,org.axonframework.modelling.command.AbstractRepository,org.axonframework.modelling.command.AggregateRolledBackException,org.axonframework.modelling.command.ConflictingModificationException,org.axonframework.modelling.command.AggregateEntityNotFoundException,org.axonframework.modelling.command.inspection.AnnotatedAggregate$LazyIdentifierDomainEventMessage,org.axonframework.modelling.saga.SagaInstantiationException,org.axonframework.modelling.saga.repository.SagaCreationException,org.axonframework.eventhandling.AbstractDomainEventEntry,org.axonframework.messaging.Headers,org.axonframework.messaging.interceptors.JSR303ViolationException,org.axonframework.messaging.interceptors.legacyvalidation.JSR303ViolationException,org.axonframework.queryhandling.CompletedEmitterException","FixtureExecutionException,IgnoreField,AxonNonTransientException,GenericDomainEventMessage,TestExecutor,FixtureConfiguration,Repository,AggregateTestFixture$ExecutionExceptionAwareCallback,AggregateTestFixture$1,Aggregate,AggregateTestFixture$RecordingEventStore,DomainEventMessage,AggregateTestFixture,AggregateTestFixture$DefaultRepositoryProvider,AggregateTestFixture$CreationalRepository,AggregateTestFixture$ComparationEntry,AggregateTestFixture$IdentifierValidatingRepository,MatchAllFieldFilter,AggregateScopeDescriptor,ConflictingAggregateVersionException,NoConflictResolver,DomainEventStream$2,IteratorBackedDomainEventStream,DefaultConflictResolver,AbstractAggregateFactory,AbstractSnapshotTrigger,ContextAwareConflictExceptionSupplier,DefaultConflictDescription,Conflicts,GenericTrackedDomainEventMessage,AbstractEventStorageEngine,AbstractEventStore,AbstractSnapshotEventEntry$PK,AbstractSnapshotEventEntry,AbstractSequencedDomainEventEntry,AbstractRepository,AggregateRolledBackException,ConflictingModificationException,AggregateEntityNotFoundException,AnnotatedAggregate$LazyIdentifierDomainEventMessage,SagaInstantiationException,SagaCreationException,AbstractDomainEventEntry,Headers,JSR303ViolationException,CompletedEmitterException",""
"communityLabelPropagationId",62,6,"org.axonframework.test.matchers.PayloadMatcher,org.axonframework.test.aggregate.ResultValidator,org.axonframework.test.aggregate.ResultValidatorImpl,org.axonframework.test.matchers.MapEntryMatcher,org.axonframework.test.matchers.EqualsMatcher,org.axonframework.test.matchers.MapEntryMatcher$Matching","PayloadMatcher,ResultValidator,ResultValidatorImpl,MapEntryMatcher,EqualsMatcher,MapEntryMatcher$Matching",""
"communityLabelPropagationId",63,4,"org.axonframework.test.saga.SagaTestFixture$WrappingResourceInjector,org.axonframework.test.saga.SagaTestFixture$TransienceValidatingResourceInjector,org.axonframework.modelling.saga.SimpleResourceInjector,org.axonframework.test.utils.AutowiredResourceInjector","SagaTestFixture$WrappingResourceInjector,SagaTestFixture$TransienceValidatingResourceInjector,SimpleResourceInjector,AutowiredResourceInjector",""
"communityLabelPropagationId",64,20,"org.axonframework.common.ReflectionUtils,org.axonframework.modelling.saga.AbstractResourceInjector,org.axonframework.modelling.command.inspection.EntityModel,org.axonframework.modelling.command.inspection.AggregateMemberAnnotatedChildEntityDefinition,org.axonframework.modelling.command.ForwardingMode,org.axonframework.modelling.command.inspection.AbstractChildEntityDefinition,org.axonframework.modelling.command.inspection.AggregateMemberAnnotatedChildEntityMapDefinition,org.axonframework.common.property.Property,org.axonframework.modelling.command.inspection.AggregateMemberAnnotatedChildEntityCollectionDefinition,org.axonframework.modelling.command.ForwardMatchingInstances$1,org.axonframework.modelling.command.ForwardMatchingInstances,org.axonframework.modelling.command.ForwardMatchingInstances$NoProperty,org.axonframework.modelling.command.AggregateMember,org.axonframework.modelling.command.ForwardToAll,org.axonframework.common.property.PropertyAccessStrategy,org.axonframework.modelling.command.ForwardNone,org.axonframework.modelling.command.inspection.AnnotatedChildEntity,org.axonframework.common.property.DirectPropertyAccessStrategy,org.axonframework.common.property.DirectlyAccessedProperty,org.axonframework.common.MemberAccessibilityCallback","ReflectionUtils,AbstractResourceInjector,EntityModel,AggregateMemberAnnotatedChildEntityDefinition,ForwardingMode,AbstractChildEntityDefinition,AggregateMemberAnnotatedChildEntityMapDefinition,Property,AggregateMemberAnnotatedChildEntityCollectionDefinition,ForwardMatchingInstances$1,ForwardMatchingInstances,ForwardMatchingInstances$NoProperty,AggregateMember,ForwardToAll,PropertyAccessStrategy,ForwardNone,AnnotatedChildEntity,DirectPropertyAccessStrategy,DirectlyAccessedProperty,MemberAccessibilityCallback",""
"communityLabelPropagationId",65,10,"org.axonframework.test.saga.SagaTestFixture$ReturnResultFromStub,org.axonframework.commandhandling.gateway.CommandGatewayFactory$InvocationHandler,org.axonframework.test.saga.SagaTestFixture$StubAwareCommandGatewayFactory,org.axonframework.test.saga.SagaTestFixture$StubAwareCommandGatewayFactory$Builder,org.axonframework.commandhandling.gateway.CommandGatewayFactory$1,org.axonframework.commandhandling.gateway.CommandGatewayFactory$WaitForResult,org.axonframework.commandhandling.gateway.CommandGatewayFactory$WrapNonDeclaredCheckedExceptions,org.axonframework.commandhandling.gateway.CommandGatewayFactory$FireAndForget,org.axonframework.commandhandling.gateway.CommandGatewayFactory$WaitForResultWithTimeoutInArguments,org.axonframework.commandhandling.gateway.CommandGatewayFactory$WaitForResultWithFixedTimeout","SagaTestFixture$ReturnResultFromStub,CommandGatewayFactory$InvocationHandler,SagaTestFixture$StubAwareCommandGatewayFactory,SagaTestFixture$StubAwareCommandGatewayFactory$Builder,CommandGatewayFactory$1,CommandGatewayFactory$WaitForResult,CommandGatewayFactory$WrapNonDeclaredCheckedExceptions,CommandGatewayFactory$FireAndForget,CommandGatewayFactory$WaitForResultWithTimeoutInArguments,CommandGatewayFactory$WaitForResultWithFixedTimeout",""
"communityLabelPropagationId",66,7,"org.axonframework.commandhandling.gateway.CommandGatewayFactory$Builder,org.axonframework.commandhandling.gateway.CommandGatewayFactory,org.axonframework.messaging.annotation.MetaDataValue,org.axonframework.commandhandling.gateway.CommandGatewayFactory$MetaDataExtractor,org.axonframework.commandhandling.gateway.CommandGatewayFactory$DispatchOnInvocationHandler,org.axonframework.commandhandling.gateway.CommandGatewayFactory$DispatchOnInvocationHandler$Builder,org.axonframework.commandhandling.gateway.Timeout","CommandGatewayFactory$Builder,CommandGatewayFactory,MetaDataValue,CommandGatewayFactory$MetaDataExtractor,CommandGatewayFactory$DispatchOnInvocationHandler,CommandGatewayFactory$DispatchOnInvocationHandler$Builder,Timeout",""
"communityLabelPropagationId",67,3,"org.axonframework.test.eventscheduler.StubEventScheduler,org.axonframework.test.eventscheduler.StubScheduleToken,org.axonframework.test.eventscheduler.EventConsumer","StubEventScheduler,StubScheduleToken,EventConsumer",""
"communityLabelPropagationId",68,2,"org.axonframework.test.eventscheduler.EventSchedulerValidator,org.axonframework.test.eventscheduler.ScheduledItem","EventSchedulerValidator,ScheduledItem",""
"communityLabelPropagationId",69,10,"org.axonframework.messaging.MetaData,org.axonframework.messaging.MetaData$1,org.axonframework.messaging.MetaData$MetaDataCollector,org.axonframework.messaging.AbstractMessage,org.axonframework.messaging.correlation.SimpleCorrelationDataProvider,org.axonframework.serialization.AbstractXStreamSerializer$MetaDataConverter,org.axonframework.serialization.json.MetaDataDeserializer,org.axonframework.axonserver.connector.util.GrpcMetaData,org.axonframework.axonserver.connector.query.subscription.GrpcBackedQueryUpdateMessage,org.axonframework.axonserver.connector.command.GrpcBackedCommandMessage","MetaData,MetaData$1,MetaData$MetaDataCollector,AbstractMessage,SimpleCorrelationDataProvider,AbstractXStreamSerializer$MetaDataConverter,MetaDataDeserializer,GrpcMetaData,GrpcBackedQueryUpdateMessage,GrpcBackedCommandMessage",""
"communityLabelPropagationId",70,2,"org.axonframework.test.FixtureResourceParameterResolverFactory$FailingParameterResolver,org.axonframework.test.FixtureResourceParameterResolverFactory","FixtureResourceParameterResolverFactory$FailingParameterResolver,FixtureResourceParameterResolverFactory",""
"communityLabelPropagationId",71,2,"org.axonframework.eventhandling.GlobalSequenceTrackingToken,org.axonframework.eventsourcing.eventstore.inmemory.InMemoryEventStorageEngine","GlobalSequenceTrackingToken,InMemoryEventStorageEngine",""
"communityLabelPropagationId",72,3,"org.axonframework.modelling.saga.repository.AnnotatedSagaRepository,org.axonframework.modelling.saga.AnnotatedSaga,org.axonframework.modelling.saga.SagaExecutionException","AnnotatedSagaRepository,AnnotatedSaga,SagaExecutionException",""
"communityLabelPropagationId",73,3,"org.axonframework.modelling.saga.repository.AnnotatedSagaRepository$Builder,org.axonframework.modelling.saga.metamodel.AnnotationSagaMetaModelFactory,org.axonframework.modelling.saga.repository.LockingSagaRepository$Builder","AnnotatedSagaRepository$Builder,AnnotationSagaMetaModelFactory,LockingSagaRepository$Builder",""
"communityLabelPropagationId",74,3,"org.axonframework.eventhandling.EventUtils,org.axonframework.eventsourcing.EventStreamUtils,org.axonframework.serialization.upcasting.event.IntermediateEventRepresentation","EventUtils,EventStreamUtils,IntermediateEventRepresentation",""
"communityLabelPropagationId",75,8,"org.axonframework.test.aggregate.StubAggregateLifecycle$1,org.axonframework.modelling.command.ApplyMore,org.axonframework.test.aggregate.StubAggregateLifecycle,org.axonframework.modelling.command.AggregateLifecycle,org.axonframework.test.aggregate.StubAggregateLifecycleExtension,org.axonframework.eventsourcing.EventSourcedAggregate$IgnoreApplyMore,org.axonframework.messaging.Scope,org.axonframework.modelling.command.AggregateInvocationException","StubAggregateLifecycle$1,ApplyMore,StubAggregateLifecycle,AggregateLifecycle,StubAggregateLifecycleExtension,EventSourcedAggregate$IgnoreApplyMore,Scope,AggregateInvocationException",""
"communityLabelPropagationId",76,2,"org.axonframework.common.IdentifierFactory,org.axonframework.common.DefaultIdentifierFactory","IdentifierFactory,DefaultIdentifierFactory",""
"communityLabelPropagationId",77,5,"org.axonframework.eventsourcing.eventstore.DomainEventStream,org.axonframework.eventsourcing.eventstore.ConcatenatingDomainEventStream,org.axonframework.eventsourcing.eventstore.FilteringDomainEventStream,org.axonframework.eventsourcing.eventstore.DomainEventStream$1,org.axonframework.eventsourcing.eventstore.SequenceEventStorageEngine$ConcatenatingDomainEventStream","DomainEventStream,ConcatenatingDomainEventStream,FilteringDomainEventStream,DomainEventStream$1,SequenceEventStorageEngine$ConcatenatingDomainEventStream",""
"communityLabelPropagationId",78,10,"org.axonframework.eventhandling.TrackingToken,org.axonframework.eventhandling.MultiStreamableMessageSource$Builder,org.axonframework.eventhandling.MultiStreamableMessageSource,org.axonframework.eventsourcing.eventstore.inmemory.InMemoryEventStorageEngine$MapEntrySpliterator,org.axonframework.eventhandling.WrappedToken,org.axonframework.eventhandling.ReplayToken,org.axonframework.eventhandling.MultiSourceTrackingToken,org.axonframework.eventhandling.MultiStreamableMessageSource$IdentifiedStreamableMessageSource,org.axonframework.eventhandling.MergedTrackingToken,org.axonframework.eventhandling.pooled.Coordinator$NoToken","TrackingToken,MultiStreamableMessageSource$Builder,MultiStreamableMessageSource,InMemoryEventStorageEngine$MapEntrySpliterator,WrappedToken,ReplayToken,MultiSourceTrackingToken,MultiStreamableMessageSource$IdentifiedStreamableMessageSource,MergedTrackingToken,Coordinator$NoToken",""
"communityLabelPropagationId",79,2,"org.axonframework.test.aggregate.StubAggregateLifecycleRule$1,org.axonframework.test.aggregate.StubAggregateLifecycleRule","StubAggregateLifecycleRule$1,StubAggregateLifecycleRule",""
"communityLabelPropagationId",80,2,"org.axonframework.eventsourcing.GenericAggregateFactory,org.axonframework.eventsourcing.IncompatibleAggregateException","GenericAggregateFactory,IncompatibleAggregateException",""
"communityLabelPropagationId",81,3,"org.axonframework.messaging.HandlerExecutionException,org.axonframework.commandhandling.CommandExecutionException,org.axonframework.queryhandling.QueryExecutionException","HandlerExecutionException,CommandExecutionException,QueryExecutionException",""
"communityLabelPropagationId",82,4,"org.axonframework.eventsourcing.conflictresolution.ConflictResolution,org.axonframework.eventsourcing.conflictresolution.ConflictResolver,org.axonframework.eventsourcing.conflictresolution.ConflictExceptionSupplier,org.axonframework.eventsourcing.conflictresolution.ConflictDescription","ConflictResolution,ConflictResolver,ConflictExceptionSupplier,ConflictDescription",""
"communityLabelPropagationId",83,7,"org.axonframework.eventhandling.DomainEventSequenceAware,org.axonframework.modelling.command.LockingRepository$Builder,org.axonframework.modelling.command.AbstractRepository$Builder,org.axonframework.modelling.command.GenericJpaRepository$Builder,org.axonframework.modelling.command.GenericJpaRepository,org.axonframework.modelling.command.legacyjpa.GenericJpaRepository$Builder,org.axonframework.modelling.command.legacyjpa.GenericJpaRepository","DomainEventSequenceAware,LockingRepository$Builder,AbstractRepository$Builder,GenericJpaRepository$Builder,GenericJpaRepository",""
"communityLabelPropagationId",84,9,"org.axonframework.modelling.command.LockAwareAggregate,org.axonframework.modelling.command.LockingRepository,org.axonframework.modelling.command.ConcurrencyException,org.axonframework.common.AxonTransientException,org.axonframework.common.lock.Lock,org.axonframework.common.lock.NoOpLock,org.axonframework.modelling.command.LockAwareAggregate$LockSupplier,org.axonframework.disruptor.commandhandling.AggregateStateCorruptedException,org.axonframework.eventhandling.tokenstore.UnableToInitializeTokenException","LockAwareAggregate,LockingRepository,ConcurrencyException,AxonTransientException,Lock,NoOpLock,LockAwareAggregate$LockSupplier,AggregateStateCorruptedException,UnableToInitializeTokenException",""
"communityLabelPropagationId",85,6,"org.axonframework.eventsourcing.AggregateSnapshotter$SnapshotAggregate,org.axonframework.eventsourcing.AggregateSnapshotter$1,org.axonframework.eventsourcing.AbstractSnapshotter$Builder,org.axonframework.common.DirectExecutor,org.axonframework.eventsourcing.AggregateSnapshotter,org.axonframework.eventsourcing.AggregateSnapshotter$Builder","AggregateSnapshotter$SnapshotAggregate,AggregateSnapshotter$1,AbstractSnapshotter$Builder,DirectExecutor,AggregateSnapshotter,AggregateSnapshotter$Builder",""
"communityLabelPropagationId",86,2,"org.axonframework.messaging.unitofwork.UnitOfWork$Phase,org.axonframework.messaging.unitofwork.AbstractUnitOfWork","UnitOfWork$Phase,AbstractUnitOfWork",""
"communityLabelPropagationId",87,2,"org.axonframework.eventsourcing.AggregateLoadTimeSnapshotTriggerDefinition$AggregateLoadTimeSnapshotTrigger,org.axonframework.eventsourcing.AggregateLoadTimeSnapshotTriggerDefinition","AggregateLoadTimeSnapshotTriggerDefinition$AggregateLoadTimeSnapshotTrigger,AggregateLoadTimeSnapshotTriggerDefinition",""
"communityLabelPropagationId",88,2,"org.axonframework.eventsourcing.MultiStreamableMessageSource$Builder,org.axonframework.eventsourcing.MultiStreamableMessageSource","MultiStreamableMessageSource$Builder,MultiStreamableMessageSource",""
"communityLabelPropagationId",89,2,"org.axonframework.eventsourcing.EventCountSnapshotTriggerDefinition$EventCountSnapshotTrigger,org.axonframework.eventsourcing.EventCountSnapshotTriggerDefinition","EventCountSnapshotTriggerDefinition$EventCountSnapshotTrigger,EventCountSnapshotTriggerDefinition",""
"communityLabelPropagationId",90,4,"org.axonframework.serialization.SerializedMessage,org.axonframework.serialization.LazyDeserializingObject,org.axonframework.axonserver.connector.query.GrpcBackedQueryMessage,org.axonframework.axonserver.connector.query.subscription.GrpcBackedSubscriptionQueryMessage","SerializedMessage,LazyDeserializingObject,GrpcBackedQueryMessage,GrpcBackedSubscriptionQueryMessage",""
"communityLabelPropagationId",91,6,"org.axonframework.eventhandling.DomainEventData,org.axonframework.eventhandling.TrackedEventData,org.axonframework.eventsourcing.eventstore.BatchingEventStorageEngine$1,org.axonframework.eventsourcing.eventstore.BatchingEventStorageEngine,org.axonframework.eventsourcing.eventstore.BatchingEventStorageEngine$EventStreamSpliterator,org.axonframework.eventhandling.TrackedDomainEventData","DomainEventData,TrackedEventData,BatchingEventStorageEngine$1,BatchingEventStorageEngine,BatchingEventStorageEngine$EventStreamSpliterator,TrackedDomainEventData",""
"communityLabelPropagationId",92,12,"org.axonframework.modelling.command.AggregateStreamCreationException,org.axonframework.common.AxonException,org.axonframework.commandhandling.distributed.ServiceRegistryException,org.axonframework.common.ProcessRetriesExhaustedException,org.axonframework.eventhandling.TransactionMethodExecutionException,org.axonframework.messaging.EventPublicationFailedException,org.axonframework.axonserver.connector.AxonServerException,org.axonframework.axonserver.connector.ErrorCode,org.axonframework.axonserver.connector.query.AxonServerQueryDispatchException,org.axonframework.axonserver.connector.ErrorCode$ExceptionBuilder,org.axonframework.axonserver.connector.InstructionAckSource,org.axonframework.axonserver.connector.DefaultInstructionAckSource","AggregateStreamCreationException,AxonException,ServiceRegistryException,ProcessRetriesExhaustedException,TransactionMethodExecutionException,EventPublicationFailedException,AxonServerException,ErrorCode,AxonServerQueryDispatchException,ErrorCode$ExceptionBuilder,InstructionAckSource,DefaultInstructionAckSource",""
"communityLabelPropagationId",93,2,"org.axonframework.eventsourcing.snapshotting.RevisionSnapshotFilter,org.axonframework.eventsourcing.snapshotting.RevisionSnapshotFilter$Builder","RevisionSnapshotFilter,RevisionSnapshotFilter$Builder",""
"communityLabelPropagationId",94,6,"org.axonframework.eventsourcing.eventstore.legacyjpa.EmbeddedEventStore$1,org.axonframework.eventsourcing.eventstore.legacyjpa.EmbeddedEventStore,org.axonframework.eventsourcing.eventstore.legacyjpa.EmbeddedEventStore$Cleaner,org.axonframework.eventsourcing.eventstore.legacyjpa.EmbeddedEventStore$EventConsumer,org.axonframework.eventsourcing.eventstore.legacyjpa.EmbeddedEventStore$Node,org.axonframework.eventsourcing.eventstore.legacyjpa.EmbeddedEventStore$EventProducer","EmbeddedEventStore$1,EmbeddedEventStore,EmbeddedEventStore$Cleaner,EmbeddedEventStore$EventConsumer,EmbeddedEventStore$Node,EmbeddedEventStore$EventProducer",""
"communityLabelPropagationId",95,4,"org.axonframework.deadline.SimpleDeadlineManager,org.axonframework.deadline.SimpleDeadlineManager$1,org.axonframework.deadline.SimpleDeadlineManager$DeadlineId,org.axonframework.deadline.SimpleDeadlineManager$DeadlineTask","SimpleDeadlineManager,SimpleDeadlineManager$1,SimpleDeadlineManager$DeadlineId,SimpleDeadlineManager$DeadlineTask",""
"communityLabelPropagationId",96,13,"org.axonframework.common.caching.WeakReferenceCache,org.axonframework.common.caching.NoCache,org.axonframework.common.caching.AbstractCacheAdapter,org.axonframework.common.caching.Cache$EntryListener,org.axonframework.common.caching.JCacheAdapter$JCacheListenerAdapter,org.axonframework.common.caching.Cache$EntryListenerAdapter,org.axonframework.common.caching.EhCache3Adapter$1,org.axonframework.common.caching.EhCache3Adapter,org.axonframework.common.caching.EhCache3Adapter$CacheEventListenerAdapter,org.axonframework.common.caching.EhCacheAdapter$CacheEventListenerAdapter,org.axonframework.common.caching.EhCacheAdapter,org.axonframework.common.caching.JCacheAdapter,org.axonframework.common.caching.WeakReferenceCache$Entry","WeakReferenceCache,NoCache,AbstractCacheAdapter,Cache$EntryListener,JCacheAdapter$JCacheListenerAdapter,Cache$EntryListenerAdapter,EhCache3Adapter$1,EhCache3Adapter,EhCache3Adapter$CacheEventListenerAdapter,EhCacheAdapter$CacheEventListenerAdapter,EhCacheAdapter,JCacheAdapter,WeakReferenceCache$Entry",""
"communityLabelPropagationId",97,7,"org.axonframework.common.lock.PessimisticLockFactory,org.axonframework.common.lock.DeadlockException,org.axonframework.common.lock.LockAcquisitionFailedException,org.axonframework.common.lock.PessimisticLockFactory$DisposableLock,org.axonframework.common.lock.PessimisticLockFactory$1,org.axonframework.common.lock.PessimisticLockFactory$PubliclyOwnedReentrantLock,org.axonframework.common.lock.PessimisticLockFactory$Builder","PessimisticLockFactory,DeadlockException,LockAcquisitionFailedException,PessimisticLockFactory$DisposableLock,PessimisticLockFactory$1,PessimisticLockFactory$PubliclyOwnedReentrantLock,PessimisticLockFactory$Builder",""
"communityLabelPropagationId",98,4,"org.axonframework.modelling.command.AnnotationCommandTargetResolver,org.axonframework.modelling.command.AnnotationCommandTargetResolver$Builder,org.axonframework.modelling.command.TargetAggregateIdentifier,org.axonframework.modelling.command.TargetAggregateVersion","AnnotationCommandTargetResolver,AnnotationCommandTargetResolver$Builder,TargetAggregateIdentifier,TargetAggregateVersion",""
"communityLabelPropagationId",99,5,"org.axonframework.messaging.unitofwork.RollbackConfigurationType,org.axonframework.messaging.unitofwork.RollbackConfigurationType$3,org.axonframework.messaging.unitofwork.RollbackConfigurationType$4,org.axonframework.messaging.unitofwork.RollbackConfigurationType$2,org.axonframework.messaging.unitofwork.RollbackConfigurationType$1","RollbackConfigurationType,RollbackConfigurationType$3,RollbackConfigurationType$4,RollbackConfigurationType$2,RollbackConfigurationType$1",""
"communityLabelPropagationId",100,13,"org.axonframework.eventhandling.pooled.PooledStreamingEventProcessor,org.axonframework.eventhandling.pooled.WorkPackage,org.axonframework.eventhandling.pooled.WorkPackage$BatchProcessor,org.axonframework.eventhandling.pooled.WorkPackage$EventFilter,org.axonframework.eventhandling.pooled.WorkPackage$Builder,org.axonframework.eventhandling.pooled.WorkPackage$1,org.axonframework.eventhandling.pooled.Coordinator,org.axonframework.eventhandling.pooled.MaxSegmentProvider,org.axonframework.eventhandling.pooled.Coordinator$CoordinationTask,org.axonframework.eventhandling.pooled.Coordinator$EventFilter,org.axonframework.eventhandling.pooled.Coordinator$Builder,org.axonframework.eventhandling.pooled.Coordinator$RunState,org.axonframework.eventhandling.pooled.Coordinator$1","PooledStreamingEventProcessor,WorkPackage,WorkPackage$BatchProcessor,WorkPackage$EventFilter,WorkPackage$Builder,WorkPackage$1,Coordinator,MaxSegmentProvider,Coordinator$CoordinationTask,Coordinator$EventFilter,Coordinator$Builder,Coordinator$RunState,Coordinator$1",""
"communityLabelPropagationId",101,2,"org.axonframework.eventhandling.tokenstore.inmemory.InMemoryTokenStore,org.axonframework.eventhandling.tokenstore.inmemory.InMemoryTokenStore$ProcessAndSegment","InMemoryTokenStore,InMemoryTokenStore$ProcessAndSegment",""
"communityLabelPropagationId",102,4,"org.axonframework.messaging.deadletter.Decisions,org.axonframework.messaging.deadletter.DoNotEnqueue,org.axonframework.messaging.deadletter.ShouldEnqueue,org.axonframework.messaging.deadletter.Ignore","Decisions,DoNotEnqueue,ShouldEnqueue,Ignore",""
"communityLabelPropagationId",103,3,"org.axonframework.modelling.command.CreationPolicy,org.axonframework.modelling.command.AggregateCreationPolicy,org.axonframework.modelling.command.AggregateAnnotationCommandHandler$1","CreationPolicy,AggregateCreationPolicy,AggregateAnnotationCommandHandler$1",""
"communityLabelPropagationId",104,4,"org.axonframework.modelling.saga.repository.AssociationValueMap$1,org.axonframework.modelling.saga.repository.AssociationValueMap,org.axonframework.modelling.saga.repository.AssociationValueMap$SagaAssociationValue,org.axonframework.modelling.saga.repository.AssociationValueMap$AssociationValueComparator","AssociationValueMap$1,AssociationValueMap,AssociationValueMap$SagaAssociationValue,AssociationValueMap$AssociationValueComparator",""
"communityLabelPropagationId",105,6,"org.axonframework.disruptor.commandhandling.CommandHandlingEntry,org.axonframework.disruptor.commandhandling.CommandHandlingEntry$RepeatingCommandHandler,org.axonframework.disruptor.commandhandling.CommandHandlingEntry$1,org.axonframework.disruptor.commandhandling.DisruptorUnitOfWork,org.axonframework.disruptor.commandhandling.EventPublisher,org.axonframework.disruptor.commandhandling.EventPublisher$1","CommandHandlingEntry,CommandHandlingEntry$RepeatingCommandHandler,CommandHandlingEntry$1,DisruptorUnitOfWork,EventPublisher,EventPublisher$1",""
"communityLabelPropagationId",106,3,"org.axonframework.messaging.unitofwork.MessageProcessingContext,org.axonframework.messaging.unitofwork.ExecutionResult,org.axonframework.messaging.unitofwork.BatchingUnitOfWork","MessageProcessingContext,ExecutionResult,BatchingUnitOfWork",""
"communityLabelPropagationId",107,3,"org.axonframework.common.property.UniformPropertyAccessStrategy,org.axonframework.common.property.AbstractMethodPropertyAccessStrategy,org.axonframework.common.property.BeanPropertyAccessStrategy","UniformPropertyAccessStrategy,AbstractMethodPropertyAccessStrategy,BeanPropertyAccessStrategy",""
"communityLabelPropagationId",108,3,"org.axonframework.eventhandling.TrackingTokenParameterResolverFactory,org.axonframework.eventhandling.TrackingTokenParameterResolverFactory$1,org.axonframework.eventhandling.TrackingTokenParameterResolverFactory$TrackingTokenParameterResolver","TrackingTokenParameterResolverFactory,TrackingTokenParameterResolverFactory$1,TrackingTokenParameterResolverFactory$TrackingTokenParameterResolver",""
"communityLabelPropagationId",109,4,"org.axonframework.eventhandling.replay.ReplayParameterResolverFactory,org.axonframework.eventhandling.replay.ReplayParameterResolverFactory$ReplayParameterResolver,org.axonframework.eventhandling.ReplayStatus,org.axonframework.eventhandling.replay.ReplayParameterResolverFactory$1","ReplayParameterResolverFactory,ReplayParameterResolverFactory$ReplayParameterResolver,ReplayStatus,ReplayParameterResolverFactory$1",""
"communityLabelPropagationId",110,3,"org.axonframework.eventhandling.replay.ReplayContextParameterResolverFactory,org.axonframework.eventhandling.replay.ReplayContextParameterResolverFactory$ReplayContextParameterResolver,org.axonframework.eventhandling.replay.ReplayContext","ReplayContextParameterResolverFactory,ReplayContextParameterResolverFactory$ReplayContextParameterResolver,ReplayContext",""
"communityLabelPropagationId",111,3,"org.axonframework.messaging.annotation.ResultParameterResolverFactory,org.axonframework.messaging.annotation.ResultParameterResolverFactory$1,org.axonframework.messaging.annotation.ResultParameterResolverFactory$ExceptionResultParameterResolver","ResultParameterResolverFactory,ResultParameterResolverFactory$1,ResultParameterResolverFactory$ExceptionResultParameterResolver",""
"communityLabelPropagationId",112,3,"org.axonframework.messaging.annotation.ScopeDescriptorParameterResolverFactory,org.axonframework.messaging.annotation.ScopeDescriptorParameterResolverFactory$1,org.axonframework.messaging.annotation.ScopeDescriptorParameterResolverFactory$ScopeDescriptorParameterResolver","ScopeDescriptorParameterResolverFactory,ScopeDescriptorParameterResolverFactory$1,ScopeDescriptorParameterResolverFactory$ScopeDescriptorParameterResolver",""
"communityLabelPropagationId",113,9,"org.axonframework.serialization.ContentTypeConverter,org.axonframework.serialization.converters.ByteArrayToInputStreamConverter,org.axonframework.serialization.converters.ByteArrayToStringConverter,org.axonframework.serialization.converters.StringToByteArrayConverter,org.axonframework.serialization.xml.XomToStringConverter,org.axonframework.serialization.ChainedConverter,org.axonframework.serialization.ChainedConverter$1,org.axonframework.serialization.ChainedConverter$Route,org.axonframework.serialization.ChainedConverter$RouteCalculator","ContentTypeConverter,ByteArrayToInputStreamConverter,ByteArrayToStringConverter,StringToByteArrayConverter,XomToStringConverter,ChainedConverter,ChainedConverter$1,ChainedConverter$Route,ChainedConverter$RouteCalculator",""
"communityLabelPropagationId",114,8,"org.axonframework.serialization.converters.BlobToInputStreamConverter,org.axonframework.serialization.CannotConvertBetweenTypesException,org.axonframework.serialization.converters.InputStreamToByteArrayConverter,org.axonframework.serialization.xml.InputStreamToXomConverter,org.axonframework.serialization.xml.InputStreamToDom4jConverter,org.axonframework.serialization.avro.GenericRecordToByteArrayConverter,org.axonframework.serialization.json.ByteArrayToJsonNodeConverter,org.axonframework.serialization.json.JsonNodeToByteArrayConverter","BlobToInputStreamConverter,CannotConvertBetweenTypesException,InputStreamToByteArrayConverter,InputStreamToXomConverter,InputStreamToDom4jConverter,GenericRecordToByteArrayConverter,ByteArrayToJsonNodeConverter,JsonNodeToByteArrayConverter",""
"communityLabelPropagationId",115,7,"org.axonframework.messaging.RemoteExceptionDescription,org.axonframework.messaging.RemoteNonTransientHandlingException,org.axonframework.messaging.RemoteHandlingException,org.axonframework.axonserver.connector.query.AxonServerNonTransientRemoteQueryHandlingException,org.axonframework.axonserver.connector.query.AxonServerRemoteQueryHandlingException,org.axonframework.axonserver.connector.command.AxonServerNonTransientRemoteCommandHandlingException,org.axonframework.axonserver.connector.command.AxonServerRemoteCommandHandlingException","RemoteExceptionDescription,RemoteNonTransientHandlingException,RemoteHandlingException,AxonServerNonTransientRemoteQueryHandlingException,AxonServerRemoteQueryHandlingException,AxonServerNonTransientRemoteCommandHandlingException,AxonServerRemoteCommandHandlingException",""
"communityLabelPropagationId",116,4,"org.axonframework.common.TypeReflectionUtils,org.axonframework.common.TypeReflectionUtils$VarMap,org.axonframework.common.TypeReflectionUtils$VarMap$ParameterizedTypeImpl,org.axonframework.common.TypeReflectionUtils$VarMap$UnresolvedTypeVariableException","TypeReflectionUtils,TypeReflectionUtils$VarMap,TypeReflectionUtils$VarMap$ParameterizedTypeImpl,TypeReflectionUtils$VarMap$UnresolvedTypeVariableException",""
"communityLabelPropagationId",117,8,"org.axonframework.commandhandling.distributed.commandfilter.OrCommandMessageFilter,org.axonframework.commandhandling.distributed.CommandMessageFilter,org.axonframework.commandhandling.distributed.commandfilter.AndCommandMessageFilter,org.axonframework.commandhandling.distributed.commandfilter.NegateCommandMessageFilter,org.axonframework.commandhandling.distributed.commandfilter.CommandNameFilter,org.axonframework.commandhandling.distributed.commandfilter.DenyAll,org.axonframework.commandhandling.distributed.commandfilter.DenyCommandNameFilter,org.axonframework.commandhandling.distributed.commandfilter.AcceptAll","OrCommandMessageFilter,CommandMessageFilter,AndCommandMessageFilter,NegateCommandMessageFilter,CommandNameFilter,DenyAll,DenyCommandNameFilter,AcceptAll",""
"communityLabelPropagationId",118,6,"org.axonframework.commandhandling.distributed.ConsistentHashChangeListener,org.axonframework.commandhandling.distributed.ConsistentHash,org.axonframework.commandhandling.distributed.Member,org.axonframework.commandhandling.distributed.ConsistentHash$1,org.axonframework.commandhandling.distributed.ConsistentHash$ConsistentHashMember,org.axonframework.commandhandling.distributed.SimpleMember","ConsistentHashChangeListener,ConsistentHash,Member,ConsistentHash$1,ConsistentHash$ConsistentHashMember,SimpleMember",""
"communityLabelPropagationId",119,2,"org.axonframework.commandhandling.distributed.MetaDataRoutingStrategy$Builder,org.axonframework.commandhandling.distributed.MetaDataRoutingStrategy","MetaDataRoutingStrategy$Builder,MetaDataRoutingStrategy",""
"communityLabelPropagationId",120,3,"org.axonframework.commandhandling.distributed.CommandBusConnectorCommunicationException,org.axonframework.commandhandling.distributed.CommandCallbackRepository,org.axonframework.commandhandling.distributed.CommandCallbackWrapper","CommandBusConnectorCommunicationException,CommandCallbackRepository,CommandCallbackWrapper",""
"communityLabelPropagationId",121,2,"org.axonframework.commandhandling.gateway.ExponentialBackOffIntervalRetryScheduler$Builder,org.axonframework.commandhandling.gateway.ExponentialBackOffIntervalRetryScheduler","ExponentialBackOffIntervalRetryScheduler$Builder,ExponentialBackOffIntervalRetryScheduler",""
"communityLabelPropagationId",122,2,"org.axonframework.commandhandling.gateway.IntervalRetryScheduler$Builder,org.axonframework.commandhandling.gateway.IntervalRetryScheduler","IntervalRetryScheduler$Builder,IntervalRetryScheduler",""
"communityLabelPropagationId",123,3,"org.axonframework.common.jdbc.ConnectionWrapperFactory$ConnectionCloseHandler,org.axonframework.common.jdbc.ConnectionWrapperFactory$NoOpCloseHandler,org.axonframework.common.jdbc.ConnectionWrapperFactory","ConnectionWrapperFactory$ConnectionCloseHandler,ConnectionWrapperFactory$NoOpCloseHandler,ConnectionWrapperFactory",""
"communityLabelPropagationId",124,3,"org.axonframework.common.jdbc.PagingJdbcIterable$PagingIterator,org.axonframework.common.jdbc.PagingJdbcIterable$PagingStatementSupplier,org.axonframework.common.jdbc.PagingJdbcIterable","PagingJdbcIterable$PagingIterator,PagingJdbcIterable$PagingStatementSupplier,PagingJdbcIterable",""
"communityLabelPropagationId",125,2,"org.axonframework.common.jpa.PagingJpaQueryIterable$PagingIterator,org.axonframework.common.jpa.PagingJpaQueryIterable","PagingJpaQueryIterable$PagingIterator,PagingJpaQueryIterable",""
"communityLabelPropagationId",126,2,"org.axonframework.common.legacyjpa.PagingJpaQueryIterable$PagingIterator,org.axonframework.common.legacyjpa.PagingJpaQueryIterable","PagingJpaQueryIterable$PagingIterator,PagingJpaQueryIterable",""
"communityLabelPropagationId",127,2,"org.axonframework.common.property.MethodAccessedProperty,org.axonframework.common.property.PropertyAccessException","MethodAccessedProperty,PropertyAccessException",""
"communityLabelPropagationId",128,2,"org.axonframework.common.stream.StreamUtils$1,org.axonframework.common.stream.StreamUtils","StreamUtils$1,StreamUtils",""
"communityLabelPropagationId",129,3,"org.axonframework.deadline.DeadlineException,org.axonframework.deadline.quartz.QuartzDeadlineManager$Builder,org.axonframework.deadline.quartz.QuartzDeadlineManager","DeadlineException,QuartzDeadlineManager$Builder,QuartzDeadlineManager",""
"communityLabelPropagationId",130,3,"org.axonframework.eventhandling.EventTrackerStatus,org.axonframework.eventhandling.WrappedTrackerStatus,org.axonframework.eventhandling.AddedTrackerStatus","EventTrackerStatus,WrappedTrackerStatus,AddedTrackerStatus",""
"communityLabelPropagationId",131,2,"org.axonframework.serialization.upcasting.Upcaster,org.axonframework.serialization.upcasting.GenericUpcasterChain","Upcaster,GenericUpcasterChain",""
"communityLabelPropagationId",132,3,"org.axonframework.eventhandling.async.MetaDataSequencingPolicy$1,org.axonframework.eventhandling.async.MetaDataSequencingPolicy,org.axonframework.eventhandling.async.MetaDataSequencingPolicy$Builder","MetaDataSequencingPolicy$1,MetaDataSequencingPolicy,MetaDataSequencingPolicy$Builder",""
"communityLabelPropagationId",133,3,"org.axonframework.eventhandling.deadletter.jpa.DeadLetterEventEntry,org.axonframework.eventhandling.deadletter.jpa.EventMessageDeadLetterJpaConverter,org.axonframework.eventhandling.deadletter.legacyjpa.EventMessageDeadLetterJpaConverter","DeadLetterEventEntry,EventMessageDeadLetterJpaConverter",""
"communityLabelPropagationId",134,2,"org.axonframework.eventhandling.pooled.WorkPackage$BatchProcessingEntry,org.axonframework.eventhandling.pooled.WorkPackage$ProcessingEntry","WorkPackage$BatchProcessingEntry,WorkPackage$ProcessingEntry",""
"communityLabelPropagationId",135,5,"org.axonframework.eventhandling.scheduling.SchedulingException,org.axonframework.eventhandling.scheduling.quartz.EventJobDataBinder,org.axonframework.eventhandling.scheduling.quartz.QuartzEventScheduler$Builder,org.axonframework.eventhandling.scheduling.quartz.QuartzEventScheduler,org.axonframework.eventhandling.scheduling.quartz.QuartzScheduleToken","SchedulingException,EventJobDataBinder,QuartzEventScheduler$Builder,QuartzEventScheduler,QuartzScheduleToken",""
"communityLabelPropagationId",136,2,"org.axonframework.eventhandling.scheduling.java.SimpleEventScheduler$Builder,org.axonframework.eventhandling.scheduling.java.SimpleEventScheduler","SimpleEventScheduler$Builder,SimpleEventScheduler",""
"communityLabelPropagationId",137,3,"org.axonframework.messaging.HandlerAttributes,org.axonframework.messaging.SimpleHandlerAttributes,org.axonframework.messaging.annotation.AnnotatedHandlerAttributes","HandlerAttributes,SimpleHandlerAttributes,AnnotatedHandlerAttributes",""
"communityLabelPropagationId",138,4,"org.axonframework.messaging.responsetypes.AbstractResponseType,org.axonframework.util.ClasspathResolver,org.axonframework.messaging.responsetypes.InstanceResponseType,org.axonframework.messaging.responsetypes.MultipleInstancesResponseType","AbstractResponseType,ClasspathResolver,InstanceResponseType,MultipleInstancesResponseType",""
"communityLabelPropagationId",139,2,"org.axonframework.serialization.upcasting.event.EventMultiUpcaster,org.axonframework.serialization.upcasting.SingleEntryMultiUpcaster","EventMultiUpcaster,SingleEntryMultiUpcaster",""
"communityLabelPropagationId",140,4,"org.axonframework.serialization.upcasting.event.EventTypeUpcaster$Builder,org.axonframework.serialization.upcasting.event.EventTypeUpcaster,org.axonframework.serialization.upcasting.event.SingleEventUpcaster,org.axonframework.serialization.upcasting.SingleEntryUpcaster","EventTypeUpcaster$Builder,EventTypeUpcaster,SingleEventUpcaster,SingleEntryUpcaster",""
"communityLabelPropagationId",141,2,"org.axonframework.serialization.upcasting.ContextAwareSingleEntryMultiUpcaster,org.axonframework.serialization.upcasting.event.ContextAwareEventMultiUpcaster","ContextAwareSingleEntryMultiUpcaster,ContextAwareEventMultiUpcaster",""
"communityLabelPropagationId",142,2,"org.axonframework.serialization.upcasting.ContextAwareSingleEntryUpcaster,org.axonframework.serialization.upcasting.event.ContextAwareSingleEventUpcaster","ContextAwareSingleEntryUpcaster,ContextAwareSingleEventUpcaster",""
"communityLabelPropagationId",143,3,"org.axonframework.updates.api.Artifact,org.axonframework.updates.api.UpdateCheckRequest,org.axonframework.updates.detection.AxonVersionDetector","Artifact,UpdateCheckRequest,AxonVersionDetector",""
"communityLabelPropagationId",144,2,"org.axonframework.updates.configuration.EnvironmentVariableUsagePropertyProvider,org.axonframework.updates.configuration.EnvironmentVariableUsagePropertyProvider$EnvironmentVariableSupplier","EnvironmentVariableUsagePropertyProvider,EnvironmentVariableUsagePropertyProvider$EnvironmentVariableSupplier",""
"communityLabelPropagationId",145,2,"org.axonframework.updates.configuration.DefaultUsagePropertyProvider,org.axonframework.updates.configuration.PropertyFileUsagePropertyProvider","DefaultUsagePropertyProvider,PropertyFileUsagePropertyProvider",""
"communityLabelPropagationId",146,5,"org.axonframework.axonserver.connector.util.GrpcMessageSizeInterceptor,org.axonframework.axonserver.connector.util.GrpcMessageSizeInterceptor$1,org.axonframework.axonserver.connector.util.GrpcMessageSizeWarningThresholdReachedException,org.axonframework.axonserver.connector.util.GrpcMessageSizeInterceptor$1$1,org.axonframework.axonserver.connector.util.GrpcMessageSizeExceededException","GrpcMessageSizeInterceptor,GrpcMessageSizeInterceptor$1,GrpcMessageSizeWarningThresholdReachedException,GrpcMessageSizeInterceptor$1$1,GrpcMessageSizeExceededException",""
"communityLabelPropagationId",147,4,"org.axonframework.axonserver.connector.TopologyChange$1,org.axonframework.axonserver.connector.TopologyChange,org.axonframework.axonserver.connector.TopologyChange$HandlerSubscription,org.axonframework.axonserver.connector.TopologyChange$Type","TopologyChange$1,TopologyChange,TopologyChange$HandlerSubscription,TopologyChange$Type",""
"communityLabelPropagationId",148,2,"org.axonframework.axonserver.connector.event.util.EventCipher,org.axonframework.axonserver.connector.event.util.EventStoreClientException","EventCipher,EventStoreClientException",""
"communityLabelPropagationId",149,2,"org.axonframework.axonserver.connector.Handlers,org.axonframework.axonserver.connector.DefaultHandlers","Handlers,DefaultHandlers",""
"communityLabelPropagationId",150,3,"org.axonframework.axonserver.connector.util.PriorityExecutorService,org.axonframework.axonserver.connector.PriorityCallable,org.axonframework.axonserver.connector.util.PriorityTaskSchedulers","PriorityExecutorService,PriorityCallable,PriorityTaskSchedulers",""
"communityLabelPropagationId",151,2,"org.axonframework.axonserver.connector.util.GrpcSerializedObject,org.axonframework.axonserver.connector.util.GrpcSerializedObject$1","GrpcSerializedObject,GrpcSerializedObject$1",""
"communityLabelPropagationId",152,2,"org.axonframework.axonserver.connector.util.GrpcBufferingInterceptor$AdditionalMessageRequestingCall,org.axonframework.axonserver.connector.util.GrpcBufferingInterceptor","GrpcBufferingInterceptor$AdditionalMessageRequestingCall,GrpcBufferingInterceptor",""
"communityLabelPropagationId",153,2,"org.axonframework.axonserver.connector.util.TokenAddingInterceptor$1,org.axonframework.axonserver.connector.util.TokenAddingInterceptor","TokenAddingInterceptor$1,TokenAddingInterceptor",""
"communityLabelPropagationId",154,2,"org.axonframework.axonserver.connector.util.ContextAddingInterceptor,org.axonframework.axonserver.connector.util.ContextAddingInterceptor$1","ContextAddingInterceptor,ContextAddingInterceptor$1",""
"communityLabelPropagationId",155,2,"org.axonframework.axonserver.connector.heartbeat.ConnectionSanityChecker,org.axonframework.axonserver.connector.heartbeat.connection.checker.HeartbeatConnectionChecker","ConnectionSanityChecker,HeartbeatConnectionChecker",""
"communityLabelPropagationId",156,6,"org.axonframework.axonserver.connector.event.axon.PersistentStreamConnection$SegmentState,org.axonframework.axonserver.connector.event.axon.PersistentStreamConnection$SegmentConnection,org.axonframework.axonserver.connector.event.axon.PersistentStreamConnection$1,org.axonframework.axonserver.connector.event.axon.PersistentStreamConnection$SegmentConnection$RetryState,org.axonframework.axonserver.connector.event.axon.PersistentStreamConnection$SegmentConnection$ProcessingState,org.axonframework.axonserver.connector.event.axon.PersistentStreamConnection","PersistentStreamConnection$SegmentState,PersistentStreamConnection$SegmentConnection,PersistentStreamConnection$1,PersistentStreamConnection$SegmentConnection$RetryState,PersistentStreamConnection$SegmentConnection$ProcessingState,PersistentStreamConnection",""
"communityLabelPropagationId",157,3,"org.axonframework.axonserver.connector.event.axon.QueryResultStream,org.axonframework.axonserver.connector.event.axon.QueryResult,org.axonframework.axonserver.connector.event.axon.QueryResultStreamAdapter","QueryResultStream,QueryResult,QueryResultStreamAdapter",""
