"codeUnitName","shortCodeUnitName","nodeElementId","projectName","incomingDependencies","outgoingDependencies","communityId","clusteringCoefficient","articleRank","pageRank","pageToArticleRankDifference","betweenness","clusteringLabel","clusteringProbability","clusteringIsNoise","clusteringIsMedoid","clusteringSize","clusteringRadiusMax","clusteringRadiusAverage","clusteringNormalizedDistanceToMedoid","anomalyLabel","anomalyScore","anomalyTopFeature1","anomalyTopFeature2","anomalyTopFeature3","anomalyTopFeatureSHAPValue1","anomalyTopFeatureSHAPValue2","anomalyTopFeatureSHAPValue3","visualizationX","visualizationY","Source Cypher File: /home/runner/work/code-graph-analysis-examples/code-graph-analysis-examples/domains/anomaly-detection/features/AnomalyDetectionFeatures.cypher"
"org.axonframework.test.fixture.AxonTestPhase$Then","AxonTestPhase$Then","4:7311afa2-be91-4b9a-9570-8b642d06c6d1:25","axon-test-5.0.3",18,5,0,0.2679738562091503,0.4143612999235485,1.153035944276446,0.7386746443528975,419.8833333333333,36,0.7260635548254606,0,0,43,19.02907472930383,7.522212339586816,0.2543428001338168,0,-0.011506835310746366,"","","",0,0,0,-3.8369197845458984,-0.80235356092453,""
"org.axonframework.test.fixture.AxonTestPhase$Then$Nothing","AxonTestPhase$Then$Nothing","4:7311afa2-be91-4b9a-9570-8b642d06c6d1:26","axon-test-5.0.3",7,2,0,0.5,0.29674209026900217,0.5810604354168811,0.28431834514787896,0,36,0.3639146029411078,0,0,43,19.02907472930383,7.522212339586816,0.6332119431471349,0,-0.03273154999996175,"","","",0,0,0,-3.4465696811676025,-1.4187324047088623,""
"org.axonframework.test.fixture.AxonTestPhase$Then$Event","AxonTestPhase$Then$Event","4:7311afa2-be91-4b9a-9570-8b642d06c6d1:27","axon-test-5.0.3",5,2,0,0.6666666666666666,0.2946183684068316,0.6035743613589383,0.3089559929521067,0,36,0.5668433400439108,0,0,43,19.02907472930383,7.522212339586816,0.21708943263606809,0,-0.054500334674620454,"","","",0,0,0,-3.981001138687134,-0.4078734815120697,""
"org.axonframework.test.fixture.AxonTestPhase$When$Nothing","AxonTestPhase$When$Nothing","4:7311afa2-be91-4b9a-9570-8b642d06c6d1:28","axon-test-5.0.3",4,3,0,0.6,0.2005750689222507,0.2564776938285101,0.05590262490625941,20,36,0.33937988727164137,0,0,43,19.02907472930383,7.522212339586816,1,0,-0.02058303718573684,"","","",0,0,0,-3.527461528778076,-1.3883543014526367,""
"org.axonframework.test.fixture.AxonTestPhase$When","AxonTestPhase$When","4:7311afa2-be91-4b9a-9570-8b642d06c6d1:29","axon-test-5.0.3",12,5,0,0.2967032967032967,0.3298856752427992,0.7896763564351081,0.4597906811923089,147.88333333333333,36,0.33937988727164137,0,0,43,19.02907472930383,7.522212339586816,0.8943688226555627,0,-0.025626776009803898,"","","",0,0,0,-3.5251340866088867,-1.4029470682144165,""
"org.axonframework.test.fixture.AxonTestPhase$When$Event","AxonTestPhase$When$Event","4:7311afa2-be91-4b9a-9570-8b642d06c6d1:30","axon-test-5.0.3",4,3,0,0.6,0.2660637401174456,0.4413132723879061,0.17524953227046047,0,36,0.33937988727164137,0,0,43,19.02907472930383,7.522212339586816,0.8809925487099366,0,-0.03388656503937115,"","","",0,0,0,-3.5823874473571777,-1.4523667097091675,""
"org.axonframework.test.fixture.AxonTestPhase$Then$Message","AxonTestPhase$Then$Message","4:7311afa2-be91-4b9a-9570-8b642d06c6d1:32","axon-test-5.0.3",8,3,0,0.4666666666666667,0.4039209502526477,1.2867429129169539,0.8828219626643061,70,36,1,0,0,43,19.02907472930383,7.522212339586816,0.1594391340170016,0,-0.01361796020911199,"","","",0,0,0,-3.9850363731384277,-0.5220152139663696,""
"org.axonframework.test.fixture.AxonTestPhase$Then$Command","AxonTestPhase$Then$Command","4:7311afa2-be91-4b9a-9570-8b642d06c6d1:33","axon-test-5.0.3",5,3,0,0.5238095238095238,0.276538113528246,0.5408354373879231,0.2642973238596771,268.43333333333334,36,0.8706335507785191,0,0,43,19.02907472930383,7.522212339586816,0.1569702616484871,0,-0.06564660593486871,"","","",0,0,0,-4.0068511962890625,-0.468319833278656,""
"org.axonframework.test.matchers.IgnoreField","IgnoreField","4:7311afa2-be91-4b9a-9570-8b642d06c6d1:59","axon-test-5.0.3",1,2,0,0.3333333333333333,0.19043022356283784,0.2420554747527446,0.05162525118990677,37,21,0.879434893069417,0,0,14,14.406481448095292,6.057293458550703,0.2565619021001593,0,-0.036235457793303116,"","","",0,0,0,-1.880776286125183,-1.2101466655731201,""
"org.axonframework.test.fixture.AxonTestPhase$When$Command","AxonTestPhase$When$Command","4:7311afa2-be91-4b9a-9570-8b642d06c6d1:75","axon-test-5.0.3",4,3,0,0.6,0.2238041334505058,0.3263682076640894,0.10256407421358363,4,36,0.3305729892239476,0,0,43,19.02907472930383,7.522212339586816,0.6160464445331769,0,-0.03904770557372933,"","","",0,0,0,-3.657607316970825,-1.241650938987732,""
"org.axonframework.test.fixture.AxonTestWhen","AxonTestWhen","4:7311afa2-be91-4b9a-9570-8b642d06c6d1:78","axon-test-5.0.3",5,25,0,0.1908831908831909,0.2896918412714434,0.3420760717963306,0.05238423052488722,467.66666666666663,36,0.32910456852723907,0,0,43,19.02907472930383,7.522212339586816,0.7052791390653614,0,-0.02604945609804571,"","","",0,0,0,-3.3922245502471924,-1.316851258277893,""
"org.axonframework.test.fixture.AxonTestPhase$Setup","AxonTestPhase$Setup","4:7311afa2-be91-4b9a-9570-8b642d06c6d1:79","axon-test-5.0.3",4,2,0,0.5333333333333333,0.2629497397543506,0.7257684410313923,0.46281870127704167,62.91666666666667,36,1,0,0,43,19.02907472930383,7.522212339586816,0.18182025416227932,0,-0.050099596674926694,"","","",0,0,0,-3.677105665206909,-0.7051011919975281,""
"org.axonframework.test.fixture.AxonTestPhase$Given","AxonTestPhase$Given","4:7311afa2-be91-4b9a-9570-8b642d06c6d1:80","axon-test-5.0.3",4,8,0,0.2727272727272727,0.2302637323633589,0.5009575859702653,0.2706938536069064,91.91666666666666,36,0.3167187264338842,0,0,43,19.02907472930383,7.522212339586816,0.8429533399755061,0,-0.05288687818288501,"","","",0,0,0,-2.94840407371521,-1.3803874254226685,""
"org.axonframework.test.FixtureExecutionException","FixtureExecutionException","4:7311afa2-be91-4b9a-9570-8b642d06c6d1:89","axon-test-5.0.3",4,1,2,0,0.27133015839266733,0.42524455458672095,0.15391439619405362,25.5,21,1,0,0,14,14.406481448095292,6.057293458550703,0.0484572391787331,0,-0.03126969512300215,"","","",0,0,0,-1.7616827487945557,-1.1996301412582397,""
"org.axonframework.test.util.RecordingCommandBus","RecordingCommandBus","4:7311afa2-be91-4b9a-9570-8b642d06c6d1:92","axon-test-5.0.3",1,15,5,0.16666666666666666,0.15971299505443345,0.16101862318850765,0.0013056281340741993,121,36,0.5472259544253704,0,0,43,19.02907472930383,7.522212339586816,0.2640219916694213,0,-0.04886840695780592,"","","",0,0,0,0.12313150614500046,-1.1989609003067017,""
"org.axonframework.test.matchers.Matchers","Matchers","4:7311afa2-be91-4b9a-9570-8b642d06c6d1:96","axon-test-5.0.3",2,16,0,0.08496732026143791,0.15618807044422267,0.15696560629875572,0.0007775358545330513,264.5,36,0.38071508219600125,0,0,43,19.02907472930383,7.522212339586816,0.3137128837472118,0,-0.029622568875724287,"","","",0,0,0,6.8590922355651855,1.8375240564346313,""
"org.axonframework.test.matchers.PayloadMatcher","PayloadMatcher","4:7311afa2-be91-4b9a-9570-8b642d06c6d1:98","axon-test-5.0.3",2,1,0,0.6666666666666666,0.16864798247814428,0.17092111281963399,0.0022731303414897097,0,36,0.8706335507785191,0,0,43,19.02907472930383,7.522212339586816,0.1588187195785419,0,-0.0692684839351645,"","","",0,0,0,-3.9648244380950928,-0.5269895195960999,""
"org.axonframework.test.fixture.AxonTestThenEvent","AxonTestThenEvent","4:7311afa2-be91-4b9a-9570-8b642d06c6d1:103","axon-test-5.0.3",1,10,0,0.2727272727272727,0.16439493510884257,0.16938215867246575,0.004987223563623189,159.16666666666666,36,1,0,1,43,19.02907472930383,7.522212339586816,0,0,-0.04808536909551292,"","","",0,0,0,-4.135749340057373,-0.19576676189899445,""
"org.axonframework.test.fixture.RecordingEventBus","RecordingEventBus","4:7311afa2-be91-4b9a-9570-8b642d06c6d1:108","axon-test-5.0.3",1,8,0,0.2777777777777778,0.15619299675521006,0.15751824724306812,0.0013252504878580595,19.083333333333332,50,1,0,0,7,11.634277023840696,7.596667240772929,0.7173491643717153,0,-0.05862108395261462,"","","",0,0,0,3.1921162605285645,-1.725854754447937,""
"org.axonframework.test.fixture.RecordingEventStore","RecordingEventStore","4:7311afa2-be91-4b9a-9570-8b642d06c6d1:109","axon-test-5.0.3",1,12,0,0.1794871794871795,0.15619299675521006,0.15751824724306812,0.0013252504878580595,654.0833333333334,-1,0,1,0,300,0,0,0,0,-0.0409760421474073,"","","",0,0,0,3.368000030517578,-1.6561999320983887,""
"org.axonframework.test.matchers.MatchAllFieldFilter","MatchAllFieldFilter","4:7311afa2-be91-4b9a-9570-8b642d06c6d1:114","axon-test-5.0.3",1,1,0,0,0.1559008108521564,0.156585463805173,0.0006846529530165901,0,36,1,0,0,43,19.02907472930383,7.522212339586816,0.1606843606766489,0,-0.048760791112043955,"","","",0,0,0,-4.048589706420898,-0.14429566264152527,""
"org.axonframework.test.matchers.MapStringEntryMatcher","MapStringEntryMatcher","4:7311afa2-be91-4b9a-9570-8b642d06c6d1:118","axon-test-5.0.3",1,2,0,0,0.15737601356519548,0.1582318297564662,0.0008558161912707307,28,-1,0,1,0,300,0,0,0,0,-0.06320289853244909,"","","",0,0,0,-4.157372951507568,0.11262299120426178,""
"org.axonframework.test.fixture.AxonTestPhase$Then$MessageAssertions","AxonTestPhase$Then$MessageAssertions","4:7311afa2-be91-4b9a-9570-8b642d06c6d1:119","axon-test-5.0.3",6,4,0,0.3888888888888889,0.3012697842454849,0.7699285438789858,0.4686587596335009,75.83333333333333,36,1,0,0,43,19.02907472930383,7.522212339586816,0.15203751829079065,0,-0.03501330229775368,"","","",0,0,0,-3.990886688232422,-0.35413727164268494,""
"org.axonframework.test.fixture.RecordingComponentsRegistry","RecordingComponentsRegistry","4:7311afa2-be91-4b9a-9570-8b642d06c6d1:120","axon-test-5.0.3",8,3,0,0.3090909090909091,0.24332417665655712,0.28325560763174895,0.039931430975191834,227.46666666666667,36,1,0,0,43,19.02907472930383,7.522212339586816,0.18778115731909448,0,-0.05192150939808243,"","","",0,0,0,-3.534097909927368,-0.7658172249794006,""
"org.axonframework.test.fixture.RecordingCommandBus","RecordingCommandBus","4:7311afa2-be91-4b9a-9570-8b642d06c6d1:121","axon-test-5.0.3",4,10,0,0.27472527472527475,0.2179155631208384,0.27079284839928897,0.052877285278450564,416.5666666666667,36,0.6811766872949677,0,0,43,19.02907472930383,7.522212339586816,0.2559118621072924,0,-0.05733330634738665,"","","",0,0,0,-3.0863187313079834,-1.0484988689422607,""
"org.axonframework.test.fixture.RecordingEventSink","RecordingEventSink","4:7311afa2-be91-4b9a-9570-8b642d06c6d1:122","axon-test-5.0.3",5,5,0,0.4222222222222222,0.2343720039357498,0.292799173623724,0.05842716968797418,68.56666666666666,36,1,0,0,43,19.02907472930383,7.522212339586816,0.18174466319912733,0,-0.05294123421172875,"","","",0,0,0,-3.498015880584717,-0.7003051042556763,""
"org.axonframework.test.fixture.Reporter","Reporter","4:7311afa2-be91-4b9a-9570-8b642d06c6d1:123","axon-test-5.0.3",3,2,0,0.4,0.20119317566778924,0.2072297277113041,0.006036552043514859,0,36,1,0,0,43,19.02907472930383,7.522212339586816,0.06829898287270528,0,-0.05492922382883725,"","","",0,0,0,-4.126369476318359,-0.07455522567033768,""
"org.axonframework.test.fixture.AxonTestWhen$Command","AxonTestWhen$Command","4:7311afa2-be91-4b9a-9570-8b642d06c6d1:124","axon-test-5.0.3",1,7,0,0.47619047619047616,0.16123041690018464,0.1640127528101045,0.0027823359099198586,24,36,0.49999164829386383,0,0,43,19.02907472930383,7.522212339586816,0.33246887258612323,0,-0.05727125892741197,"","","",0,0,0,-3.6433393955230713,-1.1176036596298218,""
"org.axonframework.test.fixture.AxonTestThenCommand","AxonTestThenCommand","4:7311afa2-be91-4b9a-9570-8b642d06c6d1:125","axon-test-5.0.3",1,13,0,0.21978021978021978,0.1632385983417151,0.16742633931313097,0.00418774097141586,167.6,36,1,0,0,43,19.02907472930383,7.522212339586816,0.05907857038599837,0,-0.04937225532503825,"","","",0,0,0,-4.191187381744385,-0.12272605299949646,""
"org.axonframework.test.fixture.AxonTestFixture","AxonTestFixture","4:7311afa2-be91-4b9a-9570-8b642d06c6d1:126","axon-test-5.0.3",3,16,0,0.18128654970760233,0.2409459771644032,0.5465112203536736,0.3055652431892704,1669.0833333333335,-1,0,1,0,300,0,0,0,0,-0.015716769093888472,"","","",0,0,0,-2.887958526611328,-1.5454853773117065,""
"org.axonframework.test.fixture.MessagesRecordingConfigurationEnhancer","MessagesRecordingConfigurationEnhancer","4:7311afa2-be91-4b9a-9570-8b642d06c6d1:127","axon-test-5.0.3",1,11,0,0.19696969696969696,0.15921102522325517,0.17247747577755698,0.013266450554301812,710,-1,0,1,0,300,0,0,0,0,-0.06736695073976295,"","","",0,0,0,-2.757441759109497,-1.582617998123169,""
"org.axonframework.test.fixture.AxonTestGiven","AxonTestGiven","4:7311afa2-be91-4b9a-9570-8b642d06c6d1:128","axon-test-5.0.3",1,21,0,0.22077922077922077,0.15614068348217014,0.16498498385170468,0.008844300369534541,233.16666666666669,36,0.3167187264338842,0,0,43,19.02907472930383,7.522212339586816,0.7045367233047745,0,-0.05303272853310259,"","","",0,0,0,-2.802366256713867,-1.343443751335144,""
"org.axonframework.test.fixture.CommandValidator","CommandValidator","4:7311afa2-be91-4b9a-9570-8b642d06c6d1:129","axon-test-5.0.3",1,7,5,0.21428571428571427,0.15885121627823454,0.15987819570775946,0.0010269794295249268,91,36,1,0,0,43,19.02907472930383,7.522212339586816,0.06651989784767279,0,-0.04813704481630943,"","","",0,0,0,-4.217329502105713,-0.05682101473212242,""
"org.axonframework.test.fixture.AxonTestWhen$Event","AxonTestWhen$Event","4:7311afa2-be91-4b9a-9570-8b642d06c6d1:130","axon-test-5.0.3",1,7,0,0.47619047619047616,0.16684562535027692,0.17101912921515672,0.004173503864879802,18,36,0.3639146029411078,0,0,43,19.02907472930383,7.522212339586816,0.5458112295561659,0,-0.05165670173137504,"","","",0,0,0,-3.5828750133514404,-1.241509199142456,""
"org.axonframework.test.fixture.AxonTestThenNothing","AxonTestThenNothing","4:7311afa2-be91-4b9a-9570-8b642d06c6d1:131","axon-test-5.0.3",2,6,0,0.4642857142857143,0.16669477537352964,0.17157028143026104,0.004875506056731399,507.66666666666663,36,1,0,0,43,19.02907472930383,7.522212339586816,0.21335427379855484,0,-0.04483474721244496,"","","",0,0,0,-3.4045639038085938,-0.8566955327987671,""
"org.axonframework.test.fixture.AxonTestFixture$Customization","AxonTestFixture$Customization","4:7311afa2-be91-4b9a-9570-8b642d06c6d1:995","axon-test-5.0.3",10,2,0,0.22727272727272727,0.25456728941119194,0.32490173696174435,0.0703344475505524,47,36,1,0,0,43,19.02907472930383,7.522212339586816,0.23637102085450623,0,-0.0539828030632859,"","","",0,0,0,-3.6292881965637207,-0.8167131543159485,""
"org.axonframework.test.fixture.AxonTestThenMessage","AxonTestThenMessage","4:7311afa2-be91-4b9a-9570-8b642d06c6d1:1032","axon-test-5.0.3",3,20,0,0.18181818181818182,0.1956014320153997,0.2091854330250027,0.013584001009602997,1093.3,36,1,0,0,43,19.02907472930383,7.522212339586816,0.11075379717609754,1,0.0020459860385726447,"nodeEmbeddingPCA_13","nodeEmbeddingPCA_14","nodeEmbeddingPCA_20",-0.1598316411630874,-0.03730527349312161,-0.03304190728725458,-4.098479747772217,-0.18677689135074615,""
"org.axonframework.test.extension.AxonTestFixtureProvider","AxonTestFixtureProvider","4:7311afa2-be91-4b9a-9570-8b642d06c6d1:2067","axon-test-5.0.3",3,1,2,0.5,0.25375630314401204,0.3688599864130436,0.11510368326903153,644.5,21,1,0,0,14,14.406481448095292,6.057293458550703,0.04597989445740767,0,-0.014524392202055869,"","","",0,0,0,-1.8527628183364868,-1.1341748237609863,""
"org.axonframework.test.util.CallbackBehavior","CallbackBehavior","4:7311afa2-be91-4b9a-9570-8b642d06c6d1:2069","axon-test-5.0.3",2,1,5,0.6666666666666666,0.17772976217373762,0.22520503907443892,0.0474752769007013,0,36,0.2657395644642663,0,0,43,19.02907472930383,7.522212339586816,0.6548829491237597,0,-0.05393077515999278,"","","",0,0,0,0.11925876140594482,-1.1942042112350464,""
"org.axonframework.test.util.MessageMonitorReport$Report","MessageMonitorReport$Report","4:7311afa2-be91-4b9a-9570-8b642d06c6d1:2070","axon-test-5.0.3",5,4,1,0.8,0.31456440772983363,0.5344286104696703,0.21986420273983664,58.5,0,1,0,0,7,2.656916346400976,1.212033161561911,0.5969939606613491,1,0.011826692851620024,"nodeEmbeddingPCA_32","nodeEmbeddingPCA_21","nodeEmbeddingPCA_16",-0.15212260644822656,-0.14571577902048086,-0.033507655254883105,16.475011825561523,3.4048430919647217,""
"org.axonframework.test.fixture.AxonTestWhen$Nothing","AxonTestWhen$Nothing","4:7311afa2-be91-4b9a-9570-8b642d06c6d1:2072","axon-test-5.0.3",1,7,0,0.47619047619047616,0.15842281267513847,0.1605095646075784,0.0020867519324399286,98,36,0.33937988727164137,0,0,43,19.02907472930383,7.522212339586816,0.8350917175738681,0,-0.043552213872823264,"","","",0,0,0,-3.438220262527466,-1.456575870513916,""
"org.axonframework.test.extension.ProvidedAxonTestFixtureUtils","ProvidedAxonTestFixtureUtils","4:7311afa2-be91-4b9a-9570-8b642d06c6d1:2073","axon-test-5.0.3",1,6,2,0.09523809523809523,0.16003622478950463,0.16593750000000002,0.0059012752104953825,9,21,1,0,1,14,14.406481448095292,6.057293458550703,0,0,-0.030458028374011403,"","","",0,0,0,-1.8032300472259521,-1.1419219970703125,""
"org.axonframework.test.util.DefaultCallbackBehavior","DefaultCallbackBehavior","4:7311afa2-be91-4b9a-9570-8b642d06c6d1:2075","axon-test-5.0.3",1,2,5,0.6666666666666666,0.15535484653889764,0.1559506855772385,0.0005958390383408729,9,36,0.2657395644642663,0,0,43,19.02907472930383,7.522212339586816,0.6916951544256464,0,-0.04524025704517032,"","","",0,0,0,0.06753886491060257,-1.0581129789352417,""
"org.axonframework.test.util.MessageMonitorReport","MessageMonitorReport","4:7311afa2-be91-4b9a-9570-8b642d06c6d1:2076","axon-test-5.0.3",2,5,1,0.6666666666666666,0.22480182354697803,0.2501482405006016,0.025346416953623552,0,0,1,0,0,7,2.656916346400976,1.212033161561911,0.7265294913065581,0,-0.008462872953135359,"","","",0,0,0,16.43001937866211,3.4498517513275146,""
"org.axonframework.test.util.RecordingMessageMonitor","RecordingMessageMonitor","4:7311afa2-be91-4b9a-9570-8b642d06c6d1:2077","axon-test-5.0.3",1,5,1,0.6,0.1960712075966737,0.2093767434689943,0.013305535872320584,1,0,0.6766363625634525,0,0,7,2.656916346400976,1.212033161561911,1,0,-0.013693973543666027,"","","",0,0,0,16.318017959594727,3.3484606742858887,""
"org.axonframework.test.util.RecordingMessageMonitor$1","RecordingMessageMonitor$1","4:7311afa2-be91-4b9a-9570-8b642d06c6d1:2078","axon-test-5.0.3",1,8,1,0.5357142857142857,0.17414905070968364,0.1833694097393135,0.009220359029629865,20,0,0.7797899390509335,0,0,7,2.656916346400976,1.212033161561911,0.8697393477532835,0,-0.009537230749048276,"","","",0,0,0,16.40052032470703,3.460097312927246,""
"org.axonframework.test.FixtureResourceParameterResolverFactory$FailingParameterResolver","FixtureResourceParameterResolverFactory$FailingParameterResolver","4:7311afa2-be91-4b9a-9570-8b642d06c6d1:2079","axon-test-5.0.3",1,3,2,0.3333333333333333,0.1857343713688125,0.21375000000000002,0.028015628631187534,3,21,1,0,0,14,14.406481448095292,6.057293458550703,0.223714198864076,0,-0.0640517985624075,"","","",0,0,0,-1.7167444229125977,-1.2519207000732422,""
"org.axonframework.test.server.AxonServerContainer","AxonServerContainer","4:7311afa2-be91-4b9a-9570-8b642d06c6d1:2080","axon-test-5.0.3",2,1,14,0.3333333333333333,0.25139064318714915,0.33552551020408167,0.08413486701693251,6,-1,0,1,0,300,0,0,0,0,-0.045452317812294474,"","","",0,0,0,-0.5193660259246826,4.047780513763428,""
"org.axonframework.test.server.AxonServerContainerUtils","AxonServerContainerUtils","4:7311afa2-be91-4b9a-9570-8b642d06c6d1:2081","axon-test-5.0.3",1,1,11,0,0.1874619200946572,0.4351966836734694,0.24773476357881222,6,-1,0,1,0,300,0,0,0,0,-0.047984832151569345,"","","",0,0,0,-0.33373039960861206,4.281893730163574,""
"org.axonframework.test.extension.ProvidedAxonTestFixture","ProvidedAxonTestFixture","4:7311afa2-be91-4b9a-9570-8b642d06c6d1:2086","axon-test-5.0.3",1,1,2,1,0.1607313698691211,0.16226494565217395,0.001533575783052854,210.5,21,1,0,0,14,14.406481448095292,6.057293458550703,0.24293560373821702,1,0.00910678589751085,"nodeEmbeddingPCA_27","nodeEmbeddingPCA_21","nodeEmbeddingPCA_25",-0.08642653074634807,-0.0655748852007399,-0.04161080838403306,-1.817790150642395,-1.0200183391571045,""
"org.axonframework.test.util.MessageMonitorReport$Report$Success","MessageMonitorReport$Report$Success","4:7311afa2-be91-4b9a-9570-8b642d06c6d1:2093","axon-test-5.0.3",3,2,1,1,0.22292026064049303,0.3175001111265097,0.09457985048601669,0,0,1,0,0,7,2.656916346400976,1.212033161561911,0,0,-0.008425633211786188,"","","",0,0,0,16.46247100830078,3.409404993057251,""
"org.axonframework.test.util.MessageMonitorReport$Report$Ignored","MessageMonitorReport$Report$Ignored","4:7311afa2-be91-4b9a-9570-8b642d06c6d1:2094","axon-test-5.0.3",3,2,1,1,0.22292026064049303,0.3175001111265097,0.09457985048601669,0,0,1,0,1,7,2.656916346400976,1.212033161561911,0,0,-0.008425633211786188,"","","",0,0,0,16.474750518798828,3.47320818901062,""
"org.axonframework.test.util.MessageMonitorReport$Report$Failure","MessageMonitorReport$Report$Failure","4:7311afa2-be91-4b9a-9570-8b642d06c6d1:2095","axon-test-5.0.3",3,2,1,1,0.22292026064049303,0.3175001111265097,0.09457985048601669,0,0,1,0,0,7,2.656916346400976,1.212033161561911,0,0,-0.008425633211786188,"","","",0,0,0,16.42035484313965,3.454198122024536,""
"org.axonframework.test.matchers.PayloadsMatcher","PayloadsMatcher","4:7311afa2-be91-4b9a-9570-8b642d06c6d1:2693","axon-test-5.0.3",1,1,1,1,0.15765098316841353,0.15889471379854994,0.0012437306301364137,0,-1,0,1,0,300,0,0,0,0,-0.06263133940114113,"","","",0,0,0,2.3574392795562744,-5.254414081573486,""
"org.axonframework.test.matchers.AllFieldsFilter","AllFieldsFilter","4:7311afa2-be91-4b9a-9570-8b642d06c6d1:2694","axon-test-5.0.3",2,1,0,1,0.17338233926805377,0.18446078880078803,0.011078449532734264,0.5,36,0.27744276197304013,0,0,43,19.02907472930383,7.522212339586816,0.6785113858474396,1,0.001464505130628957,"nodeEmbeddingPCA_29","nodeEmbeddingPCA_21","nodeEmbeddingPCA_10",-0.13779337036204,-0.04395262160984769,-0.023478549172213096,6.694869041442871,1.734576940536499,""
"org.axonframework.test.matchers.SequenceMatcher","SequenceMatcher","4:7311afa2-be91-4b9a-9570-8b642d06c6d1:2724","axon-test-5.0.3",1,1,0,0,0.15765098316841353,0.15889471379854994,0.0012437306301364137,4,37,1,0,0,9,9.863237717188895,3.3350516063575117,0,0,-0.027817510819414082,"","","",0,0,0,7.083905220031738,2.0274112224578857,""
"org.axonframework.test.matchers.ExactSequenceMatcher","ExactSequenceMatcher","4:7311afa2-be91-4b9a-9570-8b642d06c6d1:2726","axon-test-5.0.3",1,1,0,0,0.15765098316841353,0.15889471379854994,0.0012437306301364137,4,37,1,0,1,9,9.863237717188895,3.3350516063575117,0,0,-0.027817510819414082,"","","",0,0,0,7.021318435668945,1.9645190238952637,""
"org.axonframework.test.matchers.ListWithAllOfMatcher","ListWithAllOfMatcher","4:7311afa2-be91-4b9a-9570-8b642d06c6d1:2727","axon-test-5.0.3",1,1,0,0,0.15765098316841353,0.15889471379854994,0.0012437306301364137,4,37,1,0,0,9,9.863237717188895,3.3350516063575117,0,0,-0.027817510819414082,"","","",0,0,0,7.056888103485107,1.9973276853561401,""
"org.axonframework.test.matchers.ListWithAnyOfMatcher","ListWithAnyOfMatcher","4:7311afa2-be91-4b9a-9570-8b642d06c6d1:2728","axon-test-5.0.3",1,1,0,0,0.15765098316841353,0.15889471379854994,0.0012437306301364137,4,37,1,0,0,9,9.863237717188895,3.3350516063575117,0,0,-0.027817510819414082,"","","",0,0,0,6.975984573364258,1.9080846309661865,""
"org.axonframework.test.matchers.ExactClassMatcher","ExactClassMatcher","4:7311afa2-be91-4b9a-9570-8b642d06c6d1:2732","axon-test-5.0.3",1,1,0,0,0.15765098316841353,0.15889471379854994,0.0012437306301364137,9.666666666666666,37,0.4235717075582211,0,0,9,9.863237717188895,3.3350516063575117,1,0,-0.03808604947293598,"","","",0,0,0,6.72619104385376,1.737992286682129,""
"org.axonframework.test.matchers.DeepEqualsMatcher","DeepEqualsMatcher","4:7311afa2-be91-4b9a-9570-8b642d06c6d1:2733","axon-test-5.0.3",1,5,0,0.2,0.15765098316841353,0.15889471379854994,0.0012437306301364137,56.166666666666664,36,0.27744276197304013,0,0,43,19.02907472930383,7.522212339586816,0.649098107919794,0,-0.028242326597969103,"","","",0,0,0,6.607452869415283,1.6943562030792236,""
"org.axonframework.test.matchers.MatcherExecutionException","MatcherExecutionException","4:7311afa2-be91-4b9a-9570-8b642d06c6d1:2782","axon-test-5.0.3",1,1,7,0,0.16955684768384702,0.18001343190151306,0.010456584217666043,6,30,0.052284746597925966,0,0,42,16.70573988201795,5.27537530291565,0.7237272137113018,0,-0.05812396844552464,"","","",0,0,0,-1.9059264659881592,3.7350051403045654,""
"org.axonframework.common.AxonNonTransientException","AxonNonTransientException","4:7311afa2-be91-4b9a-9570-8b642d06c6d1:3441","axon-common-5.0.3",15,1,7,0,1.4261742523260348,6.778313152006992,5.352138899680957,592.7000000000002,30,0.05391101652853371,0,0,42,16.70573988201795,5.27537530291565,0.4329682491177217,1,0.0003917529284279131,"articleRank","pageRank","pageToArticleRankDifference",-0.37172383471820913,-0.23711827415266007,-0.15401676383055904,-1.811592698097229,3.8192434310913086,""
"org.axonframework.common.IdentifierFactory","IdentifierFactory","4:7311afa2-be91-4b9a-9570-8b642d06c6d1:3443","axon-common-5.0.3",3,1,1,0,0.22231101683423599,1.0902512481632505,0.8679402313290145,155,20,0.43937912723103406,0,0,9,13.515229046344757,6.012447304984865,0.5791350572390264,0,-0.06135613294433656,"","","",0,0,0,-2.3209383487701416,-2.389798879623413,""
"org.axonframework.common.tx.TransactionalExecutor","TransactionalExecutor","4:7311afa2-be91-4b9a-9570-8b642d06c6d1:3462","axon-common-5.0.3",10,3,6,0.2564102564102564,0.27630936726948496,0.36963859223124723,0.09332922496176227,30.5,57,0.7743976647651344,0,0,21,8.8680087600369,3.413620540356663,0.3385108801670025,0,-0.053640608024844494,"","","",0,0,0,-5.082417011260986,2.0356268882751465,""
"org.axonframework.common.TypeReflectionUtils","TypeReflectionUtils","4:7311afa2-be91-4b9a-9570-8b642d06c6d1:3478","axon-common-5.0.3",2,3,2,0.3333333333333333,0.24164278392182711,0.843630749799442,0.6019879658776148,2024,-1,0,1,0,300,0,0,0,0,-0.010337202815178748,"","","",0,0,0,-3.4742591381073,0.8370762467384338,""
"org.axonframework.common.util.PriorityRunnable","PriorityRunnable","4:7311afa2-be91-4b9a-9570-8b642d06c6d1:4008","axon-common-5.0.3",3,1,14,0,0.21887158195727172,0.2848182936783932,0.06594671172112146,7,3,1,0,0,5,1.4683857292402536,0.4356894058873877,1,0,-0.05058391413048913,"","","",0,0,0,-3.92779803276062,0.8441758155822754,""
"org.axonframework.common.ReflectionUtils","ReflectionUtils","4:7311afa2-be91-4b9a-9570-8b642d06c6d1:4011","axon-common-5.0.3",26,4,2,0.05057471264367816,0.7577054083515729,1.7651467629592748,1.007441354607702,4449.55,21,0.43144077586774243,0,0,14,14.406481448095292,6.057293458550703,0.5886196156257865,1,0.029012308460003744,"articleRank","pageRank","betweenness",-0.193619933561732,-0.1774867450514839,-0.10684153575783874,-1.6206810474395752,-1.4799308776855469,""
"org.axonframework.common.ProcessRetriesExhaustedException","ProcessRetriesExhaustedException","4:7311afa2-be91-4b9a-9570-8b642d06c6d1:4012","axon-common-5.0.3",1,1,7,0,0.18867610053119357,0.27980968329736894,0.09113358276617536,3,30,0.06727735176621523,0,0,42,16.70573988201795,5.27537530291565,0.3462442688689331,0,-0.053847097168414515,"","","",0,0,0,-1.7598991394042969,4.640491962432861,""
"org.axonframework.common.AxonThreadFactory","AxonThreadFactory","4:7311afa2-be91-4b9a-9570-8b642d06c6d1:4014","axon-common-5.0.3",4,1,14,0,0.2636821908787424,0.4523275411171778,0.18864535023843543,6,-1,0,1,0,300,0,0,0,0,-0.05098121871920913,"","","",0,0,0,0.8648146986961365,2.120664119720459,""
"org.axonframework.common.Assert","Assert","4:7311afa2-be91-4b9a-9570-8b642d06c6d1:4015","axon-common-5.0.3",33,1,11,0.04634581105169341,1.44733560694746,4.297933835548878,2.8505982286014175,212.83422459893046,19,0.06276530539344605,0,0,17,15.04582045506686,4.923265128036934,0.8156403804768393,1,0.013456932507792396,"articleRank","pageRank","pageToArticleRankDifference",-0.35598810117931506,-0.2246798846559127,-0.1459506341311522,3.2522647380828857,4.495284080505371,""
"org.axonframework.common.annotation.AnnotationUtils","AnnotationUtils","4:7311afa2-be91-4b9a-9570-8b642d06c6d1:4017","axon-common-5.0.3",16,1,2,0.014705882352941176,0.3086211748427058,0.4538593399038602,0.1452381650611544,94.66666666666667,21,0.5888849756405793,0,0,14,14.406481448095292,6.057293458550703,0.35996631620445796,0,-0.018303776629627733,"","","",0,0,0,-1.6946766376495361,-1.1497015953063965,""
"org.axonframework.common.TypeReflectionUtils$VarMap","TypeReflectionUtils$VarMap","4:7311afa2-be91-4b9a-9570-8b642d06c6d1:4018","axon-common-5.0.3",3,3,2,0.6666666666666666,0.3059875183283194,2.3817282481213695,2.07574072979305,4,-1,0,1,0,300,0,0,0,0,-0.016112377399660205,"","","",0,0,0,-3.4697794914245605,0.8403230905532837,""
"org.axonframework.common.AxonTransientException","AxonTransientException","4:7311afa2-be91-4b9a-9570-8b642d06c6d1:4019","axon-common-5.0.3",8,1,6,0,0.5379649686919059,1.3279943590968337,0.7900293904049278,56.5,57,0.28283062780238716,0,0,21,8.8680087600369,3.413620540356663,0.5049496173015549,0,-0.02853671671996183,"","","",0,0,0,-5.178336143493652,1.6893450021743774,""
"org.axonframework.common.DefaultIdentifierFactory","DefaultIdentifierFactory","4:7311afa2-be91-4b9a-9570-8b642d06c6d1:4020","axon-common-5.0.3",1,1,1,0,0.20637375396761937,1.0766645654189466,0.8702908114513273,0,20,0.43346978139179837,0,0,9,13.515229046344757,6.012447304984865,1,0,-0.06501553899040374,"","","",0,0,0,-2.2586612701416016,-2.142925977706909,""
"org.axonframework.common.jdbc.ConnectionExecutor","ConnectionExecutor","4:7311afa2-be91-4b9a-9570-8b642d06c6d1:4023","axon-common-5.0.3",1,4,6,0.5,0.16793668060525882,0.1781331595322287,0.01019647892696987,2,42,1,0,0,7,8.259241715539247,5.2250147559680045,0.37266911495019606,0,-0.08432608450560636,"","","",0,0,0,-4.097992420196533,2.6662168502807617,""
"org.axonframework.common.jdbc.ConnectionWrapperFactory$NoOpCloseHandler","ConnectionWrapperFactory$NoOpCloseHandler","4:7311afa2-be91-4b9a-9570-8b642d06c6d1:4024","axon-common-5.0.3",1,1,16,1,0.1581189608743862,0.16159090909090912,0.003471948216522913,1,-1,0,1,0,300,0,0,0,0,-0.015961558916044394,"","","",0,0,0,-0.9466232061386108,4.335315704345703,""
"org.axonframework.common.jdbc.JdbcUtils","JdbcUtils","4:7311afa2-be91-4b9a-9570-8b642d06c6d1:4026","axon-common-5.0.3",1,3,6,0.3333333333333333,0.150928271952622,0.15094444444444446,1.6172491822452617e-05,2,-1,0,1,0,300,0,0,0,0,-0.07861710371609443,"","","",0,0,0,-4.712867259979248,0.9184614419937134,""
"org.axonframework.common.ExceptionUtils","ExceptionUtils","4:7311afa2-be91-4b9a-9570-8b642d06c6d1:4029","axon-common-5.0.3",4,1,7,0,0.24370171864878415,0.8734351443012204,0.6297334256524363,29,30,0.3558213665781711,0,0,42,16.70573988201795,5.27537530291565,0.07359058454121245,0,-0.054227629772596375,"","","",0,0,0,-1.9768428802490234,4.306307792663574,""
"org.axonframework.common.TypeReflectionUtils$VarMap$ParameterizedTypeImpl","TypeReflectionUtils$VarMap$ParameterizedTypeImpl","4:7311afa2-be91-4b9a-9570-8b642d06c6d1:4030","axon-common-5.0.3",2,1,2,1,0.22896844337289557,1.0115620725860346,0.782593629213139,337.5,-1,0,1,0,300,0,0,0,0,-0.014418882184116744,"","","",0,0,0,-3.4685747623443604,0.8235384225845337,""
"org.axonframework.common.AxonConfigurationException","AxonConfigurationException","4:7311afa2-be91-4b9a-9570-8b642d06c6d1:4188","axon-common-5.0.3",23,1,2,0.06884057971014493,1.116220158739041,2.9271842496818428,1.8109640909428018,1122.8666666666668,-1,0,1,0,300,0,0,0,1,0.0033325199799437155,"articleRank","pageRank","pageToArticleRankDifference",-0.3473605654341531,-0.2160912268865906,-0.12862147863290202,1.462112545967102,-3.6616933345794678,""
"org.axonframework.common.TypeReflectionUtils$VarMap$UnresolvedTypeVariableException","TypeReflectionUtils$VarMap$UnresolvedTypeVariableException","4:7311afa2-be91-4b9a-9570-8b642d06c6d1:4189","axon-common-5.0.3",2,1,2,1,0.22896844337289557,1.0115620725860346,0.782593629213139,337.5,-1,0,1,0,300,0,0,0,0,-0.014418882184116744,"","","",0,0,0,-3.408235788345337,0.8380391597747803,""
"org.axonframework.common.jdbc.JdbcException","JdbcException","4:7311afa2-be91-4b9a-9570-8b642d06c6d1:4190","axon-common-5.0.3",2,1,6,0.3333333333333333,0.17103525226721664,0.17389444444444446,0.002859192177227826,2,57,1,0,0,21,8.8680087600369,3.413620540356663,0.11679193830563354,0,-0.06340281355866062,"","","",0,0,0,-5.223286151885986,1.6470990180969238,""
"org.axonframework.common.jdbc.ConnectionProvider","ConnectionProvider","4:7311afa2-be91-4b9a-9570-8b642d06c6d1:4192","axon-common-5.0.3",4,1,6,0.1,0.2532972271508748,0.4526565621377263,0.1993593349868515,2.5,-1,0,1,0,300,0,0,0,0,-0.07880531027911786,"","","",0,0,0,-3.603247880935669,2.7484500408172607,""
"org.axonframework.common.annotation.PriorityAnnotationComparator","PriorityAnnotationComparator","4:7311afa2-be91-4b9a-9570-8b642d06c6d1:4206","axon-common-5.0.3",3,2,17,0.1,0.17034402433010826,0.178105256477827,0.007761232147718733,130.33333333333331,14,1,0,0,8,12.843032985460013,5.031282846219256,0.291494730248404,0,-0.03488294146970916,"","","",0,0,0,-2.4105758666992188,1.1483235359191895,""
"org.axonframework.common.util.PriorityCallable","PriorityCallable","4:7311afa2-be91-4b9a-9570-8b642d06c6d1:4207","axon-common-5.0.3",1,1,14,0,0.20434975387857426,0.26793750000000005,0.06358774612142579,1,3,1,0,0,5,1.4683857292402536,0.4356894058873877,0.19682027762966273,0,-0.05726927674749205,"","","",0,0,0,-3.8597378730773926,0.982653796672821,""
"org.axonframework.common.TypeReference$1","TypeReference$1","4:7311afa2-be91-4b9a-9570-8b642d06c6d1:4734","axon-common-5.0.3",1,1,4,0,1.6343220491208763,23.830790162613173,22.196468113492298,0,-1,0,1,0,300,0,0,0,1,0.018648503462300348,"articleRank","pageRank","pageToArticleRankDifference",-0.37556410938122303,-0.24240831632103432,-0.16099514816941501,-2.205340623855591,-5.201253890991211,""
"org.axonframework.common.TypeReference$2","TypeReference$2","4:7311afa2-be91-4b9a-9570-8b642d06c6d1:4735","axon-common-5.0.3",1,1,4,0,1.6343220491208763,23.830790162613173,22.196468113492298,0,-1,0,1,0,300,0,0,0,1,0.018648503462300348,"articleRank","pageRank","pageToArticleRankDifference",-0.37556410938122303,-0.24240831632103432,-0.16099514816941501,-2.1558289527893066,-5.209317207336426,""
"org.axonframework.common.property.DirectlyAccessedProperty","DirectlyAccessedProperty","4:7311afa2-be91-4b9a-9570-8b642d06c6d1:5233","axon-common-5.0.3",1,2,5,0.3333333333333333,0.1762778774673161,0.20100000000000004,0.024722122532683938,4,32,0.8039812855986688,0,0,16,12.176008352194913,7.978956241779088,0.6964704215772962,0,-0.05445493572884247,"","","",0,0,0,0.0810781717300415,-3.6307053565979004,""
"org.axonframework.common.property.MethodAccessedProperty","MethodAccessedProperty","4:7311afa2-be91-4b9a-9570-8b642d06c6d1:5234","axon-common-5.0.3",1,3,5,0.16666666666666666,0.18960500285593487,0.28770000000000007,0.0980949971440652,36,32,0.8039812855986688,0,0,16,12.176008352194913,7.978956241779088,0.9106358346511148,0,-0.05168174486466415,"","","",0,0,0,0.041583191603422165,-3.5555763244628906,""
"org.axonframework.common.caching.AbstractCacheAdapter","AbstractCacheAdapter","4:7311afa2-be91-4b9a-9570-8b642d06c6d1:5235","axon-common-5.0.3",2,3,11,0.6,0.18651225076772643,0.22745450839142098,0.04094225762369455,8,19,1,0,0,17,15.04582045506686,4.923265128036934,0.07926288513739947,0,-0.0301524390864209,"","","",0,0,0,-1.0141777992248535,8.927578926086426,""
"org.axonframework.common.caching.JCacheAdapter$JCacheListenerAdapter","JCacheAdapter$JCacheListenerAdapter","4:7311afa2-be91-4b9a-9570-8b642d06c6d1:5236","axon-common-5.0.3",1,1,11,1,0.17601336491287434,0.18825000000000003,0.012236635087125691,0,19,1,0,0,17,15.04582045506686,4.923265128036934,0.04093308796509408,0,-0.02746343694383213,"","","",0,0,0,-0.9659923315048218,8.814741134643555,""
"org.axonframework.common.TypeReference","TypeReference","4:7311afa2-be91-4b9a-9570-8b642d06c6d1:5237","axon-common-5.0.3",45,2,4,0.0696969696969697,6.230648582059333,55.72396354031644,49.49331495825711,1428,-1,0,1,0,300,0,0,0,1,0.08774146225206908,"articleRank","pageRank","pageToArticleRankDifference",-0.29235867197368787,-0.20096881718469697,-0.13082318169414459,-2.2927842140197754,-4.993301868438721,""
"org.axonframework.common.property.PropertyAccessException","PropertyAccessException","4:7311afa2-be91-4b9a-9570-8b642d06c6d1:5239","axon-common-5.0.3",2,1,5,0,0.24912430232119875,0.4269300000000001,0.17780569767880133,6,32,0.8039812855986688,0,0,16,12.176008352194913,7.978956241779088,1,0,-0.051408538515838376,"","","",0,0,0,0.28905799984931946,-3.5600473880767822,""
"org.axonframework.common.property.PropertyAccessStrategy","PropertyAccessStrategy","4:7311afa2-be91-4b9a-9570-8b642d06c6d1:5240","axon-common-5.0.3",5,1,5,0.3333333333333333,0.24630694734532935,0.3856403340231979,0.13933338667786857,13,32,1,0,0,16,12.176008352194913,7.978956241779088,0.31751088593900956,0,-0.04864253996964224,"","","",0,0,0,-0.07418292760848999,-3.3534293174743652,""
"org.axonframework.common.property.AbstractMethodPropertyAccessStrategy","AbstractMethodPropertyAccessStrategy","4:7311afa2-be91-4b9a-9570-8b642d06c6d1:5242","axon-common-5.0.3",2,3,5,0.2,0.22607421150278295,0.405,0.17892578849721708,30,32,0.6317087537021183,0,0,16,12.176008352194913,7.978956241779088,0.8583278442412964,0,-0.05991972555947139,"","","",0,0,0,0.028238331899046898,-3.7364819049835205,""
"org.axonframework.common.caching.Cache$EntryListenerAdapter","Cache$EntryListenerAdapter","4:7311afa2-be91-4b9a-9570-8b642d06c6d1:5245","axon-common-5.0.3",1,1,11,1,0.16746370951243209,0.19424336414341922,0.026779654630987137,0,19,1,0,0,17,15.04582045506686,4.923265128036934,0.01851024537117595,0,-0.029036116390099953,"","","",0,0,0,-0.9603566527366638,8.876126289367676,""
"org.axonframework.common.caching.EhCacheAdapter","EhCacheAdapter","4:7311afa2-be91-4b9a-9570-8b642d06c6d1:5247","axon-common-5.0.3",1,5,11,0.4,0.17708561179844443,0.33617632843149037,0.15909071663304594,11,19,0.22663271979084845,0,0,17,15.04582045506686,4.923265128036934,0.2819824371785674,0,-0.006239698730247267,"","","",0,0,0,-0.8538497090339661,8.93038558959961,""
"org.axonframework.common.caching.EhCacheAdapter$CacheEventListenerAdapter","EhCacheAdapter$CacheEventListenerAdapter","4:7311afa2-be91-4b9a-9570-8b642d06c6d1:5248","axon-common-5.0.3",1,2,11,0.6666666666666666,0.17875501123871534,0.2279317625871315,0.04917675134841615,0,19,1,0,0,17,15.04582045506686,4.923265128036934,0.03826644246465573,0,-0.03632254470973678,"","","",0,0,0,-0.9296132922172546,8.840720176696777,""
"org.axonframework.common.caching.EhCacheAdapter$1","EhCacheAdapter$1","4:7311afa2-be91-4b9a-9570-8b642d06c6d1:5249","axon-common-5.0.3",2,1,11,1,0.18175983155098202,0.21903102070667693,0.03727118915569491,6,19,0.19613145624057793,0,0,17,15.04582045506686,4.923265128036934,0.33361629499474105,0,-0.02008862595962707,"","","",0,0,0,-0.9026695489883423,8.916019439697266,""
"org.axonframework.common.caching.WeakReferenceCache","WeakReferenceCache","4:7311afa2-be91-4b9a-9570-8b642d06c6d1:5250","axon-common-5.0.3",1,6,11,0.13333333333333333,0.20268454992236445,0.3785866010748665,0.17590205115250207,7,19,0.5059985488391114,0,0,17,15.04582045506686,4.923265128036934,0.16971769974216724,0,-0.04592164006072552,"","","",0,0,0,-1.0412172079086304,8.749032974243164,""
"org.axonframework.common.caching.WeakReferenceCache$Entry","WeakReferenceCache$Entry","4:7311afa2-be91-4b9a-9570-8b642d06c6d1:5251","axon-common-5.0.3",1,1,11,0,0.2077625396909557,0.26892557359851776,0.06116303390756206,0,19,0.5059985488391114,0,0,17,15.04582045506686,4.923265128036934,0.1851155260062067,0,-0.04466209303533314,"","","",0,0,0,-0.9443513751029968,8.666296005249023,""
"org.axonframework.common.ConstructorUtils","ConstructorUtils","4:7311afa2-be91-4b9a-9570-8b642d06c6d1:5253","axon-common-5.0.3",3,1,4,0.16666666666666666,0.17219044797540695,0.17812990476568988,0.005939456790282932,16.5,31,1,0,0,6,13.641146847512573,8.264382320999479,1,0,-0.04698962183126809,"","","",0,0,0,-1.2596864700317383,-2.887380599975586,""
"org.axonframework.common.caching.Cache","Cache","4:7311afa2-be91-4b9a-9570-8b642d06c6d1:5257","axon-common-5.0.3",3,3,11,0.4666666666666667,0.178828067475576,0.2082042438581625,0.029376176382586494,12,19,0.22607593206856846,0,0,17,15.04582045506686,4.923265128036934,0.28973351418527693,0,-0.012028751704544371,"","","",0,0,0,-1.0638830661773682,8.885290145874023,""
"org.axonframework.common.configuration.ComponentRegistry","ComponentRegistry","4:7311afa2-be91-4b9a-9570-8b642d06c6d1:5517","axon-common-5.0.3",43,12,4,0.0880503144654088,0.7898420107504731,1.4260142452062352,0.6361722344557621,1853.080158730159,-1,0,1,0,300,0,0,0,1,3.3934764527843164e-06,"incomingDependencies","articleRank","degree",-0.18265669360218878,-0.1813571761602207,-0.16014528642934792,-1.4494084119796753,-4.555472373962402,""
"org.axonframework.common.configuration.Configuration","Configuration","4:7311afa2-be91-4b9a-9570-8b642d06c6d1:5519","axon-common-5.0.3",99,3,4,0.04309842748980781,2.6912931121576658,7.614834344393477,4.923541232235811,545.9250000000001,74,0.732856307470636,0,0,8,7.0721852402202785,3.792329084892117,1,1,0.02889978386479225,"articleRank","pageRank","incomingDependencies",-0.2818605742538376,-0.1825244427403107,-0.13696167941151924,-1.9296382665634155,-3.872274398803711,""
"org.axonframework.common.configuration.AbstractComponent","AbstractComponent","4:7311afa2-be91-4b9a-9570-8b642d06c6d1:5520","axon-common-5.0.3",3,9,13,0.3333333333333333,0.23560166465534257,0.2875362223890022,0.05193455773365965,151.5,67,1,0,1,6,6.407619073055685,3.7388587966949367,0,0,-0.0568328463759703,"","","",0,0,0,-3.0982234477996826,-5.333652019500732,""
"org.axonframework.common.configuration.ComponentBuilder","ComponentBuilder","4:7311afa2-be91-4b9a-9570-8b642d06c6d1:5521","axon-common-5.0.3",36,1,4,0.12162162162162163,0.9027975335374194,1.604062926044189,0.7012653925067696,55.00833333333333,78,1,0,0,11,7.403099725488573,4.037547826539429,0.37256150572069374,0,-0.03214512598277658,"","","",0,0,0,-1.2380151748657227,-4.560099124908447,""
"org.axonframework.common.configuration.ComponentDefinition$IncompleteComponentDefinition","ComponentDefinition$IncompleteComponentDefinition","4:7311afa2-be91-4b9a-9570-8b642d06c6d1:5522","axon-common-5.0.3",18,2,4,0.23391812865497075,0.4714132914525751,0.7578127642141115,0.2863994727615364,358.2317460317462,70,1,0,0,5,9.264657251536846,5.244132600259036,0.3665714088770653,0,-0.06583816607057819,"","","",0,0,0,-1.9258317947387695,-4.232995510101318,""
"org.axonframework.common.configuration.Component$Identifier","Component$Identifier","4:7311afa2-be91-4b9a-9570-8b642d06c6d1:5526","axon-common-5.0.3",21,2,13,0.13438735177865613,0.7706995758066243,1.2138750530986386,0.44317547729201434,70.06666666666668,66,1,0,0,16,11.996500023640692,4.3742515146004735,0.19498770494940124,1,0.00434825998702415,"articleRank","incomingDependencies","pageRank",-0.2410365464410314,-0.04997859079606781,-0.03737676273193779,-3.737281084060669,-5.094686985015869,""
"org.axonframework.common.configuration.Component","Component","4:7311afa2-be91-4b9a-9570-8b642d06c6d1:5529","axon-common-5.0.3",16,5,13,0.24761904761904763,0.4153531452087036,0.6023081454590976,0.18695500025039402,415.6166666666666,66,1,0,0,16,11.996500023640692,4.3742515146004735,0.2471222519694968,0,-0.012569162538055956,"","","",0,0,0,-3.846499443054199,-5.181027889251709,""
"org.axonframework.common.configuration.ApplicationConfigurer","ApplicationConfigurer","4:7311afa2-be91-4b9a-9570-8b642d06c6d1:5548","axon-common-5.0.3",5,3,4,0.6428571428571429,0.21712135059881943,0.24553148352454848,0.028410132925729054,17.416666666666664,78,1,0,0,11,7.403099725488573,4.037547826539429,0.47071937728246144,0,-0.07260061696338588,"","","",0,0,0,-1.0737172365188599,-4.703804016113281,""
"org.axonframework.common.configuration.DefaultAxonApplication$AxonConfigurationImpl","DefaultAxonApplication$AxonConfigurationImpl","4:7311afa2-be91-4b9a-9570-8b642d06c6d1:5549","axon-common-5.0.3",1,10,13,0.13333333333333333,0.16386017175679513,0.16630439146124548,0.0024442197044503566,16.833333333333332,20,1,0,1,9,13.515229046344757,6.012447304984865,0,0,-0.0652506061438432,"","","",0,0,0,-2.606544256210327,-2.724703788757324,""
"org.axonframework.common.configuration.LifecycleHandler","LifecycleHandler","4:7311afa2-be91-4b9a-9570-8b642d06c6d1:5552","axon-common-5.0.3",4,1,13,0.6,0.26295380776221466,0.3407062410165205,0.07775243325430581,14,20,1,0,0,9,13.515229046344757,6.012447304984865,0.3582572429017066,0,-0.03264498764532553,"","","",0,0,0,-2.573885679244995,-2.9519271850585938,""
"org.axonframework.common.configuration.DefaultComponentRegistry","DefaultComponentRegistry","4:7311afa2-be91-4b9a-9570-8b642d06c6d1:5553","axon-common-5.0.3",4,21,13,0.16600790513833993,0.2435586630463795,0.2728835572259337,0.029324894179554223,485.1166666666667,66,0.8792518745266398,0,0,16,11.996500023640692,4.3742515146004735,0.2701397233378937,0,-0.018774265556795677,"","","",0,0,0,-3.5765154361724854,-4.860579967498779,""
"org.axonframework.common.configuration.AxonConfiguration","AxonConfiguration","4:7311afa2-be91-4b9a-9570-8b642d06c6d1:5554","axon-common-5.0.3",14,1,0,0.21904761904761905,0.3176336488684587,0.4657740836199857,0.148140434751527,28.333333333333332,-1,0,1,0,300,0,0,0,0,-0.037971368429796926,"","","",0,0,0,-2.793294668197632,-2.0342133045196533,""
"org.axonframework.common.configuration.LazyInitializedComponentDefinition","LazyInitializedComponentDefinition","4:7311afa2-be91-4b9a-9570-8b642d06c6d1:6148","axon-common-5.0.3",7,6,4,0.28205128205128205,0.2408842613830334,0.29232121030547786,0.051436948922444464,100.37777777777771,65,1,0,0,5,7.233280142303556,4.110882578697056,0.7447328680616814,0,-0.05373295327088634,"","","",0,0,0,-2.778996229171753,-4.969818115234375,""
"org.axonframework.common.configuration.ComponentDefinition$2","ComponentDefinition$2","4:7311afa2-be91-4b9a-9570-8b642d06c6d1:6234","axon-common-5.0.3",1,7,4,0.3333333333333333,0.215472197594131,0.3097062450641658,0.09423404747003478,163.588888888889,65,1,0,1,5,7.233280142303556,4.110882578697056,0,0,-0.0674079863906567,"","","",0,0,0,-3.081388473510742,-4.748088359832764,""
"org.axonframework.common.infra.FilesystemStyleComponentDescriptor$TreeRenderer","FilesystemStyleComponentDescriptor$TreeRenderer","4:7311afa2-be91-4b9a-9570-8b642d06c6d1:6236","axon-common-5.0.3",2,3,13,0.6666666666666666,0.20380166259106997,0.5855099288506315,0.3817082662595615,20.5,4,1,0,0,6,5.773453390225768,2.850766465177003,0.4169829465014471,0,-0.04527458660283301,"","","",0,0,0,4.568090915679932,3.5977394580841064,""
"org.axonframework.common.infra.FilesystemStyleComponentDescriptor","FilesystemStyleComponentDescriptor","4:7311afa2-be91-4b9a-9570-8b642d06c6d1:6237","axon-common-5.0.3",1,8,13,0.17857142857142858,0.17831813206902064,0.2433156449105695,0.06499751284154887,37,4,1,0,0,6,5.773453390225768,2.850766465177003,0.2486231193155878,0,-0.026005449273878933,"","","",0,0,0,4.6261749267578125,3.426262855529785,""
"org.axonframework.common.lifecycle.ShutdownLatch","ShutdownLatch","4:7311afa2-be91-4b9a-9570-8b642d06c6d1:6240","axon-common-5.0.3",3,2,14,0.3333333333333333,0.3005698625332341,0.5502863787461351,0.24971651621290097,12,-1,0,1,0,300,0,0,0,0,-0.018233121943604436,"","","",0,0,0,0.037798937410116196,2.454791307449341,""
"org.axonframework.common.lifecycle.ShutdownLatch$ActivityHandle","ShutdownLatch$ActivityHandle","4:7311afa2-be91-4b9a-9570-8b642d06c6d1:6241","axon-common-5.0.3",3,1,14,0.6666666666666666,0.26091520780285754,0.40175398744375784,0.1408387796409003,0,-1,0,1,0,300,0,0,0,0,-0.005614764186246124,"","","",0,0,0,0.030710585415363312,2.5339224338531494,""
"org.axonframework.common.lock.NoOpLock","NoOpLock","4:7311afa2-be91-4b9a-9570-8b642d06c6d1:6244","axon-common-5.0.3",1,1,11,1,0.1665498869874072,0.19250000000000003,0.02595011301259284,0,17,0.2706609463952366,0,0,10,7.676199854700826,2.668147920165211,0.8282570171778586,0,-0.04681879263291461,"","","",0,0,0,-2.249192237854004,6.103580951690674,""
"org.axonframework.common.lock.PessimisticLockFactory$DisposableLock","PessimisticLockFactory$DisposableLock","4:7311afa2-be91-4b9a-9570-8b642d06c6d1:6246","axon-common-5.0.3",1,5,11,0.3,0.23213504062018334,0.27457061538297695,0.04243557476279361,8,17,1,0,0,10,7.676199854700826,2.668147920165211,0.12067451518223601,0,-0.08236069147831626,"","","",0,0,0,-2.3696885108947754,6.278689861297607,""
"org.axonframework.common.lock.PessimisticLockFactory","PessimisticLockFactory","4:7311afa2-be91-4b9a-9570-8b642d06c6d1:6247","axon-common-5.0.3",2,6,11,0.26666666666666666,0.23919001182742808,0.30532015977337734,0.06613014794594926,13,17,1,0,1,10,7.676199854700826,2.668147920165211,0,0,-0.07635538751278542,"","","",0,0,0,-2.26853346824646,6.2395758628845215,""
"org.axonframework.common.lock.PessimisticLockFactory$Builder","PessimisticLockFactory$Builder","4:7311afa2-be91-4b9a-9570-8b642d06c6d1:6248","axon-common-5.0.3",1,2,11,1,0.21160128046513743,0.24342796153723278,0.03182668107209535,0,17,1,0,0,10,7.676199854700826,2.668147920165211,0.23068863040954596,0,-0.07559476736919163,"","","",0,0,0,-2.2899246215820312,6.260469436645508,""
"org.axonframework.common.jpa.FactoryBasedEntityManagerProvider","FactoryBasedEntityManagerProvider","4:7311afa2-be91-4b9a-9570-8b642d06c6d1:6251","axon-common-5.0.3",1,1,12,0,0.15654697292665642,0.15780548780487808,0.0012585148782216504,2,45,0.51201529662405,0,0,25,16.824409583583474,8.092903064549901,0.8534798618729952,0,-0.03411752031910803,"","","",0,0,0,3.9800209999084473,4.80177640914917,""
"org.axonframework.common.jpa.EntityManagerExecutor","EntityManagerExecutor","4:7311afa2-be91-4b9a-9570-8b642d06c6d1:6252","axon-common-5.0.3",1,4,6,0.5,0.16995719687200778,0.18251532906417445,0.012558132192166671,2,42,1,0,0,7,8.259241715539247,5.2250147559680045,0.7432869983434905,0,-0.07193005576782269,"","","",0,0,0,-4.44100284576416,2.640942335128784,""
"org.axonframework.common.configuration.DefaultAxonApplication","DefaultAxonApplication","4:7311afa2-be91-4b9a-9570-8b642d06c6d1:6253","axon-common-5.0.3",2,9,13,0.28888888888888886,0.18862867640137365,0.19181640148820397,0.003187725086830323,114.25,20,1,0,0,9,13.515229046344757,6.012447304984865,0.16183121616028726,0,-0.05890777873314973,"","","",0,0,0,-2.5537078380584717,-2.7883167266845703,""
"org.axonframework.common.infra.FilesystemStyleComponentDescriptor$TreeRenderer$RenderContext","FilesystemStyleComponentDescriptor$TreeRenderer$RenderContext","4:7311afa2-be91-4b9a-9570-8b642d06c6d1:6265","axon-common-5.0.3",2,1,13,1,0.25313347261680114,0.4828719715415164,0.22973849892471526,1.5,4,1,0,0,6,5.773453390225768,2.850766465177003,0.43653759290727046,0,-0.04608939053056166,"","","",0,0,0,4.6506500244140625,3.5485618114471436,""
"org.axonframework.common.infra.DescribableComponent","DescribableComponent","4:7311afa2-be91-4b9a-9570-8b642d06c6d1:6293","axon-common-5.0.3",46,1,13,0.04440333024976873,1.629245986409978,11.313026504022577,9.683780517612599,662.0555555555555,4,1,0,0,6,5.773453390225768,2.850766465177003,1,1,0.05413304754018161,"articleRank","pageRank","incomingDependencies",-0.2654781256239319,-0.18367950412381207,-0.13906107059687,4.5877203941345215,3.3351054191589355,""
"org.axonframework.common.lock.LockFactory","LockFactory","4:7311afa2-be91-4b9a-9570-8b642d06c6d1:6294","axon-common-5.0.3",2,1,11,0.6666666666666666,0.17339447370575578,0.20288088461524809,0.029486410909492305,0,17,1,0,0,10,7.676199854700826,2.668147920165211,0.21758518480649552,0,-0.07899719414897866,"","","",0,0,0,-2.293217420578003,6.259068489074707,""
"org.axonframework.common.jpa.EntityManagerProvider","EntityManagerProvider","4:7311afa2-be91-4b9a-9570-8b642d06c6d1:6296","axon-common-5.0.3",8,1,6,0.08333333333333333,0.34082888017748036,0.7321883333203882,0.3913594531429079,5.5,-1,0,1,0,300,0,0,0,0,-0.06131689987712324,"","","",0,0,0,3.718395471572876,4.492987155914307,""
"org.axonframework.common.configuration.LifecycleRegistry","LifecycleRegistry","4:7311afa2-be91-4b9a-9570-8b642d06c6d1:6297","axon-common-5.0.3",16,3,13,0.24561403508771928,0.38863996334336465,0.7416328926602177,0.35299292931685305,207.89920634920637,20,0.4163178724656004,0,0,9,13.515229046344757,6.012447304984865,0.949993608189629,0,-0.015727910737445616,"","","",0,0,0,-2.638127088546753,-3.36091685295105,""
"org.axonframework.common.infra.ComponentDescriptorException","ComponentDescriptorException","4:7311afa2-be91-4b9a-9570-8b642d06c6d1:6298","axon-common-5.0.3",2,1,13,0,0.16978901788512812,0.17753442870904662,0.007745410823918497,8,4,1,0,0,6,5.773453390225768,2.850766465177003,0.8604850549705929,0,-0.05387319145100394,"","","",0,0,0,4.628199577331543,3.6116321086883545,""
"org.axonframework.common.lifecycle.ShutdownInProgressException","ShutdownInProgressException","4:7311afa2-be91-4b9a-9570-8b642d06c6d1:6299","axon-common-5.0.3",1,1,14,0,0.24321539483355062,0.4098574566301193,0.16664206179656868,4,-1,0,1,0,300,0,0,0,0,-0.01917106267456542,"","","",0,0,0,-0.01903754286468029,2.539738416671753,""
"org.axonframework.common.lock.LockAcquisitionFailedException","LockAcquisitionFailedException","4:7311afa2-be91-4b9a-9570-8b642d06c6d1:6300","axon-common-5.0.3",2,1,11,0.3333333333333333,0.2195809013943323,0.32741837722244316,0.10783747582811085,8,17,1,0,0,10,7.676199854700826,2.668147920165211,0.13430647585410363,0,-0.07940091071142275,"","","",0,0,0,-2.3591370582580566,6.32513952255249,""
"org.axonframework.common.lock.DeadlockException","DeadlockException","4:7311afa2-be91-4b9a-9570-8b642d06c6d1:6301","axon-common-5.0.3",1,1,11,1,0.15969510767063586,0.16296583258840286,0.003270724917767004,9,17,0.5930988184307827,0,0,10,7.676199854700826,2.668147920165211,0.3668616055958113,0,-0.058108717747890004,"","","",0,0,0,-2.392021656036377,6.367975234985352,""
"org.axonframework.common.configuration.ComponentDefinition","ComponentDefinition","4:7311afa2-be91-4b9a-9570-8b642d06c6d1:6307","axon-common-5.0.3",21,7,4,0.20652173913043478,0.6856346515135456,1.3778578005535873,0.6922231490400417,845.3444444444441,70,1,0,1,5,9.264657251536846,5.244132600259036,0,0,-0.043776511374041704,"","","",0,0,0,-1.9756654500961304,-4.095285892486572,""
"org.axonframework.common.configuration.InstantiatedComponentDefinition","InstantiatedComponentDefinition","4:7311afa2-be91-4b9a-9570-8b642d06c6d1:6321","axon-common-5.0.3",3,5,4,0.2857142857142857,0.19352345807219593,0.22635570083161877,0.03283224275942284,62.7888888888889,67,1,0,0,6,6.407619073055685,3.7388587966949367,1,0,-0.04258497270346212,"","","",0,0,0,-3.1444272994995117,-5.180772304534912,""
"org.axonframework.common.configuration.ComponentDefinition$ComponentCreator","ComponentDefinition$ComponentCreator","4:7311afa2-be91-4b9a-9570-8b642d06c6d1:6532","axon-common-5.0.3",7,2,4,0.42857142857142855,0.22274998538378496,0.2678737771602411,0.04512379177645612,38.733333333333334,65,1,0,0,5,7.233280142303556,4.110882578697056,0.9122736491194554,0,-0.07407090471210537,"","","",0,0,0,-2.4359450340270996,-4.578249931335449,""
"org.axonframework.common.configuration.AbstractComponent$HandlerRegistration","AbstractComponent$HandlerRegistration","4:7311afa2-be91-4b9a-9570-8b642d06c6d1:6533","axon-common-5.0.3",3,1,13,0.6666666666666666,0.25947611720349456,0.29808375198282383,0.03860763477932927,1,67,1,0,0,6,6.407619073055685,3.7388587966949367,0.4425669352289581,0,-0.05819810959390875,"","","",0,0,0,-3.161146402359009,-5.335411548614502,""
"org.axonframework.common.configuration.ComponentLifecycleHandler","ComponentLifecycleHandler","4:7311afa2-be91-4b9a-9570-8b642d06c6d1:6534","axon-common-5.0.3",5,1,13,0.4666666666666667,0.34304052587111594,0.6284088012154306,0.2853682753443147,12.5,67,1,0,0,6,6.407619073055685,3.7388587966949367,0.7111886901577245,0,-0.03817770088090211,"","","",0,0,0,-3.1176862716674805,-5.282454490661621,""
"org.axonframework.common.configuration.Components","Components","4:7311afa2-be91-4b9a-9570-8b642d06c6d1:6535","axon-common-5.0.3",2,6,13,0.42857142857142855,0.1731872653394619,0.1759589591618805,0.002771693822418597,46,66,1,0,0,16,11.996500023640692,4.3742515146004735,0.16644631462544596,0,-0.03695501689119918,"","","",0,0,0,-3.8251898288726807,-5.163617134094238,""
"org.axonframework.common.configuration.ComponentFactory","ComponentFactory","4:7311afa2-be91-4b9a-9570-8b642d06c6d1:6536","axon-common-5.0.3",4,4,13,0.5714285714285714,0.17867782113264138,0.19324690648489343,0.014569085352252042,300.1079365079365,66,0.8792518745266398,0,0,16,11.996500023640692,4.3742515146004735,0.21671436307665906,0,-0.03509314159411325,"","","",0,0,0,-3.5264952182769775,-4.8426833152771,""
"org.axonframework.common.configuration.ComponentDefinition$1","ComponentDefinition$1","4:7311afa2-be91-4b9a-9570-8b642d06c6d1:6537","axon-common-5.0.3",1,6,4,0.3333333333333333,0.215472197594131,0.3097062450641658,0.09423404747003478,163.588888888889,65,1,0,0,5,7.233280142303556,4.110882578697056,0.1846382814591921,0,-0.07087788256457273,"","","",0,0,0,-3.2098302841186523,-4.8529438972473145,""
"org.axonframework.common.configuration.DecoratorDefinition","DecoratorDefinition","4:7311afa2-be91-4b9a-9570-8b642d06c6d1:6538","axon-common-5.0.3",13,7,13,0.225,0.3699501854812531,0.6653303826529876,0.2953801971717345,779.9000000000001,70,1,0,0,5,9.264657251536846,5.244132600259036,0.783426980081349,0,-0.03873827384277462,"","","",0,0,0,-2.3198800086975098,-4.445784091949463,""
"org.axonframework.common.configuration.DecoratorDefinition$PartialDecoratorDefinition","DecoratorDefinition$PartialDecoratorDefinition","4:7311afa2-be91-4b9a-9570-8b642d06c6d1:6539","axon-common-5.0.3",10,2,13,0.34545454545454546,0.31376337343739763,0.46358286748296246,0.14981949404556483,687.2333333333333,70,1,0,0,5,9.264657251536846,5.244132600259036,0.6801832669194247,0,-0.05596837587461134,"","","",0,0,0,-1.9772759675979614,-4.190607070922852,""
"org.axonframework.common.configuration.HierarchicalConfiguration","HierarchicalConfiguration","4:7311afa2-be91-4b9a-9570-8b642d06c6d1:6796","axon-common-5.0.3",1,3,13,0.8333333333333334,0.15145072925726025,0.15168080411485885,0.00023007485759860002,0,20,0.4163178724656004,0,0,9,13.515229046344757,6.012447304984865,0.7676415679322426,0,-0.04298978558695993,"","","",0,0,0,-2.5025992393493652,-3.1322743892669678,""
"org.axonframework.common.configuration.DefaultComponentRegistry$LocalConfiguration","DefaultComponentRegistry$LocalConfiguration","4:7311afa2-be91-4b9a-9570-8b642d06c6d1:6797","axon-common-5.0.3",1,10,13,0.4222222222222222,0.15435218777178075,0.15504241234457652,0.0006902245727957723,79.53333333333333,66,1,0,1,16,11.996500023640692,4.3742515146004735,0,0,-0.028765990738266967,"","","",0,0,0,-3.7499570846557617,-5.03124475479126,""
"org.axonframework.common.configuration.DecoratorDefinition$2","DecoratorDefinition$2","4:7311afa2-be91-4b9a-9570-8b642d06c6d1:6798","axon-common-5.0.3",1,5,13,0.5,0.19787727736627927,0.2631061650510078,0.06522888768472854,175,66,0.4292817636247803,0,0,16,11.996500023640692,4.3742515146004735,0.46781716240502713,0,-0.04052461923008904,"","","",0,0,0,-3.5049219131469727,-5.102782726287842,""
"org.axonframework.common.configuration.Module","Module","4:7311afa2-be91-4b9a-9570-8b642d06c6d1:6799","axon-common-5.0.3",15,2,13,0.27205882352941174,0.3392473309578248,0.9595209610390367,0.620273630081212,168.69126984126984,66,0.4624344494058001,0,0,16,11.996500023640692,4.3742515146004735,0.6321577957233361,0,-0.03343278122739196,"","","",0,0,0,-3.2724153995513916,-4.5301194190979,""
"org.axonframework.common.configuration.DecoratorDefinition$CompletedDecoratorDefinition","DecoratorDefinition$CompletedDecoratorDefinition","4:7311afa2-be91-4b9a-9570-8b642d06c6d1:6819","axon-common-5.0.3",3,3,13,0.7,0.18868488470834435,0.21715499151640072,0.028470106808056367,32.83333333333333,66,0.8792518745266398,0,0,16,11.996500023640692,4.3742515146004735,0.1933848407710857,0,-0.041122315812360144,"","","",0,0,0,-3.607501268386841,-4.926495552062988,""
"org.axonframework.common.configuration.ModuleBuilder","ModuleBuilder","4:7311afa2-be91-4b9a-9570-8b642d06c6d1:6820","axon-common-5.0.3",14,1,4,0.17142857142857143,0.29400427519840133,0.4326933646625572,0.13868908946415587,32.5,78,0.7665459416352225,0,0,11,7.403099725488573,4.037547826539429,0.758981027203455,0,-0.04649366911721381,"","","",0,0,0,-1.1868009567260742,-4.719173908233643,""
"org.axonframework.common.configuration.ComponentDecorator","ComponentDecorator","4:7311afa2-be91-4b9a-9570-8b642d06c6d1:6832","axon-common-5.0.3",9,1,13,0.35555555555555557,0.2740179776858816,0.48758198210643505,0.21356400442055345,30,70,1,0,0,5,9.264657251536846,5.244132600259036,1,0,-0.05129622445380427,"","","",0,0,0,-2.872220039367676,-4.91513729095459,""
"org.axonframework.common.configuration.DefaultDecoratorDefinition","DefaultDecoratorDefinition","4:7311afa2-be91-4b9a-9570-8b642d06c6d1:6911","axon-common-5.0.3",2,8,13,0.35555555555555557,0.19429831887632462,0.23538988504663513,0.04109156617031051,282.66666666666674,67,1,0,0,6,6.407619073055685,3.7388587966949367,0.38460347172310577,0,-0.047885404896191475,"","","",0,0,0,-3.2105607986450195,-5.422202110290527,""
"org.axonframework.common.configuration.BaseModule","BaseModule","4:7311afa2-be91-4b9a-9570-8b642d06c6d1:6912","axon-common-5.0.3",7,6,4,0.38461538461538464,0.17869870210091213,0.18775375669496708,0.009055054594054951,712.2333333333333,66,0.3680108329330544,0,0,16,11.996500023640692,4.3742515146004735,1,0,-0.06555728194765692,"","","",0,0,0,-2.631690740585327,-4.279709815979004,""
"org.axonframework.common.configuration.DefaultComponentRegistry$1","DefaultComponentRegistry$1","4:7311afa2-be91-4b9a-9570-8b642d06c6d1:7326","axon-common-5.0.3",1,2,14,1,0.15290145851452056,0.15336160822971773,0.0004601497151971723,0,-1,0,1,0,300,0,0,0,0,-0.058007162205731044,"","","",0,0,0,-3.1449241638183594,-4.390044689178467,""
"org.axonframework.common.configuration.DecoratedComponent","DecoratedComponent","4:7311afa2-be91-4b9a-9570-8b642d06c6d1:7342","axon-common-5.0.3",1,8,13,0.4166666666666667,0.16111995819483596,0.16600650358052743,0.004886545385691471,188.66666666666674,67,1,0,0,6,6.407619073055685,3.7388587966949367,0.9626531391671775,0,-0.03657354422139575,"","","",0,0,0,-3.22096848487854,-5.259418487548828,""
"org.axonframework.common.configuration.ConfigurationEnhancer","ConfigurationEnhancer","4:7311afa2-be91-4b9a-9570-8b642d06c6d1:7343","axon-common-5.0.3",29,1,13,0.0812807881773399,0.38799352338226045,0.5268483300818552,0.1388548066995947,470.0007936507937,-1,0,1,0,300,0,0,0,0,-0.021056508573091604,"","","",0,0,0,-3.3953487873077393,-4.513981819152832,""
"org.axonframework.common.configuration.DecoratorDefinition$1","DecoratorDefinition$1","4:7311afa2-be91-4b9a-9570-8b642d06c6d1:7344","axon-common-5.0.3",1,5,13,0.5,0.19787727736627927,0.2631061650510078,0.06522888768472854,175,66,0.4292817636247803,0,0,16,11.996500023640692,4.3742515146004735,0.5517274192390146,0,-0.04416854831083289,"","","",0,0,0,-3.481050729751587,-5.139797210693359,""
"org.axonframework.common.configuration.ComponentNotFoundException","ComponentNotFoundException","4:7311afa2-be91-4b9a-9570-8b642d06c6d1:7590","axon-common-5.0.3",2,1,4,0.3333333333333333,0.89261914040463,2.9345619272411874,2.0419427868365574,9,-1,0,1,0,300,0,0,0,0,-0.050939944543004934,"","","",0,0,0,-1.8562085628509521,-3.8300294876098633,""
"org.axonframework.common.configuration.DuplicateModuleRegistrationException","DuplicateModuleRegistrationException","4:7311afa2-be91-4b9a-9570-8b642d06c6d1:8128","axon-common-5.0.3",1,1,13,1,0.15290145851452056,0.15336160822971773,0.0004601497151971723,3,66,0.7663914196822685,0,0,16,11.996500023640692,4.3742515146004735,0.38772315983373357,0,-0.0390456148378065,"","","",0,0,0,-3.4321136474609375,-4.64016580581665,""
"org.axonframework.common.configuration.AmbiguousComponentMatchException","AmbiguousComponentMatchException","4:7311afa2-be91-4b9a-9570-8b642d06c6d1:8129","axon-common-5.0.3",1,1,13,1,0.15939073697326758,0.160314826591228,0.0009240896179604219,6,66,1,0,0,16,11.996500023640692,4.3742515146004735,0.24176108983350234,0,-0.015082621565170262,"","","",0,0,0,-3.868525981903076,-5.209333419799805,""
"org.axonframework.common.ProcessUtils","ProcessUtils","4:7311afa2-be91-4b9a-9570-8b642d06c6d1:8404","axon-common-5.0.3",1,1,7,0,0.15251990940137222,0.15271731882962408,0.00019740942825186014,19,56,1,0,0,25,12.203622698085383,5.530092488967348,0.20088743090057895,0,-0.04838054716840695,"","","",0,0,0,-9.850409507751465,-3.1805484294891357,""
"org.axonframework.common.BuilderUtils","BuilderUtils","4:7311afa2-be91-4b9a-9570-8b642d06c6d1:8405","axon-common-5.0.3",32,3,15,0.023529411764705882,0.9133115997499139,1.4960225001728236,0.5827109004229096,500.0075757575758,-1,0,1,0,300,0,0,0,0,-0.01033804518318493,"","","",0,0,0,-5.155319690704346,1.9275293350219727,""
"org.axonframework.extension.tracing.opentelemetry.OpenTelemetrySpanFactory","OpenTelemetrySpanFactory","4:7311afa2-be91-4b9a-9570-8b642d06c6d1:8813","axon-tracing-opentelemetry-5.0.3",1,7,1,0.38095238095238093,0.17612548060002625,0.1866607569147843,0.010535276314758035,5.5,47,1,0,1,6,7.221836687764153,3.955994041850014,0,0,-0.07256304410226055,"","","",0,0,0,2.9868061542510986,-5.725258827209473,""
"org.axonframework.extension.tracing.opentelemetry.OpenTelemetrySpanFactory$Builder","OpenTelemetrySpanFactory$Builder","4:7311afa2-be91-4b9a-9570-8b642d06c6d1:8814","axon-tracing-opentelemetry-5.0.3",1,6,1,0.26666666666666666,0.1813824135601596,0.1868980434524012,0.005515629892241608,6,47,1,0,0,6,7.221836687764153,3.955994041850014,0.4623740018622928,0,-0.07743597135894231,"","","",0,0,0,2.940088987350464,-5.7419819831848145,""
"org.axonframework.extension.tracing.opentelemetry.OpenTelemetrySpan","OpenTelemetrySpan","4:7311afa2-be91-4b9a-9570-8b642d06c6d1:8815","axon-tracing-opentelemetry-5.0.3",1,2,1,0.6666666666666666,0.1813824135601596,0.1868980434524012,0.005515629892241608,2,47,1,0,0,6,7.221836687764153,3.955994041850014,0.38936037814203045,0,-0.060631162755996004,"","","",0,0,0,2.946213483810425,-5.858368873596191,""
"org.axonframework.extension.tracing.opentelemetry.MetadataContextGetter","MetadataContextGetter","4:7311afa2-be91-4b9a-9570-8b642d06c6d1:8817","axon-tracing-opentelemetry-5.0.3",1,2,1,0.6666666666666666,0.1587084935333421,0.1622202523049281,0.0035117587715859933,1,46,0.6891402743051085,0,0,7,5.725429659709334,2.2210997567911233,1,0,-0.0872346974940314,"","","",0,0,0,2.564957857131958,-5.247795104980469,""
"org.axonframework.eventsourcing.EventSourcingRepository","EventSourcingRepository","4:7311afa2-be91-4b9a-9570-8b642d06c6d1:9270","axon-eventsourcing-5.0.3",1,16,3,0.16911764705882354,0.15370666012653555,0.1557824601867454,0.0020758000602098536,348,38,1,0,0,8,9.045356725575402,3.6066547408045153,0.16420508839730277,0,-0.049983716409485845,"","","",0,0,0,0.13408780097961426,-6.515593528747559,""
"org.axonframework.eventsourcing.EventSourcingRepository$EventSourcedEntity","EventSourcingRepository$EventSourcedEntity","4:7311afa2-be91-4b9a-9570-8b642d06c6d1:9292","axon-eventsourcing-5.0.3",1,5,3,0.4,0.1842252082994586,0.1862267486029898,0.0020015403035311963,13,38,1,0,1,8,9.045356725575402,3.6066547408045153,0,0,-0.06262788172504369,"","","",0,0,0,0.11672664433717728,-6.518070697784424,""
"org.axonframework.eventsourcing.eventstore.EventStore","EventStore","4:7311afa2-be91-4b9a-9570-8b642d06c6d1:9298","axon-eventsourcing-5.0.3",9,5,0,0.18681318681318682,0.25472035714657787,0.27357037528115147,0.0188500181345736,370.8095238095238,38,0.5959075160174174,0,0,8,9.045356725575402,3.6066547408045153,1,0,-0.042148053846414846,"","","",0,0,0,3.443113327026367,-1.623726487159729,""
"org.axonframework.eventsourcing.CriteriaResolver","CriteriaResolver","4:7311afa2-be91-4b9a-9570-8b642d06c6d1:9299","axon-eventsourcing-5.0.3",8,2,4,0.2222222222222222,0.24431194149816693,0.39287140326848724,0.1485594617703203,294.91666666666663,38,1,0,0,8,9.045356725575402,3.6066547408045153,0.4899716434186003,0,-0.04877915239805203,"","","",0,0,0,0.17531251907348633,-6.366067409515381,""
"org.axonframework.eventsourcing.EventSourcedEntityFactory","EventSourcedEntityFactory","4:7311afa2-be91-4b9a-9570-8b642d06c6d1:9301","axon-eventsourcing-5.0.3",8,2,4,0.24444444444444444,0.23576840375883026,0.36126326326500097,0.1254948595061707,41.5,38,1,0,0,8,9.045356725575402,3.6066547408045153,0.5011840597652478,0,-0.06316032002057403,"","","",0,0,0,0.20841285586357117,-6.321115016937256,""
"org.axonframework.eventsourcing.eventstore.SourcingCondition","SourcingCondition","4:7311afa2-be91-4b9a-9570-8b642d06c6d1:9309","axon-eventsourcing-5.0.3",11,4,12,0.2087912087912088,0.2727038663226057,0.32755008717393125,0.05484622085132557,384.6679653679653,41,0.9113673941817069,0,0,6,10.413996392861009,5.056587312021293,1,0,-0.051176162287687565,"","","",0,0,0,1.7319130897521973,4.914561748504639,""
"org.axonframework.eventsourcing.eventstore.EventStoreTransaction","EventStoreTransaction","4:7311afa2-be91-4b9a-9570-8b642d06c6d1:9310","axon-eventsourcing-5.0.3",8,5,0,0.3974358974358974,0.2575781448227502,0.2973251580234746,0.03974701320072438,305.66666666666663,-1,0,1,0,300,0,0,0,0,-0.033993321288962874,"","","",0,0,0,3.395329236984253,-1.5283743143081665,""
"org.axonframework.eventsourcing.annotation.EventSourcedEntity","EventSourcedEntity","4:7311afa2-be91-4b9a-9570-8b642d06c6d1:9504","axon-eventsourcing-5.0.3",2,6,4,0.25,0.15681487327353136,0.1591930736588234,0.0023782003852920452,1256.6,29,1,0,0,5,10.830575994215906,5.498306433809921,1,0,-0.025967137438887233,"","","",0,0,0,-1.5784446001052856,-2.789400100708008,""
"org.axonframework.eventsourcing.annotation.EventTag","EventTag","4:7311afa2-be91-4b9a-9570-8b642d06c6d1:9505","axon-eventsourcing-5.0.3",2,1,12,1,0.19490836571179596,1.0895643933798385,0.8946560276680425,0,33,0.9629997800621979,0,0,11,9.489244509954005,5.4953660209112885,0.48953535076895727,0,-0.0394973124930455,"","","",0,0,0,-0.4234130084514618,4.810932636260986,""
"org.axonframework.eventsourcing.annotation.CriteriaResolverDefinition","CriteriaResolverDefinition","4:7311afa2-be91-4b9a-9570-8b642d06c6d1:9514","axon-eventsourcing-5.0.3",3,2,4,0.6,0.1822781084654978,0.20864898372505944,0.026370875259561638,10.316666666666666,75,1,0,0,6,6.684130309615284,4.743204436691788,0.821489699992481,0,-0.051525126176663105,"","","",0,0,0,-1.556979775428772,-3.2081174850463867,""
"org.axonframework.eventsourcing.annotation.AnnotationBasedEventCriteriaResolverDefinition","AnnotationBasedEventCriteriaResolverDefinition","4:7311afa2-be91-4b9a-9570-8b642d06c6d1:9515","axon-eventsourcing-5.0.3",1,4,4,0.6,0.16245262203264837,0.17255232777855795,0.01009970574590957,51.9,29,1,0,0,5,10.830575994215906,5.498306433809921,0.7794196904067755,0,-0.060110132436486774,"","","",0,0,0,-1.5859522819519043,-2.3323769569396973,""
"org.axonframework.eventsourcing.annotation.EventTags","EventTags","4:7311afa2-be91-4b9a-9570-8b642d06c6d1:9519","axon-eventsourcing-5.0.3",2,1,12,1,0.18483324570478502,1.082557798458835,0.89772455275405,3,33,0.9629997800621979,0,0,11,9.489244509954005,5.4953660209112885,0.7609390879873228,0,-0.003444771864828833,"","","",0,0,0,-0.5324637293815613,4.7294111251831055,""
"org.axonframework.eventsourcing.annotation.reflection.AnnotationBasedEventSourcedEntityFactory","AnnotationBasedEventSourcedEntityFactory","4:7311afa2-be91-4b9a-9570-8b642d06c6d1:9522","axon-eventsourcing-5.0.3",3,20,2,0.16666666666666666,0.21301311091041011,0.2386530728449482,0.025639961934538075,165.25,34,1,0,0,7,5.4653554214164615,3.3640875673320676,0.552444890470798,0,-0.044592915592646776,"","","",0,0,0,1.6525590419769287,-3.7137157917022705,""
"org.axonframework.eventsourcing.annotation.EventSourcedEntityFactoryDefinition","EventSourcedEntityFactoryDefinition","4:7311afa2-be91-4b9a-9570-8b642d06c6d1:9608","axon-eventsourcing-5.0.3",3,2,4,0.6,0.1754310489258877,0.1897914920933185,0.014360443167430792,8.733333333333334,75,1,0,0,6,6.684130309615284,4.743204436691788,0.8627171368428186,0,-0.055223779304411746,"","","",0,0,0,-1.5451077222824097,-3.186574935913086,""
"org.axonframework.eventsourcing.annotation.reflection.AnnotationBasedEventSourcedEntityFactoryDefinition","AnnotationBasedEventSourcedEntityFactoryDefinition","4:7311afa2-be91-4b9a-9570-8b642d06c6d1:9609","axon-eventsourcing-5.0.3",1,7,4,0.25,0.16245262203264837,0.17255232777855795,0.01009970574590957,151.08333333333331,-1,0,1,0,300,0,0,0,0,-0.07816709222383156,"","","",0,0,0,-1.3277250528335571,-3.1197495460510254,""
"org.axonframework.eventsourcing.annotation.reflection.AnnotationBasedEventSourcedEntityFactory$IdTypeParameterResolver","AnnotationBasedEventSourcedEntityFactory$IdTypeParameterResolver","4:7311afa2-be91-4b9a-9570-8b642d06c6d1:9610","axon-eventsourcing-5.0.3",1,4,2,0.8333333333333334,0.1556756608826283,0.15668752874091332,0.001011867858285026,1,34,1,0,0,7,5.4653554214164615,3.3640875673320676,0.42793692141137624,0,-0.0737868772129423,"","","",0,0,0,1.8655664920806885,-3.648983955383301,""
"org.axonframework.eventsourcing.annotation.reflection.AnnotationBasedEventSourcedEntityFactory$ScannedEntityCreator","AnnotationBasedEventSourcedEntityFactory$ScannedEntityCreator","4:7311afa2-be91-4b9a-9570-8b642d06c6d1:9870","axon-eventsourcing-5.0.3",1,8,2,0.4642857142857143,0.18594585225664573,0.19235434869245083,0.0064084964358051,0,34,1,0,1,7,5.4653554214164615,3.3640875673320676,0,0,-0.07056059948844273,"","","",0,0,0,1.7229582071304321,-3.770761251449585,""
"org.axonframework.eventsourcing.eventstore.TaggedEventMessage","TaggedEventMessage","4:7311afa2-be91-4b9a-9570-8b642d06c6d1:10106","axon-eventsourcing-5.0.3",15,2,12,0.2426470588235294,0.3900472435949645,0.8562608909831194,0.4662136473881549,240.5,44,0.45238602049685467,0,0,17,11.654484717408195,5.351383465273744,0.874388819950139,0,-0.01851274575251083,"","","",0,0,0,2.39225172996521,4.033442497253418,""
"org.axonframework.eventsourcing.eventstore.inmemory.InMemoryEventStorageEngine$MapBackedMessageStream","InMemoryEventStorageEngine$MapBackedMessageStream","4:7311afa2-be91-4b9a-9570-8b642d06c6d1:10107","axon-eventsourcing-5.0.3",4,10,12,0.358974358974359,0.22730400797719258,0.25709741599110125,0.029793408013908673,58.99999999999999,-1,0,1,0,300,0,0,0,0,-0.020350270295828587,"","","",0,0,0,2.5457723140716553,3.542668581008911,""
"org.axonframework.eventsourcing.eventstore.ConsistencyMarker","ConsistencyMarker","4:7311afa2-be91-4b9a-9570-8b642d06c6d1:10111","axon-eventsourcing-5.0.3",24,5,12,0.17094017094017094,1.0278111986619314,2.2066632877805428,1.1788520891186114,288.83333333333337,44,1,0,1,17,11.654484717408195,5.351383465273744,0,1,0.009888501475009748,"articleRank","pageRank","pageToArticleRankDifference",-0.32595736298950656,-0.21869788413972388,-0.0942665101824546,1.814407229423523,4.291660785675049,""
"org.axonframework.eventsourcing.eventstore.GlobalIndexConsistencyMarker","GlobalIndexConsistencyMarker","4:7311afa2-be91-4b9a-9570-8b642d06c6d1:10112","axon-eventsourcing-5.0.3",6,4,12,0.26666666666666666,0.20223385935869287,0.21829108917176607,0.0160572298130732,26,44,0.9091341629385067,0,0,17,11.654484717408195,5.351383465273744,0.3580234377976921,0,-0.024891406976997876,"","","",0,0,0,1.6899627447128296,4.394238471984863,""
"org.axonframework.eventsourcing.eventstore.EventStorageEngine","EventStorageEngine","4:7311afa2-be91-4b9a-9570-8b642d06c6d1:10116","axon-eventsourcing-5.0.3",11,11,12,0.2554112554112554,0.20777163991525602,0.21749654379646094,0.009724903881204922,542.6460317460317,-1,0,1,0,300,0,0,0,0,-0.04004945694447781,"","","",0,0,0,2.1323137283325195,4.019768238067627,""
"org.axonframework.eventsourcing.eventstore.EventStorageEngine$AppendTransaction","EventStorageEngine$AppendTransaction","4:7311afa2-be91-4b9a-9570-8b642d06c6d1:10117","axon-eventsourcing-5.0.3",12,1,12,0.2948717948717949,0.3062635029294865,0.3743524637173928,0.06808896078790627,25.833333333333332,44,0.9522449807239914,0,0,17,11.654484717408195,5.351383465273744,0.40438559699824117,0,-0.047830274381693905,"","","",0,0,0,2.0225670337677,4.260838985443115,""
"org.axonframework.eventsourcing.eventstore.AppendCondition","AppendCondition","4:7311afa2-be91-4b9a-9570-8b642d06c6d1:10124","axon-eventsourcing-5.0.3",12,5,12,0.2571428571428571,0.36850753883696796,0.5005182499257184,0.1320107110887504,131.38333333333333,44,0.9522449807239914,0,0,17,11.654484717408195,5.351383465273744,0.28190400260674864,0,-0.024954047717539174,"","","",0,0,0,1.9757426977157593,4.312521457672119,""
"org.axonframework.eventsourcing.eventstore.AppendEventsTransactionRejectedException","AppendEventsTransactionRejectedException","4:7311afa2-be91-4b9a-9570-8b642d06c6d1:10125","axon-eventsourcing-5.0.3",4,2,12,0.3333333333333333,0.19840076370836554,0.2149205266152209,0.016519762906855362,27,44,0.4473830418954462,0,0,17,11.654484717408195,5.351383465273744,0.8160712710866127,0,-0.03814631699669607,"","","",0,0,0,2.187673330307007,4.204064846038818,""
"org.axonframework.eventsourcing.eventstore.GlobalIndexPosition","GlobalIndexPosition","4:7311afa2-be91-4b9a-9570-8b642d06c6d1:10128","axon-eventsourcing-5.0.3",3,1,12,0.5,0.17574496862815753,0.18527092980088505,0.009525961172727526,0,41,1,0,0,6,10.413996392861009,5.056587312021293,0.2723259902584795,0,-0.06931622838194768,"","","",0,0,0,1.698264718055725,4.834768772125244,""
"org.axonframework.eventsourcing.eventstore.EventCoordinator$1","EventCoordinator$1","4:7311afa2-be91-4b9a-9570-8b642d06c6d1:10154","axon-eventsourcing-5.0.3",1,3,12,0.6666666666666666,0.19818460936748802,0.24921747781250458,0.05103286844501656,34.5,45,0.5619127604906361,0,0,25,16.824409583583474,8.092903064549901,0.6127923063415746,0,-0.04069725392407081,"","","",0,0,0,3.6519722938537598,4.971843719482422,""
"org.axonframework.eventsourcing.eventstore.inmemory.InMemoryEventStorageEngine$MapBackedSourcingEventMessageStream","InMemoryEventStorageEngine$MapBackedSourcingEventMessageStream","4:7311afa2-be91-4b9a-9570-8b642d06c6d1:10428","axon-eventsourcing-5.0.3",1,11,12,0.36363636363636365,0.15869959156711563,0.16024736731002273,0.0015477757429070982,67.91666666666667,-1,0,1,0,300,0,0,0,0,-0.01815533992230578,"","","",0,0,0,2.5289859771728516,3.5516481399536133,""
"org.axonframework.eventsourcing.eventstore.inmemory.InMemoryEventStorageEngine","InMemoryEventStorageEngine","4:7311afa2-be91-4b9a-9570-8b642d06c6d1:10429","axon-eventsourcing-5.0.3",5,22,12,0.16996047430830039,0.2582721391047655,0.28531891420875083,0.027046775103985343,267.8777777777778,-1,0,1,0,300,0,0,0,1,0.0015237756173367978,"nodeEmbeddingPCA_25","nodeEmbeddingPCA_21","nodeEmbeddingPCA_12",-0.10084444808221821,-0.05022793383135881,-0.038461435141142065,2.4877982139587402,3.73807692527771,""
"org.axonframework.eventsourcing.eventstore.inmemory.InMemoryEventStorageEngine$1","InMemoryEventStorageEngine$1","4:7311afa2-be91-4b9a-9570-8b642d06c6d1:10430","axon-eventsourcing-5.0.3",1,9,12,0.4166666666666667,0.15869959156711563,0.16024736731002273,0.0015477757429070982,0,44,0.5846174112516795,0,0,17,11.654484717408195,5.351383465273744,0.5377355654218026,0,-0.02702075159730777,"","","",0,0,0,2.151564359664917,4.070756435394287,""
"org.axonframework.eventsourcing.eventstore.inmemory.InMemoryEventStorageEngine$MapBackedStreamingEventMessageStream","InMemoryEventStorageEngine$MapBackedStreamingEventMessageStream","4:7311afa2-be91-4b9a-9570-8b642d06c6d1:10431","axon-eventsourcing-5.0.3",1,5,12,0.6,0.15869959156711563,0.16024736731002273,0.0015477757429070982,0.8333333333333333,-1,0,1,0,300,0,0,0,0,-0.018522265877890964,"","","",0,0,0,2.5629851818084717,3.555724620819092,""
"org.axonframework.eventsourcing.annotation.AnnotationBasedEventCriteriaResolver$WrappedEventCriteriaBuilderMethod","AnnotationBasedEventCriteriaResolver$WrappedEventCriteriaBuilderMethod","4:7311afa2-be91-4b9a-9570-8b642d06c6d1:10432","axon-eventsourcing-5.0.3",1,4,2,0.5,0.20444570831279546,0.22632694997240785,0.021881241659612388,0,29,1,0,0,5,10.830575994215906,5.498306433809921,0.3396979558347625,0,-0.06570934103469944,"","","",0,0,0,-1.5519778728485107,-2.089179039001465,""
"org.axonframework.eventsourcing.annotation.AnnotationBasedEventCriteriaResolver","AnnotationBasedEventCriteriaResolver","4:7311afa2-be91-4b9a-9570-8b642d06c6d1:10500","axon-eventsourcing-5.0.3",2,12,2,0.14102564102564102,0.20790680917192284,0.25306264384496757,0.04515583467304474,344.08333333333326,29,1,0,1,5,10.830575994215906,5.498306433809921,0,0,-0.05222084226446305,"","","",0,0,0,-1.4932738542556763,-2.0765297412872314,""
"org.axonframework.eventsourcing.eventstore.EventCoordinator","EventCoordinator","4:7311afa2-be91-4b9a-9570-8b642d06c6d1:10527","axon-eventsourcing-5.0.3",5,3,12,0.38095238095238093,0.22115756070184234,0.27236181362355316,0.051204252921710824,45.916666666666664,45,0.710995992139386,0,0,25,16.824409583583474,8.092903064549901,0.44091012406853575,0,-0.024435774991582726,"","","",0,0,0,3.465705633163452,5.037724018096924,""
"org.axonframework.eventsourcing.eventstore.EventCoordinator$Handle","EventCoordinator$Handle","4:7311afa2-be91-4b9a-9570-8b642d06c6d1:10528","axon-eventsourcing-5.0.3",6,1,12,0.38095238095238093,0.30553715330022,0.4888995470438011,0.1833623937435811,73.5,45,0.6551244089846372,0,0,25,16.824409583583474,8.092903064549901,0.35795253690320783,0,-0.038165973909570716,"","","",0,0,0,3.5193352699279785,4.97939920425415,""
"org.axonframework.eventsourcing.eventstore.ConsistencyMarkers$InfinityConsistencyMarker","ConsistencyMarkers$InfinityConsistencyMarker","4:7311afa2-be91-4b9a-9570-8b642d06c6d1:11451","axon-eventsourcing-5.0.3",2,2,12,0.3333333333333333,0.2802819953449653,0.5547797808388112,0.2744977854938459,5,44,1,0,0,17,11.654484717408195,5.351383465273744,0.29354092072570703,0,-0.05283948461184701,"","","",0,0,0,1.647570013999939,4.312141418457031,""
"org.axonframework.eventsourcing.eventstore.DefaultEventStoreTransaction","DefaultEventStoreTransaction","4:7311afa2-be91-4b9a-9570-8b642d06c6d1:11460","axon-eventsourcing-5.0.3",1,16,12,0.23529411764705882,0.15533629601158408,0.15572452144686302,0.0003882254352789438,3.1666666666666665,44,0.5552775367825474,0,0,17,11.654484717408195,5.351383465273744,0.5004887623660218,0,-0.04708906277927977,"","","",0,0,0,1.8734015226364136,4.1524786949157715,""
"org.axonframework.eventsourcing.eventstore.AggregateBasedConsistencyMarker$AggregateSequencer","AggregateBasedConsistencyMarker$AggregateSequencer","4:7311afa2-be91-4b9a-9570-8b642d06c6d1:11520","axon-eventsourcing-5.0.3",5,1,12,0.6,0.2518939898965571,0.3096619293939032,0.0577679394973461,1.5,45,0.6787456886735188,0,0,25,16.824409583583474,8.092903064549901,0.5273850304107232,0,-0.039205536174438615,"","","",0,0,0,2.7591395378112793,4.492050647735596,""
"org.axonframework.eventsourcing.eventstore.AggregateBasedConsistencyMarker","AggregateBasedConsistencyMarker","4:7311afa2-be91-4b9a-9570-8b642d06c6d1:11521","axon-eventsourcing-5.0.3",7,8,12,0.25274725274725274,0.39681318081637196,0.6026004084320895,0.20578722761571755,145.69444444444446,45,0.6787456886735188,0,0,25,16.824409583583474,8.092903064549901,0.5984239802348305,0,-0.02966142432377955,"","","",0,0,0,2.6599411964416504,4.444375514984131,""
"org.axonframework.eventsourcing.eventstore.AnnotationBasedTagResolver","AnnotationBasedTagResolver","4:7311afa2-be91-4b9a-9570-8b642d06c6d1:11522","axon-eventsourcing-5.0.3",1,7,12,0.14285714285714285,0.15561538485386014,0.15625909090909093,0.0006437060552307861,15.5,33,0.9629997800621979,0,0,11,9.489244509954005,5.4953660209112885,0.4327530687653929,0,-0.061015572013474295,"","","",0,0,0,-0.4126322567462921,4.864353656768799,""
"org.axonframework.eventsourcing.eventstore.InterceptingEventStore$InterceptingAppender","InterceptingEventStore$InterceptingAppender","4:7311afa2-be91-4b9a-9570-8b642d06c6d1:11523","axon-eventsourcing-5.0.3",2,7,0,0.5,0.1685402902368119,0.17185400220159366,0.0033137119647817515,13.990909090909092,-1,0,1,0,300,0,0,0,0,-0.06195813416292706,"","","",0,0,0,3.284428358078003,-1.28898024559021,""
"org.axonframework.eventsourcing.eventstore.ConsistencyMarkers$OriginConsistencyMarker","ConsistencyMarkers$OriginConsistencyMarker","4:7311afa2-be91-4b9a-9570-8b642d06c6d1:11524","axon-eventsourcing-5.0.3",2,2,12,0.3333333333333333,0.2802819953449653,0.5547797808388112,0.2744977854938459,3,44,1,0,0,17,11.654484717408195,5.351383465273744,0.3186802464733934,0,-0.05203872909573565,"","","",0,0,0,1.712472915649414,4.364891529083252,""
"org.axonframework.eventsourcing.eventstore.StartPosition","StartPosition","4:7311afa2-be91-4b9a-9570-8b642d06c6d1:11525","axon-eventsourcing-5.0.3",1,1,12,0,0.32674552835028703,3.84865767751738,3.5219121491670933,0,41,1,0,0,6,10.413996392861009,5.056587312021293,0.3979828150771546,0,-0.0353215076603578,"","","",0,0,0,1.6973284482955933,4.857818603515625,""
"org.axonframework.eventsourcing.eventstore.AggregateSequenceNumberPosition","AggregateSequenceNumberPosition","4:7311afa2-be91-4b9a-9570-8b642d06c6d1:11526","axon-eventsourcing-5.0.3",3,1,12,0.5,0.17683236008511616,0.19830512193177335,0.021472761846657196,0,41,1,0,0,6,10.413996392861009,5.056587312021293,0.6290571397157416,0,-0.06692465939265746,"","","",0,0,0,1.911015272140503,4.882572650909424,""
"org.axonframework.eventsourcing.eventstore.StorageEngineBackedEventStore","StorageEngineBackedEventStore","4:7311afa2-be91-4b9a-9570-8b642d06c6d1:11528","axon-eventsourcing-5.0.3",1,19,12,0.16842105263157894,0.1584230772807902,0.1593886363636364,0.0009655590828462068,12.833333333333332,-1,0,1,0,300,0,0,0,0,-0.05634390404344569,"","","",0,0,0,3.278475284576416,-1.5190529823303223,""
"org.axonframework.eventsourcing.eventstore.NoAppendCondition","NoAppendCondition","4:7311afa2-be91-4b9a-9570-8b642d06c6d1:11529","axon-eventsourcing-5.0.3",1,3,12,0.6666666666666666,0.1687519000660154,0.18545337603640505,0.01670147597038965,15.533333333333331,44,0.8743229873445321,0,0,17,11.654484717408195,5.351383465273744,0.3261811862608225,0,-0.04265886655598816,"","","",0,0,0,1.8605868816375732,4.27218770980835,""
"org.axonframework.eventsourcing.eventstore.EventStoreException","EventStoreException","4:7311afa2-be91-4b9a-9570-8b642d06c6d1:11530","axon-eventsourcing-5.0.3",1,1,7,0,0.1857448854648383,0.2315000538993876,0.0457551684345493,0,30,1,0,0,42,16.70573988201795,5.27537530291565,0.025217326853430682,0,-0.06909212703622969,"","","",0,0,0,-1.8600385189056396,4.333788871765137,""
"org.axonframework.eventsourcing.eventstore.AggregateBasedEventStorageEngineUtils","AggregateBasedEventStorageEngineUtils","4:7311afa2-be91-4b9a-9570-8b642d06c6d1:11531","axon-eventsourcing-5.0.3",3,5,12,0.39285714285714285,0.16413892093301716,0.16714175798466296,0.003002837051645807,16,44,0.45238602049685467,0,0,17,11.654484717408195,5.351383465273744,1,0,-0.05340220891549313,"","","",0,0,0,2.361851453781128,4.754276275634766,""
"org.axonframework.eventsourcing.eventstore.InterceptingEventStore","InterceptingEventStore","4:7311afa2-be91-4b9a-9570-8b642d06c6d1:11533","axon-eventsourcing-5.0.3",2,15,0,0.21666666666666667,0.1717037020653473,0.17620248591346951,0.0044987838481222175,72.06666666666665,-1,0,1,0,300,0,0,0,0,-0.051517336350438536,"","","",0,0,0,3.4875619411468506,-1.565427303314209,""
"org.axonframework.eventsourcing.eventstore.InterceptingEventStore$InterceptingEventStoreTransaction","InterceptingEventStore$InterceptingEventStoreTransaction","4:7311afa2-be91-4b9a-9570-8b642d06c6d1:11534","axon-eventsourcing-5.0.3",1,9,0,0.4444444444444444,0.15586105907186534,0.15641880414900594,0.0005577450771405978,7,-1,0,1,0,300,0,0,0,0,-0.03876594568415831,"","","",0,0,0,3.4160592555999756,-1.5163521766662598,""
"org.axonframework.eventsourcing.eventstore.TagResolver","TagResolver","4:7311afa2-be91-4b9a-9570-8b642d06c6d1:11535","axon-eventsourcing-5.0.3",7,2,12,0.3333333333333333,0.25166007351800757,0.2990650132111963,0.04740493969318871,85.83333333333334,33,0.5581622055268342,0,0,11,9.489244509954005,5.4953660209112885,0.9152414419996391,0,-0.057818680155066915,"","","",0,0,0,-0.23624460399150848,4.881430149078369,""
"org.axonframework.eventsourcing.eventstore.Position","Position","4:7311afa2-be91-4b9a-9570-8b642d06c6d1:11536","axon-eventsourcing-5.0.3",13,1,12,0.19230769230769232,0.6969991666025416,4.351715297037296,3.654716130434754,81,41,1,0,1,6,10.413996392861009,5.056587312021293,0,0,-0.015697684003477264,"","","",0,0,0,1.681634545326233,4.879825115203857,""
"org.axonframework.eventsourcing.eventstore.TooManyTagsOnEventMessageException","TooManyTagsOnEventMessageException","4:7311afa2-be91-4b9a-9570-8b642d06c6d1:11539","axon-eventsourcing-5.0.3",1,2,12,0.3333333333333333,0.16177169626950047,0.1649547861428395,0.00318308987333904,30,33,1,0,0,11,9.489244509954005,5.4953660209112885,0.7782455017277521,0,-0.049261289217282234,"","","",0,0,0,0.017243845388293266,4.9977126121521,""
"org.axonframework.eventsourcing.eventstore.EmptyAppendTransaction","EmptyAppendTransaction","4:7311afa2-be91-4b9a-9570-8b642d06c6d1:11540","axon-eventsourcing-5.0.3",3,2,12,0.6,0.15532247098438165,0.156273012795022,0.0009505418106403596,20.833333333333332,44,0.8193961589096147,0,0,17,11.654484717408195,5.351383465273744,0.46985862884935814,0,-0.06418141360753482,"","","",0,0,0,2.1230733394622803,4.387801170349121,""
"org.axonframework.eventsourcing.eventstore.DefaultAppendCondition","DefaultAppendCondition","4:7311afa2-be91-4b9a-9570-8b642d06c6d1:11541","axon-eventsourcing-5.0.3",1,3,12,0.6666666666666666,0.22500760026406147,0.2918135041456202,0.06680590388155871,0,44,0.8743229873445321,0,0,17,11.654484717408195,5.351383465273744,0.30702803816651614,0,-0.04121417763717372,"","","",0,0,0,1.8149991035461426,4.327709674835205,""
"org.axonframework.eventsourcing.eventstore.DefaultSourcingCondition","DefaultSourcingCondition","4:7311afa2-be91-4b9a-9570-8b642d06c6d1:11542","axon-eventsourcing-5.0.3",1,3,12,0.6666666666666666,0.18382933431079643,0.21187055471088187,0.028041220400085443,0,41,1,0,0,6,10.413996392861009,5.056587312021293,0.6139751708458868,0,-0.0630079138500294,"","","",0,0,0,1.6049065589904785,5.0320940017700195,""
"org.axonframework.eventsourcing.eventstore.AbstractConsistencyMarker","AbstractConsistencyMarker","4:7311afa2-be91-4b9a-9570-8b642d06c6d1:11566","axon-eventsourcing-5.0.3",2,1,12,0.6666666666666666,0.19364246703402,0.22307134296159062,0.029428875927570625,0,44,1,0,0,17,11.654484717408195,5.351383465273744,0.24522877774491864,0,-0.05107090837621786,"","","",0,0,0,1.7260723114013672,4.383236408233643,""
"org.axonframework.eventsourcing.eventstore.ContinuousMessageStream","ContinuousMessageStream","4:7311afa2-be91-4b9a-9570-8b642d06c6d1:11567","axon-eventsourcing-5.0.3",1,5,10,0.3333333333333333,0.15252624402900522,0.1530244499641294,0.0004982059351241741,0,-1,0,1,0,300,0,0,0,0,-0.06343608046649674,"","","",0,0,0,2.833709716796875,2.337695598602295,""
"org.axonframework.eventsourcing.eventstore.GenericTaggedEventMessage","GenericTaggedEventMessage","4:7311afa2-be91-4b9a-9570-8b642d06c6d1:11574","axon-eventsourcing-5.0.3",1,4,12,0.5,0.15355753067438938,0.15381634763124202,0.0002588169568526477,2,33,1,0,0,11,9.489244509954005,5.4953660209112885,0.5864453975261783,0,-0.058193754403243925,"","","",0,0,0,0.06452678143978119,4.9927544593811035,""
"org.axonframework.eventsourcing.eventstore.StreamSpliterator","StreamSpliterator","4:7311afa2-be91-4b9a-9570-8b642d06c6d1:11607","axon-eventsourcing-5.0.3",1,1,12,0,0.15126312201450265,0.1515122249820647,0.0002491029675620593,0,45,1,0,1,25,16.824409583583474,8.092903064549901,0,0,-0.05053742667053013,"","","",0,0,0,3.13175892829895,4.94870138168335,""
"org.axonframework.eventsourcing.eventstore.jpa.SQLErrorCodesResolver","SQLErrorCodesResolver","4:7311afa2-be91-4b9a-9570-8b642d06c6d1:12523","axon-eventsourcing-5.0.3",1,4,2,0.1,0.16075768706055202,0.16342105263157897,0.002663365571026949,5,-1,0,1,0,300,0,0,0,0,-0.05969513376261587,"","","",0,0,0,1.375913143157959,-3.6068003177642822,""
"org.axonframework.eventsourcing.eventstore.jpa.AggregateBasedJpaEventStorageEngine$1","AggregateBasedJpaEventStorageEngine$1","4:7311afa2-be91-4b9a-9570-8b642d06c6d1:12525","axon-eventsourcing-5.0.3",1,2,12,1,0.15189468302175393,0.15226833747309707,0.0003736544513431306,0,45,1,0,0,25,16.824409583583474,8.092903064549901,0.08268986299365827,0,-0.05342291930982079,"","","",0,0,0,3.1661837100982666,4.890960216522217,""
"org.axonframework.eventsourcing.eventstore.jpa.AggregateBasedJpaEventStorageEngine","AggregateBasedJpaEventStorageEngine","4:7311afa2-be91-4b9a-9570-8b642d06c6d1:12526","axon-eventsourcing-5.0.3",3,52,12,0.07474600870827286,0.19296342030448638,0.22683379387801847,0.03387037357353209,380.8206349206349,45,0.9062361972322659,0,0,25,16.824409583583474,8.092903064549901,0.20598322452298698,1,0.016242571540079853,"degree","outgoingDependencies","nodeEmbeddingPCA_2",-0.20301776394086973,-0.07772735504594984,-0.016621688327466116,3.247849941253662,5.047369003295898,""
"org.axonframework.eventsourcing.eventstore.jpa.JpaPollingEventCoordinator","JpaPollingEventCoordinator","4:7311afa2-be91-4b9a-9570-8b642d06c6d1:12527","axon-eventsourcing-5.0.3",2,5,12,0.3333333333333333,0.17395389575328285,0.19950853672670313,0.02555464097342028,7,45,0.4320650330507261,0,0,25,16.824409583583474,8.092903064549901,0.8108895319239164,0,-0.04665945845953884,"","","",0,0,0,3.8015992641448975,4.823520660400391,""
"org.axonframework.eventsourcing.eventstore.jpa.JpaPollingEventCoordinator$1","JpaPollingEventCoordinator$1","4:7311afa2-be91-4b9a-9570-8b642d06c6d1:12528","axon-eventsourcing-5.0.3",1,3,12,0.6666666666666666,0.17824648220768424,0.19624969398892508,0.01800321178124084,0,45,0.4320650330507261,0,0,25,16.824409583583474,8.092903064549901,0.7870696626244112,0,-0.05063686551243357,"","","",0,0,0,3.6117234230041504,4.781095504760742,""
"org.axonframework.eventsourcing.eventstore.jpa.AggregateBasedJpaEventStorageEngine$2","AggregateBasedJpaEventStorageEngine$2","4:7311afa2-be91-4b9a-9570-8b642d06c6d1:12529","axon-eventsourcing-5.0.3",1,6,12,0.5333333333333333,0.15189468302175393,0.15226833747309707,0.0003736544513431306,12,45,0.6787456886735188,0,0,25,16.824409583583474,8.092903064549901,0.3452096460629076,0,-0.051170016830501874,"","","",0,0,0,2.820160150527954,4.67281436920166,""
"org.axonframework.eventsourcing.eventstore.jpa.AggregateEventEntry","AggregateEventEntry","4:7311afa2-be91-4b9a-9570-8b642d06c6d1:12530","axon-eventsourcing-5.0.3",3,1,12,0.5,0.24219476080571023,0.285611250580209,0.043416489774498745,2,45,1,0,0,25,16.824409583583474,8.092903064549901,0.08193624904051962,0,-0.034615006803146775,"","","",0,0,0,3.2396347522735596,4.955329895019531,""
"org.axonframework.eventsourcing.eventstore.jpa.AggregateBasedJpaEventStorageEngine$AggregateSource","AggregateBasedJpaEventStorageEngine$AggregateSource","4:7311afa2-be91-4b9a-9570-8b642d06c6d1:12598","axon-eventsourcing-5.0.3",1,3,12,0.5,0.1550524880580104,0.15604889992825874,0.0009964118702483482,0,45,1,0,0,25,16.824409583583474,8.092903064549901,0.17496872467805932,0,-0.05759217701760222,"","","",0,0,0,3.0081920623779297,4.929004669189453,""
"org.axonframework.eventsourcing.eventstore.jpa.AggregateBasedJpaEventStorageEngine$TokenAndEvent","AggregateBasedJpaEventStorageEngine$TokenAndEvent","4:7311afa2-be91-4b9a-9570-8b642d06c6d1:12599","axon-eventsourcing-5.0.3",1,2,12,0.6666666666666666,0.15694717107976433,0.15831723740135575,0.0013700663215914233,5.5,45,1,0,0,25,16.824409583583474,8.092903064549901,0.1520141534824045,0,-0.013094400173565501,"","","",0,0,0,3.2406787872314453,5.023827075958252,""
"org.axonframework.eventsourcing.eventstore.jpa.GapAwareTrackingTokenOperations","GapAwareTrackingTokenOperations","4:7311afa2-be91-4b9a-9570-8b642d06c6d1:12600","axon-eventsourcing-5.0.3",1,4,12,0.5,0.15378936604350785,0.15453667494619405,0.0007473089026862056,2.5,45,0.5816770031051686,0,0,25,16.824409583583474,8.092903064549901,0.47874463353778807,0,-0.02752106107759844,"","","",0,0,0,3.075258255004883,5.161687850952148,""
"org.axonframework.eventsourcing.eventstore.jpa.AggregateBasedJpaEventStorageEngineConfiguration","AggregateBasedJpaEventStorageEngineConfiguration","4:7311afa2-be91-4b9a-9570-8b642d06c6d1:12601","axon-eventsourcing-5.0.3",2,4,12,0.4,0.1864085492497182,0.19344193252330696,0.007033383273588767,2,45,0.710995992139386,0,0,25,16.824409583583474,8.092903064549901,0.2976975776979337,0,-0.011459556984768748,"","","",0,0,0,3.4207749366760254,5.049405097961426,""
"org.axonframework.eventsourcing.configuration.EventSourcedEntityModule$EntityFactoryPhase","EventSourcedEntityModule$EntityFactoryPhase","4:7311afa2-be91-4b9a-9570-8b642d06c6d1:12926","axon-eventsourcing-5.0.3",4,3,4,0.6190476190476191,0.21039788987719377,0.30335057796662923,0.09295268808943546,185.9166666666667,71,1,0,0,22,10.202633794397116,6.945587749450087,0.7276509922307018,0,-0.0367110788736974,"","","",0,0,0,-1.788357138633728,-5.3517746925354,""
"org.axonframework.eventsourcing.configuration.EventSourcedEntityModule$MessagingModelPhase","EventSourcedEntityModule$MessagingModelPhase","4:7311afa2-be91-4b9a-9570-8b642d06c6d1:12927","axon-eventsourcing-5.0.3",3,2,4,0.6,0.18014744028908264,0.20654428728873434,0.026396846999651696,84,71,1,0,0,22,10.202633794397116,6.945587749450087,0.7603543336108001,0,-0.03495178953125827,"","","",0,0,0,-1.8146758079528809,-5.323766231536865,""
"org.axonframework.eventsourcing.configuration.AnnotatedEventSourcedEntityModule","AnnotatedEventSourcedEntityModule","4:7311afa2-be91-4b9a-9570-8b642d06c6d1:12928","axon-eventsourcing-5.0.3",1,25,4,0.11333333333333333,0.1727102533087199,0.19625330705205268,0.023543053743332792,1104,75,1,0,0,6,6.684130309615284,4.743204436691788,0.7618670781527952,0,-0.04777953961873799,"","","",0,0,0,-1.513246774673462,-3.369061231613159,""
"org.axonframework.eventsourcing.configuration.SimpleEventSourcedEntityModule$1","SimpleEventSourcedEntityModule$1","4:7311afa2-be91-4b9a-9570-8b642d06c6d1:12930","axon-eventsourcing-5.0.3",1,3,4,0.3333333333333333,0.15555999018980327,0.15867369028011813,0.0031137000903148637,21,71,1,0,0,22,10.202633794397116,6.945587749450087,0.5106638743378954,0,-0.07871528925860943,"","","",0,0,0,-1.782555341720581,-5.543585300445557,""
"org.axonframework.eventsourcing.configuration.SimpleEventSourcedEntityModule$2","SimpleEventSourcedEntityModule$2","4:7311afa2-be91-4b9a-9570-8b642d06c6d1:12932","axon-eventsourcing-5.0.3",1,3,4,0.3333333333333333,0.15555999018980327,0.15867369028011813,0.0031137000903148637,10.375,71,1,0,0,22,10.202633794397116,6.945587749450087,0.5983920815015425,0,-0.08207609472706223,"","","",0,0,0,-1.8405578136444092,-5.565268516540527,""
"org.axonframework.eventsourcing.configuration.SimpleEventSourcedEntityModule$4","SimpleEventSourcedEntityModule$4","4:7311afa2-be91-4b9a-9570-8b642d06c6d1:12933","axon-eventsourcing-5.0.3",1,3,4,0.3333333333333333,0.15555999018980327,0.15867369028011813,0.0031137000903148637,3.5,71,1,0,0,22,10.202633794397116,6.945587749450087,0.7031900514068897,0,-0.0741661310023744,"","","",0,0,0,-1.9627410173416138,-5.525786876678467,""
"org.axonframework.eventsourcing.configuration.SimpleEventSourcedEntityModule$5","SimpleEventSourcedEntityModule$5","4:7311afa2-be91-4b9a-9570-8b642d06c6d1:12934","axon-eventsourcing-5.0.3",1,3,4,0.3333333333333333,0.15555999018980327,0.15867369028011813,0.0031137000903148637,18.5,71,1,0,0,22,10.202633794397116,6.945587749450087,0.6677779410447579,0,-0.07509584518451434,"","","",0,0,0,-1.8245115280151367,-5.597982406616211,""
"org.axonframework.eventsourcing.configuration.EventSourcingConfigurationDefaults","EventSourcingConfigurationDefaults","4:7311afa2-be91-4b9a-9570-8b642d06c6d1:12955","axon-eventsourcing-5.0.3",1,13,0,0.18681318681318682,0.15427107203866508,0.15463636363636366,0.0003652915976985749,38.416666666666664,-1,0,1,0,300,0,0,0,0,-0.06773035747077605,"","","",0,0,0,-1.5536611080169678,-4.244833469390869,""
"org.axonframework.eventsourcing.configuration.SimpleEventSourcedEntityModule","SimpleEventSourcedEntityModule","4:7311afa2-be91-4b9a-9570-8b642d06c6d1:13026","axon-eventsourcing-5.0.3",6,32,4,0.09475806451612903,0.30896977186279423,0.4659983434572505,0.15702857159445627,1637.2083333333333,71,0.985693659587066,0,0,22,10.202633794397116,6.945587749450087,0.5628703498167487,0,-0.0293080047917047,"","","",0,0,0,-1.6848679780960083,-5.495156288146973,""
"org.axonframework.eventsourcing.configuration.EventSourcedEntityModule","EventSourcedEntityModule","4:7311afa2-be91-4b9a-9570-8b642d06c6d1:13042","axon-eventsourcing-5.0.3",3,7,4,0.5238095238095238,0.19643009074324588,0.2720783372890976,0.0756482465458517,1343,71,1,0,0,22,10.202633794397116,6.945587749450087,0.7058069758321798,0,-0.027349466930539634,"","","",0,0,0,-1.7863242626190186,-5.253897190093994,""
"org.axonframework.eventsourcing.configuration.EventSourcedEntityModule$EntityIdResolverPhase","EventSourcedEntityModule$EntityIdResolverPhase","4:7311afa2-be91-4b9a-9570-8b642d06c6d1:13043","axon-eventsourcing-5.0.3",4,4,4,0.47619047619047616,0.2120010210609101,0.3202828012581817,0.10828178019727161,662.3750000000002,71,1,0,0,22,10.202633794397116,6.945587749450087,0.6869273265786414,0,-0.041015073952050785,"","","",0,0,0,-1.8726530075073242,-5.2827959060668945,""
"org.axonframework.eventsourcing.configuration.EventSourcedEntityModule$CriteriaResolverPhase","EventSourcedEntityModule$CriteriaResolverPhase","4:7311afa2-be91-4b9a-9570-8b642d06c6d1:13044","axon-eventsourcing-5.0.3",4,3,4,0.6666666666666666,0.21173907423210295,0.3152328542646821,0.10349378003257917,506.9166666666666,71,1,0,0,22,10.202633794397116,6.945587749450087,0.7052790849293908,0,-0.029336469745590177,"","","",0,0,0,-1.804779291152954,-5.322988033294678,""
"org.axonframework.eventsourcing.configuration.SimpleEventSourcedEntityModule$3","SimpleEventSourcedEntityModule$3","4:7311afa2-be91-4b9a-9570-8b642d06c6d1:13045","axon-eventsourcing-5.0.3",1,3,4,0.3333333333333333,0.15555999018980327,0.15867369028011813,0.0031137000903148637,12,71,0.9411041782055415,0,0,22,10.202633794397116,6.945587749450087,0.9580826754093833,0,-0.0552826815059691,"","","",0,0,0,-1.6131938695907593,-5.726122856140137,""
"org.axonframework.conversion.jackson2.Jackson2Converter","Jackson2Converter","4:7311afa2-be91-4b9a-9570-8b642d06c6d1:13854","axon-conversion-5.0.3",1,9,18,0.17777777777777778,0.1549259440945783,0.1570496238374994,0.002123679742921103,37.46666666666667,8,0.2765650996320011,0,0,14,5.496751458384097,2.7885921789566055,0.7877053722858672,0,-0.05608470389913173,"","","",0,0,0,3.748218297958374,13.671036720275879,""
"org.axonframework.conversion.jackson2.JsonNodeToByteArrayConverter","JsonNodeToByteArrayConverter","4:7311afa2-be91-4b9a-9570-8b642d06c6d1:13855","axon-conversion-5.0.3",1,2,18,0.3333333333333333,0.15758915722686762,0.15889947820854744,0.0013103209816798245,1.45,8,1,0,0,14,5.496751458384097,2.7885921789566055,0.16685024496594858,0,-0.052974775249976624,"","","",0,0,0,3.6142196655273438,13.779681205749512,""
"org.axonframework.conversion.jackson2.ByteArrayToJsonNodeConverter","ByteArrayToJsonNodeConverter","4:7311afa2-be91-4b9a-9570-8b642d06c6d1:13856","axon-conversion-5.0.3",1,2,18,0.3333333333333333,0.15758915722686762,0.15889947820854744,0.0013103209816798245,1.45,8,1,0,0,14,5.496751458384097,2.7885921789566055,0.16685024496594858,0,-0.052974775249976624,"","","",0,0,0,3.544557571411133,13.69242000579834,""
"org.axonframework.conversion.jackson2.JsonNodeToObjectNodeConverter","JsonNodeToObjectNodeConverter","4:7311afa2-be91-4b9a-9570-8b642d06c6d1:13857","axon-conversion-5.0.3",1,2,18,0.3333333333333333,0.15758915722686762,0.15889947820854744,0.0013103209816798245,1.45,8,1,0,0,14,5.496751458384097,2.7885921789566055,0.16685024496594858,0,-0.052974775249976624,"","","",0,0,0,3.624833345413208,13.765509605407715,""
"org.axonframework.conversion.jackson2.ObjectNodeToJsonNodeConverter","ObjectNodeToJsonNodeConverter","4:7311afa2-be91-4b9a-9570-8b642d06c6d1:13858","axon-conversion-5.0.3",1,1,18,0,0.15758915722686762,0.15889947820854744,0.0013103209816798245,1.45,8,0.18139826813081059,0,0,14,5.496751458384097,2.7885921789566055,0.9407685538904542,0,-0.050334420886668174,"","","",0,0,0,3.7655720710754395,13.588865280151367,""
"org.axonframework.conversion.avro.DefaultSchemaIncompatibilityChecker","DefaultSchemaIncompatibilityChecker","4:7311afa2-be91-4b9a-9570-8b642d06c6d1:13860","axon-conversion-5.0.3",1,2,18,0.6666666666666666,0.16138444000844845,0.16420199054415258,0.002817550535704122,14,7,1,0,0,10,5.722511440515518,3.1239063591114244,0.5767531829806181,0,-0.008327806261644477,"","","",0,0,0,3.706932306289673,14.71703815460205,""
"org.axonframework.conversion.ChainedConverter$RouteCalculator","ChainedConverter$RouteCalculator","4:7311afa2-be91-4b9a-9570-8b642d06c6d1:13861","axon-conversion-5.0.3",1,2,18,1,0.1689334247571406,0.17328193992721172,0.004348515170071121,2,9,0.6822014638121499,0,0,7,3.958832207310479,1.7872533907398716,1,0,-0.03720410732934343,"","","",0,0,0,4.12757682800293,13.307360649108887,""
"org.axonframework.conversion.ChainedConverter$Route","ChainedConverter$Route","4:7311afa2-be91-4b9a-9570-8b642d06c6d1:13862","axon-conversion-5.0.3",2,2,18,0.6666666666666666,0.2400951647615279,0.26565455423749545,0.02555938947596756,2,9,0.6822014638121499,0,0,7,3.958832207310479,1.7872533907398716,0.9860060588994944,0,-0.046589117791020596,"","","",0,0,0,4.090684413909912,13.34631061553955,""
"org.axonframework.conversion.jackson.JsonNodeToByteArrayConverter","JsonNodeToByteArrayConverter","4:7311afa2-be91-4b9a-9570-8b642d06c6d1:13863","axon-conversion-5.0.3",1,2,18,0.3333333333333333,0.15839697989577198,0.16010593995213931,0.0017089600563673368,2.25,8,1,0,1,14,5.496751458384097,2.7885921789566055,0,0,-0.04859859230264535,"","","",0,0,0,3.567756175994873,13.783853530883789,""
"org.axonframework.conversion.jackson.ObjectNodeToJsonNodeConverter","ObjectNodeToJsonNodeConverter","4:7311afa2-be91-4b9a-9570-8b642d06c6d1:13864","axon-conversion-5.0.3",1,1,18,0,0.15839697989577198,0.16010593995213931,0.0017089600563673368,2.25,8,0.18139826813081059,0,0,14,5.496751458384097,2.7885921789566055,1,0,-0.04722784062302038,"","","",0,0,0,3.848733901977539,13.552370071411133,""
"org.axonframework.conversion.jackson.JsonNodeToObjectNodeConverter","JsonNodeToObjectNodeConverter","4:7311afa2-be91-4b9a-9570-8b642d06c6d1:13865","axon-conversion-5.0.3",1,2,18,0.3333333333333333,0.15839697989577198,0.16010593995213931,0.0017089600563673368,2.25,8,1,0,0,14,5.496751458384097,2.7885921789566055,0,0,-0.04859859230264535,"","","",0,0,0,3.657721519470215,13.751237869262695,""
"org.axonframework.conversion.jackson.ByteArrayToJsonNodeConverter","ByteArrayToJsonNodeConverter","4:7311afa2-be91-4b9a-9570-8b642d06c6d1:13866","axon-conversion-5.0.3",1,2,18,0.3333333333333333,0.15839697989577198,0.16010593995213931,0.0017089600563673368,2.25,8,1,0,0,14,5.496751458384097,2.7885921789566055,0,0,-0.04859859230264535,"","","",0,0,0,3.604468822479248,13.679834365844727,""
"org.axonframework.conversion.jackson.JacksonConverter","JacksonConverter","4:7311afa2-be91-4b9a-9570-8b642d06c6d1:13867","axon-conversion-5.0.3",3,9,18,0.13636363636363635,0.17141683778050945,0.17834013445591923,0.006923296675409779,105.8095238095238,8,0.2765650996320011,0,0,14,5.496751458384097,2.7885921789566055,0.9257909474852019,0,-0.04609110539249872,"","","",0,0,0,3.737459421157837,13.65462589263916,""
"org.axonframework.conversion.ChainingContentTypeConverter","ChainingContentTypeConverter","4:7311afa2-be91-4b9a-9570-8b642d06c6d1:13868","axon-conversion-5.0.3",4,5,18,0.4166666666666667,0.309253516654607,0.3420204924886312,0.032766975834024215,55,8,0.2910268294251397,0,0,14,5.496751458384097,2.7885921789566055,0.5733156812226728,0,-0.04433339862490476,"","","",0,0,0,3.720646619796753,13.678092002868652,""
"org.axonframework.conversion.avro.SchemaIncompatibilityChecker","SchemaIncompatibilityChecker","4:7311afa2-be91-4b9a-9570-8b642d06c6d1:14111","axon-conversion-5.0.3",3,1,18,0.5,0.22826207361695205,0.27638580654001327,0.04812373292306121,0,7,1,0,0,10,5.722511440515518,3.1239063591114244,0.4996795841743001,0,-0.02673331678691382,"","","",0,0,0,3.663325786590576,14.759492874145508,""
"org.axonframework.conversion.ConversionException","ConversionException","4:7311afa2-be91-4b9a-9570-8b642d06c6d1:14581","axon-conversion-5.0.3",20,1,18,0.07142857142857142,0.815588264391853,1.654097856329134,0.838509591937281,98.33333333333333,7,0.7065813974022224,0,0,10,5.722511440515518,3.1239063591114244,0.8583740618841045,1,0.0012828399586844452,"articleRank","pageRank","incomingDependencies",-0.2865462858977927,-0.14658166676533288,-0.05583145805615101,3.7321605682373047,14.40390396118164,""
"org.axonframework.conversion.ChainedConverter","ChainedConverter","4:7311afa2-be91-4b9a-9570-8b642d06c6d1:14585","axon-conversion-5.0.3",1,5,18,0.4,0.17654850638700376,0.18488609023384042,0.008337583846836666,43,9,1,0,0,7,3.958832207310479,1.7872533907398716,0.5205765959993831,0,-0.03233969723372787,"","","",0,0,0,4.158478736877441,13.283280372619629,""
"org.axonframework.conversion.Converter","Converter","4:7311afa2-be91-4b9a-9570-8b642d06c6d1:14738","axon-conversion-5.0.3",40,1,1,0.10853658536585366,4.536010027941137,10.722356401285492,6.186346373344355,751.3888888888891,57,0.23618534491528628,0,0,21,8.8680087600369,3.413620540356663,1,1,0.04883620350171308,"articleRank","pageRank","incomingDependencies",-0.29282875274903564,-0.1913220948909766,-0.13621709625922884,-5.2916975021362305,2.2582247257232666,""
"org.axonframework.conversion.avro.AvroUtil","AvroUtil","4:7311afa2-be91-4b9a-9570-8b642d06c6d1:15263","axon-conversion-5.0.3",5,1,18,0.3333333333333333,0.3229332272399669,0.5688591666826305,0.24592593944266355,9,7,0.6602451344105768,0,0,10,5.722511440515518,3.1239063591114244,0.788247859939088,0,-0.01686959650409814,"","","",0,0,0,3.7320733070373535,14.642524719238281,""
"org.axonframework.conversion.avro.ByteArrayToGenericRecordConverter","ByteArrayToGenericRecordConverter","4:7311afa2-be91-4b9a-9570-8b642d06c6d1:15264","axon-conversion-5.0.3",1,3,18,0.3333333333333333,0.15357340215572682,0.1538693383515424,0.0002959361958155826,9.2,7,0.7065813974022224,0,0,10,5.722511440515518,3.1239063591114244,1,0,-0.038912200811930586,"","","",0,0,0,3.7887461185455322,14.5052490234375,""
"org.axonframework.conversion.avro.AvroConverter","AvroConverter","4:7311afa2-be91-4b9a-9570-8b642d06c6d1:15265","axon-conversion-5.0.3",1,10,18,0.2727272727272727,0.1549259440945783,0.1570496238374994,0.002123679742921103,42.11666666666667,7,0.9335457952251626,0,0,10,5.722511440515518,3.1239063591114244,0.6115514959359739,0,-0.03146263890977846,"","","",0,0,0,3.7185428142547607,14.660917282104492,""
"org.axonframework.conversion.avro.SpecificRecordBaseConverterStrategy","SpecificRecordBaseConverterStrategy","4:7311afa2-be91-4b9a-9570-8b642d06c6d1:15266","axon-conversion-5.0.3",1,7,18,0.25,0.15357340215572682,0.1538693383515424,0.0002959361958155826,22.25,7,1,0,0,10,5.722511440515518,3.1239063591114244,0.3878539680438291,0,-0.03150176716552755,"","","",0,0,0,3.6727776527404785,14.767629623413086,""
"org.axonframework.conversion.avro.AvroConverterConfiguration","AvroConverterConfiguration","4:7311afa2-be91-4b9a-9570-8b642d06c6d1:15275","axon-conversion-5.0.3",2,4,18,0.4,0.17882932907622828,0.18379046586550327,0.004961136789274984,16,7,1,0,1,10,5.722511440515518,3.1239063591114244,0,0,-0.01744480168003526,"","","",0,0,0,3.6356875896453857,14.731520652770996,""
"org.axonframework.conversion.avro.AvroConverterStrategy","AvroConverterStrategy","4:7311afa2-be91-4b9a-9570-8b642d06c6d1:15277","axon-conversion-5.0.3",4,2,18,0.4666666666666667,0.22099046592602312,0.2335323120877511,0.012541846161727987,10.333333333333334,7,1,0,0,10,5.722511440515518,3.1239063591114244,0.3552821611971872,0,-0.03518231622943474,"","","",0,0,0,3.7418391704559326,14.655516624450684,""
"org.axonframework.messaging.monitoring.MessageMonitor$MonitorCallback","MessageMonitor$MonitorCallback","4:7311afa2-be91-4b9a-9570-8b642d06c6d1:15731","axon-messaging-5.0.3",21,1,3,0.09090909090909091,0.7272100388736441,1.2770845056107667,0.5498744667371226,164.75,-1,0,1,0,300,0,0,0,0,-0.0009310333064879717,"","","",0,0,0,1.4188421964645386,-5.067657947540283,""
"org.axonframework.messaging.commandhandling.CommandResultMessage","CommandResultMessage","4:7311afa2-be91-4b9a-9570-8b642d06c6d1:15737","axon-messaging-5.0.3",37,4,1,0.09024390243902439,0.8002788151507025,2.40910987490657,1.6088310597558673,638.0333333333332,36,0.270623852956756,0,0,43,19.02907472930383,7.522212339586816,0.6584953876799312,1,0.005443160661795621,"articleRank","pageRank","degree",-0.19136039687581333,-0.18295027018650542,-0.13091468988593383,-0.07437922060489655,-0.5646106004714966,""
"org.axonframework.messaging.core.Message","Message","4:7311afa2-be91-4b9a-9570-8b642d06c6d1:15738","axon-messaging-5.0.3",229,6,1,0.030696490270958356,8.97834292859985,18.990384377853413,10.012041449253562,9922.418001443004,-1,0,1,0,300,0,0,0,1,0.08577386406303483,"articleRank","pageRank","incomingDependencies",-0.2741529671418011,-0.18620604925992412,-0.13239763241998248,2.497443675994873,-4.975354194641113,""
"org.axonframework.messaging.core.MessageHandlerInterceptor","MessageHandlerInterceptor","4:7311afa2-be91-4b9a-9570-8b642d06c6d1:15744","axon-messaging-5.0.3",34,4,4,0.1678520625889047,0.5522163134063152,0.7126901390926405,0.1604738256863253,1034.1880841380842,-1,0,1,0,300,0,0,0,0,-0.015924440237647275,"","","",0,0,0,-3.2525241374969482,-3.6169235706329346,""
"org.axonframework.messaging.eventhandling.EventMessage","EventMessage","4:7311afa2-be91-4b9a-9570-8b642d06c6d1:15745","axon-messaging-5.0.3",133,3,0,0.027886710239651415,2.8155684917134614,5.253871730923538,2.4383032392100765,1760.294841269841,-1,0,1,0,300,0,0,0,1,0.06086921817098084,"articleRank","pageRank","incomingDependencies",-0.27907541566395616,-0.18424621914279157,-0.1349832329110778,2.7665209770202637,-1.4301315546035767,""
"org.axonframework.messaging.core.unitofwork.ProcessingLifecycle$ErrorHandler","ProcessingLifecycle$ErrorHandler","4:7311afa2-be91-4b9a-9570-8b642d06c6d1:15746","axon-messaging-5.0.3",14,2,3,0.2916666666666667,0.2917616937646654,0.4240715902619319,0.13230989649726654,485.2833333333332,61,1,0,0,6,4.4158117808401585,2.6171556922684736,0.8653635366696801,0,-0.03293201077532093,"","","",0,0,0,4.262726783752441,-2.811227798461914,""
"org.axonframework.messaging.monitoring.MessageMonitor","MessageMonitor","4:7311afa2-be91-4b9a-9570-8b642d06c6d1:15785","axon-messaging-5.0.3",26,2,4,0.15079365079365079,0.5422973259915619,0.7454078858145022,0.20311055982294035,244,-1,0,1,0,300,0,0,0,0,-0.006366428516116018,"","","",0,0,0,0.1235373467206955,-4.849907398223877,""
"org.axonframework.messaging.monitoring.interception.MonitoringEventHandlerInterceptor","MonitoringEventHandlerInterceptor","4:7311afa2-be91-4b9a-9570-8b642d06c6d1:15790","axon-messaging-5.0.3",1,10,3,0.2727272727272727,0.15080726253080087,0.1508198341493415,1.2571618540624385e-05,4.247252747252747,49,1,0,0,7,8.77731696749106,4.524114189004259,0.2326672560412793,0,-0.08108056568466793,"","","",0,0,0,2.1649324893951416,-2.1421074867248535,""
"org.axonframework.messaging.commandhandling.CommandBus","CommandBus","4:7311afa2-be91-4b9a-9570-8b642d06c6d1:16567","axon-messaging-5.0.3",21,5,4,0.15692307692307692,0.3819888666935652,0.4451846591232278,0.06319579242966261,343.0761904761905,-1,0,1,0,300,0,0,0,0,-0.04474963205728022,"","","",0,0,0,-0.7566471099853516,-2.065012216567993,""
"org.axonframework.messaging.commandhandling.distributed.CommandBusConnector","CommandBusConnector","4:7311afa2-be91-4b9a-9570-8b642d06c6d1:16569","axon-messaging-5.0.3",6,7,14,0.358974358974359,0.26092726254264464,0.28702331382107243,0.02609605127842779,41.03333333333333,40,0.15376467645985395,0,0,37,22.549057819880545,10.374159360337512,0.44256546720383033,0,-0.048958689270915234,"","","",0,0,0,0.3046642541885376,2.1060571670532227,""
"org.axonframework.messaging.core.QualifiedName","QualifiedName","4:7311afa2-be91-4b9a-9570-8b642d06c6d1:16571","axon-messaging-5.0.3",69,3,8,0.05868544600938967,2.1155104769107025,4.093587432020518,1.9780769551098158,4806.0143366437505,-1,0,1,0,300,0,0,0,1,0.05634273055506284,"articleRank","pageRank","incomingDependencies",-0.27010414130282484,-0.17692898227371592,-0.13448107282325983,0.5264946818351746,-1.7918609380722046,""
"org.axonframework.messaging.commandhandling.CommandHandler","CommandHandler","4:7311afa2-be91-4b9a-9570-8b642d06c6d1:16572","axon-messaging-5.0.3",23,5,5,0.21693121693121692,0.5454982294295053,0.8018157817879229,0.2563175523584176,881.2476190476191,72,0.6718050165219751,0,0,18,16.199547267518938,7.616832914522901,0.5981319142764387,0,-0.009822382954851827,"","","",0,0,0,0.5152781009674072,-1.6103935241699219,""
"org.axonframework.messaging.commandhandling.CommandHandlerRegistry","CommandHandlerRegistry","4:7311afa2-be91-4b9a-9570-8b642d06c6d1:16575","axon-messaging-5.0.3",9,3,5,0.3939393939393939,0.21549426081447018,0.2636291220336271,0.048134861219156916,300.00000000000006,72,0.6718050165219751,0,0,18,16.199547267518938,7.616832914522901,0.7576543183919903,0,-0.02193240795638296,"","","",0,0,0,0.4247523546218872,-1.5740097761154175,""
"org.axonframework.messaging.commandhandling.distributed.CommandBusConnector$ResultCallback","CommandBusConnector$ResultCallback","4:7311afa2-be91-4b9a-9570-8b642d06c6d1:16578","axon-messaging-5.0.3",7,1,14,0.5,0.336539399104039,0.49684699597153065,0.16030759686749163,3.033333333333333,40,0.11100376791682652,0,0,37,22.549057819880545,10.374159360337512,0.9392365403286602,0,-0.001390328580638145,"","","",0,0,0,0.15131157636642456,1.6178998947143555,""
"org.axonframework.messaging.commandhandling.distributed.PayloadConvertingCommandBusConnector","PayloadConvertingCommandBusConnector","4:7311afa2-be91-4b9a-9570-8b642d06c6d1:16579","axon-messaging-5.0.3",2,10,14,0.32727272727272727,0.18279158787404845,0.19405538622535412,0.01126379835130567,73.8,40,0.11344530084098432,0,0,37,22.549057819880545,10.374159360337512,0.7006382626848382,0,-0.02607133619296581,"","","",0,0,0,0.18287530541419983,1.7783701419830322,""
"org.axonframework.messaging.core.unitofwork.ProcessingContext","ProcessingContext","4:7311afa2-be91-4b9a-9570-8b642d06c6d1:16591","axon-messaging-5.0.3",227,5,3,0.02202392253654832,7.180607352629666,16.83643029801338,9.655822945383713,6810.24422799423,59,0.8941622473592534,0,0,12,10.168472100514919,6.213656079577049,0.6489232809148611,1,0.07916122529670472,"articleRank","pageRank","incomingDependencies",-0.2714709214757925,-0.18522385895565088,-0.13895718665447487,3.5032804012298584,-2.456256866455078,""
"org.axonframework.messaging.core.MessageHandlerInterceptorChain","MessageHandlerInterceptorChain","4:7311afa2-be91-4b9a-9570-8b642d06c6d1:16592","axon-messaging-5.0.3",19,3,3,0.3333333333333333,0.39042618396073214,0.5217289943345139,0.13130281037378178,305.33333333333326,-1,0,1,0,300,0,0,0,0,-0.05447308758672842,"","","",0,0,0,1.8163177967071533,-1.7166478633880615,""
"org.axonframework.messaging.core.MessageStream","MessageStream","4:7311afa2-be91-4b9a-9570-8b642d06c6d1:16593","axon-messaging-5.0.3",134,21,10,0.0467104577207799,3.419016665191458,5.476201486692345,2.0571848215008868,10120.975559734383,68,0.2603724802702802,0,0,33,11.052003972930834,5.033094011850401,0.5287559768576712,1,0.05929567592244206,"articleRank","pageRank","incomingDependencies",-0.26922580656976963,-0.18224668432044908,-0.14446623341871973,2.740020990371704,1.656680941581726,""
"org.axonframework.messaging.queryhandling.QueryMessage","QueryMessage","4:7311afa2-be91-4b9a-9570-8b642d06c6d1:16594","axon-messaging-5.0.3",45,3,8,0.07446808510638298,1.0421247036033547,1.5651570132968353,0.5230323096934806,291.3,-1,0,1,0,300,0,0,0,0,-0.01219437296185294,"","","",0,0,0,1.239882469177246,0.6957034468650818,""
"org.axonframework.messaging.core.MessageDispatchInterceptor","MessageDispatchInterceptor","4:7311afa2-be91-4b9a-9570-8b642d06c6d1:16595","axon-messaging-5.0.3",31,4,4,0.17647058823529413,0.5100035969340727,0.6744316602231871,0.1644280632891144,1032.080835830836,76,0.4510148073142217,0,0,9,5.475278093479574,2.7900396964461027,1,0,-0.004097606414087074,"","","",0,0,0,-5.033114433288574,-4.132702827453613,""
"org.axonframework.messaging.queryhandling.SubscriptionQueryUpdateMessage","SubscriptionQueryUpdateMessage","4:7311afa2-be91-4b9a-9570-8b642d06c6d1:16596","axon-messaging-5.0.3",24,5,8,0.1330049261083744,0.5157273849268552,0.9250471838840578,0.4093197989572026,240.47500000000002,-1,0,1,0,300,0,0,0,0,-0.029472708032904082,"","","",0,0,0,1.002537488937378,0.49799954891204834,""
"org.axonframework.messaging.core.MessageDispatchInterceptorChain","MessageDispatchInterceptorChain","4:7311afa2-be91-4b9a-9570-8b642d06c6d1:16597","axon-messaging-5.0.3",9,3,4,0.5757575757575758,0.28030745245374555,0.39183560146968155,0.111528149015936,92,76,0.3338548888331695,0,0,9,5.475278093479574,2.7900396964461027,0.8643262600586007,0,-0.05723845239880032,"","","",0,0,0,-5.162703037261963,-4.2427191734313965,""
"org.axonframework.messaging.commandhandling.CommandMessage","CommandMessage","4:7311afa2-be91-4b9a-9570-8b642d06c6d1:16599","axon-messaging-5.0.3",74,3,5,0.05331510594668489,1.798833057783694,3.4600005146316435,1.6611674568479495,755.0607142857143,36,0.5472259544253704,0,0,43,19.02907472930383,7.522212339586816,0.3554558522712523,1,0.025784601736873747,"articleRank","pageRank","incomingDependencies",-0.28414411611099205,-0.18110419331867159,-0.14574337764952988,-0.08025766164064407,-1.3799538612365723,""
"org.axonframework.messaging.commandhandling.distributed.DistributedCommandBusConfiguration","DistributedCommandBusConfiguration","4:7311afa2-be91-4b9a-9570-8b642d06c6d1:16810","axon-messaging-5.0.3",3,3,14,0.13333333333333333,0.190472010093327,0.1970632211194004,0.006591211026073379,17,-1,0,1,0,300,0,0,0,0,-0.07388564942974157,"","","",0,0,0,0.7501304745674133,2.2601230144500732,""
"org.axonframework.messaging.commandhandling.distributed.DistributedCommandBus","DistributedCommandBus","4:7311afa2-be91-4b9a-9570-8b642d06c6d1:16814","axon-messaging-5.0.3",2,14,14,0.21904761904761905,0.19140352885042156,0.19664867149788237,0.005245142647460815,63.5,40,0.11100376791682652,0,0,37,22.549057819880545,10.374159360337512,0.9420713792629712,0,-0.022160077713733406,"","","",0,0,0,0.16967546939849854,1.421510100364685,""
"org.axonframework.messaging.commandhandling.distributed.DistributedCommandBus$DistributedHandler","DistributedCommandBus$DistributedHandler","4:7311afa2-be91-4b9a-9570-8b642d06c6d1:16815","axon-messaging-5.0.3",1,7,14,0.42857142857142855,0.16329770633717272,0.16567044100998757,0.002372734672814847,6,40,0.11100376791682652,0,0,37,22.549057819880545,10.374159360337512,1,0,-0.025303003109670708,"","","",0,0,0,0.1083282008767128,1.5040231943130493,""
"org.axonframework.messaging.commandhandling.distributed.DelegatingCommandBusConnector","DelegatingCommandBusConnector","4:7311afa2-be91-4b9a-9570-8b642d06c6d1:16816","axon-messaging-5.0.3",1,7,14,0.42857142857142855,0.16012069765479423,0.16268823303645463,0.0025675353816604074,30,40,0.11344530084098432,0,0,37,22.549057819880545,10.374159360337512,0.8858153881658407,0,-0.04660672501984686,"","","",0,0,0,0.2133818417787552,1.6913995742797852,""
"org.axonframework.messaging.commandhandling.distributed.PayloadConvertingCommandBusConnector$ConvertingResultMessageCallback","PayloadConvertingCommandBusConnector$ConvertingResultMessageCallback","4:7311afa2-be91-4b9a-9570-8b642d06c6d1:16817","axon-messaging-5.0.3",1,3,14,1,0.1651810464821913,0.16903234955468197,0.0038513030724906527,0,40,0.11100376791682652,0,0,37,22.549057819880545,10.374159360337512,0.9298151754679884,0,-0.008268453554685029,"","","",0,0,0,0.11168844252824783,1.609420895576477,""
"org.axonframework.messaging.monitoring.interception.MonitoringQueryHandlerInterceptor","MonitoringQueryHandlerInterceptor","4:7311afa2-be91-4b9a-9570-8b642d06c6d1:16819","axon-messaging-5.0.3",1,10,3,0.2727272727272727,0.15080726253080087,0.1508198341493415,1.2571618540624385e-05,4.247252747252747,49,1,0,0,7,8.77731696749106,4.524114189004259,0.5238509364528453,0,-0.07107208344175514,"","","",0,0,0,2.076158285140991,-2.1567442417144775,""
"org.axonframework.messaging.monitoring.interception.MonitoringSubscriptionQueryUpdateDispatchInterceptor","MonitoringSubscriptionQueryUpdateDispatchInterceptor","4:7311afa2-be91-4b9a-9570-8b642d06c6d1:16820","axon-messaging-5.0.3",1,10,3,0.2727272727272727,0.15080726253080087,0.1508198341493415,1.2571618540624385e-05,4.413919413919414,49,1,0,0,7,8.77731696749106,4.524114189004259,0.44708048516578786,0,-0.0811414731566012,"","","",0,0,0,2.053525924682617,-2.0601682662963867,""
"org.axonframework.messaging.monitoring.interception.MonitoringCommandHandlerInterceptor","MonitoringCommandHandlerInterceptor","4:7311afa2-be91-4b9a-9570-8b642d06c6d1:16821","axon-messaging-5.0.3",1,10,3,0.2909090909090909,0.15080726253080087,0.1508198341493415,1.2571618540624385e-05,4.247252747252747,49,1,0,0,7,8.77731696749106,4.524114189004259,0.4493082956450021,0,-0.07574413162596555,"","","",0,0,0,1.9271513223648071,-2.1085128784179688,""
"org.axonframework.messaging.monitoring.interception.MonitoringEventDispatchInterceptor","MonitoringEventDispatchInterceptor","4:7311afa2-be91-4b9a-9570-8b642d06c6d1:16822","axon-messaging-5.0.3",1,10,3,0.2727272727272727,0.15080726253080087,0.1508198341493415,1.2571618540624385e-05,4.413919413919414,49,1,0,1,7,8.77731696749106,4.524114189004259,0,0,-0.08335429984946352,"","","",0,0,0,2.027292490005493,-2.0319483280181885,""
"org.axonframework.messaging.monitoring.MultiMessageMonitor$1","MultiMessageMonitor$1","4:7311afa2-be91-4b9a-9570-8b642d06c6d1:16823","axon-messaging-5.0.3",1,2,3,1,0.17145973099439224,0.1796975224819283,0.008237791487536061,0,-1,0,1,0,300,0,0,0,0,-0.01881577344492752,"","","",0,0,0,1.2343556880950928,-5.008640766143799,""
"org.axonframework.messaging.monitoring.configuration.DefaultMessageMonitorRegistry","DefaultMessageMonitorRegistry","4:7311afa2-be91-4b9a-9570-8b642d06c6d1:16824","axon-messaging-5.0.3",7,26,4,0.18233618233618235,0.22575018067799557,0.29331434171500687,0.0675641610370113,312.0317460317461,78,0.9066775053933355,0,0,11,7.403099725488573,4.037547826539429,0.7337387069589469,0,-0.031629189203142616,"","","",0,0,0,-0.3566058278083801,-4.8429059982299805,""
"org.axonframework.messaging.monitoring.configuration.DefaultMessageMonitorRegistry$GenericMonitorDefinition","DefaultMessageMonitorRegistry$GenericMonitorDefinition","4:7311afa2-be91-4b9a-9570-8b642d06c6d1:16825","axon-messaging-5.0.3",1,6,4,0.4666666666666667,0.15421101726397682,0.15566629978313085,0.0014552825191540275,6,65,1,0,0,5,7.233280142303556,4.110882578697056,1,0,-0.04437042692102133,"","","",0,0,0,-0.36051204800605774,-5.0189104080200195,""
"org.axonframework.messaging.monitoring.configuration.DefaultMessageMonitorRegistry$1","DefaultMessageMonitorRegistry$1","4:7311afa2-be91-4b9a-9570-8b642d06c6d1:16826","axon-messaging-5.0.3",1,4,4,0.8333333333333334,0.15421101726397682,0.15566629978313085,0.0014552825191540275,9.5,79,1,0,1,5,2.293990377453156,1.4542117967503145,0,0,-0.05431369943130887,"","","",0,0,0,0.0249129980802536,-4.99951696395874,""
"org.axonframework.messaging.monitoring.configuration.DefaultMessageMonitorRegistry$2","DefaultMessageMonitorRegistry$2","4:7311afa2-be91-4b9a-9570-8b642d06c6d1:16827","axon-messaging-5.0.3",1,4,4,0.6666666666666666,0.15421101726397682,0.15566629978313085,0.0014552825191540275,7.166666666666667,79,1,0,0,5,2.293990377453156,1.4542117967503145,1,0,-0.046130322758275,"","","",0,0,0,0.004999878350645304,-5.008388042449951,""
"org.axonframework.messaging.monitoring.configuration.DefaultMessageMonitorRegistry$3","DefaultMessageMonitorRegistry$3","4:7311afa2-be91-4b9a-9570-8b642d06c6d1:16828","axon-messaging-5.0.3",1,4,4,0.6666666666666666,0.15421101726397682,0.15566629978313085,0.0014552825191540275,7.166666666666667,79,1,0,0,5,2.293990377453156,1.4542117967503145,0.7366286158094653,0,-0.051839374826440465,"","","",0,0,0,-0.07025426626205444,-5.049271583557129,""
"org.axonframework.messaging.monitoring.configuration.DefaultMessageMonitorRegistry$4","DefaultMessageMonitorRegistry$4","4:7311afa2-be91-4b9a-9570-8b642d06c6d1:16829","axon-messaging-5.0.3",1,4,4,0.6666666666666666,0.15421101726397682,0.15566629978313085,0.0014552825191540275,7.166666666666667,79,1,0,0,5,2.293990377453156,1.4542117967503145,0.8261346635914423,0,-0.04422204267799118,"","","",0,0,0,0.011308833956718445,-4.988534450531006,""
"org.axonframework.messaging.monitoring.configuration.DefaultMessageMonitorRegistry$5","DefaultMessageMonitorRegistry$5","4:7311afa2-be91-4b9a-9570-8b642d06c6d1:16830","axon-messaging-5.0.3",1,4,4,0.6666666666666666,0.15421101726397682,0.15566629978313085,0.0014552825191540275,19.333333333333332,79,1,0,0,5,2.293990377453156,1.4542117967503145,0.6068485268282363,0,-0.04522485661876707,"","","",0,0,0,-0.05046294257044792,-5.083518981933594,""
"org.axonframework.messaging.commandhandling.distributed.CommandBusConnector$Handler","CommandBusConnector$Handler","4:7311afa2-be91-4b9a-9570-8b642d06c6d1:16831","axon-messaging-5.0.3",6,2,14,0.5714285714285714,0.23886513281226224,0.27439108163699993,0.035525948824737696,3,40,0.11344530084098432,0,0,37,22.549057819880545,10.374159360337512,0.8406668581993877,1,0.018086227715279846,"nodeEmbeddingPCA_25","nodeEmbeddingPCA_21","nodeEmbeddingPCA_19",-0.17671447028443865,-0.04208746211322203,-0.04094056416309512,0.13782988488674164,1.6977615356445312,""
"org.axonframework.messaging.monitoring.configuration.MessageMonitorRegistry","MessageMonitorRegistry","4:7311afa2-be91-4b9a-9570-8b642d06c6d1:16832","axon-messaging-5.0.3",5,11,4,0.35,0.24570634404137356,0.26714196877755997,0.021435624736186404,76.25,78,1,0,0,11,7.403099725488573,4.037547826539429,0.4279086677765684,0,-0.06665276046962487,"","","",0,0,0,-0.7692768573760986,-4.7073564529418945,""
"org.axonframework.messaging.monitoring.NoOpMessageMonitor","NoOpMessageMonitor","4:7311afa2-be91-4b9a-9570-8b642d06c6d1:16833","axon-messaging-5.0.3",4,4,4,0.32142857142857145,0.17113685601853698,0.1764979658268082,0.0053611098082712305,77.58333333333333,-1,0,1,0,300,0,0,0,0,-0.0702375894583962,"","","",0,0,0,0.2129565328359604,-4.5050048828125,""
"org.axonframework.messaging.monitoring.NoOpMessageMonitorCallback","NoOpMessageMonitorCallback","4:7311afa2-be91-4b9a-9570-8b642d06c6d1:16834","axon-messaging-5.0.3",2,1,3,0.6666666666666666,0.16970333385096711,0.1832217364609829,0.013518402610015773,4,-1,0,1,0,300,0,0,0,0,-0.03336419224151327,"","","",0,0,0,1.2229241132736206,-4.976308345794678,""
"org.axonframework.messaging.monitoring.MultiMessageMonitor","MultiMessageMonitor","4:7311afa2-be91-4b9a-9570-8b642d06c6d1:16835","axon-messaging-5.0.3",3,5,4,0.3333333333333333,0.1742360504652235,0.1863374396951218,0.012101389229898285,76.03333333333333,-1,0,1,0,300,0,0,0,0,-0.03503350660073601,"","","",0,0,0,1.0188087224960327,-4.977322101593018,""
"org.axonframework.messaging.monitoring.configuration.MessageMonitorFactory","MessageMonitorFactory","4:7311afa2-be91-4b9a-9570-8b642d06c6d1:16837","axon-messaging-5.0.3",3,3,4,0.8,0.19884087135789077,0.21080657782926704,0.011965706471376264,3,78,1,0,0,11,7.403099725488573,4.037547826539429,0.49048913524558685,0,-0.0585353843261569,"","","",0,0,0,-0.7365118265151978,-4.793248653411865,""
"org.axonframework.messaging.core.conversion.MessageConverter","MessageConverter","4:7311afa2-be91-4b9a-9570-8b642d06c6d1:17732","axon-messaging-5.0.3",23,2,8,0.11333333333333333,0.4213937050999033,0.5190531939699686,0.09765948887006531,68,-1,0,1,0,300,0,0,0,0,-0.04215780781746353,"","","",0,0,0,-0.5123081803321838,-2.3699092864990234,""
"org.axonframework.messaging.core.ResultMessage","ResultMessage","4:7311afa2-be91-4b9a-9570-8b642d06c6d1:17733","axon-messaging-5.0.3",7,3,1,0.6,0.5230586588729668,1.0495860147673597,0.5265273558943929,28.75,51,1,0,0,12,8.240557999815792,4.835676821380427,0.5912430114416157,0,-0.039428091683929856,"","","",0,0,0,0.03802322596311569,-0.13787391781806946,""
"org.axonframework.messaging.core.MessageStream$Single","MessageStream$Single","4:7311afa2-be91-4b9a-9570-8b642d06c6d1:17737","axon-messaging-5.0.3",45,8,10,0.12056737588652482,1.337703615387262,2.271965610995577,0.9342619956083151,1339.5607142857148,68,0.273841439023559,0,0,33,11.052003972930834,5.033094011850401,0.6493161537805273,1,0.011625184626385121,"articleRank","pageRank","incomingDependencies",-0.2925792101568381,-0.18409897903416217,-0.14713538940464355,3.295144557952881,1.546827793121338,""
"org.axonframework.messaging.core.annotation.ParameterResolver","ParameterResolver","4:7311afa2-be91-4b9a-9570-8b642d06c6d1:17738","axon-messaging-5.0.3",47,1,2,0.06648936170212766,0.8886790150203377,2.329293449830221,1.4406144348098833,530.0333333333333,34,0.6100463385257276,0,0,7,5.4653554214164615,3.3640875673320676,1,1,0.03132988650500762,"articleRank","pageRank","incomingDependencies",-0.2229005293632513,-0.17961608587821537,-0.16360088144856882,1.9577674865722656,-3.5918490886688232,""
"org.axonframework.messaging.commandhandling.gateway.CommandDispatcher","CommandDispatcher","4:7311afa2-be91-4b9a-9570-8b642d06c6d1:17739","axon-messaging-5.0.3",3,7,3,0.3055555555555556,0.22195760471201298,0.2821640811240325,0.06020647641201954,80.5,27,1,0,0,9,14.310195482335985,8.21311849122867,0.5965507304193893,0,-0.0694028835953045,"","","",0,0,0,2.936431646347046,-3.688232183456421,""
"org.axonframework.messaging.core.annotation.MessageHandler","MessageHandler","4:7311afa2-be91-4b9a-9570-8b642d06c6d1:17746","axon-messaging-5.0.3",7,2,1,0.08333333333333333,0.2673798378723834,0.5690587270733652,0.30167888920098185,181.75,-1,0,1,0,300,0,0,0,0,-0.06713957060413406,"","","",0,0,0,2.4106035232543945,-4.778753280639648,""
"org.axonframework.messaging.core.annotation.HandlerEnhancerDefinition","HandlerEnhancerDefinition","4:7311afa2-be91-4b9a-9570-8b642d06c6d1:17747","axon-messaging-5.0.3",13,1,17,0.14285714285714285,0.44548688706821343,0.6686047117989908,0.2231178247307774,440.1111111111111,14,1,0,0,8,12.843032985460013,5.031282846219256,0.12010220957135731,0,-0.001173700718174464,"","","",0,0,0,-2.336812734603882,1.1880286931991577,""
"org.axonframework.messaging.core.annotation.MessageHandlingMember","MessageHandlingMember","4:7311afa2-be91-4b9a-9570-8b642d06c6d1:17748","axon-messaging-5.0.3",38,4,17,0.14750290360046459,1.4234426456027778,2.581151257456593,1.1577086118538154,1184.6777777777777,54,0.8382094172243316,0,0,31,15.49064396461472,7.033185086340733,0.24493417913264035,1,0.008646890563348886,"articleRank","pageRank","incomingDependencies",-0.30382791636229484,-0.1891785874190442,-0.12222598750188798,-1.8224869966506958,1.861437201499939,""
"org.axonframework.messaging.core.configuration.reflection.ParameterResolverFactoryUtils","ParameterResolverFactoryUtils","4:7311afa2-be91-4b9a-9570-8b642d06c6d1:17749","axon-messaging-5.0.3",7,5,2,0.30303030303030304,0.21305170238989762,0.2695168741362171,0.05646517174631949,69.25,74,1,0,0,8,7.0721852402202785,3.792329084892117,0.5969466897686304,0,-0.05828669276554921,"","","",0,0,0,-2.2738077640533447,-3.692218542098999,""
"org.axonframework.messaging.core.annotation.ParameterResolverFactory","ParameterResolverFactory","4:7311afa2-be91-4b9a-9570-8b642d06c6d1:17750","axon-messaging-5.0.3",41,1,2,0.06155632984901278,0.8860708739153107,1.3650641984613574,0.4789933245460467,275.58333333333337,28,1,0,0,6,13.629563605878502,5.322509803809226,0.33060450161376864,1,0.00968942093797548,"articleRank","incomingDependencies","degree",-0.243665445384721,-0.19088735560761347,-0.12729005798465268,-2.0003018379211426,-3.4641647338867188,""
"org.axonframework.messaging.core.annotation.WrappedMessageHandlingMember","WrappedMessageHandlingMember","4:7311afa2-be91-4b9a-9570-8b642d06c6d1:17754","axon-messaging-5.0.3",9,4,17,0.41025641025641024,0.3446421753497313,0.4170948436232586,0.07245266827352731,56,54,0.7065970552415849,0,0,31,15.49064396461472,7.033185086340733,0.35842137222558396,0,-0.05706668889294941,"","","",0,0,0,-1.8388839960098267,1.8460830450057983,""
"org.axonframework.messaging.core.annotation.Message","Message","4:7311afa2-be91-4b9a-9570-8b642d06c6d1:17762","axon-messaging-5.0.3",5,2,9,0,0.25597095570877637,0.583775978944648,0.3278050232358717,193,-1,0,1,0,300,0,0,0,0,-0.06562518400121026,"","","",0,0,0,-0.870053768157959,1.9144593477249146,""
"org.axonframework.messaging.commandhandling.CommandHandlingComponent","CommandHandlingComponent","4:7311afa2-be91-4b9a-9570-8b642d06c6d1:17764","axon-messaging-5.0.3",8,3,5,0.34545454545454546,0.2593112688024199,0.3086806589157814,0.0493693901133615,283.08333333333337,72,0.6395078534680804,0,0,18,16.199547267518938,7.616832914522901,1,0,-0.040852806106446315,"","","",0,0,0,-0.7814034819602966,-3.6310441493988037,""
"org.axonframework.messaging.core.annotation.AnnotatedHandlerInspector","AnnotatedHandlerInspector","4:7311afa2-be91-4b9a-9570-8b642d06c6d1:17765","axon-messaging-5.0.3",5,16,17,0.2619047619047619,0.20023414892450497,0.21455539997464923,0.014321251050144257,1378.5476190476184,54,0.6611314270998944,0,0,31,15.49064396461472,7.033185086340733,0.3155372347075477,0,-0.019134290804810883,"","","",0,0,0,-1.8150712251663208,1.60941481590271,""
"org.axonframework.messaging.core.MessageTypeResolver","MessageTypeResolver","4:7311afa2-be91-4b9a-9570-8b642d06c6d1:17766","axon-messaging-5.0.3",31,4,1,0.08235294117647059,0.6620094934235711,0.9572217905937338,0.29521229717016273,787.2,-1,0,1,0,300,0,0,0,0,-0.018360484915967423,"","","",0,0,0,-0.5528674125671387,0.511206328868866,""
"org.axonframework.messaging.core.annotation.HandlerDefinition","HandlerDefinition","4:7311afa2-be91-4b9a-9570-8b642d06c6d1:17767","axon-messaging-5.0.3",11,3,17,0.37362637362637363,0.3559146687024557,0.4576657074070616,0.10175103870460589,962.3714285714286,14,0.5620103207478583,0,0,8,12.843032985460013,5.031282846219256,1,0,-0.010734676966476564,"","","",0,0,0,-2.007061243057251,1.4319621324539185,""
"org.axonframework.messaging.commandhandling.GenericCommandResultMessage","GenericCommandResultMessage","4:7311afa2-be91-4b9a-9570-8b642d06c6d1:17769","axon-messaging-5.0.3",4,8,1,0.45454545454545453,0.17442327864582105,0.18111198724014915,0.006688708594328102,438.91666666666674,51,1,0,0,12,8.240557999815792,4.835676821380427,0.5569608001263731,0,-0.05504785614400204,"","","",0,0,0,-0.08768330514431,-0.1604146957397461,""
"org.axonframework.messaging.core.interception.annotation.MessageHandlerInterceptorMemberChain","MessageHandlerInterceptorMemberChain","4:7311afa2-be91-4b9a-9570-8b642d06c6d1:17771","axon-messaging-5.0.3",7,10,17,0.4338235294117647,0.20955475894969217,0.22409122245092664,0.01453646350123447,328.83333333333337,54,0.6368313408311849,0,0,31,15.49064396461472,7.033185086340733,0.5972136967058653,0,-0.05698054440228423,"","","",0,0,0,-1.5568162202835083,1.4252827167510986,""
"org.axonframework.messaging.core.MessageType","MessageType","4:7311afa2-be91-4b9a-9570-8b642d06c6d1:17772","axon-messaging-5.0.3",56,3,1,0.07597895967270601,1.2650910275681129,2.1586598148555907,0.8935687872874778,4213.667697988287,-1,0,1,0,300,0,0,0,1,0.027879155225040864,"articleRank","pageRank","incomingDependencies",-0.28930202800719557,-0.16321345318253117,-0.1413922204202066,-0.20569731295108795,0.038060519844293594,""
"org.axonframework.messaging.core.MessageStream$Entry","MessageStream$Entry","4:7311afa2-be91-4b9a-9570-8b642d06c6d1:17776","axon-messaging-5.0.3",57,3,10,0.09378531073446328,2.3517651412820584,3.6931330785976972,1.3413679373156389,254.1234126984127,-1,0,1,0,300,0,0,0,1,0.03316555889115885,"articleRank","pageRank","incomingDependencies",-0.2927093906061337,-0.1780479043326437,-0.1469384096208351,2.986323118209839,1.9848706722259521,""
"org.axonframework.messaging.core.DefaultMessageDispatchInterceptorChain","DefaultMessageDispatchInterceptorChain","4:7311afa2-be91-4b9a-9570-8b642d06c6d1:17777","axon-messaging-5.0.3",7,8,10,0.37142857142857144,0.3000402561552173,0.33928493145479627,0.03924467529957898,29.25,69,0.8075728086673639,0,0,9,6.844991797581315,3.8445680857015154,1,0,-0.057231573374266986,"","","",0,0,0,1.9760947227478027,0.36910733580589294,""
"org.axonframework.messaging.core.MessageStream$Empty","MessageStream$Empty","4:7311afa2-be91-4b9a-9570-8b642d06c6d1:17779","axon-messaging-5.0.3",49,5,10,0.1033182503770739,0.8038205328536242,1.1656543618584319,0.36183382900480765,707.2733580145343,-1,0,1,0,300,0,0,0,0,-0.0031786049723034893,"","","",0,0,0,3.02797794342041,1.1627334356307983,""
"org.axonframework.messaging.core.sequencing.SequencingPolicy","SequencingPolicy","4:7311afa2-be91-4b9a-9570-8b642d06c6d1:17781","axon-messaging-5.0.3",17,2,17,0.21637426900584794,0.5045528928465266,0.6902280661180064,0.18567517327147975,180,54,0.4287161705758982,0,0,31,15.49064396461472,7.033185086340733,0.875253846347296,0,-0.012766585294227084,"","","",0,0,0,2.0615217685699463,-1.0735772848129272,""
"org.axonframework.messaging.core.DelayedMessageStream","DelayedMessageStream","4:7311afa2-be91-4b9a-9570-8b642d06c6d1:17783","axon-messaging-5.0.3",8,7,10,0.4358974358974359,0.2343471221593073,0.30393725408512473,0.06959013192581742,428.6916666666666,68,0.5606311793894094,0,0,33,11.052003972930834,5.033094011850401,0.417699537244916,0,-0.06829072278978315,"","","",0,0,0,2.8845202922821045,1.2644280195236206,""
"org.axonframework.messaging.commandhandling.NoHandlerForCommandException","NoHandlerForCommandException","4:7311afa2-be91-4b9a-9570-8b642d06c6d1:17786","axon-messaging-5.0.3",6,2,5,0.17857142857142858,0.1784552787926234,0.1880504285874503,0.009595149794826896,259.5,30,0.05759551127250192,0,0,42,16.70573988201795,5.27537530291565,0.4416803142128996,0,-0.062170031230388445,"","","",0,0,0,0.25690239667892456,-2.061264991760254,""
"org.axonframework.messaging.commandhandling.annotation.CommandDispatcherParameterResolverFactory$1","CommandDispatcherParameterResolverFactory$1","4:7311afa2-be91-4b9a-9570-8b642d06c6d1:17819","axon-messaging-5.0.3",1,4,3,0.6666666666666666,0.189573927825196,0.22463991577960163,0.03506598795440563,0,27,0.8005086350132523,0,0,9,14.310195482335985,8.21311849122867,0.9887022839550009,0,-0.07941755077096979,"","","",0,0,0,3.1108481884002686,-3.3575990200042725,""
"org.axonframework.messaging.commandhandling.annotation.CommandDispatcherParameterResolverFactory","CommandDispatcherParameterResolverFactory","4:7311afa2-be91-4b9a-9570-8b642d06c6d1:17820","axon-messaging-5.0.3",2,5,3,0.26666666666666666,0.19715554753388445,0.2341645390458187,0.037008991511934236,24,27,0.8005086350132523,0,0,9,14.310195482335985,8.21311849122867,1,0,-0.06547311053774757,"","","",0,0,0,2.8152050971984863,-3.456139326095581,""
"org.axonframework.messaging.commandhandling.annotation.AnnotationRoutingStrategy","AnnotationRoutingStrategy","4:7311afa2-be91-4b9a-9570-8b642d06c6d1:17823","axon-messaging-5.0.3",2,7,2,0.25,0.20065711810776254,0.31406537866516604,0.1134082605574035,58,-1,0,1,0,300,0,0,0,0,-0.06026158424581157,"","","",0,0,0,-1.5521126985549927,-1.654026985168457,""
"org.axonframework.messaging.commandhandling.SimpleCommandHandlingComponent","SimpleCommandHandlingComponent","4:7311afa2-be91-4b9a-9570-8b642d06c6d1:17824","axon-messaging-5.0.3",2,15,5,0.22794117647058823,0.1717035025526103,0.17511826835048344,0.0034147657978731427,21,72,0.6718050165219751,0,0,18,16.199547267518938,7.616832914522901,0.8020449462131007,0,-0.04210076975897886,"","","",0,0,0,0.3995814621448517,-1.7382296323776245,""
"org.axonframework.messaging.commandhandling.interception.InterceptingCommandBus$InterceptingDispatcher","InterceptingCommandBus$InterceptingDispatcher","4:7311afa2-be91-4b9a-9570-8b642d06c6d1:17825","axon-messaging-5.0.3",1,8,10,0.4166666666666667,0.16402352365080178,0.1656337626412853,0.0016102389904835146,2,62,0.9816746241046953,0,0,7,7.310507462359965,4.501573924124906,1,0,-0.07377513013259979,"","","",0,0,0,1.1675777435302734,-0.8106935024261475,""
"org.axonframework.messaging.commandhandling.interception.CommandMessageHandlerInterceptorChain","CommandMessageHandlerInterceptorChain","4:7311afa2-be91-4b9a-9570-8b642d06c6d1:17826","axon-messaging-5.0.3",1,11,5,0.48484848484848486,0.17733498055625008,0.18612618457727637,0.008791204021026289,10,62,1,0,1,7,7.310507462359965,4.501573924124906,0,0,-0.0675185740649959,"","","",0,0,0,0.8605470657348633,-1.2406905889511108,""
"org.axonframework.messaging.commandhandling.interception.InterceptingCommandBus$InterceptingHandler","InterceptingCommandBus$InterceptingHandler","4:7311afa2-be91-4b9a-9570-8b642d06c6d1:17827","axon-messaging-5.0.3",1,8,5,0.5555555555555556,0.1584141141904811,0.15938025758477117,0.0009661433942900755,16,62,1,0,0,7,7.310507462359965,4.501573924124906,0.3324397489940789,0,-0.06450511286302146,"","","",0,0,0,0.8442570567131042,-1.2449569702148438,""
"org.axonframework.messaging.commandhandling.interception.InterceptingCommandBus","InterceptingCommandBus","4:7311afa2-be91-4b9a-9570-8b642d06c6d1:17828","axon-messaging-5.0.3",1,15,10,0.325,0.15080726253080087,0.1508198341493415,1.2571618540624385e-05,48.96886446886447,62,1,0,0,7,7.310507462359965,4.501573924124906,0.8091432220989985,0,-0.06790945616337318,"","","",0,0,0,0.6389676332473755,-1.2454997301101685,""
"org.axonframework.messaging.commandhandling.annotation.CommandHandler","CommandHandler","4:7311afa2-be91-4b9a-9570-8b642d06c6d1:17829","axon-messaging-5.0.3",1,2,2,0,0.16313893873365806,0.17550000000000002,0.012361061266341955,9.916666666666666,-1,0,1,0,300,0,0,0,0,-0.07960451627997406,"","","",0,0,0,-0.06140372157096863,-1.2327805757522583,""
"org.axonframework.messaging.commandhandling.annotation.Command","Command","4:7311afa2-be91-4b9a-9570-8b642d06c6d1:17830","axon-messaging-5.0.3",1,2,9,0.3333333333333333,0.15506048563741856,0.1592053622296218,0.0041448765922032504,51.666666666666664,-1,0,1,0,300,0,0,0,0,-0.07150737185576328,"","","",0,0,0,-1.4407330751419067,-1.7159640789031982,""
"org.axonframework.messaging.commandhandling.annotation.MethodCommandHandlerDefinition$MethodCommandHandlingMember","MethodCommandHandlerDefinition$MethodCommandHandlingMember","4:7311afa2-be91-4b9a-9570-8b642d06c6d1:17849","axon-messaging-5.0.3",1,7,17,0.32142857142857145,0.18010867436851383,0.19781250000000003,0.017703825631486203,37,54,0.7322322339474758,0,0,31,15.49064396461472,7.033185086340733,0.4070106196217157,0,-0.06929539998612805,"","","",0,0,0,-1.8013948202133179,1.7554616928100586,""
"org.axonframework.messaging.commandhandling.annotation.AnnotatedCommandHandlingComponent","AnnotatedCommandHandlingComponent","4:7311afa2-be91-4b9a-9570-8b642d06c6d1:17850","axon-messaging-5.0.3",1,22,5,0.22924901185770752,0.16097663163820694,0.16814684952671025,0.007170217888503305,287.58333333333337,35,0.9216069391037089,0,0,10,15.053564019035548,9.546037751180119,1,0,-0.04783206110666571,"","","",0,0,0,0.32275545597076416,-1.5230891704559326,""
"org.axonframework.messaging.commandhandling.interception.CommandSequencingInterceptor","CommandSequencingInterceptor","4:7311afa2-be91-4b9a-9570-8b642d06c6d1:17851","axon-messaging-5.0.3",1,9,3,0.37777777777777777,0.15080726253080087,0.1508198341493415,1.2571618540624385e-05,10.385531135531135,-1,0,1,0,300,0,0,0,0,-0.08189712234140284,"","","",0,0,0,1.4005261659622192,-1.45757257938385,""
"org.axonframework.messaging.commandhandling.annotation.AnnotationRoutingStrategy$RoutingKeyResolver","AnnotationRoutingStrategy$RoutingKeyResolver","4:7311afa2-be91-4b9a-9570-8b642d06c6d1:17876","axon-messaging-5.0.3",1,2,2,1,0.22590728456127776,0.28808043344432704,0.062173148883049284,0,-1,0,1,0,300,0,0,0,0,-0.05227256342697151,"","","",0,0,0,-1.6386700868606567,-1.5885194540023804,""
"org.axonframework.messaging.commandhandling.interception.CommandMessageHandlerInterceptorChain$InterceptingHandler","CommandMessageHandlerInterceptorChain$InterceptingHandler","4:7311afa2-be91-4b9a-9570-8b642d06c6d1:17877","axon-messaging-5.0.3",1,9,5,0.5555555555555556,0.16632271006552793,0.17063571787593465,0.0043130078104067215,2,62,1,0,0,7,7.310507462359965,4.501573924124906,0.33497108008511056,0,-0.07352690988214894,"","","",0,0,0,0.8254969120025635,-1.2550585269927979,""
"org.axonframework.messaging.commandhandling.CommandDispatchException","CommandDispatchException","4:7311afa2-be91-4b9a-9570-8b642d06c6d1:17881","axon-messaging-5.0.3",2,1,7,0,0.21868209579946649,0.31289637466713666,0.09421427886767017,2,30,0.09056892738887616,0,0,42,16.70573988201795,5.27537530291565,0.2724619356174177,0,-0.050699979767750425,"","","",0,0,0,-1.7536803483963013,4.3800740242004395,""
"org.axonframework.messaging.commandhandling.DuplicateCommandHandlerSubscriptionException","DuplicateCommandHandlerSubscriptionException","4:7311afa2-be91-4b9a-9570-8b642d06c6d1:17883","axon-messaging-5.0.3",3,2,5,0.6,0.17483952765100494,0.17836779835114802,0.0035282707001430824,22.034313725490193,72,0.6718050165219751,0,0,18,16.199547267518938,7.616832914522901,0.4267151258712367,0,-0.025137062921950892,"","","",0,0,0,0.6050471067428589,-1.8736529350280762,""
"org.axonframework.messaging.commandhandling.annotation.CommandHandlingMember","CommandHandlingMember","4:7311afa2-be91-4b9a-9570-8b642d06c6d1:17884","axon-messaging-5.0.3",3,2,5,0.4,0.18398779398112333,0.1971935677649916,0.01320577378386828,57.33333333333333,35,0.9779300115333962,0,0,10,15.053564019035548,9.546037751180119,0.8788910420194822,0,-0.05178919523871822,"","","",0,0,0,-1.373738408088684,1.0164079666137695,""
"org.axonframework.messaging.commandhandling.RoutingStrategy","RoutingStrategy","4:7311afa2-be91-4b9a-9570-8b642d06c6d1:17885","axon-messaging-5.0.3",5,1,1,0.4666666666666667,0.19052238105086292,0.2171242899518083,0.02660190890094538,58,-1,0,1,0,300,0,0,0,0,-0.06532726431503516,"","","",0,0,0,-0.4814620018005371,-2.131617546081543,""
"org.axonframework.messaging.core.GenericMessage","GenericMessage","4:7311afa2-be91-4b9a-9570-8b642d06c6d1:18527","axon-messaging-5.0.3",12,9,1,0.28095238095238095,0.4017509880944339,0.44873560597356554,0.04698461787913166,1029.5833333333335,51,0.7892039029554306,0,0,12,8.240557999815792,4.835676821380427,0.6750272709501252,0,-0.0403596312608262,"","","",0,0,0,-0.4139249622821808,0.08633973449468613,""
"org.axonframework.messaging.core.MessageDecorator","MessageDecorator","4:7311afa2-be91-4b9a-9570-8b642d06c6d1:18528","axon-messaging-5.0.3",5,4,1,0.6388888888888888,0.21159067718249852,0.22526567220040197,0.013674995017903452,10,51,0.9956167573402449,0,0,12,8.240557999815792,4.835676821380427,0.692162668429828,0,-0.0665353818683474,"","","",0,0,0,-0.14079248905181885,-0.3443605303764343,""
"org.axonframework.messaging.tracing.Span","Span","4:7311afa2-be91-4b9a-9570-8b642d06c6d1:18530","axon-messaging-5.0.3",21,2,1,0.09881422924901186,0.8682183563444391,1.3251086351866288,0.4568902788421897,45.5,43,1,0,1,14,9.48660186282359,4.1621907466157735,0,1,0.024149210090209705,"articleRank","pageRank","nodeEmbeddingPCA_15",-0.2868267821236839,-0.06824700970491464,-0.06002694545115652,3.360995054244995,-6.878611087799072,""
"org.axonframework.messaging.tracing.SpanFactory","SpanFactory","4:7311afa2-be91-4b9a-9570-8b642d06c6d1:18531","axon-messaging-5.0.3",16,3,1,0.1695906432748538,0.545002445724182,0.7681247024666992,0.22312225674251718,171.25,43,0.862759546374201,0,0,14,9.48660186282359,4.1621907466157735,0.38389231489412134,0,-0.008248859712551293,"","","",0,0,0,3.2160158157348633,-6.745880126953125,""
"org.axonframework.messaging.core.annotation.ClasspathHandlerDefinition","ClasspathHandlerDefinition","4:7311afa2-be91-4b9a-9570-8b642d06c6d1:18534","axon-messaging-5.0.3",5,2,17,0.2857142857142857,0.1736144169794203,0.1908995464033843,0.017285129423964013,295,14,0.5620103207478583,0,0,8,12.843032985460013,5.031282846219256,0.9708099699826408,0,-0.032078423483618834,"","","",0,0,0,-2.2035152912139893,1.401752233505249,""
"org.axonframework.messaging.eventhandling.EventHandlingComponent","EventHandlingComponent","4:7311afa2-be91-4b9a-9570-8b642d06c6d1:18536","axon-messaging-5.0.3",17,5,15,0.23809523809523808,0.49727095386586107,0.6495571798871369,0.15228622602127584,540.1676767676768,73,0.7678625154650753,0,0,16,10.590054131811485,5.81365411580191,0.7157529543000694,0,-0.03167071470016847,"","","",0,0,0,3.871612548828125,-0.5354562997817993,""
"org.axonframework.messaging.eventhandling.EventHandlerRegistry","EventHandlerRegistry","4:7311afa2-be91-4b9a-9570-8b642d06c6d1:18537","axon-messaging-5.0.3",1,3,17,0.8333333333333334,0.15620157201470813,0.1567801314992389,0.0005785594845307551,2.333333333333333,48,1,0,0,5,8.925125016830862,5.0077730599790815,0.6270859031661092,0,-0.024713871028805456,"","","",0,0,0,2.3482136726379395,-0.8253667950630188,""
"org.axonframework.messaging.eventhandling.EventHandler","EventHandler","4:7311afa2-be91-4b9a-9570-8b642d06c6d1:18539","axon-messaging-5.0.3",6,5,17,0.4909090909090909,0.2901684552816274,0.3740798152796217,0.08391135999799432,204,48,1,0,1,5,8.925125016830862,5.0077730599790815,0,0,-0.045209074760834134,"","","",0,0,0,2.4056880474090576,-0.78692626953125,""
"org.axonframework.messaging.core.Metadata","Metadata","4:7311afa2-be91-4b9a-9570-8b642d06c6d1:18543","axon-messaging-5.0.3",40,1,1,0.07692307692307693,1.2429894737866005,8.208688129171756,6.965698655385156,656,-1,0,1,0,300,0,0,0,1,0.021033641361910382,"articleRank","pageRank","incomingDependencies",-0.29793885609856885,-0.19859905552727689,-0.1395939448243139,-0.6430467367172241,-0.29015347361564636,""
"org.axonframework.messaging.core.unitofwork.UnitOfWorkFactory","UnitOfWorkFactory","4:7311afa2-be91-4b9a-9570-8b642d06c6d1:18546","axon-messaging-5.0.3",25,2,6,0.14814814814814814,0.35437294949630427,0.41113060828535325,0.05675765878904898,121.25,56,0.44144552029427797,0,0,25,12.203622698085383,5.530092488967348,0.4001671885524122,0,-0.008365952915446728,"","","",0,0,0,-9.938467025756836,-2.8446741104125977,""
"org.axonframework.messaging.core.unitofwork.UnitOfWork","UnitOfWork","4:7311afa2-be91-4b9a-9570-8b642d06c6d1:18547","axon-messaging-5.0.3",17,10,3,0.2123076923076923,0.33393755744165216,0.4381623459122879,0.10422478847063577,308.01666666666665,-1,0,1,0,300,0,0,0,0,-0.0013679801787756518,"","","",0,0,0,4.4054179191589355,-2.961296796798706,""
"org.axonframework.messaging.core.HandlerExecutionException","HandlerExecutionException","4:7311afa2-be91-4b9a-9570-8b642d06c6d1:18548","axon-messaging-5.0.3",3,1,7,0.5,0.2989848970664725,0.5202780433392583,0.2212931462727858,2,30,0.08300439600174904,0,0,42,16.70573988201795,5.27537530291565,0.30731251126079007,0,-0.05491482546263038,"","","",0,0,0,-1.5592824220657349,4.53000020980835,""
"org.axonframework.messaging.core.retry.RetryScheduler$Dispatcher","RetryScheduler$Dispatcher","4:7311afa2-be91-4b9a-9570-8b642d06c6d1:18549","axon-messaging-5.0.3",3,3,10,0.8,0.19498217774907228,0.21920332011381097,0.024221142364738685,39.33333333333333,-1,0,1,0,300,0,0,0,0,-0.07632548510280729,"","","",0,0,0,2.8206584453582764,0.9433224201202393,""
"org.axonframework.messaging.core.retry.RetryScheduler","RetryScheduler","4:7311afa2-be91-4b9a-9570-8b642d06c6d1:18550","axon-messaging-5.0.3",2,4,10,0.8,0.1651496447895831,0.16712443764609786,0.001974792856514751,71.16666666666666,-1,0,1,0,300,0,0,0,0,-0.07817028071054133,"","","",0,0,0,2.4530868530273438,0.5106102824211121,""
"org.axonframework.messaging.core.GenericResultMessage","GenericResultMessage","4:7311afa2-be91-4b9a-9570-8b642d06c6d1:18552","axon-messaging-5.0.3",3,8,1,0.6181818181818182,0.1969424596732461,0.2046856558190479,0.007743196145801795,59,51,1,0,0,12,8.240557999815792,4.835676821380427,0.3343911126993531,0,-0.050103900084953024,"","","",0,0,0,-0.011209075339138508,-0.06929182261228561,""
"org.axonframework.messaging.commandhandling.tracing.TracingCommandBus$TracingHandler","TracingCommandBus$TracingHandler","4:7311afa2-be91-4b9a-9570-8b642d06c6d1:18855","axon-messaging-5.0.3",1,8,5,0.42857142857142855,0.16236171550814313,0.1647336644542358,0.0023719489460926613,1,-1,0,1,0,300,0,0,0,0,-0.04705395746040997,"","","",0,0,0,0.45339730381965637,-1.333572268486023,""
"org.axonframework.messaging.commandhandling.tracing.TracingCommandBus","TracingCommandBus","4:7311afa2-be91-4b9a-9570-8b642d06c6d1:18856","axon-messaging-5.0.3",1,11,5,0.3090909090909091,0.16823566430802517,0.17333726597719123,0.005101601669166067,16.666666666666664,-1,0,1,0,300,0,0,0,0,-0.05348390193625807,"","","",0,0,0,0.3186173737049103,-1.395625352859497,""
"org.axonframework.messaging.commandhandling.tracing.DefaultCommandBusSpanFactory","DefaultCommandBusSpanFactory","4:7311afa2-be91-4b9a-9570-8b642d06c6d1:18857","axon-messaging-5.0.3",1,6,1,0.4,0.191636476636257,0.22531453040713853,0.03367805377088154,5,-1,0,1,0,300,0,0,0,0,-0.05484371245124625,"","","",0,0,0,2.5446956157684326,-6.008406162261963,""
"org.axonframework.messaging.commandhandling.tracing.DefaultCommandBusSpanFactory$Builder","DefaultCommandBusSpanFactory$Builder","4:7311afa2-be91-4b9a-9570-8b642d06c6d1:18858","axon-messaging-5.0.3",1,3,1,0.3333333333333333,0.19110297223666503,0.20674585920222274,0.015642886965557712,4,-1,0,1,0,300,0,0,0,0,-0.05856672919488015,"","","",0,0,0,2.7119081020355225,-6.212581634521484,""
"org.axonframework.messaging.commandhandling.configuration.SimpleCommandHandlingModule","SimpleCommandHandlingModule","4:7311afa2-be91-4b9a-9570-8b642d06c6d1:18859","axon-messaging-5.0.3",1,16,4,0.21666666666666667,0.17427424565039049,0.19188821273940448,0.017613967089014,145.41666666666666,-1,0,1,0,300,0,0,0,0,-0.06075551858028733,"","","",0,0,0,-0.9820464849472046,-4.047171592712402,""
"org.axonframework.messaging.eventhandling.SimpleEventHandlingComponent","SimpleEventHandlingComponent","4:7311afa2-be91-4b9a-9570-8b642d06c6d1:18860","axon-messaging-5.0.3",1,17,17,0.2875816993464052,0.16708734708054662,0.17016807919290514,0.003080732112358514,102,48,1,0,0,5,8.925125016830862,5.0077730599790815,0.5974739890244144,0,-0.03399326177335421,"","","",0,0,0,2.3300933837890625,-0.8490712642669678,""
"org.axonframework.messaging.commandhandling.gateway.ContextAwareCommandDispatcher","ContextAwareCommandDispatcher","4:7311afa2-be91-4b9a-9570-8b642d06c6d1:18861","axon-messaging-5.0.3",1,7,3,0.3333333333333333,0.18323891662641856,0.20329765837433608,0.020058741747917525,1,27,1,0,0,9,14.310195482335985,8.21311849122867,0.41451179855134734,0,-0.058817714266326204,"","","",0,0,0,2.8818845748901367,-4.026727199554443,""
"org.axonframework.messaging.commandhandling.gateway.ConvertingCommandGateway","ConvertingCommandGateway","4:7311afa2-be91-4b9a-9570-8b642d06c6d1:18862","axon-messaging-5.0.3",1,7,3,0.25,0.15080726253080087,0.1508198341493415,1.2571618540624385e-05,14.5,27,1,0,0,9,14.310195482335985,8.21311849122867,0.31767781346185664,0,-0.06024350398718081,"","","",0,0,0,2.8011486530303955,-4.302925109863281,""
"org.axonframework.messaging.commandhandling.gateway.DefaultCommandGateway","DefaultCommandGateway","4:7311afa2-be91-4b9a-9570-8b642d06c6d1:18863","axon-messaging-5.0.3",1,13,1,0.25274725274725274,0.15080726253080087,0.1508198341493415,1.2571618540624385e-05,28,-1,0,1,0,300,0,0,0,0,-0.07391469844101944,"","","",0,0,0,-0.40085023641586304,-1.8277338743209839,""
"org.axonframework.messaging.commandhandling.gateway.FutureCommandResult","FutureCommandResult","4:7311afa2-be91-4b9a-9570-8b642d06c6d1:18864","axon-messaging-5.0.3",1,2,1,1,0.15526388886125303,0.1558271297117518,0.0005632408504987751,2.5,27,0.8160369061326019,0,0,9,14.310195482335985,8.21311849122867,0.6606197216036057,0,-0.057681565169617255,"","","",0,0,0,2.6156163215637207,-4.7209792137146,""
"org.axonframework.messaging.commandhandling.GenericCommandMessage","GenericCommandMessage","4:7311afa2-be91-4b9a-9570-8b642d06c6d1:18865","axon-messaging-5.0.3",4,8,1,0.4090909090909091,0.1813169622437899,0.18586691883690787,0.004549956593117965,159.2,51,0.7276619505935065,0,0,12,8.240557999815792,4.835676821380427,1,0,-0.06767340900918001,"","","",0,0,0,-0.5767457485198975,-0.1649188995361328,""
"org.axonframework.messaging.commandhandling.SimpleCommandBus","SimpleCommandBus","4:7311afa2-be91-4b9a-9570-8b642d06c6d1:18866","axon-messaging-5.0.3",1,15,5,0.16666666666666666,0.15080726253080087,0.1508198341493415,1.2571618540624385e-05,27.03333333333333,62,1,0,0,7,7.310507462359965,4.501573924124906,0.9509073978307594,0,-0.061133531189838386,"","","",0,0,0,0.4570828676223755,-1.3665032386779785,""
"org.axonframework.messaging.commandhandling.tracing.CommandBusSpanFactory","CommandBusSpanFactory","4:7311afa2-be91-4b9a-9570-8b642d06c6d1:18869","axon-messaging-5.0.3",3,2,5,0.7,0.18181928547916337,0.18942842848306785,0.007609143003904473,2.5,-1,0,1,0,300,0,0,0,0,-0.02888785893363449,"","","",0,0,0,0.4005826413631439,-1.471226453781128,""
"org.axonframework.messaging.commandhandling.configuration.CommandHandlingModule","CommandHandlingModule","4:7311afa2-be91-4b9a-9570-8b642d06c6d1:18870","axon-messaging-5.0.3",5,5,4,0.42857142857142855,0.1671207754280066,0.17248096613350813,0.005360190705501533,339.6166666666666,-1,0,1,0,300,0,0,0,0,-0.05776239816350154,"","","",0,0,0,-0.9131441116333008,-4.138804912567139,""
"org.axonframework.messaging.commandhandling.configuration.CommandHandlingModule$CommandHandlerPhase","CommandHandlingModule$CommandHandlerPhase","4:7311afa2-be91-4b9a-9570-8b642d06c6d1:18871","axon-messaging-5.0.3",3,13,4,0.2,0.24344872768070422,0.3522624673002694,0.10881373961956517,493.2,-1,0,1,0,300,0,0,0,0,-0.057107224497489784,"","","",0,0,0,-1.0428829193115234,-3.8932607173919678,""
"org.axonframework.messaging.commandhandling.configuration.CommandHandlingModule$SetupPhase","CommandHandlingModule$SetupPhase","4:7311afa2-be91-4b9a-9570-8b642d06c6d1:18872","axon-messaging-5.0.3",2,1,4,1,0.17885303952964796,0.1973250426206204,0.01847200309097244,0,-1,0,1,0,300,0,0,0,0,-0.0421234582249807,"","","",0,0,0,-0.9278669953346252,-3.912060022354126,""
"org.axonframework.messaging.commandhandling.CommandPriorityCalculator","CommandPriorityCalculator","4:7311afa2-be91-4b9a-9570-8b642d06c6d1:18873","axon-messaging-5.0.3",2,1,4,1,0.16254593404950818,0.1637038447968572,0.001157910747349028,0,-1,0,1,0,300,0,0,0,0,-0.06953133832773506,"","","",0,0,0,-0.6625065207481384,-2.410458564758301,""
"org.axonframework.messaging.commandhandling.gateway.CommandResult","CommandResult","4:7311afa2-be91-4b9a-9570-8b642d06c6d1:18874","axon-messaging-5.0.3",7,3,1,0.2222222222222222,0.3249511854905819,0.41131062527766493,0.08635943978708305,144.5,27,1,0,0,9,14.310195482335985,8.21311849122867,0.6765946804073633,0,-0.053276827156957085,"","","",0,0,0,2.7390847206115723,-4.496807098388672,""
"org.axonframework.messaging.commandhandling.gateway.CommandGateway","CommandGateway","4:7311afa2-be91-4b9a-9570-8b642d06c6d1:18875","axon-messaging-5.0.3",5,4,3,0.4444444444444444,0.23841440183134094,0.2733178656002606,0.034903463768919674,2,27,1,0,1,9,14.310195482335985,8.21311849122867,0,0,-0.06663023526728007,"","","",0,0,0,2.8118765354156494,-4.2274298667907715,""
"org.axonframework.messaging.commandhandling.gateway.ConvertingCommandGateway$ConvertingCommandResult","ConvertingCommandGateway$ConvertingCommandResult","4:7311afa2-be91-4b9a-9570-8b642d06c6d1:18930","axon-messaging-5.0.3",1,3,1,0.6666666666666666,0.16771834040363423,0.17262297417503633,0.0049046337714021004,0,27,1,0,0,9,14.310195482335985,8.21311849122867,0.5107557370874121,0,-0.062256238020319044,"","","",0,0,0,2.7099833488464355,-4.5703558921813965,""
"org.axonframework.messaging.commandhandling.CommandExecutionException","CommandExecutionException","4:7311afa2-be91-4b9a-9570-8b642d06c6d1:18936","axon-messaging-5.0.3",2,1,7,0.3333333333333333,0.20682246659803274,0.24688868368259517,0.04006621708456243,11,30,0.16096795884705276,0,0,42,16.70573988201795,5.27537530291565,0.17448949695209318,0,-0.0699364953187861,"","","",0,0,0,-1.3146651983261108,4.450795650482178,""
"org.axonframework.messaging.eventhandling.NoHandlerForEventException","NoHandlerForEventException","4:7311afa2-be91-4b9a-9570-8b642d06c6d1:19274","axon-messaging-5.0.3",1,1,17,1,0.15413438134313875,0.1545200876661593,0.0003857063230205404,10,48,1,0,0,5,8.925125016830862,5.0077730599790815,0.580875914330674,0,-0.021347454125645926,"","","",0,0,0,2.2424559593200684,-0.9667945504188538,""
"org.axonframework.messaging.eventhandling.TerminalEventMessage","TerminalEventMessage","4:7311afa2-be91-4b9a-9570-8b642d06c6d1:19275","axon-messaging-5.0.3",4,4,1,0.42857142857142855,0.16137002550491636,0.16381461670201497,0.002444591197098611,175.95000000000002,45,0.43853118136207997,0,0,25,16.824409583583474,8.092903064549901,0.47478235013543985,0,-0.06166242755557949,"","","",0,0,0,2.2377004623413086,3.061171293258667,""
"org.axonframework.messaging.eventhandling.annotation.SequenceNumberParameterResolverFactory$SequenceNumberParameterResolver","SequenceNumberParameterResolverFactory$SequenceNumberParameterResolver","4:7311afa2-be91-4b9a-9570-8b642d06c6d1:19277","axon-messaging-5.0.3",1,4,3,0.4,0.17601336491287434,0.18825000000000003,0.012236635087125691,2,59,1,0,0,12,10.168472100514919,6.213656079577049,0.679181611895881,0,-0.07951304676778875,"","","",0,0,0,3.402883768081665,-2.7183432579040527,""
"org.axonframework.messaging.eventhandling.annotation.EventAppenderParameterResolverFactory","EventAppenderParameterResolverFactory","4:7311afa2-be91-4b9a-9570-8b642d06c6d1:19278","axon-messaging-5.0.3",2,4,2,0.4,0.1976215989122327,0.23662051750712532,0.03899891859489263,32,-1,0,1,0,300,0,0,0,0,-0.07833858418950318,"","","",0,0,0,2.564774751663208,-2.6083199977874756,""
"org.axonframework.messaging.eventhandling.annotation.EventAppenderParameterResolverFactory$1","EventAppenderParameterResolverFactory$1","4:7311afa2-be91-4b9a-9570-8b642d06c6d1:19279","axon-messaging-5.0.3",1,4,2,0.6666666666666666,0.19305672051864795,0.23619746247656542,0.04314074195791748,0,-1,0,1,0,300,0,0,0,0,-0.07407230337511522,"","","",0,0,0,2.8274526596069336,-2.4772088527679443,""
"org.axonframework.messaging.eventhandling.annotation.TimestampParameterResolverFactory$TimestampParameterResolver","TimestampParameterResolverFactory$TimestampParameterResolver","4:7311afa2-be91-4b9a-9570-8b642d06c6d1:19281","axon-messaging-5.0.3",1,5,2,0.26666666666666666,0.17601336491287434,0.18825000000000003,0.012236635087125691,14,-1,0,1,0,300,0,0,0,0,-0.09048313671963976,"","","",0,0,0,2.6405415534973145,-2.3786709308624268,""
"org.axonframework.messaging.eventhandling.InterceptingEventSink","InterceptingEventSink","4:7311afa2-be91-4b9a-9570-8b642d06c6d1:19285","axon-messaging-5.0.3",1,11,10,0.3484848484848485,0.1698556042183641,0.17415437413346913,0.004298769915105027,18,50,1,0,0,7,11.634277023840696,7.596667240772929,0.6526658408977698,0,-0.07602143812901241,"","","",0,0,0,2.8268206119537354,-0.8367597460746765,""
"org.axonframework.messaging.eventhandling.InterceptingEventSink$InterceptingPublisher","InterceptingEventSink$InterceptingPublisher","4:7311afa2-be91-4b9a-9570-8b642d06c6d1:19286","axon-messaging-5.0.3",1,7,10,0.4642857142857143,0.1708012520797194,0.1746718641044979,0.0038706120247784803,6,68,0.2757522135440036,0,0,33,11.052003972930834,5.033094011850401,0.7411484834408761,0,-0.08064791567422547,"","","",0,0,0,2.4996986389160156,0.2949080169200897,""
"org.axonframework.messaging.eventhandling.EventSubscribers","EventSubscribers","4:7311afa2-be91-4b9a-9570-8b642d06c6d1:19287","axon-messaging-5.0.3",1,6,3,0.23809523809523808,0.17072734346273255,0.17382863062093268,0.003101287158200128,0,59,0.9946750448909477,0,0,12,10.168472100514919,6.213656079577049,0.40180032738526955,0,-0.08005471495876804,"","","",0,0,0,3.2163784503936768,-2.1986448764801025,""
"org.axonframework.messaging.eventhandling.replay.annotation.ReplayParameterResolverFactory$ReplayParameterResolver","ReplayParameterResolverFactory$ReplayParameterResolver","4:7311afa2-be91-4b9a-9570-8b642d06c6d1:19290","axon-messaging-5.0.3",1,7,2,0.21428571428571427,0.18268119022316687,0.20464285714285718,0.021961666919690315,29,-1,0,1,0,300,0,0,0,0,-0.0446948887686347,"","","",0,0,0,3.8660781383514404,7.122954845428467,""
"org.axonframework.messaging.eventhandling.replay.annotation.ReplayContextParameterResolverFactory$ReplayContextParameterResolver","ReplayContextParameterResolverFactory$ReplayContextParameterResolver","4:7311afa2-be91-4b9a-9570-8b642d06c6d1:19292","axon-messaging-5.0.3",1,7,2,0.2857142857142857,0.1857343713688125,0.21375000000000002,0.028015628631187534,29,55,0.6454889520073805,0,0,14,6.014231230597943,2.822304309986066,0.5849929814786017,0,-0.026128653313319816,"","","",0,0,0,3.709327459335327,7.260667324066162,""
"org.axonframework.messaging.eventhandling.replay.ResetNotSupportedException","ResetNotSupportedException","4:7311afa2-be91-4b9a-9570-8b642d06c6d1:19293","axon-messaging-5.0.3",1,1,7,0,0.15173076915897768,0.15180306891277595,7.229975379827169e-05,1,-1,0,1,0,300,0,0,0,0,-0.06945914227056149,"","","",0,0,0,-1.7658611536026,3.6440207958221436,""
"org.axonframework.messaging.core.sequencing.HierarchicalSequencingPolicy","HierarchicalSequencingPolicy","4:7311afa2-be91-4b9a-9570-8b642d06c6d1:19795","axon-messaging-5.0.3",1,3,17,1,0.15413438134313875,0.1545200876661593,0.0003857063230205404,0,54,0.4287161705758982,0,0,31,15.49064396461472,7.033185086340733,1,0,-0.036784259985151835,"","","",0,0,0,2.1239066123962402,-1.0997258424758911,""
"org.axonframework.messaging.core.sequencing.SequentialPerAggregatePolicy","SequentialPerAggregatePolicy","4:7311afa2-be91-4b9a-9570-8b642d06c6d1:19796","axon-messaging-5.0.3",1,6,3,0.5238095238095238,0.15206719067156935,0.15226004383307962,0.0001928531615102702,22,59,0.9521182107279482,0,0,12,10.168472100514919,6.213656079577049,0.6094229610238668,0,-0.07714115770220153,"","","",0,0,0,2.9234845638275146,-1.8499318361282349,""
"org.axonframework.messaging.core.sequencing.SequentialPolicy","SequentialPolicy","4:7311afa2-be91-4b9a-9570-8b642d06c6d1:19797","axon-messaging-5.0.3",2,4,1,0.4666666666666667,0.17295428316847353,0.20880865494419074,0.03585437177571721,19,53,1,0,0,9,11.041331880260259,7.096146083307556,0.6314211800780941,0,-0.06146070438968587,"","","",0,0,0,2.1349122524261475,-1.1939620971679688,""
"org.axonframework.messaging.eventhandling.GenericEventMessage","GenericEventMessage","4:7311afa2-be91-4b9a-9570-8b642d06c6d1:19798","axon-messaging-5.0.3",13,10,1,0.19367588932806323,0.26922489701656754,0.3101718185115762,0.04094692149500867,512.6666666666667,-1,0,1,0,300,0,0,0,0,-0.04052333267647307,"","","",0,0,0,-0.5764975547790527,-0.09802144020795822,""
"org.axonframework.messaging.core.annotation.AbstractAnnotatedParameterResolverFactory","AbstractAnnotatedParameterResolverFactory","4:7311afa2-be91-4b9a-9570-8b642d06c6d1:19799","axon-messaging-5.0.3",5,5,2,0.15555555555555556,0.2367112163762477,0.2775,0.04078878362375232,65,-1,0,1,0,300,0,0,0,0,-0.04110977278416167,"","","",0,0,0,2.6579649448394775,-3.2500855922698975,""
"org.axonframework.messaging.eventhandling.gateway.EventAppender","EventAppender","4:7311afa2-be91-4b9a-9570-8b642d06c6d1:19802","axon-messaging-5.0.3",3,7,0,0.25,0.22286786898274458,0.2898136913455746,0.06694582236283003,110.5,-1,0,1,0,300,0,0,0,0,-0.06730775576244086,"","","",0,0,0,2.80059814453125,-2.1776435375213623,""
"org.axonframework.messaging.core.LegacyResources","LegacyResources","4:7311afa2-be91-4b9a-9570-8b642d06c6d1:19803","axon-messaging-5.0.3",7,1,3,0.2857142857142857,0.24701517905665807,0.30069837017535406,0.05368319111869599,0,-1,0,1,0,300,0,0,0,0,-0.06217207987038009,"","","",0,0,0,3.6219894886016846,-2.6873903274536133,""
"org.axonframework.messaging.core.annotation.SequencingPolicy","SequencingPolicy","4:7311afa2-be91-4b9a-9570-8b642d06c6d1:19805","axon-messaging-5.0.3",1,3,17,0.16666666666666666,0.18931028815602063,0.19958333333333336,0.010273045177312728,3,54,0.508157652790911,0,0,31,15.49064396461472,7.033185086340733,0.659623005644769,0,-0.05652045146301138,"","","",0,0,0,-1.6808276176452637,2.38804030418396,""
"org.axonframework.messaging.eventhandling.conversion.EventConverter","EventConverter","4:7311afa2-be91-4b9a-9570-8b642d06c6d1:19806","axon-messaging-5.0.3",17,2,5,0.14619883040935672,0.2755616621820944,0.3303614826936001,0.054799820511505726,68.83333333333334,-1,0,1,0,300,0,0,0,0,-0.03874286738978905,"","","",0,0,0,2.0483222007751465,2.842618465423584,""
"org.axonframework.messaging.eventhandling.processing.streaming.token.TrackingToken","TrackingToken","4:7311afa2-be91-4b9a-9570-8b642d06c6d1:19817","axon-messaging-5.0.3",56,4,6,0.07441016333938294,2.1961924955245604,3.783420450045959,1.5872279545213988,364.24999999999994,55,0.4667580901304902,0,0,14,6.014231230597943,2.822304309986066,0.5229685665452342,1,0.04374153132649444,"articleRank","pageRank","incomingDependencies",-0.27593742235893726,-0.17867326869481231,-0.14178185016857206,3.6200830936431885,7.288307189941406,""
"org.axonframework.messaging.eventhandling.processing.streaming.token.ReplayToken","ReplayToken","4:7311afa2-be91-4b9a-9570-8b642d06c6d1:19818","axon-messaging-5.0.3",5,3,6,0.2857142857142857,0.22865724123023773,0.2507562827079612,0.022099041477723458,22.666666666666664,55,1,0,0,14,6.014231230597943,2.822304309986066,0.33829896462552916,0,-0.03473896311559477,"","","",0,0,0,3.6652138233184814,7.287497520446777,""
"org.axonframework.messaging.core.SubscribableEventSource","SubscribableEventSource","4:7311afa2-be91-4b9a-9570-8b642d06c6d1:19821","axon-messaging-5.0.3",5,3,15,0.21428571428571427,0.22744534012197154,0.3524861582817459,0.12504081815977436,154.68383838383838,73,1,0,0,16,10.590054131811485,5.81365411580191,1,0,-0.029183346974495206,"","","",0,0,0,4.261144638061523,-0.03959958255290985,""
"org.axonframework.messaging.eventhandling.annotation.EventHandler","EventHandler","4:7311afa2-be91-4b9a-9570-8b642d06c6d1:19853","axon-messaging-5.0.3",3,2,2,0,0.19312466303491616,0.31362500000000004,0.12050033696508389,63.916666666666664,54,0.40620954520566294,0,0,31,15.49064396461472,7.033185086340733,0.6238342385746463,0,-0.07211728119069694,"","","",0,0,0,-2.106337070465088,1.9994031190872192,""
"org.axonframework.messaging.eventhandling.replay.annotation.AllowReplay","AllowReplay","4:7311afa2-be91-4b9a-9570-8b642d06c6d1:19857","axon-messaging-5.0.3",2,1,17,0,0.17955458331773322,0.2873076923076924,0.10775310898995916,2,-1,0,1,0,300,0,0,0,0,-0.07020876632342943,"","","",0,0,0,-1.5979560613632202,2.5220565795898438,""
"org.axonframework.messaging.eventhandling.annotation.MethodSequencingPolicyEventHandlerDefinition$SequencingPolicyEventMessageHandlingMember","MethodSequencingPolicyEventHandlerDefinition$SequencingPolicyEventMessageHandlingMember","4:7311afa2-be91-4b9a-9570-8b642d06c6d1:19957","axon-messaging-5.0.3",2,6,17,0.25,0.17197347047674427,0.17730042375787158,0.005326953281127311,40,54,0.6218469958350691,0,0,31,15.49064396461472,7.033185086340733,0.5446279527901097,0,-0.047347573422205635,"","","",0,0,0,-1.5636428594589233,2.0580012798309326,""
"org.axonframework.messaging.eventhandling.annotation.AnnotatedEventHandlingComponent","AnnotatedEventHandlingComponent","4:7311afa2-be91-4b9a-9570-8b642d06c6d1:19958","axon-messaging-5.0.3",1,22,17,0.23715415019762845,0.16424760649621578,0.1826991059184723,0.018451499422256518,661.1547619047618,54,0.49022995375547035,0,0,31,15.49064396461472,7.033185086340733,0.5847052382446934,0,-0.022777288074804114,"","","",0,0,0,-1.440686583518982,1.636272668838501,""
"org.axonframework.messaging.eventhandling.annotation.MethodEventHandlerDefinition$MethodEventMessageHandlingMember","MethodEventHandlerDefinition$MethodEventMessageHandlingMember","4:7311afa2-be91-4b9a-9570-8b642d06c6d1:19959","axon-messaging-5.0.3",1,8,17,0.3055555555555556,0.1728987341772152,0.181875,0.008976265822784796,24.5,54,0.7065970552415849,0,0,31,15.49064396461472,7.033185086340733,0.33088276945158707,0,-0.05582602642607515,"","","",0,0,0,-1.7895370721817017,1.9266027212142944,""
"org.axonframework.messaging.eventhandling.replay.annotation.ReplayAwareMessageHandlerWrapper$ReplayBlockingMessageHandlingMember","ReplayAwareMessageHandlerWrapper$ReplayBlockingMessageHandlingMember","4:7311afa2-be91-4b9a-9570-8b642d06c6d1:19960","axon-messaging-5.0.3",1,8,17,0.3611111111111111,0.17160531122664047,0.17942307692307696,0.007817765696436496,34,55,0.3206732073483584,0,0,14,6.014231230597943,2.822304309986066,0.8592943441421621,0,-0.02824846011560228,"","","",0,0,0,3.7950968742370605,7.238462924957275,""
"org.axonframework.messaging.eventhandling.annotation.EventHandlingMember","EventHandlingMember","4:7311afa2-be91-4b9a-9570-8b642d06c6d1:19975","axon-messaging-5.0.3",2,2,17,0.6666666666666666,0.16171864933297805,0.165925442761658,0.004206793428679939,35,54,0.7065970552415849,0,0,31,15.49064396461472,7.033185086340733,0.31795346446110206,0,-0.04369809269728164,"","","",0,0,0,-1.7352092266082764,1.7303671836853027,""
"org.axonframework.messaging.core.annotation.UnsupportedHandlerException","UnsupportedHandlerException","4:7311afa2-be91-4b9a-9570-8b642d06c6d1:19977","axon-messaging-5.0.3",4,1,17,0,0.23392955245930638,0.2554073945687237,0.021477842109417306,12,54,0.6218469958350691,0,0,31,15.49064396461472,7.033185086340733,0.6156174259343066,0,-0.05376246583879163,"","","",0,0,0,-1.6088488101959229,2.155301809310913,""
"org.axonframework.messaging.eventhandling.EventSink","EventSink","4:7311afa2-be91-4b9a-9570-8b642d06c6d1:19981","axon-messaging-5.0.3",14,3,0,0.22794117647058823,0.384321407616594,0.5574859451843287,0.1731645375677347,30.816666666666666,-1,0,1,0,300,0,0,0,0,-0.04359463444564504,"","","",0,0,0,2.3741698265075684,-1.9060214757919312,""
"org.axonframework.messaging.eventhandling.replay.ResetContext","ResetContext","4:7311afa2-be91-4b9a-9570-8b642d06c6d1:19982","axon-messaging-5.0.3",2,3,1,0.4,0.1861879691724883,0.23415000000000002,0.047962030827511715,9,-1,0,1,0,300,0,0,0,0,-0.07338405518053764,"","","",0,0,0,0.05831274390220642,-0.30078956484794617,""
"org.axonframework.messaging.eventhandling.EventBus","EventBus","4:7311afa2-be91-4b9a-9570-8b642d06c6d1:19983","axon-messaging-5.0.3",8,3,0,0.14545454545454545,0.3259221423165281,0.3922659642682515,0.06634382195172339,121.66666666666666,50,1,0,0,7,11.634277023840696,7.596667240772929,0.6856551569215726,0,-0.051203179194219295,"","","",0,0,0,3.3777923583984375,-1.638105869293213,""
"org.axonframework.messaging.eventhandling.processing.EventProcessor","EventProcessor","4:7311afa2-be91-4b9a-9570-8b642d06c6d1:20907","axon-messaging-5.0.3",7,1,14,0.2857142857142857,0.23002051305107005,0.2533230776905232,0.023302564639453155,9.399999999999999,22,0.5069426955876947,0,0,10,17.97838861355558,8.642570765933488,0.88701904235435,0,-0.02459511363815392,"","","",0,0,0,2.3599116802215576,6.756694793701172,""
"org.axonframework.messaging.eventhandling.gateway.EventGateway","EventGateway","4:7311afa2-be91-4b9a-9570-8b642d06c6d1:20909","axon-messaging-5.0.3",2,1,3,0.6666666666666666,0.15848125210745553,0.16150290528755307,0.0030216531800975333,0,49,0.5297720962948276,0,0,7,8.77731696749106,4.524114189004259,1,0,-0.0807696365920656,"","","",0,0,0,1.5904743671417236,-2.0829827785491943,""
"org.axonframework.messaging.eventhandling.processing.EventProcessingException","EventProcessingException","4:7311afa2-be91-4b9a-9570-8b642d06c6d1:20910","axon-messaging-5.0.3",3,1,15,0,0.18947299312810714,0.21947704743074942,0.030004054302642275,17,30,0.04253832822860324,0,0,42,16.70573988201795,5.27537530291565,0.6426672286552267,0,-0.058600576535851434,"","","",0,0,0,-1.637017011642456,4.110532760620117,""
"org.axonframework.messaging.eventhandling.processing.streaming.token.GapAwareTrackingToken","GapAwareTrackingToken","4:7311afa2-be91-4b9a-9570-8b642d06c6d1:20911","axon-messaging-5.0.3",3,3,12,0.3333333333333333,0.2638896023537086,0.32149004211198245,0.057600439758273836,12,45,0.5816770031051686,0,0,25,16.824409583583474,8.092903064549901,0.5627748977867718,0,-0.03705025398725609,"","","",0,0,0,3.1356377601623535,5.173110485076904,""
"org.axonframework.messaging.eventhandling.processing.streaming.token.LatestTrackingToken","LatestTrackingToken","4:7311afa2-be91-4b9a-9570-8b642d06c6d1:20912","axon-messaging-5.0.3",1,1,6,0,0.2769563484555477,0.4715907382539065,0.19463438979835884,0,55,1,0,0,14,6.014231230597943,2.822304309986066,0,0,-0.0453890069009239,"","","",0,0,0,3.5030484199523926,7.182982921600342,""
"org.axonframework.messaging.eventhandling.processing.streaming.token.annotation.TrackingTokenParameterResolverFactory$TrackingTokenParameterResolver","TrackingTokenParameterResolverFactory$TrackingTokenParameterResolver","4:7311afa2-be91-4b9a-9570-8b642d06c6d1:20913","axon-messaging-5.0.3",1,5,6,0.4,0.19014489915801844,0.21375000000000002,0.023605100841981586,1.5,55,1,0,0,14,6.014231230597943,2.822304309986066,0.24409980931893363,0,-0.04752542238134505,"","","",0,0,0,3.58221697807312,7.24808931350708,""
"org.axonframework.messaging.eventhandling.processing.streaming.token.store.inmemory.InMemoryTokenStore","InMemoryTokenStore","4:7311afa2-be91-4b9a-9570-8b642d06c6d1:20915","axon-messaging-5.0.3",1,11,6,0.10606060606060606,0.1535965657714867,0.1538667525512454,0.00027018677975870764,34,-1,0,1,0,300,0,0,0,0,-0.07298003119228808,"","","",0,0,0,-4.717288494110107,2.16481351852417,""
"org.axonframework.messaging.eventhandling.interception.InterceptingEventHandlingComponent","InterceptingEventHandlingComponent","4:7311afa2-be91-4b9a-9570-8b642d06c6d1:20916","axon-messaging-5.0.3",2,11,0,0.32051282051282054,0.15475335168515703,0.1553437369356579,0.0005903852505008689,134.1,73,0.7678625154650753,0,0,16,10.590054131811485,5.81365411580191,0.9430771530645617,0,-0.07423377968341799,"","","",0,0,0,3.3698055744171143,-0.6269263029098511,""
"org.axonframework.messaging.eventhandling.interception.EventMessageHandlerInterceptorChain","EventMessageHandlerInterceptorChain","4:7311afa2-be91-4b9a-9570-8b642d06c6d1:20917","axon-messaging-5.0.3",1,10,0,0.5636363636363636,0.1697034774763426,0.17400764924102555,0.004304171764682951,12,50,1,0,0,7,11.634277023840696,7.596667240772929,1,0,-0.07803880415701209,"","","",0,0,0,2.521552324295044,-0.45546454191207886,""
"org.axonframework.messaging.eventhandling.SimpleEventBus","SimpleEventBus","4:7311afa2-be91-4b9a-9570-8b642d06c6d1:20918","axon-messaging-5.0.3",2,8,3,0.15555555555555556,0.1654285609310133,0.16820218864390651,0.0027736277128932174,31.166666666666668,59,0.9946750448909477,0,1,12,10.168472100514919,6.213656079577049,0,0,-0.08586549671469074,"","","",0,0,0,3.109086513519287,-2.1572577953338623,""
"org.axonframework.messaging.eventhandling.gateway.EventPublishingUtils","EventPublishingUtils","4:7311afa2-be91-4b9a-9570-8b642d06c6d1:20921","axon-messaging-5.0.3",2,5,1,0.5238095238095238,0.16849835056024873,0.17480466562494543,0.006306315064696699,87.66666666666667,-1,0,1,0,300,0,0,0,0,-0.07615589273156487,"","","",0,0,0,-0.6786910891532898,-0.22927865386009216,""
"org.axonframework.messaging.eventhandling.gateway.DefaultEventGateway","DefaultEventGateway","4:7311afa2-be91-4b9a-9570-8b642d06c6d1:20922","axon-messaging-5.0.3",1,7,0,0.2857142857142857,0.15080726253080087,0.1508198341493415,1.2571618540624385e-05,12.666666666666666,-1,0,1,0,300,0,0,0,0,-0.07327966357134491,"","","",0,0,0,1.908389687538147,-1.8595682382583618,""
"org.axonframework.messaging.eventhandling.gateway.ProcessingContextEventAppender","ProcessingContextEventAppender","4:7311afa2-be91-4b9a-9570-8b642d06c6d1:20923","axon-messaging-5.0.3",1,9,0,0.25,0.1763987960754714,0.19105693960728976,0.014658143531818352,56.5,-1,0,1,0,300,0,0,0,0,-0.06486291505253278,"","","",0,0,0,2.4679906368255615,-2.062155246734619,""
"org.axonframework.messaging.eventhandling.conversion.DelegatingEventConverter","DelegatingEventConverter","4:7311afa2-be91-4b9a-9570-8b642d06c6d1:20924","axon-messaging-5.0.3",2,7,8,0.4444444444444444,0.16679598861073708,0.17319845688585186,0.0064024682751147866,0,15,0.23424316000016213,0,0,9,8.733762728516012,3.1200047928788184,0.904517727471973,0,-0.04761858043846906,"","","",0,0,0,-0.639884889125824,-2.4484896659851074,""
"org.axonframework.messaging.eventhandling.processing.streaming.token.WrappedToken","WrappedToken","4:7311afa2-be91-4b9a-9570-8b642d06c6d1:21001","axon-messaging-5.0.3",6,1,6,0.5238095238095238,0.2544132635463981,0.27345465653673595,0.019041392990337858,16,55,0.7617143382223271,0,0,14,6.014231230597943,2.822304309986066,0.5867430652045766,0,-0.01536771673399212,"","","",0,0,0,3.6593422889709473,7.314273357391357,""
"org.axonframework.messaging.eventhandling.processing.streaming.segmenting.Segment","Segment","4:7311afa2-be91-4b9a-9570-8b642d06c6d1:21002","axon-messaging-5.0.3",23,4,6,0.16524216524216523,0.6402562630158763,1.0278231314310098,0.38756686841513344,64.66666666666667,-1,0,1,0,300,0,0,0,0,-0.018898162461117363,"","","",0,0,0,-5.280766010284424,2.1462788581848145,""
"org.axonframework.messaging.eventhandling.processing.streaming.token.store.TokenStore","TokenStore","4:7311afa2-be91-4b9a-9570-8b642d06c6d1:21003","axon-messaging-5.0.3",17,3,6,0.3157894736842105,0.2709874949656741,0.28795244399155695,0.01696494902588286,27.5,56,0.4708269528799559,0,0,25,12.203622698085383,5.530092488967348,0.6999055188394891,0,-0.03500900462446266,"","","",0,0,0,-9.938715934753418,-2.7430477142333984,""
"org.axonframework.messaging.eventhandling.processing.streaming.token.GlobalSequenceTrackingToken","GlobalSequenceTrackingToken","4:7311afa2-be91-4b9a-9570-8b642d06c6d1:21005","axon-messaging-5.0.3",8,2,12,0.26666666666666666,0.25640467164307124,0.27713516853594405,0.02073049689287282,3.5,55,0.25516437102338035,0,0,14,6.014231230597943,2.822304309986066,1,0,-0.0432569251563269,"","","",0,0,0,3.455345392227173,7.0341386795043945,""
"org.axonframework.messaging.eventhandling.DelegatingEventHandlingComponent","DelegatingEventHandlingComponent","4:7311afa2-be91-4b9a-9570-8b642d06c6d1:21007","axon-messaging-5.0.3",4,7,15,0.45454545454545453,0.19736168361655476,0.2075379732359488,0.010176289619394041,25.750000000000004,-1,0,1,0,300,0,0,0,0,-0.05463332119000952,"","","",0,0,0,3.0705745220184326,-0.7968631982803345,""
"org.axonframework.messaging.core.conversion.DelegatingMessageConverter","DelegatingMessageConverter","4:7311afa2-be91-4b9a-9570-8b642d06c6d1:21011","axon-messaging-5.0.3",3,5,1,0.4642857142857143,0.17302504219979417,0.18082570048918956,0.007800658289395385,30,15,0.23424316000016213,0,0,9,8.733762728516012,3.1200047928788184,1,0,-0.05645329711875835,"","","",0,0,0,-0.44613465666770935,-2.424860715866089,""
"org.axonframework.messaging.eventhandling.processing.streaming.token.store.UnableToClaimTokenException","UnableToClaimTokenException","4:7311afa2-be91-4b9a-9570-8b642d06c6d1:21028","axon-messaging-5.0.3",4,1,6,0,0.18615506614486824,0.18762131269711413,0.0014662465522458923,12,57,0.5942378699228646,0,0,21,8.8680087600369,3.413620540356663,0.33065195462567765,0,-0.05941230863287639,"","","",0,0,0,-5.110134124755859,1.9513989686965942,""
"org.axonframework.messaging.eventhandling.processing.streaming.token.store.UnableToInitializeTokenException","UnableToInitializeTokenException","4:7311afa2-be91-4b9a-9570-8b642d06c6d1:21029","axon-messaging-5.0.3",3,1,6,0,0.15686546949580646,0.15719390445188242,0.00032843495607595696,5,57,0.2520876780877775,0,0,21,8.8680087600369,3.413620540356663,0.7825563116971642,0,-0.06466483762590197,"","","",0,0,0,-5.068240165710449,1.9976391792297363,""
"org.axonframework.messaging.eventhandling.processing.streaming.token.store.inmemory.InMemoryTokenStore$SegmentAndToken","InMemoryTokenStore$SegmentAndToken","4:7311afa2-be91-4b9a-9570-8b642d06c6d1:21030","axon-messaging-5.0.3",1,2,6,0.6666666666666666,0.17757160928467863,0.17906371118456665,0.0014921018998880209,0,-1,0,1,0,300,0,0,0,0,-0.07939884574559247,"","","",0,0,0,-4.73300313949585,2.2217414379119873,""
"org.axonframework.messaging.eventhandling.interception.EventMessageHandlerInterceptorChain$InterceptingHandler","EventMessageHandlerInterceptorChain$InterceptingHandler","4:7311afa2-be91-4b9a-9570-8b642d06c6d1:21032","axon-messaging-5.0.3",1,8,0,0.6666666666666666,0.1662052177082037,0.17016906203086327,0.00396384432265956,0,50,1,0,0,7,11.634277023840696,7.596667240772929,0.9272760101150022,0,-0.08012021935640107,"","","",0,0,0,2.5150110721588135,-0.6299072504043579,""
"org.axonframework.messaging.core.unitofwork.transaction.TransactionalExecutorProvider","TransactionalExecutorProvider","4:7311afa2-be91-4b9a-9570-8b642d06c6d1:22005","axon-messaging-5.0.3",5,3,6,0.5357142857142857,0.1755677749222954,0.18760021592362705,0.012032441001331662,74.46111111111111,57,0.7743976647651344,0,0,21,8.8680087600369,3.413620540356663,0.39552617867200024,0,-0.06326716393213,"","","",0,0,0,-5.1911845207214355,2.131559133529663,""
"org.axonframework.messaging.eventhandling.processing.streaming.token.store.jdbc.TokenSchema","TokenSchema","4:7311afa2-be91-4b9a-9570-8b642d06c6d1:22052","axon-messaging-5.0.3",6,1,6,0.26666666666666666,0.6285358732065709,3.15246980759492,2.523933934388349,6,57,1,0,0,21,8.8680087600369,3.413620540356663,0.12532184255660309,0,-0.023777601277853055,"","","",0,0,0,-5.284686088562012,1.5075260400772095,""
"org.axonframework.messaging.eventhandling.processing.streaming.token.store.jdbc.TokenSchema$Builder","TokenSchema$Builder","4:7311afa2-be91-4b9a-9570-8b642d06c6d1:22053","axon-messaging-5.0.3",1,1,6,0,0.5423027720852438,2.8293876182505744,2.287084846165331,0,57,1,0,0,21,8.8680087600369,3.413620540356663,0.1931874373633956,0,-0.02374341440430333,"","","",0,0,0,-5.3124165534973145,1.552913784980774,""
"org.axonframework.messaging.eventhandling.processing.streaming.token.store.jdbc.GenericTokenTableFactory","GenericTokenTableFactory","4:7311afa2-be91-4b9a-9570-8b642d06c6d1:22054","axon-messaging-5.0.3",1,2,6,0.3333333333333333,0.1880371057513915,0.2775,0.08946289424860854,3,57,1,0,0,21,8.8680087600369,3.413620540356663,0.19925564106251475,0,-0.058585609154768514,"","","",0,0,0,-5.340451240539551,1.447402834892273,""
"org.axonframework.messaging.eventhandling.processing.streaming.token.store.ConfigToken","ConfigToken","4:7311afa2-be91-4b9a-9570-8b642d06c6d1:22056","axon-messaging-5.0.3",2,1,6,0.6666666666666666,0.1577525922103835,0.15803031387993796,0.0002777216695544482,0,57,0.47940432251765597,0,0,21,8.8680087600369,3.413620540356663,0.41965840265118615,0,-0.057846213341225916,"","","",0,0,0,-5.245632171630859,1.9674346446990967,""
"org.axonframework.messaging.eventhandling.processing.streaming.token.store.jdbc.JdbcTokenEntry","JdbcTokenEntry","4:7311afa2-be91-4b9a-9570-8b642d06c6d1:22057","axon-messaging-5.0.3",1,5,6,0.26666666666666666,0.16902957502875102,0.16936111111111113,0.0003315360823601121,1,57,1,0,0,21,8.8680087600369,3.413620540356663,0.0989262147109084,0,-0.06151586865344849,"","","",0,0,0,-5.198639392852783,1.7180942296981812,""
"org.axonframework.messaging.eventhandling.processing.streaming.token.store.jpa.TokenEntry","TokenEntry","4:7311afa2-be91-4b9a-9570-8b642d06c6d1:22060","axon-messaging-5.0.3",1,6,6,0.23809523809523808,0.1806247545582042,0.18212835660580023,0.001503602047596031,2,58,1,0,0,5,4.955102028092369,2.921165375993587,0.5794608480831162,0,-0.048749459402322615,"","","",0,0,0,-5.178527355194092,2.5583837032318115,""
"org.axonframework.messaging.eventhandling.processing.streaming.token.store.jpa.JpaTokenStore","JpaTokenStore","4:7311afa2-be91-4b9a-9570-8b642d06c6d1:22061","axon-messaging-5.0.3",1,17,6,0.1111111111111111,0.16075768706055202,0.16342105263157897,0.002663365571026949,12,58,1,0,0,5,4.955102028092369,2.921165375993587,1,0,-0.03407539425315559,"","","",0,0,0,-5.119657516479492,2.4776735305786133,""
"org.axonframework.messaging.eventhandling.processing.streaming.token.store.jdbc.TokenTableFactory","TokenTableFactory","4:7311afa2-be91-4b9a-9570-8b642d06c6d1:22062","axon-messaging-5.0.3",3,1,6,0.5,0.16859378976590256,0.18169791666666668,0.013104126900764124,8,57,0.29718510892095895,0,0,21,8.8680087600369,3.413620540356663,0.421696238454311,0,-0.03336941766002072,"","","",0,0,0,-5.382177352905273,1.5457011461257935,""
"org.axonframework.messaging.eventhandling.processing.streaming.token.store.jdbc.JdbcTokenStoreConfiguration","JdbcTokenStoreConfiguration","4:7311afa2-be91-4b9a-9570-8b642d06c6d1:22076","axon-messaging-5.0.3",1,2,6,0.6666666666666666,0.15185654390524403,0.1518888888888889,3.234498364487748e-05,0,57,0.29718510892095895,0,0,21,8.8680087600369,3.413620540356663,0.42426681917702885,0,-0.02728845972234717,"","","",0,0,0,-5.4097700119018555,1.5144493579864502,""
"org.axonframework.messaging.eventhandling.processing.streaming.token.store.jpa.JpaTokenStoreConfiguration","JpaTokenStoreConfiguration","4:7311afa2-be91-4b9a-9570-8b642d06c6d1:22077","axon-messaging-5.0.3",2,1,6,0.6666666666666666,0.16436059936151723,0.16720085929108489,0.0028402599295676567,0,58,1,0,1,5,4.955102028092369,2.921165375993587,0,0,-0.04963067517129299,"","","",0,0,0,-5.163604736328125,2.6444969177246094,""
"org.axonframework.messaging.eventhandling.processing.streaming.token.store.UnableToRetrieveIdentifierException","UnableToRetrieveIdentifierException","4:7311afa2-be91-4b9a-9570-8b642d06c6d1:22078","axon-messaging-5.0.3",2,1,6,0,0.15365800005572663,0.15377879221864185,0.00012079216291521755,3,57,0.9093732205740345,0,0,21,8.8680087600369,3.413620540356663,0.19440200876849603,0,-0.05294057303631172,"","","",0,0,0,-5.102443695068359,1.8401188850402832,""
"org.axonframework.messaging.eventhandling.processing.streaming.pooled.PooledStreamingEventProcessor","PooledStreamingEventProcessor","4:7311afa2-be91-4b9a-9570-8b642d06c6d1:23028","axon-messaging-5.0.3",2,35,6,0.19206349206349208,0.1625946540412446,0.16439753992709133,0.0018028858858467334,616.8896103896103,56,0.6042098831936229,0,0,25,12.203622698085383,5.530092488967348,0.4535212809898774,0,-0.018820234635035238,"","","",0,0,0,-9.97875690460205,-2.8227462768554688,""
"org.axonframework.messaging.eventhandling.processing.streaming.pooled.EventSchedulingProcessingContext","EventSchedulingProcessingContext","4:7311afa2-be91-4b9a-9570-8b642d06c6d1:23029","axon-messaging-5.0.3",2,7,3,0.2777777777777778,0.16906047938058077,0.1727293263476947,0.00366884696711392,4.5,60,1,0,0,12,9.36621174402535,5.610727978588936,0.3404997911361947,0,-0.06356274577430687,"","","",0,0,0,3.943162441253662,-2.639174699783325,""
"org.axonframework.messaging.core.ConfigurationApplicationContext","ConfigurationApplicationContext","4:7311afa2-be91-4b9a-9570-8b642d06c6d1:23030","axon-messaging-5.0.3",2,3,4,0.3,0.1552149963504024,0.1560658433543321,0.0008508470039297056,0.8095238095238095,-1,0,1,0,300,0,0,0,0,-0.08504278132873316,"","","",0,0,0,-2.004863739013672,-3.7635324001312256,""
"org.axonframework.messaging.core.EmptyApplicationContext","EmptyApplicationContext","4:7311afa2-be91-4b9a-9570-8b642d06c6d1:23031","axon-messaging-5.0.3",3,2,15,0.3,0.17095199088822538,0.17808502192100872,0.0071330310327833435,10.166666666666666,-1,0,1,0,300,0,0,0,0,-0.058322217326462256,"","","",0,0,0,4.64519739151001,0.0932701975107193,""
"org.axonframework.messaging.eventstreaming.EventTypeRestrictableEventCriteria","EventTypeRestrictableEventCriteria","4:7311afa2-be91-4b9a-9570-8b642d06c6d1:23032","axon-messaging-5.0.3",6,4,12,0.4166666666666667,0.4190894020822258,0.7321718049264656,0.3130824028442398,551.0333333333332,26,0.988688466550702,0,0,8,9.644403527490795,4.003974915598519,0.43712619732089897,0,-0.004693787968431118,"","","",0,0,0,0.7067376375198364,6.107096195220947,""
"org.axonframework.messaging.eventhandling.processing.streaming.pooled.Coordinator$NoToken","Coordinator$NoToken","4:7311afa2-be91-4b9a-9570-8b642d06c6d1:23034","axon-messaging-5.0.3",2,1,6,1,0.15490109875593888,0.15515841841365913,0.00025731965772024523,0,56,0.6184198699801515,0,0,25,12.203622698085383,5.530092488967348,0.32223237045541636,0,-0.03073138697265626,"","","",0,0,0,-9.838288307189941,-3.1116228103637695,""
"org.axonframework.messaging.eventhandling.processing.streaming.pooled.Coordinator$RunState","Coordinator$RunState","4:7311afa2-be91-4b9a-9570-8b642d06c6d1:23035","axon-messaging-5.0.3",2,1,6,1,0.19017983037514957,0.19320088202839672,0.0030210516532471476,0,56,0.8664849347660731,0,0,25,12.203622698085383,5.530092488967348,0.23914796739821118,0,-0.009455569287112997,"","","",0,0,0,-9.829071044921875,-3.148465871810913,""
"org.axonframework.messaging.eventhandling.processing.streaming.pooled.Coordinator","Coordinator","4:7311afa2-be91-4b9a-9570-8b642d06c6d1:23037","axon-messaging-5.0.3",3,23,6,0.3333333333333333,0.25111344851194883,0.2557477271917624,0.004634278679813586,195.83333333333331,56,1,0,0,25,12.203622698085383,5.530092488967348,0.10043855507238712,0,-0.022930835925129067,"","","",0,0,0,-9.775728225708008,-3.2115659713745117,""
"org.axonframework.messaging.eventhandling.processing.streaming.pooled.WorkPackage","WorkPackage","4:7311afa2-be91-4b9a-9570-8b642d06c6d1:23039","axon-messaging-5.0.3",8,22,6,0.29064039408866993,0.23039969143343875,0.24001799030566756,0.009618298872228814,355.5833333333333,56,0.6184198699801515,0,0,25,12.203622698085383,5.530092488967348,0.3148838955928939,0,-0.02610907478563196,"","","",0,0,0,-9.920495986938477,-2.925366163253784,""
"org.axonframework.messaging.eventstreaming.StreamingCondition","StreamingCondition","4:7311afa2-be91-4b9a-9570-8b642d06c6d1:23042","axon-messaging-5.0.3",13,5,12,0.225,0.2594518415498101,0.32386945078746965,0.06441760923765955,629.6285714285714,-1,0,1,0,300,0,0,0,0,-0.04314606997838322,"","","",0,0,0,3.447923183441162,6.942111015319824,""
"org.axonframework.messaging.eventhandling.processing.streaming.segmenting.TrackerStatus","TrackerStatus","4:7311afa2-be91-4b9a-9570-8b642d06c6d1:23043","axon-messaging-5.0.3",7,6,6,0.46153846153846156,0.23502262623758557,0.24312767552713105,0.008105049289545474,26.5,56,0.329498950215096,0,0,25,12.203622698085383,5.530092488967348,1,0,-0.019054343916763805,"","","",0,0,0,3.734344482421875,7.4575910568237305,""
"org.axonframework.messaging.eventhandling.configuration.EventProcessorModule","EventProcessorModule","4:7311afa2-be91-4b9a-9570-8b642d06c6d1:23045","axon-messaging-5.0.3",6,7,15,0.4722222222222222,0.19374484332140718,0.2207697180843617,0.02702487476295451,1018.6129870129871,73,1,0,0,16,10.590054131811485,5.81365411580191,0.16037332503503307,0,-0.028157459305310883,"","","",0,0,0,4.796994686126709,-0.2202075719833374,""
"org.axonframework.messaging.eventhandling.configuration.EventProcessorModule$EventHandlingPhase","EventProcessorModule$EventHandlingPhase","4:7311afa2-be91-4b9a-9570-8b642d06c6d1:23046","axon-messaging-5.0.3",5,5,15,0.6111111111111112,0.1942459880842325,0.21116946186221508,0.01692347377798259,179.7547619047619,73,1,0,0,16,10.590054131811485,5.81365411580191,0.19583936675712368,0,-0.030260327154653377,"","","",0,0,0,4.79640007019043,-0.20614786446094513,""
"org.axonframework.messaging.eventhandling.configuration.EventProcessorModule$CustomizationPhase","EventProcessorModule$CustomizationPhase","4:7311afa2-be91-4b9a-9570-8b642d06c6d1:23047","axon-messaging-5.0.3",6,3,15,0.6785714285714286,0.20014969413418424,0.2256713131713258,0.025521619037141563,9.166666666666666,73,1,0,1,16,10.590054131811485,5.81365411580191,0,0,-0.040307876563676015,"","","",0,0,0,4.7055206298828125,-0.2783133387565613,""
"org.axonframework.messaging.eventhandling.processing.streaming.pooled.PooledStreamingEventProcessorModule$Customization","PooledStreamingEventProcessorModule$Customization","4:7311afa2-be91-4b9a-9570-8b642d06c6d1:23048","axon-messaging-5.0.3",2,2,15,1,0.17412301902366567,0.17619741079780266,0.0020743917741369855,0,-1,0,1,0,300,0,0,0,0,-0.030663800551576914,"","","",0,0,0,4.8925089836120605,-0.08652237802743912,""
"org.axonframework.messaging.eventhandling.configuration.EventHandlingComponentsConfigurer$CompletePhase","EventHandlingComponentsConfigurer$CompletePhase","4:7311afa2-be91-4b9a-9570-8b642d06c6d1:23049","axon-messaging-5.0.3",8,3,15,0.4,0.26008475828079686,0.36650497078820754,0.10642021250741068,7.5,73,1,0,0,16,10.590054131811485,5.81365411580191,0.4566040567795178,0,-0.048769555579681545,"","","",0,0,0,4.523587226867676,-0.4188097417354584,""
"org.axonframework.messaging.eventhandling.configuration.EventHandlingComponentsConfigurer$RequiredComponentPhase","EventHandlingComponentsConfigurer$RequiredComponentPhase","4:7311afa2-be91-4b9a-9570-8b642d06c6d1:23050","axon-messaging-5.0.3",7,1,15,0.32142857142857145,0.21197619950017751,0.25100287306838914,0.03902667356821163,553.9761904761905,73,1,0,0,16,10.590054131811485,5.81365411580191,0.23807200505133397,0,-0.042069786165870704,"","","",0,0,0,4.699728488922119,-0.341292142868042,""
"org.axonframework.messaging.core.Context","Context","4:7311afa2-be91-4b9a-9570-8b642d06c6d1:23056","axon-messaging-5.0.3",24,4,10,0.23384615384615384,3.2636256253729847,8.23115246703934,4.967526841666356,2039.7333333333336,-1,0,1,0,300,0,0,0,1,0.030430796698002804,"articleRank","pageRank","pageToArticleRankDifference",-0.34005036290583224,-0.22914330602023575,-0.15232949761064576,2.6874067783355713,2.65549635887146,""
"org.axonframework.messaging.eventstreaming.TrackingTokenSource","TrackingTokenSource","4:7311afa2-be91-4b9a-9570-8b642d06c6d1:23058","axon-messaging-5.0.3",6,2,6,0.6428571428571429,0.2185365121744597,0.25758523818199935,0.03904872600753964,39.5,56,0.5741088152609246,0,0,25,12.203622698085383,5.530092488967348,0.5997453049614272,0,-0.05806882964619925,"","","",0,0,0,-9.965408325195312,-2.8384037017822266,""
"org.axonframework.messaging.eventhandling.processing.streaming.segmenting.EventTrackerStatus","EventTrackerStatus","4:7311afa2-be91-4b9a-9570-8b642d06c6d1:23059","axon-messaging-5.0.3",8,2,14,0.3111111111111111,0.42631101068984345,0.7326893071154931,0.3063782964256496,62.5,22,1,0,0,10,17.97838861355558,8.642570765933488,0.2767035636619666,0,-0.029022846649470024,"","","",0,0,0,2.3644323348999023,6.98431921005249,""
"org.axonframework.messaging.eventhandling.configuration.EventProcessorConfiguration","EventProcessorConfiguration","4:7311afa2-be91-4b9a-9570-8b642d06c6d1:23060","axon-messaging-5.0.3",8,19,15,0.16524216524216523,0.42242606211383826,0.5461655534020704,0.12373949128823214,442.87193362193364,73,1,0,0,16,10.590054131811485,5.81365411580191,0.5572668267846164,0,-0.019472050689504194,"","","",0,0,0,4.69289493560791,-0.20405645668506622,""
"org.axonframework.messaging.eventstreaming.StreamableEventSource","StreamableEventSource","4:7311afa2-be91-4b9a-9570-8b642d06c6d1:23061","axon-messaging-5.0.3",7,5,6,0.36363636363636365,0.19463040625898648,0.22201417453956657,0.02738376828058009,643.6438672438672,56,0.8664849347660731,0,0,25,12.203622698085383,5.530092488967348,0.23575528964266973,0,-0.01807879903159243,"","","",0,0,0,-9.73426342010498,-3.2369117736816406,""
"org.axonframework.messaging.eventstreaming.EventCriteria","EventCriteria","4:7311afa2-be91-4b9a-9570-8b642d06c6d1:23064","axon-messaging-5.0.3",28,8,12,0.16091954022988506,1.1795650591330178,2.324953692764741,1.1453886336317232,1405.5944444444442,26,0.33632462781233485,0,0,8,9.644403527490795,4.003974915598519,1,1,0.03319232948053158,"articleRank","pageRank","pageToArticleRankDifference",-0.335447813600899,-0.2035898307396983,-0.1040421069794237,0.7063335180282593,6.038632392883301,""
"org.axonframework.messaging.eventhandling.processing.errorhandling.ErrorHandler","ErrorHandler","4:7311afa2-be91-4b9a-9570-8b642d06c6d1:23065","axon-messaging-5.0.3",7,1,15,0.35714285714285715,0.22143083728923654,0.2516523591935308,0.030221521904294252,37.878787878787875,-1,0,1,0,300,0,0,0,0,-0.033582994110733844,"","","",0,0,0,4.308274269104004,-0.10282659530639648,""
"org.axonframework.messaging.eventhandling.processing.streaming.pooled.Coordinator$CoordinationTask","Coordinator$CoordinationTask","4:7311afa2-be91-4b9a-9570-8b642d06c6d1:23083","axon-messaging-5.0.3",1,22,6,0.19480519480519481,0.17015927521097754,0.171738550636993,0.001579275426015464,46,56,1,0,0,25,12.203622698085383,5.530092488967348,0.06071179528335103,0,-0.028531817936294057,"","","",0,0,0,-9.7746000289917,-3.2305548191070557,""
"org.axonframework.messaging.eventhandling.processing.streaming.pooled.Coordinator$Builder","Coordinator$Builder","4:7311afa2-be91-4b9a-9570-8b642d06c6d1:23084","axon-messaging-5.0.3",2,14,6,0.37142857142857144,0.2235348386623596,0.2287259532963383,0.0051911146339786995,0,56,1,0,1,25,12.203622698085383,5.530092488967348,0,0,-0.04805844109227597,"","","",0,0,0,-9.847637176513672,-3.1358399391174316,""
"org.axonframework.messaging.eventhandling.processing.streaming.pooled.PooledStreamingEventProcessorModule","PooledStreamingEventProcessorModule","4:7311afa2-be91-4b9a-9570-8b642d06c6d1:23085","axon-messaging-5.0.3",2,26,15,0.16809116809116809,0.19588893906296348,0.21263857465970387,0.016749635596740392,130.5,-1,0,1,0,300,0,0,0,0,-0.024514325441073626,"","","",0,0,0,4.849366188049316,-0.15606988966464996,""
"org.axonframework.messaging.eventhandling.processing.streaming.token.FirstTrackingToken","FirstTrackingToken","4:7311afa2-be91-4b9a-9570-8b642d06c6d1:23086","axon-messaging-5.0.3",1,1,6,0,0.2769563484555477,0.4715907382539065,0.19463438979835884,0,55,1,0,1,14,6.014231230597943,2.822304309986066,0,0,-0.0453890069009239,"","","",0,0,0,3.564429521560669,7.256748676300049,""
"org.axonframework.messaging.eventhandling.processing.streaming.token.MergedTrackingToken","MergedTrackingToken","4:7311afa2-be91-4b9a-9570-8b642d06c6d1:23087","axon-messaging-5.0.3",2,2,6,0.6666666666666666,0.1945748133338941,0.20136040575393396,0.006785592420039871,0,55,1,0,0,14,6.014231230597943,2.822304309986066,0.268042929488972,0,-0.03385077401284814,"","","",0,0,0,3.5610530376434326,7.250161647796631,""
"org.axonframework.messaging.eventhandling.processing.streaming.pooled.PooledStreamingEventProcessorConfiguration","PooledStreamingEventProcessorConfiguration","4:7311afa2-be91-4b9a-9570-8b642d06c6d1:23088","axon-messaging-5.0.3",5,28,15,0.12298387096774194,0.3155522624837783,0.3610489405177565,0.045496678033978166,951.6228715728715,-1,0,1,0,300,0,0,0,0,-0.015262443833523931,"","","",0,0,0,4.847750186920166,-0.0012068913783878088,""
"org.axonframework.messaging.eventhandling.processing.streaming.StreamingEventProcessor","StreamingEventProcessor","4:7311afa2-be91-4b9a-9570-8b642d06c6d1:23128","axon-messaging-5.0.3",4,4,14,0.42857142857142855,0.2461570626071882,0.26592753827851145,0.019770475671323257,19.166666666666664,22,0.5551815784024962,0,0,10,17.97838861355558,8.642570765933488,0.6772687626672752,0,-0.0326322759051047,"","","",0,0,0,2.4943013191223145,6.822377681732178,""
"org.axonframework.messaging.eventhandling.configuration.EventProcessorCustomization","EventProcessorCustomization","4:7311afa2-be91-4b9a-9570-8b642d06c6d1:23947","axon-messaging-5.0.3",3,2,15,0.7,0.18779011759022957,0.19223659513139132,0.0044464775411617585,0,73,1,0,0,16,10.590054131811485,5.81365411580191,0.37035824171226167,0,-0.06128913674241826,"","","",0,0,0,4.779943466186523,-0.1746426373720169,""
"org.axonframework.messaging.eventhandling.configuration.DefaultEventHandlingComponentsConfigurer","DefaultEventHandlingComponentsConfigurer","4:7311afa2-be91-4b9a-9570-8b642d06c6d1:23948","axon-messaging-5.0.3",2,7,15,0.4166666666666667,0.15475335168515703,0.1553437369356579,0.0005903852505008689,5,73,1,0,0,16,10.590054131811485,5.81365411580191,0.8356127977608966,0,-0.07031622287120809,"","","",0,0,0,4.356657981872559,-0.545965313911438,""
"org.axonframework.messaging.eventhandling.processing.streaming.segmenting.SequenceCachingEventHandlingComponent","SequenceCachingEventHandlingComponent","4:7311afa2-be91-4b9a-9570-8b642d06c6d1:23949","axon-messaging-5.0.3",2,7,15,0.2222222222222222,0.15475335168515703,0.1553437369356579,0.0005903852505008689,32.36666666666666,-1,0,1,0,300,0,0,0,0,-0.06303539802493363,"","","",0,0,0,2.935004472732544,-1.2575366497039795,""
"org.axonframework.messaging.eventhandling.processing.ProcessorEventHandlingComponents","ProcessorEventHandlingComponents","4:7311afa2-be91-4b9a-9570-8b642d06c6d1:23950","axon-messaging-5.0.3",3,12,15,0.37142857142857144,0.18601349460521582,0.19102416056622132,0.005010665961005495,86.5,-1,0,1,0,300,0,0,0,0,-0.06374944525159965,"","","",0,0,0,3.0442473888397217,-0.7090948820114136,""
"org.axonframework.messaging.eventhandling.processing.errorhandling.ErrorContext","ErrorContext","4:7311afa2-be91-4b9a-9570-8b642d06c6d1:23951","axon-messaging-5.0.3",5,2,0,0.38095238095238093,0.22606762528172247,0.43789087844285257,0.2118232531611301,75.64545454545456,-1,0,1,0,300,0,0,0,0,-0.0600743971562584,"","","",0,0,0,3.328064203262329,-0.5322429537773132,""
"org.axonframework.messaging.eventhandling.processing.streaming.segmenting.SegmentMatcher","SegmentMatcher","4:7311afa2-be91-4b9a-9570-8b642d06c6d1:23952","axon-messaging-5.0.3",1,5,0,0.4,0.1622039366421354,0.16433695153966862,0.002133014897533231,6,-1,0,1,0,300,0,0,0,0,-0.0647930447317967,"","","",0,0,0,2.7440497875213623,-1.440147876739502,""
"org.axonframework.messaging.eventhandling.configuration.EventProcessingConfigurer","EventProcessingConfigurer","4:7311afa2-be91-4b9a-9570-8b642d06c6d1:23953","axon-messaging-5.0.3",3,9,15,0.3888888888888889,0.16493622078307776,0.16609141261652646,0.0011551918334486988,645.8722222222223,73,0.9659972102655762,0,0,16,10.590054131811485,5.81365411580191,0.6980763293221999,0,-0.061226859371658504,"","","",0,0,0,4.754242897033691,-0.3094618320465088,""
"org.axonframework.messaging.core.unitofwork.ProcessingLifecycle","ProcessingLifecycle","4:7311afa2-be91-4b9a-9570-8b642d06c6d1:23955","axon-messaging-5.0.3",7,5,3,0.43636363636363634,0.6500335135838059,1.5235031621530764,0.8734696485692705,2507.9396825396825,60,1,0,0,12,9.36621174402535,5.610727978588936,0.4460624696623881,0,-0.018773338036612075,"","","",0,0,0,4.116792678833008,-2.620480537414551,""
"org.axonframework.messaging.eventhandling.processing.streaming.pooled.MergeTask","MergeTask","4:7311afa2-be91-4b9a-9570-8b642d06c6d1:23958","axon-messaging-5.0.3",1,10,6,0.41818181818181815,0.1550398188027444,0.15543463765924825,0.00039481885650385906,16,56,0.38842238003461516,0,0,25,12.203622698085383,5.530092488967348,0.9353328336014197,0,-0.05412633996142574,"","","",0,0,0,-9.902379989624023,-2.5231809616088867,""
"org.axonframework.messaging.eventhandling.processing.streaming.pooled.WorkPackage$DefaultProcessingEntry","WorkPackage$DefaultProcessingEntry","4:7311afa2-be91-4b9a-9570-8b642d06c6d1:23959","axon-messaging-5.0.3",1,4,6,0.6,0.15580424035391494,0.1562199776284029,0.0004157372744879595,0,56,0.4141734303370399,0,0,25,12.203622698085383,5.530092488967348,0.8022593777013536,0,-0.05465943096284448,"","","",0,0,0,-10.05978775024414,-2.594975709915161,""
"org.axonframework.messaging.eventhandling.processing.streaming.pooled.SplitTask","SplitTask","4:7311afa2-be91-4b9a-9570-8b642d06c6d1:24052","axon-messaging-5.0.3",1,10,6,0.4727272727272727,0.1550398188027444,0.15543463765924825,0.00039481885650385906,1,56,0.4141734303370399,0,0,25,12.203622698085383,5.530092488967348,0.7530838607940116,0,-0.05096681820029664,"","","",0,0,0,-10.111846923828125,-2.6724226474761963,""
"org.axonframework.messaging.eventhandling.processing.streaming.pooled.DefaultWorkPackageEventFilter","DefaultWorkPackageEventFilter","4:7311afa2-be91-4b9a-9570-8b642d06c6d1:24053","axon-messaging-5.0.3",1,10,0,0.38181818181818183,0.15173076915897768,0.15180306891277595,7.229975379827169e-05,17.5,-1,0,1,0,300,0,0,0,0,-0.07039331007727662,"","","",0,0,0,2.9438788890838623,-1.134283185005188,""
"org.axonframework.messaging.eventhandling.processing.streaming.pooled.PooledStreamingEventProcessorsConfigurer","PooledStreamingEventProcessorsConfigurer","4:7311afa2-be91-4b9a-9570-8b642d06c6d1:24054","axon-messaging-5.0.3",1,16,15,0.24166666666666667,0.16439263243185398,0.16604291821791478,0.0016502857860608011,273.93333333333334,-1,0,1,0,300,0,0,0,0,-0.03573466615868964,"","","",0,0,0,4.88586950302124,-0.1364637315273285,""
"org.axonframework.messaging.eventhandling.processing.streaming.pooled.ClaimTask","ClaimTask","4:7311afa2-be91-4b9a-9570-8b642d06c6d1:24055","axon-messaging-5.0.3",1,8,6,0.5277777777777778,0.1550398188027444,0.15543463765924825,0.00039481885650385906,0,56,0.6292770788054469,0,0,25,12.203622698085383,5.530092488967348,0.22348054510181814,0,-0.04970798710400692,"","","",0,0,0,-9.918684005737305,-2.983262777328491,""
"org.axonframework.messaging.eventhandling.processing.streaming.pooled.WorkPackage$BatchProcessingEntry","WorkPackage$BatchProcessingEntry","4:7311afa2-be91-4b9a-9570-8b642d06c6d1:24056","axon-messaging-5.0.3",1,3,6,0.8333333333333334,0.15696508842469792,0.1574639731540835,0.0004988847293855847,0,56,0.29968255998158017,0,0,25,12.203622698085383,5.530092488967348,0.7200436353012883,0,-0.04711981048967301,"","","",0,0,0,-10.00461196899414,-2.684194326400757,""
"org.axonframework.messaging.eventhandling.processing.streaming.pooled.WorkPackage$Builder","WorkPackage$Builder","4:7311afa2-be91-4b9a-9570-8b642d06c6d1:24057","axon-messaging-5.0.3",2,12,6,0.34615384615384615,0.18503688203720933,0.18715893183375074,0.002122049796541403,56,56,0.5460566038452982,0,0,25,12.203622698085383,5.530092488967348,0.5622214962482202,0,-0.0581417038047779,"","","",0,0,0,-10.031989097595215,-2.681704044342041,""
"org.axonframework.messaging.eventhandling.processing.streaming.pooled.WorkPackage$EventFilter","WorkPackage$EventFilter","4:7311afa2-be91-4b9a-9570-8b642d06c6d1:24138","axon-messaging-5.0.3",4,3,6,0.7142857142857143,0.17871678874481686,0.18344898508950028,0.004732196344683415,24,56,0.5460566038452982,0,0,25,12.203622698085383,5.530092488967348,0.6237580157413225,0,-0.055750343292904125,"","","",0,0,0,-10.037544250488281,-2.666801929473877,""
"org.axonframework.messaging.eventhandling.processing.streaming.pooled.WorkPackage$BatchProcessor","WorkPackage$BatchProcessor","4:7311afa2-be91-4b9a-9570-8b642d06c6d1:24139","axon-messaging-5.0.3",3,4,6,0.7142857142857143,0.16971544640390449,0.1729894829399999,0.003274036536095426,40.95050505050504,56,0.5460566038452982,0,0,25,12.203622698085383,5.530092488967348,0.5496093293510541,0,-0.05173967292668302,"","","",0,0,0,-10.075714111328125,-2.6100077629089355,""
"org.axonframework.messaging.eventhandling.processing.streaming.pooled.WorkPackage$ProcessingEntry","WorkPackage$ProcessingEntry","4:7311afa2-be91-4b9a-9570-8b642d06c6d1:24140","axon-messaging-5.0.3",3,2,6,0.8,0.24335514761037158,0.2837241744435185,0.040369026833146915,15,56,0.29968255998158017,0,0,25,12.203622698085383,5.530092488967348,0.751874051506997,0,-0.03471397699421053,"","","",0,0,0,-10.034833908081055,-2.5392472743988037,""
"org.axonframework.messaging.eventhandling.tracing.EventBusSpanFactory","EventBusSpanFactory","4:7311afa2-be91-4b9a-9570-8b642d06c6d1:25081","axon-messaging-5.0.3",1,2,0,0.6666666666666666,0.15692973607261088,0.16033396018618268,0.003404224113571802,2.75,43,0.6910403998832104,0,0,14,9.48660186282359,4.1621907466157735,0.4923898429745816,0,-0.031511808458660806,"","","",0,0,0,3.355243444442749,-6.925731658935547,""
"org.axonframework.messaging.eventhandling.tracing.DefaultEventBusSpanFactory$Builder","DefaultEventBusSpanFactory$Builder","4:7311afa2-be91-4b9a-9570-8b642d06c6d1:25082","axon-messaging-5.0.3",1,3,1,0.3333333333333333,0.19850815250827566,0.22233772130327834,0.02382956879500267,4,-1,0,1,0,300,0,0,0,0,-0.04725835948279633,"","","",0,0,0,3.0191898345947266,-6.622590065002441,""
"org.axonframework.messaging.eventhandling.processing.subscribing.SubscribingEventProcessorModule","SubscribingEventProcessorModule","4:7311afa2-be91-4b9a-9570-8b642d06c6d1:25189","axon-messaging-5.0.3",2,22,15,0.20553359683794467,0.19854503532658113,0.21570742589085098,0.017162390564269853,165.54444444444445,73,1,0,0,16,10.590054131811485,5.81365411580191,0.45857260783426823,0,-0.03229140897305055,"","","",0,0,0,4.522974967956543,-0.25011342763900757,""
"org.axonframework.messaging.eventhandling.processing.subscribing.SubscribingEventProcessorConfiguration","SubscribingEventProcessorConfiguration","4:7311afa2-be91-4b9a-9570-8b642d06c6d1:25190","axon-messaging-5.0.3",5,14,15,0.20261437908496732,0.30300368739407585,0.3503654943572309,0.04736180696315506,379.945670995671,73,1,0,0,16,10.590054131811485,5.81365411580191,0.7147141775364482,0,-0.022393425350938245,"","","",0,0,0,4.514736175537109,-0.1173892691731453,""
"org.axonframework.messaging.eventhandling.processing.subscribing.SubscribingEventProcessor","SubscribingEventProcessor","4:7311afa2-be91-4b9a-9570-8b642d06c6d1:25191","axon-messaging-5.0.3",4,20,15,0.1541501976284585,0.18876597009555487,0.19600557185976078,0.007239601764205905,492.5338383838384,-1,0,1,0,300,0,0,0,0,-0.02141336495875673,"","","",0,0,0,3.8820064067840576,-0.3030901849269867,""
"org.axonframework.messaging.eventhandling.processing.subscribing.SubscribingEventProcessorsConfigurer","SubscribingEventProcessorsConfigurer","4:7311afa2-be91-4b9a-9570-8b642d06c6d1:25192","axon-messaging-5.0.3",1,14,15,0.2857142857142857,0.16439263243185398,0.16604291821791478,0.0016502857860608011,163.43333333333334,73,1,0,0,16,10.590054131811485,5.81365411580191,0.6230049152725529,0,-0.03838392059373691,"","","",0,0,0,4.492636203765869,-0.02175307460129261,""
"org.axonframework.messaging.eventhandling.tracing.DefaultEventBusSpanFactory","DefaultEventBusSpanFactory","4:7311afa2-be91-4b9a-9570-8b642d06c6d1:25193","axon-messaging-5.0.3",1,6,1,0.4,0.1932498686312558,0.23099444187809098,0.037744573246835195,20.25,-1,0,1,0,300,0,0,0,0,-0.04696259107697165,"","","",0,0,0,3.094883680343628,-6.701853275299072,""
"org.axonframework.messaging.eventhandling.processing.streaming.segmenting.WrappedTrackerStatus","WrappedTrackerStatus","4:7311afa2-be91-4b9a-9570-8b642d06c6d1:25195","axon-messaging-5.0.3",2,3,14,0.4,0.2161995479496287,0.32000000000000006,0.10380045205037136,0,22,1,0,0,10,17.97838861355558,8.642570765933488,0.23161451777753453,0,-0.05371892251696486,"","","",0,0,0,2.380199432373047,7.071099281311035,""
"org.axonframework.messaging.eventhandling.processing.streaming.segmenting.SequencingEventHandlingComponent","SequencingEventHandlingComponent","4:7311afa2-be91-4b9a-9570-8b642d06c6d1:25198","axon-messaging-5.0.3",1,10,15,0.43636363636363634,0.15883238439689987,0.15994105110529686,0.0011086667083969881,82.83333333333333,-1,0,1,0,300,0,0,0,0,-0.07489378450454437,"","","",0,0,0,2.903172254562378,-0.9611795544624329,""
"org.axonframework.messaging.eventhandling.processing.subscribing.SubscribingEventProcessorModule$Customization","SubscribingEventProcessorModule$Customization","4:7311afa2-be91-4b9a-9570-8b642d06c6d1:25200","axon-messaging-5.0.3",2,2,15,1,0.17875879001028971,0.1815701767527725,0.0028113867424827965,0,73,1,0,0,16,10.590054131811485,5.81365411580191,0.816243739706635,0,-0.03548142540340549,"","","",0,0,0,4.453196048736572,-0.0006269862642511725,""
"org.axonframework.messaging.eventhandling.processing.errorhandling.PropagatingErrorHandler","PropagatingErrorHandler","4:7311afa2-be91-4b9a-9570-8b642d06c6d1:25223","axon-messaging-5.0.3",1,3,15,0.3333333333333333,0.16362561810773577,0.16934336334965666,0.005717745241920896,14.283333333333335,-1,0,1,0,300,0,0,0,0,-0.060858093828139226,"","","",0,0,0,4.346190452575684,-0.037422776222229004,""
"org.axonframework.messaging.eventhandling.tracing.DefaultEventProcessorSpanFactory","DefaultEventProcessorSpanFactory","4:7311afa2-be91-4b9a-9570-8b642d06c6d1:25759","axon-messaging-5.0.3",1,7,1,0.3333333333333333,0.18695317604401504,0.21061541016842647,0.02366223412441143,9,-1,0,1,0,300,0,0,0,0,-0.05563413148863694,"","","",0,0,0,3.0278820991516113,-6.698831081390381,""
"org.axonframework.messaging.eventhandling.tracing.DefaultEventProcessorSpanFactory$Builder","DefaultEventProcessorSpanFactory$Builder","4:7311afa2-be91-4b9a-9570-8b642d06c6d1:25760","axon-messaging-5.0.3",1,3,1,0.3333333333333333,0.19859046679328637,0.21393680250642244,0.015346335713136067,4,-1,0,1,0,300,0,0,0,0,-0.05235778693981247,"","","",0,0,0,3.078234910964966,-6.769473075866699,""
"org.axonframework.messaging.eventhandling.InterceptingEventBus","InterceptingEventBus","4:7311afa2-be91-4b9a-9570-8b642d06c6d1:25761","axon-messaging-5.0.3",2,8,0,0.28888888888888886,0.16762792150630698,0.17050150326682353,0.0028735817605165526,82.83333333333334,50,1,0,1,7,11.634277023840696,7.596667240772929,0,0,-0.05007431949157776,"","","",0,0,0,3.227574586868286,-1.6242412328720093,""
"org.axonframework.messaging.eventhandling.configuration.EventBusConfigurationDefaults","EventBusConfigurationDefaults","4:7311afa2-be91-4b9a-9570-8b642d06c6d1:25762","axon-messaging-5.0.3",2,7,0,0.3333333333333333,0.15414757026274306,0.1545577452919239,0.00041017502918083704,51.5,-1,0,1,0,300,0,0,0,0,-0.07645684131086189,"","","",0,0,0,-1.393945574760437,-4.445223808288574,""
"org.axonframework.messaging.eventstreaming.AnyEvent","AnyEvent","4:7311afa2-be91-4b9a-9570-8b642d06c6d1:25763","axon-messaging-5.0.3",4,6,12,0.8214285714285714,0.2535408662083253,0.3843103156774551,0.13076944946912983,377.81666666666666,26,1,0,0,8,9.644403527490795,4.003974915598519,0.1618466936433796,0,-0.007805213178846193,"","","",0,0,0,0.7096173763275146,6.06760835647583,""
"org.axonframework.messaging.eventstreaming.OrEventCriteria","OrEventCriteria","4:7311afa2-be91-4b9a-9570-8b642d06c6d1:25764","axon-messaging-5.0.3",4,5,12,0.7857142857142857,0.3853387648981436,0.6495117012772846,0.264172936379141,21,26,1,0,1,8,9.644403527490795,4.003974915598519,0,0,-0.014800352897038016,"","","",0,0,0,0.7159651517868042,6.024460792541504,""
"org.axonframework.messaging.eventstreaming.OrEventCriteriaBuilder","OrEventCriteriaBuilder","4:7311afa2-be91-4b9a-9570-8b642d06c6d1:25765","axon-messaging-5.0.3",1,5,12,0.7,0.26263829921912035,0.4194832635837332,0.15684496436461287,102,26,1,0,0,8,9.644403527490795,4.003974915598519,0.2632611691251652,0,-0.013367050311203998,"","","",0,0,0,0.6290394067764282,6.14061164855957,""
"org.axonframework.messaging.eventstreaming.EventTypeRestrictableOrEventCriteria","EventTypeRestrictableOrEventCriteria","4:7311afa2-be91-4b9a-9570-8b642d06c6d1:25766","axon-messaging-5.0.3",1,4,12,0.7,0.1696654891064859,0.1896178557973347,0.019952366690848794,10,26,0.988688466550702,0,0,8,9.644403527490795,4.003974915598519,0.41701542630207,0,-0.020356940266732626,"","","",0,0,0,0.7817445993423462,6.134150981903076,""
"org.axonframework.messaging.queryhandling.distributed.PayloadConvertingQueryBusConnector","PayloadConvertingQueryBusConnector","4:7311afa2-be91-4b9a-9570-8b642d06c6d1:25767","axon-messaging-5.0.3",3,11,8,0.3333333333333333,0.19251724866569056,0.20584546830099668,0.013328219635306116,134.44166666666666,40,0.1283757897388309,0,0,37,22.549057819880545,10.374159360337512,0.6323434559691329,0,-0.03995130255170293,"","","",0,0,0,1.107956051826477,1.3215559720993042,""
"org.axonframework.messaging.tracing.NoOpSpanFactory$NoOpSpan","NoOpSpanFactory$NoOpSpan","4:7311afa2-be91-4b9a-9570-8b642d06c6d1:26223","axon-messaging-5.0.3",2,2,1,0.5,0.19199115454031326,0.20305051839602137,0.011059363855708104,3,43,0.726375569302098,0,0,14,9.48660186282359,4.1621907466157735,0.5033027012340486,0,-0.02970037805560588,"","","",0,0,0,3.222702980041504,-6.662440299987793,""
"org.axonframework.messaging.core.interception.DispatchInterceptorRegistry","DispatchInterceptorRegistry","4:7311afa2-be91-4b9a-9570-8b642d06c6d1:26224","axon-messaging-5.0.3",6,11,4,0.3161764705882353,0.21823748979627064,0.22836387039220493,0.010126380595934292,32.83333333333333,-1,0,1,0,300,0,0,0,0,-0.06717902947762489,"","","",0,0,0,-1.9357010126113892,-4.238003730773926,""
"org.axonframework.messaging.core.unitofwork.SimpleUnitOfWorkFactory","SimpleUnitOfWorkFactory","4:7311afa2-be91-4b9a-9570-8b642d06c6d1:26225","axon-messaging-5.0.3",2,4,3,0.3333333333333333,0.17805849874627236,0.1895065608486548,0.011448062102382445,5,-1,0,1,0,300,0,0,0,0,-0.055119728016209346,"","","",0,0,0,-0.9490469694137573,8.414432525634766,""
"org.axonframework.messaging.core.interception.HandlerInterceptorRegistry","HandlerInterceptorRegistry","4:7311afa2-be91-4b9a-9570-8b642d06c6d1:26226","axon-messaging-5.0.3",6,10,4,0.35833333333333334,0.2296453524523633,0.24522475998750304,0.015579407535139728,58,-1,0,1,0,300,0,0,0,0,-0.07163526516340962,"","","",0,0,0,-2.291743278503418,-3.965224027633667,""
"org.axonframework.messaging.core.configuration.MessagingConfigurer","MessagingConfigurer","4:7311afa2-be91-4b9a-9570-8b642d06c6d1:26227","axon-messaging-5.0.3",3,34,4,0.15555555555555556,0.21887612226610137,0.2293521031693732,0.010475980903271842,1096.5626984126984,78,1,0,1,11,7.403099725488573,4.037547826539429,0,0,-0.03203780720616717,"","","",0,0,0,-1.2189613580703735,-4.616646766662598,""
"org.axonframework.messaging.queryhandling.distributed.DelegatingQueryBusConnector","DelegatingQueryBusConnector","4:7311afa2-be91-4b9a-9570-8b642d06c6d1:26228","axon-messaging-5.0.3",1,8,8,0.4444444444444444,0.15971040230974756,0.16206680225749834,0.0023563999477507758,35.92222222222223,40,0.11148482699728184,0,0,37,22.549057819880545,10.374159360337512,0.8528694519803947,0,-0.05280944844640684,"","","",0,0,0,1.09651517868042,1.3326120376586914,""
"org.axonframework.messaging.queryhandling.distributed.PayloadConvertingQueryBusConnector$1","PayloadConvertingQueryBusConnector$1","4:7311afa2-be91-4b9a-9570-8b642d06c6d1:26229","axon-messaging-5.0.3",2,8,8,0.39285714285714285,0.20197659648727237,0.21919523070982389,0.017218634222551515,0,-1,0,1,0,300,0,0,0,0,-0.055059101794263654,"","","",0,0,0,1.155516505241394,1.2384549379348755,""
"org.axonframework.messaging.queryhandling.distributed.QueryBusConnector$Handler","QueryBusConnector$Handler","4:7311afa2-be91-4b9a-9570-8b642d06c6d1:26230","axon-messaging-5.0.3",8,5,8,0.48717948717948717,0.26184993274538115,0.29364728563898845,0.0317973528936073,92.59999999999997,-1,0,1,0,300,0,0,0,0,-0.019019384788654614,"","","",0,0,0,1.0115734338760376,1.464473843574524,""
"org.axonframework.messaging.queryhandling.distributed.PayloadConvertingQueryBusConnector$1$1","PayloadConvertingQueryBusConnector$1$1","4:7311afa2-be91-4b9a-9570-8b642d06c6d1:26231","axon-messaging-5.0.3",2,4,8,0.5,0.1734460359655762,0.18033547996470073,0.006889443999124528,5.5,-1,0,1,0,300,0,0,0,0,-0.04652410022429515,"","","",0,0,0,1.0960755348205566,1.3080204725265503,""
"org.axonframework.messaging.queryhandling.distributed.QueryBusConnector","QueryBusConnector","4:7311afa2-be91-4b9a-9570-8b642d06c6d1:26232","axon-messaging-5.0.3",6,8,8,0.3516483516483517,0.24829380387919242,0.26683164490876454,0.018537841029572122,74.77083333333333,40,0.1283757897388309,0,0,37,22.549057819880545,10.374159360337512,0.4596751589106618,0,-0.05367665555458606,"","","",0,0,0,1.0442237854003906,1.4782689809799194,""
"org.axonframework.messaging.eventhandling.tracing.EventProcessorSpanFactory","EventProcessorSpanFactory","4:7311afa2-be91-4b9a-9570-8b642d06c6d1:26233","axon-messaging-5.0.3",1,2,1,0.6666666666666666,0.1548590466793287,0.1563936802506423,0.0015346335713135872,5.5,43,0.726375569302098,0,0,14,9.48660186282359,4.1621907466157735,0.5009943253585247,0,-0.023525003078736617,"","","",0,0,0,3.235910654067993,-6.851093292236328,""
"org.axonframework.messaging.eventhandling.configuration.EventHandlingComponentsConfigurer$AdditionalComponentPhase","EventHandlingComponentsConfigurer$AdditionalComponentPhase","4:7311afa2-be91-4b9a-9570-8b642d06c6d1:26234","axon-messaging-5.0.3",3,2,15,0.5,0.19930500116409047,0.24676870737678533,0.047463706212694856,2,-1,0,1,0,300,0,0,0,0,-0.07194236900247453,"","","",0,0,0,4.272800922393799,-0.5783488750457764,""
"org.axonframework.messaging.eventhandling.configuration.EventHandlingComponentsConfigurer$ComponentsPhase","EventHandlingComponentsConfigurer$ComponentsPhase","4:7311afa2-be91-4b9a-9570-8b642d06c6d1:26236","axon-messaging-5.0.3",3,10,15,0.15151515151515152,0.257328368426677,0.5001040641083316,0.24277569568165464,926.9761904761905,-1,0,1,0,300,0,0,0,0,-0.07216370757463358,"","","",0,0,0,-1.3408757448196411,-3.860111713409424,""
"org.axonframework.messaging.eventstreaming.EventCriterion","EventCriterion","4:7311afa2-be91-4b9a-9570-8b642d06c6d1:26238","axon-messaging-5.0.3",8,3,12,0.6222222222222222,0.26564466278227583,0.37297361629419684,0.10732895351192101,83.4,-1,0,1,0,300,0,0,0,0,-0.027498290258997415,"","","",0,0,0,0.7350398898124695,5.630924224853516,""
"org.axonframework.messaging.eventstreaming.EventsCondition","EventsCondition","4:7311afa2-be91-4b9a-9570-8b642d06c6d1:26239","axon-messaging-5.0.3",7,3,12,0.28888888888888886,0.23049423183834566,0.2825670737031358,0.05207284186479011,580.3692640692641,-1,0,1,0,300,0,0,0,0,-0.002686003702952189,"","","",0,0,0,2.482590436935425,3.749743938446045,""
"org.axonframework.messaging.queryhandling.QueryResponseMessage","QueryResponseMessage","4:7311afa2-be91-4b9a-9570-8b642d06c6d1:26240","axon-messaging-5.0.3",29,4,8,0.12878787878787878,0.623973117691144,0.922883857427916,0.29891073973677196,122.78333333333333,-1,0,1,0,300,0,0,0,0,-0.02131547503267517,"","","",0,0,0,0.6581161618232727,0.439139723777771,""
"org.axonframework.messaging.eventstreaming.Tag","Tag","4:7311afa2-be91-4b9a-9570-8b642d06c6d1:26266","axon-messaging-5.0.3",22,3,12,0.14666666666666667,0.972566304368143,2.1004678444645584,1.1279015400964154,202.85086580086582,33,1,0,1,11,9.489244509954005,5.4953660209112885,0,0,-0.011675349476032881,"","","",0,0,0,-0.21413716673851013,5.047931671142578,""
"org.axonframework.messaging.eventstreaming.TagAndTypeFilteredEventCriteria","TagAndTypeFilteredEventCriteria","4:7311afa2-be91-4b9a-9570-8b642d06c6d1:26267","axon-messaging-5.0.3",2,6,12,0.9523809523809523,0.19194232463344987,0.2355502408709615,0.04360791623751162,0,26,1,0,0,8,9.644403527490795,4.003974915598519,0.5973574848880778,0,-0.0216887566375078,"","","",0,0,0,0.6350658535957336,5.918895244598389,""
"org.axonframework.messaging.eventstreaming.TagFilteredEventCriteria","TagFilteredEventCriteria","4:7311afa2-be91-4b9a-9570-8b642d06c6d1:26268","axon-messaging-5.0.3",2,8,12,0.7222222222222222,0.24475768858589944,0.36927336485315687,0.12451567626725743,316.9166666666667,26,1,0,0,8,9.644403527490795,4.003974915598519,0.4446766346462106,0,-0.0059407013027278355,"","","",0,0,0,0.7471456527709961,6.033240795135498,""
"org.axonframework.messaging.eventstreaming.StartingFrom","StartingFrom","4:7311afa2-be91-4b9a-9570-8b642d06c6d1:26269","axon-messaging-5.0.3",1,4,12,0.8333333333333334,0.17640496536744055,0.19588150237641783,0.01947653700897728,138.73333333333332,55,0.7058686736548472,0,0,14,6.014231230597943,2.822304309986066,0.3458147647423331,0,-0.039870965995604524,"","","",0,0,0,3.686673164367676,7.14555025100708,""
"org.axonframework.messaging.eventstreaming.DefaultStreamingCondition","DefaultStreamingCondition","4:7311afa2-be91-4b9a-9570-8b642d06c6d1:26270","axon-messaging-5.0.3",2,3,12,0.8333333333333334,0.20001082634038866,0.23750630096392392,0.03749547462353525,0,55,0.7058686736548472,0,0,14,6.014231230597943,2.822304309986066,0.5726024394409752,0,-0.0293293029006213,"","","",0,0,0,3.532724618911743,7.0535969734191895,""
"org.axonframework.messaging.queryhandling.distributed.DistributedQueryBusConfiguration","DistributedQueryBusConfiguration","4:7311afa2-be91-4b9a-9570-8b642d06c6d1:26271","axon-messaging-5.0.3",3,3,14,0.13333333333333333,0.1852243753858707,0.19032702506897564,0.005102649683104948,5.333333333333333,-1,0,1,0,300,0,0,0,0,-0.06919660648968912,"","","",0,0,0,0.8344645500183105,2.1407108306884766,""
"org.axonframework.messaging.queryhandling.QueryUpdateEmitter","QueryUpdateEmitter","4:7311afa2-be91-4b9a-9570-8b642d06c6d1:26930","axon-messaging-5.0.3",3,8,8,0.2222222222222222,0.213009713238788,0.26199757870643686,0.048987865467648856,222.66666666666666,59,0.9760358587513736,0,0,12,10.168472100514919,6.213656079577049,0.7437428418665697,0,-0.07478889789110593,"","","",0,0,0,2.585090398788452,-2.371856689453125,""
"org.axonframework.messaging.queryhandling.GenericQueryResponseMessage","GenericQueryResponseMessage","4:7311afa2-be91-4b9a-9570-8b642d06c6d1:26931","axon-messaging-5.0.3",2,9,1,0.4727272727272727,0.15846292854186225,0.15978496739944356,0.0013220388575813091,60.47222222222222,51,1,0,1,12,8.240557999815792,4.835676821380427,0,0,-0.05302581260340927,"","","",0,0,0,-0.06538641452789307,-0.05965517461299896,""
"org.axonframework.messaging.queryhandling.QueryExecutionException","QueryExecutionException","4:7311afa2-be91-4b9a-9570-8b642d06c6d1:26932","axon-messaging-5.0.3",3,1,8,0.16666666666666666,0.16804198048655555,0.18188389932444707,0.013841918837891515,13,30,0.16096795884705276,0,0,42,16.70573988201795,5.27537530291565,0.13890995774884685,0,-0.07433153875866433,"","","",0,0,0,-1.6007370948791504,4.319663047790527,""
"org.axonframework.messaging.queryhandling.interception.InterceptingQueryBus$QueryInterceptingDispatcher","InterceptingQueryBus$QueryInterceptingDispatcher","4:7311afa2-be91-4b9a-9570-8b642d06c6d1:26939","axon-messaging-5.0.3",1,6,8,0.47619047619047616,0.1573921732903796,0.15781688132064267,0.0004247080302630657,0,69,1,0,0,9,6.844991797581315,3.8445680857015154,0.23774732477174626,0,-0.07253315699739005,"","","",0,0,0,1.5577301979064941,0.6118375658988953,""
"org.axonframework.messaging.queryhandling.interception.InterceptingQueryBus$SubscriptionQueryInterceptingDispatcher","InterceptingQueryBus$SubscriptionQueryInterceptingDispatcher","4:7311afa2-be91-4b9a-9570-8b642d06c6d1:26940","axon-messaging-5.0.3",1,7,8,0.5357142857142857,0.1573921732903796,0.15781688132064267,0.0004247080302630657,7.5,69,1,0,1,9,6.844991797581315,3.8445680857015154,0,0,-0.06855025673705628,"","","",0,0,0,1.496201753616333,0.5631534457206726,""
"org.axonframework.messaging.queryhandling.interception.InterceptingQueryBus$SubscribeToUpdatesInterceptingDispatcher","InterceptingQueryBus$SubscribeToUpdatesInterceptingDispatcher","4:7311afa2-be91-4b9a-9570-8b642d06c6d1:26941","axon-messaging-5.0.3",1,7,8,0.5357142857142857,0.1573921732903796,0.15781688132064267,0.0004247080302630657,8.5,69,1,0,0,9,6.844991797581315,3.8445680857015154,0.16531534689962923,0,-0.0677065715073743,"","","",0,0,0,1.4378111362457275,0.6879385113716125,""
"org.axonframework.messaging.queryhandling.interception.InterceptingQueryBus$InterceptingResponseUpdateDispatcher","InterceptingQueryBus$InterceptingResponseUpdateDispatcher","4:7311afa2-be91-4b9a-9570-8b642d06c6d1:26942","axon-messaging-5.0.3",1,7,10,0.4642857142857143,0.1573921732903796,0.15781688132064267,0.0004247080302630657,0,69,0.851641789576777,0,0,9,6.844991797581315,3.8445680857015154,0.7954236366277456,0,-0.0771774915788121,"","","",0,0,0,1.7142661809921265,0.5654715895652771,""
"org.axonframework.messaging.queryhandling.interception.InterceptingQueryBus$InterceptingHandler","InterceptingQueryBus$InterceptingHandler","4:7311afa2-be91-4b9a-9570-8b642d06c6d1:26943","axon-messaging-5.0.3",1,7,8,0.6071428571428571,0.1544353039742278,0.1546901287923856,0.0002548248181578061,16.11111111111111,69,1,0,0,9,6.844991797581315,3.8445680857015154,0.6431252201976767,0,-0.06785978309172386,"","","",0,0,0,1.389053463935852,0.37299078702926636,""
"org.axonframework.messaging.queryhandling.QueryHandler","QueryHandler","4:7311afa2-be91-4b9a-9570-8b642d06c6d1:26944","axon-messaging-5.0.3",13,5,8,0.3202614379084967,0.37803542010075614,0.5423763313976275,0.1643409112968714,375.20341880341874,64,1,0,0,5,7.910610827617347,4.379977038409561,0.5857997583134694,0,-0.027515433648457488,"","","",0,0,0,1.4780043363571167,0.23113420605659485,""
"org.axonframework.messaging.queryhandling.QueryHandlerRegistry","QueryHandlerRegistry","4:7311afa2-be91-4b9a-9570-8b642d06c6d1:26946","axon-messaging-5.0.3",5,3,8,0.5,0.17423416115153836,0.17947343440552302,0.005239273253984655,144.46153846153845,64,1,0,1,5,7.910610827617347,4.379977038409561,0,0,-0.026908491804165602,"","","",0,0,0,1.3867141008377075,0.05986025929450989,""
"org.axonframework.messaging.queryhandling.QueryHandlingComponent","QueryHandlingComponent","4:7311afa2-be91-4b9a-9570-8b642d06c6d1:26947","axon-messaging-5.0.3",5,3,8,0.5357142857142857,0.24059048571995093,0.27076897693179675,0.03017849121184582,138.98076923076923,64,1,0,0,5,7.910610827617347,4.379977038409561,1,0,-0.02380692859279121,"","","",0,0,0,1.1492034196853638,-0.2941315472126007,""
"org.axonframework.messaging.queryhandling.NoHandlerForQueryException","NoHandlerForQueryException","4:7311afa2-be91-4b9a-9570-8b642d06c6d1:26948","axon-messaging-5.0.3",3,2,8,0.3,0.15994302977529867,0.1668988501633589,0.006955820388060224,129.5,30,0.09201291711694295,0,0,42,16.70573988201795,5.27537530291565,0.29228100898672404,0,-0.057684097057179085,"","","",0,0,0,-1.7417209148406982,4.446763038635254,""
"org.axonframework.messaging.queryhandling.annotation.QueryHandler","QueryHandler","4:7311afa2-be91-4b9a-9570-8b642d06c6d1:27213","axon-messaging-5.0.3",1,2,2,0,0.16313893873365806,0.17550000000000002,0.012361061266341955,9.916666666666666,-1,0,1,0,300,0,0,0,0,-0.06655964718188923,"","","",0,0,0,1.2865442037582397,0.6775387525558472,""
"org.axonframework.messaging.queryhandling.annotation.AnnotatedQueryHandlingComponent","AnnotatedQueryHandlingComponent","4:7311afa2-be91-4b9a-9570-8b642d06c6d1:27240","axon-messaging-5.0.3",1,23,8,0.21014492753623187,0.16097663163820694,0.16814684952671025,0.007170217888503305,305.8333333333333,-1,0,1,0,300,0,0,0,0,-0.05686519934824397,"","","",0,0,0,0.8706092834472656,0.18158522248268127,""
"org.axonframework.messaging.queryhandling.annotation.MethodQueryHandlerDefinition$MethodQueryHandlingMember","MethodQueryHandlerDefinition$MethodQueryHandlingMember","4:7311afa2-be91-4b9a-9570-8b642d06c6d1:27241","axon-messaging-5.0.3",1,9,17,0.2,0.17601336491287434,0.18825000000000003,0.012236635087125691,38.5,54,0.7065970552415849,0,0,31,15.49064396461472,7.033185086340733,0.4273233769298864,0,-0.06093186172555892,"","","",0,0,0,-1.6632318496704102,2.035545825958252,""
"org.axonframework.messaging.queryhandling.annotation.QueryHandlingMember","QueryHandlingMember","4:7311afa2-be91-4b9a-9570-8b642d06c6d1:27283","axon-messaging-5.0.3",2,2,8,0.5,0.17245402448403988,0.17589024562204106,0.003436221138001183,33.5,-1,0,1,0,300,0,0,0,0,-0.07441262792150805,"","","",0,0,0,-1.4223610162734985,1.3729432821273804,""
"org.axonframework.messaging.queryhandling.GenericQueryMessage","GenericQueryMessage","4:7311afa2-be91-4b9a-9570-8b642d06c6d1:27297","axon-messaging-5.0.3",2,8,1,0.4444444444444444,0.1654604826950558,0.16756740244696616,0.002106919751910352,51.31250000000001,51,0.9093196929205866,0,0,12,8.240557999815792,4.835676821380427,0.7271720347969829,0,-0.0700331207355151,"","","",0,0,0,4.5163982576923445e-05,0.09565441310405731,""
"org.axonframework.messaging.queryhandling.interception.InterceptingQueryBus","InterceptingQueryBus","4:7311afa2-be91-4b9a-9570-8b642d06c6d1:27298","axon-messaging-5.0.3",1,18,8,0.3157894736842105,0.15080726253080087,0.1508198341493415,1.2571618540624385e-05,68.5,69,1,0,0,9,6.844991797581315,3.8445680857015154,0.40939837483088065,0,-0.05130497744073059,"","","",0,0,0,1.4286994934082031,0.7219635844230652,""
"org.axonframework.messaging.queryhandling.distributed.DistributedQueryBus","DistributedQueryBus","4:7311afa2-be91-4b9a-9570-8b642d06c6d1:27300","axon-messaging-5.0.3",2,18,8,0.21052631578947367,0.19336620587206746,0.20088664089693087,0.007520435024863409,74.5,40,0.11148482699728184,0,0,37,22.549057819880545,10.374159360337512,0.9554242209206156,0,-0.0344924925247207,"","","",0,0,0,1.26628839969635,0.9357151985168457,""
"org.axonframework.messaging.queryhandling.distributed.DistributedQueryBus$DistributedHandler","DistributedQueryBus$DistributedHandler","4:7311afa2-be91-4b9a-9570-8b642d06c6d1:27301","axon-messaging-5.0.3",1,10,8,0.3333333333333333,0.1571769285075582,0.15800407489831433,0.0008271463907561227,10.4,40,0.11148482699728184,0,0,37,22.549057819880545,10.374159360337512,0.9976060449505354,0,-0.03252859802732444,"","","",0,0,0,1.2332843542099,0.9895586371421814,""
"org.axonframework.messaging.queryhandling.SimpleQueryHandlingComponent","SimpleQueryHandlingComponent","4:7311afa2-be91-4b9a-9570-8b642d06c6d1:27302","axon-messaging-5.0.3",2,14,8,0.24166666666666667,0.17112325132262113,0.17441971115972932,0.00329645983710819,16,64,1,0,0,5,7.910610827617347,4.379977038409561,0.5874433597498234,0,-0.03008160470633081,"","","",0,0,0,1.2297003269195557,-0.10941731184720993,""
"org.axonframework.messaging.queryhandling.QueryUpdateEmitterParameterResolverFactory","QueryUpdateEmitterParameterResolverFactory","4:7311afa2-be91-4b9a-9570-8b642d06c6d1:27303","axon-messaging-5.0.3",2,5,8,0.26666666666666666,0.17559625227092363,0.1959686290968817,0.020372376825958077,31.30952380952381,-1,0,1,0,300,0,0,0,0,-0.0722056422604,"","","",0,0,0,2.078979253768921,-2.549717426300049,""
"org.axonframework.messaging.queryhandling.QueryUpdateEmitterParameterResolverFactory$1","QueryUpdateEmitterParameterResolverFactory$1","4:7311afa2-be91-4b9a-9570-8b642d06c6d1:27304","axon-messaging-5.0.3",1,4,8,0.6666666666666666,0.185246453447691,0.2124649856545977,0.027218532206906704,0,-1,0,1,0,300,0,0,0,0,-0.07715772803096221,"","","",0,0,0,2.4396069049835205,-2.6166887283325195,""
"org.axonframework.messaging.queryhandling.distributed.QueryBusConnector$UpdateCallback","QueryBusConnector$UpdateCallback","4:7311afa2-be91-4b9a-9570-8b642d06c6d1:27318","axon-messaging-5.0.3",8,1,8,0.3333333333333333,0.3115429951049475,0.3833698856993664,0.07182689059441894,12.166666666666668,-1,0,1,0,300,0,0,0,0,-0.038964261044851345,"","","",0,0,0,1.1541767120361328,1.2759976387023926,""
"org.axonframework.messaging.queryhandling.QueryBus","QueryBus","4:7311afa2-be91-4b9a-9570-8b642d06c6d1:27319","axon-messaging-5.0.3",15,7,8,0.21645021645021645,0.3171425735221738,0.346542340030354,0.029399766508180214,338.3474358974359,-1,0,1,0,300,0,0,0,0,-0.0598708242591226,"","","",0,0,0,1.1776655912399292,0.8221969604492188,""
"org.axonframework.messaging.queryhandling.DuplicateQueryHandlerSubscriptionException","DuplicateQueryHandlerSubscriptionException","4:7311afa2-be91-4b9a-9570-8b642d06c6d1:27320","axon-messaging-5.0.3",2,2,8,0.6666666666666666,0.15764983903872815,0.15841038287628434,0.0007605438375561935,24.314102564102562,64,1,0,0,5,7.910610827617347,4.379977038409561,0.5951758661687991,0,-0.04237388165403516,"","","",0,0,0,1.3373215198516846,0.12054295837879181,""
"org.axonframework.messaging.queryhandling.interception.QueryMessageHandlerInterceptorChain","QueryMessageHandlerInterceptorChain","4:7311afa2-be91-4b9a-9570-8b642d06c6d1:28299","axon-messaging-5.0.3",1,10,8,0.4909090909090909,0.17965885671691692,0.1904573965930074,0.010798539876090474,10.11111111111111,69,1,0,0,9,6.844991797581315,3.8445680857015154,0.916060809743202,0,-0.05816106812261235,"","","",0,0,0,1.3437234163284302,0.31280097365379333,""
"org.axonframework.messaging.queryhandling.gateway.DefaultQueryGateway","DefaultQueryGateway","4:7311afa2-be91-4b9a-9570-8b642d06c6d1:28300","axon-messaging-5.0.3",1,16,8,0.22794117647058823,0.15080726253080087,0.1508198341493415,1.2571618540624385e-05,41.7,-1,0,1,0,300,0,0,0,0,-0.07667314383871715,"","","",0,0,0,1.2802534103393555,0.6378642320632935,""
"org.axonframework.messaging.queryhandling.GenericSubscriptionQueryUpdateMessage","GenericSubscriptionQueryUpdateMessage","4:7311afa2-be91-4b9a-9570-8b642d06c6d1:28301","axon-messaging-5.0.3",2,10,1,0.4696969696969697,0.16390679387931087,0.16597816287834682,0.002071368999035955,111.20138888888889,51,1,0,0,12,8.240557999815792,4.835676821380427,0.30891585881041306,0,-0.05704173736048329,"","","",0,0,0,0.08281628042459488,0.0007852170383557677,""
"org.axonframework.messaging.queryhandling.SimpleQueryBus","SimpleQueryBus","4:7311afa2-be91-4b9a-9570-8b642d06c6d1:28302","axon-messaging-5.0.3",1,22,8,0.11462450592885376,0.15080726253080087,0.1508198341493415,1.2571618540624385e-05,52.654761904761905,-1,0,1,0,300,0,0,0,0,-0.05171816872459789,"","","",0,0,0,1.3885047435760498,0.4177572727203369,""
"org.axonframework.messaging.queryhandling.interception.QueryMessageHandlerInterceptorChain$InterceptingHandler","QueryMessageHandlerInterceptorChain$InterceptingHandler","4:7311afa2-be91-4b9a-9570-8b642d06c6d1:28303","axon-messaging-5.0.3",1,8,8,0.6111111111111112,0.167155870112832,0.1720757389286669,0.0049198688158348935,2,69,1,0,0,9,6.844991797581315,3.8445680857015154,0.8878824255932122,0,-0.07044747912436689,"","","",0,0,0,1.3282358646392822,0.3134728968143463,""
"org.axonframework.messaging.queryhandling.QueryPriorityCalculator","QueryPriorityCalculator","4:7311afa2-be91-4b9a-9570-8b642d06c6d1:28334","axon-messaging-5.0.3",2,1,4,0.6666666666666666,0.1567248855101871,0.1570442679834266,0.0003193824732395101,1.5,-1,0,1,0,300,0,0,0,0,-0.07539432506333427,"","","",0,0,0,-0.2711845338344574,-2.4613962173461914,""
"org.axonframework.messaging.core.FluxUtils","FluxUtils","4:7311afa2-be91-4b9a-9570-8b642d06c6d1:28336","axon-messaging-5.0.3",3,7,10,0.5277777777777778,0.16338835348081734,0.16673014236494377,0.003341788884126423,308.3809523809522,68,0.2992641946201568,0,0,33,11.052003972930834,5.033094011850401,0.625815672509869,0,-0.0620164621910505,"","","",0,0,0,3.1221911907196045,1.890153169631958,""
"org.axonframework.messaging.queryhandling.SimpleQueryUpdateEmitter","SimpleQueryUpdateEmitter","4:7311afa2-be91-4b9a-9570-8b642d06c6d1:28337","axon-messaging-5.0.3",1,12,8,0.2878787878787879,0.16356039478597004,0.17024526744549742,0.0066848726595273855,66,-1,0,1,0,300,0,0,0,0,-0.07271064554157336,"","","",0,0,0,0.9893078804016113,0.46048957109451294,""
"org.axonframework.messaging.core.QueueMessageStream","QueueMessageStream","4:7311afa2-be91-4b9a-9570-8b642d06c6d1:28338","axon-messaging-5.0.3",1,5,8,0.7333333333333333,0.16719886679342327,0.16786349600159975,0.000664629208176476,0,-1,0,1,0,300,0,0,0,0,-0.07444026651134694,"","","",0,0,0,1.5988911390304565,0.39891496300697327,""
"org.axonframework.messaging.queryhandling.gateway.QueryGateway","QueryGateway","4:7311afa2-be91-4b9a-9570-8b642d06c6d1:28341","axon-messaging-5.0.3",2,3,3,0.3,0.1523761722585292,0.15248472835269916,0.00010855609416995926,4.5,59,0.9760358587513736,0,0,12,10.168472100514919,6.213656079577049,0.5944891204805396,0,-0.09090572221441723,"","","",0,0,0,2.6956708431243896,-2.3025548458099365,""
"org.axonframework.messaging.queryhandling.configuration.QueryHandlingModule$QueryHandlerPhase","QueryHandlingModule$QueryHandlerPhase","4:7311afa2-be91-4b9a-9570-8b642d06c6d1:29244","axon-messaging-5.0.3",3,13,8,0.2,0.24344872768070422,0.35226246730026944,0.10881373961956523,487.7,-1,0,1,0,300,0,0,0,0,-0.05234779415530311,"","","",0,0,0,-1.2020900249481201,-4.204772472381592,""
"org.axonframework.messaging.queryhandling.configuration.QueryHandlingModule","QueryHandlingModule","4:7311afa2-be91-4b9a-9570-8b642d06c6d1:29245","axon-messaging-5.0.3",5,5,8,0.42857142857142855,0.1671207754280066,0.17248096613350813,0.005360190705501533,332.1166666666666,-1,0,1,0,300,0,0,0,0,-0.049406837817483784,"","","",0,0,0,-1.1146519184112549,-4.428985595703125,""
"org.axonframework.messaging.queryhandling.configuration.QueryHandlingModule$SetupPhase","QueryHandlingModule$SetupPhase","4:7311afa2-be91-4b9a-9570-8b642d06c6d1:29246","axon-messaging-5.0.3",2,1,8,1,0.17885303952964796,0.1973250426206204,0.01847200309097244,0,-1,0,1,0,300,0,0,0,0,-0.035391679429664924,"","","",0,0,0,-1.0424638986587524,-4.277540683746338,""
"org.axonframework.messaging.queryhandling.tracing.QueryUpdateEmitterSpanFactory","QueryUpdateEmitterSpanFactory","4:7311afa2-be91-4b9a-9570-8b642d06c6d1:29247","axon-messaging-5.0.3",1,2,8,0.6666666666666666,0.15692973607261088,0.16033396018618268,0.003404224113571802,3,43,0.6249219881848764,0,0,14,9.48660186282359,4.1621907466157735,0.5900794956964233,0,-0.050428866732948774,"","","",0,0,0,3.250032901763916,-6.940596580505371,""
"org.axonframework.messaging.queryhandling.tracing.QueryBusSpanFactory","QueryBusSpanFactory","4:7311afa2-be91-4b9a-9570-8b642d06c6d1:29248","axon-messaging-5.0.3",1,3,8,0.5,0.15335938575111446,0.15429254821776103,0.0009331624666465699,1,43,0.6249219881848764,0,0,14,9.48660186282359,4.1621907466157735,0.5162583716595969,0,-0.05027503029228858,"","","",0,0,0,3.241508722305298,-6.992567539215088,""
"org.axonframework.messaging.queryhandling.configuration.SimpleQueryHandlingModule","SimpleQueryHandlingModule","4:7311afa2-be91-4b9a-9570-8b642d06c6d1:29377","axon-messaging-5.0.3",1,16,8,0.21666666666666667,0.17427424565039049,0.19188821273940448,0.017613967089014,147.41666666666669,-1,0,1,0,300,0,0,0,0,-0.0562375388532938,"","","",0,0,0,-1.1232348680496216,-4.276495456695557,""
"org.axonframework.messaging.core.ConversionCache","ConversionCache","4:7311afa2-be91-4b9a-9570-8b642d06c6d1:29378","axon-messaging-5.0.3",1,3,1,0.3333333333333333,0.20434252463831418,0.21935003762708966,0.015007512988775479,161,-1,0,1,0,300,0,0,0,0,-0.07873826560236352,"","","",0,0,0,-0.20437774062156677,0.20870427787303925,""
"org.axonframework.messaging.core.RemoteExceptionDescription","RemoteExceptionDescription","4:7311afa2-be91-4b9a-9570-8b642d06c6d1:29379","axon-messaging-5.0.3",6,1,7,0.19047619047619047,0.394720557937227,0.7419750501368771,0.34725449219965016,11,30,0.08666784264792671,0,0,42,16.70573988201795,5.27537530291565,0.5094384364870661,0,-0.030591636743540207,"","","",0,0,0,-2.283242702484131,4.4661760330200195,""
"org.axonframework.messaging.queryhandling.tracing.DefaultQueryBusSpanFactory$Builder","DefaultQueryBusSpanFactory$Builder","4:7311afa2-be91-4b9a-9570-8b642d06c6d1:29381","axon-messaging-5.0.3",1,3,1,0.3333333333333333,0.17687508600891538,0.18434038574208828,0.007465299733172892,6,43,0.5875428206808894,0,0,14,9.48660186282359,4.1621907466157735,1,0,-0.0604082140819579,"","","",0,0,0,3.0642380714416504,-6.732524394989014,""
"org.axonframework.messaging.queryhandling.tracing.DefaultQueryBusSpanFactory","DefaultQueryBusSpanFactory","4:7311afa2-be91-4b9a-9570-8b642d06c6d1:29382","axon-messaging-5.0.3",1,7,1,0.38095238095238093,0.18853658454324057,0.21715253442235583,0.028615949879115254,9.5,43,0.5875428206808894,0,0,14,9.48660186282359,4.1621907466157735,0.6882912479022586,0,-0.05855139997620201,"","","",0,0,0,3.2107865810394287,-6.96304988861084,""
"org.axonframework.messaging.queryhandling.tracing.DefaultQueryUpdateEmitterSpanFactory$Builder","DefaultQueryUpdateEmitterSpanFactory$Builder","4:7311afa2-be91-4b9a-9570-8b642d06c6d1:29384","axon-messaging-5.0.3",1,3,1,0.3333333333333333,0.19850815250827566,0.22233772130327834,0.02382956879500267,4,-1,0,1,0,300,0,0,0,0,-0.06585154686952616,"","","",0,0,0,2.9765586853027344,-6.664886951446533,""
"org.axonframework.messaging.queryhandling.tracing.DefaultQueryUpdateEmitterSpanFactory","DefaultQueryUpdateEmitterSpanFactory","4:7311afa2-be91-4b9a-9570-8b642d06c6d1:29385","axon-messaging-5.0.3",1,6,1,0.4,0.1932498686312558,0.23099444187809098,0.037744573246835195,21.5,-1,0,1,0,300,0,0,0,0,-0.0639803112980109,"","","",0,0,0,3.120842218399048,-6.789216995239258,""
"org.axonframework.messaging.core.OnNextMessageStream","OnNextMessageStream","4:7311afa2-be91-4b9a-9570-8b642d06c6d1:29388","axon-messaging-5.0.3",2,5,10,0.7,0.23348313859970532,0.3065620517523059,0.07307891315260057,507.94942900236833,68,1,0,1,33,11.052003972930834,5.033094011850401,0,0,-0.06422150545406807,"","","",0,0,0,3.101496696472168,1.7933907508850098,""
"org.axonframework.messaging.core.ConcatenatingMessageStream","ConcatenatingMessageStream","4:7311afa2-be91-4b9a-9570-8b642d06c6d1:29389","axon-messaging-5.0.3",1,3,10,1,0.19980402792799043,0.2331209134248005,0.033316885496810084,106.62229437229435,68,0.5606311793894094,0,0,33,11.052003972930834,5.033094011850401,0.35234225062381813,0,-0.08018410327186692,"","","",0,0,0,2.6445155143737793,1.5402473211288452,""
"org.axonframework.messaging.core.MappedMessageStream","MappedMessageStream","4:7311afa2-be91-4b9a-9570-8b642d06c6d1:29390","axon-messaging-5.0.3",2,5,10,0.7,0.22869164860763838,0.2910952230959564,0.06240357448831804,403.3271346300744,68,1,0,0,33,11.052003972930834,5.033094011850401,0.08007687818776446,0,-0.06823614658567362,"","","",0,0,0,3.1408674716949463,1.8301135301589966,""
"org.axonframework.messaging.core.TruncateFirstMessageStream","TruncateFirstMessageStream","4:7311afa2-be91-4b9a-9570-8b642d06c6d1:29391","axon-messaging-5.0.3",1,5,10,0.8,0.19980402792799043,0.2331209134248005,0.033316885496810084,106.62229437229435,68,0.550369498604819,0,0,33,11.052003972930834,5.033094011850401,0.2747625834822381,0,-0.0688833466195683,"","","",0,0,0,3.1334004402160645,1.4922689199447632,""
"org.axonframework.messaging.core.DelegatingMessageStream","DelegatingMessageStream","4:7311afa2-be91-4b9a-9570-8b642d06c6d1:29392","axon-messaging-5.0.3",6,2,10,0.4642857142857143,0.31488233053944736,0.4141097136366596,0.09922738309721224,26.5,68,0.30214910933497396,0,0,33,11.052003972930834,5.033094011850401,0.5938958286605213,0,-0.06039708002251781,"","","",0,0,0,3.1757543087005615,1.3214513063430786,""
"org.axonframework.messaging.core.OnNextMessageStream$Single","OnNextMessageStream$Single","4:7311afa2-be91-4b9a-9570-8b642d06c6d1:29393","axon-messaging-5.0.3",2,4,10,0.8333333333333334,0.25168166798852903,0.34560541325531996,0.09392374526679093,49.16666666666669,68,0.34759914005993575,0,0,33,11.052003972930834,5.033094011850401,0.4145353985227855,0,-0.06499066744938875,"","","",0,0,0,3.2753772735595703,1.775779128074646,""
"org.axonframework.messaging.core.ConversionCache$Target","ConversionCache$Target","4:7311afa2-be91-4b9a-9570-8b642d06c6d1:29394","axon-messaging-5.0.3",1,1,1,1,0.20906260521939432,0.24322374802531155,0.03416114280591723,0,-1,0,1,0,300,0,0,0,0,-0.0641035443876023,"","","",0,0,0,-0.209727942943573,0.09669427573680878,""
"org.axonframework.messaging.core.DelayedMessageStream$Single","DelayedMessageStream$Single","4:7311afa2-be91-4b9a-9570-8b642d06c6d1:29397","axon-messaging-5.0.3",2,3,10,1,0.24227050300331063,0.2995223873828062,0.05725188437949555,657.75,68,0.3109312143233858,0,0,33,11.052003972930834,5.033094011850401,0.726377627649372,0,-0.038451495259518575,"","","",0,0,0,3.0594069957733154,1.1985528469085693,""
"org.axonframework.messaging.core.DelayedMessageStream$Empty","DelayedMessageStream$Empty","4:7311afa2-be91-4b9a-9570-8b642d06c6d1:29398","axon-messaging-5.0.3",1,3,10,1,0.15351289222226502,0.1549682034491211,0.0014553112268560764,68.04166666666666,68,0.3109312143233858,0,0,33,11.052003972930834,5.033094011850401,0.8094536643468548,0,-0.06378523496519023,"","","",0,0,0,3.0226340293884277,1.2093963623046875,""
"org.axonframework.messaging.core.MappedMessageStream$Single","MappedMessageStream$Single","4:7311afa2-be91-4b9a-9570-8b642d06c6d1:29399","axon-messaging-5.0.3",2,4,10,0.8333333333333334,0.249860637313889,0.3410254074267998,0.09116477011291083,49.16666666666669,68,0.34759914005993575,0,0,33,11.052003972930834,5.033094011850401,0.3818644737496473,0,-0.06223879941492144,"","","",0,0,0,3.2999985218048096,1.9351814985275269,""
"org.axonframework.messaging.core.annotation.MethodInvokingMessageHandlingMember","MethodInvokingMessageHandlingMember","4:7311afa2-be91-4b9a-9570-8b642d06c6d1:30084","axon-messaging-5.0.3",1,15,2,0.21666666666666667,0.1662379217487724,0.17318181818181821,0.006943896433045826,16.5,18,0.6107079453882167,0,0,6,13.382827911176719,4.925906595254976,1,0,-0.07289702793281483,"","","",0,0,0,2.4057469367980957,1.0799437761306763,""
"org.axonframework.messaging.core.annotation.HandlerComparator","HandlerComparator","4:7311afa2-be91-4b9a-9570-8b642d06c6d1:30085","axon-messaging-5.0.3",1,1,17,1,0.15841126129541885,0.15976993020314656,0.0013586689077277059,0,54,0.9631534405372254,0,1,31,15.49064396461472,7.033185086340733,0,0,-0.057699294384661204,"","","",0,0,0,-1.9312251806259155,1.882415771484375,""
"org.axonframework.messaging.core.interception.annotation.MessageInterceptingMember","MessageInterceptingMember","4:7311afa2-be91-4b9a-9570-8b642d06c6d1:30086","axon-messaging-5.0.3",3,2,17,0.5,0.16221334490819794,0.16538164340104888,0.0031682984928509406,20,54,0.7559998688935643,0,0,31,15.49064396461472,7.033185086340733,0.26549934753854576,0,-0.06441547767927402,"","","",0,0,0,-1.8385608196258545,1.6715785264968872,""
"org.axonframework.messaging.core.interception.annotation.NoMoreInterceptors","NoMoreInterceptors","4:7311afa2-be91-4b9a-9570-8b642d06c6d1:30087","axon-messaging-5.0.3",2,5,17,0.9047619047619048,0.15711154570335817,0.1583734218402578,0.0012618761368996256,80,54,0.7559998688935643,0,0,31,15.49064396461472,7.033185086340733,0.37466970514544895,0,-0.06049833552551681,"","","",0,0,0,-1.6319611072540283,1.5706630945205688,""
"org.axonframework.messaging.core.ClassBasedMessageTypeResolver","ClassBasedMessageTypeResolver","4:7311afa2-be91-4b9a-9570-8b642d06c6d1:30088","axon-messaging-5.0.3",1,2,1,1,0.15926370006069962,0.1611444248705311,0.00188072480983148,28,-1,0,1,0,300,0,0,0,0,-0.05022859546196745,"","","",0,0,0,-0.739984393119812,1.322921872138977,""
"org.axonframework.messaging.core.SimpleHandlerAttributes","SimpleHandlerAttributes","4:7311afa2-be91-4b9a-9570-8b642d06c6d1:30096","axon-messaging-5.0.3",1,1,2,1,0.20600784365798525,0.22505712287712293,0.019049279219137683,0,18,1,0,0,6,13.382827911176719,4.925906595254976,0.11093842826326904,0,-0.06235877315110028,"","","",0,0,0,-1.3424173593521118,2.8046786785125732,""
"org.axonframework.messaging.core.annotation.MultiHandlerDefinition","MultiHandlerDefinition","4:7311afa2-be91-4b9a-9570-8b642d06c6d1:30097","axon-messaging-5.0.3",1,8,17,0.3055555555555556,0.22501985950176512,0.2623369797064744,0.037317120204709286,201,14,0.5620103207478583,0,0,8,12.843032985460013,5.031282846219256,0.5800975009795293,0,-0.041361193276142794,"","","",0,0,0,-2.234529733657837,1.3355014324188232,""
"org.axonframework.messaging.core.annotation.FixedValueParameterResolver","FixedValueParameterResolver","4:7311afa2-be91-4b9a-9570-8b642d06c6d1:30098","axon-messaging-5.0.3",2,2,2,0.5,0.18649032664826873,0.21817708333333335,0.031686756685064627,24.583333333333336,59,1,0,0,12,10.168472100514919,6.213656079577049,0.5833490064990902,0,-0.08319608101394743,"","","",0,0,0,2.639843463897705,-3.049724817276001,""
"org.axonframework.messaging.core.annotation.AnnotationMessageTypeResolver$AnnotationSpecification","AnnotationMessageTypeResolver$AnnotationSpecification","4:7311afa2-be91-4b9a-9570-8b642d06c6d1:30311","axon-messaging-5.0.3",1,1,1,0,0.1963185003034979,0.20572212435265536,0.009403624049157455,60,-1,0,1,0,300,0,0,0,0,-0.05990506735763834,"","","",0,0,0,-0.9716157913208008,2.216641664505005,""
"org.axonframework.messaging.core.annotation.ClasspathParameterResolverFactory","ClasspathParameterResolverFactory","4:7311afa2-be91-4b9a-9570-8b642d06c6d1:30385","axon-messaging-5.0.3",3,2,2,0.4,0.16640771216749442,0.17461742963172355,0.008209717464229133,180,28,1,0,0,6,13.629563605878502,5.322509803809226,0.27229675666102354,0,-0.024047749768454696,"","","",0,0,0,-2.097555637359619,-3.3954505920410156,""
"org.axonframework.messaging.core.annotation.AnnotationMessageTypeResolver","AnnotationMessageTypeResolver","4:7311afa2-be91-4b9a-9570-8b642d06c6d1:30386","axon-messaging-5.0.3",2,6,1,0.17857142857142858,0.15641477006108004,0.15733312095143914,0.0009183508903591042,232,-1,0,1,0,300,0,0,0,0,-0.0622263530906077,"","","",0,0,0,-0.9122610092163086,1.97684645652771,""
"org.axonframework.messaging.core.annotation.MessageStreamResolverUtils","MessageStreamResolverUtils","4:7311afa2-be91-4b9a-9570-8b642d06c6d1:30387","axon-messaging-5.0.3",1,9,1,0.17777777777777778,0.15280375376513963,0.15325664340104886,0.00045288963590922604,446.04761904761875,51,0.7892039029554306,0,0,12,8.240557999815792,4.835676821380427,0.9853324985416839,0,-0.07084717149277547,"","","",0,0,0,-0.6802433729171753,0.3869817852973938,""
"org.axonframework.messaging.core.annotation.AggregateTypeParameterResolverFactory$AggregateTypeParameterResolver","AggregateTypeParameterResolverFactory$AggregateTypeParameterResolver","4:7311afa2-be91-4b9a-9570-8b642d06c6d1:30388","axon-messaging-5.0.3",1,5,3,0.26666666666666666,0.17601336491287434,0.18825000000000003,0.012236635087125691,3,59,1,0,0,12,10.168472100514919,6.213656079577049,0.61444000304164,0,-0.0775491947438503,"","","",0,0,0,3.2715017795562744,-2.763134479522705,""
"org.axonframework.messaging.core.annotation.DefaultParameterResolverFactory$MessageParameterResolver","DefaultParameterResolverFactory$MessageParameterResolver","4:7311afa2-be91-4b9a-9570-8b642d06c6d1:30389","axon-messaging-5.0.3",1,3,1,0.6666666666666666,0.16613653059082803,0.17013157894736844,0.003995048356540409,0,53,0.9716616386058506,0,0,9,11.041331880260259,7.096146083307556,0.785871749800812,0,-0.08640997627069091,"","","",0,0,0,2.4365856647491455,-4.205604553222656,""
"org.axonframework.messaging.core.annotation.HierarchicalParameterResolverFactory","HierarchicalParameterResolverFactory","4:7311afa2-be91-4b9a-9570-8b642d06c6d1:30390","axon-messaging-5.0.3",1,3,2,0.3333333333333333,0.15720177040888017,0.15980769230769232,0.002605921898812147,13.2,28,1,0,1,6,13.629563605878502,5.322509803809226,0,0,-0.04506064158420764,"","","",0,0,0,-1.9673528671264648,-3.3903284072875977,""
"org.axonframework.messaging.core.annotation.DefaultParameterResolverFactory$AnnotatedMetadataParameterResolver","DefaultParameterResolverFactory$AnnotatedMetadataParameterResolver","4:7311afa2-be91-4b9a-9570-8b642d06c6d1:30391","axon-messaging-5.0.3",1,4,1,0.6,0.16613653059082803,0.17013157894736844,0.003995048356540409,0,53,0.9716616386058506,0,0,9,11.041331880260259,7.096146083307556,0.7961046318723167,0,-0.08731453116459875,"","","",0,0,0,2.405794382095337,-4.377871990203857,""
"org.axonframework.messaging.core.annotation.MessageIdentifierParameterResolverFactory$MessageIdentifierParameterResolver","MessageIdentifierParameterResolverFactory$MessageIdentifierParameterResolver","4:7311afa2-be91-4b9a-9570-8b642d06c6d1:30393","axon-messaging-5.0.3",1,3,2,0.5,0.17601336491287434,0.18825000000000003,0.012236635087125691,12,53,0.9716616386058506,0,0,9,11.041331880260259,7.096146083307556,1,0,-0.07613843475898341,"","","",0,0,0,2.5009713172912598,-3.3979241847991943,""
"org.axonframework.messaging.core.annotation.MultiParameterResolverFactory","MultiParameterResolverFactory","4:7311afa2-be91-4b9a-9570-8b642d06c6d1:30394","axon-messaging-5.0.3",2,3,2,0.3,0.1782829422805244,0.19504061248583537,0.016757670205310965,207.58333333333334,28,1,0,0,6,13.629563605878502,5.322509803809226,0.09914146039119258,0,-0.03913212482092998,"","","",0,0,0,-2.0704545974731445,-3.369230031967163,""
"org.axonframework.messaging.core.annotation.MultiHandlerEnhancerDefinition","MultiHandlerEnhancerDefinition","4:7311afa2-be91-4b9a-9570-8b642d06c6d1:30395","axon-messaging-5.0.3",2,3,17,0.6,0.22294296949579812,0.250483143630562,0.027540174134763895,6,14,1,0,0,8,12.843032985460013,5.031282846219256,0.05148008664642576,0,-0.027256381691616482,"","","",0,0,0,-2.4369187355041504,1.2139917612075806,""
"org.axonframework.messaging.core.annotation.AnnotatedHandlerAttributes","AnnotatedHandlerAttributes","4:7311afa2-be91-4b9a-9570-8b642d06c6d1:30397","axon-messaging-5.0.3",1,4,2,0.2,0.1540543519404415,0.15452937062937064,0.0004750186889291297,4,18,1,0,1,6,13.382827911176719,4.925906595254976,0,0,-0.06743935029378678,"","","",0,0,0,-1.3075722455978394,3.0438215732574463,""
"org.axonframework.messaging.core.annotation.ClasspathHandlerEnhancerDefinition","ClasspathHandlerEnhancerDefinition","4:7311afa2-be91-4b9a-9570-8b642d06c6d1:30398","axon-messaging-5.0.3",1,2,17,1,0.15567490324959138,0.1576891873362243,0.002014284086632928,66,14,1,0,0,8,12.843032985460013,5.031282846219256,0.12003087225282225,0,-0.01395134842607798,"","","",0,0,0,-2.404832601547241,1.2322337627410889,""
"org.axonframework.messaging.core.annotation.MessageHandlerInvocationException","MessageHandlerInvocationException","4:7311afa2-be91-4b9a-9570-8b642d06c6d1:30399","axon-messaging-5.0.3",1,1,7,0,0.1540543519404415,0.15452937062937064,0.0004750186889291297,2,30,0.11571492797631767,0,0,42,16.70573988201795,5.27537530291565,0.2243184877572613,0,-0.06510168922687615,"","","",0,0,0,-1.6784309148788452,4.582148551940918,""
"org.axonframework.messaging.core.annotation.DefaultParameterResolverFactory$MetadataParameterResolver","DefaultParameterResolverFactory$MetadataParameterResolver","4:7311afa2-be91-4b9a-9570-8b642d06c6d1:30401","axon-messaging-5.0.3",1,4,1,0.6,0.16075768706055202,0.16342105263157897,0.002663365571026949,0,53,0.9716616386058506,0,0,9,11.041331880260259,7.096146083307556,0.8170543914369662,0,-0.08900702655676834,"","","",0,0,0,2.4084630012512207,-4.095845699310303,""
"org.axonframework.messaging.core.annotation.ChainedMessageHandlerInterceptorMember","ChainedMessageHandlerInterceptorMember","4:7311afa2-be91-4b9a-9570-8b642d06c6d1:30402","axon-messaging-5.0.3",1,6,17,0.9047619047619048,0.1556075075302792,0.15651328680209767,0.0009057792718184798,0,54,0.7559998688935643,0,0,31,15.49064396461472,7.033185086340733,0.29257800657498556,0,-0.06475056763554055,"","","",0,0,0,-1.7595349550247192,1.6859192848205566,""
"org.axonframework.messaging.core.annotation.PayloadParameterResolver","PayloadParameterResolver","4:7311afa2-be91-4b9a-9570-8b642d06c6d1:31377","axon-messaging-5.0.3",2,3,1,0.7,0.16832523490405635,0.17233775761946335,0.004012522715407002,0,34,0.9649201486446769,0,0,7,5.4653554214164615,3.3640875673320676,0.6322246865531789,0,-0.07664463297070451,"","","",0,0,0,1.862121343612671,-3.7924649715423584,""
"org.axonframework.messaging.core.EmptyMessageStream","EmptyMessageStream","4:7311afa2-be91-4b9a-9570-8b642d06c6d1:31381","axon-messaging-5.0.3",1,6,10,0.6666666666666666,0.17490201396399518,0.19156045671240016,0.016658442748404972,347.2261904761904,68,0.571304209825052,0,0,33,11.052003972930834,5.033094011850401,0.37215999339413774,0,-0.08150684997904467,"","","",0,0,0,2.9122304916381836,1.4315143823623657,""
"org.axonframework.messaging.core.annotation.SourceIdParameterResolverFactory$SourceIdParameterResolver","SourceIdParameterResolverFactory$SourceIdParameterResolver","4:7311afa2-be91-4b9a-9570-8b642d06c6d1:31382","axon-messaging-5.0.3",1,4,3,0.4,0.17601336491287434,0.18825000000000003,0.012236635087125691,2,59,1,0,0,12,10.168472100514919,6.213656079577049,0.6897908240145031,0,-0.07866656018810914,"","","",0,0,0,3.333857774734497,-2.732980966567993,""
"org.axonframework.messaging.core.annotation.InterceptorChainParameterResolverFactory","InterceptorChainParameterResolverFactory","4:7311afa2-be91-4b9a-9570-8b642d06c6d1:31383","axon-messaging-5.0.3",1,9,3,0.3333333333333333,0.15263830203493747,0.15303125000000004,0.00039294796506256224,18.333333333333336,60,0.5939179918776194,0,0,12,9.36621174402535,5.610727978588936,0.8570382109380327,0,-0.07778030215080989,"","","",0,0,0,3.3655247688293457,-2.415517568588257,""
"org.axonframework.messaging.core.SimpleEntry","SimpleEntry","4:7311afa2-be91-4b9a-9570-8b642d06c6d1:31479","axon-messaging-5.0.3",10,5,10,0.4,0.49086127901808413,0.6739853773725796,0.18312409835449545,560.0909090909096,-1,0,1,0,300,0,0,0,0,-0.03981838802521981,"","","",0,0,0,2.7331366539001465,2.3714728355407715,""
"org.axonframework.messaging.core.MessageTypeNotResolvedException","MessageTypeNotResolvedException","4:7311afa2-be91-4b9a-9570-8b642d06c6d1:31482","axon-messaging-5.0.3",1,1,1,0,0.23153619825284688,0.30255719310451307,0.07102099485166619,67,30,0.08148858435814336,0,0,42,16.70573988201795,5.27537530291565,0.3102456360999553,0,-0.05894545849569094,"","","",0,0,0,-1.7799739837646484,4.590954780578613,""
"org.axonframework.messaging.core.FilteringMessageStream$Single","FilteringMessageStream$Single","4:7311afa2-be91-4b9a-9570-8b642d06c6d1:31483","axon-messaging-5.0.3",2,4,10,0.8333333333333334,0.2478874381201374,0.33733753641176883,0.08945009829163145,63,68,0.34759914005993575,0,0,33,11.052003972930834,5.033094011850401,0.406026705565918,0,-0.056359084496058476,"","","",0,0,0,3.3262832164764404,1.8415501117706299,""
"org.axonframework.messaging.core.CompletionCallbackMessageStream$Single","CompletionCallbackMessageStream$Single","4:7311afa2-be91-4b9a-9570-8b642d06c6d1:31484","axon-messaging-5.0.3",2,3,10,0.6666666666666666,0.24957599447103526,0.3421420784074147,0.09256608393637941,119.16666666666661,68,0.26992896644451975,0,0,33,11.052003972930834,5.033094011850401,0.7456557325717907,0,-0.07043833788966641,"","","",0,0,0,3.2800519466400146,1.4182982444763184,""
"org.axonframework.messaging.core.MonoUtils","MonoUtils","4:7311afa2-be91-4b9a-9570-8b642d06c6d1:31485","axon-messaging-5.0.3",1,4,10,0.6,0.1525120524913233,0.15277166063435935,0.00025960814303604973,49.5,-1,0,1,0,300,0,0,0,0,-0.07304507086817164,"","","",0,0,0,3.1458370685577393,1.3634501695632935,""
"org.axonframework.messaging.core.unitofwork.ResourceOverridingProcessingContext","ResourceOverridingProcessingContext","4:7311afa2-be91-4b9a-9570-8b642d06c6d1:31488","axon-messaging-5.0.3",3,5,3,0.47619047619047616,0.8055401259496278,2.1099493002306873,1.3044091742810595,2.3333333333333335,60,1,0,0,12,9.36621174402535,5.610727978588936,0.3737099443748477,0,-0.041770084542995856,"","","",0,0,0,3.928673028945923,-2.5389230251312256,""
"org.axonframework.messaging.core.MessageStreamUtils","MessageStreamUtils","4:7311afa2-be91-4b9a-9570-8b642d06c6d1:32070","axon-messaging-5.0.3",2,5,10,0.8,0.20505925626068328,0.2500807830562257,0.045021526795542444,1615.9996753246764,68,0.3546418215272176,0,0,33,11.052003972930834,5.033094011850401,0.5726567432756634,0,-0.043246136663159185,"","","",0,0,0,3.2127561569213867,1.7523689270019531,""
"org.axonframework.messaging.core.FluxMessageStream$1","FluxMessageStream$1","4:7311afa2-be91-4b9a-9570-8b642d06c6d1:32071","axon-messaging-5.0.3",1,2,10,1,0.17321544460211225,0.18188607997160722,0.008670635369494972,0,-1,0,1,0,300,0,0,0,0,-0.06303718339924186,"","","",0,0,0,3.13784122467041,1.9610483646392822,""
"org.axonframework.messaging.core.FilteringMessageStream","FilteringMessageStream","4:7311afa2-be91-4b9a-9570-8b642d06c6d1:32073","axon-messaging-5.0.3",2,4,10,0.8333333333333334,0.23297540868154223,0.30480512792305153,0.0718297192415093,379.35562770562774,68,1,0,0,33,11.052003972930834,5.033094011850401,0.1344302541699449,0,-0.07400444952820173,"","","",0,0,0,2.9147040843963623,1.9715602397918701,""
"org.axonframework.messaging.core.unitofwork.LegacyMessageSupportingContext","LegacyMessageSupportingContext","4:7311afa2-be91-4b9a-9570-8b642d06c6d1:32074","axon-messaging-5.0.3",1,7,3,0.35714285714285715,0.1638594516576404,0.168140713361515,0.004281261703874606,56.33333333333333,60,1,0,1,12,9.36621174402535,5.610727978588936,0,0,-0.06279800413398173,"","","",0,0,0,3.9414381980895996,-2.691427230834961,""
"org.axonframework.messaging.core.interception.DefaultHandlerInterceptorRegistry","DefaultHandlerInterceptorRegistry","4:7311afa2-be91-4b9a-9570-8b642d06c6d1:32076","axon-messaging-5.0.3",6,24,4,0.19,0.2122402367917507,0.2664684292696953,0.05422819247794458,187.37619047619046,77,0.9629488521566583,0,0,6,4.853926695417613,2.4962733241263777,1,0,-0.047039219847662905,"","","",0,0,0,-3.4650321006774902,-3.4441261291503906,""
"org.axonframework.messaging.core.interception.DefaultDispatchInterceptorRegistry","DefaultDispatchInterceptorRegistry","4:7311afa2-be91-4b9a-9570-8b642d06c6d1:32077","axon-messaging-5.0.3",7,26,4,0.1794871794871795,0.22548040944698747,0.2923146138826427,0.06683420443565521,236.7095238095238,76,0.4224403205569354,0,0,9,5.475278093479574,2.7900396964461027,0.9659710133483679,0,-0.031968535227909434,"","","",0,0,0,-5.163005352020264,-4.170657634735107,""
"org.axonframework.messaging.core.correlation.CorrelationDataProvider","CorrelationDataProvider","4:7311afa2-be91-4b9a-9570-8b642d06c6d1:32078","axon-messaging-5.0.3",9,1,4,0.28888888888888886,0.3415541785125753,0.4639204127548571,0.12236623424228182,135.28333333333333,-1,0,1,0,300,0,0,0,0,-0.06570929745899862,"","","",0,0,0,-1.2144283056259155,-4.094809532165527,""
"org.axonframework.messaging.core.FluxMessageStream","FluxMessageStream","4:7311afa2-be91-4b9a-9570-8b642d06c6d1:32415","axon-messaging-5.0.3",2,5,10,0.7,0.24311559633564975,0.2750955919119054,0.031979995576255665,142,-1,0,1,0,300,0,0,0,0,-0.06580512931357024,"","","",0,0,0,3.2127444744110107,2.050011396408081,""
"org.axonframework.messaging.core.CloseCallbackMessageStream","CloseCallbackMessageStream","4:7311afa2-be91-4b9a-9570-8b642d06c6d1:32416","axon-messaging-5.0.3",1,6,10,0.8,0.19980402792799043,0.2331209134248005,0.033316885496810084,41.27222222222222,68,0.550369498604819,0,0,33,11.052003972930834,5.033094011850401,0.3046333004044512,0,-0.06999456050933917,"","","",0,0,0,2.9961538314819336,1.5119365453720093,""
"org.axonframework.messaging.core.MessageStreamUtils$FirstResult","MessageStreamUtils$FirstResult","4:7311afa2-be91-4b9a-9570-8b642d06c6d1:32417","axon-messaging-5.0.3",1,3,10,1,0.18676604109952805,0.20593910610232408,0.01917306500279603,0,68,0.44237357926450777,0,0,33,11.052003972930834,5.033094011850401,0.41315643951795655,0,-0.07560643564571945,"","","",0,0,0,3.12155818939209,1.9464077949523926,""
"org.axonframework.messaging.core.interception.annotation.MessageHandlerInterceptorDefinition$InterceptedMessageHandlingMember","MessageHandlerInterceptorDefinition$InterceptedMessageHandlingMember","4:7311afa2-be91-4b9a-9570-8b642d06c6d1:32419","axon-messaging-5.0.3",1,7,17,0.35714285714285715,0.1728987341772152,0.181875,0.008976265822784796,14.333333333333332,54,0.7322322339474758,0,0,31,15.49064396461472,7.033185086340733,0.3869680701766743,0,-0.0751300408307391,"","","",0,0,0,-1.898125410079956,1.6981979608535767,""
"org.axonframework.messaging.core.interception.annotation.MessageHandlerInterceptorDefinition$ResultHandlingInterceptorMember","MessageHandlerInterceptorDefinition$ResultHandlingInterceptorMember","4:7311afa2-be91-4b9a-9570-8b642d06c6d1:32420","axon-messaging-5.0.3",1,12,17,0.3076923076923077,0.1728987341772152,0.181875,0.008976265822784796,13.333333333333332,-1,0,1,0,300,0,0,0,0,-0.06639987696623745,"","","",0,0,0,-1.6975637674331665,1.647353172302246,""
"org.axonframework.messaging.core.interception.CorrelationDataInterceptor","CorrelationDataInterceptor","4:7311afa2-be91-4b9a-9570-8b642d06c6d1:32421","axon-messaging-5.0.3",1,10,3,0.4,0.15161452506160175,0.1516396682986829,2.5143237081137748e-05,0,49,0.5297720962948276,0,0,7,8.77731696749106,4.524114189004259,0.955120336216088,0,-0.08469267164198013,"","","",0,0,0,1.9304225444793701,-1.9973554611206055,""
"org.axonframework.messaging.core.EventPublicationFailedException","EventPublicationFailedException","4:7311afa2-be91-4b9a-9570-8b642d06c6d1:32461","axon-messaging-5.0.3",1,1,7,1,0.16021282441852527,0.17328572968553935,0.013072905267014073,0,30,0.34335837395788277,0,0,42,16.70573988201795,5.27537530291565,0.09117458950570262,0,-0.05502691457824899,"","","",0,0,0,-1.810095191001892,4.6977458000183105,""
"org.axonframework.messaging.core.interception.annotation.ResultParameterResolverFactory","ResultParameterResolverFactory","4:7311afa2-be91-4b9a-9570-8b642d06c6d1:32464","axon-messaging-5.0.3",2,8,3,0.2222222222222222,0.19897312360905262,0.23712035986642147,0.03814723625736885,15,60,0.9437542393318976,0,0,12,9.36621174402535,5.610727978588936,0.5441050337377936,0,-0.07119694004550142,"","","",0,0,0,3.7369792461395264,-2.5020861625671387,""
"org.axonframework.messaging.core.interception.annotation.ResultParameterResolverFactory$ExceptionResultParameterResolver","ResultParameterResolverFactory$ExceptionResultParameterResolver","4:7311afa2-be91-4b9a-9570-8b642d06c6d1:32465","axon-messaging-5.0.3",1,3,3,1,0.172347677179364,0.18359204299496118,0.01124436581559718,0,60,0.7726540152132185,0,0,12,9.36621174402535,5.610727978588936,0.7937124473282245,0,-0.06294578578133392,"","","",0,0,0,3.8799242973327637,-2.4505903720855713,""
"org.axonframework.messaging.core.interception.JSR303ViolationException","JSR303ViolationException","4:7311afa2-be91-4b9a-9570-8b642d06c6d1:32467","axon-messaging-5.0.3",1,1,7,0,0.1577972160949266,0.1591071428571429,0.0013099267622162791,2,30,0.052284746597925966,0,0,42,16.70573988201795,5.27537530291565,0.7399677979749669,0,-0.07670832814492895,"","","",0,0,0,-1.49225914478302,3.3747851848602295,""
"org.axonframework.messaging.core.interception.DefaultHandlerInterceptorRegistry$3","DefaultHandlerInterceptorRegistry$3","4:7311afa2-be91-4b9a-9570-8b642d06c6d1:32468","axon-messaging-5.0.3",1,4,4,0.6666666666666666,0.15338884718308582,0.15438383544927567,0.0009949882661898501,16.75,77,1,0,0,6,4.853926695417613,2.4962733241263777,0.3447168317941159,0,-0.07430637636387116,"","","",0,0,0,-3.5141637325286865,-3.4911136627197266,""
"org.axonframework.messaging.core.interception.DefaultDispatchInterceptorRegistry$3","DefaultDispatchInterceptorRegistry$3","4:7311afa2-be91-4b9a-9570-8b642d06c6d1:32469","axon-messaging-5.0.3",1,4,4,0.6666666666666666,0.15289362507938123,0.15384227971856054,0.0009486546391793138,16.450000000000003,76,1,0,0,9,5.475278093479574,2.7900396964461027,0.2569021075566852,0,-0.05290921806582061,"","","",0,0,0,-5.186845779418945,-4.148929595947266,""
"org.axonframework.messaging.core.interception.DefaultHandlerInterceptorRegistry$4","DefaultHandlerInterceptorRegistry$4","4:7311afa2-be91-4b9a-9570-8b642d06c6d1:32470","axon-messaging-5.0.3",1,4,4,0.6666666666666666,0.15338884718308582,0.15438383544927567,0.0009949882661898501,16.75,77,1,0,0,6,4.853926695417613,2.4962733241263777,0.36826828220848296,0,-0.07109824420948174,"","","",0,0,0,-3.435251235961914,-3.4473843574523926,""
"org.axonframework.messaging.core.interception.DefaultHandlerInterceptorRegistry$1","DefaultHandlerInterceptorRegistry$1","4:7311afa2-be91-4b9a-9570-8b642d06c6d1:32471","axon-messaging-5.0.3",1,4,4,0.8333333333333334,0.15338884718308582,0.15438383544927567,0.0009949882661898501,23.75,77,1,0,1,6,4.853926695417613,2.4962733241263777,0,0,-0.06999067335707138,"","","",0,0,0,-3.4797027111053467,-3.469215154647827,""
"org.axonframework.messaging.core.interception.DefaultDispatchInterceptorRegistry$GenericInterceptorDefinition","DefaultDispatchInterceptorRegistry$GenericInterceptorDefinition","4:7311afa2-be91-4b9a-9570-8b642d06c6d1:32472","axon-messaging-5.0.3",1,6,4,0.4,0.1606099586243979,0.16408835896805518,0.0034784003436572897,0,-1,0,1,0,300,0,0,0,0,-0.04229533885905318,"","","",0,0,0,-5.30601167678833,-4.218628883361816,""
"org.axonframework.messaging.core.interception.DefaultHandlerInterceptorRegistry$GenericInterceptorDefinition","DefaultHandlerInterceptorRegistry$GenericInterceptorDefinition","4:7311afa2-be91-4b9a-9570-8b642d06c6d1:32473","axon-messaging-5.0.3",1,6,4,0.4,0.16016654154925739,0.16315150634782696,0.002984964798569578,0,-1,0,1,0,300,0,0,0,0,-0.05566895652217496,"","","",0,0,0,-3.5192646980285645,-3.450605630874634,""
"org.axonframework.messaging.core.interception.DefaultDispatchInterceptorRegistry$5","DefaultDispatchInterceptorRegistry$5","4:7311afa2-be91-4b9a-9570-8b642d06c6d1:32474","axon-messaging-5.0.3",1,4,4,0.6666666666666666,0.15289362507938123,0.15384227971856054,0.0009486546391793138,28.533333333333335,76,1,0,0,9,5.475278093479574,2.7900396964461027,0.21298002333218596,0,-0.05066355478108331,"","","",0,0,0,-5.32188606262207,-4.237830638885498,""
"org.axonframework.messaging.core.interception.DefaultDispatchInterceptorRegistry$2","DefaultDispatchInterceptorRegistry$2","4:7311afa2-be91-4b9a-9570-8b642d06c6d1:32475","axon-messaging-5.0.3",1,4,4,0.6666666666666666,0.15289362507938123,0.15384227971856054,0.0009486546391793138,16.450000000000003,76,1,0,0,9,5.475278093479574,2.7900396964461027,0.35478732974603866,0,-0.05186729230261106,"","","",0,0,0,-5.234955787658691,-4.173091888427734,""
"org.axonframework.messaging.core.interception.DefaultHandlerInterceptorRegistry$2","DefaultHandlerInterceptorRegistry$2","4:7311afa2-be91-4b9a-9570-8b642d06c6d1:32476","axon-messaging-5.0.3",1,4,4,0.6666666666666666,0.15338884718308582,0.15438383544927567,0.0009949882661898501,16.75,77,1,0,0,6,4.853926695417613,2.4962733241263777,0.45495509704630577,0,-0.06676053763612932,"","","",0,0,0,-3.508151054382324,-3.4795796871185303,""
"org.axonframework.messaging.core.interception.DefaultDispatchInterceptorRegistry$1","DefaultDispatchInterceptorRegistry$1","4:7311afa2-be91-4b9a-9570-8b642d06c6d1:32477","axon-messaging-5.0.3",1,4,4,0.8333333333333334,0.15289362507938123,0.15384227971856054,0.0009486546391793138,22.450000000000003,76,1,0,1,9,5.475278093479574,2.7900396964461027,0,0,-0.05041097726493621,"","","",0,0,0,-5.287940502166748,-4.206177234649658,""
"org.axonframework.messaging.core.interception.DispatchInterceptorFactory","DispatchInterceptorFactory","4:7311afa2-be91-4b9a-9570-8b642d06c6d1:32479","axon-messaging-5.0.3",2,3,4,0.8,0.18376157830360632,0.1915356782577089,0.007774099954102581,39.666666666666664,76,0.4510148073142217,0,0,9,5.475278093479574,2.7900396964461027,0.6442452730678864,0,-0.04900801136587335,"","","",0,0,0,-5.212153434753418,-4.121131420135498,""
"org.axonframework.messaging.core.interception.HandlerInterceptorFactory","HandlerInterceptorFactory","4:7311afa2-be91-4b9a-9570-8b642d06c6d1:32480","axon-messaging-5.0.3",2,3,4,0.8,0.18429431205607777,0.19296967234710288,0.008675360291025114,47.5,77,1,0,0,6,4.853926695417613,2.4962733241263777,0.917734724853614,0,-0.057731578454110366,"","","",0,0,0,-3.459423303604126,-3.5136301517486572,""
"org.axonframework.messaging.core.interception.annotation.ResultHandler","ResultHandler","4:7311afa2-be91-4b9a-9570-8b642d06c6d1:32540","axon-messaging-5.0.3",2,1,17,0,0.1720976967181666,0.19307234766498713,0.020974650946820522,4,60,0.5750257038329624,0,0,12,9.36621174402535,5.610727978588936,1,0,-0.04838520925832429,"","","",0,0,0,3.822553873062134,-2.4626941680908203,""
"org.axonframework.messaging.core.interception.annotation.MessageHandlerInterceptor","MessageHandlerInterceptor","4:7311afa2-be91-4b9a-9570-8b642d06c6d1:32542","axon-messaging-5.0.3",2,2,1,0.3333333333333333,0.172281382384117,0.19250000000000003,0.020218617615883033,23,-1,0,1,0,300,0,0,0,0,-0.07649749752423834,"","","",0,0,0,2.4600112438201904,-4.887049674987793,""
"org.axonframework.messaging.core.EmptyContext","EmptyContext","4:7311afa2-be91-4b9a-9570-8b642d06c6d1:33595","axon-messaging-5.0.3",1,2,3,1,0.33866196141084187,0.8496479423019446,0.5109859808911028,35.88333333333334,60,0.6778970511123265,0,0,12,9.36621174402535,5.610727978588936,0.9131585475244979,0,-0.04097890002316601,"","","",0,0,0,3.675943374633789,-2.600273370742798,""
"org.axonframework.messaging.core.correlation.MessageOriginProvider","MessageOriginProvider","4:7311afa2-be91-4b9a-9570-8b642d06c6d1:33596","axon-messaging-5.0.3",1,3,1,0.5,0.15080726253080087,0.1508198341493415,1.2571618540624385e-05,0.5,-1,0,1,0,300,0,0,0,0,-0.09044353243384567,"","","",0,0,0,-0.31135839223861694,-2.6289150714874268,""
"org.axonframework.messaging.core.correlation.DefaultCorrelationDataProviderRegistry","DefaultCorrelationDataProviderRegistry","4:7311afa2-be91-4b9a-9570-8b642d06c6d1:33599","axon-messaging-5.0.3",1,9,4,0.3333333333333333,0.15121089379620134,0.1512297512240122,1.885742781085331e-05,6.333333333333333,-1,0,1,0,300,0,0,0,0,-0.08613363840663246,"","","",0,0,0,-1.8897225856781006,-4.274742603302002,""
"org.axonframework.messaging.core.AbstractMessage","AbstractMessage","4:7311afa2-be91-4b9a-9570-8b642d06c6d1:33600","axon-messaging-5.0.3",1,3,1,0.8333333333333334,0.17717126231915709,0.1846750188135448,0.0075037564943877255,0,51,0.7892039029554306,0,0,12,8.240557999815792,4.835676821380427,0.6529702603622829,0,-0.07329242415908921,"","","",0,0,0,-0.5991822481155396,0.06424375623464584,""
"org.axonframework.messaging.core.RemoteHandlingException","RemoteHandlingException","4:7311afa2-be91-4b9a-9570-8b642d06c6d1:33601","axon-messaging-5.0.3",2,2,7,0.3333333333333333,0.2115858949799943,0.2923446059224346,0.0807587109424403,2,30,0.08666784264792671,0,0,42,16.70573988201795,5.27537530291565,0.3778127514031941,0,-0.05577814334734077,"","","",0,0,0,-2.2662460803985596,4.4991455078125,""
"org.axonframework.messaging.core.interception.DefaultDispatchInterceptorRegistry$4","DefaultDispatchInterceptorRegistry$4","4:7311afa2-be91-4b9a-9570-8b642d06c6d1:33602","axon-messaging-5.0.3",1,4,4,0.6666666666666666,0.15289362507938123,0.15384227971856054,0.0009486546391793138,16.450000000000003,76,1,0,0,9,5.475278093479574,2.7900396964461027,0.28692167218562475,0,-0.048897936908779416,"","","",0,0,0,-5.251351356506348,-4.203988075256348,""
"org.axonframework.messaging.core.correlation.CorrelationDataProviderRegistry","CorrelationDataProviderRegistry","4:7311afa2-be91-4b9a-9570-8b642d06c6d1:33605","axon-messaging-5.0.3",4,4,4,0.5,0.20156134749807642,0.21399026432090354,0.012428916822827124,29.726190476190474,78,0.7502744477810247,0,0,11,7.403099725488573,4.037547826539429,0.6273962530306586,0,-0.08671122148273758,"","","",0,0,0,-1.3944770097732544,-4.372810363769531,""
"org.axonframework.messaging.core.CompletionCallbackMessageStream","CompletionCallbackMessageStream","4:7311afa2-be91-4b9a-9570-8b642d06c6d1:33606","axon-messaging-5.0.3",3,6,10,0.4666666666666667,0.2753128729621452,0.40965083044566586,0.13433795748352068,816.3632632073837,68,0.5606311793894094,0,0,33,11.052003972930834,5.033094011850401,0.24093220811965965,0,-0.0729597630091885,"","","",0,0,0,2.9263410568237305,1.4456629753112793,""
"org.axonframework.messaging.core.SimpleContext","SimpleContext","4:7311afa2-be91-4b9a-9570-8b642d06c6d1:33607","axon-messaging-5.0.3",1,2,3,1,0.5273239228216837,1.5492958846038891,1.0219719617822054,0,60,0.6778970511123265,0,0,12,9.36621174402535,5.610727978588936,0.7849390190039007,0,-0.027329106001397374,"","","",0,0,0,3.681793451309204,-2.6307902336120605,""
"org.axonframework.messaging.core.CompletionCallbackMessageStream$Empty","CompletionCallbackMessageStream$Empty","4:7311afa2-be91-4b9a-9570-8b642d06c6d1:33608","axon-messaging-5.0.3",2,3,10,0.6666666666666666,0.2258624612571958,0.28090488050016943,0.05504241924297362,134.79319928437576,68,0.3109312143233858,0,0,33,11.052003972930834,5.033094011850401,0.7543428360111225,0,-0.07484241688890758,"","","",0,0,0,3.1702847480773926,1.3186932802200317,""
"org.axonframework.messaging.core.DefaultMessageDispatchInterceptorChain$InterceptingDispatcher","DefaultMessageDispatchInterceptorChain$InterceptingDispatcher","4:7311afa2-be91-4b9a-9570-8b642d06c6d1:34078","axon-messaging-5.0.3",1,6,10,0.7619047619047619,0.17865125762968412,0.18932620309996107,0.010674945470276948,3,68,0.29512037096758664,0,0,33,11.052003972930834,5.033094011850401,1,0,-0.0756221919925173,"","","",0,0,0,2.241997241973877,0.18857990205287933,""
"org.axonframework.messaging.core.IteratorMessageStream","IteratorMessageStream","4:7311afa2-be91-4b9a-9570-8b642d06c6d1:34134","axon-messaging-5.0.3",1,3,10,1,0.2994120837839713,0.39936274027440133,0.09995065649043006,0,68,1,0,0,33,11.052003972930834,5.033094011850401,0.2045006267994701,0,-0.06592474099079215,"","","",0,0,0,2.8583030700683594,2.0060782432556152,""
"org.axonframework.messaging.core.FailedMessageStream","FailedMessageStream","4:7311afa2-be91-4b9a-9570-8b642d06c6d1:34135","axon-messaging-5.0.3",1,5,10,1,0.19980402792799043,0.2331209134248005,0.033316885496810084,0,68,1,0,0,33,11.052003972930834,5.033094011850401,0.17387658449383409,0,-0.07016041720938526,"","","",0,0,0,2.933539867401123,1.8227550983428955,""
"org.axonframework.messaging.core.IgnoredEntriesMessageStream","IgnoredEntriesMessageStream","4:7311afa2-be91-4b9a-9570-8b642d06c6d1:34136","axon-messaging-5.0.3",1,5,10,0.8,0.22470604189198565,0.27468137013720073,0.049975328245215084,41.27222222222222,68,0.571304209825052,0,0,33,11.052003972930834,5.033094011850401,0.22091739847558614,0,-0.0801236056874674,"","","",0,0,0,2.8948757648468018,1.6449089050292969,""
"org.axonframework.messaging.core.OnErrorContinueMessageStream","OnErrorContinueMessageStream","4:7311afa2-be91-4b9a-9570-8b642d06c6d1:34137","axon-messaging-5.0.3",1,3,10,1,0.19980402792799043,0.2331209134248005,0.033316885496810084,106.62229437229435,68,0.5606311793894094,0,0,33,11.052003972930834,5.033094011850401,0.3369478197136681,0,-0.08107339087729876,"","","",0,0,0,2.677171230316162,1.4631556272506714,""
"org.axonframework.messaging.core.SingleValueMessageStream","SingleValueMessageStream","4:7311afa2-be91-4b9a-9570-8b642d06c6d1:34138","axon-messaging-5.0.3",1,4,10,1,0.19980402792799043,0.2331209134248005,0.033316885496810084,0,68,0.6947693219344543,0,0,33,11.052003972930834,5.033094011850401,0.3382975516786377,0,-0.06652926144870291,"","","",0,0,0,3.016108989715576,2.0345540046691895,""
"org.axonframework.messaging.core.MessageStreamUtils$Reducer","MessageStreamUtils$Reducer","4:7311afa2-be91-4b9a-9570-8b642d06c6d1:34139","axon-messaging-5.0.3",1,3,10,1,0.18676604109952805,0.20593910610232408,0.01917306500279603,0,68,0.44237357926450777,0,0,33,11.052003972930834,5.033094011850401,0.3180991023129723,0,-0.07435756359147727,"","","",0,0,0,3.1169002056121826,1.8088899850845337,""
"org.axonframework.messaging.core.FluxUtils$FluxStreamAdapter","FluxUtils$FluxStreamAdapter","4:7311afa2-be91-4b9a-9570-8b642d06c6d1:34631","axon-messaging-5.0.3",1,3,10,1,0.17333858540211577,0.17742979343857515,0.004091208036459376,0,68,0.4220876865665642,0,0,33,11.052003972930834,5.033094011850401,0.29901616130845626,0,-0.06376016515071042,"","","",0,0,0,2.8931727409362793,1.7063710689544678,""
"org.axonframework.messaging.core.sequencing.ExtractionSequencingPolicy","ExtractionSequencingPolicy","4:7311afa2-be91-4b9a-9570-8b642d06c6d1:34652","axon-messaging-5.0.3",1,7,1,0.35714285714285715,0.17382291424587498,0.19250000000000003,0.01867708575412505,34,53,1,0,0,9,11.041331880260259,7.096146083307556,0.7429694411597769,0,-0.08404259674955117,"","","",0,0,0,2.0788912773132324,-1.6595546007156372,""
"org.axonframework.messaging.core.sequencing.NoOpSequencingPolicy","NoOpSequencingPolicy","4:7311afa2-be91-4b9a-9570-8b642d06c6d1:34656","axon-messaging-5.0.3",1,3,1,0.6666666666666666,0.15040363126540046,0.15040991707467075,6.285809270284437e-06,7,53,1,0,0,9,11.041331880260259,7.096146083307556,0.5485535888607964,0,-0.07654338989415638,"","","",0,0,0,1.5435402393341064,-1.6660919189453125,""
"org.axonframework.messaging.core.sequencing.RoutingKeySequencingPolicy","RoutingKeySequencingPolicy","4:7311afa2-be91-4b9a-9570-8b642d06c6d1:34657","axon-messaging-5.0.3",1,4,5,0.6,0.15040363126540046,0.15040991707467075,6.285809270284437e-06,4.533333333333333,-1,0,1,0,300,0,0,0,0,-0.07807047044105869,"","","",0,0,0,0.5298014283180237,-1.4027223587036133,""
"org.axonframework.messaging.core.retry.DoNotRetryOutcome","DoNotRetryOutcome","4:7311afa2-be91-4b9a-9570-8b642d06c6d1:35473","axon-messaging-5.0.3",1,1,10,0,0.23569025443948477,1.2149393386719463,0.9792490842324615,0,24,1,0,0,7,3.4364608938340098,2.2207465625501106,1,0,-0.01785272841609381,"","","",0,0,0,4.980597019195557,3.9344327449798584,""
"org.axonframework.messaging.core.retry.RetryOutcome","RetryOutcome","4:7311afa2-be91-4b9a-9570-8b642d06c6d1:35474","axon-messaging-5.0.3",1,1,10,0,0.23569025443948477,1.2149393386719463,0.9792490842324615,0,24,1,0,0,7,3.4364608938340098,2.2207465625501106,1,0,-0.01785272841609381,"","","",0,0,0,4.98811149597168,3.8449807167053223,""
"org.axonframework.messaging.core.unitofwork.annotation.ProcessingContextParameterResolverFactory$ProcessingContextParameterResolver","ProcessingContextParameterResolverFactory$ProcessingContextParameterResolver","4:7311afa2-be91-4b9a-9570-8b642d06c6d1:35480","axon-messaging-5.0.3",1,2,3,1,0.18721546560174263,0.2066666666666667,0.019451201064924067,0,59,1,0,0,12,10.168472100514919,6.213656079577049,0.7677092668805994,0,-0.07082480805447011,"","","",0,0,0,3.3919286727905273,-2.532597064971924,""
"org.axonframework.messaging.core.unitofwork.TransactionalUnitOfWorkFactory","TransactionalUnitOfWorkFactory","4:7311afa2-be91-4b9a-9570-8b642d06c6d1:35481","axon-messaging-5.0.3",1,4,3,0.4,0.15080726253080087,0.1508198341493415,1.2571618540624385e-05,7.333333333333333,-1,0,1,0,300,0,0,0,0,-0.050983756409131775,"","","",0,0,0,-0.8941692113876343,8.279172897338867,""
"org.axonframework.messaging.core.retry.AsyncRetryScheduler","AsyncRetryScheduler","4:7311afa2-be91-4b9a-9570-8b642d06c6d1:35483","axon-messaging-5.0.3",1,12,10,0.36363636363636365,0.16294052883291865,0.16536754169799034,0.002427012865071687,33.5,-1,0,1,0,300,0,0,0,0,-0.053115859263994314,"","","",0,0,0,2.947270393371582,0.9150533080101013,""
"org.axonframework.messaging.core.unitofwork.transaction.TransactionManager","TransactionManager","4:7311afa2-be91-4b9a-9570-8b642d06c6d1:35693","axon-messaging-5.0.3",6,5,3,0.2,0.2710504420215045,0.4128669781180458,0.14181653609654127,65.97619047619048,23,0.7248919400122849,0,0,7,7.75681075360626,4.284907621115313,1,0,-0.04587348917369183,"","","",0,0,0,4.822352886199951,-2.473156452178955,""
"org.axonframework.messaging.core.unitofwork.UnitOfWork$UnitOfWorkProcessingContext","UnitOfWork$UnitOfWorkProcessingContext","4:7311afa2-be91-4b9a-9570-8b642d06c6d1:35696","axon-messaging-5.0.3",3,10,3,0.37777777777777777,0.2964467968648431,0.540482784534814,0.24403598766997092,29,61,1,0,1,6,4.4158117808401585,2.6171556922684736,0,0,-0.04804914608498284,"","","",0,0,0,4.488970756530762,-2.975557565689087,""
"org.axonframework.messaging.core.unitofwork.UnitOfWork$UnitOfWorkProcessingContext$CauseAndPhase","UnitOfWork$UnitOfWorkProcessingContext$CauseAndPhase","4:7311afa2-be91-4b9a-9570-8b642d06c6d1:35697","axon-messaging-5.0.3",2,2,3,1,0.18814766799412544,0.21962251630817092,0.031474848314045484,27.5,61,1,0,0,6,4.4158117808401585,2.6171556922684736,0.31900151574696245,0,-0.038345242150431835,"","","",0,0,0,4.385822296142578,-2.921055555343628,""
"org.axonframework.messaging.core.Metadata$MetadataCollector","Metadata$MetadataCollector","4:7311afa2-be91-4b9a-9570-8b642d06c6d1:35699","axon-messaging-5.0.3",1,1,1,0,0.5614266734871598,7.126794383578237,6.565367710091078,0,-1,0,1,0,300,0,0,0,0,-0.027661179732012264,"","","",0,0,0,-0.8662245273590088,-0.46644580364227295,""
"org.axonframework.messaging.core.unitofwork.UnitOfWorkConfiguration","UnitOfWorkConfiguration","4:7311afa2-be91-4b9a-9570-8b642d06c6d1:35700","axon-messaging-5.0.3",3,1,3,0.3333333333333333,0.3475086331268219,0.4614820237654787,0.1139733906386568,54,-1,0,1,0,300,0,0,0,0,-0.04950036598152274,"","","",0,0,0,-0.9206828474998474,8.353328704833984,""
"org.axonframework.messaging.core.unitofwork.ProcessingLifecycle$DefaultPhases","ProcessingLifecycle$DefaultPhases","4:7311afa2-be91-4b9a-9570-8b642d06c6d1:35701","axon-messaging-5.0.3",1,1,3,1,0.3182014123952605,0.5930186227325736,0.27481721033731304,0,60,1,0,0,12,9.36621174402535,5.610727978588936,0.5904567145629576,0,-0.05549372961685772,"","","",0,0,0,4.125964641571045,-2.592264413833618,""
"org.axonframework.messaging.core.unitofwork.UnitOfWork$UnitOfWorkProcessingContext$Status","UnitOfWork$UnitOfWorkProcessingContext$Status","4:7311afa2-be91-4b9a-9570-8b642d06c6d1:35702","axon-messaging-5.0.3",2,1,3,1,0.1975059015412511,0.23746369560349487,0.03995779406224376,27.5,61,1,0,0,6,4.4158117808401585,2.6171556922684736,0.3951411948324589,0,-0.048637115579774126,"","","",0,0,0,4.490720748901367,-2.9708940982818604,""
"org.axonframework.messaging.core.retry.RetryPolicy","RetryPolicy","4:7311afa2-be91-4b9a-9570-8b642d06c6d1:35703","axon-messaging-5.0.3",5,3,10,0.42857142857142855,0.241274059024535,0.2778435263941647,0.03656946736962971,28.5,24,1,0,0,7,3.4364608938340098,2.2207465625501106,0.8867878478988774,0,-0.03543965434239438,"","","",0,0,0,5.244059085845947,3.790792942047119,""
"org.axonframework.messaging.core.retry.RetryPolicy$Outcome","RetryPolicy$Outcome","4:7311afa2-be91-4b9a-9570-8b642d06c6d1:35704","axon-messaging-5.0.3",8,2,10,0.21428571428571427,0.4387330996250471,2.505939705094628,2.0672066054695812,14,24,1,0,0,7,3.4364608938340098,2.2207465625501106,0.8594351220341484,0,-0.004627509018433673,"","","",0,0,0,5.000412464141846,3.829641580581665,""
"org.axonframework.messaging.core.retry.AsyncRetryScheduler$RetryTask","AsyncRetryScheduler$RetryTask","4:7311afa2-be91-4b9a-9570-8b642d06c6d1:35705","axon-messaging-5.0.3",1,9,10,0.5,0.165963516838624,0.1687416530234158,0.0027781361847917796,0,-1,0,1,0,300,0,0,0,0,-0.0657358912664952,"","","",0,0,0,2.8145179748535156,1.034083604812622,""
"org.axonframework.messaging.core.unitofwork.transaction.NoTransactionManager$1","NoTransactionManager$1","4:7311afa2-be91-4b9a-9570-8b642d06c6d1:36740","axon-messaging-5.0.3",1,2,3,1,0.19090539558940164,0.2532972891237869,0.06239189353438526,0,23,1,0,0,7,7.75681075360626,4.284907621115313,0.7473831904787063,0,-0.026862905814117877,"","","",0,0,0,5.043030261993408,-2.4322803020477295,""
"org.axonframework.messaging.core.unitofwork.transaction.jdbc.JdbcTransactionalExecutorProvider$1","JdbcTransactionalExecutorProvider$1","4:7311afa2-be91-4b9a-9570-8b642d06c6d1:36741","axon-messaging-5.0.3",1,3,6,0.6666666666666666,0.17690502090788823,0.19219973929834308,0.015294718390454848,0,42,1,0,1,7,8.259241715539247,5.2250147559680045,0,0,-0.07471105212259316,"","","",0,0,0,-4.309881687164307,2.658675193786621,""
"org.axonframework.messaging.core.unitofwork.transaction.jdbc.JdbcTransactionalExecutorProvider","JdbcTransactionalExecutorProvider","4:7311afa2-be91-4b9a-9570-8b642d06c6d1:36742","axon-messaging-5.0.3",1,7,6,0.38095238095238093,0.19734555179827182,0.23168484320658947,0.03433929140831765,15,42,1,0,0,7,8.259241715539247,5.2250147559680045,0.8036764087437785,0,-0.07690439027895862,"","","",0,0,0,-4.278781414031982,2.6420297622680664,""
"org.axonframework.messaging.core.unitofwork.transaction.jpa.JpaTransactionalExecutorProvider$1","JpaTransactionalExecutorProvider$1","4:7311afa2-be91-4b9a-9570-8b642d06c6d1:36743","axon-messaging-5.0.3",1,3,6,0.6666666666666666,0.17993579530801163,0.19877299359626166,0.018837198288250034,0,42,1,0,0,7,8.259241715539247,5.2250147559680045,0.7859251450220238,0,-0.06646348122876161,"","","",0,0,0,-4.457896709442139,2.6204066276550293,""
"org.axonframework.messaging.core.unitofwork.transaction.jpa.JpaTransactionalExecutorProvider","JpaTransactionalExecutorProvider","4:7311afa2-be91-4b9a-9570-8b642d06c6d1:36744","axon-messaging-5.0.3",3,7,6,0.2222222222222222,0.21957589007993306,0.2677733786908175,0.048197488610884465,49.922222222222224,42,0.8844643948013383,0,0,7,8.259241715539247,5.2250147559680045,1,0,-0.06105284499602365,"","","",0,0,0,-4.524085998535156,2.5465586185455322,""
"org.axonframework.messaging.core.timeout.HandlerTimeoutConfiguration","HandlerTimeoutConfiguration","4:7311afa2-be91-4b9a-9570-8b642d06c6d1:36745","axon-messaging-5.0.3",2,1,19,0.6666666666666666,0.19611164836273867,0.21001508152173917,0.0139034331590005,0,10,1,0,0,13,20.72803564032074,7.348564478403064,0.009964773893914917,0,-0.028938406049145216,"","","",0,0,0,-10.360370635986328,1.9096148014068604,""
"org.axonframework.messaging.core.timeout.UnitOfWorkTimeoutInterceptorBuilder","UnitOfWorkTimeoutInterceptorBuilder","4:7311afa2-be91-4b9a-9570-8b642d06c6d1:36746","axon-messaging-5.0.3",1,14,19,0.19047619047619047,0.17134957639847206,0.1739745535714286,0.0026249771729565385,6,10,0.08842337705830074,0,0,13,20.72803564032074,7.348564478403064,0.43230416751093176,0,-0.0555016292344942,"","","",0,0,0,-3.9657278060913086,1.4693794250488281,""
"org.axonframework.messaging.core.timeout.AxonTimeLimitedTask","AxonTimeLimitedTask","4:7311afa2-be91-4b9a-9570-8b642d06c6d1:36747","axon-messaging-5.0.3",2,2,19,0.16666666666666666,0.23273826990015672,0.2533755059477596,0.02063723604760287,9,10,0.07933089286807879,0,0,13,20.72803564032074,7.348564478403064,0.9022578465677131,0,-0.05806213476907962,"","","",0,0,0,-3.8803138732910156,1.5019453763961792,""
"org.axonframework.messaging.core.timeout.AxonTaskJanitor","AxonTaskJanitor","4:7311afa2-be91-4b9a-9570-8b642d06c6d1:36748","axon-messaging-5.0.3",2,1,19,0.3333333333333333,0.20694479112160177,0.2493429043350512,0.04239811321344944,8.5,10,0.07933089286807879,0,0,13,20.72803564032074,7.348564478403064,1,0,-0.042282478549518054,"","","",0,0,0,-3.88714337348938,1.4925590753555298,""
"org.axonframework.messaging.core.unitofwork.transaction.NoTransactionManager","NoTransactionManager","4:7311afa2-be91-4b9a-9570-8b642d06c6d1:36750","axon-messaging-5.0.3",3,3,3,0.4,0.1877475324008761,0.2835612353542679,0.09581370295339181,30,23,1,0,0,7,7.75681075360626,4.284907621115313,0.6357215998228026,0,-0.04134870224789022,"","","",0,0,0,5.037879943847656,-2.416921854019165,""
"org.axonframework.messaging.core.timeout.TimeoutWrappedMessageHandlingMember","TimeoutWrappedMessageHandlingMember","4:7311afa2-be91-4b9a-9570-8b642d06c6d1:36753","axon-messaging-5.0.3",1,6,19,0.38095238095238093,0.16039565238697662,0.1629717391304348,0.002576086743458189,75.83333333333333,10,0.07933089286807879,0,0,13,20.72803564032074,7.348564478403064,0.7633038591141941,0,-0.06259234946848119,"","","",0,0,0,-3.717684030532837,1.4944576025009155,""
"org.axonframework.messaging.core.configuration.MessagingConfigurationDefaults","MessagingConfigurationDefaults","4:7311afa2-be91-4b9a-9570-8b642d06c6d1:37348","axon-messaging-5.0.3",1,62,4,0.05734767025089606,0.151339877835813,0.15142819983737843,8.832200156541625e-05,717.9198412698413,-1,0,1,0,300,0,0,0,0,-0.035151616049895085,"","","",0,0,0,-1.4784376621246338,-3.824831962585449,""
"org.axonframework.messaging.core.timeout.HandlerTimeoutHandlerEnhancerDefinition","HandlerTimeoutHandlerEnhancerDefinition","4:7311afa2-be91-4b9a-9570-8b642d06c6d1:37349","axon-messaging-5.0.3",1,8,19,0.08333333333333333,0.169412321676556,0.17550000000000002,0.006087678323444007,48.66666666666667,10,0.2794213902558503,0,0,13,20.72803564032074,7.348564478403064,0.13841627794687467,0,-0.0012478629213442671,"","","",0,0,0,-10.467805862426758,1.8089113235473633,""
"org.axonframework.messaging.core.configuration.reflection.ConfigurationParameterResolverFactory","ConfigurationParameterResolverFactory","4:7311afa2-be91-4b9a-9570-8b642d06c6d1:37350","axon-messaging-5.0.3",1,5,4,0.13333333333333333,0.16464847099171195,0.181875,0.017226529008288055,14.75,74,0.8813546143534225,0,0,8,7.0721852402202785,3.792329084892117,0.6413699829073579,0,-0.09197994255137448,"","","",0,0,0,-1.7943904399871826,-3.6853201389312744,""
"org.axonframework.messaging.core.HierarchicalMessageTypeResolver","HierarchicalMessageTypeResolver","4:7311afa2-be91-4b9a-9570-8b642d06c6d1:37799","axon-messaging-5.0.3",1,2,1,1,0.17228411143037958,0.18754451308199546,0.01526040165161588,5.5,-1,0,1,0,300,0,0,0,0,-0.04106971272814147,"","","",0,0,0,-0.6727957725524902,0.7376328706741333,""
"org.axonframework.messaging.core.NamespaceMessageTypeResolver","NamespaceMessageTypeResolver","4:7311afa2-be91-4b9a-9570-8b642d06c6d1:37801","axon-messaging-5.0.3",1,3,1,1,0.17228411143037958,0.18754451308199546,0.01526040165161588,13,-1,0,1,0,300,0,0,0,0,-0.035082703693088246,"","","",0,0,0,-0.62068772315979,0.7025135159492493,""
"org.axonframework.messaging.core.NamespaceMessageTypeResolver$Builder","NamespaceMessageTypeResolver$Builder","4:7311afa2-be91-4b9a-9570-8b642d06c6d1:37802","axon-messaging-5.0.3",1,4,1,0.8333333333333334,0.19274421990488239,0.22085013886198895,0.028105918957106568,1,-1,0,1,0,300,0,0,0,0,-0.03474996866160568,"","","",0,0,0,-0.610867977142334,0.6672325134277344,""
"org.axonframework.messaging.core.RemoteNonTransientHandlingException","RemoteNonTransientHandlingException","4:7311afa2-be91-4b9a-9570-8b642d06c6d1:38241","axon-messaging-5.0.3",2,2,7,0.3333333333333333,0.2105885579756121,0.28739637466713663,0.07680781669152453,2,30,0.08666784264792671,0,0,42,16.70573988201795,5.27537530291565,0.5871045710580733,0,-0.043800792131506394,"","","",0,0,0,-2.310272455215454,4.399765968322754,""
"org.axonframework.messaging.tracing.MultiSpanFactory$MultiSpan","MultiSpanFactory$MultiSpan","4:7311afa2-be91-4b9a-9570-8b642d06c6d1:38243","axon-messaging-5.0.3",1,2,1,0.6666666666666666,0.175177734113339,0.17750000000000002,0.0023222658866610124,1,43,1,0,0,14,9.48660186282359,4.1621907466157735,0.2445402128277351,0,-0.02149763730761839,"","","",0,0,0,3.2119336128234863,-6.7613701820373535,""
"org.axonframework.messaging.tracing.TracingHandlerEnhancerDefinition","TracingHandlerEnhancerDefinition","4:7311afa2-be91-4b9a-9570-8b642d06c6d1:38244","axon-messaging-5.0.3",2,6,17,0.3333333333333333,0.24006489026208322,0.31640932049358356,0.07634443023150034,54,-1,0,1,0,300,0,0,0,0,-0.0933570973235347,"","","",0,0,0,-2.6337966918945312,2.3919923305511475,""
"org.axonframework.messaging.tracing.TracingHandlerEnhancerDefinition$Builder","TracingHandlerEnhancerDefinition$Builder","4:7311afa2-be91-4b9a-9570-8b642d06c6d1:38245","axon-messaging-5.0.3",1,3,17,0.6666666666666666,0.21886777845532482,0.26324123049244047,0.04437345203711565,0,-1,0,1,0,300,0,0,0,0,-0.08995215899765385,"","","",0,0,0,-2.7858853340148926,2.5184168815612793,""
"org.axonframework.messaging.tracing.TracingHandlerEnhancerDefinition$1","TracingHandlerEnhancerDefinition$1","4:7311afa2-be91-4b9a-9570-8b642d06c6d1:38246","axon-messaging-5.0.3",1,7,17,0.47619047619047616,0.17582541692074688,0.19246546143466525,0.016640044513918373,28,-1,0,1,0,300,0,0,0,0,-0.08701209173672148,"","","",0,0,0,-2.4545552730560303,2.16256046295166,""
"org.axonframework.messaging.tracing.SpanUtils","SpanUtils","4:7311afa2-be91-4b9a-9570-8b642d06c6d1:38254","axon-messaging-5.0.3",1,2,1,0.6666666666666666,0.15313824135601595,0.1536898043452401,0.0005515629892241525,20.5,47,1,0,0,6,7.221836687764153,3.955994041850014,0.5916398594469614,0,-0.07938368616735503,"","","",0,0,0,2.7988364696502686,-5.626534938812256,""
"org.axonframework.messaging.tracing.SpanAttributesProvider","SpanAttributesProvider","4:7311afa2-be91-4b9a-9570-8b642d06c6d1:38264","axon-messaging-5.0.3",11,1,1,0.22727272727272727,0.3082957215695868,0.4921828033175352,0.18388708174794843,338.75,47,0.6630942820599606,0,0,6,7.221836687764153,3.955994041850014,1,0,-0.028059025052563025,"","","",0,0,0,2.978935480117798,-6.006845951080322,""
"org.axonframework.update.UpdateCheckerHttpClient","UpdateCheckerHttpClient","4:7311afa2-be91-4b9a-9570-8b642d06c6d1:39038","axon-update-5.0.3",3,4,9,0.5714285714285714,0.20464454627787879,0.21372364440347555,0.009079098125596763,0,11,1,0,1,26,20.502406822517514,10.234266403002458,0,0,-0.011031785475503264,"","","",0,0,0,-3.6395397186279297,3.7508039474487305,""
"org.axonframework.update.detection.MachineId","MachineId","4:7311afa2-be91-4b9a-9570-8b642d06c6d1:39039","axon-update-5.0.3",1,1,9,1,0.16826033308547866,0.17175628967012568,0.0034959565846470197,0,11,1,0,0,26,20.502406822517514,10.234266403002458,0.36717951051472436,0,-0.014395350632232129,"","","",0,0,0,-3.4872217178344727,3.627346992492676,""
"org.axonframework.update.common.DelayedTask","DelayedTask","4:7311afa2-be91-4b9a-9570-8b642d06c6d1:39040","axon-update-5.0.3",1,1,9,1,0.1728254163568483,0.17719536208765704,0.004369945730808733,0,11,1,0,0,26,20.502406822517514,10.234266403002458,0.3687566040672348,0,-0.014395350632232129,"","","",0,0,0,-3.5193490982055664,3.667332887649536,""
"org.axonframework.update.detection.KotlinVersion","KotlinVersion","4:7311afa2-be91-4b9a-9570-8b642d06c6d1:39041","axon-update-5.0.3",1,1,9,1,0.1545650832713697,0.15543907241753147,0.0008739891461617688,0,11,1,0,0,26,20.502406822517514,10.234266403002458,0.34653381613394435,0,-0.014266787074576515,"","","",0,0,0,-3.46954607963562,3.6308460235595703,""
"org.axonframework.update.detection.AxonVersionDetector","AxonVersionDetector","4:7311afa2-be91-4b9a-9570-8b642d06c6d1:39042","axon-update-5.0.3",1,2,9,0.6666666666666666,0.1545650832713697,0.15543907241753147,0.0008739891461617688,2,11,1,0,0,26,20.502406822517514,10.234266403002458,0.3533118191332326,0,-0.02831206614703269,"","","",0,0,0,-3.9166882038116455,3.9807348251342773,""
"org.axonframework.update.detection.TestEnvironmentDetector","TestEnvironmentDetector","4:7311afa2-be91-4b9a-9570-8b642d06c6d1:39043","axon-update-5.0.3",2,1,9,0.3333333333333333,0.17768813662859595,0.3038393189579529,0.12615118232935696,1.3333333333333333,11,1,0,0,26,20.502406822517514,10.234266403002458,0.5666343566317543,0,-0.045095085679083546,"","","",0,0,0,-3.2453906536102295,3.4813690185546875,""
"org.axonframework.update.LoggingUpdateCheckerReporter","LoggingUpdateCheckerReporter","4:7311afa2-be91-4b9a-9570-8b642d06c6d1:39045","axon-update-5.0.3",1,7,9,0.2857142857142857,0.15441910591886884,0.154811320754717,0.0003922148358481703,7,11,1,0,0,26,20.502406822517514,10.234266403002458,0.33115926140209717,1,0.02142376587838507,"nodeEmbeddingPCA_29","nodeEmbeddingPCA_17","nodeEmbeddingPCA_18",-0.2203297779763644,-0.1286478573005404,-0.11362196115380792,-4.032966613769531,4.075685501098633,""
"org.axonframework.update.configuration.CommandLineUsagePropertyProvider","CommandLineUsagePropertyProvider","4:7311afa2-be91-4b9a-9570-8b642d06c6d1:39046","axon-update-5.0.3",1,2,9,1,0.2088569415583183,0.3523622680503961,0.1435053264920778,0,11,1,0,0,26,20.502406822517514,10.234266403002458,0.699514735279856,0,-0.01843299166796869,"","","",0,0,0,-3.09307861328125,3.3655548095703125,""
"org.axonframework.update.configuration.EnvironmentVariableUsagePropertyProvider","EnvironmentVariableUsagePropertyProvider","4:7311afa2-be91-4b9a-9570-8b642d06c6d1:39047","axon-update-5.0.3",1,3,9,0.3333333333333333,0.2088569415583183,0.3523622680503961,0.1435053264920778,12,-1,0,1,0,300,0,0,0,0,-0.07855219168541355,"","","",0,0,0,-3.03790020942688,3.2057745456695557,""
"org.axonframework.update.configuration.PropertyFileUsagePropertyProvider","PropertyFileUsagePropertyProvider","4:7311afa2-be91-4b9a-9570-8b642d06c6d1:39048","axon-update-5.0.3",1,3,9,1,0.2088569415583183,0.3523622680503961,0.1435053264920778,0,11,1,0,0,26,20.502406822517514,10.234266403002458,0.7727767840491345,0,-0.006399494571386721,"","","",0,0,0,-3.2161426544189453,3.3842217922210693,""
"org.axonframework.update.configuration.DefaultUsagePropertyProvider","DefaultUsagePropertyProvider","4:7311afa2-be91-4b9a-9570-8b642d06c6d1:39049","axon-update-5.0.3",2,2,9,1,0.24576951587476867,0.45085301641641995,0.20508350054165128,0,11,1,0,0,26,20.502406822517514,10.234266403002458,0.8245226095168461,1,0.004953699426783642,"nodeEmbeddingPCA_30","nodeEmbeddingPCA_5","nodeEmbeddingPCA_19",-0.04570087197445168,-0.02999200469754838,-0.029276218713664447,-3.2793309688568115,3.2840447425842285,""
"org.axonframework.update.configuration.HierarchicalUsagePropertyProvider","HierarchicalUsagePropertyProvider","4:7311afa2-be91-4b9a-9570-8b642d06c6d1:39050","axon-update-5.0.3",1,2,9,1,0.2088569415583183,0.3523622680503961,0.1435053264920778,0,11,1,0,0,26,20.502406822517514,10.234266403002458,0.7116842877994284,0,-0.020594943445457425,"","","",0,0,0,-3.11555552482605,3.3726892471313477,""
"org.axonframework.update.UpdateChecker","UpdateChecker","4:7311afa2-be91-4b9a-9570-8b642d06c6d1:39051","axon-update-5.0.3",2,11,9,0.2564102564102564,0.18638421319240017,0.19196735473334994,0.005583141540949771,16,11,1,0,0,26,20.502406822517514,10.234266403002458,0.13701328425088627,0,-0.016241030915270793,"","","",0,0,0,-3.6246278285980225,3.7695653438568115,""
"org.axonframework.update.UpdateCheckerReporter","UpdateCheckerReporter","4:7311afa2-be91-4b9a-9570-8b642d06c6d1:39052","axon-update-5.0.3",4,2,9,0.4666666666666667,0.18739618732366786,0.1934173726397602,0.006021185316092331,18.333333333333332,11,1,0,0,26,20.502406822517514,10.234266403002458,0.1214301512704522,0,-0.006438758306963888,"","","",0,0,0,-3.7206902503967285,3.8395233154296875,""
"org.axonframework.update.configuration.UsagePropertyProvider","UsagePropertyProvider","4:7311afa2-be91-4b9a-9570-8b642d06c6d1:39053","axon-update-5.0.3",12,6,9,0.21794871794871795,0.5090772489520079,1.1903663297101261,0.6812890807581182,68.66666666666667,11,1,0,0,26,20.502406822517514,10.234266403002458,0.6142272530498201,1,0.03058762208080884,"nodeEmbeddingPCA_17","nodeEmbeddingPCA_5","pageRank",-0.11194743569953614,-0.06746755976489437,-0.04678675140755801,-3.1295769214630127,3.3567216396331787,""
"org.axonframework.update.api.UpdateCheckResponse","UpdateCheckResponse","4:7311afa2-be91-4b9a-9570-8b642d06c6d1:39660","axon-update-5.0.3",4,4,9,0.42857142857142855,0.22960407553669782,0.3019644464589245,0.07236037092222669,18.166666666666664,11,1,0,0,26,20.502406822517514,10.234266403002458,0.39756227949841894,1,0.0240000161279898,"nodeEmbeddingPCA_29","nodeEmbeddingPCA_17","nodeEmbeddingPCA_18",-0.22419674192719685,-0.1275476154889269,-0.11575839676094023,-4.076022148132324,4.119625568389893,""
"org.axonframework.update.api.UpdateCheckRequest","UpdateCheckRequest","4:7311afa2-be91-4b9a-9570-8b642d06c6d1:39661","axon-update-5.0.3",4,2,9,0.4666666666666667,0.2576437939603348,0.3442378614007917,0.08659406744045689,4.166666666666666,11,1,0,0,26,20.502406822517514,10.234266403002458,0.2869243666296949,0,-0.001598836593421249,"","","",0,0,0,-3.9569575786590576,3.9985463619232178,""
"org.axonframework.update.api.Artifact","Artifact","4:7311afa2-be91-4b9a-9570-8b642d06c6d1:39662","axon-update-5.0.3",3,1,9,0.5,0.3958448856849489,0.5604222756826381,0.16457738999768923,0,11,1,0,0,26,20.502406822517514,10.234266403002458,0.28313483372559606,1,0.0029707919050775966,"nodeEmbeddingPCA_17","nodeEmbeddingPCA_25","nodeEmbeddingPCA_30",-0.13912248559362125,-0.045119991798757045,-0.030647973916376973,-3.838564872741699,4.055654048919678,""
"org.axonframework.update.api.DetectedVulnerability","DetectedVulnerability","4:7311afa2-be91-4b9a-9570-8b642d06c6d1:39663","axon-update-5.0.3",2,2,9,0.8333333333333334,0.24400853832599553,0.29001527643073954,0.04600673810474401,0,11,1,0,0,26,20.502406822517514,10.234266403002458,0.38748904981916715,1,0.011012546403593615,"nodeEmbeddingPCA_29","nodeEmbeddingPCA_17","nodeEmbeddingPCA_18",-0.2322985801480485,-0.12960460182791098,-0.11489868155591891,-4.072879314422607,4.125251770019531,""
"org.axonframework.update.api.ArtifactAvailableUpgrade","ArtifactAvailableUpgrade","4:7311afa2-be91-4b9a-9570-8b642d06c6d1:39664","axon-update-5.0.3",2,1,9,0.6666666666666666,0.21948441604290883,0.25775319135291563,0.0382687753100068,0,11,1,0,0,26,20.502406822517514,10.234266403002458,0.39350305847164757,1,0.014180177169953623,"nodeEmbeddingPCA_29","nodeEmbeddingPCA_17","nodeEmbeddingPCA_18",-0.2308314346590841,-0.1283605239788237,-0.11594547938900077,-4.018033027648926,4.097198486328125,""
"org.axonframework.update.api.DetectedVulnerabilitySeverity","DetectedVulnerabilitySeverity","4:7311afa2-be91-4b9a-9570-8b642d06c6d1:39765","axon-update-5.0.3",3,1,9,0.8333333333333334,0.25364055241233785,0.3859006904305867,0.13226013801824887,0.3333333333333333,11,1,0,0,26,20.502406822517514,10.234266403002458,0.4368329920108747,1,0.031640688774161874,"nodeEmbeddingPCA_29","nodeEmbeddingPCA_18","nodeEmbeddingPCA_17",-0.22918918083196563,-0.11627997233708666,-0.09405576288672453,-4.090103626251221,4.13304328918457,""
"org.axonframework.extension.metrics.micrometer.TagsUtil","TagsUtil","4:7311afa2-be91-4b9a-9570-8b642d06c6d1:40013","axon-metrics-micrometer-5.0.3",1,3,1,0.5,0.16196862314882174,0.16431932834643,0.0023507051976082716,0,-1,0,1,0,300,0,0,0,0,-0.059298654843878695,"","","",0,0,0,1.0355454683303833,-4.776712894439697,""
"org.axonframework.extension.metrics.micrometer.MessageTimerMonitor$Builder","MessageTimerMonitor$Builder","4:7311afa2-be91-4b9a-9570-8b642d06c6d1:40014","axon-metrics-micrometer-5.0.3",2,3,4,0.5,0.26672158549467745,0.3310523158515348,0.06433073035685732,2,-1,0,1,0,300,0,0,0,0,-0.052667844326835356,"","","",0,0,0,0.9305100440979004,-4.773443222045898,""
"org.axonframework.extension.metrics.micrometer.MessageTimerMonitor","MessageTimerMonitor","4:7311afa2-be91-4b9a-9570-8b642d06c6d1:40015","axon-metrics-micrometer-5.0.3",3,5,4,0.4666666666666667,0.2570074868303713,0.3375047340865934,0.08049724725622215,40,-1,0,1,0,300,0,0,0,0,-0.05034797500402893,"","","",0,0,0,0.963759183883667,-4.896470546722412,""
"org.axonframework.extension.metrics.micrometer.CapacityMonitor$1","CapacityMonitor$1","4:7311afa2-be91-4b9a-9570-8b642d06c6d1:40016","axon-metrics-micrometer-5.0.3",1,3,1,0.6666666666666666,0.16897627961492726,0.17566825189251897,0.006691972277591718,4,-1,0,1,0,300,0,0,0,0,-0.032755632447095284,"","","",0,0,0,2.0992605686187744,-5.382543563842773,""
"org.axonframework.extension.metrics.micrometer.CapacityMonitor","CapacityMonitor","4:7311afa2-be91-4b9a-9570-8b642d06c6d1:40017","axon-metrics-micrometer-5.0.3",2,5,1,0.4,0.19872252631202636,0.22145164107106047,0.022729114759034108,22.499999999999996,-1,0,1,0,300,0,0,0,0,-0.04731429441859958,"","","",0,0,0,2.1755640506744385,-5.4260640144348145,""
"org.axonframework.extension.metrics.micrometer.MetricsConfigurationEnhancer","MetricsConfigurationEnhancer","4:7311afa2-be91-4b9a-9570-8b642d06c6d1:40019","axon-metrics-micrometer-5.0.3",2,21,4,0.11857707509881422,0.1895689365307686,0.21689570877680728,0.02732677224603869,134.2,-1,0,1,0,300,0,0,0,0,-0.034218335771383945,"","","",0,0,0,0.6878248453140259,-4.847585678100586,""
"org.axonframework.extension.metrics.micrometer.EventProcessorLatencyMonitor$Builder","EventProcessorLatencyMonitor$Builder","4:7311afa2-be91-4b9a-9570-8b642d06c6d1:40020","axon-metrics-micrometer-5.0.3",2,3,15,0.5,0.2186144643453946,0.24112820909164379,0.022513744746249176,4.5,-1,0,1,0,300,0,0,0,0,-0.06476727510289076,"","","",0,0,0,1.1970847845077515,-4.9361114501953125,""
"org.axonframework.extension.metrics.micrometer.MessageCountingMonitor","MessageCountingMonitor","4:7311afa2-be91-4b9a-9570-8b642d06c6d1:40021","axon-metrics-micrometer-5.0.3",2,4,1,0.5,0.17396829459737811,0.21054638011284785,0.03657808551546973,36,-1,0,1,0,300,0,0,0,0,-0.05072108222228483,"","","",0,0,0,1.1596728563308716,-4.986910343170166,""
"org.axonframework.extension.metrics.micrometer.EventProcessorLatencyMonitor","EventProcessorLatencyMonitor","4:7311afa2-be91-4b9a-9570-8b642d06c6d1:40022","axon-metrics-micrometer-5.0.3",2,6,15,0.42857142857142855,0.18486936397246798,0.20302964060424294,0.01816027663177497,13.999999999999998,-1,0,1,0,300,0,0,0,0,-0.06255335027228592,"","","",0,0,0,1.1199047565460205,-4.9134111404418945,""
"org.axonframework.extension.metrics.micrometer.MessageTimerMonitor$1","MessageTimerMonitor$1","4:7311afa2-be91-4b9a-9570-8b642d06c6d1:40023","axon-metrics-micrometer-5.0.3",1,2,4,1,0.1765288835121388,0.1930318383514326,0.016502954839293787,0,-1,0,1,0,300,0,0,0,0,-0.05246404759705031,"","","",0,0,0,0.9938768744468689,-4.8662309646606445,""
"org.axonframework.extension.metrics.micrometer.springboot.MicrometerMetricsAutoConfiguration$1","MicrometerMetricsAutoConfiguration$1","4:7311afa2-be91-4b9a-9570-8b642d06c6d1:40025","axon-metrics-micrometer-5.0.3",1,4,13,0.8333333333333334,0.17562278466368014,0.1899816525936416,0.014358867929961466,0,-1,0,1,0,300,0,0,0,0,-0.039987970511392024,"","","",0,0,0,4.7899041175842285,3.5731053352355957,""
"org.axonframework.extension.metrics.micrometer.springboot.MicrometerMetricsAutoConfiguration","MicrometerMetricsAutoConfiguration","4:7311afa2-be91-4b9a-9570-8b642d06c6d1:40026","axon-metrics-micrometer-5.0.3",1,6,13,0.26666666666666666,0.17789230373417697,0.20382811236633133,0.02593580863215436,38.99999999999999,-1,0,1,0,300,0,0,0,0,-0.02734079297864661,"","","",0,0,0,4.770092487335205,3.6299984455108643,""
"org.axonframework.extension.metrics.micrometer.springboot.MetricsProperties","MetricsProperties","4:7311afa2-be91-4b9a-9570-8b642d06c6d1:40027","axon-metrics-micrometer-5.0.3",1,1,13,1,0.17562278466368014,0.1899816525936416,0.014358867929961466,0,-1,0,1,0,300,0,0,0,0,-0.023580676589531058,"","","",0,0,0,4.736994743347168,3.8549046516418457,""
"org.axonframework.extension.metrics.micrometer.MessageCountingMonitor$1","MessageCountingMonitor$1","4:7311afa2-be91-4b9a-9570-8b642d06c6d1:40028","axon-metrics-micrometer-5.0.3",1,2,1,1,0.1765576858291949,0.19474109429742756,0.01818340846823266,0,-1,0,1,0,300,0,0,0,0,-0.03223088340872082,"","","",0,0,0,1.4532986879348755,-5.133234977722168,""
"org.axonframework.axonserver.connector.AxonServerConnectionManager","AxonServerConnectionManager","4:7311afa2-be91-4b9a-9570-8b642d06c6d1:41354","axon-server-connector-5.0.3",7,4,14,0.2,0.2740422449676227,0.3675660657654126,0.09352382079778992,107.2,40,0.3553039324306765,0,0,37,22.549057819880545,10.374159360337512,0.13998759085879087,0,-0.036914097247092714,"","","",0,0,0,0.59824538230896,3.456629514694214,""
"org.axonframework.axonserver.connector.util.GrpcMessageSizeInterceptor","GrpcMessageSizeInterceptor","4:7311afa2-be91-4b9a-9570-8b642d06c6d1:41371","axon-server-connector-5.0.3",3,2,20,0.3333333333333333,0.34514755443894757,0.6759922313775377,0.33084467693859015,42,1,1,0,0,5,1.8012091836135369,1.0258377856473089,1,0,-0.0014086781848368646,"","","",0,0,0,6.945976734161377,-4.693014144897461,""
"org.axonframework.axonserver.connector.TopologyChange","TopologyChange","4:7311afa2-be91-4b9a-9570-8b642d06c6d1:41373","axon-server-connector-5.0.3",2,3,14,0,0.22546558604154884,0.4402394832288327,0.21477389718728387,17,6,1,0,0,5,2.152638406585538,0.43416619408890256,0.008450062022155801,0,-0.05612217720406826,"","","",0,0,0,-0.4331417977809906,5.606393814086914,""
"org.axonframework.axonserver.connector.MetadataConverter$1","MetadataConverter$1","4:7311afa2-be91-4b9a-9570-8b642d06c6d1:41382","axon-server-connector-5.0.3",1,1,1,0,0.19565781193253592,0.4891184696543247,0.29346065772178875,0,52,1,0,0,5,8.323734484612942,4.6086308269761505,0.7254648765030319,0,-0.04709305934589059,"","","",0,0,0,-0.2502140402793884,0.47069886326789856,""
"org.axonframework.axonserver.connector.util.ExceptionConverter","ExceptionConverter","4:7311afa2-be91-4b9a-9570-8b642d06c6d1:41393","axon-server-connector-5.0.3",6,3,7,0.32142857142857145,0.1836102441381141,0.20098641943966397,0.017376175301549862,102.6,30,0.44597995516160643,0,0,42,16.70573988201795,5.27537530291565,0.060936580039542936,0,-0.06298772235679817,"","","",0,0,0,-1.85788893699646,4.5813798904418945,""
"org.axonframework.axonserver.connector.AxonServerException","AxonServerException","4:7311afa2-be91-4b9a-9570-8b642d06c6d1:41397","axon-server-connector-5.0.3",1,2,7,1,0.24191541976672698,0.35957156716985383,0.11765614740312685,0,30,1,0,1,42,16.70573988201795,5.27537530291565,0,0,-0.06264669766907216,"","","",0,0,0,-1.7542158365249634,4.469487190246582,""
"org.axonframework.axonserver.connector.query.AxonServerNonTransientRemoteQueryHandlingException","AxonServerNonTransientRemoteQueryHandlingException","4:7311afa2-be91-4b9a-9570-8b642d06c6d1:41400","axon-server-connector-5.0.3",1,2,7,0.3333333333333333,0.1551064122092626,0.16164286484276968,0.006536452633507078,17.500000000000004,30,0.3128955701413042,0,0,42,16.70573988201795,5.27537530291565,0.14187063888471618,0,-0.06941420143613425,"","","",0,0,0,-2.216832160949707,4.333556652069092,""
"org.axonframework.axonserver.connector.query.AxonServerQueryDispatchException","AxonServerQueryDispatchException","4:7311afa2-be91-4b9a-9570-8b642d06c6d1:41401","axon-server-connector-5.0.3",1,2,7,1,0.1551064122092626,0.16164286484276968,0.006536452633507078,0,30,0.34335837395788277,0,0,42,16.70573988201795,5.27537530291565,0.09117462256814093,0,-0.05560840483577861,"","","",0,0,0,-1.7525756359100342,4.746474742889404,""
"org.axonframework.axonserver.connector.query.AxonServerRemoteQueryHandlingException","AxonServerRemoteQueryHandlingException","4:7311afa2-be91-4b9a-9570-8b642d06c6d1:41402","axon-server-connector-5.0.3",1,2,7,0.3333333333333333,0.1551064122092626,0.16164286484276968,0.006536452633507078,27.99999999999999,30,0.3128955701413042,0,0,42,16.70573988201795,5.27537530291565,0.14543798308804118,0,-0.07225246110279937,"","","",0,0,0,-2.2237956523895264,4.4778971672058105,""
"org.axonframework.axonserver.connector.command.AxonServerNonTransientRemoteCommandHandlingException","AxonServerNonTransientRemoteCommandHandlingException","4:7311afa2-be91-4b9a-9570-8b642d06c6d1:41405","axon-server-connector-5.0.3",1,2,7,0.3333333333333333,0.1551064122092626,0.16164286484276968,0.006536452633507078,17.500000000000004,30,0.3128955701413042,0,0,42,16.70573988201795,5.27537530291565,0.14187063888471618,0,-0.06941420143613425,"","","",0,0,0,-2.1798181533813477,4.394930362701416,""
"org.axonframework.axonserver.connector.command.AxonServerRemoteCommandHandlingException","AxonServerRemoteCommandHandlingException","4:7311afa2-be91-4b9a-9570-8b642d06c6d1:41407","axon-server-connector-5.0.3",1,2,7,0.3333333333333333,0.16021282441852527,0.17328572968553935,0.013072905267014073,0,30,0.3428203788908159,0,0,42,16.70573988201795,5.27537530291565,0.0780435584088022,0,-0.07634677168337245,"","","",0,0,0,-2.1050467491149902,4.369643211364746,""
"org.axonframework.axonserver.connector.command.AxonServerCommandDispatchException","AxonServerCommandDispatchException","4:7311afa2-be91-4b9a-9570-8b642d06c6d1:41408","axon-server-connector-5.0.3",1,1,7,0,0.1551064122092626,0.16164286484276968,0.006536452633507078,21,30,0.17949142586000535,0,0,42,16.70573988201795,5.27537530291565,0.12131455897822092,0,-0.06744391202109007,"","","",0,0,0,-1.6922200918197632,4.201211929321289,""
"org.axonframework.axonserver.connector.AxonServerConfiguration$Eventhandling$ProcessorSettings","AxonServerConfiguration$Eventhandling$ProcessorSettings","4:7311afa2-be91-4b9a-9570-8b642d06c6d1:41415","axon-server-connector-5.0.3",3,1,14,0.6666666666666666,0.2582982492289904,1.3407226559673349,1.0824244067383444,12,40,0.22575290061123734,0,0,37,22.549057819880545,10.374159360337512,0.2104196622008192,0,-0.019474470741261463,"","","",0,0,0,0.6506463885307312,3.65242862701416,""
"org.axonframework.axonserver.connector.util.PriorityExecutorService","PriorityExecutorService","4:7311afa2-be91-4b9a-9570-8b642d06c6d1:41420","axon-server-connector-5.0.3",1,2,14,0,0.1880371057513915,0.2775,0.08946289424860854,3,3,1,0,1,5,1.4683857292402536,0.4356894058873877,0,0,-0.0591517775931657,"","","",0,0,0,-3.9136626720428467,0.9883276224136353,""
"org.axonframework.axonserver.connector.AxonServerConfiguration","AxonServerConfiguration","4:7311afa2-be91-4b9a-9570-8b642d06c6d1:41431","axon-server-connector-5.0.3",7,6,14,0.16666666666666666,0.450402663324462,0.5488733662988139,0.0984707029743519,65,40,0.5306720708795954,0,0,37,22.549057819880545,10.374159360337512,0.08239653160258034,0,-0.00582872643602006,"","","",0,0,0,0.5510839223861694,3.8034915924072266,""
"org.axonframework.axonserver.connector.TopologyChange$1","TopologyChange$1","4:7311afa2-be91-4b9a-9570-8b642d06c6d1:41553","axon-server-connector-5.0.3",1,1,14,0,0.16551537423228221,0.18742035607445082,0.021904981842168603,0,6,1,0,0,5,2.152638406585538,0.43416619408890256,9.38043011151502e-07,0,-0.05616039656184946,"","","",0,0,0,-0.4421137571334839,5.6179327964782715,""
"org.axonframework.axonserver.connector.MetadataConverter","MetadataConverter","4:7311afa2-be91-4b9a-9570-8b642d06c6d1:41554","axon-server-connector-5.0.3",4,2,1,0.2,0.20691003839579616,0.5984443582135144,0.39153431981771825,17.666666666666668,52,1,0,1,5,8.323734484612942,4.6086308269761505,0,0,-0.04631503796798947,"","","",0,0,0,-0.35023173689842224,0.2743839621543884,""
"org.axonframework.axonserver.connector.AxonServerConfiguration$Eventhandling","AxonServerConfiguration$Eventhandling","4:7311afa2-be91-4b9a-9570-8b642d06c6d1:41556","axon-server-connector-5.0.3",4,1,14,0.6666666666666666,0.24191803494656366,1.3609619418597965,1.1190439069132327,4,40,1,0,0,37,22.549057819880545,10.374159360337512,0.03491387828124175,0,-0.024773585782793206,"","","",0,0,0,0.4786642789840698,3.664980411529541,""
"org.axonframework.axonserver.connector.util.GrpcMessageSizeInterceptor$1","GrpcMessageSizeInterceptor$1","4:7311afa2-be91-4b9a-9570-8b642d06c6d1:41557","axon-server-connector-5.0.3",2,4,20,0.3333333333333333,0.33393574430680856,0.77120430559299,0.43726856128618147,12,1,1,0,0,5,1.8012091836135369,1.0258377856473089,0.7399588563369751,0,-0.013212440805379089,"","","",0,0,0,6.948960304260254,-4.695559978485107,""
"org.axonframework.axonserver.connector.AxonServerConnectionManager$Builder","AxonServerConnectionManager$Builder","4:7311afa2-be91-4b9a-9570-8b642d06c6d1:41558","axon-server-connector-5.0.3",2,8,14,0.16666666666666666,0.24132428170237052,0.31072257606563214,0.06939829436326161,85.03333333333333,40,1,0,0,37,22.549057819880545,10.374159360337512,0.041502519059014635,0,-0.026385795695036462,"","","",0,0,0,0.5470878481864929,3.6639657020568848,""
"org.axonframework.axonserver.connector.ErrorCode$ExceptionBuilder","ErrorCode$ExceptionBuilder","4:7311afa2-be91-4b9a-9570-8b642d06c6d1:41560","axon-server-connector-5.0.3",1,1,7,1,0.1627660305231565,0.17910716210692415,0.016341131583767654,0,30,0.7454433994534904,0,0,42,16.70573988201795,5.27537530291565,0.028752426834518282,0,-0.05978053250410553,"","","",0,0,0,-1.7574607133865356,4.555088520050049,""
"org.axonframework.axonserver.connector.ErrorCode","ErrorCode","4:7311afa2-be91-4b9a-9570-8b642d06c6d1:41571","axon-server-connector-5.0.3",8,19,7,0.04710144927536232,0.38659744361659965,0.8492443515843229,0.46264690796772323,688.7,30,1,0,0,42,16.70573988201795,5.27537530291565,0.01935962448961572,0,-0.030976310193183976,"","","",0,0,0,-1.8774319887161255,4.559830665588379,""
"org.axonframework.axonserver.connector.InstructionAckSource","InstructionAckSource","4:7311afa2-be91-4b9a-9570-8b642d06c6d1:41572","axon-server-connector-5.0.3",1,1,7,0,0.17235281290885307,0.2775,0.10514718709114695,61,30,1,0,0,42,16.70573988201795,5.27537530291565,0.03181711687525077,0,-0.07192095418023631,"","","",0,0,0,-1.4384183883666992,4.402705669403076,""
"org.axonframework.axonserver.connector.util.GrpcMessageSizeInterceptor$1$1","GrpcMessageSizeInterceptor$1$1","4:7311afa2-be91-4b9a-9570-8b642d06c6d1:41603","axon-server-connector-5.0.3",2,3,20,0.6666666666666666,0.2212119088888827,0.40290225431408816,0.18169034542520546,12,1,1,0,1,5,1.8012091836135369,1.0258377856473089,0,0,-0.011282831840832341,"","","",0,0,0,6.913253307342529,-4.668527603149414,""
"org.axonframework.axonserver.connector.AxonServerConfigurationEnhancer","AxonServerConfigurationEnhancer","4:7311afa2-be91-4b9a-9570-8b642d06c6d1:42758","axon-server-connector-5.0.3",1,27,14,0.09523809523809523,0.16241054887723103,0.17232766953544693,0.0099171206582159,600.6190476190476,40,0.36254900744866797,0,0,37,22.549057819880545,10.374159360337512,0.1283796967477188,0,-0.015466514028434797,"","","",0,0,0,0.5239289999008179,3.3383028507232666,""
"org.axonframework.axonserver.connector.query.AxonServerQueryBusConnector","AxonServerQueryBusConnector","4:7311afa2-be91-4b9a-9570-8b642d06c6d1:42759","axon-server-connector-5.0.3",3,17,14,0.16993464052287582,0.2089469639863642,0.22729106023097154,0.01834409624460734,248.3,40,0.12158570526102387,0,0,37,22.549057819880545,10.374159360337512,0.45971575771171236,1,0.013300035055355042,"nodeEmbeddingPCA_33","nodeEmbeddingPCA_10","clusterRadiusAverage",-0.0745846557361211,-0.0278929790399656,-0.021495421212789582,0.1174101009964943,2.6715710163116455,""
"org.axonframework.axonserver.connector.query.QueryUpdateMessageStream","QueryUpdateMessageStream","4:7311afa2-be91-4b9a-9570-8b642d06c6d1:42760","axon-server-connector-5.0.3",1,5,7,0.4666666666666667,0.15557594212180612,0.15654906269767996,0.0009731205758738426,16.900000000000002,30,0.047483166311520345,0,0,42,16.70573988201795,5.27537530291565,0.5103231935036544,0,-0.03466182851609623,"","","",0,0,0,-0.3976278603076935,2.9229650497436523,""
"org.axonframework.axonserver.connector.query.QueryConverter","QueryConverter","4:7311afa2-be91-4b9a-9570-8b642d06c6d1:42761","axon-server-connector-5.0.3",6,13,1,0.19298245614035087,0.2099115207408008,0.23419748921359065,0.024285968472789854,228.43611111111113,52,1,0,0,5,8.323734484612942,4.6086308269761505,0.8143499805965888,0,-0.03495730663885516,"","","",0,0,0,-0.12726517021656036,0.33208972215652466,""
"org.axonframework.axonserver.connector.query.QueryResponseMessageStream","QueryResponseMessageStream","4:7311afa2-be91-4b9a-9570-8b642d06c6d1:42762","axon-server-connector-5.0.3",1,6,14,0.42857142857142855,0.16672782636541822,0.16964718809303986,0.002919361727621639,0,30,0.047483166311520345,0,0,42,16.70573988201795,5.27537530291565,0.8251802194736917,0,-0.02698738407027934,"","","",0,0,0,-0.09265825897455215,2.6344339847564697,""
"org.axonframework.axonserver.connector.query.AxonServerQueryBusConnector$LocalSegmentAdapter","AxonServerQueryBusConnector$LocalSegmentAdapter","4:7311afa2-be91-4b9a-9570-8b642d06c6d1:42763","axon-server-connector-5.0.3",1,9,14,0.3611111111111111,0.16672782636541822,0.16964718809303986,0.002919361727621639,6,-1,0,1,0,300,0,0,0,0,-0.016778913240958815,"","","",0,0,0,0.03846326470375061,2.5359644889831543,""
"org.axonframework.axonserver.connector.query.AxonServerQueryBusConnector$AxonServerUpdateCallback","AxonServerQueryBusConnector$AxonServerUpdateCallback","4:7311afa2-be91-4b9a-9570-8b642d06c6d1:42764","axon-server-connector-5.0.3",2,6,14,0.42857142857142855,0.16932843885788826,0.17387454351803386,0.0045461046601456,129.86666666666665,30,0.047483166311520345,0,0,42,16.70573988201795,5.27537530291565,0.7723575916718325,0,-0.024760586826130693,"","","",0,0,0,-0.13676141202449799,2.6599111557006836,""
"org.axonframework.axonserver.connector.query.FlowControlledResponseSender","FlowControlledResponseSender","4:7311afa2-be91-4b9a-9570-8b642d06c6d1:42765","axon-server-connector-5.0.3",1,7,10,0.2857142857142857,0.1610269785313235,0.16373334144612922,0.002706362914805721,14.458333333333332,30,0.03896564941135023,0,0,42,16.70573988201795,5.27537530291565,0.5626149797853488,0,-0.08803636090599903,"","","",0,0,0,2.6961007118225098,1.64790940284729,""
"org.axonframework.axonserver.connector.event.TaggedEventConverter","TaggedEventConverter","4:7311afa2-be91-4b9a-9570-8b642d06c6d1:42766","axon-server-connector-5.0.3",3,10,0,0.23076923076923078,0.2012710092366047,0.21191059075208132,0.010639581515476615,22.5,-1,0,1,0,300,0,0,0,0,-0.06504257346701975,"","","",0,0,0,2.2841274738311768,3.2115910053253174,""
"org.axonframework.axonserver.connector.event.AxonServerEventStorageEngineFactory","AxonServerEventStorageEngineFactory","4:7311afa2-be91-4b9a-9570-8b642d06c6d1:42865","axon-server-connector-5.0.3",1,10,12,0.2545454545454545,0.1520738037817701,0.15225351419272304,0.00017971041095293794,81.91666666666667,-1,0,1,0,300,0,0,0,0,-0.05651384423970701,"","","",0,0,0,-3.181906223297119,-4.800067901611328,""
"org.axonframework.axonserver.connector.event.EventProcessorControlService","EventProcessorControlService","4:7311afa2-be91-4b9a-9570-8b642d06c6d1:42873","axon-server-connector-5.0.3",2,15,14,0.18333333333333332,0.19085663698127428,0.19978284587062606,0.008926208889351778,294.9,22,0.4268747814432282,0,0,10,17.97838861355558,8.642570765933488,1,0,-0.018250469054026053,"","","",0,0,0,2.287921667098999,6.6367692947387695,""
"org.axonframework.axonserver.connector.TopologyChangeListener","TopologyChangeListener","4:7311afa2-be91-4b9a-9570-8b642d06c6d1:42874","axon-server-connector-5.0.3",2,1,14,0,0.1534775540718628,0.15403803782250192,0.0005604837506391069,16,6,1,0,0,5,2.152638406585538,0.43416619408890256,1,0,-0.05438277726863672,"","","",0,0,0,-0.4058200418949127,5.714094161987305,""
"org.axonframework.axonserver.connector.command.AxonServerCommandBusConnector","AxonServerCommandBusConnector","4:7311afa2-be91-4b9a-9570-8b642d06c6d1:42880","axon-server-connector-5.0.3",2,15,14,0.16666666666666666,0.1809565377880135,0.202070214260961,0.021113676472947512,104,40,0.12158570526102387,0,0,37,22.549057819880545,10.374159360337512,0.3612389117441008,0,-0.0029217892412193303,"","","",0,0,0,0.3009730577468872,2.763347625732422,""
"org.axonframework.axonserver.connector.AxonServerConfiguration$Builder","AxonServerConfiguration$Builder","4:7311afa2-be91-4b9a-9570-8b642d06c6d1:42932","axon-server-connector-5.0.3",1,2,14,1,0.18278883410023303,0.1944326058432374,0.011643771743004377,6,40,1,0,0,37,22.549057819880545,10.374159360337512,0.0671027051265037,0,-0.01505239805535774,"","","",0,0,0,0.5129207372665405,3.762331962585449,""
"org.axonframework.axonserver.connector.query.AbstractQueryResponseMessageStream","AbstractQueryResponseMessageStream","4:7311afa2-be91-4b9a-9570-8b642d06c6d1:43057","axon-server-connector-5.0.3",2,7,10,0.3333333333333333,0.19150142836350395,0.21531112606708777,0.02380969770358382,99.5,30,0.03896564941135023,0,0,42,16.70573988201795,5.27537530291565,1,0,-0.06642335176354214,"","","",0,0,0,2.759150981903076,1.8505499362945557,""
"org.axonframework.axonserver.connector.event.SourcingEventMessageStream","SourcingEventMessageStream","4:7311afa2-be91-4b9a-9570-8b642d06c6d1:44051","axon-server-connector-5.0.3",1,13,10,0.27472527472527475,0.1575032078758311,0.15906493575691108,0.0015617278810799717,65.53333333333333,-1,0,1,0,300,0,0,0,0,-0.05977547017956558,"","","",0,0,0,2.5945703983306885,3.0316431522369385,""
"org.axonframework.axonserver.connector.event.AggregateBasedAxonServerEventStorageEngine$1","AggregateBasedAxonServerEventStorageEngine$1","4:7311afa2-be91-4b9a-9570-8b642d06c6d1:44052","axon-server-connector-5.0.3",1,6,12,0.6,0.15281791811764434,0.1529532972766023,0.0001353791589579767,1.5,45,0.6491206475858912,0,0,25,16.824409583583474,8.092903064549901,0.788705062520261,0,-0.03523068333705137,"","","",0,0,0,2.5823237895965576,4.360856533050537,""
"org.axonframework.axonserver.connector.event.AggregateBasedAxonServerEventStorageEngine","AggregateBasedAxonServerEventStorageEngine","4:7311afa2-be91-4b9a-9570-8b642d06c6d1:44053","axon-server-connector-5.0.3",1,36,12,0.11587301587301588,0.1565923307326502,0.15866735333633256,0.002075022603682364,110,-1,0,1,0,300,0,0,0,0,-0.03393239432925671,"","","",0,0,0,2.4767167568206787,3.501363515853882,""
"org.axonframework.axonserver.connector.event.ConditionConverter","ConditionConverter","4:7311afa2-be91-4b9a-9570-8b642d06c6d1:44054","axon-server-connector-5.0.3",1,11,12,0.21212121212121213,0.1612548118137467,0.16359740363536657,0.0023425918216198605,12,-1,0,1,0,300,0,0,0,0,-0.04359597853636277,"","","",0,0,0,0.9153552651405334,5.22714900970459,""
"org.axonframework.axonserver.connector.event.EventProcessorInfoUtils","EventProcessorInfoUtils","4:7311afa2-be91-4b9a-9570-8b642d06c6d1:44055","axon-server-connector-5.0.3",1,7,14,0.39285714285714285,0.15858289503110404,0.1597970434032711,0.0012141483721670732,12,22,0.5551815784024962,0,0,10,17.97838861355558,8.642570765933488,0.5921953132716595,0,-0.03538365050823955,"","","",0,0,0,2.440741539001465,6.883666038513184,""
"org.axonframework.axonserver.connector.event.AxonServerEventStorageEngine","AxonServerEventStorageEngine","4:7311afa2-be91-4b9a-9570-8b642d06c6d1:44056","axon-server-connector-5.0.3",2,19,12,0.18421052631578946,0.21054880387112354,0.22928955149833818,0.018740747627214643,262.5,55,0.3569420655076907,0,0,14,6.014231230597943,2.822304309986066,0.775698076620972,0,-0.03142333815404269,"","","",0,0,0,3.5972225666046143,7.029077053070068,""
"org.axonframework.axonserver.connector.event.StreamingEventMessageStream","StreamingEventMessageStream","4:7311afa2-be91-4b9a-9570-8b642d06c6d1:44057","axon-server-connector-5.0.3",1,10,0,0.36363636363636365,0.1575032078758311,0.15906493575691108,0.0015617278810799717,20,-1,0,1,0,300,0,0,0,0,-0.06003170136214614,"","","",0,0,0,2.6670753955841064,3.013245105743408,""
"org.axonframework.axonserver.connector.event.AxonServerMessageStream","AxonServerMessageStream","4:7311afa2-be91-4b9a-9570-8b642d06c6d1:44059","axon-server-connector-5.0.3",1,10,10,0.38181818181818183,0.15281791811764434,0.1529532972766023,0.0001353791589579767,9,-1,0,1,0,300,0,0,0,0,-0.06593393703814043,"","","",0,0,0,2.6037259101867676,2.938807487487793,""
"org.axonframework.axonserver.connector.event.AggregateBasedAxonServerEventStorageEngine$AggregateSource","AggregateBasedAxonServerEventStorageEngine$AggregateSource","4:7311afa2-be91-4b9a-9570-8b642d06c6d1:44090","axon-server-connector-5.0.3",1,3,12,0.5,0.15751444831371825,0.15787545940427275,0.00036101109055450276,0,-1,0,1,0,300,0,0,0,0,-0.06275002594983764,"","","",0,0,0,2.622450590133667,3.6375088691711426,""
"org.axonframework.axonserver.connector.event.EventProcessorControlService$AxonProcessorInstructionHandler","EventProcessorControlService$AxonProcessorInstructionHandler","4:7311afa2-be91-4b9a-9570-8b642d06c6d1:44091","axon-server-connector-5.0.3",1,3,14,1,0.15858289503110404,0.1597970434032711,0.0012141483721670732,0,22,0.5069426955876947,0,0,10,17.97838861355558,8.642570765933488,0.8082943445265763,0,-0.02486185952879333,"","","",0,0,0,2.316990852355957,6.7303595542907715,""
"org.axonframework.axonserver.connector.event.AxonServerEventStorageEngine$AxonServerAppendTransaction","AxonServerEventStorageEngine$AxonServerAppendTransaction","4:7311afa2-be91-4b9a-9570-8b642d06c6d1:44092","axon-server-connector-5.0.3",1,5,12,0.4,0.1612548118137467,0.16359740363536657,0.0023425918216198605,9,44,0.5796602410432122,0,0,17,11.654484717408195,5.351383465273744,0.5994426578907784,0,-0.033648208320620265,"","","",0,0,0,1.989463448524475,4.360450267791748,""
"org.axonframework.axonserver.connector.command.CommandConverter","CommandConverter","4:7311afa2-be91-4b9a-9570-8b642d06c6d1:44590","axon-server-connector-5.0.3",2,12,1,0.18681318681318682,0.17280945389079735,0.18559820315885261,0.01278874926805526,143.45,52,1,0,0,5,8.323734484612942,4.6086308269761505,1,0,-0.05502952402509548,"","","",0,0,0,-0.33775702118873596,-0.1253741979598999,""
"org.axonframework.axonserver.connector.command.AxonServerCommandBusConnector$FutureResultCallback","AxonServerCommandBusConnector$FutureResultCallback","4:7311afa2-be91-4b9a-9570-8b642d06c6d1:44591","axon-server-connector-5.0.3",1,4,14,0.8333333333333334,0.16009625670581745,0.16256778161866958,0.00247152491285213,0,-1,0,1,0,300,0,0,0,0,-0.021350744797993038,"","","",0,0,0,0.11702466011047363,1.985741138458252,""
"org.axonframework.modelling.PropertyBasedEntityIdResolver","PropertyBasedEntityIdResolver","4:7311afa2-be91-4b9a-9570-8b642d06c6d1:45586","axon-modelling-5.0.3",1,8,5,0.16666666666666666,0.16048167350495912,0.1640539772727273,0.0035723037677681813,17.333333333333332,32,0.5602531887965725,0,0,16,12.176008352194913,7.978956241779088,0.6608566539068955,0,-0.07416747689406145,"","","",0,0,0,-0.3991197645664215,-3.255754232406616,""
"org.axonframework.modelling.annotation.InjectEntityParameterResolver","InjectEntityParameterResolver","4:7311afa2-be91-4b9a-9570-8b642d06c6d1:45587","axon-modelling-5.0.3",1,7,5,0.32142857142857145,0.16048167350495912,0.1640539772727273,0.0035723037677681813,14,-1,0,1,0,300,0,0,0,0,-0.06700761661246618,"","","",0,0,0,-1.0664299726486206,-5.331362724304199,""
"org.axonframework.modelling.annotation.InjectEntityParameterResolverFactory","InjectEntityParameterResolverFactory","4:7311afa2-be91-4b9a-9570-8b642d06c6d1:45590","axon-modelling-5.0.3",1,9,5,0.13333333333333333,0.16464847099171195,0.181875,0.017226529008288055,48.5,31,1,0,0,6,13.641146847512573,8.264382320999479,0.25768139460058176,0,-0.07399289281897231,"","","",0,0,0,-0.9274658560752869,-3.294466018676758,""
"org.axonframework.modelling.HierarchicalStateManager","HierarchicalStateManager","4:7311afa2-be91-4b9a-9570-8b642d06c6d1:45592","axon-modelling-5.0.3",1,5,3,0.4,0.15720177040888017,0.15980769230769232,0.002605921898812147,16,39,0.511439012601132,0,0,7,7.7541589316679165,3.361346865779654,0.9903179066932994,0,-0.04871715802540294,"","","",0,0,0,-0.9633360505104065,-5.949871063232422,""
"org.axonframework.modelling.RepositoryAlreadyRegisteredException","RepositoryAlreadyRegisteredException","4:7311afa2-be91-4b9a-9570-8b642d06c6d1:45593","axon-modelling-5.0.3",1,1,3,1,0.15424739347244795,0.15471359671522625,0.00046620324277829583,0,39,1,0,0,7,7.7541589316679165,3.361346865779654,0.3685255530692029,0,-0.022107655177466545,"","","",0,0,0,-0.996047854423523,-6.328372955322266,""
"org.axonframework.modelling.EntityEvolver","EntityEvolver","4:7311afa2-be91-4b9a-9570-8b642d06c6d1:45691","axon-modelling-5.0.3",13,2,3,0.3238095238095238,0.32972427363819373,0.47549256301729753,0.1457682893791038,215.31111111111113,38,0.7107210789790702,0,0,8,9.045356725575402,3.6066547408045153,0.6284027611775171,0,-0.027620985579680235,"","","",0,0,0,0.21267648041248322,-6.410091400146484,""
"org.axonframework.modelling.StateManager","StateManager","4:7311afa2-be91-4b9a-9570-8b642d06c6d1:45711","axon-modelling-5.0.3",7,6,3,0.28205128205128205,0.32746718011578535,0.3789379529077997,0.05147077279201434,119.33333333333333,39,0.511439012601132,0,0,7,7.7541589316679165,3.361346865779654,1,0,-0.035566762306053545,"","","",0,0,0,-0.9466028213500977,-5.9315619468688965,""
"org.axonframework.modelling.entity.annotation.AnnotatedEntityMetamodel","AnnotatedEntityMetamodel","4:7311afa2-be91-4b9a-9570-8b642d06c6d1:45732","axon-modelling-5.0.3",13,29,5,0.1091753774680604,0.36845131047711743,0.6973185482373527,0.3288672377602353,3160.1476190476187,35,1,0,0,10,15.053564019035548,9.546037751180119,0.7245282564706879,0,-0.0017309554756432255,"","","",0,0,0,0.33871784806251526,-2.5844249725341797,""
"org.axonframework.modelling.repository.Repository","Repository","4:7311afa2-be91-4b9a-9570-8b642d06c6d1:45745","axon-modelling-5.0.3",11,4,3,0.24175824175824176,0.44621332045188167,0.6247911373644086,0.17857781691252694,82.4,39,1,0,1,7,7.7541589316679165,3.361346865779654,0,0,-0.023681629385917724,"","","",0,0,0,-1.0010854005813599,-6.252178192138672,""
"org.axonframework.modelling.EntityIdResolver","EntityIdResolver","4:7311afa2-be91-4b9a-9570-8b642d06c6d1:45821","axon-modelling-5.0.3",17,3,5,0.1631578947368421,0.38430591680559173,0.6396161505199692,0.2553102337143775,330.75000000000006,-1,0,1,0,300,0,0,0,0,-0.03390983646129886,"","","",0,0,0,-0.9966505765914917,-3.701868772506714,""
"org.axonframework.modelling.EntityEvolvingComponent","EntityEvolvingComponent","4:7311afa2-be91-4b9a-9570-8b642d06c6d1:45822","axon-modelling-5.0.3",2,2,3,0.5,0.15918100222015125,0.16164650051638907,0.0024654982962378225,20.583333333333332,-1,0,1,0,300,0,0,0,0,-0.04547495279777186,"","","",0,0,0,0.653642475605011,-2.250059127807617,""
"org.axonframework.modelling.annotation.AnnotationBasedEntityIdResolver","AnnotationBasedEntityIdResolver","4:7311afa2-be91-4b9a-9570-8b642d06c6d1:46172","axon-modelling-5.0.3",3,6,5,0.19444444444444445,0.2164078029202774,0.3097953914173609,0.0933875884970835,36,31,1,0,0,6,13.641146847512573,8.264382320999479,0.8725062693379558,0,-0.06147971134048841,"","","",0,0,0,-0.9225325584411621,-3.081606149673462,""
"org.axonframework.modelling.annotation.AnnotationBasedEntityEvolvingComponent","AnnotationBasedEntityEvolvingComponent","4:7311afa2-be91-4b9a-9570-8b642d06c6d1:46173","axon-modelling-5.0.3",1,17,17,0.2549019607843137,0.15848138421337013,0.16657960059945748,0.008098216386087348,351.16666666666663,54,0.5251324714274412,0,0,31,15.49064396461472,7.033185086340733,0.5798229970461091,0,-0.046146645345873816,"","","",0,0,0,-1.518877625465393,1.3902275562286377,""
"org.axonframework.modelling.annotation.InjectEntity","InjectEntity","4:7311afa2-be91-4b9a-9570-8b642d06c6d1:46193","axon-modelling-5.0.3",1,2,5,0.6666666666666666,0.19716753077231597,0.21324289772727278,0.016075366954956816,4,31,1,0,1,6,13.641146847512573,8.264382320999479,0,0,-0.0688778552887308,"","","",0,0,0,-0.9448835849761963,-3.1404504776000977,""
"org.axonframework.modelling.annotation.EntityIdResolverDefinition","EntityIdResolverDefinition","4:7311afa2-be91-4b9a-9570-8b642d06c6d1:46204","axon-modelling-5.0.3",4,3,4,0.5238095238095238,0.1887528434089824,0.21389868779509746,0.025145844386115057,539.4,75,1,0,1,6,6.684130309615284,4.743204436691788,0,0,-0.049178034155761774,"","","",0,0,0,-1.4663280248641968,-3.140004873275757,""
"org.axonframework.modelling.entity.ConcreteEntityMetamodel","ConcreteEntityMetamodel","4:7311afa2-be91-4b9a-9570-8b642d06c6d1:46806","axon-modelling-5.0.3",3,23,5,0.19202898550724637,0.18213293138307313,0.20225057737677749,0.02011764599370436,379.75185892538826,72,0.7124249899950921,0,0,18,16.199547267518938,7.616832914522901,0.47619287691123346,0,-0.05176616477141155,"","","",0,0,0,0.6201812028884888,-2.135701894760132,""
"org.axonframework.modelling.entity.EntityMetamodel","EntityMetamodel","4:7311afa2-be91-4b9a-9570-8b642d06c6d1:46810","axon-modelling-5.0.3",24,11,5,0.2064516129032258,0.5871597916361191,0.8589746521026614,0.27181486046654235,1187.567044393515,72,0.8366942528283793,0,0,18,16.199547267518938,7.616832914522901,0.40398573630278783,0,-0.01839199716207568,"","","",0,0,0,0.6424540281295776,-2.5085487365722656,""
"org.axonframework.modelling.entity.EntityMetamodelBuilder","EntityMetamodelBuilder","4:7311afa2-be91-4b9a-9570-8b642d06c6d1:46814","axon-modelling-5.0.3",8,6,5,0.5,0.30281856325424994,0.4265078369988529,0.12368927374460298,862.8960211357271,72,1,0,0,18,16.199547267518938,7.616832914522901,0.2703979377272994,0,-0.032562038991375886,"","","",0,0,0,0.6916630864143372,-2.6136748790740967,""
"org.axonframework.modelling.entity.EntityCommandHandler","EntityCommandHandler","4:7311afa2-be91-4b9a-9570-8b642d06c6d1:46815","axon-modelling-5.0.3",5,5,5,0.24444444444444444,0.21131682750713726,0.25123817106082924,0.03992134355369198,94.29761904761904,72,1,0,1,18,16.199547267518938,7.616832914522901,0,0,-0.04522251369878327,"","","",0,0,0,0.7629442811012268,-2.410975694656372,""
"org.axonframework.modelling.entity.child.EntityChildMetamodel","EntityChildMetamodel","4:7311afa2-be91-4b9a-9570-8b642d06c6d1:46817","axon-modelling-5.0.3",11,11,5,0.2857142857142857,0.2844679955672746,0.39329790811722476,0.10882991254995017,1109.2721712927594,72,0.7893265287999398,0,0,18,16.199547267518938,7.616832914522901,0.3500684905224918,0,-0.021856955662827804,"","","",0,0,0,0.7035970687866211,-2.470076322555542,""
"org.axonframework.modelling.entity.child.ListEntityChildMetamodel$Builder","ListEntityChildMetamodel$Builder","4:7311afa2-be91-4b9a-9570-8b642d06c6d1:46819","axon-modelling-5.0.3",3,6,5,0.5714285714285714,0.23803321567402982,0.27610756890686616,0.03807435323283634,120.91666666666666,63,1,0,0,13,13.312013057526201,5.247586741685295,0.3150315529867094,0,-0.028768121044072947,"","","",0,0,0,0.9435728192329407,-8.181324005126953,""
"org.axonframework.modelling.entity.child.AbstractEntityChildMetamodel$Builder","AbstractEntityChildMetamodel$Builder","4:7311afa2-be91-4b9a-9570-8b642d06c6d1:46820","axon-modelling-5.0.3",5,4,5,0.4722222222222222,0.2966503354263104,0.364355003290224,0.0677046678639136,59.166666666666636,63,1,0,0,13,13.312013057526201,5.247586741685295,0.26325279588682243,0,-0.04059293430075961,"","","",0,0,0,0.8486347198486328,-8.30859661102295,""
"org.axonframework.modelling.entity.child.EventTargetMatcher","EventTargetMatcher","4:7311afa2-be91-4b9a-9570-8b642d06c6d1:46821","axon-modelling-5.0.3",12,2,5,0.24175824175824176,0.3285592411934651,0.48870902736493704,0.16014978617147196,58.30238095238095,63,0.6610803271289716,0,0,13,13.312013057526201,5.247586741685295,0.46404290252193636,0,-0.0302273477583207,"","","",0,0,0,0.9288697838783264,-8.20784854888916,""
"org.axonframework.modelling.entity.child.CommandTargetResolver","CommandTargetResolver","4:7311afa2-be91-4b9a-9570-8b642d06c6d1:46822","axon-modelling-5.0.3",12,3,5,0.21904761904761905,0.32963010892281724,0.48682648699891357,0.15719637807609632,58.25,63,0.5965830513960715,0,0,13,13.312013057526201,5.247586741685295,0.6253106117294707,0,-0.04012551792654556,"","","",0,0,0,0.873794436454773,-8.106566429138184,""
"org.axonframework.modelling.entity.child.ListEntityChildMetamodel","ListEntityChildMetamodel","4:7311afa2-be91-4b9a-9570-8b642d06c6d1:46823","axon-modelling-5.0.3",3,6,5,0.5714285714285714,0.19492762541325828,0.21864846265512888,0.0237208372418706,240.96040870893822,63,1,0,0,13,13.312013057526201,5.247586741685295,0.3638115511989545,0,-0.03748675981488636,"","","",0,0,0,0.8954952955245972,-8.228193283081055,""
"org.axonframework.modelling.entity.child.ChildEntityFieldDefinition","ChildEntityFieldDefinition","4:7311afa2-be91-4b9a-9570-8b642d06c6d1:46824","axon-modelling-5.0.3",9,3,5,0.16666666666666666,0.37355646059919645,1.2556799446949956,0.8821234840957991,212,63,0.9465066304747993,0,0,13,13.312013057526201,5.247586741685295,0.27516288667447686,0,-0.007689793409431933,"","","",0,0,0,0.8767870664596558,-8.308881759643555,""
"org.axonframework.modelling.entity.PolymorphicEntityMetamodel","PolymorphicEntityMetamodel","4:7311afa2-be91-4b9a-9570-8b642d06c6d1:46829","axon-modelling-5.0.3",3,18,5,0.1871345029239766,0.17882893565956234,0.19989849828035275,0.021069562620790405,950.2154889228417,72,0.7823633337411318,0,0,18,16.199547267518938,7.616832914522901,0.37346262995475926,0,-0.05266300603039775,"","","",0,0,0,0.5086914896965027,-2.4081461429595947,""
"org.axonframework.modelling.entity.child.SingleEntityChildMetamodel$Builder","SingleEntityChildMetamodel$Builder","4:7311afa2-be91-4b9a-9570-8b642d06c6d1:46839","axon-modelling-5.0.3",3,6,5,0.5714285714285714,0.24277972299377762,0.28287401581253224,0.04009429281875462,120.91666666666666,63,1,0,1,13,13.312013057526201,5.247586741685295,0,0,-0.038676904195323436,"","","",0,0,0,0.847278892993927,-8.32221794128418,""
"org.axonframework.modelling.entity.child.SingleEntityChildMetamodel","SingleEntityChildMetamodel","4:7311afa2-be91-4b9a-9570-8b642d06c6d1:46840","axon-modelling-5.0.3",3,6,5,0.5714285714285714,0.19379233932351347,0.21614621002054188,0.022353870697028405,240.96040870893822,63,1,0,0,13,13.312013057526201,5.247586741685295,0.19298152359621226,0,-0.040345341380873756,"","","",0,0,0,0.9454509019851685,-8.247565269470215,""
"org.axonframework.modelling.ConcurrencyException","ConcurrencyException","4:7311afa2-be91-4b9a-9570-8b642d06c6d1:47176","axon-modelling-5.0.3",1,1,7,0,0.16021282441852527,0.17328572968553935,0.013072905267014073,0,30,0.14606858482338514,0,0,42,16.70573988201795,5.27537530291565,0.1511545680174379,0,-0.06785252963226401,"","","",0,0,0,-1.826309084892273,4.356727123260498,""
"org.axonframework.modelling.entity.annotation.AnnotatedEntityIdResolverDefinition","AnnotatedEntityIdResolverDefinition","4:7311afa2-be91-4b9a-9570-8b642d06c6d1:47177","axon-modelling-5.0.3",1,7,5,0.32142857142857145,0.16245262203264837,0.17255232777855795,0.01009970574590957,597.1666666666666,75,1,0,0,6,6.684130309615284,4.743204436691788,0.8116567548062148,0,-0.07072257299032791,"","","",0,0,0,-1.1121221780776978,-2.8030412197113037,""
"org.axonframework.modelling.entity.annotation.AbstractEntityChildModelDefinition","AbstractEntityChildModelDefinition","4:7311afa2-be91-4b9a-9570-8b642d06c6d1:47179","axon-modelling-5.0.3",2,13,5,0.18095238095238095,0.17166963973604474,0.17714285714285716,0.0054732174068124195,139.7142857142857,35,0.9315040227175585,0,0,10,15.053564019035548,9.546037751180119,0.774646537886428,0,-0.022918276383339597,"","","",0,0,0,0.9231628179550171,-3.3450827598571777,""
"org.axonframework.modelling.entity.annotation.RoutingKeyEventTargetMatcherDefinition","RoutingKeyEventTargetMatcherDefinition","4:7311afa2-be91-4b9a-9570-8b642d06c6d1:47180","axon-modelling-5.0.3",1,7,5,0.32142857142857145,0.16702712621641763,0.19441984425583517,0.027392718039417535,125.80238095238096,-1,0,1,0,300,0,0,0,0,-0.05705350173982565,"","","",0,0,0,1.0456514358520508,-3.4534525871276855,""
"org.axonframework.modelling.entity.annotation.RoutingKeyUtils","RoutingKeyUtils","4:7311afa2-be91-4b9a-9570-8b642d06c6d1:47181","axon-modelling-5.0.3",2,3,5,0.2,0.1693108310812936,0.18305136771296268,0.013740536631669076,17,21,0.3231191207813088,0,0,14,14.406481448095292,6.057293458550703,0.884601651541211,0,-0.0515524172237129,"","","",0,0,0,1.0719947814941406,-3.370891809463501,""
"org.axonframework.modelling.entity.annotation.RoutingKeyCommandTargetResolverDefinition","RoutingKeyCommandTargetResolverDefinition","4:7311afa2-be91-4b9a-9570-8b642d06c6d1:47182","axon-modelling-5.0.3",1,7,5,0.32142857142857145,0.16702712621641763,0.19441984425583517,0.027392718039417535,125.46904761904761,-1,0,1,0,300,0,0,0,0,-0.06326851343053541,"","","",0,0,0,0.9118843674659729,-3.2772107124328613,""
"org.axonframework.modelling.entity.ChildEntityNotFoundException","ChildEntityNotFoundException","4:7311afa2-be91-4b9a-9570-8b642d06c6d1:47184","axon-modelling-5.0.3",2,1,5,0.6666666666666666,0.1604963398187364,0.16260527127016508,0.0021089314514286805,0,72,0.7107190656659677,0,0,18,16.199547267518938,7.616832914522901,0.6382995309821975,0,-0.05605957933365735,"","","",0,0,0,0.4030897915363312,-2.307448148727417,""
"org.axonframework.modelling.entity.EntityAlreadyExistsForCreationalCommandHandlerException","EntityAlreadyExistsForCreationalCommandHandlerException","4:7311afa2-be91-4b9a-9570-8b642d06c6d1:47185","axon-modelling-5.0.3",2,1,5,0.6666666666666666,0.1561735352350374,0.1572224993945095,0.0010489641594720878,2.166666666666666,72,0.7107190656659677,0,0,18,16.199547267518938,7.616832914522901,0.5022861885002851,0,-0.06351061492707255,"","","",0,0,0,0.4739212691783905,-2.291158437728882,""
"org.axonframework.modelling.entity.EntityCommandHandlingComponent","EntityCommandHandlingComponent","4:7311afa2-be91-4b9a-9570-8b642d06c6d1:47186","axon-modelling-5.0.3",2,17,5,0.1695906432748538,0.1573714905356086,0.1613518932979607,0.00398040276235212,368.9928571428572,-1,0,1,0,300,0,0,0,0,-0.034284015954394675,"","","",0,0,0,-0.8519313931465149,-6.28613805770874,""
"org.axonframework.modelling.entity.annotation.AnnotatedEntityIdResolver","AnnotatedEntityIdResolver","4:7311afa2-be91-4b9a-9570-8b642d06c6d1:47187","axon-modelling-5.0.3",1,10,5,0.2909090909090909,0.16758594794531137,0.17666715988327,0.009081211937958633,0,35,0.815462993988495,0,0,10,15.053564019035548,9.546037751180119,0.8941790314090451,0,-0.06559773718799206,"","","",0,0,0,-0.13752077519893646,-1.8577018976211548,""
"org.axonframework.modelling.entity.annotation.RoutingKeyEventTargetMatcher","RoutingKeyEventTargetMatcher","4:7311afa2-be91-4b9a-9570-8b642d06c6d1:47188","axon-modelling-5.0.3",1,5,5,0.4666666666666667,0.1693108310812936,0.18305136771296268,0.013740536631669076,35.04166666666667,32,0.8101238558434033,0,0,16,12.176008352194913,7.978956241779088,0.6457282169559966,0,-0.07892172828383998,"","","",0,0,0,0.13699257373809814,-3.165351629257202,""
"org.axonframework.modelling.entity.annotation.AnnotatedEntityModelRoutingKeyMatcher","AnnotatedEntityModelRoutingKeyMatcher","4:7311afa2-be91-4b9a-9570-8b642d06c6d1:47189","axon-modelling-5.0.3",2,8,5,0.15555555555555556,0.2297753460761992,0.27966136314973805,0.049886017073538846,32.41666666666667,32,1,0,0,16,12.176008352194913,7.978956241779088,0.4561482892144139,0,-0.06828784604842075,"","","",0,0,0,0.015176471322774887,-3.182555675506592,""
"org.axonframework.modelling.entity.annotation.RoutingKeyCommandTargetResolver","RoutingKeyCommandTargetResolver","4:7311afa2-be91-4b9a-9570-8b642d06c6d1:47190","axon-modelling-5.0.3",1,6,5,0.38095238095238093,0.1693108310812936,0.18305136771296268,0.013740536631669076,34.04166666666667,32,0.5484329452402479,0,0,16,12.176008352194913,7.978956241779088,0.9803966111806566,0,-0.07003491589662958,"","","",0,0,0,0.22841952741146088,-2.997288227081299,""
"org.axonframework.modelling.entity.ConcreteEntityMetamodel$Builder","ConcreteEntityMetamodel$Builder","4:7311afa2-be91-4b9a-9570-8b642d06c6d1:47191","axon-modelling-5.0.3",1,9,5,0.5555555555555556,0.1543937685458086,0.15510632353085738,0.0007125549850487689,59,72,1,0,0,18,16.199547267518938,7.616832914522901,0.20613526965823695,0,-0.04071228279580469,"","","",0,0,0,0.7237140536308289,-2.3840317726135254,""
"org.axonframework.modelling.entity.PolymorphicEntityMetamodelBuilder","PolymorphicEntityMetamodelBuilder","4:7311afa2-be91-4b9a-9570-8b642d06c6d1:47222","axon-modelling-5.0.3",4,7,5,0.5777777777777777,0.1962647224054111,0.22462416263330842,0.028359440227897326,239.41666666666666,72,1,0,0,18,16.199547267518938,7.616832914522901,0.2581853467828957,0,-0.035380845757826074,"","","",0,0,0,0.7183466553688049,-2.4981822967529297,""
"org.axonframework.modelling.entity.annotation.EventTargetMatcherDefinition","EventTargetMatcherDefinition","4:7311afa2-be91-4b9a-9570-8b642d06c6d1:47247","axon-modelling-5.0.3",3,2,5,0.5,0.19371327317034415,0.23245573219394922,0.03874245902360507,102.09404761904761,35,1,0,0,10,15.053564019035548,9.546037751180119,0.48584758603082184,0,-0.04937753474585921,"","","",0,0,0,0.9314634203910828,-3.243415594100952,""
"org.axonframework.modelling.entity.annotation.CommandTargetResolverDefinition","CommandTargetResolverDefinition","4:7311afa2-be91-4b9a-9570-8b642d06c6d1:47248","axon-modelling-5.0.3",3,2,5,0.5,0.19371327317034415,0.23245573219394922,0.03874245902360507,105.09404761904761,35,1,0,0,10,15.053564019035548,9.546037751180119,0.4654031894915621,0,-0.04949220376340857,"","","",0,0,0,0.8781707286834717,-3.197758674621582,""
"org.axonframework.modelling.entity.annotation.EntityChildModelDefinition","EntityChildModelDefinition","4:7311afa2-be91-4b9a-9570-8b642d06c6d1:47249","axon-modelling-5.0.3",2,2,5,0.6666666666666666,0.16415829468446339,0.17374966862666835,0.009591373942204967,75.87238562091503,35,1,0,0,10,15.053564019035548,9.546037751180119,0.3894881335227726,0,-0.057340605461593086,"","","",0,0,0,0.6977353692054749,-2.7034473419189453,""
"org.axonframework.modelling.entity.annotation.AnnotatedEntityMetamodelFactory","AnnotatedEntityMetamodelFactory","4:7311afa2-be91-4b9a-9570-8b642d06c6d1:47250","axon-modelling-5.0.3",2,2,5,0.5,0.1821675027711508,0.23818367658473968,0.05601617381358889,129.27142857142857,35,1,0,1,10,15.053564019035548,9.546037751180119,0,0,-0.04791033891363927,"","","",0,0,0,0.828633189201355,-3.030109405517578,""
"org.axonframework.modelling.entity.annotation.EntityMember","EntityMember","4:7311afa2-be91-4b9a-9570-8b642d06c6d1:47251","axon-modelling-5.0.3",2,4,5,0.4,0.1743574071907651,0.20903461328710612,0.034677206096341034,313.12619047619046,35,1,0,0,10,15.053564019035548,9.546037751180119,0.7283967355242509,0,-0.02831245220551698,"","","",0,0,0,0.9822739362716675,-3.263847827911377,""
"org.axonframework.modelling.entity.EntityMissingForInstanceCommandHandlerException","EntityMissingForInstanceCommandHandlerException","4:7311afa2-be91-4b9a-9570-8b642d06c6d1:47794","axon-modelling-5.0.3",2,1,5,0.6666666666666666,0.1561735352350374,0.1572224993945095,0.0010489641594720878,2.166666666666666,72,0.7107190656659677,0,0,18,16.199547267518938,7.616832914522901,0.5022861885002851,0,-0.06351061492707255,"","","",0,0,0,0.4919893145561218,-2.3259060382843018,""
"org.axonframework.modelling.entity.WrongPolymorphicEntityTypeException","WrongPolymorphicEntityTypeException","4:7311afa2-be91-4b9a-9570-8b642d06c6d1:47795","axon-modelling-5.0.3",1,1,5,1,0.15324435620449833,0.15381828370727121,0.0005739275027728807,2.166666666666666,72,0.7107190656659677,0,0,18,16.199547267518938,7.616832914522901,0.6160260561302413,0,-0.06849427904427169,"","","",0,0,0,0.32226788997650146,-2.259566068649292,""
"org.axonframework.modelling.entity.child.GetterSetterChildEntityFieldDefinition","GetterSetterChildEntityFieldDefinition","4:7311afa2-be91-4b9a-9570-8b642d06c6d1:48254","axon-modelling-5.0.3",1,1,5,0,0.20932800800359727,0.5057759843302487,0.29644797632665143,0,63,0.9067619176308163,0,0,13,13.312013057526201,5.247586741685295,0.43907639809717336,0,-0.03915343791303416,"","","",0,0,0,0.9533284902572632,-8.202486038208008,""
"org.axonframework.modelling.entity.child.AbstractEntityChildMetamodel","AbstractEntityChildMetamodel","4:7311afa2-be91-4b9a-9570-8b642d06c6d1:48255","axon-modelling-5.0.3",2,15,5,0.22794117647058823,0.18118456999744295,0.1948459969385995,0.013661426941156546,440.58748408454323,63,0.49048089502135034,0,0,13,13.312013057526201,5.247586741685295,1,0,-0.05764445803051016,"","","",0,0,0,0.7954694628715515,-2.606341600418091,""
"org.axonframework.modelling.entity.child.FieldChildEntityFieldDefinition","FieldChildEntityFieldDefinition","4:7311afa2-be91-4b9a-9570-8b642d06c6d1:48256","axon-modelling-5.0.3",1,5,8,0.1,0.20932800800359727,0.5057759843302487,0.29644797632665143,39,21,0.27452512562574394,0,0,14,14.406481448095292,6.057293458550703,1,0,-0.04307429163751725,"","","",0,0,0,-1.2762967348098755,-1.789793848991394,""
"org.axonframework.modelling.entity.child.GetterEvolverChildEntityFieldDefinition","GetterEvolverChildEntityFieldDefinition","4:7311afa2-be91-4b9a-9570-8b642d06c6d1:48257","axon-modelling-5.0.3",1,1,5,0,0.20932800800359727,0.5057759843302487,0.29644797632665143,0,63,0.9067619176308163,0,0,13,13.312013057526201,5.247586741685295,0.43907639809717336,0,-0.03915343791303416,"","","",0,0,0,0.888550341129303,-8.255887031555176,""
"org.axonframework.modelling.entity.PolymorphicEntityMetamodel$Builder","PolymorphicEntityMetamodel$Builder","4:7311afa2-be91-4b9a-9570-8b642d06c6d1:48258","axon-modelling-5.0.3",1,10,5,0.6222222222222222,0.15486653430674754,0.1557274255609069,0.0008608912541593627,0,72,1,0,0,18,16.199547267518938,7.616832914522901,0.2815116476165713,0,-0.047243968410506265,"","","",0,0,0,0.7050779461860657,-2.517180919647217,""
"org.axonframework.modelling.SimpleStateManager","SimpleStateManager","4:7311afa2-be91-4b9a-9570-8b642d06c6d1:48534","axon-modelling-5.0.3",1,10,3,0.16363636363636364,0.1591622760256354,0.16358953305785126,0.004427257032215859,39.33333333333333,39,1,0,0,7,7.7541589316679165,3.361346865779654,0.1397093330393234,0,-0.04332684038750173,"","","",0,0,0,-0.992798388004303,-6.297930717468262,""
"org.axonframework.modelling.configuration.SimpleStateBasedEntityModule$1","SimpleStateBasedEntityModule$1","4:7311afa2-be91-4b9a-9570-8b642d06c6d1:48535","axon-modelling-5.0.3",1,3,4,0.3333333333333333,0.1554972456136097,0.15835414966682293,0.002856904053213233,2,71,0.9411041782055415,0,0,22,10.202633794397116,6.945587749450087,1,0,-0.031994093881117125,"","","",0,0,0,-1.4366462230682373,-6.017109394073486,""
"org.axonframework.modelling.configuration.ModellingConfigurationDefaults","ModellingConfigurationDefaults","4:7311afa2-be91-4b9a-9570-8b642d06c6d1:48536","axon-modelling-5.0.3",1,7,4,0.25,0.15849638158481322,0.15987685950413225,0.0013804779193190286,62,71,0.985693659587066,0,0,22,10.202633794397116,6.945587749450087,0.9571146433388207,0,-0.05838125032418756,"","","",0,0,0,-1.2539422512054443,-5.276518821716309,""
"org.axonframework.modelling.repository.SimpleRepositoryEntityLoader","SimpleRepositoryEntityLoader","4:7311afa2-be91-4b9a-9570-8b642d06c6d1:48700","axon-modelling-5.0.3",4,1,3,0.6,0.2002690073886708,0.23153511436649019,0.0312661069778194,21.4,25,1,0,0,7,5.604037557728589,3.5519920085955943,0.8091208280685037,0,-0.06183781175448355,"","","",0,0,0,-0.20333139598369598,-6.614226341247559,""
"org.axonframework.modelling.repository.SimpleRepositoryEntityPersister","SimpleRepositoryEntityPersister","4:7311afa2-be91-4b9a-9570-8b642d06c6d1:48701","axon-modelling-5.0.3",4,1,3,0.6,0.20703819882015187,0.258774735279872,0.05173653645972012,25.575,25,1,0,0,7,5.604037557728589,3.5519920085955943,0.8078904212983248,0,-0.06195338972281633,"","","",0,0,0,-0.2153809666633606,-6.654745101928711,""
"org.axonframework.modelling.repository.SimpleRepository","SimpleRepository","4:7311afa2-be91-4b9a-9570-8b642d06c6d1:48702","axon-modelling-5.0.3",3,8,3,0.3090909090909091,0.22771911350654803,0.2624888630593783,0.03476974955283027,41.83333333333333,25,1,0,1,7,5.604037557728589,3.5519920085955943,0,0,-0.0522195119132024,"","","",0,0,0,-0.16512951254844666,-6.698646068572998,""
"org.axonframework.modelling.configuration.SimpleStateBasedEntityModule$3","SimpleStateBasedEntityModule$3","4:7311afa2-be91-4b9a-9570-8b642d06c6d1:48707","axon-modelling-5.0.3",1,3,4,0.3333333333333333,0.1554972456136097,0.15835414966682293,0.002856904053213233,5.833333333333333,71,1,0,0,22,10.202633794397116,6.945587749450087,0.5173105138868612,0,-0.07318468684414081,"","","",0,0,0,-1.6252853870391846,-5.913040637969971,""
"org.axonframework.modelling.configuration.SimpleStateBasedEntityModule$2","SimpleStateBasedEntityModule$2","4:7311afa2-be91-4b9a-9570-8b642d06c6d1:48708","axon-modelling-5.0.3",1,3,4,0.3333333333333333,0.1554972456136097,0.15835414966682293,0.002856904053213233,22.285714285714285,71,1,0,0,22,10.202633794397116,6.945587749450087,0.44631736053741666,0,-0.06998864576362357,"","","",0,0,0,-1.6578489542007446,-5.925353050231934,""
"org.axonframework.modelling.configuration.StateBasedEntityModule$PersisterPhase","StateBasedEntityModule$PersisterPhase","4:7311afa2-be91-4b9a-9570-8b642d06c6d1:48820","axon-modelling-5.0.3",3,3,4,0.6,0.1941168310054714,0.24022662812270998,0.04610979711723859,14.108333333333334,71,1,0,0,22,10.202633794397116,6.945587749450087,0.7521059047311518,0,-0.023745699488370076,"","","",0,0,0,-1.5790925025939941,-6.138623237609863,""
"org.axonframework.modelling.configuration.StateBasedEntityModule$MessagingMetamodelPhase","StateBasedEntityModule$MessagingMetamodelPhase","4:7311afa2-be91-4b9a-9570-8b642d06c6d1:48821","axon-modelling-5.0.3",4,4,4,0.47619047619047616,0.23386276390355462,0.345107632350487,0.1112448684469324,401.6583333333333,71,1,0,0,22,10.202633794397116,6.945587749450087,0.735057728170751,0,-0.008263560185577279,"","","",0,0,0,-1.6639758348464966,-6.093418121337891,""
"org.axonframework.modelling.configuration.StateBasedEntityModule","StateBasedEntityModule","4:7311afa2-be91-4b9a-9570-8b642d06c6d1:48822","axon-modelling-5.0.3",3,6,4,0.5333333333333333,0.2128955576473122,0.32240412692252385,0.10950856927521166,323.4761904761905,71,1,0,0,22,10.202633794397116,6.945587749450087,0.7561512428200535,0,-0.019986919898794808,"","","",0,0,0,-1.5916082859039307,-6.150890827178955,""
"org.axonframework.modelling.configuration.StateBasedEntityModule$EntityIdResolverPhase","StateBasedEntityModule$EntityIdResolverPhase","4:7311afa2-be91-4b9a-9570-8b642d06c6d1:48823","axon-modelling-5.0.3",3,4,4,0.4,0.2107111420026028,0.30994617290255944,0.09923503089995664,54.31666666666666,71,1,0,0,22,10.202633794397116,6.945587749450087,0.7208863030915847,0,-0.02603391712684716,"","","",0,0,0,-1.5923449993133545,-6.07682466506958,""
"org.axonframework.modelling.configuration.EntityMetamodelConfigurationBuilder","EntityMetamodelConfigurationBuilder","4:7311afa2-be91-4b9a-9570-8b642d06c6d1:48824","axon-modelling-5.0.3",4,3,4,0.3333333333333333,0.20141808180687257,0.28421699231484276,0.0827989105079702,655.1880952380952,71,1,0,1,22,10.202633794397116,6.945587749450087,0,0,-0.03678573879802355,"","","",0,0,0,-1.6840476989746094,-5.7445220947265625,""
"org.axonframework.modelling.configuration.StateBasedEntityModule$RepositoryPhase","StateBasedEntityModule$RepositoryPhase","4:7311afa2-be91-4b9a-9570-8b642d06c6d1:48825","axon-modelling-5.0.3",2,5,4,0.47619047619047616,0.18215373153162734,0.2240802983321783,0.04192656680055096,28.266666666666666,71,1,0,0,22,10.202633794397116,6.945587749450087,0.8804639453122799,0,-0.03624124867641826,"","","",0,0,0,-1.5117793083190918,-6.110570907592773,""
"org.axonframework.modelling.configuration.EntityModule","EntityModule","4:7311afa2-be91-4b9a-9570-8b642d06c6d1:48826","axon-modelling-5.0.3",4,1,4,0.1,0.18836703083911532,0.2218953092770037,0.03352827843788839,4,78,0.9814663636784252,0,0,11,7.403099725488573,4.037547826539429,1,0,-0.042447259667749426,"","","",0,0,0,-1.0649124383926392,-4.747158050537109,""
"org.axonframework.modelling.configuration.SimpleStateBasedEntityModule","SimpleStateBasedEntityModule","4:7311afa2-be91-4b9a-9570-8b642d06c6d1:48827","axon-modelling-5.0.3",4,28,4,0.12433862433862433,0.26021160466749,0.38003198727157705,0.11982038260408706,659.534523809524,71,0.985693659587066,0,0,22,10.202633794397116,6.945587749450087,0.6244088913915871,0,-0.03594965356204932,"","","",0,0,0,-1.4709986448287964,-5.772046089172363,""
"org.axonframework.modelling.configuration.ModellingConfigurer","ModellingConfigurer","4:7311afa2-be91-4b9a-9570-8b642d06c6d1:49051","axon-modelling-5.0.3",1,10,4,0.4,0.18843964834798554,0.19172727272727275,0.0032876243792872017,13,78,1,0,0,11,7.403099725488573,4.037547826539429,0.5469720190943049,0,-0.051971668846496843,"","","",0,0,0,-1.0330756902694702,-4.672171115875244,""
"org.axonframework.modelling.repository.SimpleRepository$SimpleEntity","SimpleRepository$SimpleEntity","4:7311afa2-be91-4b9a-9570-8b642d06c6d1:49351","axon-modelling-5.0.3",1,1,3,1,0.17048122456766518,0.17574409020432455,0.00526286563665937,0,25,1,0,0,7,5.604037557728589,3.5519920085955943,0.48949509789159124,0,-0.03844183970077575,"","","",0,0,0,-0.1273479461669922,-6.69419002532959,""
"org.axonframework.modelling.repository.Repository$LifecycleManagement","Repository$LifecycleManagement","4:7311afa2-be91-4b9a-9570-8b642d06c6d1:49353","axon-modelling-5.0.3",4,3,3,0.6,0.1970859012590302,0.23690824663524934,0.03982234537621915,98,25,0.8466344700124673,0,0,7,5.604037557728589,3.5519920085955943,0.9186781758185137,0,-0.025518404094036384,"","","",0,0,0,-0.10514002293348312,-6.5838236808776855,""
"org.axonframework.extension.springboot.DistributedCommandBusProperties$JGroupsProperties","DistributedCommandBusProperties$JGroupsProperties","4:7311afa2-be91-4b9a-9570-8b642d06c6d1:49767","axon-spring-boot-autoconfigure-5.0.3",2,1,22,1,0.2331936583936915,1.2417290102032876,1.008535351809596,0,-1,0,1,0,300,0,0,0,0,-0.037286462423677114,"","","",0,0,0,-3.6328487396240234,1.6556142568588257,""
"org.axonframework.extension.springboot.service.connection.AxonServerTestContainerConnectionDetailsFactory$AxonServerContainerConnectionDetails","AxonServerTestContainerConnectionDetailsFactory$AxonServerContainerConnectionDetails","4:7311afa2-be91-4b9a-9570-8b642d06c6d1:49769","axon-spring-boot-autoconfigure-5.0.3",1,2,14,0.6666666666666666,0.18268119022316687,0.20464285714285718,0.021961666919690315,0,-1,0,1,0,300,0,0,0,0,-0.049922056700220985,"","","",0,0,0,-0.3853307068347931,4.1198410987854,""
"org.axonframework.extension.springboot.actuator.axonserver.AxonServerStatusAggregator","AxonServerStatusAggregator","4:7311afa2-be91-4b9a-9570-8b642d06c6d1:49772","axon-spring-boot-autoconfigure-5.0.3",1,1,14,0,0.17791159920130697,0.19250000000000003,0.014588400798693058,1,40,0.12496729674692575,0,0,37,22.549057819880545,10.374159360337512,0.7932794638289677,0,-0.06907655640336358,"","","",0,0,0,1.138447880744934,3.68587064743042,""
"org.axonframework.extension.springboot.actuator.axonserver.AxonServerHealthIndicator","AxonServerHealthIndicator","4:7311afa2-be91-4b9a-9570-8b642d06c6d1:49774","axon-spring-boot-autoconfigure-5.0.3",1,2,14,0.3333333333333333,0.18721546560174263,0.2066666666666667,0.019451201064924067,0,40,0.1524492657104128,0,0,37,22.549057819880545,10.374159360337512,0.44544555645997097,0,-0.048266565512339044,"","","",0,0,0,0.8591652512550354,3.4361608028411865,""
"org.axonframework.extension.springboot.TagsConfigurationProperties","TagsConfigurationProperties","4:7311afa2-be91-4b9a-9570-8b642d06c6d1:49775","axon-spring-boot-autoconfigure-5.0.3",1,1,14,1,0.1562850546520482,0.1576070850820597,0.0013220304300115004,0,40,0.21291582066962939,0,0,37,22.549057819880545,10.374159360337512,0.23025166048864076,0,-0.023916264460359993,"","","",0,0,0,0.45338162779808044,3.52459454536438,""
"org.axonframework.extension.springboot.TimeoutProperties$MessageHandlerTimeoutProperties","TimeoutProperties$MessageHandlerTimeoutProperties","4:7311afa2-be91-4b9a-9570-8b642d06c6d1:49776","axon-spring-boot-autoconfigure-5.0.3",2,2,19,0.3333333333333333,0.2186171848906688,0.24881250000000005,0.03019531510933124,3,10,1,0,1,13,20.72803564032074,7.348564478403064,0,0,-0.034554665711961974,"","","",0,0,0,-10.408449172973633,1.8645386695861816,""
"org.axonframework.extension.springboot.autoconfig.UpdateCheckerAutoConfiguration$1","UpdateCheckerAutoConfiguration$1","4:7311afa2-be91-4b9a-9570-8b642d06c6d1:49777","axon-spring-boot-autoconfigure-5.0.3",1,10,9,0.24444444444444444,0.17097568730871346,0.17815724538893463,0.007181558080221168,26,11,1,0,0,26,20.502406822517514,10.234266403002458,0.4520836480695932,0,-0.03646125506098952,"","","",0,0,0,-3.458996295928955,3.6273114681243896,""
"org.axonframework.extension.springboot.autoconfig.Jackson2MapperAutoConfiguration$JacksonConfiguredCondition","Jackson2MapperAutoConfiguration$JacksonConfiguredCondition","4:7311afa2-be91-4b9a-9570-8b642d06c6d1:49778","axon-spring-boot-autoconfigure-5.0.3",5,4,18,0.4,0.2798553140484628,2.6532493610050345,2.3733940469565717,12,12,1,0,0,5,4.279235797468573,0.8558471594937146,1,1,0.00416051263640399,"pageRank","pageToArticleRankDifference","nodeEmbeddingPCA_33",-0.21420866451185702,-0.1457283884119666,-0.07065958775162474,10.076416969299316,-14.5017671585083,""
"org.axonframework.extension.springboot.autoconfig.JdbcTransactionAutoConfiguration","JdbcTransactionAutoConfiguration","4:7311afa2-be91-4b9a-9570-8b642d06c6d1:49779","axon-spring-boot-autoconfigure-5.0.3",1,3,3,0.16666666666666666,0.16313893873365806,0.17550000000000002,0.012361061266341955,5.833333333333333,23,1,0,0,7,7.75681075360626,4.284907621115313,0.6271907573789364,0,-0.04844870231512466,"","","",0,0,0,5.102670192718506,-2.3552405834198,""
"org.axonframework.extension.springboot.autoconfig.ConverterAutoConfiguration$1","ConverterAutoConfiguration$1","4:7311afa2-be91-4b9a-9570-8b642d06c6d1:49781","axon-spring-boot-autoconfigure-5.0.3",1,2,18,1,0.1549259440945783,0.1570496238374994,0.002123679742921103,0,15,1,0,0,9,8.733762728516012,3.1200047928788184,0.05846660591715371,0,-0.041655318934779806,"","","",0,0,0,-0.9688171744346619,3.834965705871582,""
"org.axonframework.extension.springboot.autoconfig.AvroSchemaStoreAutoConfiguration$AvroConfiguredCondition$MessagesAvroCondition","AvroSchemaStoreAutoConfiguration$AvroConfiguredCondition$MessagesAvroCondition","4:7311afa2-be91-4b9a-9570-8b642d06c6d1:49782","axon-spring-boot-autoconfigure-5.0.3",2,1,18,1,0.18923832059690462,0.894050941851379,0.7048126212544744,0.5,16,1,0,1,6,11.09754567197524,4.092947688691008,0,0,-0.010955448529674783,"","","",0,0,0,-2.5642764568328857,-0.15415264666080475,""
"org.axonframework.extension.springboot.autoconfig.AvroSchemaStoreAutoConfiguration$AvroConfiguredCondition$EventsAvroCondition","AvroSchemaStoreAutoConfiguration$AvroConfiguredCondition$EventsAvroCondition","4:7311afa2-be91-4b9a-9570-8b642d06c6d1:49786","axon-spring-boot-autoconfigure-5.0.3",2,1,18,1,0.18923832059690462,0.894050941851379,0.7048126212544744,0.5,16,1,0,0,6,11.09754567197524,4.092947688691008,0,0,-0.010955448529674783,"","","",0,0,0,-2.5389442443847656,-0.14893104135990143,""
"org.axonframework.extension.springboot.autoconfig.ObjectMapperAutoConfiguration$JacksonConfiguredCondition$EventsJacksonCondition","ObjectMapperAutoConfiguration$JacksonConfiguredCondition$EventsJacksonCondition","4:7311afa2-be91-4b9a-9570-8b642d06c6d1:49787","axon-spring-boot-autoconfigure-5.0.3",2,1,18,1,0.18663354234818452,0.7279353264751488,0.5413017841269643,0.2,13,1,0,1,5,4.588066541124135,0.917613308224827,0,0,-0.01419371590191798,"","","",0,0,0,13.685612678527832,6.418094158172607,""
"org.axonframework.extension.springboot.autoconfig.ObjectMapperAutoConfiguration$JacksonConfiguredCondition","ObjectMapperAutoConfiguration$JacksonConfiguredCondition","4:7311afa2-be91-4b9a-9570-8b642d06c6d1:49788","axon-spring-boot-autoconfigure-5.0.3",5,4,18,0.4,0.2798553140484628,2.6532493610050345,2.3733940469565717,12,13,1,0,0,5,4.588066541124135,0.917613308224827,1,1,0.011290937426124636,"pageRank","pageToArticleRankDifference","nodeEmbeddingPCA_31",-0.21395609548946978,-0.15583276695029136,-0.06597186520484798,13.684255599975586,6.41774320602417,""
"org.axonframework.extension.springboot.DistributedCommandBusProperties$JGroupsProperties$Gossip","DistributedCommandBusProperties$JGroupsProperties$Gossip","4:7311afa2-be91-4b9a-9570-8b642d06c6d1:49795","axon-spring-boot-autoconfigure-5.0.3",2,1,22,1,0.26830881086202213,1.2152125102657494,0.9469036994037272,1,-1,0,1,0,300,0,0,0,0,-0.03494244417979003,"","","",0,0,0,-3.57790207862854,1.7429685592651367,""
"org.axonframework.extension.springboot.autoconfig.UpdateCheckerAutoConfiguration","UpdateCheckerAutoConfiguration","4:7311afa2-be91-4b9a-9570-8b642d06c6d1:49828","axon-spring-boot-autoconfigure-5.0.3",1,5,9,0.3,0.15385448257263232,0.15458889874486653,0.0007344161722342146,4,11,0.7693250592668511,0,0,26,20.502406822517514,10.234266403002458,0.8791476648443927,0,-0.03739862018108553,"","","",0,0,0,-3.103203535079956,3.335418224334717,""
"org.axonframework.extension.springboot.autoconfig.Jackson2MapperAutoConfiguration$JacksonConfiguredCondition$EventsJacksonCondition","Jackson2MapperAutoConfiguration$JacksonConfiguredCondition$EventsJacksonCondition","4:7311afa2-be91-4b9a-9570-8b642d06c6d1:49840","axon-spring-boot-autoconfigure-5.0.3",2,1,18,1,0.18663354234818452,0.7279353264751488,0.5413017841269643,0.2,12,1,0,0,5,4.279235797468573,0.8558471594937146,0,0,-0.021873283111380593,"","","",0,0,0,10.151510238647461,-14.430980682373047,""
"org.axonframework.extension.springboot.autoconfig.Jackson2MapperAutoConfiguration$JacksonConfiguredCondition$MessagesJacksonCondition","Jackson2MapperAutoConfiguration$JacksonConfiguredCondition$MessagesJacksonCondition","4:7311afa2-be91-4b9a-9570-8b642d06c6d1:49841","axon-spring-boot-autoconfigure-5.0.3",2,1,18,1,0.18663354234818452,0.7279353264751488,0.5413017841269643,0.2,12,1,0,0,5,4.279235797468573,0.8558471594937146,0,0,-0.021873283111380593,"","","",0,0,0,10.13245677947998,-14.450995445251465,""
"org.axonframework.extension.springboot.autoconfig.Jackson2MapperAutoConfiguration$JacksonConfiguredCondition$GeneralJacksonCondition","Jackson2MapperAutoConfiguration$JacksonConfiguredCondition$GeneralJacksonCondition","4:7311afa2-be91-4b9a-9570-8b642d06c6d1:49842","axon-spring-boot-autoconfigure-5.0.3",2,1,18,1,0.18663354234818452,0.7279353264751488,0.5413017841269643,0.2,12,1,0,0,5,4.279235797468573,0.8558471594937146,0,0,-0.021873283111380593,"","","",0,0,0,10.113070487976074,-14.469627380371094,""
"org.axonframework.extension.springboot.autoconfig.Jackson2MapperAutoConfiguration$JacksonConfiguredCondition$GeneralDefaultCondition","Jackson2MapperAutoConfiguration$JacksonConfiguredCondition$GeneralDefaultCondition","4:7311afa2-be91-4b9a-9570-8b642d06c6d1:49843","axon-spring-boot-autoconfigure-5.0.3",2,1,18,1,0.18663354234818452,0.7279353264751488,0.5413017841269643,0.2,12,1,0,1,5,4.279235797468573,0.8558471594937146,0,0,-0.021873283111380593,"","","",0,0,0,10.09079360961914,-14.491828918457031,""
"org.axonframework.extension.springboot.TimeoutProperties","TimeoutProperties","4:7311afa2-be91-4b9a-9570-8b642d06c6d1:49856","axon-spring-boot-autoconfigure-5.0.3",1,2,19,0.6666666666666666,0.1823538694609267,0.19250000000000003,0.010146130539073345,0,10,1,0,0,13,20.72803564032074,7.348564478403064,0.0549903976709706,0,-0.03161981582935569,"","","",0,0,0,-10.373028755187988,1.89889395236969,""
"org.axonframework.extension.springboot.autoconfig.AxonTimeoutAutoConfiguration$AxonTimeoutConfigurerModule","AxonTimeoutAutoConfiguration$AxonTimeoutConfigurerModule","4:7311afa2-be91-4b9a-9570-8b642d06c6d1:49858","axon-spring-boot-autoconfigure-5.0.3",1,10,19,0.12727272727272726,0.169412321676556,0.17550000000000002,0.006087678323444007,42.33333333333333,10,0.2794213902558503,0,0,13,20.72803564032074,7.348564478403064,0.13314995380070474,0,-0.0032998163839046968,"","","",0,0,0,-10.328689575195312,1.9469321966171265,""
"org.axonframework.extension.springboot.TimeoutProperties$TransactionTimeoutProperties","TimeoutProperties$TransactionTimeoutProperties","4:7311afa2-be91-4b9a-9570-8b642d06c6d1:49859","axon-spring-boot-autoconfigure-5.0.3",3,1,19,0.5,0.24061251286311283,0.2722785714285715,0.03166605856545865,0,10,1,0,0,13,20.72803564032074,7.348564478403064,0.02568023133839499,0,-0.034458802475463235,"","","",0,0,0,-10.353933334350586,1.9144715070724487,""
"org.axonframework.extension.springboot.autoconfig.ConverterAutoConfiguration","ConverterAutoConfiguration","4:7311afa2-be91-4b9a-9570-8b642d06c6d1:49861","axon-spring-boot-autoconfigure-5.0.3",3,16,18,0.13725490196078433,0.18748722532420845,0.24881029536883678,0.061323070044628336,399.5833333333333,15,0.42918983030625585,0,0,9,8.733762728516012,3.1200047928788184,0.6083617944648589,1,0.002933349236916627,"nodeEmbeddingPCA_22","nodeEmbeddingPCA_27","nodeEmbeddingPCA_15",-0.1566449619683581,-0.12124694764376968,-0.014076591633731187,-0.938399612903595,3.9773104190826416,""
"org.axonframework.extension.springboot.autoconfig.AvroSchemaStoreAutoConfiguration$AvroConfiguredCondition","AvroSchemaStoreAutoConfiguration$AvroConfiguredCondition","4:7311afa2-be91-4b9a-9570-8b642d06c6d1:49863","axon-spring-boot-autoconfigure-5.0.3",3,2,18,0.6666666666666666,0.24108458061240617,1.7208333635078765,1.4797487828954703,2,16,1,0,0,6,11.09754567197524,4.092947688691008,0.22390938619333847,0,-0.024711062872465106,"","","",0,0,0,-2.571906328201294,-0.13775743544101715,""
"org.axonframework.extension.springboot.autoconfig.AxonAutoConfiguration","AxonAutoConfiguration","4:7311afa2-be91-4b9a-9570-8b642d06c6d1:49879","axon-spring-boot-autoconfigure-5.0.3",7,5,0,0.07575757575757576,0.18894181777729782,0.20665364208031306,0.01771182430301524,727.25,-1,0,1,0,300,0,0,0,0,-0.04892529035177645,"","","",0,0,0,-1.894174337387085,-3.963838815689087,""
"org.axonframework.extension.springboot.autoconfig.CBORMapperAutoConfiguration","CBORMapperAutoConfiguration","4:7311afa2-be91-4b9a-9570-8b642d06c6d1:49887","axon-spring-boot-autoconfigure-5.0.3",2,2,18,0.5,0.16860773280087132,0.17833333333333337,0.009725600532462048,79.58333333333333,15,1,0,0,9,8.733762728516012,3.1200047928788184,0.19055566546384067,0,-0.03123269783403798,"","","",0,0,0,-0.9709157943725586,3.9212963581085205,""
"org.axonframework.extension.springboot.ConverterProperties","ConverterProperties","4:7311afa2-be91-4b9a-9570-8b642d06c6d1:49890","axon-spring-boot-autoconfigure-5.0.3",4,1,18,0.4,0.21461528715059314,0.289373119187497,0.07475783203690384,0,15,1,0,1,9,8.733762728516012,3.1200047928788184,0,0,-0.05030782900072228,"","","",0,0,0,-1.0352877378463745,3.9769906997680664,""
"org.axonframework.extension.springboot.autoconfig.AvroSchemaStoreAutoConfiguration$OnMissingDefaultSchemaStoreCondition","AvroSchemaStoreAutoConfiguration$OnMissingDefaultSchemaStoreCondition","4:7311afa2-be91-4b9a-9570-8b642d06c6d1:49894","axon-spring-boot-autoconfigure-5.0.3",2,1,18,1,0.19532470041602673,1.13060701562861,0.9352823152125833,0,16,1,0,0,6,11.09754567197524,4.092947688691008,0.4793937422991436,0,-0.009581550705863529,"","","",0,0,0,-2.573939085006714,-0.1881188005208969,""
"org.axonframework.extension.springboot.autoconfig.AvroSchemaStoreAutoConfiguration$OnMissingDefaultSchemaStoreCondition$SchemaStoreIsMissingCondition","AvroSchemaStoreAutoConfiguration$OnMissingDefaultSchemaStoreCondition$SchemaStoreIsMissingCondition","4:7311afa2-be91-4b9a-9570-8b642d06c6d1:49895","axon-spring-boot-autoconfigure-5.0.3",2,1,18,1,0.18777815732574718,1.1237127256448511,0.9359345683191039,0.5,16,1,0,0,6,11.09754567197524,4.092947688691008,0.5095903218279662,1,0.0018516384241419326,"pageToArticleRankDifference","nodeEmbeddingPCA_32","nodeEmbeddingPCA_31",-0.0630425962405797,-0.04751963258347614,-0.04490587907301261,-2.5258445739746094,-0.1999901980161667,""
"org.axonframework.extension.springboot.autoconfig.ObjectMapperAutoConfiguration$JacksonConfiguredCondition$MessagesJacksonCondition","ObjectMapperAutoConfiguration$JacksonConfiguredCondition$MessagesJacksonCondition","4:7311afa2-be91-4b9a-9570-8b642d06c6d1:49910","axon-spring-boot-autoconfigure-5.0.3",2,1,18,1,0.18663354234818452,0.7279353264751488,0.5413017841269643,0.2,13,1,0,0,5,4.588066541124135,0.917613308224827,0,0,-0.01419371590191798,"","","",0,0,0,13.618071556091309,6.351021766662598,""
"org.axonframework.extension.springboot.autoconfig.ObjectMapperAutoConfiguration$JacksonConfiguredCondition$GeneralJacksonCondition","ObjectMapperAutoConfiguration$JacksonConfiguredCondition$GeneralJacksonCondition","4:7311afa2-be91-4b9a-9570-8b642d06c6d1:49911","axon-spring-boot-autoconfigure-5.0.3",2,1,18,1,0.18663354234818452,0.7279353264751488,0.5413017841269643,0.2,13,1,0,0,5,4.588066541124135,0.917613308224827,0,0,-0.01419371590191798,"","","",0,0,0,13.683677673339844,6.41696310043335,""
"org.axonframework.extension.springboot.autoconfig.ObjectMapperAutoConfiguration$JacksonConfiguredCondition$GeneralDefaultCondition","ObjectMapperAutoConfiguration$JacksonConfiguredCondition$GeneralDefaultCondition","4:7311afa2-be91-4b9a-9570-8b642d06c6d1:49912","axon-spring-boot-autoconfigure-5.0.3",2,1,18,1,0.18663354234818452,0.7279353264751488,0.5413017841269643,0.2,13,1,0,0,5,4.588066541124135,0.917613308224827,0,0,-0.01419371590191798,"","","",0,0,0,13.706563949584961,6.439380645751953,""
"org.axonframework.extension.springboot.autoconfig.JpaEventStoreAutoConfiguration$AggregateBasedJpaEventStorageEngineConfigurationEnhancer","JpaEventStoreAutoConfiguration$AggregateBasedJpaEventStorageEngineConfigurationEnhancer","4:7311afa2-be91-4b9a-9570-8b642d06c6d1:50407","axon-spring-boot-autoconfigure-5.0.3",1,14,12,0.13333333333333333,0.17601336491287434,0.18825000000000003,0.012236635087125691,54.509523809523806,45,0.51201529662405,0,0,25,16.824409583583474,8.092903064549901,0.700134675420529,0,-0.022122839305791897,"","","",0,0,0,3.877455234527588,4.888302326202393,""
"org.axonframework.extension.springboot.UpdateCheckerProperties","UpdateCheckerProperties","4:7311afa2-be91-4b9a-9570-8b642d06c6d1:50969","axon-spring-boot-autoconfigure-5.0.3",2,2,9,0.6666666666666666,0.2668995047154769,0.457399408774248,0.1904999040587711,2,11,0.7693250592668511,0,0,26,20.502406822517514,10.234266403002458,0.9945930951239366,0,-0.05936127128275104,"","","",0,0,0,-2.8321406841278076,3.289092540740967,""
"org.axonframework.extension.springboot.EventProcessorProperties","EventProcessorProperties","4:7311afa2-be91-4b9a-9570-8b642d06c6d1:50985","axon-spring-boot-autoconfigure-5.0.3",1,5,23,0.26666666666666666,0.17382291424587498,0.19250000000000003,0.01867708575412505,4,5,0.5619580218907618,0,0,6,3.9056579903844977,1.8176602737473786,1,0,-0.019295736512861594,"","","",0,0,0,-0.620522677898407,3.5302605628967285,""
"org.axonframework.extension.springboot.EventProcessorProperties$Dlq","EventProcessorProperties$Dlq","4:7311afa2-be91-4b9a-9570-8b642d06c6d1:51041","axon-spring-boot-autoconfigure-5.0.3",2,1,23,0.6666666666666666,0.22853607714240726,0.28640456730769237,0.057868490165285114,1,5,1,0,0,6,3.9056579903844977,1.8176602737473786,0.4103635171060553,0,-0.05793467851094897,"","","",0,0,0,-0.6486280560493469,3.5745787620544434,""
"org.axonframework.extension.springboot.util.jpa.ContainerManagedEntityManagerProvider","ContainerManagedEntityManagerProvider","4:7311afa2-be91-4b9a-9570-8b642d06c6d1:51043","axon-spring-boot-autoconfigure-5.0.3",1,1,6,1,0.16075768706055202,0.16342105263157897,0.002663365571026949,0,-1,0,1,0,300,0,0,0,0,-0.056888881337553765,"","","",0,0,0,3.8584043979644775,4.221218109130859,""
"org.axonframework.extension.springboot.autoconfig.AxonServerAutoConfiguration$1","AxonServerAutoConfiguration$1","4:7311afa2-be91-4b9a-9570-8b642d06c6d1:51044","axon-spring-boot-autoconfigure-5.0.3",1,4,14,0.8333333333333334,0.1562850546520482,0.1576070850820597,0.0013220304300115004,390.56190476190477,40,0.2336370585449597,0,0,37,22.549057819880545,10.374159360337512,0.21944834370473276,0,-0.049881575769447406,"","","",0,0,0,0.45035234093666077,3.2827515602111816,""
"org.axonframework.extension.springboot.autoconfig.AxonServerAutoConfiguration","AxonServerAutoConfiguration","4:7311afa2-be91-4b9a-9570-8b642d06c6d1:51045","axon-spring-boot-autoconfigure-5.0.3",2,15,14,0.09166666666666666,0.18412496415489774,0.20882200573756043,0.0246970415826627,338.79999999999995,40,0.8915433348198003,0,0,37,22.549057819880545,10.374159360337512,0.04542350688768396,0,-0.029905209546182587,"","","",0,0,0,0.491029292345047,3.4944264888763428,""
"org.axonframework.extension.springboot.autoconfig.UpdateCheckerAutoConfiguration$NotTestEnvironmentCondition","UpdateCheckerAutoConfiguration$NotTestEnvironmentCondition","4:7311afa2-be91-4b9a-9570-8b642d06c6d1:51046","axon-spring-boot-autoconfigure-5.0.3",1,1,9,0,0.17097568730871346,0.17815724538893463,0.007181558080221168,2.333333333333333,11,0.7693250592668511,0,0,26,20.502406822517514,10.234266403002458,0.879875879484224,0,-0.033803072193380135,"","","",0,0,0,-3.1265852451324463,3.328618288040161,""
"org.axonframework.extension.springboot.autoconfig.JpaTransactionAutoConfiguration","JpaTransactionAutoConfiguration","4:7311afa2-be91-4b9a-9570-8b642d06c6d1:51048","axon-spring-boot-autoconfigure-5.0.3",1,3,3,0.16666666666666666,0.16313893873365806,0.17550000000000002,0.012361061266341955,5.833333333333333,23,1,0,0,7,7.75681075360626,4.284907621115313,0.6271907573789364,0,-0.04844870231512466,"","","",0,0,0,5.0573554039001465,-2.3890042304992676,""
"org.axonframework.extension.springboot.EventProcessorProperties$ProcessorSettings","EventProcessorProperties$ProcessorSettings","4:7311afa2-be91-4b9a-9570-8b642d06c6d1:51051","axon-spring-boot-autoconfigure-5.0.3",2,2,23,0.5,0.2322550604605027,0.2955625,0.0633074395394973,0,5,1,0,1,6,3.9056579903844977,1.8176602737473786,0,0,-0.05373729021338319,"","","",0,0,0,-0.6035468578338623,3.463535785675049,""
"org.axonframework.extension.springboot.util.OnQualifiedBeanCondition","OnQualifiedBeanCondition","4:7311afa2-be91-4b9a-9570-8b642d06c6d1:51056","axon-spring-boot-autoconfigure-5.0.3",1,2,24,0,0.17523393061569445,0.3655322405231977,0.19029830990750327,1,2,1,0,0,5,3.5717257857322693,2.193314581364393,0.551702047056073,0,-0.05447737828572391,"","","",0,0,0,-2.1665964126586914,3.5352537631988525,""
"org.axonframework.extension.springboot.util.OnMissingQualifiedBeanCondition","OnMissingQualifiedBeanCondition","4:7311afa2-be91-4b9a-9570-8b642d06c6d1:51058","axon-spring-boot-autoconfigure-5.0.3",1,2,24,0,0.17523393061569445,0.3655322405231977,0.19029830990750327,1,2,1,0,0,5,3.5717257857322693,2.193314581364393,0.5563194973300593,0,-0.06214208424070594,"","","",0,0,0,-2.37575626373291,3.422487258911133,""
"org.axonframework.extension.springboot.util.RegisterDefaultEntities","RegisterDefaultEntities","4:7311afa2-be91-4b9a-9570-8b642d06c6d1:51452","axon-spring-boot-autoconfigure-5.0.3",2,1,6,0,0.1640499651679008,0.1694605263157895,0.0054105611478887095,2,-1,0,1,0,300,0,0,0,0,-0.054496102245928435,"","","",0,0,0,4.080873012542725,4.419346332550049,""
"org.axonframework.extension.springboot.util.ConditionalOnQualifiedBean","ConditionalOnQualifiedBean","4:7311afa2-be91-4b9a-9570-8b642d06c6d1:51453","axon-spring-boot-autoconfigure-5.0.3",1,1,24,0,0.16933400069215776,0.25356744025140676,0.084233439559249,0,2,1,0,0,5,3.5717257857322693,2.193314581364393,0.9623633520774739,0,-0.04678387192700534,"","","",0,0,0,-2.1635196208953857,3.5986709594726562,""
"org.axonframework.extension.springboot.util.ConditionalOnMissingQualifiedBean","ConditionalOnMissingQualifiedBean","4:7311afa2-be91-4b9a-9570-8b642d06c6d1:51454","axon-spring-boot-autoconfigure-5.0.3",1,1,24,0,0.16933400069215776,0.25356744025140676,0.084233439559249,0,2,1,0,0,5,3.5717257857322693,2.193314581364393,1,0,-0.06098954812167057,"","","",0,0,0,-2.3658604621887207,3.5109007358551025,""
"org.axonframework.extension.springboot.UpdateCheckerProperties$1","UpdateCheckerProperties$1","4:7311afa2-be91-4b9a-9570-8b642d06c6d1:51538","axon-spring-boot-autoconfigure-5.0.3",1,2,9,1,0.22013552481000662,0.3832736984748664,0.1631381736648598,0,11,0.7693250592668511,0,0,26,20.502406822517514,10.234266403002458,1,0,-0.05428647756498889,"","","",0,0,0,-2.876603364944458,3.2565033435821533,""
