"codeUnitName","shortCodeUnitName","propertyName","propertyValue","Source Cypher File: Dependencies_Projection/Dependencies_8_Stream_Mutated_Value_Descending.cypher"
"org.axonframework.messaging.Message","Message","centralityCloseness",0.27898455994064236,""
"org.axonframework.serialization.Serializer","Serializer","centralityCloseness",0.22781485990419287,""
"org.axonframework.serialization.SerializedObject","SerializedObject","centralityCloseness",0.22467928734258746,""
"org.axonframework.messaging.MetaData","MetaData","centralityCloseness",0.22423143121938305,""
"org.axonframework.common.Assert","Assert","centralityCloseness",0.18799753722268206,""
"org.axonframework.serialization.SerializedType","SerializedType","centralityCloseness",0.1764573348862964,""
"org.axonframework.eventhandling.EventMessage","EventMessage","centralityCloseness",0.17162667765077402,""
"org.axonframework.serialization.Converter","Converter","centralityCloseness",0.16659890643455402,""
"org.axonframework.messaging.MetaData$1","MetaData$1","centralityCloseness",0.1621508283611241,""
"org.axonframework.messaging.MetaData$MetaDataCollector","MetaData$MetaDataCollector","centralityCloseness",0.1620993028357472,""
"org.axonframework.common.AxonException","AxonException","centralityCloseness",0.14276746997102102,""
"org.axonframework.common.AxonConfigurationException","AxonConfigurationException","centralityCloseness",0.1412435050938216,""
"org.axonframework.common.AxonNonTransientException","AxonNonTransientException","centralityCloseness",0.13900591170159365,""
"org.axonframework.serialization.SimpleSerializedType","SimpleSerializedType","centralityCloseness",0.13862621801948832,""
"org.axonframework.serialization.SimpleSerializedObject","SimpleSerializedObject","centralityCloseness",0.13834067325041238,""
"org.axonframework.common.BuilderUtils","BuilderUtils","centralityCloseness",0.11742877944526643,""
"org.axonframework.messaging.ResultMessage","ResultMessage","centralityCloseness",0.09360121302821349,""
"org.axonframework.messaging.unitofwork.UnitOfWork","UnitOfWork","centralityCloseness",0.09318549639535073,""
"org.axonframework.common.transaction.TransactionManager","TransactionManager","centralityCloseness",0.09197859815329695,""
"org.axonframework.messaging.unitofwork.CurrentUnitOfWork","CurrentUnitOfWork","centralityCloseness",0.09144834999117643,""
"org.axonframework.commandhandling.CommandMessage","CommandMessage","centralityCloseness",0.0889301440563091,""
"org.axonframework.common.StringUtils","StringUtils","centralityCloseness",0.08382491544579147,""
"org.axonframework.common.transaction.Transaction","Transaction","centralityCloseness",0.0829632095836811,""
"org.axonframework.eventhandling.TrackingToken","TrackingToken","centralityCloseness",0.08117932723803013,""
"org.axonframework.messaging.unitofwork.RollbackConfiguration","RollbackConfiguration","centralityCloseness",0.08042771122346665,""
"org.axonframework.messaging.correlation.CorrelationDataProvider","CorrelationDataProvider","centralityCloseness",0.07960810592407594,""
"org.axonframework.common.Registration","Registration","centralityCloseness",0.07771117972728435,""
"org.axonframework.messaging.HandlerExecutionException","HandlerExecutionException","centralityCloseness",0.07693531999877903,""
"org.axonframework.messaging.RemoteExceptionDescription","RemoteExceptionDescription","centralityCloseness",0.07636637458926615,""
"org.axonframework.messaging.unitofwork.RollbackConfigurationType","RollbackConfigurationType","centralityCloseness",0.07500228835570201,""
"org.axonframework.messaging.unitofwork.UnitOfWork$Phase","UnitOfWork$Phase","centralityCloseness",0.07485757826022847,""
"org.axonframework.messaging.unitofwork.ExecutionResult","ExecutionResult","centralityCloseness",0.07425323828503826,""
"org.axonframework.messaging.GenericMessage","GenericMessage","centralityCloseness",0.07383560998018829,""
"org.axonframework.tracing.SpanFactory","SpanFactory","centralityCloseness",0.07119892687721813,""
"org.axonframework.eventhandling.TrackedEventMessage","TrackedEventMessage","centralityCloseness",0.07057874354561101,""
"org.axonframework.eventhandling.DomainEventMessage","DomainEventMessage","centralityCloseness",0.06897974782010927,""
"org.axonframework.tracing.Span","Span","centralityCloseness",0.06888779608228834,""
"org.axonframework.common.ObjectUtils","ObjectUtils","centralityCloseness",0.06806199733464348,""
"org.axonframework.common.ExceptionUtils","ExceptionUtils","centralityCloseness",0.06691472541151144,""
"org.axonframework.messaging.annotation.MessageHandlingMember","MessageHandlingMember","centralityCloseness",0.06610811985416616,""
"org.axonframework.messaging.MessageHandler","MessageHandler","centralityCloseness",0.06577792652089841,""
"org.axonframework.messaging.MessageDecorator","MessageDecorator","centralityCloseness",0.06539945339344248,""
"org.axonframework.common.IdentifierFactory","IdentifierFactory","centralityCloseness",0.0648516567370318,""
"org.axonframework.messaging.annotation.ParameterResolverFactory","ParameterResolverFactory","centralityCloseness",0.06137984774920577,""
"org.axonframework.messaging.MessageHandlerInterceptor","MessageHandlerInterceptor","centralityCloseness",0.060619837841933776,""
"org.axonframework.messaging.unitofwork.RollbackConfigurationType$1","RollbackConfigurationType$1","centralityCloseness",0.060362976699000065,""
"org.axonframework.messaging.unitofwork.RollbackConfigurationType$2","RollbackConfigurationType$2","centralityCloseness",0.06028522275735258,""
"org.axonframework.messaging.unitofwork.RollbackConfigurationType$3","RollbackConfigurationType$3","centralityCloseness",0.06028522275735258,""
"org.axonframework.messaging.unitofwork.RollbackConfigurationType$4","RollbackConfigurationType$4","centralityCloseness",0.06028522275735258,""
"org.axonframework.messaging.AbstractMessage","AbstractMessage","centralityCloseness",0.05955666731753998,""
"org.axonframework.messaging.MessageDispatchInterceptor","MessageDispatchInterceptor","centralityCloseness",0.05816313831540568,""
"org.axonframework.serialization.SerializedObjectHolder","SerializedObjectHolder","centralityCloseness",0.057045467374006203,""
"org.axonframework.messaging.MessageDispatchInterceptorSupport","MessageDispatchInterceptorSupport","centralityCloseness",0.05697101119253647,""
"org.axonframework.common.AxonTransientException","AxonTransientException","centralityCloseness",0.055976048530115737,""
"org.axonframework.eventhandling.GenericEventMessage","GenericEventMessage","centralityCloseness",0.05589730073426818,""
"org.axonframework.tracing.SpanScope","SpanScope","centralityCloseness",0.055109326193663544,""
"org.axonframework.messaging.InterceptorChain","InterceptorChain","centralityCloseness",0.05494952784109411,""
"org.axonframework.tracing.SpanAttributesProvider","SpanAttributesProvider","centralityCloseness",0.05213956057329551,""
"org.axonframework.messaging.annotation.ParameterResolver","ParameterResolver","centralityCloseness",0.051927392690811994,""
"org.axonframework.common.DefaultIdentifierFactory","DefaultIdentifierFactory","centralityCloseness",0.05178555290077328,""
"org.axonframework.lifecycle.Lifecycle$LifecycleRegistry","Lifecycle$LifecycleRegistry","centralityCloseness",0.0505874429394597,""
"org.axonframework.messaging.annotation.HandlerDefinition","HandlerDefinition","centralityCloseness",0.05032138357350972,""
"org.axonframework.eventhandling.EventBus","EventBus","centralityCloseness",0.0496001098410737,""
"org.axonframework.monitoring.MessageMonitor","MessageMonitor","centralityCloseness",0.04952372108859329,""
"org.axonframework.messaging.GenericResultMessage","GenericResultMessage","centralityCloseness",0.04935805767490716,""
"org.axonframework.messaging.responsetypes.ResponseType","ResponseType","centralityCloseness",0.04850360889651584,""
"org.axonframework.commandhandling.CommandBus","CommandBus","centralityCloseness",0.047563387879877725,""
"org.axonframework.messaging.ScopeDescriptor","ScopeDescriptor","centralityCloseness",0.04747726538337257,""
"org.axonframework.messaging.MessageHandlerInterceptorSupport","MessageHandlerInterceptorSupport","centralityCloseness",0.04738718887348805,""
"org.axonframework.serialization.CachingSupplier","CachingSupplier","centralityCloseness",0.046564339549980745,""
"org.axonframework.queryhandling.QueryMessage","QueryMessage","centralityCloseness",0.04428489565128483,""
"org.axonframework.commandhandling.CommandCallback","CommandCallback","centralityCloseness",0.043593133001015784,""
"org.axonframework.messaging.IllegalPayloadAccessException","IllegalPayloadAccessException","centralityCloseness",0.04330123459334916,""
"org.axonframework.messaging.StreamableMessageSource","StreamableMessageSource","centralityCloseness",0.04264700689247799,""
"org.axonframework.commandhandling.CommandResultMessage","CommandResultMessage","centralityCloseness",0.04152673070449439,""
"org.axonframework.eventsourcing.eventstore.DomainEventStream","DomainEventStream","centralityCloseness",0.04150733716364661,""
"org.axonframework.serialization.LazyDeserializingObject","LazyDeserializingObject","centralityCloseness",0.041277061106378375,""
"org.axonframework.eventsourcing.eventstore.EventStore","EventStore","centralityCloseness",0.04054803689644422,""
"org.axonframework.tracing.NoOpSpanFactory","NoOpSpanFactory","centralityCloseness",0.03975903614457831,""
"org.axonframework.eventhandling.DomainEventData","DomainEventData","centralityCloseness",0.03953379656190901,""
"org.axonframework.eventhandling.GenericDomainEventMessage","GenericDomainEventMessage","centralityCloseness",0.03945299818711723,""
"org.axonframework.common.ReflectionUtils","ReflectionUtils","centralityCloseness",0.03938984934796848,""
"org.axonframework.messaging.SubscribableMessageSource","SubscribableMessageSource","centralityCloseness",0.03934483937027701,""
"org.axonframework.serialization.upcasting.event.EventUpcaster","EventUpcaster","centralityCloseness",0.03927314195051812,""
"org.axonframework.modelling.command.Repository","Repository","centralityCloseness",0.039250023349210794,""
"org.axonframework.monitoring.MessageMonitor$MonitorCallback","MessageMonitor$MonitorCallback","centralityCloseness",0.03917136976687956,""
"org.axonframework.deadline.DeadlineMessage","DeadlineMessage","centralityCloseness",0.0391358621835273,""
"org.axonframework.lifecycle.Lifecycle","Lifecycle","centralityCloseness",0.039045069165551095,""
"org.axonframework.common.stream.BlockingStream","BlockingStream","centralityCloseness",0.03807882448428886,""
"org.axonframework.serialization.upcasting.event.IntermediateEventRepresentation","IntermediateEventRepresentation","centralityCloseness",0.03716674608036666,""
"org.axonframework.lifecycle.Lifecycle$LifecycleHandler","Lifecycle$LifecycleHandler","centralityCloseness",0.037075643397560275,""
"org.axonframework.config.Configuration","Configuration","centralityCloseness",0.036820297061260915,""
"org.axonframework.common.annotation.AnnotationUtils","AnnotationUtils","centralityCloseness",0.036483082457054686,""
"org.axonframework.eventhandling.Segment","Segment","centralityCloseness",0.03514238111867761,""
"org.axonframework.eventhandling.EventData","EventData","centralityCloseness",0.03451062072432801,""
"org.axonframework.messaging.ScopeAware","ScopeAware","centralityCloseness",0.03400482172779601,""
"org.axonframework.modelling.saga.AssociationValue","AssociationValue","centralityCloseness",0.033281952876781276,""
"org.axonframework.messaging.DefaultInterceptorChain","DefaultInterceptorChain","centralityCloseness",0.03296267145634464,""
"org.axonframework.eventhandling.tokenstore.TokenStore","TokenStore","centralityCloseness",0.03232714054048171,""
"org.axonframework.modelling.command.Aggregate","Aggregate","centralityCloseness",0.03230651136401562,""
"org.axonframework.tracing.NoOpSpanFactory$NoOpSpan","NoOpSpanFactory$NoOpSpan","centralityCloseness",0.03159131854520888,""
"org.axonframework.queryhandling.QueryUpdateEmitter","QueryUpdateEmitter","centralityCloseness",0.031539620018535684,""
"org.axonframework.eventsourcing.AggregateFactory","AggregateFactory","centralityCloseness",0.03151065801668212,""
"org.axonframework.queryhandling.QueryBus","QueryBus","centralityCloseness",0.03147283009589377,""
"org.axonframework.queryhandling.SubscriptionQueryUpdateMessage","SubscriptionQueryUpdateMessage","centralityCloseness",0.031338220781826825,""
"org.axonframework.serialization.upcasting.Upcaster","Upcaster","centralityCloseness",0.03130015457779553,""
"org.axonframework.common.TypeReflectionUtils","TypeReflectionUtils","centralityCloseness",0.031282805836478494,""
"org.axonframework.commandhandling.WrappedCommandCallback","WrappedCommandCallback","centralityCloseness",0.031093309918287244,""
"org.axonframework.eventsourcing.EventStreamUtils","EventStreamUtils","centralityCloseness",0.030927035533697474,""
"org.axonframework.eventsourcing.snapshotting.SnapshotFilter","SnapshotFilter","centralityCloseness",0.030813519564985604,""
"org.axonframework.serialization.SerializedMessage","SerializedMessage","centralityCloseness",0.030422708985565993,""
"org.axonframework.queryhandling.QueryResponseMessage","QueryResponseMessage","centralityCloseness",0.03041765957328623,""
"org.axonframework.common.MemberAccessibilityCallback","MemberAccessibilityCallback","centralityCloseness",0.030317841839965467,""
"org.axonframework.eventsourcing.eventstore.IteratorBackedDomainEventStream","IteratorBackedDomainEventStream","centralityCloseness",0.030069440094288184,""
"org.axonframework.eventsourcing.eventstore.ConcatenatingDomainEventStream","ConcatenatingDomainEventStream","centralityCloseness",0.0300174168415299,""
"org.axonframework.eventsourcing.eventstore.DomainEventStream$1","DomainEventStream$1","centralityCloseness",0.0300174168415299,""
"org.axonframework.eventsourcing.eventstore.DomainEventStream$2","DomainEventStream$2","centralityCloseness",0.0300174168415299,""
"org.axonframework.eventsourcing.eventstore.FilteringDomainEventStream","FilteringDomainEventStream","centralityCloseness",0.0300174168415299,""
"org.axonframework.commandhandling.GenericCommandResultMessage","GenericCommandResultMessage","centralityCloseness",0.02998309866354839,""
"org.axonframework.messaging.unitofwork.AbstractUnitOfWork","AbstractUnitOfWork","centralityCloseness",0.029689785866391018,""
"org.axonframework.commandhandling.GenericCommandMessage","GenericCommandMessage","centralityCloseness",0.029662656168680263,""
"org.axonframework.deadline.DeadlineManager","DeadlineManager","centralityCloseness",0.029549490478922493,""
"org.axonframework.eventhandling.DomainEventSequenceAware","DomainEventSequenceAware","centralityCloseness",0.029506916555109324,""
"org.axonframework.config.TagsConfiguration","TagsConfiguration","centralityCloseness",0.029461241191179814,""
"org.axonframework.eventhandling.GenericTrackedDomainEventMessage","GenericTrackedDomainEventMessage","centralityCloseness",0.02931601629333734,""
"org.axonframework.commandhandling.NoHandlerForCommandException","NoHandlerForCommandException","centralityCloseness",0.029295520082196196,""
"org.axonframework.serialization.SerializationException","SerializationException","centralityCloseness",0.02919239365685945,""
"org.axonframework.eventhandling.scheduling.EventScheduler","EventScheduler","centralityCloseness",0.028825582704650375,""
"org.axonframework.messaging.unitofwork.MessageProcessingContext","MessageProcessingContext","centralityCloseness",0.02877905623858762,""
"org.axonframework.eventhandling.ListenerInvocationErrorHandler","ListenerInvocationErrorHandler","centralityCloseness",0.0287405031380935,""
"org.axonframework.common.stream.StreamUtils","StreamUtils","centralityCloseness",0.028615447985234826,""
"org.axonframework.eventsourcing.Snapshotter","Snapshotter","centralityCloseness",0.028424810352521198,""
"org.axonframework.messaging.Scope","Scope","centralityCloseness",0.02835843697161308,""
"org.axonframework.messaging.deadletter.DeadLetter","DeadLetter","centralityCloseness",0.028234148716076424,""
"org.axonframework.queryhandling.GenericSubscriptionQueryUpdateMessage","GenericSubscriptionQueryUpdateMessage","centralityCloseness",0.028052920285625508,""
"org.axonframework.messaging.annotation.HandlerEnhancerDefinition","HandlerEnhancerDefinition","centralityCloseness",0.028043207312006647,""
"org.axonframework.common.transaction.NoTransactionManager","NoTransactionManager","centralityCloseness",0.027680341619643133,""
"org.axonframework.messaging.ScopeAwareProvider","ScopeAwareProvider","centralityCloseness",0.02766166707646914,""
"org.axonframework.eventhandling.async.SequencingPolicy","SequencingPolicy","centralityCloseness",0.027471710202633896,""
"org.axonframework.modelling.saga.ResourceInjector","ResourceInjector","centralityCloseness",0.02724465702003996,""
"org.axonframework.monitoring.NoOpMessageMonitor","NoOpMessageMonitor","centralityCloseness",0.026885605833789315,""
"org.axonframework.queryhandling.SubscriptionQueryMessage","SubscriptionQueryMessage","centralityCloseness",0.026737085327611813,""
"org.axonframework.axonserver.connector.AxonServerConfiguration","AxonServerConfiguration","centralityCloseness",0.02669138090824838,""
"org.axonframework.modelling.saga.repository.SagaStore","SagaStore","centralityCloseness",0.026563554493455915,""
"org.axonframework.common.AxonThreadFactory","AxonThreadFactory","centralityCloseness",0.026561271541191218,""
"org.axonframework.serialization.upcasting.event.InitialEventRepresentation","InitialEventRepresentation","centralityCloseness",0.026129413921245147,""
"org.axonframework.eventhandling.EventMessageHandler","EventMessageHandler","centralityCloseness",0.026110792375852617,""
"org.axonframework.common.io.IOUtils","IOUtils","centralityCloseness",0.0259654000617856,""
"org.axonframework.messaging.deadletter.SequencedDeadLetterQueue","SequencedDeadLetterQueue","centralityCloseness",0.025381638599214787,""
"org.axonframework.common.TypeReflectionUtils$VarMap","TypeReflectionUtils$VarMap","centralityCloseness",0.025312077412866354,""
"org.axonframework.commandhandling.gateway.CommandGateway","CommandGateway","centralityCloseness",0.025060386473429952,""
"org.axonframework.eventhandling.ErrorHandler","ErrorHandler","centralityCloseness",0.02488267817241705,""
"org.axonframework.modelling.saga.AssociationValues","AssociationValues","centralityCloseness",0.024782892252771773,""
"org.axonframework.messaging.unitofwork.DefaultUnitOfWork","DefaultUnitOfWork","centralityCloseness",0.02477379397106498,""
"org.axonframework.eventhandling.TrackedEventData","TrackedEventData","centralityCloseness",0.024705035553025213,""
"org.axonframework.queryhandling.SubscriptionQueryResult","SubscriptionQueryResult","centralityCloseness",0.02452061768199559,""
"org.axonframework.config.EventProcessingConfiguration","EventProcessingConfiguration","centralityCloseness",0.024429100417263594,""
"org.axonframework.eventhandling.gateway.EventGateway","EventGateway","centralityCloseness",0.024287070763674853,""
"org.axonframework.queryhandling.QueryGateway","QueryGateway","centralityCloseness",0.024287070763674853,""
"org.axonframework.queryhandling.SubscriptionQueryBackpressure","SubscriptionQueryBackpressure","centralityCloseness",0.023957819582423257,""
"org.axonframework.config.ModuleConfiguration","ModuleConfiguration","centralityCloseness",0.023865007354520965,""
"org.axonframework.eventsourcing.eventstore.EventStorageEngine","EventStorageEngine","centralityCloseness",0.023800831029746693,""
"org.axonframework.eventhandling.tokenstore.UnableToClaimTokenException","UnableToClaimTokenException","centralityCloseness",0.023750917649090986,""
"org.axonframework.eventhandling.scheduling.ScheduleToken","ScheduleToken","centralityCloseness",0.02344732465214393,""
"org.axonframework.modelling.saga.repository.NoResourceInjector","NoResourceInjector","centralityCloseness",0.023406655386350814,""
"org.axonframework.messaging.annotation.ClasspathHandlerDefinition","ClasspathHandlerDefinition","centralityCloseness",0.023222181655916593,""
"org.axonframework.eventhandling.tokenstore.UnableToInitializeTokenException","UnableToInitializeTokenException","centralityCloseness",0.023206484006704945,""
"org.axonframework.eventhandling.tokenstore.UnableToRetrieveIdentifierException","UnableToRetrieveIdentifierException","centralityCloseness",0.02314017976668579,""
"org.axonframework.queryhandling.StreamingQueryMessage","StreamingQueryMessage","centralityCloseness",0.023123669738907667,""
"org.axonframework.messaging.deadletter.EnqueueDecision","EnqueueDecision","centralityCloseness",0.023059123912870023,""
"org.axonframework.modelling.command.inspection.AggregateModel","AggregateModel","centralityCloseness",0.022919482035567228,""
"org.axonframework.messaging.deadletter.Cause","Cause","centralityCloseness",0.022895123165770977,""
"org.axonframework.common.stream.StreamUtils$1","StreamUtils$1","centralityCloseness",0.02289235838818786,""
"org.axonframework.eventhandling.EventProcessor","EventProcessor","centralityCloseness",0.022735949816111618,""
"org.axonframework.eventhandling.EventHandlerInvoker","EventHandlerInvoker","centralityCloseness",0.022686450751652737,""
"org.axonframework.messaging.annotation.ClasspathParameterResolverFactory","ClasspathParameterResolverFactory","centralityCloseness",0.0226725442202736,""
"org.axonframework.queryhandling.UpdateHandlerRegistration","UpdateHandlerRegistration","centralityCloseness",0.022536836459192553,""
"org.axonframework.config.AggregateConfiguration","AggregateConfiguration","centralityCloseness",0.022347579141227723,""
"org.axonframework.config.LifecycleOperations","LifecycleOperations","centralityCloseness",0.022170619161936387,""
"org.axonframework.serialization.upcasting.event.EventUpcasterChain","EventUpcasterChain","centralityCloseness",0.022170619161936387,""
"org.axonframework.modelling.command.ConcurrencyException","ConcurrencyException","centralityCloseness",0.02193347859523199,""
"org.axonframework.modelling.saga.repository.SagaStore$Entry","SagaStore$Entry","centralityCloseness",0.021871979357510608,""
"org.axonframework.config.Configuration$1","Configuration$1","centralityCloseness",0.021478506619068867,""
"org.axonframework.serialization.upcasting.event.UpcastedEventRepresentation","UpcastedEventRepresentation","centralityCloseness",0.021431765927686832,""
"org.axonframework.eventhandling.ReplayToken","ReplayToken","centralityCloseness",0.021330865299331758,""
"org.axonframework.serialization.xml.XStreamSerializer","XStreamSerializer","centralityCloseness",0.0212629968495536,""
"org.axonframework.queryhandling.QueryBus$1","QueryBus$1","centralityCloseness",0.02119819484122055,""
"org.axonframework.common.TypeReflectionUtils$VarMap$ParameterizedTypeImpl","TypeReflectionUtils$VarMap$ParameterizedTypeImpl","centralityCloseness",0.021183004461914495,""
"org.axonframework.common.TypeReflectionUtils$VarMap$UnresolvedTypeVariableException","TypeReflectionUtils$VarMap$UnresolvedTypeVariableException","centralityCloseness",0.021183004461914495,""
"org.axonframework.serialization.ContentTypeConverter","ContentTypeConverter","centralityCloseness",0.020972780008924587,""
"org.axonframework.messaging.annotation.MessageHandlerInterceptorMemberChain","MessageHandlerInterceptorMemberChain","centralityCloseness",0.020943699893205783,""
"org.axonframework.modelling.command.inspection.EntityModel","EntityModel","centralityCloseness",0.020826161790017214,""
"org.axonframework.axonserver.connector.AxonServerConnectionManager","AxonServerConnectionManager","centralityCloseness",0.02066087479168374,""
"org.axonframework.monitoring.NoOpMessageMonitorCallback","NoOpMessageMonitorCallback","centralityCloseness",0.020633992279798806,""
"org.axonframework.messaging.deadletter.EnqueuePolicy","EnqueuePolicy","centralityCloseness",0.020623980638712056,""
"org.axonframework.commandhandling.CommandExecutionException","CommandExecutionException","centralityCloseness",0.020378080951256004,""
"org.axonframework.messaging.annotation.AnnotatedHandlerInspector","AnnotatedHandlerInspector","centralityCloseness",0.019843666663134505,""
"org.axonframework.deadline.GenericDeadlineMessage","GenericDeadlineMessage","centralityCloseness",0.01983496687715492,""
"org.axonframework.messaging.responsetypes.ResponseTypes","ResponseTypes","centralityCloseness",0.019819459105303392,""
"org.axonframework.eventhandling.WrappedToken","WrappedToken","centralityCloseness",0.019714413208389115,""
"org.axonframework.serialization.ChainingConverter","ChainingConverter","centralityCloseness",0.019600684377438452,""
"org.axonframework.common.transaction.NoTransactionManager$1","NoTransactionManager$1","centralityCloseness",0.01958280884732962,""
"org.axonframework.axonserver.connector.AxonServerConfiguration$FlowControlConfiguration","AxonServerConfiguration$FlowControlConfiguration","centralityCloseness",0.01949144483215192,""
"org.axonframework.common.Priority","Priority","centralityCloseness",0.019470009007104758,""
"org.axonframework.eventhandling.ErrorContext","ErrorContext","centralityCloseness",0.019342715526885632,""
"org.axonframework.eventhandling.EventBusSpanFactory","EventBusSpanFactory","centralityCloseness",0.019112420906648175,""
"org.axonframework.messaging.deadletter.DeadLetterQueueOverflowException","DeadLetterQueueOverflowException","centralityCloseness",0.019098064082957212,""
"org.axonframework.messaging.deadletter.NoSuchDeadLetterException","NoSuchDeadLetterException","centralityCloseness",0.019098064082957212,""
"org.axonframework.eventsourcing.eventstore.EventStoreException","EventStoreException","centralityCloseness",0.018988233636299583,""
"org.axonframework.serialization.RevisionResolver","RevisionResolver","centralityCloseness",0.01895487554939522,""
"org.axonframework.messaging.responsetypes.MultipleInstancesResponseType","MultipleInstancesResponseType","centralityCloseness",0.018749132852605568,""
"org.axonframework.messaging.deadletter.SequencedDeadLetterProcessor","SequencedDeadLetterProcessor","centralityCloseness",0.018593189964157705,""
"org.axonframework.axonserver.connector.AxonServerConfiguration$PersistentStreamSettings","AxonServerConfiguration$PersistentStreamSettings","centralityCloseness",0.0184815254107969,""
"org.axonframework.messaging.annotation.MultiHandlerDefinition","MultiHandlerDefinition","centralityCloseness",0.018456805947193025,""
"org.axonframework.axonserver.connector.AxonServerConfiguration$HeartbeatConfiguration","AxonServerConfiguration$HeartbeatConfiguration","centralityCloseness",0.018291971304019494,""
"org.axonframework.axonserver.connector.AxonServerConfiguration$Eventhandling","AxonServerConfiguration$Eventhandling","centralityCloseness",0.01814518801277718,""
"org.axonframework.messaging.annotation.MultiParameterResolverFactory","MultiParameterResolverFactory","centralityCloseness",0.018114220221955104,""
"org.axonframework.config.SagaConfiguration","SagaConfiguration","centralityCloseness",0.018075113393094176,""
"org.axonframework.modelling.command.inspection.AnnotatedAggregateMetaModelFactory","AnnotatedAggregateMetaModelFactory","centralityCloseness",0.01806603360482428,""
"org.axonframework.queryhandling.NoHandlerForQueryException","NoHandlerForQueryException","centralityCloseness",0.018038821954484606,""
"org.axonframework.messaging.annotation.NoMoreInterceptors","NoMoreInterceptors","centralityCloseness",0.018036713784270943,""
"org.axonframework.commandhandling.CommandMessageHandlingMember","CommandMessageHandlingMember","centralityCloseness",0.017925311532976617,""
"org.axonframework.queryhandling.QueryExecutionException","QueryExecutionException","centralityCloseness",0.017734546749689894,""
"org.axonframework.messaging.responsetypes.PublisherResponseType","PublisherResponseType","centralityCloseness",0.01773038098339303,""
"org.axonframework.axonserver.connector.event.util.EventCipher","EventCipher","centralityCloseness",0.017658091110315847,""
"org.axonframework.modelling.saga.SagaRepository","SagaRepository","centralityCloseness",0.017594186268885065,""
"org.axonframework.axonserver.connector.AxonServerConfiguration$EventStoreConfiguration","AxonServerConfiguration$EventStoreConfiguration","centralityCloseness",0.017571105439821683,""
"org.axonframework.messaging.responsetypes.InstanceResponseType","InstanceResponseType","centralityCloseness",0.017552644167071026,""
"org.axonframework.queryhandling.GenericQueryResponseMessage","GenericQueryResponseMessage","centralityCloseness",0.017363571934798015,""
"org.axonframework.axonserver.connector.AxonServerConfiguration$Builder","AxonServerConfiguration$Builder","centralityCloseness",0.017263082179464127,""
"org.axonframework.axonserver.connector.util.GrpcMetaDataConverter","GrpcMetaDataConverter","centralityCloseness",0.017243771835308716,""
"org.axonframework.messaging.annotation.ChainedMessageHandlerInterceptorMember","ChainedMessageHandlerInterceptorMember","centralityCloseness",0.016958043815473535,""
"org.axonframework.eventhandling.ResetNotSupportedException","ResetNotSupportedException","centralityCloseness",0.01691501207321498,""
"org.axonframework.messaging.responsetypes.OptionalResponseType","OptionalResponseType","centralityCloseness",0.01690783753570985,""
"org.axonframework.eventhandling.EventTrackerStatus","EventTrackerStatus","centralityCloseness",0.01689746538019297,""
"org.axonframework.messaging.annotation.MessageInterceptingMember","MessageInterceptingMember","centralityCloseness",0.016796309474149142,""
"org.axonframework.modelling.saga.AbstractSagaManager","AbstractSagaManager","centralityCloseness",0.016556421765493348,""
"org.axonframework.messaging.annotation.InterceptorChainParameterResolverFactory","InterceptorChainParameterResolverFactory","centralityCloseness",0.016522117961049042,""
"org.axonframework.serialization.CannotConvertBetweenTypesException","CannotConvertBetweenTypesException","centralityCloseness",0.016502492052902162,""
"org.axonframework.config.LifecycleHandler","LifecycleHandler","centralityCloseness",0.016487000634115408,""
"org.axonframework.serialization.xml.XStreamSerializer$Builder","XStreamSerializer$Builder","centralityCloseness",0.01644173593599203,""
"org.axonframework.modelling.command.RepositoryProvider","RepositoryProvider","centralityCloseness",0.016236563415377683,""
"org.axonframework.axonserver.connector.ErrorCode","ErrorCode","centralityCloseness",0.016198125836680052,""
"org.axonframework.modelling.saga.Saga","Saga","centralityCloseness",0.016107053961797745,""
"org.axonframework.common.annotation.PriorityAnnotationComparator","PriorityAnnotationComparator","centralityCloseness",0.016095770401127422,""
"org.axonframework.eventhandling.TrackingEventProcessorConfiguration","TrackingEventProcessorConfiguration","centralityCloseness",0.016069569282420686,""
"org.axonframework.common.DateTimeUtils","DateTimeUtils","centralityCloseness",0.01602338105603074,""
"org.axonframework.commandhandling.DuplicateCommandHandlerResolver","DuplicateCommandHandlerResolver","centralityCloseness",0.015998419909144773,""
"org.axonframework.common.lock.LockFactory","LockFactory","centralityCloseness",0.015867220686497794,""
"org.axonframework.serialization.upcasting.GenericUpcasterChain","GenericUpcasterChain","centralityCloseness",0.01584548309971403,""
"org.axonframework.commandhandling.CommandBusSpanFactory","CommandBusSpanFactory","centralityCloseness",0.01580304959676103,""
"org.axonframework.queryhandling.QueryBusSpanFactory","QueryBusSpanFactory","centralityCloseness",0.01580304959676103,""
"org.axonframework.messaging.annotation.HandlerComparator","HandlerComparator","centralityCloseness",0.01576814803796806,""
"org.axonframework.eventhandling.TrackingEventStream","TrackingEventStream","centralityCloseness",0.01563662055629927,""
"org.axonframework.messaging.annotation.MultiHandlerEnhancerDefinition","MultiHandlerEnhancerDefinition","centralityCloseness",0.01563525659911202,""
"org.axonframework.serialization.AnnotationRevisionResolver","AnnotationRevisionResolver","centralityCloseness",0.015630087919244546,""
"org.axonframework.eventhandling.EventProcessorSpanFactory","EventProcessorSpanFactory","centralityCloseness",0.01557746136059389,""
"org.axonframework.eventsourcing.eventstore.jdbc.EventSchema","EventSchema","centralityCloseness",0.015434286164264902,""
"org.axonframework.messaging.responsetypes.AbstractResponseType","AbstractResponseType","centralityCloseness",0.015372749275246683,""
"org.axonframework.messaging.deadletter.ThrowableCause","ThrowableCause","centralityCloseness",0.015316386589187289,""
"org.axonframework.modelling.command.inspection.AggregateMetaModelFactory","AggregateMetaModelFactory","centralityCloseness",0.01526361857687159,""
"org.axonframework.serialization.ChainedConverter","ChainedConverter","centralityCloseness",0.015252019313207887,""
"org.axonframework.messaging.annotation.ClasspathHandlerEnhancerDefinition","ClasspathHandlerEnhancerDefinition","centralityCloseness",0.015234629450112072,""
"org.axonframework.modelling.saga.SagaCreationPolicy","SagaCreationPolicy","centralityCloseness",0.015231295552580692,""
"org.axonframework.common.caching.Cache","Cache","centralityCloseness",0.015147144748422787,""
"org.axonframework.messaging.annotation.HasHandlerAttributes","HasHandlerAttributes","centralityCloseness",0.015126148241730778,""
"org.axonframework.serialization.AbstractXStreamSerializer$Builder","AbstractXStreamSerializer$Builder","centralityCloseness",0.015098921649748073,""
"org.axonframework.commandhandling.gateway.RetryScheduler","RetryScheduler","centralityCloseness",0.014997922725384296,""
"org.axonframework.modelling.saga.SagaManagerSpanFactory","SagaManagerSpanFactory","centralityCloseness",0.014900102200918369,""
"org.axonframework.serialization.UnknownSerializedType","UnknownSerializedType","centralityCloseness",0.014899707230004028,""
"org.axonframework.serialization.xml.CompactDriver","CompactDriver","centralityCloseness",0.014875829850012293,""
"org.axonframework.queryhandling.GenericQueryMessage","GenericQueryMessage","centralityCloseness",0.014862369184768269,""
"org.axonframework.eventsourcing.SnapshotTriggerDefinition","SnapshotTriggerDefinition","centralityCloseness",0.014819638916024459,""
"org.axonframework.eventhandling.PropagatingErrorHandler","PropagatingErrorHandler","centralityCloseness",0.014725568942436412,""
"org.axonframework.eventhandling.AbstractEventBus$Builder","AbstractEventBus$Builder","centralityCloseness",0.014692918013517485,""
"org.axonframework.serialization.AbstractXStreamSerializer","AbstractXStreamSerializer","centralityCloseness",0.014651571108554822,""
"org.axonframework.serialization.xml.Dom4JToByteArrayConverter","Dom4JToByteArrayConverter","centralityCloseness",0.014651571108554822,""
"org.axonframework.serialization.xml.InputStreamToDom4jConverter","InputStreamToDom4jConverter","centralityCloseness",0.014651571108554822,""
"org.axonframework.serialization.xml.InputStreamToXomConverter","InputStreamToXomConverter","centralityCloseness",0.014651571108554822,""
"org.axonframework.serialization.xml.XomToStringConverter","XomToStringConverter","centralityCloseness",0.014651571108554822,""
"org.axonframework.modelling.saga.SagaScopeDescriptor","SagaScopeDescriptor","centralityCloseness",0.014460449786104484,""
"org.axonframework.config.EventProcessingConfigurer","EventProcessingConfigurer","centralityCloseness",0.014425222256547559,""
"org.axonframework.eventhandling.LoggingErrorHandler","LoggingErrorHandler","centralityCloseness",0.014425180396382279,""
"org.axonframework.eventsourcing.SnapshotTrigger","SnapshotTrigger","centralityCloseness",0.014059013833110218,""
"org.axonframework.eventsourcing.eventstore.AbstractEventStore$Builder","AbstractEventStore$Builder","centralityCloseness",0.01392235609103079,""
"org.axonframework.axonserver.connector.util.GrpcSerializedObject","GrpcSerializedObject","centralityCloseness",0.013910580593980862,""
"org.axonframework.axonserver.connector.event.util.EventStoreClientException","EventStoreClientException","centralityCloseness",0.013842133238837704,""
"org.axonframework.eventhandling.AbstractEventProcessor$Builder","AbstractEventProcessor$Builder","centralityCloseness",0.013836828796668156,""
"org.axonframework.eventhandling.TrackerStatus","TrackerStatus","centralityCloseness",0.013817173455727671,""
"org.axonframework.modelling.command.CommandTargetResolver","CommandTargetResolver","centralityCloseness",0.013813946994522054,""
"org.axonframework.serialization.Revision","Revision","centralityCloseness",0.013774282553579806,""
"org.axonframework.common.lock.PessimisticLockFactory","PessimisticLockFactory","centralityCloseness",0.013769363166953529,""
"org.axonframework.common.lock.Lock","Lock","centralityCloseness",0.013757733637251707,""
"org.axonframework.common.jdbc.PersistenceExceptionResolver","PersistenceExceptionResolver","centralityCloseness",0.013730134212061922,""
"org.axonframework.axonserver.connector.ConnectionManager","ConnectionManager","centralityCloseness",0.013630278690519654,""
"org.axonframework.axonserver.connector.AxonServerConnectionManager$Builder","AxonServerConnectionManager$Builder","centralityCloseness",0.013589031742181254,""
"org.axonframework.modelling.command.RepositorySpanFactory","RepositorySpanFactory","centralityCloseness",0.013554216867469878,""
"org.axonframework.axonserver.connector.AxonServerConfiguration$Eventhandling$ProcessorSettings","AxonServerConfiguration$Eventhandling$ProcessorSettings","centralityCloseness",0.013475470509488935,""
"org.axonframework.modelling.saga.AbstractSagaManager$Builder","AbstractSagaManager$Builder","centralityCloseness",0.01339379914144087,""
"org.axonframework.modelling.command.inspection.AnnotatedAggregateMetaModelFactory$AnnotatedAggregateModel","AnnotatedAggregateMetaModelFactory$AnnotatedAggregateModel","centralityCloseness",0.01337761657935085,""
"org.axonframework.modelling.saga.SagaInitializationPolicy","SagaInitializationPolicy","centralityCloseness",0.013359279040560869,""
"org.axonframework.eventsourcing.NoSnapshotTriggerDefinition","NoSnapshotTriggerDefinition","centralityCloseness",0.013312920189043466,""
"org.axonframework.common.jpa.EntityManagerProvider","EntityManagerProvider","centralityCloseness",0.013294557540506853,""
"org.axonframework.common.caching.Cache$EntryListener","Cache$EntryListener","centralityCloseness",0.01328346289306008,""
"org.axonframework.modelling.command.ApplyMore","ApplyMore","centralityCloseness",0.0131055294624827,""
"org.axonframework.eventsourcing.eventstore.AbstractEventStore","AbstractEventStore","centralityCloseness",0.013089953800163059,""
"org.axonframework.messaging.deadletter.GenericDeadLetter","GenericDeadLetter","centralityCloseness",0.013086830078936434,""
"org.axonframework.eventhandling.DefaultEventBusSpanFactory","DefaultEventBusSpanFactory","centralityCloseness",0.013060703049082965,""
"org.axonframework.eventhandling.DefaultEventBusSpanFactory$Builder","DefaultEventBusSpanFactory$Builder","centralityCloseness",0.013060703049082965,""
"org.axonframework.commandhandling.callbacks.LoggingCallback","LoggingCallback","centralityCloseness",0.01303994336858779,""
"org.axonframework.config.Configurer","Configurer","centralityCloseness",0.013016351118760759,""
"org.axonframework.messaging.annotation.WrappedMessageHandlingMember","WrappedMessageHandlingMember","centralityCloseness",0.01298904538341158,""
"org.axonframework.util.ClasspathResolver","ClasspathResolver","centralityCloseness",0.012911038091760984,""
"org.axonframework.eventsourcing.SnapshotterSpanFactory","SnapshotterSpanFactory","centralityCloseness",0.012887103971441322,""
"org.axonframework.messaging.unitofwork.BatchingUnitOfWork","BatchingUnitOfWork","centralityCloseness",0.012878485953994094,""
"org.axonframework.eventhandling.AbstractEventBus","AbstractEventBus","centralityCloseness",0.012866704914897683,""
"org.axonframework.common.lock.DeadlockException","DeadlockException","centralityCloseness",0.012829336144287926,""
"org.axonframework.config.SubscribableMessageSourceDefinition","SubscribableMessageSourceDefinition","centralityCloseness",0.012786997044782906,""
"org.axonframework.queryhandling.QueryInvocationErrorHandler","QueryInvocationErrorHandler","centralityCloseness",0.012756909992912829,""
"org.axonframework.eventhandling.pooled.PooledStreamingEventProcessor$Builder","PooledStreamingEventProcessor$Builder","centralityCloseness",0.012745195658667727,""
"org.axonframework.axonserver.connector.util.ExceptionSerializer","ExceptionSerializer","centralityCloseness",0.012721593444485011,""
"org.axonframework.config.ConfigurerModule","ConfigurerModule","centralityCloseness",0.012692746293817243,""
"org.axonframework.test.matchers.FieldFilter","FieldFilter","centralityCloseness",0.01267697050829581,""
"org.axonframework.common.CollectionUtils","CollectionUtils","centralityCloseness",0.012540357508465234,""
"org.axonframework.eventhandling.EventTrackerStatusChangeListener","EventTrackerStatusChangeListener","centralityCloseness",0.01249442213297635,""
"org.axonframework.modelling.command.AggregateScopeDescriptor","AggregateScopeDescriptor","centralityCloseness",0.01249168452952916,""
"org.axonframework.axonserver.connector.util.GrpcMetaDataConverter$1","GrpcMetaDataConverter$1","centralityCloseness",0.012403414828906268,""
"org.axonframework.commandhandling.SimpleCommandBus","SimpleCommandBus","centralityCloseness",0.012392426850258174,""
"org.axonframework.commandhandling.SimpleCommandBus$Builder","SimpleCommandBus$Builder","centralityCloseness",0.012392426850258174,""
"org.axonframework.commandhandling.MonitorAwareCallback","MonitorAwareCallback","centralityCloseness",0.012369654054815752,""
"org.axonframework.modelling.command.inspection.AnnotatedAggregate","AnnotatedAggregate","centralityCloseness",0.012330863960490032,""
"org.axonframework.eventhandling.deadletter.DeadLetteringEventHandlerInvoker$Builder","DeadLetteringEventHandlerInvoker$Builder","centralityCloseness",0.012322015334063527,""
"org.axonframework.modelling.command.inspection.ChildEntity","ChildEntity","centralityCloseness",0.012296296296296295,""
"org.axonframework.axonserver.connector.command.AxonServerCommandDispatchException","AxonServerCommandDispatchException","centralityCloseness",0.01227522174467852,""
"org.axonframework.commandhandling.distributed.CommandDispatchException","CommandDispatchException","centralityCloseness",0.012199425316328075,""
"org.axonframework.eventhandling.DefaultEventProcessorSpanFactory","DefaultEventProcessorSpanFactory","centralityCloseness",0.012186360119376587,""
"org.axonframework.eventhandling.DefaultEventProcessorSpanFactory$Builder","DefaultEventProcessorSpanFactory$Builder","centralityCloseness",0.012186360119376587,""
"org.axonframework.config.EventProcessingConfigurer$DeadLetteringInvokerConfiguration","EventProcessingConfigurer$DeadLetteringInvokerConfiguration","centralityCloseness",0.012172400943982115,""
"org.axonframework.config.EventProcessingConfigurer$PooledStreamingProcessorConfiguration","EventProcessingConfigurer$PooledStreamingProcessorConfiguration","centralityCloseness",0.012172400943982115,""
"org.axonframework.eventhandling.StreamingEventProcessor","StreamingEventProcessor","centralityCloseness",0.012090432929127513,""
"org.axonframework.modelling.saga.DefaultSagaManagerSpanFactory","DefaultSagaManagerSpanFactory","centralityCloseness",0.012075026162556684,""
"org.axonframework.modelling.saga.DefaultSagaManagerSpanFactory$Builder","DefaultSagaManagerSpanFactory$Builder","centralityCloseness",0.012075026162556684,""
"org.axonframework.axonserver.connector.AxonServerException","AxonServerException","centralityCloseness",0.012052176961815516,""
"org.axonframework.modelling.command.AggregateNotFoundException","AggregateNotFoundException","centralityCloseness",0.012032025040581002,""
"org.axonframework.serialization.ChainedConverter$1","ChainedConverter$1","centralityCloseness",0.011977321048901488,""
"org.axonframework.serialization.ChainedConverter$Route","ChainedConverter$Route","centralityCloseness",0.011942196940253683,""
"org.axonframework.common.lock.LockAcquisitionFailedException","LockAcquisitionFailedException","centralityCloseness",0.01193839918302988,""
"org.axonframework.config.MessageMonitorFactory","MessageMonitorFactory","centralityCloseness",0.011900164761610545,""
"org.axonframework.eventhandling.MergedTrackingToken","MergedTrackingToken","centralityCloseness",0.011890846969969431,""
"org.axonframework.serialization.ChainedConverter$RouteCalculator","ChainedConverter$RouteCalculator","centralityCloseness",0.011872563138852786,""
"org.axonframework.eventhandling.EventProcessingException","EventProcessingException","centralityCloseness",0.011829470111416796,""
"org.axonframework.springboot.autoconfig.AxonAutoConfiguration","AxonAutoConfiguration","centralityCloseness",0.01180722891566265,""
"org.axonframework.modelling.command.inspection.ChildEntityDefinition","ChildEntityDefinition","centralityCloseness",0.011773636099357216,""
"org.axonframework.commandhandling.DefaultCommandBusSpanFactory","DefaultCommandBusSpanFactory","centralityCloseness",0.01169032565907193,""
"org.axonframework.commandhandling.DefaultCommandBusSpanFactory$Builder","DefaultCommandBusSpanFactory$Builder","centralityCloseness",0.01169032565907193,""
"org.axonframework.eventhandling.GenericTrackedEventMessage","GenericTrackedEventMessage","centralityCloseness",0.01167183562244232,""
"org.axonframework.axonserver.connector.ErrorCode$ExceptionBuilder","ErrorCode$ExceptionBuilder","centralityCloseness",0.011597032698011198,""
"org.axonframework.axonserver.connector.command.AxonServerNonTransientRemoteCommandHandlingException","AxonServerNonTransientRemoteCommandHandlingException","centralityCloseness",0.011597032698011198,""
"org.axonframework.axonserver.connector.command.AxonServerRemoteCommandHandlingException","AxonServerRemoteCommandHandlingException","centralityCloseness",0.011597032698011198,""
"org.axonframework.axonserver.connector.query.AxonServerNonTransientRemoteQueryHandlingException","AxonServerNonTransientRemoteQueryHandlingException","centralityCloseness",0.011597032698011198,""
"org.axonframework.axonserver.connector.query.AxonServerRemoteQueryHandlingException","AxonServerRemoteQueryHandlingException","centralityCloseness",0.011597032698011198,""
"org.axonframework.messaging.EventPublicationFailedException","EventPublicationFailedException","centralityCloseness",0.011597032698011198,""
"org.axonframework.eventhandling.GlobalSequenceTrackingToken","GlobalSequenceTrackingToken","centralityCloseness",0.011584321783257058,""
"org.axonframework.queryhandling.SimpleQueryBus","SimpleQueryBus","centralityCloseness",0.011570089883342896,""
"org.axonframework.commandhandling.callbacks.NoOpCallback","NoOpCallback","centralityCloseness",0.011534892124736162,""
"org.axonframework.eventsourcing.EventSourcedAggregate","EventSourcedAggregate","centralityCloseness",0.011530690663890128,""
"org.axonframework.common.caching.Cache$EntryListenerAdapter","Cache$EntryListenerAdapter","centralityCloseness",0.01149584789020581,""
"org.axonframework.modelling.command.AnnotationCommandTargetResolver","AnnotationCommandTargetResolver","centralityCloseness",0.011439354404435068,""
"org.axonframework.modelling.command.AnnotationCommandTargetResolver$Builder","AnnotationCommandTargetResolver$Builder","centralityCloseness",0.011439354404435068,""
"org.axonframework.commandhandling.LoggingDuplicateCommandHandlerResolver","LoggingDuplicateCommandHandlerResolver","centralityCloseness",0.011383058439207564,""
"org.axonframework.axonserver.connector.query.AxonServerQueryDispatchException","AxonServerQueryDispatchException","centralityCloseness",0.011375088368455093,""
"org.axonframework.messaging.ExecutionException","ExecutionException","centralityCloseness",0.011354285644105474,""
"org.axonframework.deadline.DeadlineManagerSpanFactory","DeadlineManagerSpanFactory","centralityCloseness",0.011339475549255847,""
"org.axonframework.messaging.annotation.MessageHandlerInvocationException","MessageHandlerInvocationException","centralityCloseness",0.011320802632390447,""
"org.axonframework.eventhandling.AbstractEventProcessor","AbstractEventProcessor","centralityCloseness",0.011312857062051021,""
"org.axonframework.serialization.AbstractXStreamSerializer$MetaDataConverter","AbstractXStreamSerializer$MetaDataConverter","centralityCloseness",0.011295809805638596,""
"org.axonframework.serialization.GapAwareTrackingTokenConverter","GapAwareTrackingTokenConverter","centralityCloseness",0.011295809805638596,""
"org.axonframework.commandhandling.gateway.AbstractCommandGateway$Builder","AbstractCommandGateway$Builder","centralityCloseness",0.011256705654735731,""
"org.axonframework.eventhandling.async.SequentialPerAggregatePolicy","SequentialPerAggregatePolicy","centralityCloseness",0.011256705654735731,""
"org.axonframework.modelling.command.VersionedAggregateIdentifier","VersionedAggregateIdentifier","centralityCloseness",0.011255973976420981,""
"org.axonframework.eventsourcing.eventstore.EmbeddedEventStore","EmbeddedEventStore","centralityCloseness",0.011236201637149692,""
"org.axonframework.queryhandling.LoggingQueryInvocationErrorHandler","LoggingQueryInvocationErrorHandler","centralityCloseness",0.011232143184610587,""
"org.axonframework.queryhandling.LoggingQueryInvocationErrorHandler$Builder","LoggingQueryInvocationErrorHandler$Builder","centralityCloseness",0.011232143184610587,""
"org.axonframework.modelling.command.AggregateInvocationException","AggregateInvocationException","centralityCloseness",0.011205536431440047,""
"org.axonframework.modelling.command.AggregateEntityNotFoundException","AggregateEntityNotFoundException","centralityCloseness",0.011139231482141583,""
"org.axonframework.modelling.command.inspection.ForwardingCommandMessageHandlingMember","ForwardingCommandMessageHandlingMember","centralityCloseness",0.011139231482141583,""
"org.axonframework.modelling.saga.SagaInstantiationException","SagaInstantiationException","centralityCloseness",0.011138391099411652,""
"org.axonframework.queryhandling.QueryUpdateEmitterSpanFactory","QueryUpdateEmitterSpanFactory","centralityCloseness",0.011109572389173553,""
"org.axonframework.modelling.command.AggregateLifecycle","AggregateLifecycle","centralityCloseness",0.011107054480548457,""
"org.axonframework.modelling.command.EntityId","EntityId","centralityCloseness",0.011096155740126719,""
"org.axonframework.eventhandling.pooled.MaxSegmentProvider","MaxSegmentProvider","centralityCloseness",0.011059925978423497,""
"org.axonframework.config.EventProcessingConfigurer$SubscribableMessageSourceDefinitionBuilder","EventProcessingConfigurer$SubscribableMessageSourceDefinitionBuilder","centralityCloseness",0.011034793379123971,""
"org.axonframework.eventhandling.GapAwareTrackingToken","GapAwareTrackingToken","centralityCloseness",0.010975343454195029,""
"org.axonframework.eventsourcing.IncompatibleAggregateException","IncompatibleAggregateException","centralityCloseness",0.010932619366354306,""
"org.axonframework.queryhandling.DefaultQueryBusSpanFactory","DefaultQueryBusSpanFactory","centralityCloseness",0.010932619366354306,""
"org.axonframework.queryhandling.DefaultQueryBusSpanFactory$Builder","DefaultQueryBusSpanFactory$Builder","centralityCloseness",0.010932619366354306,""
"org.axonframework.axonserver.connector.util.GrpcMessageSizeInterceptor","GrpcMessageSizeInterceptor","centralityCloseness",0.010877649082642972,""
"org.axonframework.eventhandling.pooled.WorkPackage","WorkPackage","centralityCloseness",0.010877649082642972,""
"org.axonframework.config.SagaConfigurer","SagaConfigurer","centralityCloseness",0.010856290659714883,""
"org.axonframework.common.lock.PessimisticLockFactory$1","PessimisticLockFactory$1","centralityCloseness",0.010843373493975905,""
"org.axonframework.common.IdentifierValidator","IdentifierValidator","centralityCloseness",0.010843007732203862,""
"org.axonframework.common.ListUtils","ListUtils","centralityCloseness",0.010843007732203862,""
"org.axonframework.modelling.command.AggregateRoot","AggregateRoot","centralityCloseness",0.010843007732203862,""
"org.axonframework.modelling.command.AggregateVersion","AggregateVersion","centralityCloseness",0.010843007732203862,""
"org.axonframework.modelling.command.inspection.AggregateModellingException","AggregateModellingException","centralityCloseness",0.010843007732203862,""
"org.axonframework.commandhandling.DuplicateCommandHandlerResolution","DuplicateCommandHandlerResolution","centralityCloseness",0.010813440095786874,""
"org.axonframework.common.lock.PessimisticLockFactory$PubliclyOwnedReentrantLock","PessimisticLockFactory$PubliclyOwnedReentrantLock","centralityCloseness",0.010809593514243892,""
"org.axonframework.eventhandling.pooled.WorkPackage$BatchProcessor","WorkPackage$BatchProcessor","centralityCloseness",0.010786975060736774,""
"org.axonframework.eventhandling.pooled.WorkPackage$EventFilter","WorkPackage$EventFilter","centralityCloseness",0.010786975060736774,""
"org.axonframework.common.lock.PessimisticLockFactory$Builder","PessimisticLockFactory$Builder","centralityCloseness",0.010742661046663434,""
"org.axonframework.common.lock.PessimisticLockFactory$DisposableLock","PessimisticLockFactory$DisposableLock","centralityCloseness",0.010742661046663434,""
"org.axonframework.queryhandling.SimpleQueryBus$Builder","SimpleQueryBus$Builder","centralityCloseness",0.010719347980155919,""
"org.axonframework.axonserver.connector.util.GrpcSerializedObject$1","GrpcSerializedObject$1","centralityCloseness",0.010654912795389597,""
"org.axonframework.config.Component","Component","centralityCloseness",0.01064911274169359,""
"org.axonframework.commandhandling.gateway.AbstractCommandGateway","AbstractCommandGateway","centralityCloseness",0.01063727331387902,""
"org.axonframework.queryhandling.SimpleQueryUpdateEmitter","SimpleQueryUpdateEmitter","centralityCloseness",0.01051213400610991,""
"org.axonframework.queryhandling.SimpleQueryUpdateEmitter$Builder","SimpleQueryUpdateEmitter$Builder","centralityCloseness",0.01051213400610991,""
"org.axonframework.eventhandling.pooled.WorkPackage$Builder","WorkPackage$Builder","centralityCloseness",0.010472899349335325,""
"org.axonframework.config.EventProcessingConfigurer$EventProcessorBuilder","EventProcessingConfigurer$EventProcessorBuilder","centralityCloseness",0.010448875146604116,""
"org.axonframework.modelling.command.CreationPolicyAggregateFactory","CreationPolicyAggregateFactory","centralityCloseness",0.01043568212242911,""
"org.axonframework.eventhandling.pooled.PooledStreamingEventProcessor","PooledStreamingEventProcessor","centralityCloseness",0.010420058612829696,""
"org.axonframework.messaging.interceptors.CorrelationDataInterceptor","CorrelationDataInterceptor","centralityCloseness",0.010413080895008605,""
"org.axonframework.eventsourcing.eventstore.EmbeddedEventStore$Builder","EmbeddedEventStore$Builder","centralityCloseness",0.010384974240395927,""
"org.axonframework.modelling.command.AggregateAnnotationCommandHandler","AggregateAnnotationCommandHandler","centralityCloseness",0.010339727207197088,""
"org.axonframework.eventsourcing.eventstore.AbstractEventStorageEngine$Builder","AbstractEventStorageEngine$Builder","centralityCloseness",0.010316822846943328,""
"org.axonframework.commandhandling.callbacks.FutureCallback","FutureCallback","centralityCloseness",0.010267923546035998,""
"org.axonframework.eventhandling.SimpleEventHandlerInvoker","SimpleEventHandlerInvoker","centralityCloseness",0.010267923546035998,""
"org.axonframework.eventhandling.SimpleEventHandlerInvoker$Builder","SimpleEventHandlerInvoker$Builder","centralityCloseness",0.010267923546035998,""
"org.axonframework.commandhandling.gateway.DefaultCommandGateway","DefaultCommandGateway","centralityCloseness",0.010210152780433905,""
"org.axonframework.commandhandling.gateway.DefaultCommandGateway$Builder","DefaultCommandGateway$Builder","centralityCloseness",0.010210152780433905,""
"org.axonframework.common.ProcessUtils","ProcessUtils","centralityCloseness",0.010210152780433905,""
"org.axonframework.eventhandling.SimpleEventBus","SimpleEventBus","centralityCloseness",0.010210152780433905,""
"org.axonframework.eventhandling.SimpleEventBus$Builder","SimpleEventBus$Builder","centralityCloseness",0.010210152780433905,""
"org.axonframework.eventhandling.TrackingEventProcessor","TrackingEventProcessor","centralityCloseness",0.010189438810397465,""
"org.axonframework.messaging.deadletter.Decisions","Decisions","centralityCloseness",0.010127267059103997,""
"org.axonframework.eventsourcing.NoSnapshotTriggerDefinition$1","NoSnapshotTriggerDefinition$1","centralityCloseness",0.010124531740407006,""
"org.axonframework.eventhandling.EventUtils","EventUtils","centralityCloseness",0.010123828647925034,""
"org.axonframework.eventsourcing.NoSnapshotTriggerDefinition$NoSnapshotTrigger","NoSnapshotTriggerDefinition$NoSnapshotTrigger","centralityCloseness",0.010082169682915762,""
"org.axonframework.modelling.command.ConflictingAggregateVersionException","ConflictingAggregateVersionException","centralityCloseness",0.010079533821560752,""
"org.axonframework.modelling.command.AggregateAnnotationCommandHandler$Builder","AggregateAnnotationCommandHandler$Builder","centralityCloseness",0.009990412098845833,""
"org.axonframework.queryhandling.QuerySubscription","QuerySubscription","centralityCloseness",0.009981100874084572,""
"org.axonframework.modelling.command.inspection.AnnotatedCommandHandlerInterceptor","AnnotatedCommandHandlerInterceptor","centralityCloseness",0.009958584337349398,""
"org.axonframework.messaging.Distributed","Distributed","centralityCloseness",0.009821896280775275,""
"org.axonframework.queryhandling.DefaultQueryUpdateEmitterSpanFactory","DefaultQueryUpdateEmitterSpanFactory","centralityCloseness",0.009748212708991996,""
"org.axonframework.queryhandling.DefaultQueryUpdateEmitterSpanFactory$Builder","DefaultQueryUpdateEmitterSpanFactory$Builder","centralityCloseness",0.009748212708991996,""
"org.axonframework.modelling.command.inspection.AnnotatedAggregate$LazyIdentifierDomainEventMessage","AnnotatedAggregate$LazyIdentifierDomainEventMessage","centralityCloseness",0.009732851742399367,""
"org.axonframework.messaging.RemoteHandlingException","RemoteHandlingException","centralityCloseness",0.009708277554663096,""
"org.axonframework.messaging.RemoteNonTransientHandlingException","RemoteNonTransientHandlingException","centralityCloseness",0.009708277554663096,""
"org.axonframework.eventhandling.TrackedDomainEventData","TrackedDomainEventData","centralityCloseness",0.009634911528198965,""
"org.axonframework.springboot.EventProcessorProperties$Dlq","EventProcessorProperties$Dlq","centralityCloseness",0.00962716112677661,""
"org.axonframework.eventhandling.deadletter.DeadLetteringEventHandlerInvoker","DeadLetteringEventHandlerInvoker","centralityCloseness",0.009612919764163036,""
"org.axonframework.modelling.command.AggregateCreationPolicy","AggregateCreationPolicy","centralityCloseness",0.00949589604208078,""
"org.axonframework.springboot.EventProcessorProperties$Mode","EventProcessorProperties$Mode","centralityCloseness",0.009426595269968764,""
"org.axonframework.common.legacyjpa.EntityManagerProvider","EntityManagerProvider","centralityCloseness",0.009412650602409638,""
"org.axonframework.eventhandling.TrackingEventProcessor$Builder","TrackingEventProcessor$Builder","centralityCloseness",0.009379682083743363,""
"org.axonframework.eventhandling.pooled.Coordinator$EventFilter","Coordinator$EventFilter","centralityCloseness",0.009307858496693043,""
"org.axonframework.eventhandling.pooled.WorkPackage$ProcessingEntry","WorkPackage$ProcessingEntry","centralityCloseness",0.009293392475374133,""
"org.axonframework.serialization.GapAwareTrackingTokenConverter$ReflectivelyConstructedGapSetConverter","GapAwareTrackingTokenConverter$ReflectivelyConstructedGapSetConverter","centralityCloseness",0.009266607347553888,""
"org.axonframework.queryhandling.registration.DuplicateQueryHandlerResolver","DuplicateQueryHandlerResolver","centralityCloseness",0.009255878733790381,""
"org.axonframework.eventsourcing.EventSourcedAggregate$IgnoreApplyMore","EventSourcedAggregate$IgnoreApplyMore","centralityCloseness",0.009255246405285411,""
"org.axonframework.common.property.Property","Property","centralityCloseness",0.009232331625351984,""
"org.axonframework.disruptor.commandhandling.CommandHandlingEntry","CommandHandlingEntry","centralityCloseness",0.009194286302720038,""
"org.axonframework.springboot.EventProcessorProperties","EventProcessorProperties","centralityCloseness",0.009179575444635685,""
"org.axonframework.eventsourcing.GenericAggregateFactory","GenericAggregateFactory","centralityCloseness",0.009125704696721157,""
"org.axonframework.springboot.EventProcessorProperties$ProcessorSettings","EventProcessorProperties$ProcessorSettings","centralityCloseness",0.009094348408125254,""
"org.axonframework.commandhandling.RoutingKey","RoutingKey","centralityCloseness",0.009092975676290065,""
"org.axonframework.modelling.command.AbstractRepository$Builder","AbstractRepository$Builder","centralityCloseness",0.009067520080321285,""
"org.axonframework.eventhandling.pooled.Coordinator","Coordinator","centralityCloseness",0.009049531459170014,""
"org.axonframework.modelling.command.TargetAggregateIdentifier","TargetAggregateIdentifier","centralityCloseness",0.009047684992844944,""
"org.axonframework.modelling.command.TargetAggregateVersion","TargetAggregateVersion","centralityCloseness",0.009047684992844944,""
"org.axonframework.springboot.EventProcessorProperties$DlqCache","EventProcessorProperties$DlqCache","centralityCloseness",0.009036144578313253,""
"org.axonframework.eventhandling.pooled.Coordinator$Builder","Coordinator$Builder","centralityCloseness",0.008959932137792094,""
"org.axonframework.modelling.command.DefaultRepositorySpanFactory","DefaultRepositorySpanFactory","centralityCloseness",0.008953273411104735,""
"org.axonframework.modelling.command.DefaultRepositorySpanFactory$Builder","DefaultRepositorySpanFactory$Builder","centralityCloseness",0.008953273411104735,""
"org.axonframework.serialization.SerializedMetaData","SerializedMetaData","centralityCloseness",0.008932182631234157,""
"org.axonframework.eventhandling.deadletter.DeadLetteringEventHandlerInvoker$1","DeadLetteringEventHandlerInvoker$1","centralityCloseness",0.00891724793912492,""
"org.axonframework.eventsourcing.EventSourcingRepository","EventSourcingRepository","centralityCloseness",0.008903720397176235,""
"org.axonframework.eventsourcing.EventSourcingRepository$Builder","EventSourcingRepository$Builder","centralityCloseness",0.008903720397176235,""
"org.axonframework.disruptor.commandhandling.BlacklistDetectingCallback","BlacklistDetectingCallback","centralityCloseness",0.008900851633484292,""
"org.axonframework.eventhandling.gateway.DefaultEventGateway","DefaultEventGateway","centralityCloseness",0.008871851040525739,""
"org.axonframework.eventhandling.gateway.DefaultEventGateway$Builder","DefaultEventGateway$Builder","centralityCloseness",0.008871851040525739,""
"org.axonframework.queryhandling.DefaultQueryGateway","DefaultQueryGateway","centralityCloseness",0.008871851040525739,""
"org.axonframework.queryhandling.DefaultQueryGateway$Builder","DefaultQueryGateway$Builder","centralityCloseness",0.008871851040525739,""
"org.axonframework.commandhandling.gateway.RetryingCallback","RetryingCallback","centralityCloseness",0.008853757180397073,""
"org.axonframework.modelling.command.inspection.CreationPolicyMember","CreationPolicyMember","centralityCloseness",0.008837379976759832,""
"org.axonframework.commandhandling.CommandMessageHandler","CommandMessageHandler","centralityCloseness",0.008781940146743623,""
"org.axonframework.eventhandling.pooled.WorkPackage$BatchProcessingEntry","WorkPackage$BatchProcessingEntry","centralityCloseness",0.008759348169620838,""
"org.axonframework.eventhandling.pooled.WorkPackage$DefaultProcessingEntry","WorkPackage$DefaultProcessingEntry","centralityCloseness",0.008759348169620838,""
"org.axonframework.eventsourcing.eventstore.jdbc.EventSchema$1","EventSchema$1","centralityCloseness",0.008746095493083444,""
"org.axonframework.serialization.upcasting.event.NoOpEventUpcaster","NoOpEventUpcaster","centralityCloseness",0.008722834600814605,""
"org.axonframework.queryhandling.DefaultSubscriptionQueryResult","DefaultSubscriptionQueryResult","centralityCloseness",0.008674698795180723,""
"org.axonframework.eventsourcing.eventstore.jdbc.EventSchema$Builder","EventSchema$Builder","centralityCloseness",0.008602716878442733,""
"org.axonframework.config.AggregateConfigurer","AggregateConfigurer","centralityCloseness",0.008597352372452773,""
"org.axonframework.modelling.command.LockingRepository$Builder","LockingRepository$Builder","centralityCloseness",0.008594091159647502,""
"org.axonframework.springboot.TagsConfigurationProperties","TagsConfigurationProperties","centralityCloseness",0.008567603748326639,""
"org.axonframework.axonserver.connector.util.GrpcMessageSizeInterceptor$1","GrpcMessageSizeInterceptor$1","centralityCloseness",0.008561495665806444,""
"org.axonframework.eventhandling.pooled.WorkPackage$1","WorkPackage$1","centralityCloseness",0.008561495665806444,""
"org.axonframework.config.LifecycleHandlerInspector","LifecycleHandlerInspector","centralityCloseness",0.008520268920987818,""
"org.axonframework.commandhandling.FailingDuplicateCommandHandlerResolver","FailingDuplicateCommandHandlerResolver","centralityCloseness",0.008497212637718323,""
"org.axonframework.common.ProcessRetriesExhaustedException","ProcessRetriesExhaustedException","centralityCloseness",0.008433734939759036,""
"org.axonframework.springboot.util.ConditionalOnMissingQualifiedBean","ConditionalOnMissingQualifiedBean","centralityCloseness",0.008430547587174094,""
"org.axonframework.modelling.command.ConflictingModificationException","ConflictingModificationException","centralityCloseness",0.008391627836767446,""
"org.axonframework.messaging.correlation.MessageOriginProvider","MessageOriginProvider","centralityCloseness",0.00837919579552779,""
"org.axonframework.modelling.command.IdentifierMissingException","IdentifierMissingException","centralityCloseness",0.008370286702365014,""
"org.axonframework.serialization.avro.AvroSerializerStrategy","AvroSerializerStrategy","centralityCloseness",0.008366800535475234,""
"org.axonframework.queryhandling.SinkWrapper","SinkWrapper","centralityCloseness",0.008332179291880164,""
"org.axonframework.modelling.command.LockAwareAggregate","LockAwareAggregate","centralityCloseness",0.008283995086876716,""
"org.axonframework.common.lock.NoOpLock","NoOpLock","centralityCloseness",0.008283960926213103,""
"org.axonframework.queryhandling.SimpleQueryBus$1","SimpleQueryBus$1","centralityCloseness",0.008283132530120483,""
"org.axonframework.disruptor.commandhandling.DisruptorCommandBus","DisruptorCommandBus","centralityCloseness",0.008238080527237153,""
"org.axonframework.eventhandling.pooled.CoordinatorTask","CoordinatorTask","centralityCloseness",0.008231619287607949,""
"org.axonframework.modelling.command.LockingRepository","LockingRepository","centralityCloseness",0.008159622617453942,""
"org.axonframework.modelling.command.NoArgumentConstructorCreationPolicyAggregateFactory","NoArgumentConstructorCreationPolicyAggregateFactory","centralityCloseness",0.008074181542925628,""
"org.axonframework.config.EventProcessingModule","EventProcessingModule","centralityCloseness",0.008063627057248602,""
"org.axonframework.common.jdbc.ConnectionProvider","ConnectionProvider","centralityCloseness",0.008060017849174475,""
"org.axonframework.commandhandling.distributed.RoutingStrategy","RoutingStrategy","centralityCloseness",0.00804734087866618,""
"org.axonframework.eventhandling.TrackingEventProcessor$State","TrackingEventProcessor$State","centralityCloseness",0.008035766253419476,""
"org.axonframework.eventhandling.TrackingEventProcessor$Worker","TrackingEventProcessor$Worker","centralityCloseness",0.008035766253419476,""
"org.axonframework.eventhandling.AnnotationEventHandlerAdapter","AnnotationEventHandlerAdapter","centralityCloseness",0.008032128514056224,""
"org.axonframework.queryhandling.GenericStreamingQueryMessage","GenericStreamingQueryMessage","centralityCloseness",0.008032128514056224,""
"org.axonframework.messaging.interceptors.TransactionManagingInterceptor","TransactionManagingInterceptor","centralityCloseness",0.007976924881657212,""
"org.axonframework.modelling.saga.repository.inmemory.InMemorySagaStore","InMemorySagaStore","centralityCloseness",0.007953689759036145,""
"org.axonframework.modelling.saga.metamodel.SagaModel","SagaModel","centralityCloseness",0.007950995902803131,""
"org.axonframework.eventhandling.TrackingEventProcessor$WrappedMessageStream","TrackingEventProcessor$WrappedMessageStream","centralityCloseness",0.00794936016467303,""
"org.axonframework.messaging.deadletter.DoNotEnqueue","DoNotEnqueue","centralityCloseness",0.007949323065457706,""
"org.axonframework.messaging.deadletter.Ignore","Ignore","centralityCloseness",0.007949323065457706,""
"org.axonframework.messaging.deadletter.ShouldEnqueue","ShouldEnqueue","centralityCloseness",0.007949323065457706,""
"org.axonframework.config.SagaConfigurer$SagaConfigurationImpl","SagaConfigurer$SagaConfigurationImpl","centralityCloseness",0.00793344317440703,""
"org.axonframework.messaging.annotation.MessageHandler","MessageHandler","centralityCloseness",0.007928427324320756,""
"org.axonframework.eventsourcing.eventstore.EmbeddedEventStore$1","EmbeddedEventStore$1","centralityCloseness",0.007878256320300358,""
"org.axonframework.commandhandling.gateway.CommandGatewayFactory$InvocationHandler","CommandGatewayFactory$InvocationHandler","centralityCloseness",0.007874635798094339,""
"org.axonframework.eventhandling.TrackingEventProcessor$Instruction","TrackingEventProcessor$Instruction","centralityCloseness",0.007868511081362486,""
"org.axonframework.modelling.command.AggregateAnnotationCommandHandler$1","AggregateAnnotationCommandHandler$1","centralityCloseness",0.00786479250334672,""
"org.axonframework.eventhandling.SubscribingEventProcessor","SubscribingEventProcessor","centralityCloseness",0.007857990226488611,""
"org.axonframework.modelling.command.AggregateAnnotationCommandHandler$AggregateCommandHandler","AggregateAnnotationCommandHandler$AggregateCommandHandler","centralityCloseness",0.007823179844598854,""
"org.axonframework.modelling.command.AggregateAnnotationCommandHandler$AggregateConstructorCommandHandler","AggregateAnnotationCommandHandler$AggregateConstructorCommandHandler","centralityCloseness",0.007823179844598854,""
"org.axonframework.modelling.command.AggregateAnnotationCommandHandler$AggregateCreateOrUpdateCommandHandler","AggregateAnnotationCommandHandler$AggregateCreateOrUpdateCommandHandler","centralityCloseness",0.007823179844598854,""
"org.axonframework.modelling.command.AggregateAnnotationCommandHandler$AlwaysCreateAggregateCommandHandler","AggregateAnnotationCommandHandler$AlwaysCreateAggregateCommandHandler","centralityCloseness",0.007823179844598854,""
"org.axonframework.modelling.saga.SagaMethodMessageHandlingMember","SagaMethodMessageHandlingMember","centralityCloseness",0.0078032078748699885,""
"org.axonframework.eventsourcing.eventstore.EmbeddedEventStore$Node","EmbeddedEventStore$Node","centralityCloseness",0.007788730680296945,""
"org.axonframework.eventhandling.TrackingEventProcessor$1","TrackingEventProcessor$1","centralityCloseness",0.00778204392662224,""
"org.axonframework.common.lock.NullLockFactory","NullLockFactory","centralityCloseness",0.0077715441920353165,""
"org.axonframework.queryhandling.SimpleQueryBus$CatchLastError","SimpleQueryBus$CatchLastError","centralityCloseness",0.0077544219430915155,""
"org.axonframework.queryhandling.SimpleQueryBus$MonitorCallbackContextWriter","SimpleQueryBus$MonitorCallbackContextWriter","centralityCloseness",0.0077544219430915155,""
"org.axonframework.queryhandling.SimpleQueryBus$SuccessReporter","SimpleQueryBus$SuccessReporter","centralityCloseness",0.0077544219430915155,""
"org.axonframework.eventhandling.TrackingEventProcessor$TrackingSegmentWorker","TrackingEventProcessor$TrackingSegmentWorker","centralityCloseness",0.007739519096422119,""
"org.axonframework.eventhandling.TrackingEventProcessor$WorkerLauncher","TrackingEventProcessor$WorkerLauncher","centralityCloseness",0.007739519096422119,""
"org.axonframework.commandhandling.distributed.CommandMessageFilter","CommandMessageFilter","centralityCloseness",0.007717143082132451,""
"org.axonframework.deadline.DefaultDeadlineManagerSpanFactory","DefaultDeadlineManagerSpanFactory","centralityCloseness",0.00771339325556193,""
"org.axonframework.deadline.DefaultDeadlineManagerSpanFactory$Builder","DefaultDeadlineManagerSpanFactory$Builder","centralityCloseness",0.00771339325556193,""
"org.axonframework.eventhandling.TrackingEventProcessor$ClaimSegmentInstruction","TrackingEventProcessor$ClaimSegmentInstruction","centralityCloseness",0.007697456492637216,""
"org.axonframework.eventhandling.TrackingEventProcessor$MergeSegmentInstruction","TrackingEventProcessor$MergeSegmentInstruction","centralityCloseness",0.007697456492637216,""
"org.axonframework.eventhandling.TrackingEventProcessor$SplitSegmentInstruction","TrackingEventProcessor$SplitSegmentInstruction","centralityCloseness",0.007697456492637216,""
"org.axonframework.modelling.saga.AnnotatedSagaManager","AnnotatedSagaManager","centralityCloseness",0.007689449984947765,""
"org.axonframework.modelling.saga.AnnotatedSagaManager$Builder","AnnotatedSagaManager$Builder","centralityCloseness",0.007689449984947765,""
"org.axonframework.modelling.saga.repository.AnnotatedSagaRepository","AnnotatedSagaRepository","centralityCloseness",0.007689449984947765,""
"org.axonframework.modelling.saga.repository.AnnotatedSagaRepository$Builder","AnnotatedSagaRepository$Builder","centralityCloseness",0.007689449984947765,""
"org.axonframework.queryhandling.SimpleQueryBus$ErrorIfComplete","SimpleQueryBus$ErrorIfComplete","centralityCloseness",0.00767279644895371,""
"org.axonframework.disruptor.commandhandling.AggregateStateCorruptedException","AggregateStateCorruptedException","centralityCloseness",0.007636735408582291,""
"org.axonframework.axonserver.connector.util.GrpcObjectSerializer","GrpcObjectSerializer","centralityCloseness",0.007625438462711606,""
"org.axonframework.eventsourcing.eventstore.AbstractEventStorageEngine","AbstractEventStorageEngine","centralityCloseness",0.007615647776290347,""
"org.axonframework.eventsourcing.eventstore.EmbeddedEventStore$EventConsumer","EmbeddedEventStore$EventConsumer","centralityCloseness",0.007615647776290347,""
"org.axonframework.queryhandling.FluxSinkWrapper","FluxSinkWrapper","centralityCloseness",0.007609384908053266,""
"org.axonframework.queryhandling.SinksManyWrapper","SinksManyWrapper","centralityCloseness",0.007609384908053266,""
"org.axonframework.queryhandling.registration.DuplicateQueryHandlerResolution","DuplicateQueryHandlerResolution","centralityCloseness",0.007585899152164212,""
"org.axonframework.eventhandling.deadletter.DeadLetteredEventProcessingTask","DeadLetteredEventProcessingTask","centralityCloseness",0.0075739678858034645,""
"org.axonframework.eventhandling.deadletter.SequenceIdentifierCache","SequenceIdentifierCache","centralityCloseness",0.0075739678858034645,""
"org.axonframework.disruptor.commandhandling.DisruptorUnitOfWork","DisruptorUnitOfWork","centralityCloseness",0.0075694080670508125,""
"org.axonframework.springboot.SerializerProperties$SerializerType","SerializerProperties$SerializerType","centralityCloseness",0.007533680822581105,""
"org.axonframework.commandhandling.gateway.CommandGatewayFactory$1","CommandGatewayFactory$1","centralityCloseness",0.007478188616535106,""
"org.axonframework.eventhandling.pooled.Coordinator$NoToken","Coordinator$NoToken","centralityCloseness",0.007461061175920613,""
"org.axonframework.eventhandling.pooled.Coordinator$RunState","Coordinator$RunState","centralityCloseness",0.007461061175920613,""
"org.axonframework.eventsourcing.AggregateCacheEntry","AggregateCacheEntry","centralityCloseness",0.007461061175920613,""
"org.axonframework.eventsourcing.eventstore.EmbeddedEventStore$Cleaner","EmbeddedEventStore$Cleaner","centralityCloseness",0.0074500902159362085,""
"org.axonframework.eventsourcing.eventstore.EmbeddedEventStore$EventProducer","EmbeddedEventStore$EventProducer","centralityCloseness",0.0074500902159362085,""
"org.axonframework.eventhandling.pooled.ClaimTask","ClaimTask","centralityCloseness",0.007431570815541481,""
"org.axonframework.eventhandling.pooled.MergeTask","MergeTask","centralityCloseness",0.007431570815541481,""
"org.axonframework.eventhandling.pooled.SplitTask","SplitTask","centralityCloseness",0.007431570815541481,""
"org.axonframework.eventhandling.DirectEventProcessingStrategy","DirectEventProcessingStrategy","centralityCloseness",0.007431184592384134,""
"org.axonframework.eventhandling.EventProcessingStrategy","EventProcessingStrategy","centralityCloseness",0.007410881049146686,""
"org.axonframework.eventhandling.SubscribingEventProcessor$Builder","SubscribingEventProcessor$Builder","centralityCloseness",0.007378112960748848,""
"org.axonframework.disruptor.commandhandling.AggregateBlacklistedException","AggregateBlacklistedException","centralityCloseness",0.007376965489074945,""
"org.axonframework.serialization.JavaSerializer","JavaSerializer","centralityCloseness",0.007376729138777332,""
"org.axonframework.serialization.JavaSerializer$Builder","JavaSerializer$Builder","centralityCloseness",0.007376729138777332,""
"org.axonframework.serialization.avro.AvroSerializer","AvroSerializer","centralityCloseness",0.007376729138777332,""
"org.axonframework.serialization.avro.AvroSerializer$Builder","AvroSerializer$Builder","centralityCloseness",0.007376729138777332,""
"org.axonframework.serialization.json.JacksonSerializer","JacksonSerializer","centralityCloseness",0.007376729138777332,""
"org.axonframework.serialization.json.JacksonSerializer$Builder","JacksonSerializer$Builder","centralityCloseness",0.007376729138777332,""
"org.axonframework.axonserver.connector.TargetContextResolver","TargetContextResolver","centralityCloseness",0.007362784471218206,""
"org.axonframework.springboot.SerializerProperties","SerializerProperties","centralityCloseness",0.007362784471218206,""
"org.axonframework.modelling.saga.AssociationResolver","AssociationResolver","centralityCloseness",0.0073464590067587425,""
"org.axonframework.axonserver.connector.util.GrpcPayloadSerializer","GrpcPayloadSerializer","centralityCloseness",0.007310627792555503,""
"org.axonframework.disruptor.commandhandling.CommandHandlingEntry$1","CommandHandlingEntry$1","centralityCloseness",0.007275478726500204,""
"org.axonframework.lifecycle.LifecycleHandlerInvocationException","LifecycleHandlerInvocationException","centralityCloseness",0.007271923288932502,""
"org.axonframework.eventhandling.pooled.Coordinator$1","Coordinator$1","centralityCloseness",0.00726869996720483,""
"org.axonframework.axonserver.connector.util.GrpcMessageSizeWarningThresholdReachedException","GrpcMessageSizeWarningThresholdReachedException","centralityCloseness",0.007258525274514464,""
"org.axonframework.eventsourcing.AbstractAggregateFactory","AbstractAggregateFactory","centralityCloseness",0.007248244314155015,""
"org.axonframework.disruptor.commandhandling.CommandHandlingEntry$RepeatingCommandHandler","CommandHandlingEntry$RepeatingCommandHandler","centralityCloseness",0.007243983147597605,""
"org.axonframework.axonserver.connector.util.GrpcMessageSizeExceededException","GrpcMessageSizeExceededException","centralityCloseness",0.007235983270556346,""
"org.axonframework.commandhandling.callbacks.FailureLoggingCallback","FailureLoggingCallback","centralityCloseness",0.00721482420911717,""
"org.axonframework.eventhandling.pooled.Coordinator$CoordinationTask","Coordinator$CoordinationTask","centralityCloseness",0.007210782039179294,""
"org.axonframework.disruptor.commandhandling.CommandHandlerInvoker","CommandHandlerInvoker","centralityCloseness",0.007195448460508702,""
"org.axonframework.eventhandling.replay.ResetContext","ResetContext","centralityCloseness",0.007164460310377312,""
"org.axonframework.modelling.saga.metamodel.AnnotationSagaMetaModelFactory","AnnotationSagaMetaModelFactory","centralityCloseness",0.007149001583011386,""
"org.axonframework.eventsourcing.AggregateDeletedException","AggregateDeletedException","centralityCloseness",0.007120055312826397,""
"org.axonframework.disruptor.commandhandling.EventPublisher","EventPublisher","centralityCloseness",0.007112742156364924,""
"org.axonframework.eventsourcing.conflictresolution.ConflictResolution","ConflictResolution","centralityCloseness",0.007081147906745378,""
"org.axonframework.eventsourcing.conflictresolution.DefaultConflictResolver","DefaultConflictResolver","centralityCloseness",0.007081147906745378,""
"org.axonframework.eventhandling.deadletter.jdbc.DeadLetterSchema","DeadLetterSchema","centralityCloseness",0.007069946452476573,""
"org.axonframework.commandhandling.DuplicateCommandHandlerSubscriptionException","DuplicateCommandHandlerSubscriptionException","centralityCloseness",0.007068373745609002,""
"org.axonframework.commandhandling.gateway.RetryingCallback$1","RetryingCallback$1","centralityCloseness",0.007060591169177413,""
"org.axonframework.axonserver.connector.util.GrpcMessageSizeInterceptor$1$1","GrpcMessageSizeInterceptor$1$1","centralityCloseness",0.007036479250334671,""
"org.axonframework.commandhandling.gateway.RetryingCallback$RetryDispatch","RetryingCallback$RetryDispatch","centralityCloseness",0.0070309248197270875,""
"org.axonframework.common.jdbc.JdbcUtils","JdbcUtils","centralityCloseness",0.006995724834823165,""
"org.axonframework.config.LifecycleHandlerInspector$LifecycleRegistration","LifecycleHandlerInspector$LifecycleRegistration","centralityCloseness",0.006987369768930795,""
"org.axonframework.lifecycle.ShutdownHandler","ShutdownHandler","centralityCloseness",0.006987369768930795,""
"org.axonframework.lifecycle.StartHandler","StartHandler","centralityCloseness",0.006987369768930795,""
"org.axonframework.test.FixtureExecutionException","FixtureExecutionException","centralityCloseness",0.006908586727863836,""
"org.axonframework.axonserver.connector.util.GrpcMetadataSerializer","GrpcMetadataSerializer","centralityCloseness",0.006904812231381667,""
"org.axonframework.eventhandling.deadletter.jpa.DeadLetterEventEntry","DeadLetterEventEntry","centralityCloseness",0.0069038056989864215,""
"org.axonframework.springboot.DistributedCommandBusProperties","DistributedCommandBusProperties","centralityCloseness",0.0068928195049702354,""
"org.axonframework.springboot.autoconfig.EventProcessingAutoConfiguration","EventProcessingAutoConfiguration","centralityCloseness",0.0068928195049702354,""
"org.axonframework.common.caching.WeakReferenceCache","WeakReferenceCache","centralityCloseness",0.0068846815834767644,""
"org.axonframework.eventsourcing.snapshotting.RevisionSnapshotFilter","RevisionSnapshotFilter","centralityCloseness",0.0068846815834767644,""
"org.axonframework.eventsourcing.snapshotting.RevisionSnapshotFilter$Builder","RevisionSnapshotFilter$Builder","centralityCloseness",0.0068846815834767644,""
"org.axonframework.modelling.command.GenericJpaRepository","GenericJpaRepository","centralityCloseness",0.0068846815834767644,""
"org.axonframework.modelling.command.GenericJpaRepository$Builder","GenericJpaRepository$Builder","centralityCloseness",0.0068846815834767644,""
"org.axonframework.modelling.command.LockAwareAggregate$LockSupplier","LockAwareAggregate$LockSupplier","centralityCloseness",0.006858033225799373,""
"org.axonframework.eventsourcing.CachingEventSourcingRepository","CachingEventSourcingRepository","centralityCloseness",0.006837663730428159,""
"org.axonframework.eventhandling.gateway.AbstractEventGateway$Builder","AbstractEventGateway$Builder","centralityCloseness",0.00678214867502137,""
"org.axonframework.commandhandling.gateway.CommandGatewayFactory","CommandGatewayFactory","centralityCloseness",0.00677710843373494,""
"org.axonframework.config.LifecycleHandlerInspector$1","LifecycleHandlerInspector$1","centralityCloseness",0.006763897696047346,""
"org.axonframework.modelling.command.AbstractRepository","AbstractRepository","centralityCloseness",0.006752500196865894,""
"org.axonframework.modelling.saga.repository.LockingSagaRepository$Builder","LockingSagaRepository$Builder","centralityCloseness",0.006721868167651301,""
"org.axonframework.common.jdbc.JdbcUtils$SqlResultConverter","JdbcUtils$SqlResultConverter","centralityCloseness",0.006712033318459021,""
"org.axonframework.eventsourcing.eventstore.BatchingEventStorageEngine$Builder","BatchingEventStorageEngine$Builder","centralityCloseness",0.006693440428380187,""
"org.axonframework.updates.configuration.UsagePropertyProvider","UsagePropertyProvider","centralityCloseness",0.006693440428380187,""
"org.axonframework.eventhandling.replay.GenericResetContext","GenericResetContext","centralityCloseness",0.006668444177817772,""
"org.axonframework.eventsourcing.conflictresolution.ContextAwareConflictExceptionSupplier","ContextAwareConflictExceptionSupplier","centralityCloseness",0.0066472787702534265,""
"org.axonframework.axonserver.connector.util.GrpcMetaData","GrpcMetaData","centralityCloseness",0.006626506024096385,""
"org.axonframework.modelling.saga.metamodel.SagaMetaModelFactory","SagaMetaModelFactory","centralityCloseness",0.006621649584668854,""
"org.axonframework.test.AxonAssertionError","AxonAssertionError","centralityCloseness",0.0065717415115005475,""
"org.axonframework.springboot.autoconfig.AxonAutoConfiguration$1","AxonAutoConfiguration$1","centralityCloseness",0.006559571619812583,""
"org.axonframework.common.jdbc.JdbcUtils$SqlFunction","JdbcUtils$SqlFunction","centralityCloseness",0.0065306270125547235,""
"org.axonframework.axonserver.connector.event.axon.GrpcBackedDomainEventData","GrpcBackedDomainEventData","centralityCloseness",0.006507511527591849,""
"org.axonframework.serialization.avro.AvroSerializerStrategyConfig","AvroSerializerStrategyConfig","centralityCloseness",0.006506024096385542,""
"org.axonframework.eventhandling.tokenstore.inmemory.InMemoryTokenStore","InMemoryTokenStore","centralityCloseness",0.0065021992732836095,""
"org.axonframework.modelling.saga.AnnotatedSaga","AnnotatedSaga","centralityCloseness",0.0064608498343438105,""
"org.axonframework.modelling.saga.repository.LockingSagaRepository","LockingSagaRepository","centralityCloseness",0.0064608498343438105,""
"org.axonframework.modelling.saga.repository.SagaCreationException","SagaCreationException","centralityCloseness",0.0064608498343438105,""
"org.axonframework.eventhandling.RemovedTrackerStatus","RemovedTrackerStatus","centralityCloseness",0.006456685548599055,""
"org.axonframework.common.property.PropertyAccessStrategy","PropertyAccessStrategy","centralityCloseness",0.00644801427933958,""
"org.axonframework.eventhandling.AddedTrackerStatus","AddedTrackerStatus","centralityCloseness",0.0064286130027355805,""
"org.axonframework.eventsourcing.conflictresolution.ConflictResolver","ConflictResolver","centralityCloseness",0.0064286130027355805,""
"org.axonframework.serialization.avro.AvroSerializerStrategyConfig$Builder","AvroSerializerStrategyConfig$Builder","centralityCloseness",0.0064204185161699425,""
"org.axonframework.axonserver.connector.query.QueryPriorityCalculator","QueryPriorityCalculator","centralityCloseness",0.006374705169885892,""
"org.axonframework.disruptor.commandhandling.DisruptorCommandBus$1","DisruptorCommandBus$1","centralityCloseness",0.006374705169885892,""
"org.axonframework.disruptor.commandhandling.DisruptorCommandBus$FailureLoggingCommandCallback","DisruptorCommandBus$FailureLoggingCommandCallback","centralityCloseness",0.006374705169885892,""
"org.axonframework.modelling.saga.repository.inmemory.InMemorySagaStore$ManagedSaga","InMemorySagaStore$ManagedSaga","centralityCloseness",0.006374705169885892,""
"org.axonframework.config.EventProcessingModule$1","EventProcessingModule$1","centralityCloseness",0.006346373146908621,""
"org.axonframework.disruptor.commandhandling.DisruptorCommandBus$Builder","DisruptorCommandBus$Builder","centralityCloseness",0.006336985020951656,""
"org.axonframework.disruptor.commandhandling.DisruptorCommandBus$DisruptorRepository","DisruptorCommandBus$DisruptorRepository","centralityCloseness",0.006336985020951656,""
"org.axonframework.disruptor.commandhandling.DisruptorCommandBus$ExceptionHandler","DisruptorCommandBus$ExceptionHandler","centralityCloseness",0.006336985020951656,""
"org.axonframework.eventhandling.gateway.AbstractEventGateway","AbstractEventGateway","centralityCloseness",0.006322478669698876,""
"org.axonframework.queryhandling.GenericSubscriptionQueryMessage","GenericSubscriptionQueryMessage","centralityCloseness",0.006322478669698876,""
"org.axonframework.config.EventProcessingModule$ProcessingGroupSelector","EventProcessingModule$ProcessingGroupSelector","centralityCloseness",0.006230984544237555,""
"org.axonframework.common.jdbc.JdbcException","JdbcException","centralityCloseness",0.006195723063192942,""
"org.axonframework.deadline.AbstractDeadlineManager","AbstractDeadlineManager","centralityCloseness",0.006195723063192942,""
"org.axonframework.config.ProcessingGroup","ProcessingGroup","centralityCloseness",0.006177251378394935,""
"org.axonframework.eventhandling.MultiEventHandlerInvoker","MultiEventHandlerInvoker","centralityCloseness",0.006177251378394935,""
"org.axonframework.modelling.saga.SagaExecutionException","SagaExecutionException","centralityCloseness",0.0061766051547964005,""
"org.axonframework.axonserver.connector.event.axon.GrpcMetaDataAwareSerializer","GrpcMetaDataAwareSerializer","centralityCloseness",0.006140965980323409,""
"org.axonframework.serialization.avro.SchemaIncompatibilityChecker","SchemaIncompatibilityChecker","centralityCloseness",0.006114548283222982,""
"org.axonframework.axonserver.connector.query.QuerySerializer","QuerySerializer","centralityCloseness",0.006084945843981988,""
"org.axonframework.eventsourcing.DefaultSnapshotterSpanFactory","DefaultSnapshotterSpanFactory","centralityCloseness",0.006084945843981988,""
"org.axonframework.eventsourcing.DefaultSnapshotterSpanFactory$Builder","DefaultSnapshotterSpanFactory$Builder","centralityCloseness",0.006084945843981988,""
"org.axonframework.config.EventProcessingModule$InstanceProcessingGroupSelector","EventProcessingModule$InstanceProcessingGroupSelector","centralityCloseness",0.00606556017580647,""
"org.axonframework.config.EventProcessingModule$TypeProcessingGroupSelector","EventProcessingModule$TypeProcessingGroupSelector","centralityCloseness",0.00606556017580647,""
"org.axonframework.eventsourcing.eventstore.BatchingEventStorageEngine","BatchingEventStorageEngine","centralityCloseness",0.006040829986613119,""
"org.axonframework.axonserver.connector.util.GrpcObjectSerializer$Serializer","GrpcObjectSerializer$Serializer","centralityCloseness",0.0060115852819377195,""
"org.axonframework.modelling.saga.SagaLifecycle","SagaLifecycle","centralityCloseness",0.006006988550581452,""
"org.axonframework.queryhandling.registration.FailingDuplicateQueryHandlerResolver","FailingDuplicateQueryHandlerResolver","centralityCloseness",0.005985010602018781,""
"org.axonframework.queryhandling.registration.LoggingDuplicateQueryHandlerResolver","LoggingDuplicateQueryHandlerResolver","centralityCloseness",0.005985010602018781,""
"org.axonframework.eventsourcing.conflictresolution.ConflictDescription","ConflictDescription","centralityCloseness",0.005976286096768025,""
"org.axonframework.modelling.saga.metamodel.AnnotationSagaMetaModelFactory$InspectedSagaModel","AnnotationSagaMetaModelFactory$InspectedSagaModel","centralityCloseness",0.005968848940736491,""
"org.axonframework.config.EventProcessingModule$InstanceToTypeProcessingGroupSelectorAdapter","EventProcessingModule$InstanceToTypeProcessingGroupSelectorAdapter","centralityCloseness",0.0059600721727489665,""
"org.axonframework.eventsourcing.conflictresolution.DefaultConflictDescription","DefaultConflictDescription","centralityCloseness",0.005944831959416614,""
"org.axonframework.eventsourcing.conflictresolution.NoConflictResolver","NoConflictResolver","centralityCloseness",0.005944831959416614,""
"org.axonframework.modelling.command.AggregateStreamCreationException","AggregateStreamCreationException","centralityCloseness",0.005926143598785386,""
"org.axonframework.axonserver.connector.event.axon.AxonServerEventStore","AxonServerEventStore","centralityCloseness",0.005861831163035982,""
"org.axonframework.disruptor.commandhandling.CommandHandlerInvoker$1","CommandHandlerInvoker$1","centralityCloseness",0.005810409085481205,""
"org.axonframework.disruptor.commandhandling.CommandHandlerInvoker$DisruptorRepository","CommandHandlerInvoker$DisruptorRepository","centralityCloseness",0.005810409085481205,""
"org.axonframework.modelling.command.AggregateRolledBackException","AggregateRolledBackException","centralityCloseness",0.005810278149635579,""
"org.axonframework.eventhandling.tokenstore.jdbc.TokenSchema","TokenSchema","centralityCloseness",0.005785044941671447,""
"org.axonframework.disruptor.commandhandling.EventPublisher$1","EventPublisher$1","centralityCloseness",0.005783257641156526,""
"org.axonframework.eventhandling.WrappedTrackerStatus","WrappedTrackerStatus","centralityCloseness",0.005780917434726917,""
"org.axonframework.disruptor.commandhandling.EventPublisher$ReportResultTask","EventPublisher$ReportResultTask","centralityCloseness",0.005756358768406962,""
"org.axonframework.messaging.responsetypes.ConvertingResponseMessage","ConvertingResponseMessage","centralityCloseness",0.005676552363299351,""
"org.axonframework.axonserver.connector.query.GrpcBackedQueryMessage","GrpcBackedQueryMessage","centralityCloseness",0.005653243605050834,""
"org.axonframework.serialization.avro.AvroUtil","AvroUtil","centralityCloseness",0.005629183400267737,""
"org.axonframework.modelling.saga.AssociationValuesImpl","AssociationValuesImpl","centralityCloseness",0.005616012436844151,""
"org.axonframework.axonserver.connector.query.GrpcBackedResponseMessage","GrpcBackedResponseMessage","centralityCloseness",0.005587567661952156,""
"org.axonframework.eventsourcing.conflictresolution.ConflictExceptionSupplier","ConflictExceptionSupplier","centralityCloseness",0.005567395937540776,""
"org.axonframework.springboot.util.OnMissingQualifiedBeanCondition","OnMissingQualifiedBeanCondition","centralityCloseness",0.005532546854082999,""
"org.axonframework.disruptor.commandhandling.FirstLevelCache","FirstLevelCache","centralityCloseness",0.005468463299788602,""
"org.axonframework.springboot.DistributedCommandBusProperties$JGroupsProperties","DistributedCommandBusProperties$JGroupsProperties","centralityCloseness",0.0054301713897844895,""
"org.axonframework.common.caching.WeakReferenceCache$Entry","WeakReferenceCache$Entry","centralityCloseness",0.005388011674025294,""
"org.axonframework.axonserver.connector.util.GrpcPayloadSerializer$1","GrpcPayloadSerializer$1","centralityCloseness",0.005361127047874036,""
"org.axonframework.common.caching.NoCache","NoCache","centralityCloseness",0.005357939695289093,""
"org.axonframework.serialization.SerialVersionUIDRevisionResolver","SerialVersionUIDRevisionResolver","centralityCloseness",0.005354752342704149,""
"org.axonframework.serialization.avro.ByteArrayToGenericRecordConverter","ByteArrayToGenericRecordConverter","centralityCloseness",0.005354752342704149,""
"org.axonframework.serialization.avro.DefaultSchemaIncompatibilityChecker","DefaultSchemaIncompatibilityChecker","centralityCloseness",0.005354752342704149,""
"org.axonframework.serialization.avro.SpecificRecordBaseSerializerStrategy","SpecificRecordBaseSerializerStrategy","centralityCloseness",0.005354752342704149,""
"org.axonframework.serialization.json.ByteArrayToJsonNodeConverter","ByteArrayToJsonNodeConverter","centralityCloseness",0.005354752342704149,""
"org.axonframework.serialization.json.JsonNodeToByteArrayConverter","JsonNodeToByteArrayConverter","centralityCloseness",0.005354752342704149,""
"org.axonframework.serialization.json.JsonNodeToObjectNodeConverter","JsonNodeToObjectNodeConverter","centralityCloseness",0.005354752342704149,""
"org.axonframework.serialization.json.MetaDataDeserializer","MetaDataDeserializer","centralityCloseness",0.005354752342704149,""
"org.axonframework.serialization.json.ObjectNodeToJsonNodeConverter","ObjectNodeToJsonNodeConverter","centralityCloseness",0.005354752342704149,""
"org.axonframework.eventhandling.tokenstore.inmemory.InMemoryTokenStore$ProcessAndSegment","InMemoryTokenStore$ProcessAndSegment","centralityCloseness",0.00532432761348424,""
"org.axonframework.axonserver.connector.event.axon.AxonServerEventStore$Builder","AxonServerEventStore$Builder","centralityCloseness",0.005228119685951011,""
"org.axonframework.eventhandling.GenericDomainEventEntry","GenericDomainEventEntry","centralityCloseness",0.005228119685951011,""
"org.axonframework.axonserver.connector.command.CommandLoadFactorProvider","CommandLoadFactorProvider","centralityCloseness",0.0051924871201979635,""
"org.axonframework.axonserver.connector.command.CommandPriorityCalculator","CommandPriorityCalculator","centralityCloseness",0.0051924871201979635,""
"org.axonframework.messaging.annotation.MetaDataValue","MetaDataValue","centralityCloseness",0.0051488003295232215,""
"org.axonframework.modelling.command.ForwardingMode","ForwardingMode","centralityCloseness",0.0051488003295232215,""
"org.axonframework.springboot.DistributedCommandBusProperties$SpringCloudProperties","DistributedCommandBusProperties$SpringCloudProperties","centralityCloseness",0.0050583285523044565,""
"org.axonframework.axonserver.connector.PriorityRunnable","PriorityRunnable","centralityCloseness",0.005043429532081816,""
"org.axonframework.axonserver.connector.event.axon.QueryResultStream","QueryResultStream","centralityCloseness",0.005034024988844266,""
"org.axonframework.commandhandling.gateway.CommandGatewayFactory$CompositeCallback","CommandGatewayFactory$CompositeCallback","centralityCloseness",0.005034024988844266,""
"org.axonframework.messaging.deadletter.WrongDeadLetterTypeException","WrongDeadLetterTypeException","centralityCloseness",0.0050200803212851405,""
"org.axonframework.queryhandling.registration.DuplicateQueryHandlerSubscriptionException","DuplicateQueryHandlerSubscriptionException","centralityCloseness",0.005014276760220072,""
"org.axonframework.springboot.util.AbstractQualifiedBeanCondition","AbstractQualifiedBeanCondition","centralityCloseness",0.0049722700325109965,""
"org.axonframework.commandhandling.gateway.CommandGatewayFactory$MetaDataExtractor","CommandGatewayFactory$MetaDataExtractor","centralityCloseness",0.004928806133625411,""
"org.axonframework.test.deadline.StubDeadlineManager","StubDeadlineManager","centralityCloseness",0.004918223619114138,""
"org.axonframework.eventhandling.tokenstore.ConfigToken","ConfigToken","centralityCloseness",0.0048957735704723655,""
"org.axonframework.modelling.saga.repository.jpa.SagaEntry","SagaEntry","centralityCloseness",0.0048957735704723655,""
"org.axonframework.commandhandling.gateway.CommandGatewayFactory$TypeSafeCallbackWrapper","CommandGatewayFactory$TypeSafeCallbackWrapper","centralityCloseness",0.004737905871853427,""
"org.axonframework.commandhandling.gateway.Timeout","Timeout","centralityCloseness",0.004737905871853427,""
"org.axonframework.axonserver.connector.event.util.GrpcExceptionParser","GrpcExceptionParser","centralityCloseness",0.004721106648817492,""
"org.axonframework.axonserver.connector.event.axon.AxonServerEventStore$AxonIQEventStorageEngine","AxonServerEventStore$AxonIQEventStorageEngine","centralityCloseness",0.004718059228785059,""
"org.axonframework.lifecycle.ShutdownLatch$ActivityHandle","ShutdownLatch$ActivityHandle","centralityCloseness",0.004718059228785059,""
"org.axonframework.commandhandling.gateway.CommandGatewayFactory$DispatchOnInvocationHandler","CommandGatewayFactory$DispatchOnInvocationHandler","centralityCloseness",0.004714510214772132,""
"org.axonframework.commandhandling.gateway.CommandGatewayFactory$DispatchOnInvocationHandler$Builder","CommandGatewayFactory$DispatchOnInvocationHandler$Builder","centralityCloseness",0.004714510214772132,""
"org.axonframework.commandhandling.gateway.CommandGatewayFactory$GatewayInvocationHandler","CommandGatewayFactory$GatewayInvocationHandler","centralityCloseness",0.004714510214772132,""
"org.axonframework.commandhandling.gateway.CommandGatewayFactory$GatewayInvocationHandler$Builder","CommandGatewayFactory$GatewayInvocationHandler$Builder","centralityCloseness",0.004714510214772132,""
"org.axonframework.commandhandling.distributed.commandfilter.OrCommandMessageFilter","OrCommandMessageFilter","centralityCloseness",0.004685408299866131,""
"org.axonframework.eventhandling.deadletter.jpa.DeadLetterEntry","DeadLetterEntry","centralityCloseness",0.004685408299866131,""
"org.axonframework.disruptor.commandhandling.FirstLevelCache$1","FirstLevelCache$1","centralityCloseness",0.004674363018631181,""
"org.axonframework.disruptor.commandhandling.FirstLevelCache$WeakValue","FirstLevelCache$WeakValue","centralityCloseness",0.004658986824490946,""
"org.axonframework.eventhandling.AbstractDomainEventEntry","AbstractDomainEventEntry","centralityCloseness",0.004616165812675992,""
"org.axonframework.commandhandling.gateway.CommandGatewayFactory$Builder","CommandGatewayFactory$Builder","centralityCloseness",0.004614201486798257,""
"org.axonframework.lifecycle.ShutdownLatch","ShutdownLatch","centralityCloseness",0.004605724485242557,""
"org.axonframework.commandhandling.distributed.UnresolvedRoutingKeyPolicy","UnresolvedRoutingKeyPolicy","centralityCloseness",0.004537925714156059,""
"org.axonframework.axonserver.connector.query.AxonServerQueryBus","AxonServerQueryBus","centralityCloseness",0.004524765729585007,""
"org.axonframework.commandhandling.distributed.commandfilter.AndCommandMessageFilter","AndCommandMessageFilter","centralityCloseness",0.004523842496422472,""
"org.axonframework.commandhandling.distributed.Member","Member","centralityCloseness",0.004518072289156627,""
"org.axonframework.commandhandling.gateway.CommandGatewayFactory$FireAndForget","CommandGatewayFactory$FireAndForget","centralityCloseness",0.004518072289156627,""
"org.axonframework.commandhandling.gateway.CommandGatewayFactory$WaitForResult","CommandGatewayFactory$WaitForResult","centralityCloseness",0.004518072289156627,""
"org.axonframework.commandhandling.gateway.CommandGatewayFactory$WaitForResultWithFixedTimeout","CommandGatewayFactory$WaitForResultWithFixedTimeout","centralityCloseness",0.004518072289156627,""
"org.axonframework.commandhandling.gateway.CommandGatewayFactory$WaitForResultWithTimeoutInArguments","CommandGatewayFactory$WaitForResultWithTimeoutInArguments","centralityCloseness",0.004518072289156627,""
"org.axonframework.commandhandling.gateway.CommandGatewayFactory$WrapNonDeclaredCheckedExceptions","CommandGatewayFactory$WrapNonDeclaredCheckedExceptions","centralityCloseness",0.004518072289156627,""
"org.axonframework.eventhandling.tokenstore.jpa.TokenEntry$PK","TokenEntry$PK","centralityCloseness",0.004429482636428065,""
"org.axonframework.axonserver.connector.event.axon.AxonServerEventStore$1","AxonServerEventStore$1","centralityCloseness",0.0043963733722769864,""
"org.axonframework.axonserver.connector.query.subscription.SubscriptionMessageSerializer","SubscriptionMessageSerializer","centralityCloseness",0.004393642947859815,""
"org.axonframework.commandhandling.distributed.commandfilter.NegateCommandMessageFilter","NegateCommandMessageFilter","centralityCloseness",0.004373047746541722,""
"org.axonframework.eventhandling.AbstractEventEntry","AbstractEventEntry","centralityCloseness",0.004318085349528195,""
"org.axonframework.eventsourcing.eventstore.BatchingEventStorageEngine$1","BatchingEventStorageEngine$1","centralityCloseness",0.004314878561866514,""
"org.axonframework.test.matchers.Matchers","Matchers","centralityCloseness",0.004302925989672977,""
"org.axonframework.axonserver.connector.event.axon.AxonServerEventStore$AxonIQEventStorageEngine$Builder","AxonServerEventStore$AxonIQEventStorageEngine$Builder","centralityCloseness",0.004298676186226386,""
"org.axonframework.axonserver.connector.ManagedChannelCustomizer","ManagedChannelCustomizer","centralityCloseness",0.00428380187416332,""
"org.axonframework.axonserver.connector.event.axon.PersistentStreamMessageSourceFactory","PersistentStreamMessageSourceFactory","centralityCloseness",0.00428380187416332,""
"org.axonframework.axonserver.connector.util.ExecutorServiceBuilder","ExecutorServiceBuilder","centralityCloseness",0.00428380187416332,""
"org.axonframework.commandhandling.distributed.AnnotationRoutingStrategy","AnnotationRoutingStrategy","centralityCloseness",0.00428380187416332,""
"org.axonframework.axonserver.connector.PriorityTask","PriorityTask","centralityCloseness",0.004249803446590595,""
"org.axonframework.eventsourcing.eventstore.BatchingEventStorageEngine$EventStreamSpliterator","BatchingEventStorageEngine$EventStreamSpliterator","centralityCloseness",0.004239178937974118,""
"org.axonframework.eventsourcing.AbstractSnapshotter$Builder","AbstractSnapshotter$Builder","centralityCloseness",0.004231981690201667,""
"org.axonframework.axonserver.connector.util.ProcessingInstructionHelper","ProcessingInstructionHelper","centralityCloseness",0.004205226703917118,""
"org.axonframework.messaging.annotation.FixedValueParameterResolver","FixedValueParameterResolver","centralityCloseness",0.004205226703917118,""
"org.axonframework.eventsourcing.AbstractSnapshotter","AbstractSnapshotter","centralityCloseness",0.004189597897763895,""
"org.axonframework.axonserver.connector.event.axon.PersistentStreamConnection","PersistentStreamConnection","centralityCloseness",0.0041533655991487315,""
"org.axonframework.springboot.DistributedCommandBusProperties$JGroupsProperties$Gossip","DistributedCommandBusProperties$JGroupsProperties$Gossip","centralityCloseness",0.004101512432709561,""
"org.axonframework.test.matchers.AllFieldsFilter","AllFieldsFilter","centralityCloseness",0.0040918390543305296,""
"org.axonframework.axonserver.connector.DispatchInterceptors","DispatchInterceptors","centralityCloseness",0.004079811308726971,""
"org.axonframework.axonserver.connector.command.AxonServerRegistration","AxonServerRegistration","centralityCloseness",0.004079811308726971,""
"org.axonframework.eventhandling.tokenstore.jpa.JpaTokenStore","JpaTokenStore","centralityCloseness",0.004049531459170013,""
"org.axonframework.eventhandling.tokenstore.jpa.JpaTokenStore$Builder","JpaTokenStore$Builder","centralityCloseness",0.004049531459170013,""
"org.axonframework.eventsourcing.eventstore.jpa.JpaEventStorageEngine","JpaEventStorageEngine","centralityCloseness",0.004049531459170013,""
"org.axonframework.eventsourcing.eventstore.jpa.JpaEventStorageEngine$Builder","JpaEventStorageEngine$Builder","centralityCloseness",0.004049531459170013,""
"org.axonframework.modelling.saga.repository.jpa.JpaSagaStore","JpaSagaStore","centralityCloseness",0.004049531459170013,""
"org.axonframework.modelling.saga.repository.jpa.JpaSagaStore$Builder","JpaSagaStore$Builder","centralityCloseness",0.004049531459170013,""
"org.axonframework.eventhandling.deadletter.jdbc.DeadLetterSchema$Builder","DeadLetterSchema$Builder","centralityCloseness",0.004039969401415185,""
"org.axonframework.eventsourcing.eventstore.jpa.SQLErrorCodesResolver","SQLErrorCodesResolver","centralityCloseness",0.004039969401415185,""
"org.axonframework.axonserver.connector.event.axon.AxonServerEventStore$AxonServerMessageSource","AxonServerEventStore$AxonServerMessageSource","centralityCloseness",0.004030008924587237,""
"org.axonframework.commandhandling.distributed.AbstractRoutingStrategy","AbstractRoutingStrategy","centralityCloseness",0.004027219991075413,""
"org.axonframework.messaging.annotation.AbstractAnnotatedParameterResolverFactory","AbstractAnnotatedParameterResolverFactory","centralityCloseness",0.004016064257028112,""
"org.axonframework.springboot.autoconfig.AxonServerAutoConfiguration","AxonServerAutoConfiguration","centralityCloseness",0.004016064257028112,""
"org.axonframework.axonserver.connector.event.axon.QueryResult","QueryResult","centralityCloseness",0.003996083837838917,""
"org.axonframework.eventhandling.tokenstore.jpa.TokenEntry","TokenEntry","centralityCloseness",0.003975497951401566,""
"org.axonframework.modelling.saga.repository.jpa.AssociationValueEntry","AssociationValueEntry","centralityCloseness",0.003975497951401566,""
"org.axonframework.modelling.saga.repository.jpa.SerializedSaga","SerializedSaga","centralityCloseness",0.003975497951401566,""
"org.axonframework.springboot.service.connection.AxonServerConnectionDetails","AxonServerConnectionDetails","centralityCloseness",0.003943044906900329,""
"org.axonframework.test.saga.FixtureExecutionResult","FixtureExecutionResult","centralityCloseness",0.003937317899047169,""
"org.axonframework.axonserver.connector.query.AxonServerQueryBus$Builder","AxonServerQueryBus$Builder","centralityCloseness",0.003900660111711213,""
"org.axonframework.modelling.saga.repository.jdbc.GenericSagaSqlSchema","GenericSagaSqlSchema","centralityCloseness",0.0038943653401484726,""
"org.axonframework.test.matchers.PayloadMatcher","PayloadMatcher","centralityCloseness",0.0038943653401484726,""
"org.axonframework.deadline.SimpleDeadlineManager","SimpleDeadlineManager","centralityCloseness",0.0038726333907056804,""
"org.axonframework.modelling.saga.repository.jdbc.SagaSqlSchema","SagaSqlSchema","centralityCloseness",0.0038726333907056804,""
"org.axonframework.eventsourcing.eventstore.jpa.DomainEventEntry","DomainEventEntry","centralityCloseness",0.0038585715410662256,""
"org.axonframework.eventsourcing.eventstore.jpa.SnapshotEventEntry","SnapshotEventEntry","centralityCloseness",0.0038585715410662256,""
"org.axonframework.commandhandling.AnnotationCommandHandlerAdapter","AnnotationCommandHandlerAdapter","centralityCloseness",0.003856696627780965,""
"org.axonframework.test.matchers.ListMatcher","ListMatcher","centralityCloseness",0.0037709523540170073,""
"org.axonframework.eventhandling.scheduling.java.SimpleScheduleToken","SimpleScheduleToken","centralityCloseness",0.003739094308267553,""
"org.axonframework.modelling.saga.repository.jdbc.SagaSchema","SagaSchema","centralityCloseness",0.003718578015766771,""
"org.axonframework.updates.configuration.DefaultUsagePropertyProvider","DefaultUsagePropertyProvider","centralityCloseness",0.003718578015766771,""
"org.axonframework.eventhandling.deadletter.jpa.NoJpaConverterFoundException","NoJpaConverterFoundException","centralityCloseness",0.0037071362372567192,""
"org.axonframework.eventsourcing.eventstore.jdbc.EventTableFactory","EventTableFactory","centralityCloseness",0.003681392235609103,""
"org.axonframework.axonserver.connector.event.axon.EventBuffer","EventBuffer","centralityCloseness",0.0036757198284664084,""
"org.axonframework.axonserver.connector.event.axon.QueryResultStreamAdapter","QueryResultStreamAdapter","centralityCloseness",0.0036757198284664084,""
"org.axonframework.messaging.timeout.TaskTimeoutSettings","TaskTimeoutSettings","centralityCloseness",0.0036442064554514353,""
"org.axonframework.test.deadline.ScheduledDeadlineInfo","ScheduledDeadlineInfo","centralityCloseness",0.0036442064554514353,""
"org.axonframework.deadline.DeadlineException","DeadlineException","centralityCloseness",0.0036144578313253013,""
"org.axonframework.eventhandling.scheduling.SchedulingException","SchedulingException","centralityCloseness",0.0036144578313253013,""
"org.axonframework.lifecycle.ShutdownInProgressException","ShutdownInProgressException","centralityCloseness",0.0036144578313253013,""
"org.axonframework.test.utils.CallbackBehavior","CallbackBehavior","centralityCloseness",0.0036144578313253013,""
"org.axonframework.axonserver.connector.event.axon.PersistentStreamConnection$SegmentState","PersistentStreamConnection$SegmentState","centralityCloseness",0.0036130918230746116,""
"org.axonframework.test.deadline.DeadlineConsumer","DeadlineConsumer","centralityCloseness",0.003545714389087883,""
"org.axonframework.updates.configuration.CommandLineUsagePropertyProvider","CommandLineUsagePropertyProvider","centralityCloseness",0.003522863383357993,""
"org.axonframework.updates.configuration.EnvironmentVariableUsagePropertyProvider","EnvironmentVariableUsagePropertyProvider","centralityCloseness",0.003522863383357993,""
"org.axonframework.updates.configuration.HierarchicalUsagePropertyProvider","HierarchicalUsagePropertyProvider","centralityCloseness",0.003522863383357993,""
"org.axonframework.updates.configuration.PropertyFileUsagePropertyProvider","PropertyFileUsagePropertyProvider","centralityCloseness",0.003522863383357993,""
"org.axonframework.eventhandling.tokenstore.jdbc.TokenSchema$1","TokenSchema$1","centralityCloseness",0.0035213317036260987,""
"org.axonframework.axonserver.connector.event.axon.PersistentStreamMessageSource","PersistentStreamMessageSource","centralityCloseness",0.003454293363931918,""
"org.axonframework.axonserver.connector.query.subscription.GrpcBackedQueryUpdateMessage","GrpcBackedQueryUpdateMessage","centralityCloseness",0.003454293363931918,""
"org.axonframework.axonserver.connector.query.subscription.GrpcBackedSubscriptionQueryMessage","GrpcBackedSubscriptionQueryMessage","centralityCloseness",0.003454293363931918,""
"org.axonframework.axonserver.connector.TopologyChangeListener","TopologyChangeListener","centralityCloseness",0.0034524061156908335,""
"org.axonframework.axonserver.connector.event.axon.AxonServerEventScheduler","AxonServerEventScheduler","centralityCloseness",0.0034524061156908335,""
"org.axonframework.axonserver.connector.event.axon.AxonServerEventScheduler$Builder","AxonServerEventScheduler$Builder","centralityCloseness",0.0034524061156908335,""
"org.axonframework.axonserver.connector.event.axon.EventProcessorInfoConfiguration","EventProcessorInfoConfiguration","centralityCloseness",0.0034524061156908335,""
"org.axonframework.axonserver.connector.event.axon.PersistentStreamMessageSourceDefinition","PersistentStreamMessageSourceDefinition","centralityCloseness",0.0034524061156908335,""
"org.axonframework.axonserver.connector.event.axon.PersistentStreamScheduledExecutorBuilder","PersistentStreamScheduledExecutorBuilder","centralityCloseness",0.0034524061156908335,""
"org.axonframework.springboot.util.ConditionalOnQualifiedBean","ConditionalOnQualifiedBean","centralityCloseness",0.0034524061156908335,""
"org.axonframework.eventsourcing.eventstore.legacyjpa.EmbeddedEventStore","EmbeddedEventStore","centralityCloseness",0.003442340791738382,""
"org.axonframework.eventsourcing.eventstore.legacyjpa.EmbeddedEventStore$1","EmbeddedEventStore$1","centralityCloseness",0.003442340791738382,""
"org.axonframework.axonserver.connector.InstructionAckSource","InstructionAckSource","centralityCloseness",0.0034227820372398684,""
"org.axonframework.axonserver.connector.event.axon.AxonServerEventStore$AxonIQEventStorageEngine$1","AxonServerEventStore$AxonIQEventStorageEngine$1","centralityCloseness",0.0033936917259682,""
"org.axonframework.eventhandling.deadletter.jdbc.JdbcDeadLetter","JdbcDeadLetter","centralityCloseness",0.00338855421686747,""
"org.axonframework.test.aggregate.ResultValidator","ResultValidator","centralityCloseness",0.00338855421686747,""
"org.axonframework.axonserver.connector.event.axon.PersistentStreamConnection$1","PersistentStreamConnection$1","centralityCloseness",0.0033746095493083442,""
"org.axonframework.eventhandling.tokenstore.jdbc.TokenSchema$Builder","TokenSchema$Builder","centralityCloseness",0.0033746095493083442,""
"org.axonframework.axonserver.connector.query.AxonServerQueryBus$QueryResponseSpliterator","AxonServerQueryBus$QueryResponseSpliterator","centralityCloseness",0.003363882881955171,""
"org.axonframework.axonserver.connector.query.AxonServerQueryBus$ResponseProcessingTask","AxonServerQueryBus$ResponseProcessingTask","centralityCloseness",0.003363882881955171,""
"org.axonframework.axonserver.connector.query.subscription.AxonServerSubscriptionQueryResult","AxonServerSubscriptionQueryResult","centralityCloseness",0.003363882881955171,""
"org.axonframework.axonserver.connector.util.PriorityTaskSchedulers","PriorityTaskSchedulers","centralityCloseness",0.003363882881955171,""
"org.axonframework.modelling.saga.AbstractResourceInjector","AbstractResourceInjector","centralityCloseness",0.003363882881955171,""
"org.axonframework.test.matchers.DeepEqualsMatcher","DeepEqualsMatcher","centralityCloseness",0.0033598446071869174,""
"org.axonframework.test.matchers.EmptyCollectionMatcher","EmptyCollectionMatcher","centralityCloseness",0.0033598446071869174,""
"org.axonframework.test.matchers.EqualFieldsMatcher","EqualFieldsMatcher","centralityCloseness",0.0033598446071869174,""
"org.axonframework.test.matchers.ExactClassMatcher","ExactClassMatcher","centralityCloseness",0.0033598446071869174,""
"org.axonframework.test.matchers.ExactSequenceMatcher","ExactSequenceMatcher","centralityCloseness",0.0033598446071869174,""
"org.axonframework.test.matchers.ListWithAllOfMatcher","ListWithAllOfMatcher","centralityCloseness",0.0033598446071869174,""
"org.axonframework.test.matchers.ListWithAnyOfMatcher","ListWithAnyOfMatcher","centralityCloseness",0.0033598446071869174,""
"org.axonframework.test.matchers.NullOrVoidMatcher","NullOrVoidMatcher","centralityCloseness",0.0033598446071869174,""
"org.axonframework.test.matchers.PayloadsMatcher","PayloadsMatcher","centralityCloseness",0.0033598446071869174,""
"org.axonframework.test.matchers.PredicateMatcher","PredicateMatcher","centralityCloseness",0.0033598446071869174,""
"org.axonframework.test.matchers.SequenceMatcher","SequenceMatcher","centralityCloseness",0.0033598446071869174,""
"org.axonframework.commandhandling.gateway.AbstractRetryScheduler$Builder","AbstractRetryScheduler$Builder","centralityCloseness",0.0033467202141900937,""
"org.axonframework.messaging.annotation.SimpleResourceParameterResolverFactory","SimpleResourceParameterResolverFactory","centralityCloseness",0.0033467202141900937,""
"org.axonframework.springboot.autoconfig.XStreamAutoConfiguration$XStreamConfiguredCondition","XStreamAutoConfiguration$XStreamConfiguredCondition","centralityCloseness",0.0033467202141900937,""
"org.axonframework.test.aggregate.AggregateTestFixture$1","AggregateTestFixture$1","centralityCloseness",0.0033467202141900937,""
"org.axonframework.test.matchers.IgnoreField","IgnoreField","centralityCloseness",0.0033467202141900937,""
"org.axonframework.axonserver.connector.event.axon.PersistentStreamConnection$SegmentConnection","PersistentStreamConnection$SegmentConnection","centralityCloseness",0.003339819760140217,""
"org.axonframework.axonserver.connector.query.AxonServerQueryBus$1","AxonServerQueryBus$1","centralityCloseness",0.003327033624694858,""
"org.axonframework.eventsourcing.AggregateSnapshotter","AggregateSnapshotter","centralityCloseness",0.0032952322108948614,""
"org.axonframework.updates.api.Artifact","Artifact","centralityCloseness",0.0032952322108948614,""
"org.axonframework.updates.api.DetectedVulnerabilitySeverity","DetectedVulnerabilitySeverity","centralityCloseness",0.0032952322108948614,""
"org.axonframework.eventsourcing.AbstractSnapshotter$RunnableAndFinally","AbstractSnapshotter$RunnableAndFinally","centralityCloseness",0.0032797858099062917,""
"org.axonframework.springboot.util.RegisterDefaultEntities","RegisterDefaultEntities","centralityCloseness",0.0032797858099062917,""
"org.axonframework.common.DirectExecutor","DirectExecutor","centralityCloseness",0.003273965426925092,""
"org.axonframework.axonserver.connector.query.StreamableResponse","StreamableResponse","centralityCloseness",0.0032368279086495235,""
"org.axonframework.eventsourcing.AbstractSnapshotter$1","AbstractSnapshotter$1","centralityCloseness",0.003231975521132148,""
"org.axonframework.deadline.SimpleDeadlineManager$Builder","SimpleDeadlineManager$Builder","centralityCloseness",0.003189227498228207,""
"org.axonframework.common.digest.Digester","Digester","centralityCloseness",0.003187352584942946,""
"org.axonframework.common.jdbc.ConnectionWrapperFactory$ConnectionCloseHandler","ConnectionWrapperFactory$ConnectionCloseHandler","centralityCloseness",0.003187352584942946,""
"org.axonframework.axonserver.connector.TopologyChange","TopologyChange","centralityCloseness",0.0031731865734543107,""
"org.axonframework.axonserver.connector.processor.EventProcessorControlService","EventProcessorControlService","centralityCloseness",0.0031731865734543107,""
"org.axonframework.test.matchers.MatcherExecutionException","MatcherExecutionException","centralityCloseness",0.003143006809848088,""
"org.axonframework.axonserver.connector.query.AxonServerQueryBus$ActivityFinisher","AxonServerQueryBus$ActivityFinisher","centralityCloseness",0.0031421984233229215,""
"org.axonframework.axonserver.connector.query.AxonServerQueryBus$LocalSegmentAdapter","AxonServerQueryBus$LocalSegmentAdapter","centralityCloseness",0.0031421984233229215,""
"org.axonframework.commandhandling.distributed.AnnotationRoutingStrategy$Builder","AnnotationRoutingStrategy$Builder","centralityCloseness",0.0031154922721187777,""
"org.axonframework.commandhandling.distributed.AnnotationRoutingStrategy$RoutingKeyResolver","AnnotationRoutingStrategy$RoutingKeyResolver","centralityCloseness",0.0031154922721187777,""
"org.axonframework.axonserver.connector.event.axon.EventBuffer$SimpleSpliterator","EventBuffer$SimpleSpliterator","centralityCloseness",0.003097861531596471,""
"org.axonframework.eventhandling.AbstractSequencedDomainEventEntry","AbstractSequencedDomainEventEntry","centralityCloseness",0.003073518564052127,""
"org.axonframework.eventsourcing.eventstore.AbstractSnapshotEventEntry","AbstractSnapshotEventEntry","centralityCloseness",0.003073518564052127,""
"org.axonframework.eventhandling.deadletter.jpa.JpaSequencedDeadLetterQueue","JpaSequencedDeadLetterQueue","centralityCloseness",0.003059858481545228,""
"org.axonframework.eventhandling.tokenstore.AbstractTokenEntry","AbstractTokenEntry","centralityCloseness",0.003059858481545228,""
"org.axonframework.axonserver.connector.event.axon.DefaultPersistentStreamMessageSourceFactory","DefaultPersistentStreamMessageSourceFactory","centralityCloseness",0.003057274141611491,""
"org.axonframework.axonserver.connector.event.axon.PersistentStreamSequencingPolicyProvider","PersistentStreamSequencingPolicyProvider","centralityCloseness",0.003057274141611491,""
"org.axonframework.springboot.autoconfig.AxonServerAutoConfiguration$ConnectionDetailsConnectionManagerConfiguration","AxonServerAutoConfiguration$ConnectionDetailsConnectionManagerConfiguration","centralityCloseness",0.003057274141611491,""
"org.axonframework.springboot.autoconfig.AxonServerAutoConfiguration$DefaultConnectionManagerConfiguration","AxonServerAutoConfiguration$DefaultConnectionManagerConfiguration","centralityCloseness",0.003057274141611491,""
"org.axonframework.springboot.autoconfig.PersistentStreamMessageSourceRegistrar","PersistentStreamMessageSourceRegistrar","centralityCloseness",0.003057274141611491,""
"org.axonframework.axonserver.connector.util.UpstreamAwareStreamObserver","UpstreamAwareStreamObserver","centralityCloseness",0.0030509635440988765,""
"org.axonframework.eventsourcing.eventstore.legacyjpa.EmbeddedEventStore$Node","EmbeddedEventStore$Node","centralityCloseness",0.003012048192771084,""
"org.axonframework.modelling.saga.repository.jpa.JpaSagaStore$EntryImpl","JpaSagaStore$EntryImpl","centralityCloseness",0.003012048192771084,""
"org.axonframework.test.deadline.DeadlineManagerValidator","DeadlineManagerValidator","centralityCloseness",0.003012048192771084,""
"org.axonframework.updates.api.UpdateCheckRequest","UpdateCheckRequest","centralityCloseness",0.003012048192771084,""
"org.axonframework.updates.api.UpdateCheckResponse","UpdateCheckResponse","centralityCloseness",0.003012048192771084,""
"org.axonframework.common.jdbc.UnitOfWorkAwareConnectionProviderWrapper","UnitOfWorkAwareConnectionProviderWrapper","centralityCloseness",0.0029816234635511745,""
"org.axonframework.config.ConfigurationScopeAwareProvider","ConfigurationScopeAwareProvider","centralityCloseness",0.0029816234635511745,""
"org.axonframework.eventsourcing.AbstractSnapshotter$AggregateTypeId","AbstractSnapshotter$AggregateTypeId","centralityCloseness",0.0029768195589375047,""
"org.axonframework.eventhandling.deadletter.jpa.DeadLetterJpaConverter","DeadLetterJpaConverter","centralityCloseness",0.0029101914906000813,""
"org.axonframework.eventsourcing.AbstractSnapshotter$CreateSnapshotTask","AbstractSnapshotter$CreateSnapshotTask","centralityCloseness",0.0029004908522980814,""
"org.axonframework.eventsourcing.AbstractSnapshotter$SilentTask","AbstractSnapshotter$SilentTask","centralityCloseness",0.0029004908522980814,""
"org.axonframework.common.jdbc.PagingJdbcIterable$PagingStatementSupplier","PagingJdbcIterable$PagingStatementSupplier","centralityCloseness",0.00285586791610888,""
"org.axonframework.eventhandling.deadletter.jdbc.DeadLetterJdbcConverter","DeadLetterJdbcConverter","centralityCloseness",0.00285586791610888,""
"org.axonframework.eventhandling.deadletter.jdbc.DeadLetterStatementFactory","DeadLetterStatementFactory","centralityCloseness",0.00285586791610888,""
"org.axonframework.eventhandling.deadletter.jpa.JpaSequencedDeadLetterQueue$Builder","JpaSequencedDeadLetterQueue$Builder","centralityCloseness",0.00285586791610888,""
"org.axonframework.eventhandling.tokenstore.jdbc.TokenTableFactory","TokenTableFactory","centralityCloseness",0.00285586791610888,""
"org.axonframework.eventsourcing.AggregateSnapshotter$Builder","AggregateSnapshotter$Builder","centralityCloseness",0.00285586791610888,""
"org.axonframework.test.saga.WhenAggregateEventPublisher","WhenAggregateEventPublisher","centralityCloseness",0.00285586791610888,""
"org.axonframework.deadline.SimpleDeadlineManager$1","SimpleDeadlineManager$1","centralityCloseness",0.0028535193405199747,""
"org.axonframework.axonserver.connector.util.PriorityExecutorService","PriorityExecutorService","centralityCloseness",0.0027889335118250784,""
"org.axonframework.common.jpa.PagingJpaQueryIterable","PagingJpaQueryIterable","centralityCloseness",0.0027889335118250784,""
"org.axonframework.eventhandling.async.EventProcessorTask","EventProcessorTask","centralityCloseness",0.0027889335118250784,""
"org.axonframework.eventhandling.async.EventProcessorTask$ShutdownCallback","EventProcessorTask$ShutdownCallback","centralityCloseness",0.0027889335118250784,""
"org.axonframework.springboot.autoconfig.JpaAutoConfiguration","JpaAutoConfiguration","centralityCloseness",0.0027889335118250784,""
"org.axonframework.springboot.autoconfig.JpaEventStoreAutoConfiguration","JpaEventStoreAutoConfiguration","centralityCloseness",0.0027889335118250784,""
"org.axonframework.test.aggregate.AggregateTestFixture","AggregateTestFixture","centralityCloseness",0.0027889335118250784,""
"org.axonframework.axonserver.connector.event.axon.PersistentStreamConnection$SegmentConnection$ProcessingState","PersistentStreamConnection$SegmentConnection$ProcessingState","centralityCloseness",0.002768910399432488,""
"org.axonframework.axonserver.connector.event.axon.PersistentStreamConnection$SegmentConnection$RetryState","PersistentStreamConnection$SegmentConnection$RetryState","centralityCloseness",0.002768910399432488,""
"org.axonframework.test.saga.WhenState","WhenState","centralityCloseness",0.002733154841588577,""
"org.axonframework.updates.api.ArtifactAvailableUpgrade","ArtifactAvailableUpgrade","centralityCloseness",0.002733154841588577,""
"org.axonframework.updates.api.DetectedVulnerability","DetectedVulnerability","centralityCloseness",0.002733154841588577,""
"org.axonframework.axonserver.connector.TopologyChange$HandlerSubscription","TopologyChange$HandlerSubscription","centralityCloseness",0.0027245130757772872,""
"org.axonframework.axonserver.connector.TopologyChange$Type","TopologyChange$Type","centralityCloseness",0.0027245130757772872,""
"org.axonframework.axonserver.connector.processor.StreamingEventProcessorInfoMessage","StreamingEventProcessorInfoMessage","centralityCloseness",0.0027245130757772872,""
"org.axonframework.axonserver.connector.command.AxonServerCommandBus","AxonServerCommandBus","centralityCloseness",0.0027108433734939763,""
"org.axonframework.axonserver.connector.command.AxonServerCommandBus$Builder","AxonServerCommandBus$Builder","centralityCloseness",0.0027108433734939763,""
"org.axonframework.axonserver.connector.event.axon.AxonServerEventStoreFactory","AxonServerEventStoreFactory","centralityCloseness",0.0027108433734939763,""
"org.axonframework.axonserver.connector.event.axon.AxonServerEventStoreFactory$Builder","AxonServerEventStoreFactory$Builder","centralityCloseness",0.0027108433734939763,""
"org.axonframework.common.jdbc.ConnectionWrapperFactory$NoOpCloseHandler","ConnectionWrapperFactory$NoOpCloseHandler","centralityCloseness",0.0027108433734939763,""
"org.axonframework.deadline.SimpleDeadlineManager$DeadlineId","SimpleDeadlineManager$DeadlineId","centralityCloseness",0.0027108433734939763,""
"org.axonframework.axonserver.connector.command.CommandSerializer","CommandSerializer","centralityCloseness",0.0026996876394466754,""
"org.axonframework.updates.configuration.EnvironmentVariableUsagePropertyProvider$EnvironmentVariableSupplier","EnvironmentVariableUsagePropertyProvider$EnvironmentVariableSupplier","centralityCloseness",0.0026996876394466754,""
"org.axonframework.axonserver.connector.query.QueryProcessingTask","QueryProcessingTask","centralityCloseness",0.002677376171352075,""
"org.axonframework.config.DefaultConfigurer","DefaultConfigurer","centralityCloseness",0.002677376171352075,""
"org.axonframework.eventhandling.scheduling.quartz.EventJobDataBinder","EventJobDataBinder","centralityCloseness",0.002677376171352075,""
"org.axonframework.eventsourcing.eventstore.jdbc.AbstractEventTableFactory","AbstractEventTableFactory","centralityCloseness",0.002677376171352075,""
"org.axonframework.updates.UpdateCheckerReporter","UpdateCheckerReporter","centralityCloseness",0.002677376171352075,""
"org.axonframework.messaging.interceptors.ResultHandler","ResultHandler","centralityCloseness",0.0026773761713520744,""
"org.axonframework.springboot.TokenStoreProperties","TokenStoreProperties","centralityCloseness",0.0026773761713520744,""
"org.axonframework.springboot.util.DeadLetterQueueProviderConfigurerModule","DeadLetterQueueProviderConfigurerModule","centralityCloseness",0.0026773761713520744,""
"org.axonframework.test.saga.ContinuedGivenState","ContinuedGivenState","centralityCloseness",0.0026773761713520744,""
"org.axonframework.test.saga.GivenAggregateEventPublisher","GivenAggregateEventPublisher","centralityCloseness",0.0026773761713520744,""
"org.axonframework.tracing.TracingHandlerEnhancerDefinition","TracingHandlerEnhancerDefinition","centralityCloseness",0.0026773761713520744,""
"org.axonframework.eventsourcing.eventstore.AbstractSnapshotEventEntry$PK","AbstractSnapshotEventEntry$PK","centralityCloseness",0.002636185768715889,""
"org.axonframework.commandhandling.CommandHandler","CommandHandler","centralityCloseness",0.0025817555938037868,""
"org.axonframework.eventsourcing.eventstore.jdbc.statements.TimestampWriter","TimestampWriter","centralityCloseness",0.0025817555938037868,""
"org.axonframework.springboot.service.connection.PropertiesAxonServerConnectionDetails","PropertiesAxonServerConnectionDetails","centralityCloseness",0.0025723810273774843,""
"org.axonframework.springboot.util.OnQualifiedBeanCondition","OnQualifiedBeanCondition","centralityCloseness",0.0025723810273774843,""
"org.axonframework.modelling.command.AggregateMember","AggregateMember","centralityCloseness",0.0025229121614663784,""
"org.axonframework.test.aggregate.TestExecutor","TestExecutor","centralityCloseness",0.0025229121614663784,""
"org.axonframework.common.jdbc.UnitOfWorkAwareConnectionProviderWrapper$UoWAttachedConnection","UnitOfWorkAwareConnectionProviderWrapper$UoWAttachedConnection","centralityCloseness",0.002519883455390188,""
"org.axonframework.eventhandling.EventHandler","EventHandler","centralityCloseness",0.002519883455390188,""
"org.axonframework.test.eventscheduler.ScheduledItem","ScheduledItem","centralityCloseness",0.002519883455390188,""
"org.axonframework.axonserver.connector.TopologyChange$1","TopologyChange$1","centralityCloseness",0.0024833634053120696,""
"org.axonframework.axonserver.connector.processor.EventProcessorControlService$AxonProcessorInstructionHandler","EventProcessorControlService$AxonProcessorInstructionHandler","centralityCloseness",0.0024833634053120696,""
"org.axonframework.modelling.saga.repository.jdbc.SagaSchema$Builder","SagaSchema$Builder","centralityCloseness",0.0024790520105111803,""
"org.axonframework.deadline.SimpleDeadlineManager$DeadlineTask","SimpleDeadlineManager$DeadlineTask","centralityCloseness",0.0024644030668127055,""
"org.axonframework.axonserver.connector.PriorityCallable","PriorityCallable","centralityCloseness",0.0024478867852361827,""
"org.axonframework.eventhandling.deadletter.legacyjpa.DeadLetterJpaConverter","DeadLetterJpaConverter","centralityCloseness",0.0024096385542168672,""
"org.axonframework.eventsourcing.eventstore.legacyjpa.EmbeddedEventStore$EventConsumer","EmbeddedEventStore$EventConsumer","centralityCloseness",0.0024096385542168672,""
"org.axonframework.test.eventscheduler.StubEventScheduler","StubEventScheduler","centralityCloseness",0.0024096385542168672,""
"org.axonframework.test.utils.RecordingCommandBus","RecordingCommandBus","centralityCloseness",0.0024096385542168672,""
"org.axonframework.tracing.TracingHandlerEnhancerDefinition$Builder","TracingHandlerEnhancerDefinition$Builder","centralityCloseness",0.0024096385542168672,""
"org.axonframework.eventhandling.MultiStreamableMessageSource$IdentifiedStreamableMessageSource","MultiStreamableMessageSource$IdentifiedStreamableMessageSource","centralityCloseness",0.0023905144387072097,""
"org.axonframework.eventhandling.deadletter.jdbc.JdbcSequencedDeadLetterQueue","JdbcSequencedDeadLetterQueue","centralityCloseness",0.0023905144387072097,""
"org.axonframework.eventsourcing.eventstore.jdbc.JdbcEventStorageEngine","JdbcEventStorageEngine","centralityCloseness",0.0023905144387072097,""
"org.axonframework.eventsourcing.AggregateSnapshotter$1","AggregateSnapshotter$1","centralityCloseness",0.002379889930090733,""
"org.axonframework.queryhandling.annotation.QueryHandlingMember","QueryHandlingMember","centralityCloseness",0.002379889930090733,""
"org.axonframework.springboot.util.DefaultEntityRegistrar","DefaultEntityRegistrar","centralityCloseness",0.002379889930090733,""
"org.axonframework.eventhandling.deadletter.jpa.JpaDeadLetter","JpaDeadLetter","centralityCloseness",0.002357255107386066,""
"org.axonframework.axonserver.connector.query.AxonServerQueryBus$LocalSegmentAdapter$1","AxonServerQueryBus$LocalSegmentAdapter$1","centralityCloseness",0.002356648817492191,""
"org.axonframework.axonserver.connector.query.StreamableFluxResponse","StreamableFluxResponse","centralityCloseness",0.0023531626506024094,""
"org.axonframework.axonserver.connector.query.StreamableInstanceResponse","StreamableInstanceResponse","centralityCloseness",0.0023531626506024094,""
"org.axonframework.axonserver.connector.query.StreamableMultiInstanceResponse","StreamableMultiInstanceResponse","centralityCloseness",0.0023531626506024094,""
"org.axonframework.common.jdbc.PagingJdbcIterable","PagingJdbcIterable","centralityCloseness",0.0023427041499330657,""
"org.axonframework.eventhandling.deadletter.jdbc.DeadLetterTableFactory","DeadLetterTableFactory","centralityCloseness",0.0023427041499330657,""
"org.axonframework.axonserver.connector.command.GrpcBackedCommandMessage","GrpcBackedCommandMessage","centralityCloseness",0.002294893861158921,""
"org.axonframework.eventhandling.deadletter.jpa.EventMessageDeadLetterJpaConverter","EventMessageDeadLetterJpaConverter","centralityCloseness",0.0022590361445783136,""
"org.axonframework.common.jdbc.ConnectionWrapperFactory","ConnectionWrapperFactory","centralityCloseness",0.0022546325653491155,""
"org.axonframework.eventsourcing.AggregateSnapshotter$SnapshotAggregate","AggregateSnapshotter$SnapshotAggregate","centralityCloseness",0.0022546325653491155,""
"org.axonframework.axonserver.connector.command.AxonServerCommandBus$CommandProcessingTask","AxonServerCommandBus$CommandProcessingTask","centralityCloseness",0.002231146809460062,""
"org.axonframework.axonserver.connector.event.axon.AxonServerEventStoreFactory$AxonServerEventStoreConfiguration","AxonServerEventStoreFactory$AxonServerEventStoreConfiguration","centralityCloseness",0.002231146809460062,""
"org.axonframework.commandhandling.gateway.AxonNonTransientExceptionClassesPredicate","AxonNonTransientExceptionClassesPredicate","centralityCloseness",0.0021905805038335154,""
"org.axonframework.common.legacyjpa.PagingJpaQueryIterable","PagingJpaQueryIterable","centralityCloseness",0.0021905805038335154,""
"org.axonframework.eventsourcing.eventstore.jdbc.JdbcSQLErrorCodesResolver","JdbcSQLErrorCodesResolver","centralityCloseness",0.0021905805038335154,""
"org.axonframework.springboot.autoconfig.AxonServerBusAutoConfiguration","AxonServerBusAutoConfiguration","centralityCloseness",0.0021905805038335154,""
"org.axonframework.test.saga.SagaTestFixture$ReturnResultFromStub","SagaTestFixture$ReturnResultFromStub","centralityCloseness",0.0021905805038335154,""
"org.axonframework.common.jdbc.UnitOfWorkAwareConnectionProviderWrapper$1","UnitOfWorkAwareConnectionProviderWrapper$1","centralityCloseness",0.002186523873270861,""
"org.axonframework.eventhandling.deadletter.jdbc.DefaultDeadLetterJdbcConverter","DefaultDeadLetterJdbcConverter","centralityCloseness",0.002186523873270861,""
"org.axonframework.eventhandling.deadletter.jdbc.DefaultDeadLetterJdbcConverter$Builder","DefaultDeadLetterJdbcConverter$Builder","centralityCloseness",0.002186523873270861,""
"org.axonframework.eventhandling.deadletter.jdbc.DefaultDeadLetterStatementFactory","DefaultDeadLetterStatementFactory","centralityCloseness",0.002186523873270861,""
"org.axonframework.eventhandling.deadletter.jdbc.DefaultDeadLetterStatementFactory$Builder","DefaultDeadLetterStatementFactory$Builder","centralityCloseness",0.002186523873270861,""
"org.axonframework.axonserver.connector.query.StreamableFluxResponse$SendingSubscriber","StreamableFluxResponse$SendingSubscriber","centralityCloseness",0.00214190093708166,""
"org.axonframework.eventhandling.MultiStreamableMessageSource","MultiStreamableMessageSource","centralityCloseness",0.00214190093708166,""
"org.axonframework.eventhandling.MultiStreamableMessageSource$Builder","MultiStreamableMessageSource$Builder","centralityCloseness",0.00214190093708166,""
"org.axonframework.eventhandling.deadletter.legacyjpa.JpaSequencedDeadLetterQueue","JpaSequencedDeadLetterQueue","centralityCloseness",0.00214190093708166,""
"org.axonframework.messaging.HandlerAttributes","HandlerAttributes","centralityCloseness",0.00214190093708166,""
"org.axonframework.messaging.annotation.ResultParameterResolverFactory","ResultParameterResolverFactory","centralityCloseness",0.00214190093708166,""
"org.axonframework.test.aggregate.StubAggregateLifecycle","StubAggregateLifecycle","centralityCloseness",0.00214190093708166,""
"org.axonframework.common.caching.AbstractCacheAdapter","AbstractCacheAdapter","centralityCloseness",0.0020917001338688086,""
"org.axonframework.config.DefaultConfigurer$LifecycleState","DefaultConfigurer$LifecycleState","centralityCloseness",0.0020917001338688086,""
"org.axonframework.deadline.jobrunr.LabelUtils","LabelUtils","centralityCloseness",0.0020917001338688086,""
"org.axonframework.eventhandling.deadletter.jdbc.JdbcSequencedDeadLetterQueue$Builder","JdbcSequencedDeadLetterQueue$Builder","centralityCloseness",0.0020917001338688086,""
"org.axonframework.eventsourcing.eventstore.jdbc.JdbcEventStorageEngine$Builder","JdbcEventStorageEngine$Builder","centralityCloseness",0.0020917001338688086,""
"org.axonframework.springboot.TracingProperties$CommandBusProperties","TracingProperties$CommandBusProperties","centralityCloseness",0.0020917001338688086,""
"org.axonframework.springboot.TracingProperties$DeadlineManagerProperties","TracingProperties$DeadlineManagerProperties","centralityCloseness",0.0020917001338688086,""
"org.axonframework.springboot.TracingProperties$EventProcessorProperties","TracingProperties$EventProcessorProperties","centralityCloseness",0.0020917001338688086,""
"org.axonframework.springboot.TracingProperties$QueryBusProperties","TracingProperties$QueryBusProperties","centralityCloseness",0.0020917001338688086,""
"org.axonframework.springboot.TracingProperties$SagaManagerProperties","TracingProperties$SagaManagerProperties","centralityCloseness",0.0020917001338688086,""
"org.axonframework.springboot.TracingProperties$SnapshotterProperties","TracingProperties$SnapshotterProperties","centralityCloseness",0.0020917001338688086,""
"org.axonframework.common.jdbc.UnitOfWorkAwareConnectionProviderWrapper$UoWAttachedConnectionImpl","UnitOfWorkAwareConnectionProviderWrapper$UoWAttachedConnectionImpl","centralityCloseness",0.0020498661311914323,""
"org.axonframework.modelling.saga.SimpleResourceInjector","SimpleResourceInjector","centralityCloseness",0.0020498661311914323,""
"org.axonframework.queryhandling.QueryHandler","QueryHandler","centralityCloseness",0.0020498661311914323,""
"org.axonframework.eventhandling.deadletter.jpa.JpaSequencedDeadLetterQueue$1","JpaSequencedDeadLetterQueue$1","centralityCloseness",0.0020399056543634855,""
"org.axonframework.modelling.command.ForwardToAll","ForwardToAll","centralityCloseness",0.0020399056543634855,""
"org.axonframework.common.jpa.PagingJpaQueryIterable$PagingIterator","PagingJpaQueryIterable$PagingIterator","centralityCloseness",0.0020283152813273296,""
"org.axonframework.axonserver.connector.heartbeat.ConnectionSanityChecker","ConnectionSanityChecker","centralityCloseness",0.002008032128514056,""
"org.axonframework.axonserver.connector.util.Scheduler$ScheduledTask","Scheduler$ScheduledTask","centralityCloseness",0.002008032128514056,""
"org.axonframework.commandhandling.distributed.ConsistentHash","ConsistentHash","centralityCloseness",0.002008032128514056,""
"org.axonframework.common.property.PropertyAccessException","PropertyAccessException","centralityCloseness",0.002008032128514056,""
"org.axonframework.deadline.dbscheduler.DbSchedulerDeadlineManager","DbSchedulerDeadlineManager","centralityCloseness",0.002008032128514056,""
"org.axonframework.eventhandling.async.EventProcessorTask$ProcessingTask","EventProcessorTask$ProcessingTask","centralityCloseness",0.002008032128514056,""
"org.axonframework.eventhandling.scheduling.dbscheduler.DbSchedulerEventScheduler","DbSchedulerEventScheduler","centralityCloseness",0.002008032128514056,""
"org.axonframework.eventsourcing.eventstore.jdbc.statements.AppendEventsStatementBuilder","AppendEventsStatementBuilder","centralityCloseness",0.002008032128514056,""
"org.axonframework.eventsourcing.eventstore.jdbc.statements.AppendSnapshotStatementBuilder","AppendSnapshotStatementBuilder","centralityCloseness",0.002008032128514056,""
"org.axonframework.eventsourcing.eventstore.jdbc.statements.CleanGapsStatementBuilder","CleanGapsStatementBuilder","centralityCloseness",0.002008032128514056,""
"org.axonframework.eventsourcing.eventstore.jdbc.statements.CreateHeadTokenStatementBuilder","CreateHeadTokenStatementBuilder","centralityCloseness",0.002008032128514056,""
"org.axonframework.eventsourcing.eventstore.jdbc.statements.CreateTailTokenStatementBuilder","CreateTailTokenStatementBuilder","centralityCloseness",0.002008032128514056,""
"org.axonframework.eventsourcing.eventstore.jdbc.statements.CreateTokenAtStatementBuilder","CreateTokenAtStatementBuilder","centralityCloseness",0.002008032128514056,""
"org.axonframework.eventsourcing.eventstore.jdbc.statements.DeleteSnapshotsStatementBuilder","DeleteSnapshotsStatementBuilder","centralityCloseness",0.002008032128514056,""
"org.axonframework.eventsourcing.eventstore.jdbc.statements.FetchTrackedEventsStatementBuilder","FetchTrackedEventsStatementBuilder","centralityCloseness",0.002008032128514056,""
"org.axonframework.eventsourcing.eventstore.jdbc.statements.LastSequenceNumberForStatementBuilder","LastSequenceNumberForStatementBuilder","centralityCloseness",0.002008032128514056,""
"org.axonframework.eventsourcing.eventstore.jdbc.statements.ReadEventDataForAggregateStatementBuilder","ReadEventDataForAggregateStatementBuilder","centralityCloseness",0.002008032128514056,""
"org.axonframework.eventsourcing.eventstore.jdbc.statements.ReadEventDataWithGapsStatementBuilder","ReadEventDataWithGapsStatementBuilder","centralityCloseness",0.002008032128514056,""
"org.axonframework.eventsourcing.eventstore.jdbc.statements.ReadEventDataWithoutGapsStatementBuilder","ReadEventDataWithoutGapsStatementBuilder","centralityCloseness",0.002008032128514056,""
"org.axonframework.eventsourcing.eventstore.jdbc.statements.ReadSnapshotDataStatementBuilder","ReadSnapshotDataStatementBuilder","centralityCloseness",0.002008032128514056,""
"org.axonframework.eventsourcing.eventstore.legacyjpa.EmbeddedEventStore$Builder","EmbeddedEventStore$Builder","centralityCloseness",0.002008032128514056,""
"org.axonframework.eventsourcing.eventstore.legacyjpa.EmbeddedEventStore$Cleaner","EmbeddedEventStore$Cleaner","centralityCloseness",0.002008032128514056,""
"org.axonframework.eventsourcing.eventstore.legacyjpa.EmbeddedEventStore$EventProducer","EmbeddedEventStore$EventProducer","centralityCloseness",0.002008032128514056,""
"org.axonframework.messaging.interceptors.MessageHandlerInterceptor","MessageHandlerInterceptor","centralityCloseness",0.002008032128514056,""
"org.axonframework.messaging.timeout.AxonTaskJanitor","AxonTaskJanitor","centralityCloseness",0.002008032128514056,""
"org.axonframework.modelling.command.inspection.AbstractChildEntityDefinition","AbstractChildEntityDefinition","centralityCloseness",0.002008032128514056,""
"org.axonframework.modelling.saga.repository.AssociationValueMap$1","AssociationValueMap$1","centralityCloseness",0.002008032128514056,""
"org.axonframework.springboot.autoconfig.AvroSerializerAutoConfiguration$AvroConfiguredCondition","AvroSerializerAutoConfiguration$AvroConfiguredCondition","centralityCloseness",0.002008032128514056,""
"org.axonframework.springboot.autoconfig.AxonTracingAutoConfiguration","AxonTracingAutoConfiguration","centralityCloseness",0.002008032128514056,""
"org.axonframework.springboot.autoconfig.TransactionAutoConfiguration","TransactionAutoConfiguration","centralityCloseness",0.002008032128514056,""
"org.axonframework.springboot.util.jpa.ContainerManagedEntityManagerProvider","ContainerManagedEntityManagerProvider","centralityCloseness",0.002008032128514056,""
"org.axonframework.test.aggregate.AggregateTestFixture$ComparationEntry","AggregateTestFixture$ComparationEntry","centralityCloseness",0.002008032128514056,""
"org.axonframework.test.aggregate.AggregateTestFixture$IdentifierValidatingRepository","AggregateTestFixture$IdentifierValidatingRepository","centralityCloseness",0.002008032128514056,""
"org.axonframework.test.aggregate.AggregateTestFixture$InMemoryRepository","AggregateTestFixture$InMemoryRepository","centralityCloseness",0.002008032128514056,""
"org.axonframework.test.aggregate.FixtureConfiguration","FixtureConfiguration","centralityCloseness",0.002008032128514056,""
"org.axonframework.test.aggregate.ResultValidatorImpl","ResultValidatorImpl","centralityCloseness",0.002008032128514056,""
"org.axonframework.test.matchers.MatchAllFieldFilter","MatchAllFieldFilter","centralityCloseness",0.002008032128514056,""
"org.axonframework.tracing.LoggingSpanFactory","LoggingSpanFactory","centralityCloseness",0.002008032128514056,""
"org.axonframework.tracing.LoggingSpanFactory$1","LoggingSpanFactory$1","centralityCloseness",0.002008032128514056,""
"org.axonframework.updates.UpdateCheckerHttpClient","UpdateCheckerHttpClient","centralityCloseness",0.002008032128514056,""
"org.axonframework.test.eventscheduler.EventConsumer","EventConsumer","centralityCloseness",0.0019292857705331128,""
"org.axonframework.test.eventscheduler.StubScheduleToken","StubScheduleToken","centralityCloseness",0.0019292857705331128,""
"org.axonframework.test.utils.DefaultCallbackBehavior","DefaultCallbackBehavior","centralityCloseness",0.0019292857705331128,""
"org.axonframework.config.ConfigurationParameterResolverFactory","ConfigurationParameterResolverFactory","centralityCloseness",0.0018592890078833854,""
"org.axonframework.config.ConfigurationResourceInjector","ConfigurationResourceInjector","centralityCloseness",0.0018592890078833854,""
"org.axonframework.config.MessageHandlerRegistrar","MessageHandlerRegistrar","centralityCloseness",0.0018592890078833854,""
"org.axonframework.config.MessageMonitorFactoryBuilder","MessageMonitorFactoryBuilder","centralityCloseness",0.0018592890078833854,""
"org.axonframework.eventhandling.MultiSourceTrackingToken","MultiSourceTrackingToken","centralityCloseness",0.0018592890078833854,""
"org.axonframework.eventhandling.MultiStreamableMessageSource$SourceIdAwareBlockingStream","MultiStreamableMessageSource$SourceIdAwareBlockingStream","centralityCloseness",0.0018592890078833854,""
"org.axonframework.messaging.timeout.AxonTimeLimitedTask","AxonTimeLimitedTask","centralityCloseness",0.0018592890078833854,""
"org.axonframework.messaging.timeout.HandlerTimeoutConfiguration","HandlerTimeoutConfiguration","centralityCloseness",0.0018592890078833854,""
"org.axonframework.queryhandling.annotation.AnnotationQueryHandlerAdapter","AnnotationQueryHandlerAdapter","centralityCloseness",0.0018592890078833854,""
"org.axonframework.springboot.autoconfig.XStreamAutoConfiguration$XStreamConfiguredCondition$EventsXStreamCondition","XStreamAutoConfiguration$XStreamConfiguredCondition$EventsXStreamCondition","centralityCloseness",0.0018592890078833854,""
"org.axonframework.springboot.autoconfig.XStreamAutoConfiguration$XStreamConfiguredCondition$GeneralDefaultCondition","XStreamAutoConfiguration$XStreamConfiguredCondition$GeneralDefaultCondition","centralityCloseness",0.0018592890078833854,""
"org.axonframework.springboot.autoconfig.XStreamAutoConfiguration$XStreamConfiguredCondition$GeneralXStreamCondition","XStreamAutoConfiguration$XStreamConfiguredCondition$GeneralXStreamCondition","centralityCloseness",0.0018592890078833854,""
"org.axonframework.springboot.autoconfig.XStreamAutoConfiguration$XStreamConfiguredCondition$MessagesXStreamCondition","XStreamAutoConfiguration$XStreamConfiguredCondition$MessagesXStreamCondition","centralityCloseness",0.0018592890078833854,""
"org.axonframework.test.aggregate.AggregateTestFixture$CreationalRepository","AggregateTestFixture$CreationalRepository","centralityCloseness",0.0018592890078833854,""
"org.axonframework.test.aggregate.AggregateTestFixture$ExecutionExceptionAwareCallback","AggregateTestFixture$ExecutionExceptionAwareCallback","centralityCloseness",0.0018592890078833854,""
"org.axonframework.test.saga.RecordingListenerInvocationErrorHandler","RecordingListenerInvocationErrorHandler","centralityCloseness",0.0018592890078833854,""
"org.axonframework.test.saga.SagaTestFixture$StubAwareCommandGatewayFactory","SagaTestFixture$StubAwareCommandGatewayFactory","centralityCloseness",0.0018592890078833854,""
"org.axonframework.test.saga.SagaTestFixture$StubAwareCommandGatewayFactory$Builder","SagaTestFixture$StubAwareCommandGatewayFactory$Builder","centralityCloseness",0.0018592890078833854,""
"org.axonframework.test.saga.SagaTestFixture$TransienceValidatingResourceInjector","SagaTestFixture$TransienceValidatingResourceInjector","centralityCloseness",0.0018592890078833854,""
"org.axonframework.util.HandlerTypeResolver","HandlerTypeResolver","centralityCloseness",0.0018592890078833854,""
"org.axonframework.util.MavenArtifactVersionResolver","MavenArtifactVersionResolver","centralityCloseness",0.0018535681186283596,""
"org.axonframework.commandhandling.gateway.NonTransientExceptionClassesPredicate","NonTransientExceptionClassesPredicate","centralityCloseness",0.0018221032277257177,""
"org.axonframework.commandhandling.gateway.AbstractRetryScheduler","AbstractRetryScheduler","centralityCloseness",0.00178491744756805,""
"org.axonframework.config.DefaultConfigurer$1","DefaultConfigurer$1","centralityCloseness",0.00178491744756805,""
"org.axonframework.deadline.dbscheduler.DbSchedulerBinaryDeadlineDetails","DbSchedulerBinaryDeadlineDetails","centralityCloseness",0.00178491744756805,""
"org.axonframework.eventhandling.deadletter.legacyjpa.JpaSequencedDeadLetterQueue$Builder","JpaSequencedDeadLetterQueue$Builder","centralityCloseness",0.00178491744756805,""
"org.axonframework.eventhandling.scheduling.dbscheduler.DbSchedulerBinaryEventData","DbSchedulerBinaryEventData","centralityCloseness",0.00178491744756805,""
"org.axonframework.eventhandling.tokenstore.jdbc.JdbcTokenStore","JdbcTokenStore","centralityCloseness",0.00178491744756805,""
"org.axonframework.eventhandling.tokenstore.jdbc.JdbcTokenStore$Builder","JdbcTokenStore$Builder","centralityCloseness",0.00178491744756805,""
"org.axonframework.eventsourcing.AbstractSnapshotTrigger","AbstractSnapshotTrigger","centralityCloseness",0.00178491744756805,""
"org.axonframework.eventsourcing.eventstore.legacyjpa.SQLErrorCodesResolver","SQLErrorCodesResolver","centralityCloseness",0.00178491744756805,""
"org.axonframework.messaging.annotation.UnsupportedHandlerException","UnsupportedHandlerException","centralityCloseness",0.00178491744756805,""
"org.axonframework.modelling.saga.repository.jdbc.JdbcSagaStore","JdbcSagaStore","centralityCloseness",0.00178491744756805,""
"org.axonframework.modelling.saga.repository.jdbc.JdbcSagaStore$Builder","JdbcSagaStore$Builder","centralityCloseness",0.00178491744756805,""
"org.axonframework.test.aggregate.Reporter","Reporter","centralityCloseness",0.0017262030578454168,""
"org.axonframework.test.matchers.MapEntryMatcher","MapEntryMatcher","centralityCloseness",0.0017262030578454168,""
"org.axonframework.eventsourcing.eventstore.jdbc.statements.JdbcEventStorageEngineStatements","JdbcEventStorageEngineStatements","centralityCloseness",0.001721170395869191,""
"org.axonframework.tracing.TracingHandlerEnhancerDefinition$1","TracingHandlerEnhancerDefinition$1","centralityCloseness",0.001721170395869191,""
"org.axonframework.eventhandling.deadletter.legacyjpa.JpaDeadLetter","JpaDeadLetter","centralityCloseness",0.0016733601070950468,""
"org.axonframework.eventsourcing.eventstore.jdbc.JdbcEventStorageEngine$1","JdbcEventStorageEngine$1","centralityCloseness",0.0016733601070950468,""
"org.axonframework.test.aggregate.AggregateTestFixture$DefaultRepositoryProvider","AggregateTestFixture$DefaultRepositoryProvider","centralityCloseness",0.0016733601070950468,""
"org.axonframework.test.aggregate.AggregateTestFixture$RecordingEventStore","AggregateTestFixture$RecordingEventStore","centralityCloseness",0.0016733601070950468,""
"org.axonframework.common.jdbc.PagingJdbcIterable$PagingIterator","PagingJdbcIterable$PagingIterator","centralityCloseness",0.0016398929049531458,""
"org.axonframework.test.saga.DescriptionUtils","DescriptionUtils","centralityCloseness",0.0016398929049531458,""
"org.axonframework.messaging.timeout.AxonTimeoutException","AxonTimeoutException","centralityCloseness",0.0016064257028112448,""
"org.axonframework.queryhandling.QueryHandlerAdapter","QueryHandlerAdapter","centralityCloseness",0.0016064257028112448,""
"org.axonframework.test.matchers.EqualsMatcher","EqualsMatcher","centralityCloseness",0.0015865932867271553,""
"org.axonframework.test.matchers.MapEntryMatcher$Matching","MapEntryMatcher$Matching","centralityCloseness",0.0015865932867271553,""
"org.axonframework.config.AxonIQConsoleModule","AxonIQConsoleModule","centralityCloseness",0.001529929240772614,""
"org.axonframework.config.DefaultConfigurer$ConfigurationImpl","DefaultConfigurer$ConfigurationImpl","centralityCloseness",0.001529929240772614,""
"org.axonframework.deadline.dbscheduler.DbSchedulerDeadlineToken","DbSchedulerDeadlineToken","centralityCloseness",0.001529929240772614,""
"org.axonframework.deadline.dbscheduler.DbSchedulerHumanReadableDeadlineDetails","DbSchedulerHumanReadableDeadlineDetails","centralityCloseness",0.001529929240772614,""
"org.axonframework.deadline.dbscheduler.DeadlineManagerNotSuppliedException","DeadlineManagerNotSuppliedException","centralityCloseness",0.001529929240772614,""
"org.axonframework.eventhandling.scheduling.dbscheduler.DbSchedulerHumanReadableEventData","DbSchedulerHumanReadableEventData","centralityCloseness",0.001529929240772614,""
"org.axonframework.eventhandling.scheduling.dbscheduler.DbSchedulerScheduleToken","DbSchedulerScheduleToken","centralityCloseness",0.001529929240772614,""
"org.axonframework.eventhandling.scheduling.dbscheduler.EventSchedulerNotSuppliedException","EventSchedulerNotSuppliedException","centralityCloseness",0.001529929240772614,""
"org.axonframework.messaging.annotation.ResultParameterResolverFactory$1","ResultParameterResolverFactory$1","centralityCloseness",0.001529929240772614,""
"org.axonframework.modelling.command.inspection.AnnotatedChildEntity","AnnotatedChildEntity","centralityCloseness",0.001529929240772614,""
"org.axonframework.springboot.TracingProperties","TracingProperties","centralityCloseness",0.001529929240772614,""
"org.axonframework.tracing.attributes.AggregateIdentifierSpanAttributesProvider","AggregateIdentifierSpanAttributesProvider","centralityCloseness",0.001529929240772614,""
"org.axonframework.tracing.attributes.MessageIdSpanAttributesProvider","MessageIdSpanAttributesProvider","centralityCloseness",0.001529929240772614,""
"org.axonframework.tracing.attributes.MessageNameSpanAttributesProvider","MessageNameSpanAttributesProvider","centralityCloseness",0.001529929240772614,""
"org.axonframework.tracing.attributes.MessageTypeSpanAttributesProvider","MessageTypeSpanAttributesProvider","centralityCloseness",0.001529929240772614,""
"org.axonframework.tracing.attributes.MetadataSpanAttributesProvider","MetadataSpanAttributesProvider","centralityCloseness",0.001529929240772614,""
"org.axonframework.tracing.attributes.PayloadTypeSpanAttributesProvider","PayloadTypeSpanAttributesProvider","centralityCloseness",0.001529929240772614,""
"org.axonframework.common.jdbc.DataSourceConnectionProvider","DataSourceConnectionProvider","centralityCloseness",0.001521236460995497,""
"org.axonframework.eventhandling.deadletter.jdbc.JdbcSequencedDeadLetterQueue$1","JdbcSequencedDeadLetterQueue$1","centralityCloseness",0.001521236460995497,""
"org.axonframework.eventhandling.deadletter.legacyjpa.EventMessageDeadLetterJpaConverter","EventMessageDeadLetterJpaConverter","centralityCloseness",0.001521236460995497,""
"org.axonframework.eventhandling.tokenstore.GenericTokenEntry","GenericTokenEntry","centralityCloseness",0.001521236460995497,""
"org.axonframework.modelling.saga.SagaStorageException","SagaStorageException","centralityCloseness",0.001521236460995497,""
"org.axonframework.modelling.saga.repository.jdbc.JdbcSagaStore$EntryImpl","JdbcSagaStore$EntryImpl","centralityCloseness",0.001521236460995497,""
"org.axonframework.actuator.HealthStatus","HealthStatus","centralityCloseness",0.001506024096385542,""
"org.axonframework.commandhandling.distributed.ConsistentHash$1","ConsistentHash$1","centralityCloseness",0.001506024096385542,""
"org.axonframework.commandhandling.distributed.commandfilter.DenyAll","DenyAll","centralityCloseness",0.001506024096385542,""
"org.axonframework.commandhandling.distributed.commandfilter.DenyCommandNameFilter","DenyCommandNameFilter","centralityCloseness",0.001506024096385542,""
"org.axonframework.common.legacyjpa.PagingJpaQueryIterable$PagingIterator","PagingJpaQueryIterable$PagingIterator","centralityCloseness",0.001506024096385542,""
"org.axonframework.deadline.dbscheduler.DbSchedulerDeadlineManager$Builder","DbSchedulerDeadlineManager$Builder","centralityCloseness",0.001506024096385542,""
"org.axonframework.deadline.quartz.DeadlineJob$DeadlineJobDataBinder","DeadlineJob$DeadlineJobDataBinder","centralityCloseness",0.001506024096385542,""
"org.axonframework.eventhandling.ReplayStatus","ReplayStatus","centralityCloseness",0.001506024096385542,""
"org.axonframework.eventhandling.async.PropertySequencingPolicy","PropertySequencingPolicy","centralityCloseness",0.001506024096385542,""
"org.axonframework.eventhandling.async.PropertySequencingPolicy$1","PropertySequencingPolicy$1","centralityCloseness",0.001506024096385542,""
"org.axonframework.eventhandling.async.PropertySequencingPolicy$Builder","PropertySequencingPolicy$Builder","centralityCloseness",0.001506024096385542,""
"org.axonframework.eventhandling.scheduling.dbscheduler.DbSchedulerEventScheduler$Builder","DbSchedulerEventScheduler$Builder","centralityCloseness",0.001506024096385542,""
"org.axonframework.eventhandling.tokenstore.legacyjpa.JpaTokenStore","JpaTokenStore","centralityCloseness",0.001506024096385542,""
"org.axonframework.eventhandling.tokenstore.legacyjpa.JpaTokenStore$Builder","JpaTokenStore$Builder","centralityCloseness",0.001506024096385542,""
"org.axonframework.modelling.saga.repository.AssociationValueMap$SagaAssociationValue","AssociationValueMap$SagaAssociationValue","centralityCloseness",0.001506024096385542,""
"org.axonframework.modelling.saga.repository.legacyjpa.JpaSagaStore","JpaSagaStore","centralityCloseness",0.001506024096385542,""
"org.axonframework.modelling.saga.repository.legacyjpa.JpaSagaStore$Builder","JpaSagaStore$Builder","centralityCloseness",0.001506024096385542,""
"org.axonframework.springboot.MetricsProperties$Micrometer","MetricsProperties$Micrometer","centralityCloseness",0.001506024096385542,""
"org.axonframework.springboot.TimeoutProperties$MessageHandlerTimeoutProperties","TimeoutProperties$MessageHandlerTimeoutProperties","centralityCloseness",0.001506024096385542,""
"org.axonframework.springboot.TimeoutProperties$TransactionTimeoutProperties","TimeoutProperties$TransactionTimeoutProperties","centralityCloseness",0.001506024096385542,""
"org.axonframework.test.saga.SagaTestFixture","SagaTestFixture","centralityCloseness",0.001506024096385542,""
"org.axonframework.test.saga.SagaTestFixture$1","SagaTestFixture$1","centralityCloseness",0.001506024096385542,""
"org.axonframework.tracing.LoggingSpanFactory$Slf4jSpan","LoggingSpanFactory$Slf4jSpan","centralityCloseness",0.001506024096385542,""
"org.axonframework.updates.detection.TestEnvironmentDetector","TestEnvironmentDetector","centralityCloseness",0.001506024096385542,""
"org.axonframework.modelling.command.inspection.ChildForwardingCommandMessageHandlingMember","ChildForwardingCommandMessageHandlingMember","centralityCloseness",0.0013944667559125392,""
"org.axonframework.springboot.TracingProperties$AttributeProviders","TracingProperties$AttributeProviders","centralityCloseness",0.0013944667559125392,""
"org.axonframework.springboot.TracingProperties$RepositoryProperties","TracingProperties$RepositoryProperties","centralityCloseness",0.0013944667559125392,""
"org.axonframework.axonserver.connector.util.Scheduler","Scheduler","centralityCloseness",0.0013386880856760374,""
"org.axonframework.commandhandling.MethodCommandHandlerDefinition$1","MethodCommandHandlerDefinition$1","centralityCloseness",0.0013386880856760374,""
"org.axonframework.commandhandling.distributed.CommandBusConnector","CommandBusConnector","centralityCloseness",0.0013386880856760374,""
"org.axonframework.commandhandling.distributed.CommandRouter","CommandRouter","centralityCloseness",0.0013386880856760374,""
"org.axonframework.common.caching.EhCache3Adapter$1","EhCache3Adapter$1","centralityCloseness",0.0013386880856760374,""
"org.axonframework.common.jdbc.Oracle11Utils","Oracle11Utils","centralityCloseness",0.0013386880856760374,""
"org.axonframework.common.property.AbstractMethodPropertyAccessStrategy","AbstractMethodPropertyAccessStrategy","centralityCloseness",0.0013386880856760374,""
"org.axonframework.deadline.annotation.DeadlineMethodMessageHandlerDefinition$1","DeadlineMethodMessageHandlerDefinition$1","centralityCloseness",0.0013386880856760374,""
"org.axonframework.deadline.jobrunr.JobRunrDeadlineManager","JobRunrDeadlineManager","centralityCloseness",0.0013386880856760374,""
"org.axonframework.deadline.jobrunr.JobRunrDeadlineManager$Builder","JobRunrDeadlineManager$Builder","centralityCloseness",0.0013386880856760374,""
"org.axonframework.eventhandling.AllowReplay","AllowReplay","centralityCloseness",0.0013386880856760374,""
"org.axonframework.eventhandling.MultiStreamableMessageSource$MultiSourceBlockingStream","MultiStreamableMessageSource$MultiSourceBlockingStream","centralityCloseness",0.0013386880856760374,""
"org.axonframework.eventhandling.TrackingTokenParameterResolverFactory$1","TrackingTokenParameterResolverFactory$1","centralityCloseness",0.0013386880856760374,""
"org.axonframework.eventhandling.async.AsynchronousEventProcessingStrategy","AsynchronousEventProcessingStrategy","centralityCloseness",0.0013386880856760374,""
"org.axonframework.eventhandling.async.AsynchronousEventProcessingStrategy$1","AsynchronousEventProcessingStrategy$1","centralityCloseness",0.0013386880856760374,""
"org.axonframework.eventhandling.async.MetaDataSequencingPolicy","MetaDataSequencingPolicy","centralityCloseness",0.0013386880856760374,""
"org.axonframework.eventhandling.async.MetaDataSequencingPolicy$1","MetaDataSequencingPolicy$1","centralityCloseness",0.0013386880856760374,""
"org.axonframework.eventhandling.deadletter.legacyjpa.JpaSequencedDeadLetterQueue$1","JpaSequencedDeadLetterQueue$1","centralityCloseness",0.0013386880856760374,""
"org.axonframework.eventhandling.replay.ReplayParameterResolverFactory","ReplayParameterResolverFactory","centralityCloseness",0.0013386880856760374,""
"org.axonframework.eventhandling.replay.ReplayParameterResolverFactory$1","ReplayParameterResolverFactory$1","centralityCloseness",0.0013386880856760374,""
"org.axonframework.eventhandling.scheduling.java.SimpleEventScheduler","SimpleEventScheduler","centralityCloseness",0.0013386880856760374,""
"org.axonframework.eventhandling.scheduling.jobrunr.JobRunrEventScheduler","JobRunrEventScheduler","centralityCloseness",0.0013386880856760374,""
"org.axonframework.eventhandling.scheduling.jobrunr.JobRunrEventScheduler$Builder","JobRunrEventScheduler$Builder","centralityCloseness",0.0013386880856760374,""
"org.axonframework.eventhandling.scheduling.quartz.QuartzEventScheduler$DirectEventJobDataBinder","QuartzEventScheduler$DirectEventJobDataBinder","centralityCloseness",0.0013386880856760374,""
"org.axonframework.eventsourcing.eventstore.legacyjpa.JpaEventStorageEngine","JpaEventStorageEngine","centralityCloseness",0.0013386880856760374,""
"org.axonframework.eventsourcing.eventstore.legacyjpa.JpaEventStorageEngine$Builder","JpaEventStorageEngine$Builder","centralityCloseness",0.0013386880856760374,""
"org.axonframework.messaging.annotation.ResultParameterResolverFactory$ExceptionResultParameterResolver","ResultParameterResolverFactory$ExceptionResultParameterResolver","centralityCloseness",0.0013386880856760374,""
"org.axonframework.messaging.annotation.ScopeDescriptorParameterResolverFactory$1","ScopeDescriptorParameterResolverFactory$1","centralityCloseness",0.0013386880856760374,""
"org.axonframework.modelling.command.ForwardMatchingInstances$1","ForwardMatchingInstances$1","centralityCloseness",0.0013386880856760374,""
"org.axonframework.modelling.command.inspection.MethodCommandHandlerInterceptorDefinition$1","MethodCommandHandlerInterceptorDefinition$1","centralityCloseness",0.0013386880856760374,""
"org.axonframework.modelling.command.inspection.MethodCreationPolicyDefinition$1","MethodCreationPolicyDefinition$1","centralityCloseness",0.0013386880856760374,""
"org.axonframework.modelling.saga.repository.legacyjpa.JpaSagaStore$EntryImpl","JpaSagaStore$EntryImpl","centralityCloseness",0.0013386880856760374,""
"org.axonframework.springboot.MetricsProperties","MetricsProperties","centralityCloseness",0.0013386880856760374,""
"org.axonframework.springboot.TimeoutProperties","TimeoutProperties","centralityCloseness",0.0013386880856760374,""
"org.axonframework.springboot.autoconfig.AvroSerializerAutoConfiguration$OnMissingDefaultSchemaStoreCondition","AvroSerializerAutoConfiguration$OnMissingDefaultSchemaStoreCondition","centralityCloseness",0.0013386880856760374,""
"org.axonframework.springboot.autoconfig.JdbcAutoConfiguration","JdbcAutoConfiguration","centralityCloseness",0.0013386880856760374,""
"org.axonframework.springboot.autoconfig.NoOpTransactionAutoConfiguration","NoOpTransactionAutoConfiguration","centralityCloseness",0.0013386880856760374,""
"org.axonframework.test.aggregate.StubAggregateLifecycle$1","StubAggregateLifecycle$1","centralityCloseness",0.0013386880856760374,""
"org.axonframework.test.saga.FixtureConfiguration","FixtureConfiguration","centralityCloseness",0.0013386880856760374,""
"org.axonframework.test.saga.FixtureExecutionResultImpl","FixtureExecutionResultImpl","centralityCloseness",0.0013386880856760374,""
"org.axonframework.test.saga.SagaTestFixture$WrappingResourceInjector","SagaTestFixture$WrappingResourceInjector","centralityCloseness",0.0013386880856760374,""
"org.axonframework.test.server.AxonServerContainer","AxonServerContainer","centralityCloseness",0.0013386880856760374,""
"org.axonframework.tracing.opentelemetry.OpenTelemetrySpanFactory","OpenTelemetrySpanFactory","centralityCloseness",0.0013386880856760374,""
"org.axonframework.tracing.opentelemetry.OpenTelemetrySpanFactory$Builder","OpenTelemetrySpanFactory$Builder","centralityCloseness",0.0013386880856760374,""
"org.axonframework.updates.LoggingUpdateCheckerReporter","LoggingUpdateCheckerReporter","centralityCloseness",0.0013386880856760374,""
"org.axonframework.updates.UpdateChecker","UpdateChecker","centralityCloseness",0.0013386880856760374,""
"org.axonframework.test.eventscheduler.EventSchedulerValidator","EventSchedulerValidator","centralityCloseness",0.0012872000823808054,""
"org.axonframework.test.saga.CommandValidator","CommandValidator","centralityCloseness",0.0012872000823808054,""
"org.axonframework.test.saga.EventValidator","EventValidator","centralityCloseness",0.0012872000823808054,""
"org.axonframework.test.saga.RepositoryContentValidator","RepositoryContentValidator","centralityCloseness",0.0012872000823808054,""
"org.axonframework.commandhandling.distributed.ConsistentHash$ConsistentHashMember","ConsistentHash$ConsistentHashMember","centralityCloseness",0.0012048192771084336,""
"org.axonframework.common.property.MethodAccessedProperty","MethodAccessedProperty","centralityCloseness",0.0012048192771084336,""
"org.axonframework.deadline.jobrunr.DeadlineDetails","DeadlineDetails","centralityCloseness",0.0012048192771084336,""
"org.axonframework.eventhandling.async.AsynchronousEventProcessingStrategy$NoActionCallback","AsynchronousEventProcessingStrategy$NoActionCallback","centralityCloseness",0.0012048192771084336,""
"org.axonframework.eventhandling.scheduling.jobrunr.JobRunrScheduleToken","JobRunrScheduleToken","centralityCloseness",0.0012048192771084336,""
"org.axonframework.modelling.saga.repository.AssociationValueMap","AssociationValueMap","centralityCloseness",0.0012048192771084336,""
"org.axonframework.springboot.MetricsProperties$AutoConfiguration","MetricsProperties$AutoConfiguration","centralityCloseness",0.0012048192771084336,""
"org.axonframework.springboot.autoconfig.AvroSerializerAutoConfiguration$AvroConfiguredCondition$EventsAvroCondition","AvroSerializerAutoConfiguration$AvroConfiguredCondition$EventsAvroCondition","centralityCloseness",0.0012048192771084336,""
"org.axonframework.springboot.autoconfig.AvroSerializerAutoConfiguration$AvroConfiguredCondition$MessagesAvroCondition","AvroSerializerAutoConfiguration$AvroConfiguredCondition$MessagesAvroCondition","centralityCloseness",0.0012048192771084336,""
"org.axonframework.test.saga.SagaTestFixture$MutableFieldFilter","SagaTestFixture$MutableFieldFilter","centralityCloseness",0.0012048192771084336,""
"org.axonframework.test.server.AxonServerContainerUtils","AxonServerContainerUtils","centralityCloseness",0.0012048192771084336,""
"org.axonframework.tracing.SpanUtils","SpanUtils","centralityCloseness",0.0012048192771084336,""
"org.axonframework.tracing.opentelemetry.MetadataContextGetter","MetadataContextGetter","centralityCloseness",0.0012048192771084336,""
"org.axonframework.tracing.opentelemetry.MetadataContextSetter","MetadataContextSetter","centralityCloseness",0.0012048192771084336,""
"org.axonframework.tracing.opentelemetry.OpenTelemetrySpan","OpenTelemetrySpan","centralityCloseness",0.0012048192771084336,""
"org.axonframework.updates.detection.AxonVersionDetector","AxonVersionDetector","centralityCloseness",0.0012048192771084336,""
"org.axonframework.updates.detection.KotlinVersion","KotlinVersion","centralityCloseness",0.0012048192771084336,""
"org.axonframework.updates.detection.MachineId","MachineId","centralityCloseness",0.0012048192771084336,""
"org.axonframework.commandhandling.distributed.commandfilter.AcceptAll","AcceptAll","centralityCloseness",0.001004016064257028,""
"org.axonframework.deadline.annotation.DeadlineHandler","DeadlineHandler","centralityCloseness",0.001004016064257028,""
"org.axonframework.deadline.annotation.DeadlineHandlingMember","DeadlineHandlingMember","centralityCloseness",0.001004016064257028,""
"org.axonframework.eventhandling.async.PropertySequencingPolicy$Builder$ExceptionRaisingSequencingPolicy","PropertySequencingPolicy$Builder$ExceptionRaisingSequencingPolicy","centralityCloseness",0.001004016064257028,""
"org.axonframework.messaging.NoScopeDescriptor","NoScopeDescriptor","centralityCloseness",0.001004016064257028,""
"org.axonframework.messaging.SimpleHandlerAttributes","SimpleHandlerAttributes","centralityCloseness",0.001004016064257028,""
"org.axonframework.modelling.command.CommandHandlerInterceptor","CommandHandlerInterceptor","centralityCloseness",0.001004016064257028,""
"org.axonframework.modelling.command.CreationPolicy","CreationPolicy","centralityCloseness",0.001004016064257028,""
"org.axonframework.modelling.saga.repository.AssociationValueMap$AssociationValueComparator","AssociationValueMap$AssociationValueComparator","centralityCloseness",0.001004016064257028,""
"org.axonframework.serialization.upcasting.SingleEntryUpcaster","SingleEntryUpcaster","centralityCloseness",0.001004016064257028,""
"org.axonframework.test.saga.SagaTestFixture$AggregateEventPublisherImpl","SagaTestFixture$AggregateEventPublisherImpl","centralityCloseness",0.001004016064257028,""
"org.axonframework.tracing.LoggingSpanFactory$Slf4jSpan$Slf4jSpanScope","LoggingSpanFactory$Slf4jSpan$Slf4jSpanScope","centralityCloseness",0.001004016064257028,""
"org.axonframework.commandhandling.MethodCommandHandlerDefinition","MethodCommandHandlerDefinition","centralityCloseness",0.000892458723784025,""
"org.axonframework.commandhandling.MethodCommandHandlerDefinition$MethodCommandMessageHandlingMember","MethodCommandHandlerDefinition$MethodCommandMessageHandlingMember","centralityCloseness",0.000892458723784025,""
"org.axonframework.commandhandling.distributed.commandfilter.CommandNameFilter","CommandNameFilter","centralityCloseness",0.000892458723784025,""
"org.axonframework.common.caching.EhCache3Adapter","EhCache3Adapter","centralityCloseness",0.000892458723784025,""
"org.axonframework.common.caching.EhCache3Adapter$CacheEventListenerAdapter","EhCache3Adapter$CacheEventListenerAdapter","centralityCloseness",0.000892458723784025,""
"org.axonframework.deadline.annotation.DeadlineMethodMessageHandlerDefinition","DeadlineMethodMessageHandlerDefinition","centralityCloseness",0.000892458723784025,""
"org.axonframework.deadline.annotation.DeadlineMethodMessageHandlerDefinition$DeadlineMethodMessageHandlingMember","DeadlineMethodMessageHandlerDefinition$DeadlineMethodMessageHandlingMember","centralityCloseness",0.000892458723784025,""
"org.axonframework.deadline.quartz.DeadlineJob","DeadlineJob","centralityCloseness",0.000892458723784025,""
"org.axonframework.eventhandling.TrackingTokenParameterResolverFactory","TrackingTokenParameterResolverFactory","centralityCloseness",0.000892458723784025,""
"org.axonframework.eventhandling.TrackingTokenParameterResolverFactory$TrackingTokenParameterResolver","TrackingTokenParameterResolverFactory$TrackingTokenParameterResolver","centralityCloseness",0.000892458723784025,""
"org.axonframework.eventhandling.async.AsynchronousEventProcessingStrategy$SchedulerCleanUp","AsynchronousEventProcessingStrategy$SchedulerCleanUp","centralityCloseness",0.000892458723784025,""
"org.axonframework.eventhandling.async.MetaDataSequencingPolicy$Builder","MetaDataSequencingPolicy$Builder","centralityCloseness",0.000892458723784025,""
"org.axonframework.eventhandling.replay.ReplayParameterResolverFactory$ReplayParameterResolver","ReplayParameterResolverFactory$ReplayParameterResolver","centralityCloseness",0.000892458723784025,""
"org.axonframework.eventhandling.scheduling.java.SimpleEventScheduler$Builder","SimpleEventScheduler$Builder","centralityCloseness",0.000892458723784025,""
"org.axonframework.eventhandling.scheduling.java.SimpleEventScheduler$PublishEventTask","SimpleEventScheduler$PublishEventTask","centralityCloseness",0.000892458723784025,""
"org.axonframework.eventhandling.scheduling.quartz.FireEventJob","FireEventJob","centralityCloseness",0.000892458723784025,""
"org.axonframework.eventhandling.scheduling.quartz.QuartzScheduleToken","QuartzScheduleToken","centralityCloseness",0.000892458723784025,""
"org.axonframework.messaging.annotation.AnnotatedHandlerAttributes","AnnotatedHandlerAttributes","centralityCloseness",0.000892458723784025,""
"org.axonframework.messaging.annotation.ScopeDescriptorParameterResolverFactory","ScopeDescriptorParameterResolverFactory","centralityCloseness",0.000892458723784025,""
"org.axonframework.messaging.annotation.ScopeDescriptorParameterResolverFactory$ScopeDescriptorParameterResolver","ScopeDescriptorParameterResolverFactory$ScopeDescriptorParameterResolver","centralityCloseness",0.000892458723784025,""
"org.axonframework.messaging.timeout.TimeoutWrappedMessageHandlingMember","TimeoutWrappedMessageHandlingMember","centralityCloseness",0.000892458723784025,""
"org.axonframework.messaging.timeout.UnitOfWorkTimeoutInterceptor","UnitOfWorkTimeoutInterceptor","centralityCloseness",0.000892458723784025,""
"org.axonframework.modelling.command.ForwardMatchingInstances","ForwardMatchingInstances","centralityCloseness",0.000892458723784025,""
"org.axonframework.modelling.command.ForwardMatchingInstances$NoProperty","ForwardMatchingInstances$NoProperty","centralityCloseness",0.000892458723784025,""
"org.axonframework.modelling.command.inspection.MethodCommandHandlerInterceptorDefinition","MethodCommandHandlerInterceptorDefinition","centralityCloseness",0.000892458723784025,""
"org.axonframework.modelling.command.inspection.MethodCommandHandlerInterceptorDefinition$MethodCommandHandlerInterceptorHandlingMember","MethodCommandHandlerInterceptorDefinition$MethodCommandHandlerInterceptorHandlingMember","centralityCloseness",0.000892458723784025,""
"org.axonframework.modelling.command.inspection.MethodCreationPolicyDefinition","MethodCreationPolicyDefinition","centralityCloseness",0.000892458723784025,""
"org.axonframework.modelling.command.inspection.MethodCreationPolicyDefinition$MethodCreationPolicyHandlingMember","MethodCreationPolicyDefinition$MethodCreationPolicyHandlingMember","centralityCloseness",0.000892458723784025,""
"org.axonframework.modelling.saga.repository.CachingSagaStore$CacheEntry","CachingSagaStore$CacheEntry","centralityCloseness",0.000892458723784025,""
"org.axonframework.serialization.upcasting.event.SingleEventUpcaster","SingleEventUpcaster","centralityCloseness",0.000892458723784025,""
"org.axonframework.springboot.autoconfig.AvroSerializerAutoConfiguration$OnMissingDefaultSchemaStoreCondition$SchemaStoreIsMissingCondition","AvroSerializerAutoConfiguration$OnMissingDefaultSchemaStoreCondition$SchemaStoreIsMissingCondition","centralityCloseness",0.000892458723784025,""
"org.axonframework.springboot.util.legacyjpa.ContainerManagedEntityManagerProvider","ContainerManagedEntityManagerProvider","centralityCloseness",0.000892458723784025,""
"org.axonframework.actuator.axonserver.AxonServerHealthIndicator","AxonServerHealthIndicator","centralityCloseness",0.0006693440428380187,""
"org.axonframework.actuator.axonserver.AxonServerStatusAggregator","AxonServerStatusAggregator","centralityCloseness",0.0006693440428380187,""
"org.axonframework.axonserver.connector.Handlers","Handlers","centralityCloseness",0.0006693440428380187,""
"org.axonframework.axonserver.connector.heartbeat.HeartbeatMonitor$DefaultScheduler","HeartbeatMonitor$DefaultScheduler","centralityCloseness",0.0006693440428380187,""
"org.axonframework.axonserver.connector.heartbeat.HeartbeatSource","HeartbeatSource","centralityCloseness",0.0006693440428380187,""
"org.axonframework.axonserver.connector.heartbeat.connection.checker.ActiveGrpcChannelChecker","ActiveGrpcChannelChecker","centralityCloseness",0.0006693440428380187,""
"org.axonframework.axonserver.connector.util.ContextAddingInterceptor","ContextAddingInterceptor","centralityCloseness",0.0006693440428380187,""
"org.axonframework.axonserver.connector.util.ContextAddingInterceptor$1","ContextAddingInterceptor$1","centralityCloseness",0.0006693440428380187,""
"org.axonframework.axonserver.connector.util.GrpcBufferingInterceptor$AdditionalMessageRequestingCall","GrpcBufferingInterceptor$AdditionalMessageRequestingCall","centralityCloseness",0.0006693440428380187,""
"org.axonframework.axonserver.connector.util.TokenAddingInterceptor","TokenAddingInterceptor","centralityCloseness",0.0006693440428380187,""
"org.axonframework.axonserver.connector.util.TokenAddingInterceptor$1","TokenAddingInterceptor$1","centralityCloseness",0.0006693440428380187,""
"org.axonframework.commandhandling.AsynchronousCommandBus","AsynchronousCommandBus","centralityCloseness",0.0006693440428380187,""
"org.axonframework.commandhandling.AsynchronousCommandBus$Builder","AsynchronousCommandBus$Builder","centralityCloseness",0.0006693440428380187,""
"org.axonframework.commandhandling.distributed.CommandBusConnectorCommunicationException","CommandBusConnectorCommunicationException","centralityCloseness",0.0006693440428380187,""
"org.axonframework.commandhandling.distributed.CommandCallbackWrapper","CommandCallbackWrapper","centralityCloseness",0.0006693440428380187,""
"org.axonframework.commandhandling.distributed.DistributedCommandBus","DistributedCommandBus","centralityCloseness",0.0006693440428380187,""
"org.axonframework.commandhandling.distributed.DistributedCommandBus$Builder","DistributedCommandBus$Builder","centralityCloseness",0.0006693440428380187,""
"org.axonframework.commandhandling.distributed.MetaDataRoutingStrategy","MetaDataRoutingStrategy","centralityCloseness",0.0006693440428380187,""
"org.axonframework.commandhandling.distributed.MetaDataRoutingStrategy$Builder","MetaDataRoutingStrategy$Builder","centralityCloseness",0.0006693440428380187,""
"org.axonframework.commandhandling.gateway.ExponentialBackOffIntervalRetryScheduler","ExponentialBackOffIntervalRetryScheduler","centralityCloseness",0.0006693440428380187,""
"org.axonframework.commandhandling.gateway.ExponentialBackOffIntervalRetryScheduler$Builder","ExponentialBackOffIntervalRetryScheduler$Builder","centralityCloseness",0.0006693440428380187,""
"org.axonframework.commandhandling.gateway.IntervalRetryScheduler","IntervalRetryScheduler","centralityCloseness",0.0006693440428380187,""
"org.axonframework.commandhandling.gateway.IntervalRetryScheduler$Builder","IntervalRetryScheduler$Builder","centralityCloseness",0.0006693440428380187,""
"org.axonframework.common.caching.EhCacheAdapter$CacheEventListenerAdapter","EhCacheAdapter$CacheEventListenerAdapter","centralityCloseness",0.0006693440428380187,""
"org.axonframework.common.caching.JCacheAdapter$JCacheListenerAdapter","JCacheAdapter$JCacheListenerAdapter","centralityCloseness",0.0006693440428380187,""
"org.axonframework.common.property.DirectlyAccessedProperty","DirectlyAccessedProperty","centralityCloseness",0.0006693440428380187,""
"org.axonframework.deadline.quartz.QuartzDeadlineManager","QuartzDeadlineManager","centralityCloseness",0.0006693440428380187,""
"org.axonframework.deadline.quartz.QuartzDeadlineManager$Builder","QuartzDeadlineManager$Builder","centralityCloseness",0.0006693440428380187,""
"org.axonframework.eventhandling.ConcludesBatch","ConcludesBatch","centralityCloseness",0.0006693440428380187,""
"org.axonframework.eventhandling.SequenceNumber","SequenceNumber","centralityCloseness",0.0006693440428380187,""
"org.axonframework.eventhandling.SequenceNumberParameterResolverFactory$SequenceNumberParameterResolver","SequenceNumberParameterResolverFactory$SequenceNumberParameterResolver","centralityCloseness",0.0006693440428380187,""
"org.axonframework.eventhandling.Timestamp","Timestamp","centralityCloseness",0.0006693440428380187,""
"org.axonframework.eventhandling.TimestampParameterResolverFactory$TimestampParameterResolver","TimestampParameterResolverFactory$TimestampParameterResolver","centralityCloseness",0.0006693440428380187,""
"org.axonframework.eventhandling.replay.ReplayAwareMessageHandlerWrapper$ReplayBlockingMessageHandlingMember","ReplayAwareMessageHandlerWrapper$ReplayBlockingMessageHandlingMember","centralityCloseness",0.0006693440428380187,""
"org.axonframework.eventhandling.replay.ReplayContext","ReplayContext","centralityCloseness",0.0006693440428380187,""
"org.axonframework.eventhandling.replay.ReplayContextParameterResolverFactory$ReplayContextParameterResolver","ReplayContextParameterResolverFactory$ReplayContextParameterResolver","centralityCloseness",0.0006693440428380187,""
"org.axonframework.eventhandling.scheduling.quartz.QuartzEventScheduler","QuartzEventScheduler","centralityCloseness",0.0006693440428380187,""
"org.axonframework.eventhandling.scheduling.quartz.QuartzEventScheduler$Builder","QuartzEventScheduler$Builder","centralityCloseness",0.0006693440428380187,""
"org.axonframework.eventhandling.tokenstore.jdbc.GenericTokenTableFactory","GenericTokenTableFactory","centralityCloseness",0.0006693440428380187,""
"org.axonframework.eventsourcing.AggregateLoadTimeSnapshotTriggerDefinition","AggregateLoadTimeSnapshotTriggerDefinition","centralityCloseness",0.0006693440428380187,""
"org.axonframework.eventsourcing.AggregateLoadTimeSnapshotTriggerDefinition$AggregateLoadTimeSnapshotTrigger","AggregateLoadTimeSnapshotTriggerDefinition$AggregateLoadTimeSnapshotTrigger","centralityCloseness",0.0006693440428380187,""
"org.axonframework.eventsourcing.EventCountSnapshotTriggerDefinition$EventCountSnapshotTrigger","EventCountSnapshotTriggerDefinition$EventCountSnapshotTrigger","centralityCloseness",0.0006693440428380187,""
"org.axonframework.eventsourcing.MultiStreamableMessageSource$Builder","MultiStreamableMessageSource$Builder","centralityCloseness",0.0006693440428380187,""
"org.axonframework.eventsourcing.eventstore.SequenceEventStorageEngine$ConcatenatingDomainEventStream","SequenceEventStorageEngine$ConcatenatingDomainEventStream","centralityCloseness",0.0006693440428380187,""
"org.axonframework.eventsourcing.eventstore.SequenceEventStorageEngine$ConcatenatingSpliterator","SequenceEventStorageEngine$ConcatenatingSpliterator","centralityCloseness",0.0006693440428380187,""
"org.axonframework.eventsourcing.eventstore.inmemory.InMemoryEventStorageEngine$MapEntrySpliterator","InMemoryEventStorageEngine$MapEntrySpliterator","centralityCloseness",0.0006693440428380187,""
"org.axonframework.messaging.annotation.AggregateType","AggregateType","centralityCloseness",0.0006693440428380187,""
"org.axonframework.messaging.annotation.AggregateTypeParameterResolverFactory$AggregateTypeParameterResolver","AggregateTypeParameterResolverFactory$AggregateTypeParameterResolver","centralityCloseness",0.0006693440428380187,""
"org.axonframework.messaging.annotation.AnnotatedMessageHandlingMember","AnnotatedMessageHandlingMember","centralityCloseness",0.0006693440428380187,""
"org.axonframework.messaging.annotation.DefaultParameterResolverFactory$AnnotatedMetaDataParameterResolver","DefaultParameterResolverFactory$AnnotatedMetaDataParameterResolver","centralityCloseness",0.0006693440428380187,""
"org.axonframework.messaging.annotation.DefaultParameterResolverFactory$MessageParameterResolver","DefaultParameterResolverFactory$MessageParameterResolver","centralityCloseness",0.0006693440428380187,""
"org.axonframework.messaging.annotation.DefaultParameterResolverFactory$MetaDataParameterResolver","DefaultParameterResolverFactory$MetaDataParameterResolver","centralityCloseness",0.0006693440428380187,""
"org.axonframework.messaging.annotation.MessageHandlerInterceptorDefinition$InterceptedMessageHandlingMember","MessageHandlerInterceptorDefinition$InterceptedMessageHandlingMember","centralityCloseness",0.0006693440428380187,""
"org.axonframework.messaging.annotation.MessageHandlerInterceptorDefinition$ResultHandlingInterceptorMember","MessageHandlerInterceptorDefinition$ResultHandlingInterceptorMember","centralityCloseness",0.0006693440428380187,""
"org.axonframework.messaging.annotation.MessageIdentifier","MessageIdentifier","centralityCloseness",0.0006693440428380187,""
"org.axonframework.messaging.annotation.MessageIdentifierParameterResolverFactory$MessageIdentifierParameterResolver","MessageIdentifierParameterResolverFactory$MessageIdentifierParameterResolver","centralityCloseness",0.0006693440428380187,""
"org.axonframework.messaging.annotation.PayloadParameterResolver","PayloadParameterResolver","centralityCloseness",0.0006693440428380187,""
"org.axonframework.messaging.annotation.SourceId","SourceId","centralityCloseness",0.0006693440428380187,""
"org.axonframework.messaging.annotation.SourceIdParameterResolverFactory$SourceIdParameterResolver","SourceIdParameterResolverFactory$SourceIdParameterResolver","centralityCloseness",0.0006693440428380187,""
"org.axonframework.messaging.deadletter.DeadLetterParameterResolverFactory$DeadLetterParameterResolver","DeadLetterParameterResolverFactory$DeadLetterParameterResolver","centralityCloseness",0.0006693440428380187,""
"org.axonframework.messaging.deadletter.InMemorySequencedDeadLetterQueue","InMemorySequencedDeadLetterQueue","centralityCloseness",0.0006693440428380187,""
"org.axonframework.messaging.deadletter.InMemorySequencedDeadLetterQueue$Builder","InMemorySequencedDeadLetterQueue$Builder","centralityCloseness",0.0006693440428380187,""
"org.axonframework.messaging.interceptors.JSR303ViolationException","JSR303ViolationException","centralityCloseness",0.0006693440428380187,""
"org.axonframework.messaging.interceptors.legacyvalidation.JSR303ViolationException","JSR303ViolationException","centralityCloseness",0.0006693440428380187,""
"org.axonframework.messaging.timeout.HandlerTimeoutHandlerEnhancerDefinition","HandlerTimeoutHandlerEnhancerDefinition","centralityCloseness",0.0006693440428380187,""
"org.axonframework.modelling.command.legacyjpa.GenericJpaRepository","GenericJpaRepository","centralityCloseness",0.0006693440428380187,""
"org.axonframework.modelling.command.legacyjpa.GenericJpaRepository$Builder","GenericJpaRepository$Builder","centralityCloseness",0.0006693440428380187,""
"org.axonframework.modelling.saga.EndSaga","EndSaga","centralityCloseness",0.0006693440428380187,""
"org.axonframework.modelling.saga.EndSagaMessageHandlerDefinition$EndSageMessageHandlingMember","EndSagaMessageHandlerDefinition$EndSageMessageHandlingMember","centralityCloseness",0.0006693440428380187,""
"org.axonframework.modelling.saga.PayloadAssociationResolver","PayloadAssociationResolver","centralityCloseness",0.0006693440428380187,""
"org.axonframework.modelling.saga.repository.CachingSagaStore","CachingSagaStore","centralityCloseness",0.0006693440428380187,""
"org.axonframework.modelling.saga.repository.CachingSagaStore$Builder","CachingSagaStore$Builder","centralityCloseness",0.0006693440428380187,""
"org.axonframework.monitoring.MultiMessageMonitor","MultiMessageMonitor","centralityCloseness",0.0006693440428380187,""
"org.axonframework.monitoring.MultiMessageMonitor$1","MultiMessageMonitor$1","centralityCloseness",0.0006693440428380187,""
"org.axonframework.queryhandling.annotation.MethodQueryMessageHandlerDefinition$MethodQueryMessageHandlingMember","MethodQueryMessageHandlerDefinition$MethodQueryMessageHandlingMember","centralityCloseness",0.0006693440428380187,""
"org.axonframework.serialization.upcasting.ContextAwareSingleEntryMultiUpcaster","ContextAwareSingleEntryMultiUpcaster","centralityCloseness",0.0006693440428380187,""
"org.axonframework.serialization.upcasting.ContextAwareSingleEntryUpcaster","ContextAwareSingleEntryUpcaster","centralityCloseness",0.0006693440428380187,""
"org.axonframework.serialization.upcasting.SingleEntryMultiUpcaster","SingleEntryMultiUpcaster","centralityCloseness",0.0006693440428380187,""
"org.axonframework.serialization.upcasting.event.EventTypeUpcaster","EventTypeUpcaster","centralityCloseness",0.0006693440428380187,""
"org.axonframework.serialization.upcasting.event.EventTypeUpcaster$Builder","EventTypeUpcaster$Builder","centralityCloseness",0.0006693440428380187,""
"org.axonframework.springboot.autoconfig.AxonTimeoutAutoConfiguration$AxonTimeoutConfigurerModule","AxonTimeoutAutoConfiguration$AxonTimeoutConfigurerModule","centralityCloseness",0.0006693440428380187,""
"org.axonframework.springboot.autoconfig.MetricsAutoConfiguration","MetricsAutoConfiguration","centralityCloseness",0.0006693440428380187,""
"org.axonframework.springboot.autoconfig.MicrometerMetricsAutoConfiguration","MicrometerMetricsAutoConfiguration","centralityCloseness",0.0006693440428380187,""
"org.axonframework.springboot.autoconfig.UpdateCheckerAutoConfiguration$NotTestEnvironmentCondition","UpdateCheckerAutoConfiguration$NotTestEnvironmentCondition","centralityCloseness",0.0006693440428380187,""
"org.axonframework.springboot.autoconfig.legacyjpa.JpaJavaxAutoConfiguration","JpaJavaxAutoConfiguration","centralityCloseness",0.0006693440428380187,""
"org.axonframework.springboot.service.connection.AxonServerTestContainerConnectionDetailsFactory$AxonServerContainerConnectionDetails","AxonServerTestContainerConnectionDetailsFactory$AxonServerContainerConnectionDetails","centralityCloseness",0.0006693440428380187,""
"org.axonframework.springboot.updates.UpdateCheckConfiguration","UpdateCheckConfiguration","centralityCloseness",0.0006693440428380187,""
"org.axonframework.springboot.util.XStreamSecurityTypeUtility","XStreamSecurityTypeUtility","centralityCloseness",0.0006693440428380187,""
"org.axonframework.test.FixtureResourceParameterResolverFactory$FailingParameterResolver","FixtureResourceParameterResolverFactory$FailingParameterResolver","centralityCloseness",0.0006693440428380187,""
"org.axonframework.test.aggregate.StubAggregateLifecycleRule","StubAggregateLifecycleRule","centralityCloseness",0.0006693440428380187,""
"org.axonframework.test.aggregate.StubAggregateLifecycleRule$1","StubAggregateLifecycleRule$1","centralityCloseness",0.0006693440428380187,""
"org.axonframework.tracing.MultiSpanFactory$MultiSpan","MultiSpanFactory$MultiSpan","centralityCloseness",0.0006693440428380187,""
"org.axonframework.tracing.NestingSpanFactory","NestingSpanFactory","centralityCloseness",0.0006693440428380187,""
"org.axonframework.tracing.NestingSpanFactory$Builder","NestingSpanFactory$Builder","centralityCloseness",0.0006693440428380187,""
"org.axonframework.axonserver.connector.DefaultHandlers","DefaultHandlers","centralityCloseness",0,""
"org.axonframework.axonserver.connector.DefaultInstructionAckSource","DefaultInstructionAckSource","centralityCloseness",0,""
"org.axonframework.axonserver.connector.ServerConnectorConfigurerModule","ServerConnectorConfigurerModule","centralityCloseness",0,""
"org.axonframework.axonserver.connector.heartbeat.HeartbeatConfiguration","HeartbeatConfiguration","centralityCloseness",0,""
"org.axonframework.axonserver.connector.heartbeat.HeartbeatMonitor","HeartbeatMonitor","centralityCloseness",0,""
"org.axonframework.axonserver.connector.heartbeat.connection.checker.HeartbeatConnectionChecker","HeartbeatConnectionChecker","centralityCloseness",0,""
"org.axonframework.axonserver.connector.heartbeat.source.GrpcHeartbeatSource","GrpcHeartbeatSource","centralityCloseness",0,""
"org.axonframework.axonserver.connector.query.subscription.DeserializedResult","DeserializedResult","centralityCloseness",0,""
"org.axonframework.axonserver.connector.query.subscription.DisposableResult","DisposableResult","centralityCloseness",0,""
"org.axonframework.axonserver.connector.util.FlowControllingStreamObserver","FlowControllingStreamObserver","centralityCloseness",0,""
"org.axonframework.axonserver.connector.util.GrpcBufferingInterceptor","GrpcBufferingInterceptor","centralityCloseness",0,""
"org.axonframework.commandhandling.CurrentUnitOfWorkParameterResolverFactory","CurrentUnitOfWorkParameterResolverFactory","centralityCloseness",0,""
"org.axonframework.commandhandling.distributed.CommandCallbackRepository","CommandCallbackRepository","centralityCloseness",0,""
"org.axonframework.commandhandling.distributed.ConsistentHashChangeListener","ConsistentHashChangeListener","centralityCloseness",0,""
"org.axonframework.commandhandling.distributed.DispatchMessage","DispatchMessage","centralityCloseness",0,""
"org.axonframework.commandhandling.distributed.ReplyMessage","ReplyMessage","centralityCloseness",0,""
"org.axonframework.commandhandling.distributed.ServiceRegistryException","ServiceRegistryException","centralityCloseness",0,""
"org.axonframework.commandhandling.distributed.SimpleMember","SimpleMember","centralityCloseness",0,""
"org.axonframework.common.caching.EhCacheAdapter","EhCacheAdapter","centralityCloseness",0,""
"org.axonframework.common.caching.JCacheAdapter","JCacheAdapter","centralityCloseness",0,""
"org.axonframework.common.jpa.SimpleEntityManagerProvider","SimpleEntityManagerProvider","centralityCloseness",0,""
"org.axonframework.common.legacyjpa.SimpleEntityManagerProvider","SimpleEntityManagerProvider","centralityCloseness",0,""
"org.axonframework.common.property.BeanPropertyAccessStrategy","BeanPropertyAccessStrategy","centralityCloseness",0,""
"org.axonframework.common.property.DirectPropertyAccessStrategy","DirectPropertyAccessStrategy","centralityCloseness",0,""
"org.axonframework.common.property.UniformPropertyAccessStrategy","UniformPropertyAccessStrategy","centralityCloseness",0,""
"org.axonframework.config.UpdateCheckerConfigurerModule","UpdateCheckerConfigurerModule","centralityCloseness",0,""
"org.axonframework.deadline.dbscheduler.DbSchedulerDeadlineManagerSupplier","DbSchedulerDeadlineManagerSupplier","centralityCloseness",0,""
"org.axonframework.eventhandling.ConcludesBatchParameterResolverFactory","ConcludesBatchParameterResolverFactory","centralityCloseness",0,""
"org.axonframework.eventhandling.DisallowReplay","DisallowReplay","centralityCloseness",0,""
"org.axonframework.eventhandling.ResetHandler","ResetHandler","centralityCloseness",0,""
"org.axonframework.eventhandling.SequenceNumberParameterResolverFactory","SequenceNumberParameterResolverFactory","centralityCloseness",0,""
"org.axonframework.eventhandling.TimestampParameterResolverFactory","TimestampParameterResolverFactory","centralityCloseness",0,""
"org.axonframework.eventhandling.TransactionMethodExecutionException","TransactionMethodExecutionException","centralityCloseness",0,""
"org.axonframework.eventhandling.async.FullConcurrencyPolicy","FullConcurrencyPolicy","centralityCloseness",0,""
"org.axonframework.eventhandling.async.SequentialPolicy","SequentialPolicy","centralityCloseness",0,""
"org.axonframework.eventhandling.deadletter.jdbc.GenericDeadLetterTableFactory","GenericDeadLetterTableFactory","centralityCloseness",0,""
"org.axonframework.eventhandling.interceptors.EventLoggingInterceptor","EventLoggingInterceptor","centralityCloseness",0,""
"org.axonframework.eventhandling.replay.ReplayAwareMessageHandlerWrapper","ReplayAwareMessageHandlerWrapper","centralityCloseness",0,""
"org.axonframework.eventhandling.replay.ReplayContextParameterResolverFactory","ReplayContextParameterResolverFactory","centralityCloseness",0,""
"org.axonframework.eventhandling.scheduling.dbscheduler.DbSchedulerEventSchedulerSupplier","DbSchedulerEventSchedulerSupplier","centralityCloseness",0,""
"org.axonframework.eventhandling.tokenstore.jdbc.Oracle11TokenTableFactory","Oracle11TokenTableFactory","centralityCloseness",0,""
"org.axonframework.eventhandling.tokenstore.jdbc.PostgresTokenTableFactory","PostgresTokenTableFactory","centralityCloseness",0,""
"org.axonframework.eventsourcing.EventCountSnapshotTriggerDefinition","EventCountSnapshotTriggerDefinition","centralityCloseness",0,""
"org.axonframework.eventsourcing.EventSourcingHandler","EventSourcingHandler","centralityCloseness",0,""
"org.axonframework.eventsourcing.FilteringEventStorageEngine","FilteringEventStorageEngine","centralityCloseness",0,""
"org.axonframework.eventsourcing.MultiStreamableMessageSource","MultiStreamableMessageSource","centralityCloseness",0,""
"org.axonframework.eventsourcing.conflictresolution.Conflicts","Conflicts","centralityCloseness",0,""
"org.axonframework.eventsourcing.eventstore.EqualRevisionPredicate","EqualRevisionPredicate","centralityCloseness",0,""
"org.axonframework.eventsourcing.eventstore.SequenceEventStorageEngine","SequenceEventStorageEngine","centralityCloseness",0,""
"org.axonframework.eventsourcing.eventstore.inmemory.InMemoryEventStorageEngine","InMemoryEventStorageEngine","centralityCloseness",0,""
"org.axonframework.eventsourcing.eventstore.jdbc.HsqlEventTableFactory","HsqlEventTableFactory","centralityCloseness",0,""
"org.axonframework.eventsourcing.eventstore.jdbc.MySqlEventTableFactory","MySqlEventTableFactory","centralityCloseness",0,""
"org.axonframework.eventsourcing.eventstore.jdbc.Oracle11EventTableFactory","Oracle11EventTableFactory","centralityCloseness",0,""
"org.axonframework.eventsourcing.eventstore.jdbc.PostgresEventTableFactory","PostgresEventTableFactory","centralityCloseness",0,""
"org.axonframework.eventsourcing.eventstore.jpa.SQLStateResolver","SQLStateResolver","centralityCloseness",0,""
"org.axonframework.messaging.Headers","Headers","centralityCloseness",0,""
"org.axonframework.messaging.annotation.AggregateTypeParameterResolverFactory","AggregateTypeParameterResolverFactory","centralityCloseness",0,""
"org.axonframework.messaging.annotation.AnnotatedMessageHandlingMemberDefinition","AnnotatedMessageHandlingMemberDefinition","centralityCloseness",0,""
"org.axonframework.messaging.annotation.DefaultParameterResolverFactory","DefaultParameterResolverFactory","centralityCloseness",0,""
"org.axonframework.messaging.annotation.MessageHandlerInterceptorDefinition","MessageHandlerInterceptorDefinition","centralityCloseness",0,""
"org.axonframework.messaging.annotation.MessageHandlerTimeout","MessageHandlerTimeout","centralityCloseness",0,""
"org.axonframework.messaging.annotation.MessageIdentifierParameterResolverFactory","MessageIdentifierParameterResolverFactory","centralityCloseness",0,""
"org.axonframework.messaging.annotation.SourceIdParameterResolverFactory","SourceIdParameterResolverFactory","centralityCloseness",0,""
"org.axonframework.messaging.correlation.MultiCorrelationDataProvider","MultiCorrelationDataProvider","centralityCloseness",0,""
"org.axonframework.messaging.correlation.SimpleCorrelationDataProvider","SimpleCorrelationDataProvider","centralityCloseness",0,""
"org.axonframework.messaging.deadletter.DeadLetterParameterResolverFactory","DeadLetterParameterResolverFactory","centralityCloseness",0,""
"org.axonframework.messaging.interceptors.BeanValidationInterceptor","BeanValidationInterceptor","centralityCloseness",0,""
"org.axonframework.messaging.interceptors.ExceptionHandler","ExceptionHandler","centralityCloseness",0,""
"org.axonframework.messaging.interceptors.LoggingInterceptor","LoggingInterceptor","centralityCloseness",0,""
"org.axonframework.messaging.interceptors.legacyvalidation.BeanValidationInterceptor","BeanValidationInterceptor","centralityCloseness",0,""
"org.axonframework.modelling.command.AggregateIdentifier","AggregateIdentifier","centralityCloseness",0,""
"org.axonframework.modelling.command.ForwardNone","ForwardNone","centralityCloseness",0,""
"org.axonframework.modelling.command.MetaDataCommandTargetResolver","MetaDataCommandTargetResolver","centralityCloseness",0,""
"org.axonframework.modelling.command.inspection.AggregateMemberAnnotatedChildEntityCollectionDefinition","AggregateMemberAnnotatedChildEntityCollectionDefinition","centralityCloseness",0,""
"org.axonframework.modelling.command.inspection.AggregateMemberAnnotatedChildEntityDefinition","AggregateMemberAnnotatedChildEntityDefinition","centralityCloseness",0,""
"org.axonframework.modelling.command.inspection.AggregateMemberAnnotatedChildEntityMapDefinition","AggregateMemberAnnotatedChildEntityMapDefinition","centralityCloseness",0,""
"org.axonframework.modelling.command.inspection.CommandHandlerInterceptorHandlingMember","CommandHandlerInterceptorHandlingMember","centralityCloseness",0,""
"org.axonframework.modelling.saga.EndSagaMessageHandlerDefinition","EndSagaMessageHandlerDefinition","centralityCloseness",0,""
"org.axonframework.modelling.saga.MetaDataAssociationResolver","MetaDataAssociationResolver","centralityCloseness",0,""
"org.axonframework.modelling.saga.SagaEventHandler","SagaEventHandler","centralityCloseness",0,""
"org.axonframework.modelling.saga.SagaMethodMessageHandlerDefinition","SagaMethodMessageHandlerDefinition","centralityCloseness",0,""
"org.axonframework.modelling.saga.StartSaga","StartSaga","centralityCloseness",0,""
"org.axonframework.modelling.saga.repository.jdbc.HsqlSagaSqlSchema","HsqlSagaSqlSchema","centralityCloseness",0,""
"org.axonframework.modelling.saga.repository.jdbc.Oracle11SagaSqlSchema","Oracle11SagaSqlSchema","centralityCloseness",0,""
"org.axonframework.modelling.saga.repository.jdbc.PostgresSagaSqlSchema","PostgresSagaSqlSchema","centralityCloseness",0,""
"org.axonframework.modelling.saga.repository.jpa.AbstractSagaEntry","AbstractSagaEntry","centralityCloseness",0,""
"org.axonframework.queryhandling.CompletedEmitterException","CompletedEmitterException","centralityCloseness",0,""
"org.axonframework.queryhandling.annotation.MethodQueryMessageHandlerDefinition","MethodQueryMessageHandlerDefinition","centralityCloseness",0,""
"org.axonframework.serialization.FixedValueRevisionResolver","FixedValueRevisionResolver","centralityCloseness",0,""
"org.axonframework.serialization.MavenArtifactRevisionResolver","MavenArtifactRevisionResolver","centralityCloseness",0,""
"org.axonframework.serialization.avro.GenericRecordToByteArrayConverter","GenericRecordToByteArrayConverter","centralityCloseness",0,""
"org.axonframework.serialization.converters.BlobToInputStreamConverter","BlobToInputStreamConverter","centralityCloseness",0,""
"org.axonframework.serialization.converters.ByteArrayToInputStreamConverter","ByteArrayToInputStreamConverter","centralityCloseness",0,""
"org.axonframework.serialization.converters.ByteArrayToStringConverter","ByteArrayToStringConverter","centralityCloseness",0,""
"org.axonframework.serialization.converters.InputStreamToByteArrayConverter","InputStreamToByteArrayConverter","centralityCloseness",0,""
"org.axonframework.serialization.converters.StringToByteArrayConverter","StringToByteArrayConverter","centralityCloseness",0,""
"org.axonframework.serialization.upcasting.event.ContextAwareEventMultiUpcaster","ContextAwareEventMultiUpcaster","centralityCloseness",0,""
"org.axonframework.serialization.upcasting.event.ContextAwareSingleEventUpcaster","ContextAwareSingleEventUpcaster","centralityCloseness",0,""
"org.axonframework.serialization.upcasting.event.EventMultiUpcaster","EventMultiUpcaster","centralityCloseness",0,""
"org.axonframework.springboot.autoconfig.AvroSerializerAutoConfiguration","AvroSerializerAutoConfiguration","centralityCloseness",0,""
"org.axonframework.springboot.autoconfig.AxonDbSchedulerAutoConfiguration","AxonDbSchedulerAutoConfiguration","centralityCloseness",0,""
"org.axonframework.springboot.autoconfig.AxonJobRunrAutoConfiguration","AxonJobRunrAutoConfiguration","centralityCloseness",0,""
"org.axonframework.springboot.autoconfig.AxonServerActuatorAutoConfiguration","AxonServerActuatorAutoConfiguration","centralityCloseness",0,""
"org.axonframework.springboot.autoconfig.AxonTimeoutAutoConfiguration","AxonTimeoutAutoConfiguration","centralityCloseness",0,""
"org.axonframework.springboot.autoconfig.CBORMapperAutoConfiguration","CBORMapperAutoConfiguration","centralityCloseness",0,""
"org.axonframework.springboot.autoconfig.InfraConfiguration","InfraConfiguration","centralityCloseness",0,""
"org.axonframework.springboot.autoconfig.InterceptorAutoConfiguration","InterceptorAutoConfiguration","centralityCloseness",0,""
"org.axonframework.springboot.autoconfig.ObjectMapperAutoConfiguration","ObjectMapperAutoConfiguration","centralityCloseness",0,""
"org.axonframework.springboot.autoconfig.OpenTelemetryAutoConfiguration","OpenTelemetryAutoConfiguration","centralityCloseness",0,""
"org.axonframework.springboot.autoconfig.SecurityAutoConfiguration","SecurityAutoConfiguration","centralityCloseness",0,""
"org.axonframework.springboot.autoconfig.UpdateCheckerAutoConfiguration","UpdateCheckerAutoConfiguration","centralityCloseness",0,""
"org.axonframework.springboot.autoconfig.XStreamAutoConfiguration","XStreamAutoConfiguration","centralityCloseness",0,""
"org.axonframework.springboot.autoconfig.legacyjpa.JpaJavaxEventStoreAutoConfiguration","JpaJavaxEventStoreAutoConfiguration","centralityCloseness",0,""
"org.axonframework.springboot.service.connection.AxonServerDockerComposeConnectionDetailsFactory","AxonServerDockerComposeConnectionDetailsFactory","centralityCloseness",0,""
"org.axonframework.springboot.service.connection.AxonServerTestContainerConnectionDetailsFactory","AxonServerTestContainerConnectionDetailsFactory","centralityCloseness",0,""
"org.axonframework.test.FixtureResourceParameterResolverFactory","FixtureResourceParameterResolverFactory","centralityCloseness",0,""
"org.axonframework.test.aggregate.StubAggregateLifecycleExtension","StubAggregateLifecycleExtension","centralityCloseness",0,""
"org.axonframework.test.matchers.NonStaticFieldsFilter","NonStaticFieldsFilter","centralityCloseness",0,""
"org.axonframework.test.matchers.NonTransientFieldsFilter","NonTransientFieldsFilter","centralityCloseness",0,""
"org.axonframework.test.utils.AutowiredResourceInjector","AutowiredResourceInjector","centralityCloseness",0,""
"org.axonframework.tracing.MultiSpanFactory","MultiSpanFactory","centralityCloseness",0,""
