"codeUnitName","shortCodeUnitName","centralityHyperlinkInducedTopicSearchAuthority","centralityHyperlinkInducedTopicSearchHub","incomingDependencies","outgoingDependencies","Source Cypher File: domains/graph-algorithms/queries/centrality/Centrality_9d_Hyperlink_Induced_Topic_Search_HITS_Stream_Mutated.cypher"
"org.axonframework.messaging.core.unitofwork.ProcessingContext","ProcessingContext",0.5168665328389458,0.006066612485987071,227,5,""
"org.axonframework.messaging.core.Message","Message",0.427214963746341,0.03654314480131027,229,6,""
"org.axonframework.messaging.core.MessageStream","MessageStream",0.3468120885282333,0.03772226276680115,134,21,""
"org.axonframework.messaging.eventhandling.EventMessage","EventMessage",0.28374819270633567,0.021235432682527405,133,3,""
"org.axonframework.common.infra.ComponentDescriptor","ComponentDescriptor",0.22352958624087585,0,91,0,""
"org.axonframework.common.annotation.Internal","Internal",0.17725482469580098,0,128,0,""
"org.axonframework.messaging.core.MessageStream$Empty","MessageStream$Empty",0.1523062658484197,0.04219209048493269,49,5,""
"org.axonframework.messaging.commandhandling.CommandMessage","CommandMessage",0.14460469427239592,0.021235432682527405,74,3,""
"org.axonframework.messaging.core.QualifiedName","QualifiedName",0.14279792570264754,0.0031718578587263627,69,3,""
"org.axonframework.messaging.core.MessageType","MessageType",0.13403367795654855,0.008163529355828281,56,3,""
"org.axonframework.messaging.core.MessageStream$Single","MessageStream$Single",0.12089593741480292,0.037680614313812734,45,8,""
"org.axonframework.messaging.core.MessageStream$Entry","MessageStream$Entry",0.11727730179716796,0.0230511525371834,57,3,""
"org.axonframework.messaging.queryhandling.QueryMessage","QueryMessage",0.09410776040549904,0.021235432682527405,45,3,""
"org.axonframework.messaging.core.Context$ResourceKey","Context$ResourceKey",0.08973180707600185,0,49,0,""
"org.axonframework.messaging.core.MessageHandlerInterceptor","MessageHandlerInterceptor",0.0870900306960813,0.056103133397062306,34,4,""
"org.axonframework.common.configuration.Configuration","Configuration",0.08228679221454266,0.004776851585214266,99,3,""
"org.axonframework.messaging.commandhandling.CommandResultMessage","CommandResultMessage",0.08214342980877151,0.021572468319939576,37,4,""
"org.axonframework.messaging.eventhandling.processing.streaming.token.TrackingToken","TrackingToken",0.0816891056769937,0.005319913111842825,56,4,""
"org.axonframework.common.infra.DescribableComponent","DescribableComponent",0.07602485898606594,0.009287038927701309,46,1,""
"org.axonframework.common.FutureUtils","FutureUtils",0.07442131176524623,0,42,0,""
"org.axonframework.messaging.core.MessageDispatchInterceptor","MessageDispatchInterceptor",0.07201321615822699,0.054779387849926336,31,4,""
"org.axonframework.messaging.core.annotation.MessageHandlingMember","MessageHandlingMember",0.06489433300648259,0.06099752459099132,38,4,""
"org.axonframework.messaging.core.MessageTypeResolver","MessageTypeResolver",0.06125994839693218,0.024674474342049415,31,4,""
"org.axonframework.messaging.core.MessageHandlerInterceptorChain","MessageHandlerInterceptorChain",0.059451804056289914,0.05363307461031245,19,3,""
"org.axonframework.messaging.queryhandling.QueryResponseMessage","QueryResponseMessage",0.05511963203361021,0.021572468319939576,29,4,""
"org.axonframework.messaging.core.Metadata","Metadata",0.05502401550358027,2.729160803116429e-57,40,1,""
"org.axonframework.messaging.core.unitofwork.UnitOfWorkFactory","UnitOfWorkFactory",0.052536060772303925,0.0015715646320356201,25,2,""
"org.axonframework.messaging.core.annotation.ParameterResolver","ParameterResolver",0.04971339429327105,0.021474381497439167,47,1,""
"org.axonframework.messaging.core.annotation.ParameterResolverFactory","ParameterResolverFactory",0.04916754802781148,0.002065454671097786,41,1,""
"org.axonframework.messaging.commandhandling.CommandHandler","CommandHandler",0.04889270877459987,0.036215715738737525,23,5,""
"org.axonframework.conversion.Converter","Converter",0.04706246835826635,0.003158623593190751,40,1,""
"org.axonframework.messaging.eventhandling.EventHandlingComponent","EventHandlingComponent",0.044103075766175524,0.04308842040779143,17,5,""
"org.axonframework.messaging.core.conversion.MessageConverter","MessageConverter",0.043766270564905535,0.019704921610418334,23,2,""
"org.axonframework.messaging.monitoring.MessageMonitor","MessageMonitor",0.04343415436968475,0.018941443869474616,26,2,""
"org.axonframework.messaging.queryhandling.SubscriptionQueryUpdateMessage","SubscriptionQueryUpdateMessage",0.04300424963861652,0.02386253728568753,24,5,""
"org.axonframework.messaging.commandhandling.CommandBus","CommandBus",0.04130205849427556,0.035143569481515806,21,5,""
"org.axonframework.messaging.eventhandling.conversion.EventConverter","EventConverter",0.03942920106952862,0.013744272240073399,17,2,""
"org.axonframework.messaging.core.Context","Context",0.037871038075037895,0.011130987568273552,24,4,""
"org.axonframework.common.configuration.ComponentBuilder","ComponentBuilder",0.03767000746815656,0.0034187896796293573,36,1,""
"org.axonframework.common.Registration","Registration",0.03745110476686498,0,23,0,""
"org.axonframework.messaging.core.unitofwork.UnitOfWork","UnitOfWork",0.0374357439032436,0.03546115175573998,17,10,""
"org.axonframework.messaging.core.sequencing.SequencingPolicy","SequencingPolicy",0.03711765623732039,0.0392239871113167,17,2,""
"org.axonframework.common.TypeReference","TypeReference",0.036837845663073875,2.861732518288613e-51,45,2,""
"org.axonframework.common.Assert","Assert",0.03569091137989098,0.000747809557736746,33,1,""
"org.axonframework.messaging.eventstreaming.StreamingCondition","StreamingCondition",0.0346709198956316,0.004930309390071337,13,5,""
"org.axonframework.messaging.eventhandling.GenericEventMessage","GenericEventMessage",0.03339304873338237,0.04919390317697346,13,10,""
"org.axonframework.messaging.eventhandling.processing.streaming.segmenting.Segment","Segment",0.03322776823875388,0.014148856014156403,23,4,""
"org.axonframework.messaging.core.unitofwork.ProcessingLifecycle$Phase","ProcessingLifecycle$Phase",0.03227426293731508,0,17,0,""
"org.axonframework.messaging.queryhandling.QueryBus","QueryBus",0.03222240361329794,0.04766426121980631,15,7,""
"org.axonframework.common.ObjectUtils","ObjectUtils",0.03161571636875966,0,23,0,""
"org.axonframework.messaging.eventhandling.processing.streaming.token.store.TokenStore","TokenStore",0.03150157999608203,0.02624886124060495,17,3,""
"org.axonframework.messaging.core.unitofwork.ProcessingLifecycle$ErrorHandler","ProcessingLifecycle$ErrorHandler",0.031212280045844906,0.02281528827091085,14,2,""
"org.axonframework.messaging.eventhandling.EventSink","EventSink",0.02981877270149313,0.03642196133416252,14,3,""
"org.axonframework.eventsourcing.eventstore.TaggedEventMessage","TaggedEventMessage",0.029717822898703214,0.012674687899484924,15,2,""
"org.axonframework.common.BuilderUtils","BuilderUtils",0.029432651711893337,0.003426216295884244,32,3,""
"org.axonframework.messaging.eventstreaming.EventCriteria","EventCriteria",0.029346578796237983,0.007681373924482778,28,8,""
"org.axonframework.common.AxonConfigurationException","AxonConfigurationException",0.028775616070217662,1.7868279131378846e-06,23,1,""
"org.axonframework.eventsourcing.eventstore.SourcingCondition","SourcingCondition",0.028711643541758536,0.0018011955901808007,11,4,""
"org.axonframework.messaging.monitoring.MessageMonitor$MonitorCallback","MessageMonitor$MonitorCallback",0.028686335247827398,0.0034128333663486143,21,1,""
"org.axonframework.messaging.queryhandling.QueryHandler","QueryHandler",0.02830923346872183,0.042381136882756014,13,5,""
"org.axonframework.messaging.core.MessageDispatchInterceptorChain","MessageDispatchInterceptorChain",0.027590594391613297,0.05363307461031245,9,3,""
"org.axonframework.modelling.entity.EntityMetamodel","EntityMetamodel",0.02724417069455947,0.04720370437089923,24,11,""
"org.axonframework.eventsourcing.eventstore.AppendCondition","AppendCondition",0.02670843153408947,0.0025257374609140228,12,5,""
"org.axonframework.messaging.commandhandling.CommandHandlerRegistry","CommandHandlerRegistry",0.026230476282503794,0.008591400123400348,9,3,""
"org.axonframework.eventsourcing.eventstore.EventStorageEngine$AppendTransaction","EventStorageEngine$AppendTransaction",0.02573870559197238,0.0010081694756986436,12,1,""
"org.axonframework.eventsourcing.eventstore.ConsistencyMarker","ConsistencyMarker",0.024265614424357505,0.005610220604146585,24,5,""
"org.axonframework.messaging.core.interception.annotation.MessageHandlerInterceptorMemberChain","MessageHandlerInterceptorMemberChain",0.02394533206230803,0.08152670675267959,7,10,""
"org.axonframework.eventsourcing.eventstore.EventStorageEngine","EventStorageEngine",0.023396130774107834,0.06763655516841197,11,11,""
"org.axonframework.common.configuration.ComponentRegistry","ComponentRegistry",0.023190975838393205,0.00807188113929949,43,12,""
"org.axonframework.common.ReflectionUtils","ReflectionUtils",0.02265346705615622,0.003998867432103032,26,4,""
"org.axonframework.messaging.core.annotation.AnnotatedHandlerInspector","AnnotatedHandlerInspector",0.02160467711191689,0.04766426054822125,5,16,""
"org.axonframework.common.configuration.ComponentDefinition","ComponentDefinition",0.02141604879799774,0.006457129856832851,21,7,""
"org.axonframework.messaging.eventstreaming.Tag","Tag",0.02131866056735414,0.006784406033477529,22,3,""
"org.axonframework.eventsourcing.eventstore.EventStoreTransaction","EventStoreTransaction",0.021020246135253485,0.028688341115532496,8,5,""
"org.axonframework.messaging.core.annotation.HandlerDefinition","HandlerDefinition",0.020287188227741636,0.019148044641746523,11,3,""
"org.axonframework.common.configuration.ComponentDefinition$IncompleteComponentDefinition","ComponentDefinition$IncompleteComponentDefinition",0.020088254736532883,0.0024548629729793697,18,2,""
"org.axonframework.messaging.core.SimpleEntry","SimpleEntry",0.019858347028506303,0.029146547210583223,10,5,""
"org.axonframework.messaging.eventhandling.processing.streaming.token.GlobalSequenceTrackingToken","GlobalSequenceTrackingToken",0.01959968519967839,0.004876816559606674,8,2,""
"org.axonframework.messaging.core.annotation.WrappedMessageHandlingMember","WrappedMessageHandlingMember",0.0193190153324569,0.05632925549157159,9,4,""
"org.axonframework.messaging.tracing.Span","Span",0.01927405967658362,0.003232004945576125,21,2,""
"org.axonframework.modelling.EntityEvolver","EntityEvolver",0.01915571541730891,0.03326333774097177,13,2,""
"org.axonframework.common.configuration.Component","Component",0.018734948676291184,0.014803444672103483,16,5,""
"org.axonframework.messaging.core.GenericMessage","GenericMessage",0.018599121223730024,0.02947441711828551,12,9,""
"org.axonframework.messaging.eventhandling.processing.errorhandling.ErrorHandler","ErrorHandler",0.018200806570870923,0.00044994613803021535,7,1,""
"org.axonframework.messaging.commandhandling.NoHandlerForCommandException","NoHandlerForCommandException",0.018193036173953698,0.006018442892390606,6,2,""
"org.axonframework.common.StringUtils","StringUtils",0.017999015868154798,0,10,0,""
"org.axonframework.messaging.core.DelayedMessageStream","DelayedMessageStream",0.017959595581745785,0.048614992577016854,8,7,""
"org.axonframework.messaging.eventhandling.EventHandler","EventHandler",0.01765696740382912,0.05763852995513839,6,5,""
"org.axonframework.messaging.core.LegacyResources","LegacyResources",0.01735315029983457,0.003728109550875299,7,1,""
"org.axonframework.messaging.eventhandling.processing.streaming.segmenting.TrackerStatus","TrackerStatus",0.017243737611148564,0.005905855428978856,7,6,""
"org.axonframework.modelling.repository.ManagedEntity","ManagedEntity",0.016725769964067133,0,12,0,""
"org.axonframework.messaging.eventhandling.processing.streaming.pooled.WorkPackage","WorkPackage",0.01653483607339936,0.08467942454524131,8,22,""
"org.axonframework.messaging.eventstreaming.StreamableEventSource","StreamableEventSource",0.01602728820405807,0.04967449552569883,7,5,""
"org.axonframework.messaging.core.DefaultMessageDispatchInterceptorChain","DefaultMessageDispatchInterceptorChain",0.015387234204246043,0.070279997565173,7,8,""
"org.axonframework.messaging.queryhandling.distributed.QueryBusConnector$Handler","QueryBusConnector$Handler",0.01535989516586924,0.022552332644712576,8,5,""
"org.axonframework.messaging.queryhandling.QueryHandlerRegistry","QueryHandlerRegistry",0.015295191976406825,0.007496160409728587,5,3,""
"org.axonframework.modelling.EntityIdResolver","EntityIdResolver",0.015200395343417559,0.03962205464643542,17,3,""
"org.axonframework.messaging.commandhandling.CommandHandlingComponent","CommandHandlingComponent",0.015095632896440375,0.011122841728268279,8,3,""
"org.axonframework.modelling.entity.child.EntityChildMetamodel","EntityChildMetamodel",0.014756894860169224,0.04412520809013938,11,11,""
"org.axonframework.eventsourcing.eventstore.EventStore","EventStore",0.014652597570248798,0.026756419899941767,9,5,""
"org.axonframework.common.configuration.ComponentDefinition$ComponentCreator","ComponentDefinition$ComponentCreator",0.01444368549429699,0.0016681634087039284,7,2,""
"org.axonframework.messaging.eventhandling.processing.streaming.pooled.MaxSegmentProvider","MaxSegmentProvider",0.014285654212908134,0,5,0,""
"org.axonframework.messaging.eventhandling.EventBus","EventBus",0.014060901561334436,0.004686550695474499,8,3,""
"org.axonframework.messaging.core.interception.HandlerInterceptorRegistry","HandlerInterceptorRegistry",0.014033351394787636,0.0588723740683368,6,10,""
"org.axonframework.common.configuration.AxonConfiguration","AxonConfiguration",0.014006495656191041,0.0034187896796293573,14,1,""
"org.axonframework.messaging.eventstreaming.TrackingTokenSource","TrackingTokenSource",0.01351687667533012,0.02486833894687418,6,2,""
"org.axonframework.messaging.commandhandling.GenericCommandResultMessage","GenericCommandResultMessage",0.01347449737110965,0.031278887975265735,4,8,""
"org.axonframework.common.tx.TransactionalExecutor","TransactionalExecutor",0.013189150472047514,0.0074196832344096035,10,3,""
"org.axonframework.modelling.entity.EntityMetamodelBuilder","EntityMetamodelBuilder",0.012972508707356464,0.01075688868167704,8,6,""
"org.axonframework.messaging.eventhandling.TerminalEventMessage","TerminalEventMessage",0.01275714215940219,0.02610952578966101,4,4,""
"org.axonframework.messaging.eventhandling.DelegatingEventHandlingComponent","DelegatingEventHandlingComponent",0.012739314548701629,0.07439311039642689,4,7,""
"org.axonframework.common.annotation.AnnotationUtils","AnnotationUtils",0.012729297838670705,0.0011955476279758342,16,1,""
"org.axonframework.eventsourcing.eventstore.EmptyAppendTransaction","EmptyAppendTransaction",0.012541792647611657,0.0020775418339676064,3,2,""
"org.axonframework.messaging.eventstreaming.EventCriterion","EventCriterion",0.012337153475696232,0.008037861901244451,8,3,""
"org.axonframework.eventsourcing.eventstore.AggregateBasedConsistencyMarker","AggregateBasedConsistencyMarker",0.012103459459438743,0.004476358659360675,7,8,""
"org.axonframework.messaging.core.interception.DispatchInterceptorRegistry","DispatchInterceptorRegistry",0.012032494174495829,0.06003459129535474,6,11,""
"org.axonframework.common.configuration.ConfigurationEnhancer","ConfigurationEnhancer",0.01193820566798542,0.0009635212009494314,29,1,""
"org.axonframework.messaging.core.correlation.CorrelationDataProvider","CorrelationDataProvider",0.011784902608598803,0.017749605613877534,9,1,""
"org.axonframework.messaging.monitoring.configuration.MessageMonitorRegistry","MessageMonitorRegistry",0.011635206258536542,0.05890450024584527,5,11,""
"org.axonframework.messaging.queryhandling.distributed.QueryBusConnector","QueryBusConnector",0.011554995321207497,0.05220036948180236,6,8,""
"org.axonframework.messaging.eventhandling.processing.streaming.pooled.WorkPackage$EventFilter","WorkPackage$EventFilter",0.01147509016069571,0.03464386003470254,4,3,""
"org.axonframework.common.configuration.Component$Identifier","Component$Identifier",0.011379524151816903,0.003013370182280734,21,2,""
"org.axonframework.messaging.eventhandling.processing.streaming.token.ReplayToken","ReplayToken",0.01133139700196229,0.005701165040853673,5,3,""
"org.axonframework.messaging.core.unitofwork.transaction.TransactionalExecutorProvider","TransactionalExecutorProvider",0.011255336206999637,0.02938680437028464,5,3,""
"org.axonframework.messaging.commandhandling.annotation.CommandHandlingMember","CommandHandlingMember",0.010880249533013786,0.010060630861938017,3,2,""
"org.axonframework.modelling.entity.PolymorphicEntityMetamodelBuilder","PolymorphicEntityMetamodelBuilder",0.010854294112570054,0.011295860704939044,4,7,""
"org.axonframework.messaging.eventhandling.processing.errorhandling.ErrorContext","ErrorContext",0.010829746149181727,0.013362393615963166,5,2,""
"org.axonframework.messaging.eventhandling.processing.ProcessorEventHandlingComponents","ProcessorEventHandlingComponents",0.01074584959016263,0.10507538015257073,3,12,""
"org.axonframework.test.fixture.RecordingEventSink","RecordingEventSink",0.01059773255244902,0.05115371456353002,5,5,""
"org.axonframework.messaging.eventhandling.processing.EventProcessor","EventProcessor",0.010576947168348021,0.003158623593190751,7,1,""
"org.axonframework.messaging.commandhandling.distributed.CommandBusConnector$Handler","CommandBusConnector$Handler",0.010420671980922787,0.006288231033268322,6,2,""
"org.axonframework.messaging.tracing.SpanFactory","SpanFactory",0.010367477205440769,0.018918390208267837,16,3,""
"org.axonframework.messaging.core.DelegatingMessageStream","DelegatingMessageStream",0.010303111791863943,0.032158693112873275,6,2,""
"org.axonframework.eventsourcing.eventstore.AggregateBasedConsistencyMarker$AggregateSequencer","AggregateBasedConsistencyMarker$AggregateSequencer",0.010049848629320709,0.0005028654195178177,5,1,""
"org.axonframework.conversion.ConversionException","ConversionException",0.010031998162469453,1.7868279131378846e-06,20,1,""
"org.axonframework.test.fixture.RecordingComponentsRegistry","RecordingComponentsRegistry",0.010000613323613293,0.0080521798138904,8,3,""
"org.axonframework.messaging.commandhandling.gateway.CommandResult","CommandResult",0.009835248539719,0.018200758837524218,7,3,""
"org.axonframework.eventsourcing.eventstore.AggregateSequenceNumberPosition","AggregateSequenceNumberPosition",0.00977240530321478,0.0002892381517697341,3,1,""
"org.axonframework.eventsourcing.eventstore.AggregateBasedEventStorageEngineUtils","AggregateBasedEventStorageEngineUtils",0.009728018190618843,0.0033059451729878547,3,5,""
"org.axonframework.modelling.repository.Repository","Repository",0.00970428127788206,0.02561667105352861,11,4,""
"org.axonframework.modelling.EntityIdResolutionException","EntityIdResolutionException",0.009581080914348708,0,5,0,""
"org.axonframework.test.fixture.AxonTestFixture$Customization","AxonTestFixture$Customization",0.009523509838187736,8.452185066108447e-05,10,2,""
"org.axonframework.messaging.eventhandling.processing.streaming.pooled.CoordinatorTask","CoordinatorTask",0.009505453013430865,0,5,0,""
"org.axonframework.messaging.commandhandling.distributed.CommandBusConnector","CommandBusConnector",0.009488515509747846,0.040699880410693653,6,7,""
"org.axonframework.messaging.core.retry.RetryPolicy$Outcome","RetryPolicy$Outcome",0.009478270735703002,2.861732518288613e-51,8,2,""
"org.axonframework.messaging.commandhandling.GenericCommandMessage","GenericCommandMessage",0.00944609981269171,0.03596350667725417,4,8,""
"org.axonframework.messaging.eventhandling.processing.streaming.pooled.WorkPackage$BatchProcessor","WorkPackage$BatchProcessor",0.009406355138677448,0.05734084939921006,3,4,""
"org.axonframework.common.configuration.LifecycleRegistry","LifecycleRegistry",0.009357864752523511,0.006566780635634338,16,3,""
"org.axonframework.messaging.queryhandling.distributed.QueryBusConnector$UpdateCallback","QueryBusConnector$UpdateCallback",0.009321135427270899,0.0017867081810818625,8,1,""
"org.axonframework.messaging.queryhandling.QueryHandlingComponent","QueryHandlingComponent",0.009317801661287185,0.010267654995953236,5,3,""
"org.axonframework.common.DateTimeUtils","DateTimeUtils",0.009291827469277059,0,7,0,""
"org.axonframework.messaging.core.annotation.UnsupportedHandlerException","UnsupportedHandlerException",0.008915624002681513,0.0011955476279758342,4,1,""
"org.axonframework.messaging.commandhandling.gateway.CommandGateway","CommandGateway",0.008908309569892622,0.02732772895301422,5,4,""
"org.axonframework.messaging.tracing.SpanAttributesProvider","SpanAttributesProvider",0.008857397381219394,0.017749605613877534,11,1,""
"org.axonframework.messaging.eventhandling.processing.EventProcessingException","EventProcessingException",0.008742317103835748,9.16335929097056e-05,3,1,""
"org.axonframework.messaging.core.unitofwork.ProcessingLifecycle","ProcessingLifecycle",0.008699873683232506,0.027251113355694384,7,5,""
"org.axonframework.messaging.eventhandling.processing.streaming.pooled.Coordinator","Coordinator",0.008646416333042172,0.05217329757157134,3,23,""
"org.axonframework.messaging.monitoring.NoOpMessageMonitor","NoOpMessageMonitor",0.00864232739276167,0.02083853208516492,4,4,""
"org.axonframework.messaging.core.retry.RetryScheduler$Dispatcher","RetryScheduler$Dispatcher",0.008625975804417547,0.05363307461031245,3,3,""
"org.axonframework.eventsourcing.EventSourcedEntityFactory","EventSourcedEntityFactory",0.008565346558078345,0.03326333774097177,8,2,""
"org.axonframework.messaging.core.retry.RetryPolicy","RetryPolicy",0.00856050794715238,0.02130202526230238,5,3,""
"org.axonframework.modelling.entity.annotation.AnnotatedEntityMetamodel","AnnotatedEntityMetamodel",0.008544204801377095,0.10615685303699683,13,29,""
"org.axonframework.messaging.eventhandling.processing.streaming.token.WrappedToken","WrappedToken",0.008469672972950433,0.0033939574494350117,6,1,""
"org.axonframework.messaging.monitoring.configuration.MessageMonitorFactory","MessageMonitorFactory",0.0084209429842495,0.022972964832629884,3,3,""
"org.axonframework.messaging.core.annotation.ClasspathHandlerDefinition","ClasspathHandlerDefinition",0.008351346118209464,0.0008443342875702785,5,2,""
"org.axonframework.test.fixture.AxonTestPhase$Then","AxonTestPhase$Then",0.008299101320709235,0.0005153290893907204,18,5,""
"org.axonframework.eventsourcing.eventstore.GlobalIndexConsistencyMarker","GlobalIndexConsistencyMarker",0.008143726075835224,0.0014827576996251967,6,4,""
"org.axonframework.modelling.entity.EntityAlreadyExistsForCreationalCommandHandlerException","EntityAlreadyExistsForCreationalCommandHandlerException",0.008129925270674923,0.006007926947929492,2,1,""
"org.axonframework.modelling.entity.EntityMissingForInstanceCommandHandlerException","EntityMissingForInstanceCommandHandlerException",0.008129925270674923,0.006007926947929492,2,1,""
"org.axonframework.messaging.core.ResultMessage","ResultMessage",0.008112105178589894,0.021235432682527405,7,3,""
"org.axonframework.messaging.eventhandling.processing.streaming.pooled.WorkPackage$Builder","WorkPackage$Builder",0.007998319657219265,0.03388998269587011,2,12,""
"org.axonframework.messaging.queryhandling.QueryExecutionException","QueryExecutionException",0.007946942061613367,2.9438095077901936e-06,3,1,""
"org.axonframework.common.configuration.ModuleBuilder","ModuleBuilder",0.007877441050437457,0.000250918200833945,14,1,""
"org.axonframework.messaging.eventhandling.processing.streaming.token.store.UnableToClaimTokenException","UnableToClaimTokenException",0.007792457924579704,1.0515944461113075e-05,4,1,""
"org.axonframework.test.fixture.AxonTestPhase$When","AxonTestPhase$When",0.0075996053887308285,0.014566709696542465,12,5,""
"org.axonframework.modelling.entity.ChildEntityNotFoundException","ChildEntityNotFoundException",0.007587436417938926,0.006007926947929492,2,1,""
"org.axonframework.messaging.eventhandling.configuration.EventProcessorConfiguration","EventProcessorConfiguration",0.00753573737270725,0.049680413014964196,8,19,""
"org.axonframework.messaging.core.MessageDecorator","MessageDecorator",0.007450389552490754,0.02755974829476427,5,4,""
"org.axonframework.messaging.core.MessageHandler","MessageHandler",0.007164868373722209,0,4,0,""
"org.axonframework.messaging.eventhandling.annotation.EventHandlingMember","EventHandlingMember",0.007158518041680099,0.010060630861938017,2,2,""
"org.axonframework.axonserver.connector.event.TaggedEventConverter","TaggedEventConverter",0.007110392264697769,0.04459988481165652,3,10,""
"org.axonframework.messaging.core.interception.DispatchInterceptorFactory","DispatchInterceptorFactory",0.007042023962191106,0.024160346171319257,2,3,""
"org.axonframework.messaging.core.interception.HandlerInterceptorFactory","HandlerInterceptorFactory",0.006996071861739084,0.02478674630865008,2,3,""
"org.axonframework.common.configuration.LazyInitializedComponentDefinition","LazyInitializedComponentDefinition",0.006990533858614115,0.022207363558342727,7,6,""
"org.axonframework.messaging.eventstreaming.EventsCondition","EventsCondition",0.006969865046372555,0.008037861901244451,7,3,""
"org.axonframework.eventsourcing.eventstore.Position","Position",0.006961668287759296,2.729160803116429e-57,13,1,""
"org.axonframework.messaging.core.SubscribableEventSource","SubscribableEventSource",0.006956879434622386,0.03481932804053101,5,3,""
"org.axonframework.modelling.repository.Repository$LifecycleManagement","Repository$LifecycleManagement",0.006950069816266421,0.022572477364178785,4,3,""
"org.axonframework.messaging.core.EmptyApplicationContext","EmptyApplicationContext",0.006943700871912365,0.007594431868836694,3,2,""
"org.axonframework.messaging.core.interception.annotation.MessageInterceptingMember","MessageInterceptingMember",0.006934999982273568,0.010060630861938017,3,2,""
"org.axonframework.messaging.commandhandling.DuplicateCommandHandlerSubscriptionException","DuplicateCommandHandlerSubscriptionException",0.006922703454561097,0.007964218135077528,3,2,""
"org.axonframework.messaging.core.FluxUtils","FluxUtils",0.006878308294144557,0.03957490902824507,3,7,""
"org.axonframework.modelling.entity.PolymorphicEntityMetamodel","PolymorphicEntityMetamodel",0.006876724317160313,0.09573606157076592,3,18,""
"org.axonframework.messaging.eventhandling.processing.streaming.StreamingEventProcessor","StreamingEventProcessor",0.006798892517448334,0.004632140432982912,4,4,""
"org.axonframework.messaging.queryhandling.NoHandlerForQueryException","NoHandlerForQueryException",0.006755532436335033,0.004001551957554522,3,2,""
"org.axonframework.messaging.commandhandling.distributed.CommandBusConnector$ResultCallback","CommandBusConnector$ResultCallback",0.00674663439070177,0.0034128333663486143,7,1,""
"org.axonframework.eventsourcing.CriteriaResolver","CriteriaResolver",0.006702000205017608,0.022693651054811425,8,2,""
"org.axonframework.messaging.queryhandling.DuplicateQueryHandlerSubscriptionException","DuplicateQueryHandlerSubscriptionException",0.006684922548376504,0.007109031402762485,2,2,""
"org.axonframework.axonserver.connector.MetadataConverter","MetadataConverter",0.006679161918479173,0.007377184282412231,4,2,""
"org.axonframework.messaging.eventhandling.processing.streaming.pooled.Coordinator$Builder","Coordinator$Builder",0.006647779571859007,0.02746812291193323,2,14,""
"org.axonframework.modelling.entity.child.ChildAmbiguityException","ChildAmbiguityException",0.006487988491331258,0,3,0,""
"org.axonframework.modelling.EntityEvolvingComponent","EntityEvolvingComponent",0.006436001722519576,0.006728727927511193,2,2,""
"org.axonframework.modelling.StateManager","StateManager",0.006398185331037016,0.022971114742593363,7,6,""
"org.axonframework.messaging.core.retry.RetryScheduler","RetryScheduler",0.006382779274729012,0.05399146015753352,2,4,""
"org.axonframework.messaging.core.annotation.ClasspathParameterResolverFactory","ClasspathParameterResolverFactory",0.00630370885950263,0.0020577037224160676,3,2,""
"org.axonframework.messaging.queryhandling.annotation.QueryHandlingMember","QueryHandlingMember",0.00625150467373534,0.010060630861938017,2,2,""
"org.axonframework.modelling.entity.child.EventTargetMatcher","EventTargetMatcher",0.006242414153682772,0.03326333774097177,12,2,""
"org.axonframework.common.Priority","Priority",0.006198775093172656,0,13,0,""
"org.axonframework.messaging.eventhandling.processing.streaming.pooled.PooledStreamingEventProcessorConfiguration","PooledStreamingEventProcessorConfiguration",0.006073848806220347,0.0835574255848857,5,28,""
"org.axonframework.eventsourcing.eventstore.TagResolver","TagResolver",0.006072815334931751,0.012674687899484924,7,2,""
"org.axonframework.modelling.entity.EntityCommandHandler","EntityCommandHandler",0.006059960192520055,0.036215715738737525,5,5,""
"org.axonframework.common.configuration.Module","Module",0.0060393460229200635,0.0038075831977419836,15,2,""
"org.axonframework.modelling.entity.child.CommandTargetResolver","CommandTargetResolver",0.006012234329429583,0.027751866505645033,12,3,""
"org.axonframework.eventsourcing.eventstore.EventCoordinator$Handle","EventCoordinator$Handle",0.005991424764184814,0.001234693727788599,6,1,""
"org.axonframework.test.fixture.RecordingCommandBus","RecordingCommandBus",0.005955225420488976,0.07606624537085487,4,10,""
"org.axonframework.messaging.core.timeout.AxonTimeLimitedTask","AxonTimeLimitedTask",0.005944203491567221,0.0001637446836897467,2,2,""
"org.axonframework.eventsourcing.eventstore.EventCoordinator","EventCoordinator",0.005906881128920879,0.007626541921480235,5,3,""
"org.axonframework.axonserver.connector.AxonServerConfiguration","AxonServerConfiguration",0.005874764218792471,0.00018032195282171668,7,6,""
"org.axonframework.messaging.core.configuration.reflection.ParameterResolverFactoryUtils","ParameterResolverFactoryUtils",0.00583559492488585,0.0065900126769498114,7,5,""
"org.axonframework.common.configuration.DecoratorDefinition","DecoratorDefinition",0.005796297895990543,0.005226177744510516,13,7,""
"org.axonframework.common.jdbc.PersistenceExceptionResolver","PersistenceExceptionResolver",0.005748186831446247,0,7,0,""
"org.axonframework.messaging.eventhandling.processing.streaming.segmenting.EventTrackerStatus","EventTrackerStatus",0.005707981894144963,0.004774479743165785,8,2,""
"org.axonframework.eventsourcing.eventstore.inmemory.InMemoryEventStorageEngine$MapBackedMessageStream","InMemoryEventStorageEngine$MapBackedMessageStream",0.005661009227779059,0.03938626041508009,4,10,""
"org.axonframework.messaging.core.correlation.CorrelationDataProviderRegistry","CorrelationDataProviderRegistry",0.005653783942950132,0.012837955023821068,4,4,""
"org.axonframework.messaging.queryhandling.QueryPriorityCalculator","QueryPriorityCalculator",0.005583343562271928,0.003909918364644815,2,1,""
"org.axonframework.messaging.queryhandling.gateway.QueryGateway","QueryGateway",0.005583343562271928,0.02692307405637787,2,3,""
"org.axonframework.messaging.core.ApplicationContext","ApplicationContext",0.005535430259635712,0,7,0,""
"org.axonframework.axonserver.connector.query.QueryConverter","QueryConverter",0.005462293102452469,0.022905489160473986,6,13,""
"org.axonframework.messaging.core.interception.DefaultDispatchInterceptorRegistry","DefaultDispatchInterceptorRegistry",0.005460915826827482,0.10945976684932714,7,26,""
"org.axonframework.messaging.eventhandling.processing.subscribing.SubscribingEventProcessorConfiguration","SubscribingEventProcessorConfiguration",0.005440593583030853,0.044626038739812565,5,14,""
"org.axonframework.eventsourcing.eventstore.InterceptingEventStore$InterceptingAppender","InterceptingEventStore$InterceptingAppender",0.005433998982515996,0.05850491273985797,2,7,""
"org.axonframework.eventsourcing.eventstore.jpa.AggregateBasedJpaEventStorageEngineConfiguration","AggregateBasedJpaEventStorageEngineConfiguration",0.005426710474562342,0.0019220475739121013,2,4,""
"org.axonframework.common.util.ExecutorServiceFactory","ExecutorServiceFactory",0.005422634488433911,0,4,0,""
"org.axonframework.messaging.commandhandling.RoutingStrategy","RoutingStrategy",0.0053842129015492166,0.006007926947929492,5,1,""
"org.axonframework.common.configuration.BaseModule","BaseModule",0.005318728794170344,0.0065531416109914295,7,6,""
"org.axonframework.messaging.core.interception.DefaultHandlerInterceptorRegistry","DefaultHandlerInterceptorRegistry",0.005318255410439207,0.10951596373217876,6,24,""
"org.axonframework.messaging.eventhandling.processing.streaming.token.GapAwareTrackingToken","GapAwareTrackingToken",0.005318026725616034,0.004892989682601967,3,3,""
"org.axonframework.messaging.commandhandling.SimpleCommandHandlingComponent","SimpleCommandHandlingComponent",0.005293067760106509,0.08371835112375646,2,15,""
"org.axonframework.messaging.core.ConfigurationApplicationContext","ConfigurationApplicationContext",0.005264431311935067,0.01101322154846605,2,3,""
"org.axonframework.messaging.commandhandling.configuration.CommandHandlingModule","CommandHandlingModule",0.0051973443695977626,0.0006578283998778724,5,5,""
"org.axonframework.messaging.queryhandling.GenericQueryResponseMessage","GenericQueryResponseMessage",0.005194301044865952,0.03244221993682416,2,9,""
"org.axonframework.messaging.eventhandling.processing.streaming.pooled.Coordinator$NoToken","Coordinator$NoToken",0.005192725635034558,0.0033939574494350117,2,1,""
"org.axonframework.messaging.eventhandling.processing.streaming.pooled.Coordinator$RunState","Coordinator$RunState",0.005192725635034558,0.003092000620757419,2,1,""
"org.axonframework.messaging.eventhandling.annotation.MethodSequencingPolicyEventHandlerDefinition$SequencingPolicyEventMessageHandlingMember","MethodSequencingPolicyEventHandlerDefinition$SequencingPolicyEventMessageHandlingMember",0.0051790985448421575,0.024564795070567642,2,6,""
"org.axonframework.eventsourcing.eventstore.jpa.AggregateEventEntry","AggregateEventEntry",0.005174011572382077,0.00038604985079545716,3,1,""
"org.axonframework.messaging.monitoring.configuration.DefaultMessageMonitorRegistry","DefaultMessageMonitorRegistry",0.005161823561218948,0.07174348512388772,7,26,""
"org.axonframework.common.configuration.DecoratorDefinition$PartialDecoratorDefinition","DecoratorDefinition$PartialDecoratorDefinition",0.005100309362620122,0.0003654255022278284,10,2,""
"org.axonframework.messaging.queryhandling.SimpleQueryHandlingComponent","SimpleQueryHandlingComponent",0.005097149524530166,0.07344003816250523,2,14,""
"org.axonframework.messaging.queryhandling.configuration.QueryHandlingModule","QueryHandlingModule",0.005089659273799567,0.0006526522517681469,5,5,""
"org.axonframework.eventsourcing.eventstore.ContinuousMessageStream","ContinuousMessageStream",0.005076044706178528,0.03999103304610871,1,5,""
"org.axonframework.eventsourcing.eventstore.StreamSpliterator","StreamSpliterator",0.005076044706178528,0.007364449980678875,1,1,""
"org.axonframework.eventsourcing.eventstore.jpa.AggregateBasedJpaEventStorageEngine$1","AggregateBasedJpaEventStorageEngine$1",0.005076044706178528,0.0015534059138725708,1,2,""
"org.axonframework.eventsourcing.eventstore.jpa.AggregateBasedJpaEventStorageEngine$2","AggregateBasedJpaEventStorageEngine$2",0.005076044706178528,0.003269772842861048,1,6,""
"org.axonframework.eventsourcing.eventstore.jpa.AggregateBasedJpaEventStorageEngine$AggregateSource","AggregateBasedJpaEventStorageEngine$AggregateSource",0.005076044706178528,0.026700909162046163,1,3,""
"org.axonframework.eventsourcing.eventstore.jpa.AggregateBasedJpaEventStorageEngine$TokenAndEvent","AggregateBasedJpaEventStorageEngine$TokenAndEvent",0.005076044706178528,0.00043591530652877414,1,2,""
"org.axonframework.eventsourcing.eventstore.jpa.GapAwareTrackingTokenOperations","GapAwareTrackingTokenOperations",0.005076044706178528,0.005388345913327937,1,4,""
"org.axonframework.messaging.eventhandling.processing.streaming.pooled.WorkPackage$ProcessingEntry","WorkPackage$ProcessingEntry",0.004999514555383481,0.015182913692967613,3,2,""
"org.axonframework.messaging.eventstreaming.EventTypeRestrictableEventCriteria","EventTypeRestrictableEventCriteria",0.004930401295546096,0.015266042773731581,6,4,""
"org.axonframework.modelling.entity.annotation.EntityChildModelDefinition","EntityChildModelDefinition",0.0048867788528662815,0.0006339897687144437,2,2,""
"org.axonframework.messaging.eventhandling.processing.streaming.pooled.EventSchedulingProcessingContext","EventSchedulingProcessingContext",0.004879616480821446,0.035796069799253975,2,7,""
"org.axonframework.messaging.monitoring.MultiMessageMonitor","MultiMessageMonitor",0.004843270613984518,0.022267309763956227,3,5,""
"org.axonframework.messaging.commandhandling.tracing.CommandBusSpanFactory","CommandBusSpanFactory",0.004831744993152877,0.006808711065689996,3,2,""
"org.axonframework.common.lifecycle.ShutdownLatch$ActivityHandle","ShutdownLatch$ActivityHandle",0.004806294812084413,0.00019968772056793693,3,1,""
"org.axonframework.common.lifecycle.ShutdownLatch","ShutdownLatch",0.004806280441314218,0.00020003361039771752,3,2,""
"org.axonframework.messaging.eventhandling.processing.streaming.token.store.UnableToInitializeTokenException","UnableToInitializeTokenException",0.004767389170047843,1.0515944461113075e-05,3,1,""
"org.axonframework.messaging.queryhandling.GenericQueryMessage","GenericQueryMessage",0.004742153265375499,0.033865498093969486,2,8,""
"org.axonframework.messaging.eventhandling.processing.subscribing.SubscribingEventProcessor","SubscribingEventProcessor",0.00463571971832507,0.10101732801908242,4,20,""
"org.axonframework.messaging.eventhandling.SimpleEventHandlingComponent","SimpleEventHandlingComponent",0.004559984430992623,0.09898688775379919,1,17,""
"org.axonframework.messaging.core.interception.DefaultHandlerInterceptorRegistry$1","DefaultHandlerInterceptorRegistry$1",0.0045500867949376765,0.023119426572189405,1,4,""
"org.axonframework.messaging.core.interception.DefaultHandlerInterceptorRegistry$2","DefaultHandlerInterceptorRegistry$2",0.0045500867949376765,0.011377747906241364,1,4,""
"org.axonframework.messaging.core.interception.DefaultHandlerInterceptorRegistry$3","DefaultHandlerInterceptorRegistry$3",0.0045500867949376765,0.017158777201844472,1,4,""
"org.axonframework.messaging.core.interception.DefaultHandlerInterceptorRegistry$4","DefaultHandlerInterceptorRegistry$4",0.0045500867949376765,0.009279739322956688,1,4,""
"org.axonframework.messaging.core.interception.DefaultHandlerInterceptorRegistry$GenericInterceptorDefinition","DefaultHandlerInterceptorRegistry$GenericInterceptorDefinition",0.0045500867949376765,0.023917225941498765,1,6,""
"org.axonframework.messaging.core.interception.DefaultDispatchInterceptorRegistry$1","DefaultDispatchInterceptorRegistry$1",0.004547751969200306,0.022498953582413057,1,4,""
"org.axonframework.messaging.core.interception.DefaultDispatchInterceptorRegistry$2","DefaultDispatchInterceptorRegistry$2",0.004547751969200306,0.010757274916465016,1,4,""
"org.axonframework.messaging.core.interception.DefaultDispatchInterceptorRegistry$3","DefaultDispatchInterceptorRegistry$3",0.004547751969200306,0.016538304212068124,1,4,""
"org.axonframework.messaging.core.interception.DefaultDispatchInterceptorRegistry$4","DefaultDispatchInterceptorRegistry$4",0.004547751969200306,0.00865926633318034,1,4,""
"org.axonframework.messaging.core.interception.DefaultDispatchInterceptorRegistry$5","DefaultDispatchInterceptorRegistry$5",0.004547751969200306,0.006536056149617387,1,4,""
"org.axonframework.messaging.core.interception.DefaultDispatchInterceptorRegistry$GenericInterceptorDefinition","DefaultDispatchInterceptorRegistry$GenericInterceptorDefinition",0.004547751969200306,0.02329675295172242,1,6,""
"org.axonframework.axonserver.connector.event.AggregateBasedAxonServerEventStorageEngine$1","AggregateBasedAxonServerEventStorageEngine$1",0.0045103802182160785,0.0034080059814660998,1,6,""
"org.axonframework.axonserver.connector.event.AggregateBasedAxonServerEventStorageEngine$AggregateSource","AggregateBasedAxonServerEventStorageEngine$AggregateSource",0.0045103802182160785,0.026700909162046163,1,3,""
"org.axonframework.axonserver.connector.event.AxonServerMessageStream","AxonServerMessageStream",0.0045103802182160785,0.042874254928272675,1,10,""
"org.axonframework.messaging.eventhandling.processing.streaming.pooled.DefaultWorkPackageEventFilter","DefaultWorkPackageEventFilter",0.0044801226913563095,0.04979234899844107,1,10,""
"org.axonframework.messaging.eventhandling.replay.ResetNotSupportedException","ResetNotSupportedException",0.0044801226913563095,1.7868279131378846e-06,1,1,""
"org.axonframework.messaging.queryhandling.QueryUpdateEmitter","QueryUpdateEmitter",0.004457139525033764,0.04006543765576456,3,8,""
"org.axonframework.eventsourcing.eventstore.inmemory.InMemoryEventStorageEngine","InMemoryEventStorageEngine",0.004443803090749931,0.07636909179782303,5,22,""
"org.axonframework.modelling.annotation.AnnotationBasedEntityEvolvingComponent","AnnotationBasedEntityEvolvingComponent",0.004410524992539654,0.0966341622767503,1,17,""
"org.axonframework.messaging.commandhandling.CommandPriorityCalculator","CommandPriorityCalculator",0.004400033577598908,0.006007926947929492,2,1,""
"org.axonframework.messaging.core.interception.annotation.NoMoreInterceptors","NoMoreInterceptors",0.004369520649927675,0.05732411811686966,2,5,""
"org.axonframework.messaging.eventhandling.processing.streaming.segmenting.SequencingEventHandlingComponent","SequencingEventHandlingComponent",0.004365592771117399,0.09022703463040475,1,10,""
"org.axonframework.messaging.core.annotation.PayloadParameterResolver","PayloadParameterResolver",0.004365285543327022,0.04128944178241449,2,3,""
"org.axonframework.messaging.core.annotation.MessageHandler","MessageHandler",0.004337260463100958,0.017784723698682368,7,2,""
"org.axonframework.messaging.eventhandling.processing.streaming.pooled.PooledStreamingEventProcessor","PooledStreamingEventProcessor",0.004241650605327878,0.10783199890531174,2,35,""
"org.axonframework.messaging.core.annotation.HandlerEnhancerDefinition","HandlerEnhancerDefinition",0.004221951438148477,0.002696180881259141,13,1,""
"org.axonframework.eventsourcing.eventstore.GlobalIndexPosition","GlobalIndexPosition",0.004213602939831055,0.0002892381517697341,3,1,""
"org.axonframework.messaging.core.sequencing.SequentialPolicy","SequentialPolicy",0.00418538796308344,0.048130573523141505,2,4,""
"org.axonframework.messaging.eventhandling.configuration.EventProcessingConfigurer","EventProcessingConfigurer",0.004179892412659076,0.014410563528142687,3,9,""
"org.axonframework.messaging.core.unitofwork.ResourceOverridingProcessingContext","ResourceOverridingProcessingContext",0.004179046422690299,0.028201637930417276,3,5,""
"org.axonframework.modelling.entity.ConcreteEntityMetamodel$Builder","ConcreteEntityMetamodel$Builder",0.004152355475265184,0.011706150617314759,1,9,""
"org.axonframework.eventsourcing.eventstore.AppendEventsTransactionRejectedException","AppendEventsTransactionRejectedException",0.004131288840835437,0.0010099563036117816,4,2,""
"org.axonframework.messaging.core.sequencing.HierarchicalSequencingPolicy","HierarchicalSequencingPolicy",0.004112632673396746,0.04076612354246263,1,3,""
"org.axonframework.messaging.core.sequencing.SequentialPerAggregatePolicy","SequentialPerAggregatePolicy",0.004112632673396746,0.05700416495832203,1,6,""
"org.axonframework.messaging.eventhandling.EventHandlerRegistry","EventHandlerRegistry",0.004112632673396746,0.008498820455224541,1,3,""
"org.axonframework.messaging.eventhandling.NoHandlerForEventException","NoHandlerForEventException",0.004112632673396746,0.005932860687919872,1,1,""
"org.axonframework.messaging.core.GenericResultMessage","GenericResultMessage",0.004069554338163884,0.030292615366736844,3,8,""
"org.axonframework.messaging.eventhandling.InterceptingEventSink$InterceptingPublisher","InterceptingEventSink$InterceptingPublisher",0.004064318687456669,0.06250412840536185,1,7,""
"org.axonframework.messaging.eventhandling.gateway.EventPublishingUtils","EventPublishingUtils",0.00401962281774146,0.03575722966908449,2,5,""
"org.axonframework.modelling.StateEvolvingException","StateEvolvingException",0.004014883406727789,0,1,0,""
"org.axonframework.messaging.core.interception.annotation.ResultParameterResolverFactory","ResultParameterResolverFactory",0.004000319391066844,0.030148142912615788,2,8,""
"org.axonframework.axonserver.connector.util.ExceptionConverter","ExceptionConverter",0.003989072693092498,0.001508945320817479,6,3,""
"org.axonframework.common.configuration.ApplicationConfigurer","ApplicationConfigurer",0.003988491744252276,0.0019342460534651567,5,3,""
"org.axonframework.modelling.entity.PolymorphicEntityMetamodel$Builder","PolymorphicEntityMetamodel$Builder",0.003977569795409741,0.012155206349065127,1,10,""
"org.axonframework.modelling.entity.WrongPolymorphicEntityTypeException","WrongPolymorphicEntityTypeException",0.003977569795409741,0.006007926947929492,1,1,""
"org.axonframework.test.fixture.AxonTestPhase$When$Nothing","AxonTestPhase$When$Nothing",0.003950794025089791,0.000820691439795381,4,3,""
"org.axonframework.messaging.commandhandling.interception.InterceptingCommandBus$InterceptingDispatcher","InterceptingCommandBus$InterceptingDispatcher",0.0039499923612566455,0.05883091980283853,1,8,""
"org.axonframework.messaging.commandhandling.interception.InterceptingCommandBus$InterceptingHandler","InterceptingCommandBus$InterceptingHandler",0.0039499923612566455,0.05607362396083402,1,8,""
"org.axonframework.modelling.entity.child.AbstractEntityChildMetamodel$Builder","AbstractEntityChildMetamodel$Builder",0.003945333154796182,0.0028639128459945966,5,4,""
"org.axonframework.test.fixture.AxonTestPhase$When$Command","AxonTestPhase$When$Command",0.003942052382266464,0.0007121061281215232,4,3,""
"org.axonframework.test.fixture.AxonTestPhase$When$Event","AxonTestPhase$When$Event",0.0039408399749049985,0.0006830254597672525,4,3,""
"org.axonframework.messaging.core.timeout.AxonTaskJanitor","AxonTaskJanitor",0.003934364940773437,3.7186328854244704e-05,2,1,""
"org.axonframework.messaging.queryhandling.GenericSubscriptionQueryUpdateMessage","GenericSubscriptionQueryUpdateMessage",0.003933096159917133,0.03422892811790602,2,10,""
"org.axonframework.messaging.eventhandling.interception.EventMessageHandlerInterceptorChain","EventMessageHandlerInterceptorChain",0.0039280687650923955,0.08608499271962261,1,10,""
"org.axonframework.messaging.queryhandling.distributed.DistributedQueryBusConfiguration","DistributedQueryBusConfiguration",0.003884253482290427,0.001485327513304822,3,3,""
"org.axonframework.messaging.core.unitofwork.SimpleUnitOfWorkFactory","SimpleUnitOfWorkFactory",0.003856934703662722,0.003984275212648055,2,4,""
"org.axonframework.test.fixture.AxonTestPhase$Then$Nothing","AxonTestPhase$Then$Nothing",0.003854501971714533,0.0004890921341171098,7,2,""
"org.axonframework.test.util.MessageMonitorReport$Report","MessageMonitorReport$Report",0.003797802257050525,0.018038179940480598,5,4,""
"org.axonframework.eventsourcing.annotation.reflection.AnnotationBasedEventSourcedEntityFactory","AnnotationBasedEventSourcedEntityFactory",0.0037756728405795616,0.0796002293518619,3,20,""
"org.axonframework.messaging.core.annotation.AnnotationMessageTypeResolver","AnnotationMessageTypeResolver",0.0037731691177325275,0.009990817559877373,2,6,""
"org.axonframework.common.configuration.DefaultAxonApplication","DefaultAxonApplication",0.003752123546808313,0.0037314931891350577,2,9,""
"org.axonframework.messaging.core.QueueMessageStream","QueueMessageStream",0.003633691144464261,0.03942973915732634,1,5,""
"org.axonframework.messaging.queryhandling.SubscriptionQueryAlreadyRegisteredException","SubscriptionQueryAlreadyRegisteredException",0.003633691144464261,0,1,0,""
"org.axonframework.messaging.queryhandling.interception.InterceptingQueryBus$InterceptingHandler","InterceptingQueryBus$InterceptingHandler",0.003629331142811824,0.04695903751383768,1,7,""
"org.axonframework.messaging.queryhandling.interception.InterceptingQueryBus$InterceptingResponseUpdateDispatcher","InterceptingQueryBus$InterceptingResponseUpdateDispatcher",0.003629331142811824,0.05119686766964228,1,7,""
"org.axonframework.messaging.queryhandling.interception.InterceptingQueryBus$QueryInterceptingDispatcher","InterceptingQueryBus$QueryInterceptingDispatcher",0.003629331142811824,0.045714704424519026,1,6,""
"org.axonframework.messaging.queryhandling.interception.InterceptingQueryBus$SubscribeToUpdatesInterceptingDispatcher","InterceptingQueryBus$SubscribeToUpdatesInterceptingDispatcher",0.003629331142811824,0.04655009580118127,1,7,""
"org.axonframework.messaging.queryhandling.interception.InterceptingQueryBus$SubscriptionQueryInterceptingDispatcher","InterceptingQueryBus$SubscriptionQueryInterceptingDispatcher",0.003629331142811824,0.04705345658584736,1,7,""
"org.axonframework.common.configuration.SearchScope","SearchScope",0.0036103011594007316,0,8,0,""
"org.axonframework.messaging.commandhandling.interception.CommandMessageHandlerInterceptorChain$InterceptingHandler","CommandMessageHandlerInterceptorChain$InterceptingHandler",0.003599053077060653,0.07619649554473316,1,9,""
"org.axonframework.messaging.core.DelayedMessageStream$Single","DelayedMessageStream$Single",0.0035870752704743425,0.023518670738330603,2,3,""
"org.axonframework.test.util.CallbackBehavior","CallbackBehavior",0.0035829025578366634,0.002286096362159079,2,1,""
"org.axonframework.messaging.eventhandling.interception.EventMessageHandlerInterceptorChain$InterceptingHandler","EventMessageHandlerInterceptorChain$InterceptingHandler",0.0035765944538841163,0.07857194508580789,1,8,""
"org.axonframework.messaging.eventhandling.InterceptingEventBus","InterceptingEventBus",0.0035548259064486355,0.055142144498077125,2,8,""
"org.axonframework.common.util.ClasspathResolver","ClasspathResolver",0.003543578450427489,0,2,0,""
"org.axonframework.messaging.core.CompletionCallbackMessageStream","CompletionCallbackMessageStream",0.003525917823629068,0.03772743043012542,3,6,""
"org.axonframework.messaging.eventhandling.processing.streaming.pooled.WorkPackage$BatchProcessingEntry","WorkPackage$BatchProcessingEntry",0.003518196965862955,0.015390629758998452,1,3,""
"org.axonframework.messaging.eventhandling.processing.streaming.pooled.WorkPackage$DefaultProcessingEntry","WorkPackage$DefaultProcessingEntry",0.003518196965862955,0.020263178782340685,1,4,""
"org.axonframework.messaging.core.conversion.DelegatingMessageConverter","DelegatingMessageConverter",0.00351034558353259,0.038174778571511615,3,5,""
"org.axonframework.messaging.eventhandling.gateway.EventAppender","EventAppender",0.0035023245132662856,0.03449081826858518,3,7,""
"org.axonframework.test.util.DefaultCallbackBehavior","DefaultCallbackBehavior",0.003481736835373101,0.0024349560996478467,1,2,""
"org.axonframework.axonserver.connector.AxonServerConnectionManager","AxonServerConnectionManager",0.0034802871197924337,0.0002716312853262519,7,4,""
"org.axonframework.messaging.eventhandling.gateway.EventGateway","EventGateway",0.0034734666049044023,0.021474381497439167,2,1,""
"org.axonframework.test.fixture.AxonTestPhase$Then$Message","AxonTestPhase$Then$Message",0.00347284916038179,0.0005780522017413383,8,3,""
"org.axonframework.axonserver.connector.query.AxonServerQueryBusConnector$AxonServerUpdateCallback","AxonServerQueryBusConnector$AxonServerUpdateCallback",0.003465601441910473,0.005667792183820607,2,6,""
"org.axonframework.messaging.core.unitofwork.LegacyMessageSupportingContext","LegacyMessageSupportingContext",0.0033872102207866297,0.04603896046420925,1,7,""
"org.axonframework.messaging.eventhandling.processing.streaming.token.store.ConfigToken","ConfigToken",0.003379099919747673,0.0033939574494350117,2,1,""
"org.axonframework.messaging.eventhandling.processing.streaming.token.store.UnableToRetrieveIdentifierException","UnableToRetrieveIdentifierException",0.003379099919747673,1.0515944461113075e-05,2,1,""
"org.axonframework.messaging.tracing.SpanScope","SpanScope",0.0033697617768470383,0,5,0,""
"org.axonframework.messaging.core.annotation.HandlerAttributes","HandlerAttributes",0.0033225803153340717,0,3,0,""
"org.axonframework.messaging.core.CompletionCallbackMessageStream$Empty","CompletionCallbackMessageStream$Empty",0.0033204360731666424,0.024224003836900647,2,3,""
"org.axonframework.messaging.eventhandling.configuration.EventBusConfigurationDefaults","EventBusConfigurationDefaults",0.0033122075585380367,0.006133967969689827,2,7,""
"org.axonframework.eventsourcing.annotation.reflection.AnnotationBasedEventSourcedEntityFactory$IdTypeParameterResolver","AnnotationBasedEventSourcedEntityFactory$IdTypeParameterResolver",0.0033071703888508503,0.027424814531449244,1,4,""
"org.axonframework.eventsourcing.annotation.reflection.AnnotationBasedEventSourcedEntityFactory$ScannedEntityCreator","AnnotationBasedEventSourcedEntityFactory$ScannedEntityCreator",0.0033071703888508503,0.05324401765204044,1,8,""
"org.axonframework.eventsourcing.annotation.reflection.EntityCreator","EntityCreator",0.0033071703888508503,0,1,0,""
"org.axonframework.eventsourcing.annotation.reflection.InjectEntityId","InjectEntityId",0.0033071703888508503,0,1,0,""
"org.axonframework.eventsourcing.eventstore.InterceptingEventStore$InterceptingEventStoreTransaction","InterceptingEventStore$InterceptingEventStoreTransaction",0.003299976423374034,0.05136375365904601,1,9,""
"org.axonframework.test.fixture.AxonTestPhase$Then$MessageAssertions","AxonTestPhase$Then$MessageAssertions",0.0032941105120628555,0.021560477683405237,6,4,""
"org.axonframework.messaging.core.annotation.AnnotatedHandlerAttributes","AnnotatedHandlerAttributes",0.0032876271392629883,0.0007032433512210282,1,4,""
"org.axonframework.messaging.core.annotation.MessageHandlerInvocationException","MessageHandlerInvocationException",0.0032876271392629883,9.16335929097056e-05,1,1,""
"org.axonframework.common.property.Property","Property",0.003267584823447748,0,8,0,""
"org.axonframework.messaging.queryhandling.interception.QueryMessageHandlerInterceptorChain$InterceptingHandler","QueryMessageHandlerInterceptorChain$InterceptingHandler",0.0032670955340251243,0.06709764245744086,1,8,""
"org.axonframework.modelling.repository.SimpleRepositoryEntityLoader","SimpleRepositoryEntityLoader",0.0032460218250376714,0.021474381497439167,4,1,""
"org.axonframework.messaging.queryhandling.distributed.PayloadConvertingQueryBusConnector$1$1","PayloadConvertingQueryBusConnector$1$1",0.00324192775649881,0.0023425893925668097,2,4,""
"org.axonframework.modelling.repository.SimpleRepositoryEntityPersister","SimpleRepositoryEntityPersister",0.003227839724778361,0.021474381497439167,4,1,""
"org.axonframework.common.property.PropertyAccessStrategy","PropertyAccessStrategy",0.0032113851984607745,0.00013575915369978874,5,1,""
"org.axonframework.eventsourcing.eventstore.DefaultEventStoreTransaction","DefaultEventStoreTransaction",0.0032049837792646908,0.06797372431430787,1,16,""
"org.axonframework.eventsourcing.eventstore.GenericTaggedEventMessage","GenericTaggedEventMessage",0.0032049837792646908,0.015392240737445188,1,4,""
"org.axonframework.test.fixture.AxonTestWhen$Command","AxonTestWhen$Command",0.003200172379002966,0.0014016017081768094,1,7,""
"org.axonframework.test.fixture.AxonTestWhen$Event","AxonTestWhen$Event",0.003200172379002966,0.0013724202954463556,1,7,""
"org.axonframework.test.fixture.AxonTestWhen$Nothing","AxonTestWhen$Nothing",0.003200172379002966,0.0016120041642586293,1,7,""
"org.axonframework.messaging.commandhandling.distributed.DistributedCommandBusConfiguration","DistributedCommandBusConfiguration",0.0031921905897075538,0.001485327513304822,3,3,""
"org.axonframework.messaging.commandhandling.gateway.CommandDispatcher","CommandDispatcher",0.0031855837672953202,0.03148029469957913,3,7,""
"org.axonframework.eventsourcing.eventstore.inmemory.InMemoryEventStorageEngine$1","InMemoryEventStorageEngine$1",0.0031729255188506266,0.017140673816373464,1,9,""
"org.axonframework.eventsourcing.eventstore.inmemory.InMemoryEventStorageEngine$MapBackedSourcingEventMessageStream","InMemoryEventStorageEngine$MapBackedSourcingEventMessageStream",0.0031729255188506266,0.025374060686947187,1,11,""
"org.axonframework.eventsourcing.eventstore.inmemory.InMemoryEventStorageEngine$MapBackedStreamingEventMessageStream","InMemoryEventStorageEngine$MapBackedStreamingEventMessageStream",0.0031729255188506266,0.017370911104520426,1,5,""
"org.axonframework.test.fixture.Reporter","Reporter",0.0031702429042157246,0.011897518651596542,3,2,""
"org.axonframework.extension.metrics.micrometer.EventProcessorLatencyMonitor$Builder","EventProcessorLatencyMonitor$Builder",0.00316569524761671,0.01908036546203062,2,3,""
"org.axonframework.update.configuration.UsagePropertyProvider","UsagePropertyProvider",0.003165037376828293,0.007441661882774708,12,6,""
"org.axonframework.messaging.core.CompletionCallbackMessageStream$Single","CompletionCallbackMessageStream$Single",0.0031329966584605793,0.02291899116363181,2,3,""
"org.axonframework.messaging.core.MessageStreamUtils","MessageStreamUtils",0.003132781956266217,0.0371595297444436,2,5,""
"org.axonframework.messaging.core.MappedMessageStream$Single","MappedMessageStream$Single",0.003127255098007191,0.02775807845324355,2,4,""
"org.axonframework.messaging.core.OnNextMessageStream$Single","OnNextMessageStream$Single",0.003127255098007191,0.02775807845324355,2,4,""
"org.axonframework.modelling.repository.SimpleRepository","SimpleRepository",0.003120934913389305,0.0358039709377964,3,8,""
"org.axonframework.messaging.core.FilteringMessageStream$Single","FilteringMessageStream$Single",0.0031094393840745264,0.02775807845324355,2,4,""
"org.axonframework.messaging.eventhandling.configuration.EventHandlingComponentsConfigurer$CompletePhase","EventHandlingComponentsConfigurer$CompletePhase",0.0031038768469954644,0.00681623616538019,8,3,""
"org.axonframework.messaging.core.retry.AsyncRetryScheduler$RetryTask","AsyncRetryScheduler$RetryTask",0.003101697923158977,0.0480296897366682,1,9,""
"org.axonframework.messaging.eventhandling.configuration.EventHandlingComponentsConfigurer$RequiredComponentPhase","EventHandlingComponentsConfigurer$RequiredComponentPhase",0.0030984875205418223,7.580703842130498e-07,7,1,""
"org.axonframework.test.fixture.AxonTestWhen","AxonTestWhen",0.0030716627916410983,0.07702489601687722,5,25,""
"org.axonframework.messaging.core.annotation.InterceptorChainParameterResolverFactory","InterceptorChainParameterResolverFactory",0.003015398757653848,0.06437064379419875,1,9,""
"org.axonframework.messaging.queryhandling.distributed.DistributedQueryBus$DistributedHandler","DistributedQueryBus$DistributedHandler",0.0030006194521849695,0.02540982831484765,1,10,""
"org.axonframework.common.configuration.ComponentDecorator","ComponentDecorator",0.0029991224689662655,0.0034187896796293573,9,1,""
"org.axonframework.messaging.core.configuration.MessagingConfigurationDefaults","MessagingConfigurationDefaults",0.0029928788657748715,0.04315208445161114,1,62,""
"org.axonframework.test.fixture.AxonTestPhase$Given","AxonTestPhase$Given",0.0029861489553364563,0.027414461293803326,4,8,""
"org.axonframework.messaging.monitoring.configuration.DefaultMessageMonitorRegistry$1","DefaultMessageMonitorRegistry$1",0.0029807442974015713,0.021299145783493553,1,4,""
"org.axonframework.messaging.monitoring.configuration.DefaultMessageMonitorRegistry$2","DefaultMessageMonitorRegistry$2",0.0029807442974015713,0.009557467117545508,1,4,""
"org.axonframework.messaging.monitoring.configuration.DefaultMessageMonitorRegistry$3","DefaultMessageMonitorRegistry$3",0.0029807442974015713,0.015338496413148616,1,4,""
"org.axonframework.messaging.monitoring.configuration.DefaultMessageMonitorRegistry$4","DefaultMessageMonitorRegistry$4",0.0029807442974015713,0.007459458534260832,1,4,""
"org.axonframework.messaging.monitoring.configuration.DefaultMessageMonitorRegistry$5","DefaultMessageMonitorRegistry$5",0.0029807442974015713,0.005336248350697879,1,4,""
"org.axonframework.messaging.monitoring.configuration.DefaultMessageMonitorRegistry$GenericMonitorDefinition","DefaultMessageMonitorRegistry$GenericMonitorDefinition",0.0029807442974015713,0.022096945152802916,1,6,""
"org.axonframework.axonserver.connector.event.AxonServerEventStorageEngine$AxonServerAppendTransaction","AxonServerEventStorageEngine$AxonServerAppendTransaction",0.00295536772321705,0.0026202119425716374,1,5,""
"org.axonframework.axonserver.connector.event.ConditionConverter","ConditionConverter",0.00295536772321705,0.023565289913642488,1,11,""
"org.axonframework.axonserver.connector.event.SourcingEventMessageStream","SourcingEventMessageStream",0.00295536772321705,0.05094187996377593,1,13,""
"org.axonframework.axonserver.connector.event.StreamingEventMessageStream","StreamingEventMessageStream",0.00295536772321705,0.04906533695333529,1,10,""
"org.axonframework.modelling.entity.ConcreteEntityMetamodel","ConcreteEntityMetamodel",0.0029525576556934377,0.09994297520497641,3,23,""
"org.axonframework.eventsourcing.EntityMissingAfterLoadOrCreateException","EntityMissingAfterLoadOrCreateException",0.0029454388993649548,0,1,0,""
"org.axonframework.eventsourcing.EventSourcingRepository$EventSourcedEntity","EventSourcingRepository$EventSourcedEntity",0.0029454388993649548,0.03481421005114182,1,5,""
"org.axonframework.extension.springboot.autoconfig.AxonAutoConfiguration","AxonAutoConfiguration",0.002922647297911339,0.007061784554579444,7,5,""
"org.axonframework.messaging.core.DefaultMessageDispatchInterceptorChain$InterceptingDispatcher","DefaultMessageDispatchInterceptorChain$InterceptingDispatcher",0.0029199404165399204,0.06409924477209947,1,6,""
"org.axonframework.messaging.core.interception.JSR303ViolationException","JSR303ViolationException",0.0028668327868413535,1.7868279131378846e-06,1,1,""
"org.axonframework.messaging.core.unitofwork.UnitOfWork$UnitOfWorkProcessingContext$CauseAndPhase","UnitOfWork$UnitOfWorkProcessingContext$CauseAndPhase",0.00285751861962755,0.0014046535963755135,2,2,""
"org.axonframework.messaging.core.unitofwork.UnitOfWork$UnitOfWorkProcessingContext$Status","UnitOfWork$UnitOfWorkProcessingContext$Status",0.00285751861962755,6.37468229038324e-05,2,1,""
"org.axonframework.messaging.queryhandling.QueryUpdateEmitterParameterResolverFactory","QueryUpdateEmitterParameterResolverFactory",0.002783364066853835,0.011678021083201944,2,5,""
"org.axonframework.messaging.core.FilteringMessageStream","FilteringMessageStream",0.0027205279082956,0.03716043078228633,2,4,""
"org.axonframework.messaging.core.MappedMessageStream","MappedMessageStream",0.0027205279082956,0.03758923690646994,2,5,""
"org.axonframework.messaging.core.OnNextMessageStream","OnNextMessageStream",0.0027205279082956,0.03758923690646994,2,5,""
"org.axonframework.conversion.ChainingContentTypeConverter","ChainingContentTypeConverter",0.002711037998249484,0.011713789338242263,4,5,""
"org.axonframework.extension.metrics.micrometer.MessageTimerMonitor$Builder","MessageTimerMonitor$Builder",0.0026727000872153995,0.019082616833089205,2,3,""
"org.axonframework.extension.metrics.micrometer.MessageTimerMonitor","MessageTimerMonitor",0.002651573260616983,0.020893121897422613,3,5,""
"org.axonframework.messaging.eventhandling.configuration.EventProcessorModule","EventProcessorModule",0.0026433123309763246,0.000990493682383362,6,7,""
"org.axonframework.test.AxonAssertionError","AxonAssertionError",0.002612986802872423,0,3,0,""
"org.axonframework.axonserver.connector.query.AxonServerQueryBusConnector$LocalSegmentAdapter","AxonServerQueryBusConnector$LocalSegmentAdapter",0.002611388639826812,0.02056003379734157,1,9,""
"org.axonframework.axonserver.connector.query.QueryResponseMessageStream","QueryResponseMessageStream",0.002611388639826812,0.010161198435928474,1,6,""
"org.axonframework.axonserver.connector.query.QueryUpdateMessageStream","QueryUpdateMessageStream",0.002611388639826812,0.0027967484552495984,1,5,""
"org.axonframework.messaging.commandhandling.gateway.FutureCommandResult","FutureCommandResult",0.0026071832650271048,0.01815823311410276,1,2,""
"org.axonframework.extension.metrics.micrometer.EventProcessorLatencyMonitor","EventProcessorLatencyMonitor",0.00259738504787039,0.0327590142510252,2,6,""
"org.axonframework.modelling.entity.annotation.AnnotatedEntityModelRoutingKeyMatcher","AnnotatedEntityModelRoutingKeyMatcher",0.0025946225152207745,0.03318260446450217,2,8,""
"org.axonframework.test.matchers.PayloadMatcher","PayloadMatcher",0.0025669978622093383,0.017749605613877534,2,1,""
"org.axonframework.messaging.eventhandling.replay.ReplayStatus","ReplayStatus",0.002545607608396337,0,2,0,""
"org.axonframework.messaging.eventhandling.configuration.EventProcessorModule$CustomizationPhase","EventProcessorModule$CustomizationPhase",0.002524852508894339,0.003841701171727082,6,3,""
"org.axonframework.common.configuration.ComponentFactory","ComponentFactory",0.0025014463795608073,0.007744592330812489,4,4,""
"org.axonframework.test.fixture.AxonTestThenNothing","AxonTestThenNothing",0.002500126213154573,0.001959979761434171,2,6,""
"org.axonframework.eventsourcing.annotation.EventSourcedEntity","EventSourcedEntity",0.0024979805619598956,0.00014092696738447178,2,6,""
"org.axonframework.axonserver.connector.ErrorCode","ErrorCode",0.0024975361522977927,0.0016995082244992401,8,19,""
"org.axonframework.messaging.eventhandling.configuration.EventProcessorModule$EventHandlingPhase","EventProcessorModule$EventHandlingPhase",0.002492217007981562,0.0007855033271426513,5,5,""
"org.axonframework.modelling.MissingRepositoryException","MissingRepositoryException",0.002479455511700714,0,2,0,""
"org.axonframework.eventsourcing.eventstore.InterceptingEventStore","InterceptingEventStore",0.0024533512519051273,0.07942707790938162,2,15,""
"org.axonframework.common.configuration.AbstractComponent","AbstractComponent",0.0023879311600398887,0.01594231928169863,3,9,""
"org.axonframework.axonserver.connector.AxonServerConfiguration$Eventhandling","AxonServerConfiguration$Eventhandling",0.0023688183263214945,7.254012058697315e-05,4,1,""
"org.axonframework.messaging.queryhandling.distributed.PayloadConvertingQueryBusConnector$1","PayloadConvertingQueryBusConnector$1",0.002367239415848575,0.023395448591054656,2,8,""
"org.axonframework.axonserver.connector.command.CommandConverter","CommandConverter",0.0023454311138278805,0.029017380882474676,2,12,""
"org.axonframework.messaging.commandhandling.interception.CommandMessageHandlerInterceptorChain","CommandMessageHandlerInterceptorChain",0.002329704703812113,0.08662554895052407,1,11,""
"org.axonframework.test.fixture.AxonTestPhase$Setup","AxonTestPhase$Setup",0.0023199170435866325,0.00043980895024114063,4,2,""
"org.axonframework.test.util.MessageMonitorReport$Report$Failure","MessageMonitorReport$Report$Failure",0.002315230230269877,0.017907393842246253,3,2,""
"org.axonframework.test.util.MessageMonitorReport$Report$Ignored","MessageMonitorReport$Report$Ignored",0.002315230230269877,0.017907393842246253,3,2,""
"org.axonframework.test.util.MessageMonitorReport$Report$Success","MessageMonitorReport$Report$Success",0.002315230230269877,0.017907393842246253,3,2,""
"org.axonframework.messaging.commandhandling.distributed.DistributedCommandBus$DistributedHandler","DistributedCommandBus$DistributedHandler",0.0022985924980910275,0.011961611876065117,1,7,""
"org.axonframework.messaging.eventhandling.InterceptingEventSink","InterceptingEventSink",0.00229100429709734,0.09782401922199632,1,11,""
"org.axonframework.messaging.queryhandling.distributed.DelegatingQueryBusConnector","DelegatingQueryBusConnector",0.0022699112757457733,0.05842159554505316,1,8,""
"org.axonframework.messaging.monitoring.NoOpMessageMonitorCallback","NoOpMessageMonitorCallback",0.002226830495020188,0.0011918382555970832,2,1,""
"org.axonframework.common.AxonException","AxonException",0.0022055274311142755,0,20,0,""
"org.axonframework.axonserver.connector.command.AxonServerCommandBusConnector$FutureResultCallback","AxonServerCommandBusConnector$FutureResultCallback",0.002186595326439636,0.003823015937112362,1,4,""
"org.axonframework.conversion.jackson.JacksonConverter","JacksonConverter",0.00217188362074176,0.019269291555336545,3,9,""
"org.axonframework.common.ProcessUtils","ProcessUtils",0.002167656880502697,2.729160803116429e-57,1,1,""
"org.axonframework.messaging.eventhandling.processing.streaming.pooled.ClaimTask","ClaimTask",0.002167656880502697,0.032075691449034695,1,8,""
"org.axonframework.messaging.eventhandling.processing.streaming.pooled.Coordinator$CoordinationTask","Coordinator$CoordinationTask",0.002167656880502697,0.07281032978325358,1,22,""
"org.axonframework.messaging.eventhandling.processing.streaming.pooled.MergeTask","MergeTask",0.002167656880502697,0.03554119370596047,1,10,""
"org.axonframework.messaging.eventhandling.processing.streaming.pooled.SplitTask","SplitTask",0.002167656880502697,0.03618607872392124,1,10,""
"org.axonframework.messaging.commandhandling.tracing.TracingCommandBus$TracingHandler","TracingCommandBus$TracingHandler",0.002162266467673437,0.039018274771293805,1,8,""
"org.axonframework.axonserver.connector.util.ProcessingInstructionUtils","ProcessingInstructionUtils",0.002157252306406027,0,2,0,""
"org.axonframework.messaging.eventhandling.EventSubscribers","EventSubscribers",0.002143827100928781,0.054629440542101955,1,6,""
"org.axonframework.test.matchers.Matchers","Matchers",0.00211867765685356,0.03643331247603566,2,16,""
"org.axonframework.modelling.entity.child.ListEntityChildMetamodel","ListEntityChildMetamodel",0.002113372163655629,0.0017867972494904167,3,6,""
"org.axonframework.common.configuration.ComponentNotFoundException","ComponentNotFoundException",0.002111257093616277,0.001530511072109071,2,1,""
"org.axonframework.modelling.entity.child.ListEntityChildMetamodel$Builder","ListEntityChildMetamodel$Builder",0.0021068066414074095,0.0019448226958112074,3,6,""
"org.axonframework.messaging.eventhandling.conversion.DelegatingEventConverter","DelegatingEventConverter",0.0020978160832058044,0.0339981491513271,2,7,""
"org.axonframework.messaging.tracing.NoOpSpanFactory$NoOpSpan","NoOpSpanFactory$NoOpSpan",0.0020939859669344427,0.0009407884425792089,2,2,""
"org.axonframework.messaging.eventhandling.processing.streaming.segmenting.SegmentMatcher","SegmentMatcher",0.0020687350220182634,0.04355044644652734,1,5,""
"org.axonframework.messaging.eventhandling.processing.errorhandling.PropagatingErrorHandler","PropagatingErrorHandler",0.0020640843910909186,0.0015693587518541062,1,3,""
"org.axonframework.modelling.entity.child.SingleEntityChildMetamodel","SingleEntityChildMetamodel",0.0020634418860582568,0.001784722783915117,3,6,""
"org.axonframework.modelling.entity.child.SingleEntityChildMetamodel$Builder","SingleEntityChildMetamodel$Builder",0.002056876363810037,0.0019427482302359076,3,6,""
"org.axonframework.conversion.CachingSupplier","CachingSupplier",0.002043871245445882,0,1,0,""
"org.axonframework.test.matchers.FieldFilter","FieldFilter",0.0020308433744334613,0,9,0,""
"org.axonframework.messaging.core.DelayedMessageStream$Empty","DelayedMessageStream$Empty",0.002019819103065462,0.02482368341159944,1,3,""
"org.axonframework.messaging.core.retry.AsyncRetryScheduler","AsyncRetryScheduler",0.0019955013815021808,0.07465471598601876,1,12,""
"org.axonframework.messaging.core.interception.annotation.ResultHandler","ResultHandler",0.001994953944173077,3.51180848048329e-05,2,1,""
"org.axonframework.common.IdentifierFactory","IdentifierFactory",0.0019872559174600713,2.729160803116429e-57,3,1,""
"org.axonframework.messaging.eventhandling.processing.streaming.token.store.jpa.TokenEntry$PK","TokenEntry$PK",0.001984007356337322,0,2,0,""
"org.axonframework.messaging.core.annotation.AnnotatedHandlerInspector$ExecutableSignature","AnnotatedHandlerInspector$ExecutableSignature",0.0019803188051607237,0,1,0,""
"org.axonframework.messaging.core.annotation.ChainedMessageHandlerInterceptorMember","ChainedMessageHandlerInterceptorMember",0.0019803188051607237,0.057505659670512334,1,6,""
"org.axonframework.messaging.core.annotation.HandlerComparator","HandlerComparator",0.0019803188051607237,0.002696180881259141,1,1,""
"org.axonframework.messaging.core.annotation.MessageStreamResolverUtils","MessageStreamResolverUtils",0.0019803188051607237,0.0369390252622427,1,9,""
"org.axonframework.messaging.core.unitofwork.transaction.TransactionManager","TransactionManager",0.001974779081725928,0.024516266661048468,6,5,""
"org.axonframework.messaging.queryhandling.interception.QueryMessageHandlerInterceptorChain","QueryMessageHandlerInterceptorChain",0.0019510187294988894,0.07863566834180384,1,10,""
"org.axonframework.messaging.eventhandling.processing.streaming.segmenting.SequenceCachingEventHandlingComponent$SequenceIdentifiersCache","SequenceCachingEventHandlingComponent$SequenceIdentifiersCache",0.001944341531734481,0,1,0,""
"org.axonframework.messaging.tracing.TracingHandlerEnhancerDefinition","TracingHandlerEnhancerDefinition",0.0019014483895380774,0.004540853731384206,2,6,""
"org.axonframework.messaging.eventhandling.configuration.EventProcessorCustomization","EventProcessorCustomization",0.0018627704183749527,0.003731878821457098,3,2,""
"org.axonframework.extension.metrics.micrometer.CapacityMonitor","CapacityMonitor",0.0018589618100411872,0.020820148368000932,2,5,""
"org.axonframework.extension.metrics.micrometer.MessageCountingMonitor","MessageCountingMonitor",0.0018573721370582425,0.020781886555259994,2,4,""
"org.axonframework.messaging.core.FluxMessageStream","FluxMessageStream",0.0018498627012231874,0.037381543948943864,2,5,""
"org.axonframework.messaging.commandhandling.annotation.AnnotationRoutingStrategy","AnnotationRoutingStrategy",0.0018351218715280367,0.008928053012373366,2,7,""
"org.axonframework.test.FixtureExecutionException","FixtureExecutionException",0.0018155458146854391,1.7868279131378846e-06,4,1,""
"org.axonframework.extension.metrics.micrometer.TagsUtil","TagsUtil",0.001804648391697376,0.02560443229822347,1,3,""
"org.axonframework.messaging.core.unitofwork.transaction.NoTransactionManager","NoTransactionManager",0.0018042864047097928,0.00012500068865876817,3,3,""
"org.axonframework.messaging.commandhandling.distributed.DelegatingCommandBusConnector","DelegatingCommandBusConnector",0.0017972243969573945,0.04694221335725702,1,7,""
"org.axonframework.messaging.commandhandling.distributed.PayloadConvertingCommandBusConnector$ConvertingResultMessageCallback","PayloadConvertingCommandBusConnector$ConvertingResultMessageCallback",0.0017972243969573945,0.003725401231402114,1,3,""
"org.axonframework.messaging.commandhandling.SimpleCommandBus","SimpleCommandBus",0.0017928503125718039,0.07119793312086137,1,15,""
"org.axonframework.messaging.commandhandling.gateway.ConvertingCommandGateway","ConvertingCommandGateway",0.0017928503125718039,0.03570626329190858,1,7,""
"org.axonframework.messaging.commandhandling.gateway.DefaultCommandGateway","DefaultCommandGateway",0.0017928503125718039,0.06275225085269781,1,13,""
"org.axonframework.messaging.commandhandling.interception.CommandSequencingInterceptor","CommandSequencingInterceptor",0.0017928503125718039,0.07110972016539946,1,9,""
"org.axonframework.messaging.commandhandling.interception.InterceptingCommandBus","InterceptingCommandBus",0.0017928503125718039,0.09507230076965249,1,15,""
"org.axonframework.messaging.core.correlation.DefaultCorrelationDataProviderRegistry","DefaultCorrelationDataProviderRegistry",0.0017928503125718039,0.01617572463998961,1,9,""
"org.axonframework.messaging.core.correlation.MessageOriginProvider","MessageOriginProvider",0.0017928503125718039,0.020525332235394253,1,3,""
"org.axonframework.messaging.core.interception.CorrelationDataInterceptor","CorrelationDataInterceptor",0.0017928503125718039,0.07544193832054354,1,10,""
"org.axonframework.messaging.core.sequencing.NoOpSequencingPolicy","NoOpSequencingPolicy",0.0017928503125718039,0.04076612354246263,1,3,""
"org.axonframework.messaging.core.sequencing.RoutingKeySequencingPolicy","RoutingKeySequencingPolicy",0.0017928503125718039,0.04677405049039212,1,4,""
"org.axonframework.messaging.core.unitofwork.TransactionalUnitOfWorkFactory","TransactionalUnitOfWorkFactory",0.0017928503125718039,0.003836339958736836,1,4,""
"org.axonframework.messaging.eventhandling.gateway.DefaultEventGateway","DefaultEventGateway",0.0017928503125718039,0.040450725719073044,1,7,""
"org.axonframework.messaging.monitoring.interception.MonitoringCommandHandlerInterceptor","MonitoringCommandHandlerInterceptor",0.0017928503125718039,0.0713635102363141,1,10,""
"org.axonframework.messaging.monitoring.interception.MonitoringEventDispatchInterceptor","MonitoringEventDispatchInterceptor",0.0017928503125718039,0.07519439384745041,1,10,""
"org.axonframework.messaging.monitoring.interception.MonitoringEventHandlerInterceptor","MonitoringEventHandlerInterceptor",0.0017928503125718039,0.07714453953191722,1,10,""
"org.axonframework.messaging.monitoring.interception.MonitoringQueryHandlerInterceptor","MonitoringQueryHandlerInterceptor",0.0017928503125718039,0.06926550165302942,1,10,""
"org.axonframework.messaging.monitoring.interception.MonitoringSubscriptionQueryUpdateDispatchInterceptor","MonitoringSubscriptionQueryUpdateDispatchInterceptor",0.0017928503125718039,0.06519214578499968,1,10,""
"org.axonframework.messaging.queryhandling.SimpleQueryBus","SimpleQueryBus",0.0017928503125718039,0.08745925201374127,1,22,""
"org.axonframework.messaging.queryhandling.gateway.DefaultQueryGateway","DefaultQueryGateway",0.0017928503125718039,0.09123331929975138,1,16,""
"org.axonframework.messaging.queryhandling.interception.InterceptingQueryBus","InterceptingQueryBus",0.0017928503125718039,0.08735431121211995,1,18,""
"org.axonframework.test.fixture.AxonTestFixture","AxonTestFixture",0.0017679350105305849,0.010982282426760305,3,16,""
"org.axonframework.messaging.eventhandling.processing.streaming.token.store.jdbc.TokenSchema","TokenSchema",0.0017671428792739783,2.729160803116429e-57,6,1,""
"org.axonframework.test.fixture.CommandValidator","CommandValidator",0.0017611763396646618,0.008604693284347667,1,7,""
"org.axonframework.test.matchers.MapStringEntryMatcher","MapStringEntryMatcher",0.0017611763396646618,2.861732518288613e-51,1,2,""
"org.axonframework.test.matchers.MatchAllFieldFilter","MatchAllFieldFilter",0.0017611763396646618,8.437595126268302e-05,1,1,""
"org.axonframework.messaging.eventhandling.processing.streaming.token.store.jpa.JpaTokenStoreConfiguration","JpaTokenStoreConfiguration",0.0017579762250236046,0.0012228456500575902,2,1,""
"org.axonframework.modelling.annotation.TargetEntityIdMemberMismatchException","TargetEntityIdMemberMismatchException",0.0017482361141035292,0,1,0,""
"org.axonframework.axonserver.connector.AxonServerConfiguration$Eventhandling$ProcessorSettings","AxonServerConfiguration$Eventhandling$ProcessorSettings",0.0017459669617948706,9.841788006306016e-05,3,1,""
"org.axonframework.axonserver.connector.event.EventProcessorControlService$AxonProcessorInstructionHandler","EventProcessorControlService$AxonProcessorInstructionHandler",0.0017354612387563612,0.0007490443736642777,1,3,""
"org.axonframework.axonserver.connector.event.EventProcessorInfoUtils","EventProcessorInfoUtils",0.0017354612387563612,0.013290600352437038,1,7,""
"org.axonframework.messaging.eventhandling.processing.streaming.token.MergedTrackingToken","MergedTrackingToken",0.0017220107873555544,0.003745849044312873,2,2,""
"org.axonframework.eventsourcing.annotation.AnnotationBasedEventCriteriaResolver$WrappedEventCriteriaBuilderMethod","AnnotationBasedEventCriteriaResolver$WrappedEventCriteriaBuilderMethod",0.0017216841680985197,0.005595384238730967,1,4,""
"org.axonframework.eventsourcing.annotation.EventCriteriaBuilder","EventCriteriaBuilder",0.0017216841680985197,0,1,0,""
"org.axonframework.modelling.annotation.TargetEntityId","TargetEntityId",0.001714489139164055,0,1,0,""
"org.axonframework.axonserver.connector.query.AxonServerQueryBusConnector","AxonServerQueryBusConnector",0.0017114701787525383,0.0628534699500273,3,17,""
"org.axonframework.messaging.eventhandling.processing.streaming.token.store.jdbc.TokenTableFactory","TokenTableFactory",0.0017071858221467788,7.341992166058289e-05,3,1,""
"org.axonframework.common.jdbc.JdbcException","JdbcException",0.0017010740858964771,1.0515944461113075e-05,2,1,""
"org.axonframework.common.jdbc.JdbcUtils$SqlResultConverter","JdbcUtils$SqlResultConverter",0.0017010740858964771,0,2,0,""
"org.axonframework.common.jdbc.JdbcUtils","JdbcUtils",0.0016951912322600246,0.00014159430674143538,1,3,""
"org.axonframework.messaging.eventhandling.processing.streaming.token.store.jdbc.JdbcTokenEntry","JdbcTokenEntry",0.0016951912322600246,0.007140639848954225,1,5,""
"org.axonframework.messaging.eventhandling.processing.streaming.token.store.jdbc.JdbcTokenStoreConfiguration","JdbcTokenStoreConfiguration",0.0016951912322600246,0.0012962655717181732,1,2,""
"org.axonframework.messaging.queryhandling.distributed.PayloadConvertingQueryBusConnector","PayloadConvertingQueryBusConnector",0.0016911208357106623,0.05463445692813282,3,11,""
"org.axonframework.messaging.eventhandling.processing.streaming.token.store.jpa.TokenEntry","TokenEntry",0.0016839086874876486,0.007223069892605338,1,6,""
"org.axonframework.messaging.queryhandling.distributed.DistributedQueryBus","DistributedQueryBus",0.0016797516920415956,0.07222185993152909,2,18,""
"org.axonframework.eventsourcing.configuration.EventSourcedEntityModule","EventSourcedEntityModule",0.0016777259935205095,0.00030601826538219584,3,7,""
"org.axonframework.test.util.MessageMonitorReport","MessageMonitorReport",0.0016761295971574875,0.018195968168849313,2,5,""
"org.axonframework.eventsourcing.configuration.EventSourcedEntityModule$CriteriaResolverPhase","EventSourcedEntityModule$CriteriaResolverPhase",0.0016653677988482736,0.0019125923431003457,4,3,""
"org.axonframework.messaging.queryhandling.SimpleQueryUpdateEmitter","SimpleQueryUpdateEmitter",0.0016646086339408383,0.07176013720939908,1,12,""
"org.axonframework.eventsourcing.configuration.EventSourcedEntityModule$EntityIdResolverPhase","EventSourcedEntityModule$EntityIdResolverPhase",0.0016621457775539414,0.002593610568882482,4,4,""
"org.axonframework.messaging.core.FluxUtils$FluxStreamAdapter","FluxUtils$FluxStreamAdapter",0.0016442285192103897,0.03703124213621552,1,3,""
"org.axonframework.common.ConstructorUtils","ConstructorUtils",0.0016251219603891146,0.0009411891908179539,3,1,""
"org.axonframework.messaging.commandhandling.tracing.TracingCommandBus","TracingCommandBus",0.0016211018987724154,0.052043555815628355,1,11,""
"org.axonframework.test.matchers.AllFieldsFilter","AllFieldsFilter",0.0016100646973293477,8.437595126268302e-05,2,1,""
"org.axonframework.messaging.core.annotation.MethodInvokingMessageHandlingMember","MethodInvokingMessageHandlingMember",0.0016002371312873935,0.0791298432180621,1,15,""
"org.axonframework.eventsourcing.configuration.EventSourcedEntityModule$EntityFactoryPhase","EventSourcedEntityModule$EntityFactoryPhase",0.0015880682660872592,0.0019901431203615334,4,3,""
"org.axonframework.eventsourcing.configuration.EventSourcedEntityModule$MessagingModelPhase","EventSourcedEntityModule$MessagingModelPhase",0.0015826828308978177,0.00012962194959585907,3,2,""
"org.axonframework.conversion.avro.AvroConverterStrategy","AvroConverterStrategy",0.0015766294774736491,0.0032170108389067108,4,2,""
"org.axonframework.messaging.core.CloseCallbackMessageStream","CloseCallbackMessageStream",0.00156725616740888,0.04881010748198486,1,6,""
"org.axonframework.messaging.core.ConcatenatingMessageStream","ConcatenatingMessageStream",0.00156725616740888,0.03703124213621552,1,3,""
"org.axonframework.messaging.core.EmptyMessageStream","EmptyMessageStream",0.00156725616740888,0.05147404217242562,1,6,""
"org.axonframework.messaging.core.FailedMessageStream","FailedMessageStream",0.00156725616740888,0.048382041551668205,1,5,""
"org.axonframework.messaging.core.IgnoredEntriesMessageStream","IgnoredEntriesMessageStream",0.00156725616740888,0.04378721411089294,1,5,""
"org.axonframework.messaging.core.IteratorMessageStream","IteratorMessageStream",0.00156725616740888,0.03703124213621552,1,3,""
"org.axonframework.messaging.core.OnErrorContinueMessageStream","OnErrorContinueMessageStream",0.00156725616740888,0.03703124213621552,1,3,""
"org.axonframework.messaging.core.SingleValueMessageStream","SingleValueMessageStream",0.00156725616740888,0.04205413550730744,1,4,""
"org.axonframework.messaging.core.TruncateFirstMessageStream","TruncateFirstMessageStream",0.00156725616740888,0.0424822014376241,1,5,""
"org.axonframework.common.util.PriorityRunnable","PriorityRunnable",0.0015553699370586466,2.861732518288613e-51,3,1,""
"org.axonframework.messaging.core.FluxMessageStream$1","FluxMessageStream$1",0.0015531002385617062,0.004949405725875785,1,2,""
"org.axonframework.messaging.core.timeout.TaskTimeoutSettings","TaskTimeoutSettings",0.00154578965425222,0,5,0,""
"org.axonframework.messaging.core.MessageStreamUtils$FirstResult","MessageStreamUtils$FirstResult",0.0015438761595754997,0.03703124213621552,1,3,""
"org.axonframework.messaging.core.MessageStreamUtils$Reducer","MessageStreamUtils$Reducer",0.0015438761595754997,0.03703124213621552,1,3,""
"org.axonframework.messaging.core.MonoUtils","MonoUtils",0.0015347148058827273,0.038755023856395766,1,4,""
"org.axonframework.messaging.core.unitofwork.UnitOfWork$UnitOfWorkProcessingContext","UnitOfWork$UnitOfWorkProcessingContext",0.0015343212253974019,0.03331641660099705,3,10,""
"org.axonframework.modelling.configuration.EntityMetamodelConfigurationBuilder","EntityMetamodelConfigurationBuilder",0.0015318002933599932,0.005089681991602767,4,3,""
"org.axonframework.modelling.LoadedEntityNotOfExpectedTypeException","LoadedEntityNotOfExpectedTypeException",0.0015263068692118846,0,1,0,""
"org.axonframework.modelling.RepositoryAlreadyRegisteredException","RepositoryAlreadyRegisteredException",0.0015263068692118846,0.00040318617105091354,1,1,""
"org.axonframework.test.matchers.DeepEqualsMatcher","DeepEqualsMatcher",0.001513703831817427,0.0023193080764567966,1,5,""
"org.axonframework.test.matchers.EmptyCollectionMatcher","EmptyCollectionMatcher",0.001513703831817427,0,1,0,""
"org.axonframework.test.matchers.ExactClassMatcher","ExactClassMatcher",0.001513703831817427,0.0012228456500575902,1,1,""
"org.axonframework.test.matchers.ExactSequenceMatcher","ExactSequenceMatcher",0.001513703831817427,3.0007440370970005e-45,1,1,""
"org.axonframework.test.matchers.ListWithAllOfMatcher","ListWithAllOfMatcher",0.001513703831817427,3.0007440370970005e-45,1,1,""
"org.axonframework.test.matchers.ListWithAnyOfMatcher","ListWithAnyOfMatcher",0.001513703831817427,3.0007440370970005e-45,1,1,""
"org.axonframework.test.matchers.NullOrVoidMatcher","NullOrVoidMatcher",0.001513703831817427,0,1,0,""
"org.axonframework.test.matchers.PayloadsMatcher","PayloadsMatcher",0.001513703831817427,0.017749605613877534,1,1,""
"org.axonframework.test.matchers.PredicateMatcher","PredicateMatcher",0.001513703831817427,0,1,0,""
"org.axonframework.test.matchers.SequenceMatcher","SequenceMatcher",0.001513703831817427,3.0007440370970005e-45,1,1,""
"org.axonframework.modelling.entity.EntityCommandHandlingComponent","EntityCommandHandlingComponent",0.0015074482220682698,0.08559305730118309,2,17,""
"org.axonframework.test.fixture.AxonTestThenMessage","AxonTestThenMessage",0.0014904983278790098,0.04238972415779318,3,20,""
"org.axonframework.common.configuration.Components","Components",0.0014884415865672425,0.02109770424483542,2,6,""
"org.axonframework.modelling.repository.SimpleRepository$SimpleEntity","SimpleRepository$SimpleEntity",0.001487556423609668,0.0006949096956887033,1,1,""
"org.axonframework.messaging.commandhandling.gateway.ConvertingCommandGateway$ConvertingCommandResult","ConvertingCommandGateway$ConvertingCommandResult",0.0014834969399509486,0.019976601166815856,1,3,""
"org.axonframework.eventsourcing.EntityMissingAfterFirstEventException","EntityMissingAfterFirstEventException",0.001446434583588258,0,1,0,""
"org.axonframework.messaging.eventhandling.gateway.ProcessingContextEventAppender","ProcessingContextEventAppender",0.0014329985453348942,0.05629750933550104,1,9,""
"org.axonframework.messaging.eventstreaming.AnyEvent","AnyEvent",0.0014066293653964776,0.00878581113528152,4,6,""
"org.axonframework.conversion.avro.AvroConverterStrategyConfiguration","AvroConverterStrategyConfiguration",0.001405321650768963,0,4,0,""
"org.axonframework.common.jdbc.ConnectionExecutor","ConnectionExecutor",0.0014000957905367173,0.00796907775145977,1,4,""
"org.axonframework.common.jpa.EntityManagerExecutor","EntityManagerExecutor",0.0014000957905367173,0.00798854563535684,1,4,""
"org.axonframework.messaging.core.unitofwork.transaction.jdbc.JdbcTransactionalExecutorProvider$1","JdbcTransactionalExecutorProvider$1",0.0014000957905367173,0.0005914193761814117,1,3,""
"org.axonframework.messaging.core.unitofwork.transaction.jpa.JpaTransactionalExecutorProvider$1","JpaTransactionalExecutorProvider$1",0.0014000957905367173,0.000609096389340621,1,3,""
"org.axonframework.messaging.eventhandling.processing.streaming.pooled.PooledStreamingEventProcessorModule$Customization","PooledStreamingEventProcessorModule$Customization",0.001400048011116289,0.003671141376122702,2,2,""
"org.axonframework.messaging.eventhandling.processing.streaming.token.store.inmemory.InMemoryTokenStore$ProcessAndSegmentId","InMemoryTokenStore$ProcessAndSegmentId",0.0013882892503001695,0,1,0,""
"org.axonframework.messaging.eventhandling.processing.streaming.token.store.inmemory.InMemoryTokenStore$SegmentAndToken","InMemoryTokenStore$SegmentAndToken",0.0013882892503001695,0.004774479743165785,1,2,""
"org.axonframework.modelling.entity.annotation.UnknownRoutingKeyException","UnknownRoutingKeyException",0.0013786458632711694,0,1,0,""
"org.axonframework.messaging.eventstreaming.OrEventCriteria","OrEventCriteria",0.0013569585720459379,0.008608878241432891,4,5,""
"org.axonframework.common.configuration.LifecycleHandler","LifecycleHandler",0.0013476304523763875,0.0034187896796293573,4,1,""
"org.axonframework.common.configuration.AbstractComponent$HandlerRegistration","AbstractComponent$HandlerRegistration",0.0013435469968308042,5.082979956244673e-05,3,1,""
"org.axonframework.messaging.commandhandling.gateway.ContextAwareCommandDispatcher","ContextAwareCommandDispatcher",0.001307919578977721,0.04132306224167764,1,7,""
"org.axonframework.messaging.eventhandling.tracing.DefaultEventProcessorSpanFactory$Builder","DefaultEventProcessorSpanFactory$Builder",0.001286468286306955,0.0016564450981265224,1,3,""
"org.axonframework.messaging.eventhandling.tracing.EventProcessorSpanFactory","EventProcessorSpanFactory",0.001286468286306955,0.012589740361293105,1,2,""
"org.axonframework.messaging.eventhandling.annotation.EventAppenderParameterResolverFactory","EventAppenderParameterResolverFactory",0.0012861265143261553,0.004261098270064284,2,4,""
"org.axonframework.messaging.commandhandling.annotation.CommandDispatcherParameterResolverFactory","CommandDispatcherParameterResolverFactory",0.0012855778706622703,0.011625100091255605,2,5,""
"org.axonframework.messaging.eventhandling.tracing.DefaultEventBusSpanFactory$Builder","DefaultEventBusSpanFactory$Builder",0.0012828411807091172,0.0016564450981265224,1,3,""
"org.axonframework.messaging.eventhandling.tracing.EventBusSpanFactory","EventBusSpanFactory",0.0012828411807091172,0.012589740361293105,1,2,""
"org.axonframework.messaging.eventhandling.configuration.DefaultEventHandlingComponentsConfigurer","DefaultEventHandlingComponentsConfigurer",0.0012640511752608444,0.014488616669753053,2,7,""
"org.axonframework.messaging.eventhandling.interception.InterceptingEventHandlingComponent","InterceptingEventHandlingComponent",0.0012640511752608444,0.09454462209443405,2,11,""
"org.axonframework.messaging.eventhandling.processing.streaming.segmenting.SequenceCachingEventHandlingComponent","SequenceCachingEventHandlingComponent",0.0012640511752608444,0.046798324139918336,2,7,""
"org.axonframework.update.UpdateCheckerReporter","UpdateCheckerReporter",0.0012630224521151309,5.8121618033783135e-05,4,2,""
"org.axonframework.messaging.eventhandling.replay.ResetContext","ResetContext",0.0012563962507663807,0.021235432682527405,2,3,""
"org.axonframework.update.UpdateCheckerHttpClient","UpdateCheckerHttpClient",0.0012551876132037788,0.007554070188320207,3,4,""
"org.axonframework.messaging.core.interception.annotation.ResultParameterResolverFactory$ExceptionResultParameterResolver","ResultParameterResolverFactory$ExceptionResultParameterResolver",0.0012525723396690624,0.023706038426291064,1,3,""
"org.axonframework.modelling.entity.child.ChildEntityFieldDefinition","ChildEntityFieldDefinition",0.0012523807805569919,9.515995316126996e-48,9,3,""
"org.axonframework.test.fixture.AxonTestPhase$Then$Command","AxonTestPhase$Then$Command",0.0012409639022341128,0.003901925500465724,5,3,""
"org.axonframework.modelling.annotation.EntityIdResolverDefinition","EntityIdResolverDefinition",0.001230095719303514,0.004405312446372998,4,3,""
"org.axonframework.messaging.core.AbstractMessage","AbstractMessage",0.0012245808874608356,0.02560443229822347,1,3,""
"org.axonframework.messaging.core.ConversionCache","ConversionCache",0.0012245808874608356,0.009335881330346156,1,3,""
"org.axonframework.common.configuration.ComponentLifecycleHandler","ComponentLifecycleHandler",0.0012234216043835015,0.0034187896796293573,5,1,""
"org.axonframework.messaging.eventhandling.configuration.EventHandlingComponentsConfigurer$AdditionalComponentPhase","EventHandlingComponentsConfigurer$AdditionalComponentPhase",0.00120921031068905,0.0001297156083531463,3,2,""
"org.axonframework.eventsourcing.annotation.EventSourcedEntityFactoryDefinition","EventSourcedEntityFactoryDefinition",0.0012062564677455965,0.0037746562485783393,3,2,""
"org.axonframework.common.configuration.DefaultComponentRegistry","DefaultComponentRegistry",0.0011615667655044634,0.01835043742821953,4,21,""
"org.axonframework.common.infra.ComponentDescriptorException","ComponentDescriptorException",0.0011450660033951914,1.7868279131378846e-06,2,1,""
"org.axonframework.common.annotation.PriorityAnnotationComparator","PriorityAnnotationComparator",0.0011366587403755987,0.0007864093210237133,3,2,""
"org.axonframework.messaging.core.unitofwork.ProcessingLifecycle$DefaultPhases","ProcessingLifecycle$DefaultPhases",0.0011322087371340988,0.0013409067734716812,1,1,""
"org.axonframework.messaging.commandhandling.distributed.DistributedCommandBus","DistributedCommandBus",0.0011309793840077855,0.0553247847824498,2,14,""
"org.axonframework.conversion.avro.AvroConverterConfiguration","AvroConverterConfiguration",0.0011098659665978716,0.00014360211969184633,2,4,""
"org.axonframework.common.configuration.OverridePolicy","OverridePolicy",0.0010977745977362146,0,2,0,""
"org.axonframework.common.configuration.InstantiatedComponentDefinition","InstantiatedComponentDefinition",0.001081720405012942,0.020642278454187528,3,5,""
"org.axonframework.messaging.core.unitofwork.annotation.ProcessingContextParameterResolverFactory$ProcessingContextParameterResolver","ProcessingContextParameterResolverFactory$ProcessingContextParameterResolver",0.0010754436824718502,0.023539836168536953,1,2,""
"org.axonframework.messaging.core.annotation.DefaultParameterResolverFactory$AnnotatedMetadataParameterResolver","DefaultParameterResolverFactory$AnnotatedMetadataParameterResolver",0.0010581151544761718,0.043575538144573565,1,4,""
"org.axonframework.messaging.core.annotation.DefaultParameterResolverFactory$MessageParameterResolver","DefaultParameterResolverFactory$MessageParameterResolver",0.0010581151544761718,0.04128944178241449,1,3,""
"org.axonframework.messaging.core.annotation.DefaultParameterResolverFactory$MetadataParameterResolver","DefaultParameterResolverFactory$MetadataParameterResolver",0.0010581151544761718,0.043575538144573565,1,4,""
"org.axonframework.messaging.core.annotation.MetadataValue","MetadataValue",0.0010581151544761718,0,1,0,""
"org.axonframework.axonserver.connector.TagsConfiguration","TagsConfiguration",0.001056847390147473,0,4,0,""
"org.axonframework.common.configuration.DecoratorDefinition$CompletedDecoratorDefinition","DecoratorDefinition$CompletedDecoratorDefinition",0.0010530844765159844,0.0014919936606471202,3,3,""
"org.axonframework.messaging.eventhandling.processing.subscribing.SubscribingEventProcessorModule$Customization","SubscribingEventProcessorModule$Customization",0.0010510167110287603,0.003644831364961166,2,2,""
"org.axonframework.messaging.commandhandling.tracing.DefaultCommandBusSpanFactory$Builder","DefaultCommandBusSpanFactory$Builder",0.001048376626707024,0.0016564450981265226,1,3,""
"org.axonframework.messaging.core.timeout.HandlerTimeoutConfiguration","HandlerTimeoutConfiguration",0.0010318368719463178,6.422330454997789e-05,2,1,""
"org.axonframework.messaging.queryhandling.tracing.DefaultQueryBusSpanFactory$Builder","DefaultQueryBusSpanFactory$Builder",0.0010288447701273405,0.0016564450981265224,1,3,""
"org.axonframework.messaging.queryhandling.tracing.QueryBusSpanFactory","QueryBusSpanFactory",0.0010288447701273405,0.006497410663487182,1,3,""
"org.axonframework.messaging.core.unitofwork.transaction.Transaction","Transaction",0.0010286669902176307,0,3,0,""
"org.axonframework.messaging.core.timeout.TimeoutWrappedMessageHandlingMember","TimeoutWrappedMessageHandlingMember",0.0010273874407390295,0.048538515506846264,1,6,""
"org.axonframework.messaging.core.MessageTypeNotResolvedException","MessageTypeNotResolvedException",0.0010251564794200542,9.16335929097056e-05,1,1,""
"org.axonframework.common.function.ThrowingFunction","ThrowingFunction",0.0010211408577648251,0,5,0,""
"org.axonframework.messaging.core.annotation.Message","Message",0.0010056838316666076,0.02511405559455641,5,2,""
"org.axonframework.messaging.core.configuration.MessagingConfigurer","MessagingConfigurer",0.000983015250990026,0.07203555184267453,3,34,""
"org.axonframework.messaging.commandhandling.configuration.CommandHandlingModule$CommandHandlerPhase","CommandHandlingModule$CommandHandlerPhase",0.0009453873696388528,0.02175222314270677,3,13,""
"org.axonframework.messaging.commandhandling.configuration.CommandHandlingModule$SetupPhase","CommandHandlingModule$SetupPhase",0.0009437554667867022,3.9278242541602497e-05,2,1,""
"org.axonframework.eventsourcing.annotation.CriteriaResolverDefinition","CriteriaResolverDefinition",0.0009380512757831673,0.0036972393374316535,3,2,""
"org.axonframework.messaging.monitoring.MultiMessageMonitor$1","MultiMessageMonitor$1",0.0009251454182291547,0.0013930628160049208,1,2,""
"org.axonframework.extension.metrics.micrometer.reservoir.SlidingTimeWindowReservoir","SlidingTimeWindowReservoir",0.0009193332646066225,0,2,0,""
"org.axonframework.common.configuration.DefaultAxonApplication$LifecycleState","DefaultAxonApplication$LifecycleState",0.0009142779505874556,0,2,0,""
"org.axonframework.messaging.commandhandling.annotation.AnnotatedCommandHandlingComponent","AnnotatedCommandHandlingComponent",0.000903744988306708,0.10534135400797466,1,22,""
"org.axonframework.common.AxonThreadFactory","AxonThreadFactory",0.0008950371337211434,0.001482859110171663,4,1,""
"org.axonframework.messaging.queryhandling.configuration.QueryHandlingModule$QueryHandlerPhase","QueryHandlingModule$QueryHandlerPhase",0.0008831488681666278,0.020650607830347143,3,13,""
"org.axonframework.modelling.configuration.StateBasedEntityModule$MessagingMetamodelPhase","StateBasedEntityModule$MessagingMetamodelPhase",0.0008828382705676355,0.0004565076481105334,4,4,""
"org.axonframework.messaging.queryhandling.configuration.QueryHandlingModule$SetupPhase","QueryHandlingModule$SetupPhase",0.0008816243997812501,3.6692404149044106e-05,2,1,""
"org.axonframework.axonserver.connector.TopologyChangeListener","TopologyChangeListener",0.0008813669655999551,2.861732518288613e-51,2,1,""
"org.axonframework.update.UpdateChecker","UpdateChecker",0.0008798239342010147,0.009034622170319254,2,11,""
"org.axonframework.common.configuration.AmbiguousComponentMatchException","AmbiguousComponentMatchException",0.0008765515295681657,0.00047278790049187325,1,1,""
"org.axonframework.extension.metrics.micrometer.MessageTimerMonitor$1","MessageTimerMonitor$1",0.0008680516955180234,0.001302003824751162,1,2,""
"org.axonframework.test.util.RecordingMessageMonitor$1","RecordingMessageMonitor$1",0.0008663284671181355,0.01949109000235347,1,8,""
"org.axonframework.messaging.queryhandling.tracing.DefaultQueryUpdateEmitterSpanFactory$Builder","DefaultQueryUpdateEmitterSpanFactory$Builder",0.0008658356620412388,0.0016564450981265224,1,3,""
"org.axonframework.messaging.queryhandling.tracing.QueryUpdateEmitterSpanFactory","QueryUpdateEmitterSpanFactory",0.0008658356620412388,0.002587492298842366,1,2,""
"org.axonframework.extension.metrics.micrometer.CapacityMonitor$1","CapacityMonitor$1",0.0008650198462628113,0.0013072687672569159,1,3,""
"org.axonframework.messaging.core.interception.annotation.MessageHandlerInterceptor","MessageHandlerInterceptor",0.0008635975179358509,0.01792980684557038,2,2,""
"org.axonframework.extension.metrics.micrometer.MessageCountingMonitor$1","MessageCountingMonitor$1",0.0008634301732798664,0.0012690069545159798,1,2,""
"org.axonframework.messaging.queryhandling.annotation.AnnotatedQueryHandlingComponent","AnnotatedQueryHandlingComponent",0.0008579759048091886,0.10211605671723065,1,23,""
"org.axonframework.axonserver.connector.query.FlowControlledResponseSender","FlowControlledResponseSender",0.0008542128020836611,0.029432599449175173,1,7,""
"org.axonframework.messaging.core.annotation.MultiHandlerEnhancerDefinition","MultiHandlerEnhancerDefinition",0.0008514998579079985,0.0029188163818353466,2,3,""
"org.axonframework.messaging.core.annotation.HasHandlerAttributes","HasHandlerAttributes",0.0008452566019273993,0,6,0,""
"org.axonframework.messaging.core.annotation.ClasspathHandlerEnhancerDefinition","ClasspathHandlerEnhancerDefinition",0.0008427421995477397,0.00021078793405674464,1,2,""
"org.axonframework.modelling.configuration.StateBasedEntityModule","StateBasedEntityModule",0.0008390523203467586,0.00015978735852936307,3,6,""
"org.axonframework.conversion.ContentTypeConverter","ContentTypeConverter",0.0008282732464931193,0,19,0,""
"org.axonframework.messaging.commandhandling.CommandExecutionException","CommandExecutionException",0.0008268013104365199,2.9438095077901936e-06,2,1,""
"org.axonframework.common.jpa.EntityManagerProvider","EntityManagerProvider",0.000811056653211898,0.007364449980678875,8,1,""
"org.axonframework.modelling.configuration.StateBasedEntityModule$PersisterPhase","StateBasedEntityModule$PersisterPhase",0.000810717548642835,0.0017358724580980645,3,3,""
"org.axonframework.test.util.RecordingMessageMonitor","RecordingMessageMonitor",0.0008098011300393519,0.020851645541739624,1,5,""
"org.axonframework.extension.tracing.opentelemetry.OpenTelemetrySpan","OpenTelemetrySpan",0.000808087796838392,0.0009407884425792089,1,2,""
"org.axonframework.extension.tracing.opentelemetry.OpenTelemetrySpanFactory$Builder","OpenTelemetrySpanFactory$Builder",0.000808087796838392,0.019441128034129562,1,6,""
"org.axonframework.messaging.tracing.SpanUtils","SpanUtils",0.000808087796838392,0.02331833593606439,1,2,""
"org.axonframework.extension.tracing.opentelemetry.MetadataContextGetter","MetadataContextGetter",0.0008077253478372974,0.020035701976036612,1,2,""
"org.axonframework.extension.tracing.opentelemetry.MetadataContextSetter","MetadataContextSetter",0.0008077253478372974,0,1,0,""
"org.axonframework.extension.tracing.opentelemetry.OpenTelemetrySpanFactory","OpenTelemetrySpanFactory",0.0008077253478372974,0.01944985181415872,1,7,""
"org.axonframework.modelling.entity.annotation.EntityMember","EntityMember",0.0008055900507564324,4.9532258883932344e-05,2,4,""
"org.axonframework.messaging.tracing.MultiSpanFactory$MultiSpan","MultiSpanFactory$MultiSpan",0.0008052931729788075,0.0009407884425792089,1,2,""
"org.axonframework.conversion.avro.ByteArrayToGenericRecordConverter","ByteArrayToGenericRecordConverter",0.0008049001959638711,0.00047209475206998067,1,3,""
"org.axonframework.conversion.avro.SpecificRecordBaseConverterStrategy","SpecificRecordBaseConverterStrategy",0.0008049001959638711,0.011090921094171566,1,7,""
"org.axonframework.conversion.jackson.ByteArrayToJsonNodeConverter","ByteArrayToJsonNodeConverter",0.0008005860158258064,0.00045121437853757007,1,2,""
"org.axonframework.conversion.jackson.JsonNodeToByteArrayConverter","JsonNodeToByteArrayConverter",0.0008005860158258064,0.00045121437853757007,1,2,""
"org.axonframework.conversion.jackson.JsonNodeToObjectNodeConverter","JsonNodeToObjectNodeConverter",0.0008005860158258064,0.00045121437853757007,1,2,""
"org.axonframework.conversion.jackson.ObjectNodeToJsonNodeConverter","ObjectNodeToJsonNodeConverter",0.0008005860158258064,3.441247314199387e-05,1,1,""
"org.axonframework.conversion.jackson2.ByteArrayToJsonNodeConverter","ByteArrayToJsonNodeConverter",0.0008005860158258064,0.00045121437853757007,1,2,""
"org.axonframework.conversion.jackson2.JsonNodeToByteArrayConverter","JsonNodeToByteArrayConverter",0.0008005860158258064,0.00045121437853757007,1,2,""
"org.axonframework.conversion.jackson2.JsonNodeToObjectNodeConverter","JsonNodeToObjectNodeConverter",0.0008005860158258064,0.00045121437853757007,1,2,""
"org.axonframework.conversion.jackson2.ObjectNodeToJsonNodeConverter","ObjectNodeToJsonNodeConverter",0.0008005860158258064,3.441247314199387e-05,1,1,""
"org.axonframework.eventsourcing.EventSourcingRepository","EventSourcingRepository",0.000793672220505757,0.07089372011955913,1,16,""
"org.axonframework.eventsourcing.configuration.SimpleEventSourcedEntityModule$1","SimpleEventSourcedEntityModule$1",0.000793672220505757,0.0026811658755665877,1,3,""
"org.axonframework.eventsourcing.configuration.SimpleEventSourcedEntityModule$2","SimpleEventSourcedEntityModule$2",0.000793672220505757,0.002180780166437177,1,3,""
"org.axonframework.eventsourcing.configuration.SimpleEventSourcedEntityModule$3","SimpleEventSourcedEntityModule$3",0.000793672220505757,0.001952431757906097,1,3,""
"org.axonframework.eventsourcing.configuration.SimpleEventSourcedEntityModule$4","SimpleEventSourcedEntityModule$4",0.000793672220505757,0.0019051121558041654,1,3,""
"org.axonframework.eventsourcing.configuration.SimpleEventSourcedEntityModule$5","SimpleEventSourcedEntityModule$5",0.000793672220505757,0.0018276952446574797,1,3,""
"org.axonframework.axonserver.connector.event.AxonServerEventStorageEngine","AxonServerEventStorageEngine",0.0007865029455759393,0.07113269681418918,2,19,""
"org.axonframework.axonserver.connector.command.AxonServerCommandBusConnector","AxonServerCommandBusConnector",0.000780612002243069,0.052629126713545776,2,15,""
"org.axonframework.messaging.commandhandling.distributed.PayloadConvertingCommandBusConnector","PayloadConvertingCommandBusConnector",0.0007765563799539344,0.0432573642591999,2,10,""
"org.axonframework.common.configuration.ComponentOverrideException","ComponentOverrideException",0.0007624101575888055,0,1,0,""
"org.axonframework.common.configuration.DefaultComponentRegistry$1","DefaultComponentRegistry$1",0.0007624101575888055,0.00019825797524936255,1,2,""
"org.axonframework.common.configuration.DefaultComponentRegistry$LocalConfiguration","DefaultComponentRegistry$LocalConfiguration",0.0007624101575888055,0.017474838428814584,1,10,""
"org.axonframework.common.configuration.DuplicateModuleRegistrationException","DuplicateModuleRegistrationException",0.0007624101575888055,0.000250918200833945,1,1,""
"org.axonframework.common.configuration.HierarchicalConfiguration","HierarchicalConfiguration",0.0007624101575888055,0.0038635735329895448,1,3,""
"org.axonframework.common.lifecycle.LifecycleHandlerInvocationException","LifecycleHandlerInvocationException",0.0007592446810334411,0,1,0,""
"org.axonframework.modelling.configuration.StateBasedEntityModule$EntityIdResolverPhase","StateBasedEntityModule$EntityIdResolverPhase",0.0007393813625610057,0.002558765986644453,3,4,""
"org.axonframework.messaging.eventstreaming.TagAndTypeFilteredEventCriteria","TagAndTypeFilteredEventCriteria",0.0007348229634731493,0.008665256134372256,2,6,""
"org.axonframework.modelling.configuration.StateBasedEntityModule$RepositoryPhase","StateBasedEntityModule$RepositoryPhase",0.000720414726458724,0.002173497127586571,2,5,""
"org.axonframework.modelling.configuration.SimpleStateBasedEntityModule$1","SimpleStateBasedEntityModule$1",0.0007137760015625127,0.0019457010085403917,1,3,""
"org.axonframework.modelling.configuration.SimpleStateBasedEntityModule$2","SimpleStateBasedEntityModule$2",0.0007137760015625127,0.002674435126200883,1,3,""
"org.axonframework.modelling.configuration.SimpleStateBasedEntityModule$3","SimpleStateBasedEntityModule$3",0.0007137760015625127,0.002174049417071472,1,3,""
"org.axonframework.update.api.UpdateCheckRequest","UpdateCheckRequest",0.0006994641312415321,0.007390289343356938,4,2,""
"org.axonframework.update.api.UpdateCheckResponse","UpdateCheckResponse",0.0006994641312415321,0.007416590501632697,4,4,""
"org.axonframework.messaging.eventhandling.processing.streaming.pooled.PooledStreamingEventProcessorModule","PooledStreamingEventProcessorModule",0.0006711306909881886,0.018534792558117113,2,26,""
"org.axonframework.test.fixture.RecordingEventBus","RecordingEventBus",0.000659330798088195,0.05373420322489393,1,8,""
"org.axonframework.test.fixture.RecordingEventStore","RecordingEventStore",0.000659330798088195,0.07387564614343857,1,12,""
"org.axonframework.axonserver.connector.event.EventProcessorControlService","EventProcessorControlService",0.0006528969464807389,0.04177078781107866,2,15,""
"org.axonframework.messaging.eventhandling.replay.annotation.AllowReplay","AllowReplay",0.0006343615355016339,3.51180848048329e-05,2,1,""
"org.axonframework.messaging.eventhandling.replay.annotation.ReplayAwareMessageHandlerWrapper$ReplayBlockingMessageHandlingMember","ReplayAwareMessageHandlerWrapper$ReplayBlockingMessageHandlingMember",0.0006332665172820425,0.06732455923677601,1,8,""
"org.axonframework.axonserver.connector.AxonServerConnectionManager$Builder","AxonServerConnectionManager$Builder",0.0006330617469773652,0.004179726332127168,2,8,""
"org.axonframework.messaging.eventhandling.processing.streaming.token.store.inmemory.InMemoryTokenStore","InMemoryTokenStore",0.0006299784051516752,0.033414710986216185,1,11,""
"org.axonframework.update.api.DetectedVulnerabilitySeverity","DetectedVulnerabilitySeverity",0.000623021822873944,0.007364449980678875,3,1,""
"org.axonframework.update.api.Artifact","Artifact",0.0006219271926304834,0.007364449980678875,3,1,""
"org.axonframework.axonserver.connector.ManagedChannelCustomizer","ManagedChannelCustomizer",0.0006217762148548242,0,1,0,""
"org.axonframework.axonserver.connector.event.AxonServerEventStorageEngineFactory","AxonServerEventStorageEngineFactory",0.0006217762148548242,0.016310114417073855,1,10,""
"org.axonframework.update.configuration.DefaultUsagePropertyProvider","DefaultUsagePropertyProvider",0.0006216897358181783,0.007495948570286424,2,2,""
"org.axonframework.messaging.core.annotation.SequencingPolicy","SequencingPolicy",0.0006191141138495349,0.0017511458633753553,1,3,""
"org.axonframework.messaging.eventhandling.processing.streaming.pooled.PooledStreamingEventProcessorsConfigurer","PooledStreamingEventProcessorsConfigurer",0.0005987192431141083,0.015162939777429845,1,16,""
"org.axonframework.messaging.eventhandling.processing.subscribing.SubscribingEventProcessorsConfigurer","SubscribingEventProcessorsConfigurer",0.0005987192431141083,0.01340726957860571,1,14,""
"org.axonframework.messaging.eventhandling.processing.subscribing.SubscribingEventProcessorModule","SubscribingEventProcessorModule",0.0005981874275690431,0.011889634177553631,2,22,""
"org.axonframework.common.ClassUtils","ClassUtils",0.0005967725963153614,0,2,0,""
"org.axonframework.update.detection.TestEnvironmentDetector","TestEnvironmentDetector",0.0005947035459406653,0.007364449980678875,2,1,""
"org.axonframework.messaging.eventhandling.annotation.AnnotatedEventHandlingComponent","AnnotatedEventHandlingComponent",0.0005944230132050535,0.10975418980048418,1,22,""
"org.axonframework.modelling.entity.annotation.EventTargetMatcherDefinition","EventTargetMatcherDefinition",0.000594236984057133,0.0006143433097788969,3,2,""
"org.axonframework.modelling.entity.annotation.CommandTargetResolverDefinition","CommandTargetResolverDefinition",0.0005938382772162374,0.0006047799717699981,3,2,""
"org.axonframework.update.LoggingUpdateCheckerReporter","LoggingUpdateCheckerReporter",0.0005936769842946757,0.00018857660742958193,1,7,""
"org.axonframework.eventsourcing.annotation.EventTag","EventTag",0.0005801892437730088,2.4105265808290543e-05,2,1,""
"org.axonframework.eventsourcing.annotation.EventTags","EventTags",0.0005801892437730088,2.4105265808290543e-05,2,1,""
"org.axonframework.eventsourcing.eventstore.AnnotationBasedTagResolver$TagResolutionException","AnnotationBasedTagResolver$TagResolutionException",0.0005791877363401797,0,1,0,""
"org.axonframework.common.infra.FilesystemStyleComponentDescriptor$SymbolicLink","FilesystemStyleComponentDescriptor$SymbolicLink",0.0005760156384160864,0,2,0,""
"org.axonframework.common.infra.FilesystemStyleComponentDescriptor$TreeRenderer$RenderContext","FilesystemStyleComponentDescriptor$TreeRenderer$RenderContext",0.0005760156384160864,2.3890338896130204e-05,2,1,""
"org.axonframework.common.infra.FilesystemStyleComponentDescriptor$TreeRenderer","FilesystemStyleComponentDescriptor$TreeRenderer",0.0005750161714814812,4.794649196652329e-05,2,3,""
"org.axonframework.messaging.eventhandling.SimpleEventBus","SimpleEventBus",0.0005741781758377665,0.05159973900389902,2,8,""
"org.axonframework.eventsourcing.eventstore.jpa.AggregateBasedJpaEventStorageEngine","AggregateBasedJpaEventStorageEngine",0.000551055567472699,0.12217523601995656,3,52,""
"org.axonframework.test.fixture.AxonTestPhase$Then$Event","AxonTestPhase$Then$Event",0.0005410217769298968,0.0004890921341171098,5,2,""
"org.axonframework.axonserver.connector.query.AbstractQueryResponseMessageStream","AbstractQueryResponseMessageStream",0.0005383670200935307,0.03142628608278534,2,7,""
"org.axonframework.extension.springboot.TimeoutProperties$TransactionTimeoutProperties","TimeoutProperties$TransactionTimeoutProperties",0.0005312480306539028,6.422330454997789e-05,3,1,""
"org.axonframework.common.caching.Cache$EntryListener","Cache$EntryListener",0.0005150395919005895,0,9,0,""
"org.axonframework.messaging.core.timeout.UnitOfWorkTimeoutInterceptorBuilder","UnitOfWorkTimeoutInterceptorBuilder",0.0005086161793012827,0.09453241996751077,1,14,""
"org.axonframework.messaging.core.annotation.FixedValueParameterResolver","FixedValueParameterResolver",0.0005065618230885722,0.023539836168536953,2,2,""
"org.axonframework.modelling.entity.annotation.AnnotatedEntityMetamodelFactory","AnnotatedEntityMetamodelFactory",0.0005025943898413859,0.007719438167840522,2,2,""
"org.axonframework.conversion.avro.AvroUtil","AvroUtil",0.0005025693649601103,0.0004168019053955762,5,1,""
"org.axonframework.messaging.core.annotation.AbstractAnnotatedParameterResolverFactory","AbstractAnnotatedParameterResolverFactory",0.0004884729141729152,0.007061146514810652,5,5,""
"org.axonframework.conversion.ChainedConverter","ChainedConverter",0.00048667569888672686,0.0019408392378263122,1,5,""
"org.axonframework.messaging.queryhandling.QueryUpdateEmitterParameterResolverFactory$1","QueryUpdateEmitterParameterResolverFactory$1",0.00048518962650997413,0.023840659159555067,1,4,""
"org.axonframework.messaging.commandhandling.annotation.CommandDispatcherParameterResolverFactory$1","CommandDispatcherParameterResolverFactory$1",0.0004829909049882415,0.023725600625412967,1,4,""
"org.axonframework.modelling.annotation.AnnotationBasedEntityIdResolver","AnnotationBasedEntityIdResolver",0.0004750026581992769,0.04126601072055099,3,6,""
"org.axonframework.conversion.avro.SchemaIncompatibilityChecker","SchemaIncompatibilityChecker",0.0004684396411172424,2.0880373532410576e-05,3,1,""
"org.axonframework.messaging.core.EmptyContext","EmptyContext",0.0004624618898877305,0.005301546923305866,1,2,""
"org.axonframework.messaging.core.SimpleContext","SimpleContext",0.0004624618898877305,0.005301546923305866,1,2,""
"org.axonframework.messaging.eventstreaming.DefaultStreamingCondition","DefaultStreamingCondition",0.0004571448064008474,0.006053708278861192,2,3,""
"org.axonframework.test.fixture.AxonTestGiven","AxonTestGiven",0.0004562836010474722,0.05856349225538796,1,21,""
"org.axonframework.test.fixture.MessagesRecordingConfigurationEnhancer","MessagesRecordingConfigurationEnhancer",0.0004562836010474722,0.01586942203822266,1,11,""
"org.axonframework.extension.springboot.EventProcessorProperties$ProcessorSettings","EventProcessorProperties$ProcessorSettings",0.00045142076505104927,2.571122346021141e-05,2,2,""
"org.axonframework.eventsourcing.configuration.SimpleEventSourcedEntityModule","SimpleEventSourcedEntityModule",0.0004509207253488533,0.019102883495630326,6,32,""
"org.axonframework.messaging.core.unitofwork.transaction.jpa.JpaTransactionalExecutorProvider","JpaTransactionalExecutorProvider",0.00045003958406055,0.033698882405656466,3,7,""
"org.axonframework.extension.springboot.JpaEventStorageEngineConfigurationProperties","JpaEventStorageEngineConfigurationProperties",0.0004481120612861592,0,2,0,""
"org.axonframework.messaging.eventstreaming.TagFilteredEventCriteria","TagFilteredEventCriteria",0.00041599293542469214,0.008900630605879457,2,8,""
"org.axonframework.messaging.core.ClassBasedMessageTypeResolver","ClassBasedMessageTypeResolver",0.00041509096477810074,0.008113912528439455,1,2,""
"org.axonframework.messaging.core.annotation.AnnotationMessageTypeResolver$AnnotationSpecification","AnnotationMessageTypeResolver$AnnotationSpecification",0.00041509096477810074,4.178339454170951e-05,1,1,""
"org.axonframework.eventsourcing.eventstore.jpa.JpaPollingEventCoordinator","JpaPollingEventCoordinator",0.0004130190763752782,0.007906136370328816,2,5,""
"org.axonframework.modelling.configuration.EntityModule","EntityModule",0.0004036489493028136,0.000250918200833945,4,1,""
"org.axonframework.messaging.core.unitofwork.UnitOfWorkConfiguration","UnitOfWorkConfiguration",0.00039021921422409053,2.729160803116429e-57,3,1,""
"org.axonframework.common.CollectionUtils","CollectionUtils",0.0003892706296919989,0,2,0,""
"org.axonframework.eventsourcing.annotation.AnnotationBasedEventCriteriaResolver","AnnotationBasedEventCriteriaResolver",0.00038837256576238817,0.04143918773122475,2,12,""
"org.axonframework.messaging.core.ConversionCache$Target","ConversionCache$Target",0.00038788016767575355,0.0019553159965407995,1,1,""
"org.axonframework.test.extension.AxonTestFixtureProvider","AxonTestFixtureProvider",0.0003758289970212334,7.345283253354459e-05,3,1,""
"org.axonframework.update.common.DelayedTask","DelayedTask",0.00037536367900276426,0.007364449980678875,1,1,""
"org.axonframework.update.detection.AxonVersionDetector","AxonVersionDetector",0.00037536367900276426,0.007390289343356938,1,2,""
"org.axonframework.update.detection.KotlinVersion","KotlinVersion",0.00037536367900276426,0.007364449980678875,1,1,""
"org.axonframework.update.detection.MachineId","MachineId",0.00037536367900276426,0.007364449980678875,1,1,""
"org.axonframework.modelling.PropertyBasedEntityIdResolver","PropertyBasedEntityIdResolver",0.0003725717062011109,0.04207826610150731,1,8,""
"org.axonframework.modelling.annotation.InjectEntity","InjectEntity",0.0003725717062011109,0.0006512696323400864,1,2,""
"org.axonframework.modelling.annotation.InjectEntityParameterResolver","InjectEntityParameterResolver",0.0003725717062011109,0.046003660562940286,1,7,""
"org.axonframework.test.extension.ProvidedAxonTestFixture","ProvidedAxonTestFixture",0.0003714733429892503,1.5614660162856205e-05,1,1,""
"org.axonframework.messaging.commandhandling.annotation.AnnotationRoutingStrategy$RoutingKeyResolver","AnnotationRoutingStrategy$RoutingKeyResolver",0.0003709360237204633,0.0010174334524594153,1,2,""
"org.axonframework.messaging.commandhandling.annotation.Command","Command",0.0003709360237204633,0.006049710342471201,1,2,""
"org.axonframework.messaging.core.annotation.MultiParameterResolverFactory","MultiParameterResolverFactory",0.0003592888099253963,0.0041554559740119255,2,3,""
"org.axonframework.test.util.DescriptionUtils","DescriptionUtils",0.0003575013171888984,0,1,0,""
"org.axonframework.test.util.RecordingCommandBus","RecordingCommandBus",0.0003575013171888984,0.08380186625755742,1,15,""
"org.axonframework.common.jpa.FactoryBasedEntityManagerProvider","FactoryBasedEntityManagerProvider",0.00035066576838381356,3.3697171088722026e-05,1,1,""
"org.axonframework.modelling.entity.annotation.AbstractEntityChildModelDefinition","AbstractEntityChildModelDefinition",0.00034873434259438836,0.011462946273922827,2,13,""
"org.axonframework.common.jdbc.ConnectionProvider","ConnectionProvider",0.0003424844779066365,0.007364449980678875,4,1,""
"org.axonframework.messaging.core.HierarchicalMessageTypeResolver","HierarchicalMessageTypeResolver",0.00033827858306729346,0.008113912528439455,1,2,""
"org.axonframework.messaging.core.NamespaceMessageTypeResolver","NamespaceMessageTypeResolver",0.00033827858306729346,0.008127942769744632,1,3,""
"org.axonframework.messaging.core.NamespaceMessageTypeResolver$Builder","NamespaceMessageTypeResolver$Builder",0.00033769364575953343,0.008142021616119401,1,4,""
"org.axonframework.eventsourcing.eventstore.jpa.JpaPollingEventCoordinator$1","JpaPollingEventCoordinator$1",0.0003284782007045547,0.0015007807378252234,1,3,""
"org.axonframework.eventsourcing.eventstore.AnnotationBasedTagResolver","AnnotationBasedTagResolver",0.00031932869276316494,0.013940460036457552,1,7,""
"org.axonframework.eventsourcing.eventstore.StorageEngineBackedEventStore","StorageEngineBackedEventStore",0.00031932869276316494,0.07714070153357402,1,19,""
"org.axonframework.messaging.eventstreaming.OrEventCriteriaBuilder","OrEventCriteriaBuilder",0.0003191399396914993,0.0023311531502454817,1,5,""
"org.axonframework.eventsourcing.eventstore.EventCoordinator$1","EventCoordinator$1",0.0003168618210741768,0.001729035581416402,1,3,""
"org.axonframework.extension.springboot.ConverterProperties","ConverterProperties",0.0003168358484808089,1.2714460440373595e-05,4,1,""
"org.axonframework.update.api.ArtifactAvailableUpgrade","ArtifactAvailableUpgrade",0.0003159737564923926,0.007364449980678875,2,1,""
"org.axonframework.update.api.DetectedVulnerability","DetectedVulnerability",0.0003159737564923926,0.007390334822230019,2,2,""
"org.axonframework.common.caching.Cache","Cache",0.00031473644606187855,0.0015801163319964459,3,3,""
"org.axonframework.messaging.eventhandling.processing.streaming.token.annotation.TrackingTokenParameterResolverFactory$TrackingTokenParameterResolver","TrackingTokenParameterResolverFactory$TrackingTokenParameterResolver",0.0003122342442499533,0.031013794763725126,1,5,""
"org.axonframework.update.configuration.EnvironmentVariableUsagePropertyProvider$EnvironmentVariableSupplier","EnvironmentVariableUsagePropertyProvider$EnvironmentVariableSupplier",0.00031197454914971406,0,1,0,""
"org.axonframework.extension.springboot.EventProcessorProperties$Dlq","EventProcessorProperties$Dlq",0.00030942150595842743,1.283338233898849e-05,2,1,""
"org.axonframework.extension.springboot.EventProcessorProperties$Mode","EventProcessorProperties$Mode",0.00030942150595842743,0,2,0,""
"org.axonframework.update.configuration.CommandLineUsagePropertyProvider","CommandLineUsagePropertyProvider",0.00030918056444766996,0.007495948570286424,1,2,""
"org.axonframework.update.configuration.EnvironmentVariableUsagePropertyProvider","EnvironmentVariableUsagePropertyProvider",0.00030918056444766996,0.007508910253932558,1,3,""
"org.axonframework.update.configuration.HierarchicalUsagePropertyProvider","HierarchicalUsagePropertyProvider",0.00030918056444766996,0.007495948570286424,1,2,""
"org.axonframework.update.configuration.PropertyFileUsagePropertyProvider","PropertyFileUsagePropertyProvider",0.00030918056444766996,0.007521778067287657,1,3,""
"org.axonframework.extension.springboot.EventProcessorProperties$DlqCache","EventProcessorProperties$DlqCache",0.0003088864671115463,0,2,0,""
"org.axonframework.common.function.ThrowingConsumer","ThrowingConsumer",0.0003082674121133843,0,1,0,""
"org.axonframework.axonserver.connector.MetadataConverter$1","MetadataConverter$1",0.0003065016976544557,0.0002775007898708004,1,1,""
"org.axonframework.extension.springboot.ConverterProperties$ConverterType","ConverterProperties$ConverterType",0.0003060241379020631,0,3,0,""
"org.axonframework.conversion.avro.AvroConverter","AvroConverter",0.0003049657706340004,0.019373129485540895,1,10,""
"org.axonframework.conversion.jackson2.Jackson2Converter","Jackson2Converter",0.0003049657706340004,0.019269291555336545,1,9,""
"org.axonframework.extension.springboot.autoconfig.ConverterAutoConfiguration$1","ConverterAutoConfiguration$1",0.0003049657706340004,1.2759363777016566e-05,1,2,""
"org.axonframework.modelling.configuration.SimpleStateBasedEntityModule","SimpleStateBasedEntityModule",0.00028891843026646036,0.01717986272733578,4,28,""
"org.axonframework.messaging.core.annotation.HierarchicalParameterResolverFactory","HierarchicalParameterResolverFactory",0.0002880493234392643,0.0043657729723815255,1,3,""
"org.axonframework.extension.springboot.autoconfig.UpdateCheckerAutoConfiguration","UpdateCheckerAutoConfiguration",0.00028614694990633884,0.0006309950556504487,1,5,""
"org.axonframework.modelling.SimpleStateManager","SimpleStateManager",0.00028586183575646094,0.03673665476878969,1,10,""
"org.axonframework.common.configuration.ComponentDefinition$1","ComponentDefinition$1",0.00026827596959730436,0.004097642496086004,1,6,""
"org.axonframework.common.configuration.ComponentDefinition$2","ComponentDefinition$2",0.00026827596959730436,0.005628153568195075,1,7,""
"org.axonframework.eventsourcing.configuration.EventSourcingConfigurationDefaults","EventSourcingConfigurationDefaults",0.00026309074725774034,0.007685916998920962,1,13,""
"org.axonframework.modelling.configuration.ModellingConfigurer","ModellingConfigurer",0.00026309074725774034,0.002917287399982879,1,10,""
"org.axonframework.modelling.entity.annotation.AnnotatedEntityIdResolver","AnnotatedEntityIdResolver",0.00026197229711110283,0.06163688593694691,1,10,""
"org.axonframework.extension.springboot.service.connection.AxonServerConnectionDetails","AxonServerConnectionDetails",0.00026094597019717683,0,4,0,""
"org.axonframework.messaging.commandhandling.CommandDispatchException","CommandDispatchException",0.0002598038448829685,9.16335929097056e-05,2,1,""
"org.axonframework.extension.springboot.TagsConfigurationProperties","TagsConfigurationProperties",0.00025959075074513086,4.3909099542476105e-05,1,1,""
"org.axonframework.extension.springboot.autoconfig.AxonServerAutoConfiguration$1","AxonServerAutoConfiguration$1",0.00025959075074513086,0.0014648331786645864,1,4,""
"org.axonframework.common.AxonTransientException","AxonTransientException",0.0002531080931849236,9.16335929097056e-05,8,1,""
"org.axonframework.eventsourcing.eventstore.AbstractConsistencyMarker","AbstractConsistencyMarker",0.000247584879178665,0.0010081694756986436,2,1,""
"org.axonframework.eventsourcing.eventstore.ConsistencyMarkers$InfinityConsistencyMarker","ConsistencyMarkers$InfinityConsistencyMarker",0.0002338967137658674,0.0012974076274683778,2,2,""
"org.axonframework.eventsourcing.eventstore.ConsistencyMarkers$OriginConsistencyMarker","ConsistencyMarkers$OriginConsistencyMarker",0.0002338967137658674,0.0012974076274683778,2,2,""
"org.axonframework.modelling.entity.annotation.RoutingKeyUtils","RoutingKeyUtils",0.00023145168262552493,0.00792678731071683,2,3,""
"org.axonframework.messaging.eventhandling.processing.streaming.token.FirstTrackingToken","FirstTrackingToken",0.00022102774395846633,0.0033939574494350117,1,1,""
"org.axonframework.messaging.eventhandling.processing.streaming.token.LatestTrackingToken","LatestTrackingToken",0.00022102774395846633,0.0033939574494350117,1,1,""
"org.axonframework.common.configuration.DecoratorDefinition$1","DecoratorDefinition$1",0.000217133298049011,0.0010537551444162344,1,5,""
"org.axonframework.common.configuration.DecoratorDefinition$2","DecoratorDefinition$2",0.000217133298049011,0.0010537551444162344,1,5,""
"org.axonframework.modelling.HierarchicalStateManager","HierarchicalStateManager",0.00021409431378667979,0.022941318900904086,1,5,""
"org.axonframework.messaging.eventstreaming.StartingFrom","StartingFrom",0.00020484078197264524,0.006072701387040018,1,4,""
"org.axonframework.axonserver.connector.AxonServerConfiguration$FlowControlConfiguration","AxonServerConfiguration$FlowControlConfiguration",0.00019161963553133093,0,3,0,""
"org.axonframework.messaging.tracing.TracingHandlerEnhancerDefinition$1","TracingHandlerEnhancerDefinition$1",0.000188659971480186,0.04403334409375327,1,7,""
"org.axonframework.messaging.tracing.TracingHandlerEnhancerDefinition$Builder","TracingHandlerEnhancerDefinition$Builder",0.000188659971480186,0.0017325857319761217,1,3,""
"org.axonframework.common.caching.WeakReferenceCache$Entry","WeakReferenceCache$Entry",0.00018257754427828145,2.729160803116429e-57,1,1,""
"org.axonframework.messaging.eventhandling.annotation.EventHandler","EventHandler",0.0001817441985040974,0.011969157475225449,3,2,""
"org.axonframework.test.FixtureResourceParameterResolverFactory$FailingParameterResolver","FixtureResourceParameterResolverFactory$FailingParameterResolver",0.00018169949290515702,0.02361526709890981,1,3,""
"org.axonframework.messaging.eventhandling.annotation.EventAppenderParameterResolverFactory$1","EventAppenderParameterResolverFactory$1",0.00017703690230578398,0.023738783126049417,1,4,""
"org.axonframework.messaging.eventhandling.replay.annotation.ReplayParameterResolverFactory$ReplayParameterResolver","ReplayParameterResolverFactory$ReplayParameterResolver",0.0001753825870772247,0.05704890681332182,1,7,""
"org.axonframework.axonserver.connector.util.GrpcMessageSizeInterceptor","GrpcMessageSizeInterceptor",0.0001742613941003343,2.5234493930284055e-08,3,2,""
"org.axonframework.extension.springboot.util.RegisterDefaultEntities","RegisterDefaultEntities",0.00017151383043830144,2.729160803116429e-57,2,1,""
"org.axonframework.messaging.eventhandling.replay.annotation.ReplayContext","ReplayContext",0.0001712769929703005,0,1,0,""
"org.axonframework.messaging.eventhandling.replay.annotation.ReplayContextParameterResolverFactory$ReplayContextParameterResolver","ReplayContextParameterResolverFactory$ReplayContextParameterResolver",0.0001712769929703005,0.05889845982183314,1,7,""
"org.axonframework.common.TypeReflectionUtils","TypeReflectionUtils",0.00016643021908477798,2.4079837068076745e-08,2,3,""
"org.axonframework.common.configuration.DefaultAxonApplication$AxonConfigurationImpl","DefaultAxonApplication$AxonConfigurationImpl",0.0001550332695540144,0.018274247644091298,1,10,""
"org.axonframework.modelling.entity.child.AbstractEntityChildMetamodel","AbstractEntityChildMetamodel",0.00014838682503161028,0.08267890635705302,2,15,""
"org.axonframework.extension.springboot.EventProcessorProperties","EventProcessorProperties",0.00014306748964636583,0.007421749876497196,1,5,""
"org.axonframework.axonserver.connector.event.AggregateBasedAxonServerEventStorageEngine","AggregateBasedAxonServerEventStorageEngine",0.00014159326622423642,0.10856026682500965,1,36,""
"org.axonframework.common.ExceptionUtils","ExceptionUtils",0.00014095995046845588,1.7868279131378846e-06,4,1,""
"org.axonframework.eventsourcing.eventstore.TooManyTagsOnEventMessageException","TooManyTagsOnEventMessageException",0.00013735292062973532,0.012674687899484924,1,2,""
"org.axonframework.common.caching.AbstractCacheAdapter","AbstractCacheAdapter",0.0001318708685871678,0.0015904652095495837,2,3,""
"org.axonframework.messaging.core.interception.annotation.MessageHandlerInterceptorDefinition$InterceptedMessageHandlingMember","MessageHandlerInterceptorDefinition$InterceptedMessageHandlingMember",0.00012121591343183634,0.04667655646589501,1,7,""
"org.axonframework.messaging.core.interception.annotation.MessageHandlerInterceptorDefinition$ResultHandlingInterceptorMember","MessageHandlerInterceptorDefinition$ResultHandlingInterceptorMember",0.00012121591343183634,0.07257758280728628,1,12,""
"org.axonframework.modelling.configuration.ModellingConfigurationDefaults","ModellingConfigurationDefaults",0.0001212052606181772,0.006880403768330454,1,7,""
"org.axonframework.messaging.eventhandling.annotation.MethodEventHandlerDefinition$MethodEventMessageHandlingMember","MethodEventHandlerDefinition$MethodEventMessageHandlingMember",0.00011982727939496902,0.06254406246785295,1,8,""
"org.axonframework.messaging.commandhandling.annotation.MethodCommandHandlerDefinition$MethodCommandHandlingMember","MethodCommandHandlerDefinition$MethodCommandHandlingMember",0.00011951301485840939,0.05037833888457135,1,7,""
"org.axonframework.messaging.queryhandling.annotation.MethodQueryHandlerDefinition$MethodQueryHandlingMember","MethodQueryHandlerDefinition$MethodQueryHandlingMember",0.00011951301485840939,0.04835130581977461,1,9,""
"org.axonframework.modelling.entity.annotation.RoutingKeyEventTargetMatcher","RoutingKeyEventTargetMatcher",0.00011592519473321028,0.033985480473219865,1,5,""
"org.axonframework.modelling.entity.annotation.RoutingKeyCommandTargetResolver","RoutingKeyCommandTargetResolver",0.00011552648789231465,0.02846444589988423,1,6,""
"org.axonframework.eventsourcing.eventstore.DefaultAppendCondition","DefaultAppendCondition",0.00010493743812017976,0.0033371008345634465,1,3,""
"org.axonframework.eventsourcing.eventstore.NoAppendCondition","NoAppendCondition",0.00010493743812017976,0.0033371008345634465,1,3,""
"org.axonframework.messaging.core.annotation.AggregateType","AggregateType",9.769458283458305e-05,0,1,0,""
"org.axonframework.messaging.core.annotation.AggregateTypeParameterResolverFactory$AggregateTypeParameterResolver","AggregateTypeParameterResolverFactory$AggregateTypeParameterResolver",9.769458283458305e-05,0.031080921961621183,1,5,""
"org.axonframework.messaging.core.annotation.MessageIdentifier","MessageIdentifier",9.769458283458305e-05,0,1,0,""
"org.axonframework.messaging.core.annotation.MessageIdentifierParameterResolverFactory$MessageIdentifierParameterResolver","MessageIdentifierParameterResolverFactory$MessageIdentifierParameterResolver",9.769458283458305e-05,0.04128944178241449,1,3,""
"org.axonframework.messaging.core.annotation.SourceId","SourceId",9.769458283458305e-05,0,1,0,""
"org.axonframework.messaging.core.annotation.SourceIdParameterResolverFactory$SourceIdParameterResolver","SourceIdParameterResolverFactory$SourceIdParameterResolver",9.769458283458305e-05,0.02798892134086376,1,4,""
"org.axonframework.messaging.eventhandling.annotation.SequenceNumber","SequenceNumber",9.769458283458305e-05,0,1,0,""
"org.axonframework.messaging.eventhandling.annotation.SequenceNumberParameterResolverFactory$SequenceNumberParameterResolver","SequenceNumberParameterResolverFactory$SequenceNumberParameterResolver",9.769458283458305e-05,0.02798892134086376,1,4,""
"org.axonframework.messaging.eventhandling.annotation.Timestamp","Timestamp",9.769458283458305e-05,0,1,0,""
"org.axonframework.messaging.eventhandling.annotation.TimestampParameterResolverFactory$TimestampParameterResolver","TimestampParameterResolverFactory$TimestampParameterResolver",9.769458283458305e-05,0.0561703986467045,1,5,""
"org.axonframework.extension.springboot.autoconfig.JpaEventStoreAutoConfiguration$AggregateBasedJpaEventStorageEngineConfigurationEnhancer","JpaEventStoreAutoConfiguration$AggregateBasedJpaEventStorageEngineConfigurationEnhancer",9.744629290234564e-05,0.008440168553320243,1,14,""
"org.axonframework.messaging.eventstreaming.EventTypeRestrictableOrEventCriteria","EventTypeRestrictableOrEventCriteria",9.685299573319285e-05,0.007413352738586021,1,4,""
"org.axonframework.test.matchers.MatcherExecutionException","MatcherExecutionException",9.636086551192075e-05,1.7868279131378846e-06,1,1,""
"org.axonframework.common.configuration.DefaultDecoratorDefinition","DefaultDecoratorDefinition",8.756125083804783e-05,0.0017700576088716705,2,8,""
"org.axonframework.extension.metrics.micrometer.MetricsConfigurationEnhancer","MetricsConfigurationEnhancer",8.683075967646755e-05,0.04343605224758902,2,21,""
"org.axonframework.conversion.ChainedConverter$Route","ChainedConverter$Route",8.220817631799235e-05,0.001517271583313657,2,2,""
"org.axonframework.conversion.ChainedConverter$RouteCalculator","ChainedConverter$RouteCalculator",8.063652720092834e-05,3.782799654755241e-05,1,2,""
"org.axonframework.eventsourcing.eventstore.DefaultSourcingCondition","DefaultSourcingCondition",7.483471806762928e-05,0.0027013974546777632,1,3,""
"org.axonframework.eventsourcing.eventstore.jpa.SQLErrorCodesResolver","SQLErrorCodesResolver",7.406753753595579e-05,0.0014427201557549168,1,4,""
"org.axonframework.extension.springboot.TokenStoreProperties","TokenStoreProperties",7.406753753595579e-05,0,1,0,""
"org.axonframework.extension.springboot.util.jpa.ContainerManagedEntityManagerProvider","ContainerManagedEntityManagerProvider",7.406753753595579e-05,3.3697171088722026e-05,1,1,""
"org.axonframework.messaging.eventhandling.processing.streaming.token.store.jpa.JpaTokenStore","JpaTokenStore",7.406753753595579e-05,0.04052997032200677,1,17,""
"org.axonframework.common.configuration.DecoratedComponent","DecoratedComponent",7.354102087816793e-05,0.014625433492364835,1,8,""
"org.axonframework.messaging.core.HandlerExecutionException","HandlerExecutionException",7.085450231995215e-05,9.16335929097056e-05,3,1,""
"org.axonframework.modelling.annotation.InjectEntityParameterResolverFactory","InjectEntityParameterResolverFactory",7.08345942151535e-05,0.008967422217046273,1,9,""
"org.axonframework.messaging.core.configuration.reflection.ConfigurationParameterResolverFactory","ConfigurationParameterResolverFactory",7.083459421515349e-05,0.0078056089011872285,1,5,""
"org.axonframework.axonserver.connector.AxonServerException","AxonServerException",7.060988795852816e-05,0.00019539934427980065,1,2,""
"org.axonframework.axonserver.connector.ErrorCode$ExceptionBuilder","ErrorCode$ExceptionBuilder",7.060988795852816e-05,9.16335929097056e-05,1,1,""
"org.axonframework.axonserver.connector.command.AxonServerCommandDispatchException","AxonServerCommandDispatchException",7.060988795852816e-05,1.0794134510652898e-05,1,1,""
"org.axonframework.axonserver.connector.command.AxonServerNonTransientRemoteCommandHandlingException","AxonServerNonTransientRemoteCommandHandlingException",7.060988795852816e-05,1.635159835500271e-07,1,2,""
"org.axonframework.axonserver.connector.command.AxonServerRemoteCommandHandlingException","AxonServerRemoteCommandHandlingException",7.060988795852816e-05,1.635159835500271e-07,1,2,""
"org.axonframework.axonserver.connector.query.AxonServerNonTransientRemoteQueryHandlingException","AxonServerNonTransientRemoteQueryHandlingException",7.060988795852816e-05,1.635159835500271e-07,1,2,""
"org.axonframework.axonserver.connector.query.AxonServerQueryDispatchException","AxonServerQueryDispatchException",7.060988795852816e-05,0.00019539934427980065,1,2,""
"org.axonframework.axonserver.connector.query.AxonServerRemoteQueryHandlingException","AxonServerRemoteQueryHandlingException",7.060988795852816e-05,1.635159835500271e-07,1,2,""
"org.axonframework.eventsourcing.eventstore.EventStoreException","EventStoreException",7.060988795852816e-05,1.7868279131378846e-06,1,1,""
"org.axonframework.messaging.core.EventPublicationFailedException","EventPublicationFailedException",7.060988795852816e-05,9.16335929097056e-05,1,1,""
"org.axonframework.modelling.ConcurrencyException","ConcurrencyException",7.060988795852816e-05,1.0515944461113075e-05,1,1,""
"org.axonframework.messaging.commandhandling.tracing.DefaultCommandBusSpanFactory","DefaultCommandBusSpanFactory",6.882073361722823e-05,0.025233359680853447,1,6,""
"org.axonframework.messaging.eventhandling.tracing.DefaultEventBusSpanFactory","DefaultEventBusSpanFactory",6.882073361722823e-05,0.030876683149973796,1,6,""
"org.axonframework.messaging.eventhandling.tracing.DefaultEventProcessorSpanFactory","DefaultEventProcessorSpanFactory",6.882073361722823e-05,0.030963983894626523,1,7,""
"org.axonframework.messaging.queryhandling.tracing.DefaultQueryBusSpanFactory","DefaultQueryBusSpanFactory",6.882073361722823e-05,0.024763247748961072,1,7,""
"org.axonframework.messaging.queryhandling.tracing.DefaultQueryUpdateEmitterSpanFactory","DefaultQueryUpdateEmitterSpanFactory",6.882073361722823e-05,0.02083978422496779,1,6,""
"org.axonframework.extension.springboot.autoconfig.AxonServerAutoConfiguration","AxonServerAutoConfiguration",6.70042401975127e-05,0.0062480854596222695,2,15,""
"org.axonframework.common.caching.EhCacheAdapter$1","EhCacheAdapter$1",6.699805752787245e-05,2.729160803116429e-57,2,1,""
"org.axonframework.common.caching.EhCacheAdapter$CacheEventListenerAdapter","EhCacheAdapter$CacheEventListenerAdapter",6.599335942595077e-05,2.418206197458362e-05,1,2,""
"org.axonframework.common.caching.JCacheAdapter$JCacheListenerAdapter","JCacheAdapter$JCacheListenerAdapter",6.587750916121702e-05,2.139847713104875e-05,1,1,""
"org.axonframework.common.caching.Cache$EntryListenerAdapter","Cache$EntryListenerAdapter",6.564948351987757e-05,2.139847713104875e-05,1,1,""
"org.axonframework.common.lock.Lock","Lock",6.290576457809582e-05,0,5,0,""
"org.axonframework.common.lock.PessimisticLockFactory$PubliclyOwnedReentrantLock","PessimisticLockFactory$PubliclyOwnedReentrantLock",6.247198081476037e-05,0,2,0,""
"org.axonframework.common.lock.LockFactory","LockFactory",6.236395393216094e-05,2.61356133762108e-06,2,1,""
"org.axonframework.common.lock.PessimisticLockFactory$Builder","PessimisticLockFactory$Builder",6.214734272585922e-05,0.0014854367198376647,1,2,""
"org.axonframework.common.lock.PessimisticLockFactory$DisposableLock","PessimisticLockFactory$DisposableLock",6.214734272585922e-05,7.813708780388146e-06,1,5,""
"org.axonframework.messaging.core.sequencing.ExtractionSequencingPolicy","ExtractionSequencingPolicy",6.209688814331571e-05,0.05796693859045256,1,7,""
"org.axonframework.common.lock.PessimisticLockFactory","PessimisticLockFactory",6.20404443889215e-05,0.0014958233629178653,2,6,""
"org.axonframework.messaging.commandhandling.annotation.CommandHandler","CommandHandler",6.160319704775657e-05,0.00618812817962234,1,2,""
"org.axonframework.messaging.queryhandling.annotation.QueryHandler","QueryHandler",6.160319704775657e-05,0.004090119596337663,1,2,""
"org.axonframework.extension.metrics.micrometer.springboot.MicrometerMetricsAutoConfiguration","MicrometerMetricsAutoConfiguration",6.089406941505919e-05,0.0006242697651464347,1,6,""
"org.axonframework.axonserver.connector.AxonServerConfigurationEnhancer","AxonServerConfigurationEnhancer",6.085978621856517e-05,0.014965521389038599,1,27,""
"org.axonframework.common.io.IOUtils","IOUtils",6.0044698242585465e-05,0,2,0,""
"org.axonframework.test.fixture.AxonTestThenCommand","AxonTestThenCommand",5.823269240025919e-05,0.025351716586666264,1,13,""
"org.axonframework.test.fixture.AxonTestThenEvent","AxonTestThenEvent",5.7020285038794e-05,0.008563083235545811,1,10,""
"org.axonframework.common.property.PropertyAccessException","PropertyAccessException",5.0559205898907456e-05,0.0011955476279758342,2,1,""
"org.axonframework.common.AxonNonTransientException","AxonNonTransientException",4.300713146749123e-05,9.16335929097056e-05,15,1,""
"org.axonframework.messaging.core.annotation.MultiHandlerDefinition","MultiHandlerDefinition",3.507976519372379e-05,0.020283948055435562,1,8,""
"org.axonframework.extension.springboot.UpdateCheckerProperties","UpdateCheckerProperties",3.1734290876955794e-05,0.00013172597152032652,2,2,""
"org.axonframework.messaging.core.SimpleHandlerAttributes","SimpleHandlerAttributes",2.9217825211985447e-05,0.0001380440649841768,1,1,""
"org.axonframework.messaging.commandhandling.configuration.SimpleCommandHandlingModule","SimpleCommandHandlingModule",2.7330959146437012e-05,0.022057406271329308,1,16,""
"org.axonframework.messaging.queryhandling.configuration.SimpleQueryHandlingModule","SimpleQueryHandlingModule",2.7115904441661166e-05,0.020567150798018855,1,16,""
"org.axonframework.extension.springboot.autoconfig.UpdateCheckerAutoConfiguration$1","UpdateCheckerAutoConfiguration$1",2.62161075741004e-05,0.006887266175287159,1,10,""
"org.axonframework.extension.springboot.autoconfig.UpdateCheckerAutoConfiguration$NotTestEnvironmentCondition","UpdateCheckerAutoConfiguration$NotTestEnvironmentCondition",2.62161075741004e-05,2.4708295105245404e-05,1,1,""
"org.axonframework.extension.metrics.micrometer.springboot.MetricsProperties$Micrometer","MetricsProperties$Micrometer",2.5981538912131782e-05,0,2,0,""
"org.axonframework.extension.metrics.micrometer.springboot.MetricsProperties","MetricsProperties",2.5936690261408372e-05,1.0794614141974836e-06,1,1,""
"org.axonframework.extension.metrics.micrometer.springboot.MicrometerMetricsAutoConfiguration$1","MicrometerMetricsAutoConfiguration$1",2.5936690261408372e-05,0.001465658340338637,1,4,""
"org.axonframework.messaging.core.unitofwork.transaction.jdbc.JdbcTransactionalExecutorProvider","JdbcTransactionalExecutorProvider",2.4571846904137662e-05,0.033698882405656466,1,7,""
"org.axonframework.extension.springboot.TimeoutProperties$MessageHandlerTimeoutProperties","TimeoutProperties$MessageHandlerTimeoutProperties",2.2631851352620177e-05,0.00010709328591556168,2,2,""
"org.axonframework.extension.springboot.TimeoutProperties","TimeoutProperties",2.1675758443213685e-05,2.3012184256996335e-05,1,2,""
"org.axonframework.extension.springboot.autoconfig.AxonTimeoutAutoConfiguration$AxonTimeoutConfigurerModule","AxonTimeoutAutoConfiguration$AxonTimeoutConfigurerModule",2.1675758443213685e-05,0.012241874377792126,1,10,""
"org.axonframework.messaging.core.timeout.HandlerTimeoutHandlerEnhancerDefinition","HandlerTimeoutHandlerEnhancerDefinition",2.1675758443213685e-05,0.024728171302183598,1,8,""
"org.axonframework.messaging.eventhandling.processing.streaming.segmenting.WrappedTrackerStatus","WrappedTrackerStatus",1.9774204244820296e-05,0.005011630676699991,2,3,""
"org.axonframework.axonserver.connector.AxonServerConfiguration$HeartbeatConfiguration","AxonServerConfiguration$HeartbeatConfiguration",1.877741285034616e-05,0,2,0,""
"org.axonframework.messaging.eventhandling.configuration.EventHandlingComponentsConfigurer$ComponentsPhase","EventHandlingComponentsConfigurer$ComponentsPhase",1.8245983530785808e-05,0.014307157647224419,3,10,""
"org.axonframework.eventsourcing.configuration.AnnotatedEventSourcedEntityModule","AnnotatedEventSourcedEntityModule",1.2714216530684801e-05,0.018684665022446766,1,25,""
"org.axonframework.extension.springboot.autoconfig.CBORMapperAutoConfiguration","CBORMapperAutoConfiguration",1.132129851682252e-05,1.320856058674739e-05,2,2,""
"org.axonframework.axonserver.connector.ConnectionManager","ConnectionManager",1.1285532122541029e-05,0,1,0,""
"org.axonframework.common.property.DirectlyAccessedProperty","DirectlyAccessedProperty",1.1203166471380344e-05,0.00013785974951456754,1,2,""
"org.axonframework.common.property.MethodAccessedProperty","MethodAccessedProperty",1.1203166471380344e-05,0.0010790489403325215,1,3,""
"org.axonframework.common.lifecycle.ShutdownInProgressException","ShutdownInProgressException",8.310845817965065e-06,1.7868279131378846e-06,1,1,""
"org.axonframework.axonserver.connector.AxonServerConfiguration$Builder","AxonServerConfiguration$Builder",7.491880727805131e-06,0.00025204154829317827,1,2,""
"org.axonframework.axonserver.connector.AxonServerConfiguration$EventStoreConfiguration","AxonServerConfiguration$EventStoreConfiguration",7.491880727805131e-06,0,1,0,""
"org.axonframework.messaging.core.timeout.AxonTimeoutException","AxonTimeoutException",6.8031408135428e-06,0,1,0,""
"org.axonframework.extension.springboot.autoconfig.JdbcTransactionAutoConfiguration","JdbcTransactionAutoConfiguration",6.545922394028309e-06,0.00012997309252697311,1,3,""
"org.axonframework.extension.springboot.autoconfig.JpaTransactionAutoConfiguration","JpaTransactionAutoConfiguration",6.545922394028309e-06,0.00012997309252697311,1,3,""
"org.axonframework.extension.springboot.actuator.axonserver.AxonServerHealthIndicator","AxonServerHealthIndicator",6.144453978947532e-06,0.00014484681164516296,1,2,""
"org.axonframework.extension.springboot.actuator.axonserver.AxonServerStatusAggregator","AxonServerStatusAggregator",6.144453978947532e-06,2.5046310515342294e-07,1,1,""
"org.axonframework.extension.springboot.actuator.HealthStatus","HealthStatus",6.028392332517876e-06,0,2,0,""
"org.axonframework.conversion.avro.DefaultSchemaIncompatibilityChecker","DefaultSchemaIncompatibilityChecker",5.966272741640452e-06,4.034275099883797e-05,1,2,""
"org.axonframework.common.jdbc.JdbcUtils$SqlFunction","JdbcUtils$SqlFunction",5.882853636452525e-06,0,1,0,""
"org.axonframework.eventsourcing.annotation.AnnotationBasedEventCriteriaResolverDefinition","AnnotationBasedEventCriteriaResolverDefinition",5.855127553172937e-06,0.0037523485963813397,1,4,""
"org.axonframework.eventsourcing.annotation.reflection.AnnotationBasedEventSourcedEntityFactoryDefinition","AnnotationBasedEventSourcedEntityFactoryDefinition",5.855127553172937e-06,0.010207774918954058,1,7,""
"org.axonframework.modelling.entity.annotation.AnnotatedEntityIdResolverDefinition","AnnotatedEntityIdResolverDefinition",5.855127553172937e-06,0.006305406870238561,1,7,""
"org.axonframework.extension.springboot.autoconfig.ObjectMapperAutoConfiguration$JacksonConfiguredCondition","ObjectMapperAutoConfiguration$JacksonConfiguredCondition",5.700006061651833e-06,9.472782386068552e-07,5,4,""
"org.axonframework.extension.springboot.autoconfig.ObjectMapperAutoConfiguration$JacksonConfiguredCondition$EventsJacksonCondition","ObjectMapperAutoConfiguration$JacksonConfiguredCondition$EventsJacksonCondition",5.700006061651833e-06,2.368195596517138e-07,2,1,""
"org.axonframework.extension.springboot.autoconfig.ObjectMapperAutoConfiguration$JacksonConfiguredCondition$GeneralDefaultCondition","ObjectMapperAutoConfiguration$JacksonConfiguredCondition$GeneralDefaultCondition",5.700006061651833e-06,2.368195596517138e-07,2,1,""
"org.axonframework.extension.springboot.autoconfig.ObjectMapperAutoConfiguration$JacksonConfiguredCondition$GeneralJacksonCondition","ObjectMapperAutoConfiguration$JacksonConfiguredCondition$GeneralJacksonCondition",5.700006061651833e-06,2.368195596517138e-07,2,1,""
"org.axonframework.extension.springboot.autoconfig.ObjectMapperAutoConfiguration$JacksonConfiguredCondition$MessagesJacksonCondition","ObjectMapperAutoConfiguration$JacksonConfiguredCondition$MessagesJacksonCondition",5.700006061651833e-06,2.368195596517138e-07,2,1,""
"org.axonframework.extension.springboot.autoconfig.Jackson2MapperAutoConfiguration$JacksonConfiguredCondition","Jackson2MapperAutoConfiguration$JacksonConfiguredCondition",5.700006061651831e-06,9.472782386068549e-07,5,4,""
"org.axonframework.extension.springboot.autoconfig.Jackson2MapperAutoConfiguration$JacksonConfiguredCondition$EventsJacksonCondition","Jackson2MapperAutoConfiguration$JacksonConfiguredCondition$EventsJacksonCondition",5.700006061651831e-06,2.3681955965171373e-07,2,1,""
"org.axonframework.extension.springboot.autoconfig.Jackson2MapperAutoConfiguration$JacksonConfiguredCondition$GeneralDefaultCondition","Jackson2MapperAutoConfiguration$JacksonConfiguredCondition$GeneralDefaultCondition",5.700006061651831e-06,2.3681955965171373e-07,2,1,""
"org.axonframework.extension.springboot.autoconfig.Jackson2MapperAutoConfiguration$JacksonConfiguredCondition$GeneralJacksonCondition","Jackson2MapperAutoConfiguration$JacksonConfiguredCondition$GeneralJacksonCondition",5.700006061651831e-06,2.3681955965171373e-07,2,1,""
"org.axonframework.extension.springboot.autoconfig.Jackson2MapperAutoConfiguration$JacksonConfiguredCondition$MessagesJacksonCondition","Jackson2MapperAutoConfiguration$JacksonConfiguredCondition$MessagesJacksonCondition",5.700006061651831e-06,2.3681955965171373e-07,2,1,""
"org.axonframework.extension.springboot.UpdateCheckerProperties$1","UpdateCheckerProperties$1",5.4728514952584506e-06,0.0001328170620284639,1,2,""
"org.axonframework.messaging.core.unitofwork.transaction.NoTransactionManager$1","NoTransactionManager$1",5.193434495435179e-06,0.00011770141439220102,1,2,""
"org.axonframework.messaging.core.RemoteExceptionDescription","RemoteExceptionDescription",3.9220762237923095e-06,5.856497876915091e-06,6,1,""
"org.axonframework.test.extension.ProvidedAxonTestFixtureUtils","ProvidedAxonTestFixtureUtils",3.706907888316719e-06,0.008940985737993167,1,6,""
"org.axonframework.test.matchers.IgnoreField","IgnoreField",3.511650205340911e-06,0.00015980688163553923,1,2,""
"org.axonframework.common.util.PriorityCallable","PriorityCallable",2.689481240987864e-06,2.861732518288613e-51,1,1,""
"org.axonframework.modelling.entity.annotation.RoutingKeyCommandTargetResolverDefinition","RoutingKeyCommandTargetResolverDefinition",2.057928997295178e-06,0.0027806051238840686,1,7,""
"org.axonframework.modelling.entity.annotation.RoutingKeyEventTargetMatcherDefinition","RoutingKeyEventTargetMatcherDefinition",2.057928997295178e-06,0.0027902015922361524,1,7,""
"org.axonframework.common.infra.FilesystemStyleComponentDescriptor","FilesystemStyleComponentDescriptor",1.992044746729059e-06,0.013816164368206882,1,8,""
"org.axonframework.extension.springboot.autoconfig.ConverterAutoConfiguration","ConverterAutoConfiguration",1.0807776664636662e-06,0.007340216081971774,3,16,""
"org.axonframework.test.server.AxonServerContainer","AxonServerContainer",9.047813677895599e-07,2.729160803116429e-57,2,1,""
"org.axonframework.axonserver.connector.util.GrpcMessageSizeWarningThresholdReachedException","GrpcMessageSizeWarningThresholdReachedException",6.052717692385261e-07,0,2,0,""
"org.axonframework.extension.springboot.service.connection.AxonServerTestContainerConnectionDetailsFactory$AxonServerContainerConnectionDetails","AxonServerTestContainerConnectionDetailsFactory$AxonServerContainerConnectionDetails",4.5278147365087854e-07,1.0879177848122334e-05,1,2,""
"org.axonframework.common.lock.LockAcquisitionFailedException","LockAcquisitionFailedException",3.25199439633172e-07,1.0515944461113075e-05,2,1,""
"org.axonframework.common.lock.DeadlockException","DeadlockException",3.246380889011494e-07,1.3511141437381863e-08,1,1,""
"org.axonframework.axonserver.connector.util.GrpcMessageSizeInterceptor$1$1","GrpcMessageSizeInterceptor$1$1",3.03946187507345e-07,7.277834922697585e-06,2,3,""
"org.axonframework.axonserver.connector.util.GrpcMessageSizeInterceptor$1","GrpcMessageSizeInterceptor$1",3.034224292440484e-07,7.2904412516128626e-06,2,4,""
"org.axonframework.axonserver.connector.util.GrpcMessageSizeExceededException","GrpcMessageSizeExceededException",3.0289776375091136e-07,0,1,0,""
"org.axonframework.common.TypeReflectionUtils$VarMap$ParameterizedTypeImpl","TypeReflectionUtils$VarMap$ParameterizedTypeImpl",2.892866415180173e-07,4.170997964113892e-11,2,1,""
"org.axonframework.common.TypeReflectionUtils$VarMap$UnresolvedTypeVariableException","TypeReflectionUtils$VarMap$UnresolvedTypeVariableException",2.892866415180173e-07,4.170997964113892e-11,2,1,""
"org.axonframework.common.lock.NoOpLock","NoOpLock",2.1661120630171198e-07,2.61356133762108e-06,1,1,""
"org.axonframework.messaging.core.retry.NonTransientExceptionClassesPredicate","NonTransientExceptionClassesPredicate",7.43661494925875e-08,0,1,0,""
"org.axonframework.messaging.core.RemoteHandlingException","RemoteHandlingException",1.3587277916979563e-08,9.179654437926417e-05,2,2,""
"org.axonframework.messaging.core.RemoteNonTransientHandlingException","RemoteNonTransientHandlingException",1.3587277916979563e-08,1.949779382696459e-06,2,2,""
"org.axonframework.extension.springboot.autoconfig.AvroSchemaStoreAutoConfiguration$AvroConfiguredCondition","AvroSchemaStoreAutoConfiguration$AvroConfiguredCondition",1.8884169040333333e-09,1.5691704703992064e-10,3,2,""
"org.axonframework.extension.springboot.autoconfig.AvroSchemaStoreAutoConfiguration$AvroConfiguredCondition$EventsAvroCondition","AvroSchemaStoreAutoConfiguration$AvroConfiguredCondition$EventsAvroCondition",1.8884169040333333e-09,7.845852351996032e-11,2,1,""
"org.axonframework.extension.springboot.autoconfig.AvroSchemaStoreAutoConfiguration$AvroConfiguredCondition$MessagesAvroCondition","AvroSchemaStoreAutoConfiguration$AvroConfiguredCondition$MessagesAvroCondition",1.8884169040333333e-09,7.845852351996032e-11,2,1,""
"org.axonframework.extension.springboot.autoconfig.AvroSchemaStoreAutoConfiguration$OnMissingDefaultSchemaStoreCondition","AvroSchemaStoreAutoConfiguration$OnMissingDefaultSchemaStoreCondition",1.885151531728777e-09,7.832285629032937e-11,2,1,""
"org.axonframework.extension.springboot.autoconfig.AvroSchemaStoreAutoConfiguration$OnMissingDefaultSchemaStoreCondition$SchemaStoreIsMissingCondition","AvroSchemaStoreAutoConfiguration$OnMissingDefaultSchemaStoreCondition$SchemaStoreIsMissingCondition",1.885151531728777e-09,7.832285629032937e-11,2,1,""
"org.axonframework.common.TypeReflectionUtils$VarMap","TypeReflectionUtils$VarMap",1.0039168096398657e-09,6.938755544945606e-06,3,3,""
"org.axonframework.test.matchers.ListMatcher","ListMatcher",7.222485856351316e-44,0,4,0,""
"org.axonframework.extension.springboot.DistributedCommandBusProperties$JGroupsProperties","DistributedCommandBusProperties$JGroupsProperties",9.024181644635668e-45,3.749299036149403e-46,2,1,""
"org.axonframework.extension.springboot.DistributedCommandBusProperties$JGroupsProperties$Gossip","DistributedCommandBusProperties$JGroupsProperties$Gossip",9.024181644635668e-45,3.749299036149403e-46,2,1,""
"org.axonframework.extension.springboot.DistributedCommandBusProperties$SpringCloudProperties","DistributedCommandBusProperties$SpringCloudProperties",6.606159460603779e-45,0,1,0,""
"org.axonframework.extension.springboot.util.AbstractQualifiedBeanCondition","AbstractQualifiedBeanCondition",1.5269355584295463e-46,0,2,0,""
"org.axonframework.axonserver.connector.TopologyChange$1","TopologyChange$1",7.634677792147732e-47,2.861732518288613e-51,1,1,""
"org.axonframework.axonserver.connector.TopologyChange$HandlerSubscription","TopologyChange$HandlerSubscription",7.634677792147732e-47,0,1,0,""
"org.axonframework.axonserver.connector.TopologyChange$Type","TopologyChange$Type",7.634677792147732e-47,0,1,0,""
"org.axonframework.extension.springboot.util.ConditionalOnMissingQualifiedBean","ConditionalOnMissingQualifiedBean",7.634677792147732e-47,2.729160803116429e-57,1,1,""
"org.axonframework.extension.springboot.util.ConditionalOnQualifiedBean","ConditionalOnQualifiedBean",7.634677792147732e-47,2.729160803116429e-57,1,1,""
"org.axonframework.modelling.entity.child.FieldChildEntityFieldDefinition","FieldChildEntityFieldDefinition",7.634677792147732e-47,0.01418669424305413,1,5,""
"org.axonframework.modelling.entity.child.GetterEvolverChildEntityFieldDefinition","GetterEvolverChildEntityFieldDefinition",7.634677792147732e-47,5.203297360736958e-05,1,1,""
"org.axonframework.modelling.entity.child.GetterSetterChildEntityFieldDefinition","GetterSetterChildEntityFieldDefinition",7.634677792147732e-47,5.203297360736958e-05,1,1,""
"org.axonframework.common.jdbc.ConnectionWrapperFactory$ConnectionCloseHandler","ConnectionWrapperFactory$ConnectionCloseHandler",1.0876649198191041e-47,0,2,0,""
"org.axonframework.common.jdbc.ConnectionWrapperFactory$NoOpCloseHandler","ConnectionWrapperFactory$NoOpCloseHandler",6.722138888191355e-48,4.518948305916913e-49,1,1,""
"org.axonframework.axonserver.connector.TopologyChange","TopologyChange",6.88789926180965e-50,9.515995316126996e-48,2,3,""
"org.axonframework.common.property.AbstractMethodPropertyAccessStrategy","AbstractMethodPropertyAccessStrategy",6.88789926180965e-50,0.00026964882842424087,2,3,""
"org.axonframework.common.util.PriorityTask","PriorityTask",6.88789926180965e-50,0,2,0,""
"org.axonframework.common.TypeReference$1","TypeReference$1",3.443949630904825e-50,0.001530511072109071,1,1,""
"org.axonframework.common.TypeReference$2","TypeReference$2",3.443949630904825e-50,0.001530511072109071,1,1,""
"org.axonframework.messaging.core.retry.DoNotRetryOutcome","DoNotRetryOutcome",3.443949630904825e-50,0.0003937960552340931,1,1,""
"org.axonframework.messaging.core.retry.RetryOutcome","RetryOutcome",3.443949630904825e-50,0.0003937960552340931,1,1,""
"org.axonframework.test.matchers.EqualsMatcher","EqualsMatcher",3.443949630904825e-50,0,1,0,""
"org.axonframework.test.matchers.MapStringEntryMatcher$Matching","MapStringEntryMatcher$Matching",3.443949630904825e-50,0,1,0,""
"org.axonframework.axonserver.connector.InstructionAckSource","InstructionAckSource",6.568812619981432e-56,0.00010376575137009507,1,1,""
"org.axonframework.axonserver.connector.util.PriorityExecutorService","PriorityExecutorService",6.568812619981432e-56,6.473307946728684e-05,1,2,""
"org.axonframework.axonserver.connector.util.Scheduler$ScheduledTask","Scheduler$ScheduledTask",6.568812619981432e-56,0,1,0,""
"org.axonframework.common.DefaultIdentifierFactory","DefaultIdentifierFactory",6.568812619981432e-56,8.256501242242066e-05,1,1,""
"org.axonframework.common.DirectExecutor","DirectExecutor",6.568812619981432e-56,0,1,0,""
"org.axonframework.common.ProcessRetriesExhaustedException","ProcessRetriesExhaustedException",6.568812619981432e-56,9.16335929097056e-05,1,1,""
"org.axonframework.common.caching.EhCacheAdapter","EhCacheAdapter",6.568812619981432e-56,0.0015883930754843204,1,5,""
"org.axonframework.common.caching.WeakReferenceCache","WeakReferenceCache",6.568812619981432e-56,0.0043944558905847225,1,6,""
"org.axonframework.eventsourcing.eventstore.StartPosition","StartPosition",6.568812619981432e-56,0.0002892381517697341,1,1,""
"org.axonframework.extension.springboot.util.DefaultEntityRegistrar","DefaultEntityRegistrar",6.568812619981432e-56,0,1,0,""
"org.axonframework.extension.springboot.util.OnMissingQualifiedBeanCondition","OnMissingQualifiedBeanCondition",6.568812619981432e-56,9.515995316126996e-48,1,2,""
"org.axonframework.extension.springboot.util.OnQualifiedBeanCondition","OnQualifiedBeanCondition",6.568812619981432e-56,9.515995316126996e-48,1,2,""
"org.axonframework.messaging.core.Metadata$MetadataCollector","Metadata$MetadataCollector",6.568812619981432e-56,0.002286096362159079,1,1,""
"org.axonframework.messaging.eventhandling.processing.streaming.token.store.jdbc.GenericTokenTableFactory","GenericTokenTableFactory",6.568812619981432e-56,0.0001443487926602896,1,2,""
"org.axonframework.messaging.eventhandling.processing.streaming.token.store.jdbc.TokenSchema$Builder","TokenSchema$Builder",6.568812619981432e-56,7.341992166058289e-05,1,1,""
"org.axonframework.test.server.AxonServerContainerUtils","AxonServerContainerUtils",6.568812619981432e-56,0.001482859110171663,1,1,""
"org.axonframework.axonserver.connector.AxonServerRegistration","AxonServerRegistration",0,0.001555990299559248,0,1,""
"org.axonframework.axonserver.connector.DefaultInstructionAckSource","DefaultInstructionAckSource",0,2.729160803116429e-57,0,1,""
"org.axonframework.axonserver.connector.TargetContextResolver","TargetContextResolver",0,0.019063151590415214,0,2,""
"org.axonframework.axonserver.connector.util.GrpcExceptionParser","GrpcExceptionParser",0,0.00010376575137009507,0,1,""
"org.axonframework.axonserver.connector.util.PriorityTaskSchedulers","PriorityTaskSchedulers",0,2.729160803116429e-57,0,1,""
"org.axonframework.axonserver.connector.util.Scheduler","Scheduler",0,2.729160803116429e-57,0,1,""
"org.axonframework.common.IdentifierValidator","IdentifierValidator",0,0.0009411891908179539,0,1,""
"org.axonframework.common.caching.JCacheAdapter","JCacheAdapter",0,0.0015856046773812238,0,4,""
"org.axonframework.common.caching.NoCache","NoCache",0,0.0015904652095495837,0,3,""
"org.axonframework.common.digest.Digester","Digester",0,0.0011955476279758342,0,1,""
"org.axonframework.common.infra.JacksonComponentDescriptor","JacksonComponentDescriptor",0,0.01374441030131932,0,5,""
"org.axonframework.common.jdbc.ConnectionWrapperFactory","ConnectionWrapperFactory",0,7.311811952377323e-49,0,2,""
"org.axonframework.common.jdbc.DataSourceConnectionProvider","DataSourceConnectionProvider",0,1.4229287191651224e-05,0,1,""
"org.axonframework.common.jpa.SimpleEntityManagerProvider","SimpleEntityManagerProvider",0,0.001516556281260385,0,2,""
"org.axonframework.common.lock.NullLockFactory","NullLockFactory",0,5.213611533804778e-06,0,3,""
"org.axonframework.common.property.BeanPropertyAccessStrategy","BeanPropertyAccessStrategy",0,2.861732518288613e-51,0,1,""
"org.axonframework.common.property.DirectPropertyAccessStrategy","DirectPropertyAccessStrategy",0,0.00026964882842424087,0,3,""
"org.axonframework.common.property.UniformPropertyAccessStrategy","UniformPropertyAccessStrategy",0,2.861732518288613e-51,0,1,""
"org.axonframework.common.util.MavenArtifactVersionResolver","MavenArtifactVersionResolver",0,2.4946919079430433e-06,0,1,""
"org.axonframework.conversion.PassThroughConverter","PassThroughConverter",0,0.01124235492424211,0,2,""
"org.axonframework.conversion.avro.GenericRecordToByteArrayConverter","GenericRecordToByteArrayConverter",0,0.00047209475206998067,0,3,""
"org.axonframework.conversion.converter.BlobToInputStreamConverter","BlobToInputStreamConverter",0,0.00045121437853757007,0,2,""
"org.axonframework.conversion.converter.ByteArrayToInputStreamConverter","ByteArrayToInputStreamConverter",0,3.441247314199387e-05,0,1,""
"org.axonframework.conversion.converter.ByteArrayToStringConverter","ByteArrayToStringConverter",0,3.441247314199387e-05,0,1,""
"org.axonframework.conversion.converter.InputStreamToByteArrayConverter","InputStreamToByteArrayConverter",0,0.00045121437853757007,0,2,""
"org.axonframework.conversion.converter.StringToByteArrayConverter","StringToByteArrayConverter",0,3.441247314199387e-05,0,1,""
"org.axonframework.eventsourcing.annotation.EventSourcingHandler","EventSourcingHandler",0,7.5509711030940665e-06,0,1,""
"org.axonframework.eventsourcing.configuration.EventSourcingConfigurer","EventSourcingConfigurer",0,0.006332326824293322,0,15,""
"org.axonframework.eventsourcing.eventstore.ConsistencyMarkers","ConsistencyMarkers",0,1.9435529070986125e-05,0,2,""
"org.axonframework.eventsourcing.eventstore.MetadataBasedTagResolver","MetadataBasedTagResolver",0,0.015213093020250472,0,4,""
"org.axonframework.eventsourcing.eventstore.MultiTagResolver","MultiTagResolver",0,0.012926996658091392,0,3,""
"org.axonframework.eventsourcing.eventstore.PayloadBasedTagResolver","PayloadBasedTagResolver",0,0.012926996658091392,0,3,""
"org.axonframework.eventsourcing.eventstore.jpa.SQLStateResolver","SQLStateResolver",0,0.0002446778358711395,0,2,""
"org.axonframework.extension.springboot.DistributedCommandBusProperties","DistributedCommandBusProperties",0,1.0243275459529189e-45,0,3,""
"org.axonframework.extension.springboot.autoconfig.AvroSchemaStoreAutoConfiguration","AvroSchemaStoreAutoConfiguration",0,4.529535792611234e-08,0,6,""
"org.axonframework.extension.springboot.autoconfig.AxonServerActuatorAutoConfiguration","AxonServerActuatorAutoConfiguration",0,0.0001478907605505329,0,4,""
"org.axonframework.extension.springboot.autoconfig.AxonTimeoutAutoConfiguration","AxonTimeoutAutoConfiguration",0,0.0005217134679551134,0,6,""
"org.axonframework.extension.springboot.autoconfig.CorrelationDataProviderAutoConfiguration","CorrelationDataProviderAutoConfiguration",0,0.0047174710790465636,0,6,""
"org.axonframework.extension.springboot.autoconfig.EventProcessingAutoConfiguration","EventProcessingAutoConfiguration",0,0.0034434890299761462,0,3,""
"org.axonframework.extension.springboot.autoconfig.InterceptorAutoConfiguration","InterceptorAutoConfiguration",0,0.05114261484846354,0,12,""
"org.axonframework.extension.springboot.autoconfig.Jackson2MapperAutoConfiguration","Jackson2MapperAutoConfiguration",0,0.00013624607296641768,0,8,""
"org.axonframework.extension.springboot.autoconfig.JpaAutoConfiguration","JpaAutoConfiguration",0,0.0017827303335059043,0,11,""
"org.axonframework.extension.springboot.autoconfig.JpaEventStoreAutoConfiguration","JpaEventStoreAutoConfiguration",0,0.0023454332065198803,0,7,""
"org.axonframework.extension.springboot.autoconfig.NoOpTransactionAutoConfiguration","NoOpTransactionAutoConfiguration",0,0.0001575536972411887,0,4,""
"org.axonframework.extension.springboot.autoconfig.ObjectMapperAutoConfiguration","ObjectMapperAutoConfiguration",0,0.0001362460729664177,0,8,""
"org.axonframework.extension.springboot.autoconfig.SecurityAutoConfiguration","SecurityAutoConfiguration",0,0.0001754104591537037,0,1,""
"org.axonframework.extension.springboot.service.connection.AxonServerDockerComposeConnectionDetailsFactory","AxonServerDockerComposeConnectionDetailsFactory",0,1.0841586673168582e-05,0,1,""
"org.axonframework.extension.springboot.service.connection.AxonServerTestContainerConnectionDetailsFactory","AxonServerTestContainerConnectionDetailsFactory",0,1.0897989671837726e-05,0,3,""
"org.axonframework.messaging.commandhandling.MetadataRoutingStrategy","MetadataRoutingStrategy",0,0.008517722533321757,0,3,""
"org.axonframework.messaging.commandhandling.UnresolvedRoutingKeyPolicy","UnresolvedRoutingKeyPolicy",0,0.006242420305673331,0,3,""
"org.axonframework.messaging.commandhandling.annotation.CommandDispatcherParameterResolverFactoryConfigurationEnhancer","CommandDispatcherParameterResolverFactoryConfigurationEnhancer",0,0.00721695184644959,0,6,""
"org.axonframework.messaging.commandhandling.annotation.MethodCommandHandlerDefinition","MethodCommandHandlerDefinition",0,0.002876556777158927,0,3,""
"org.axonframework.messaging.commandhandling.distributed.DistributedCommandBusConfigurationEnhancer","DistributedCommandBusConfigurationEnhancer",0,0.015259912162887948,0,12,""
"org.axonframework.messaging.commandhandling.retry.RetryingCommandBus","RetryingCommandBus",0,0.0789722927446761,0,14,""
"org.axonframework.messaging.core.ExecutionException","ExecutionException",0,1.0515944461113075e-05,0,1,""
"org.axonframework.messaging.core.IllegalPayloadAccessException","IllegalPayloadAccessException",0,1.7868279131378846e-06,0,1,""
"org.axonframework.messaging.core.annotation.AggregateTypeParameterResolverFactory","AggregateTypeParameterResolverFactory",0,0.0023514092976238345,0,5,""
"org.axonframework.messaging.core.annotation.AnnotatedMessageHandlingMemberDefinition","AnnotatedMessageHandlingMemberDefinition",0,0.03851608103577617,0,8,""
"org.axonframework.messaging.core.annotation.DefaultParameterResolverFactory","DefaultParameterResolverFactory",0,0.02546775614460597,0,12,""
"org.axonframework.messaging.core.annotation.HandlerTypeResolver","HandlerTypeResolver",0,0.0014827263296381095,0,5,""
"org.axonframework.messaging.core.annotation.MessageHandlerTimeout","MessageHandlerTimeout",0,3.51180848048329e-05,0,1,""
"org.axonframework.messaging.core.annotation.MessageIdentifierParameterResolverFactory","MessageIdentifierParameterResolverFactory",0,0.0023514092976238345,0,5,""
"org.axonframework.messaging.core.annotation.SimpleResourceParameterResolverFactory","SimpleResourceParameterResolverFactory",0,0.004386819221557871,0,4,""
"org.axonframework.messaging.core.annotation.SourceIdParameterResolverFactory","SourceIdParameterResolverFactory",0,0.0023514092976238345,0,5,""
"org.axonframework.messaging.core.configuration.reflection.ConfigurationParameterResolverConfigurationEnhancer","ConfigurationParameterResolverConfigurationEnhancer",0,0.0017049166664003267,0,4,""
"org.axonframework.messaging.core.correlation.MultiCorrelationDataProvider","MultiCorrelationDataProvider",0,0.018239235873235175,0,2,""
"org.axonframework.messaging.core.correlation.SimpleCorrelationDataProvider","SimpleCorrelationDataProvider",0,0.020525332235394253,0,3,""
"org.axonframework.messaging.core.interception.BeanValidationInterceptor","BeanValidationInterceptor",0,0.06900175091057936,0,9,""
"org.axonframework.messaging.core.interception.LoggingInterceptor","LoggingInterceptor",0,0.08062893391952158,0,10,""
"org.axonframework.messaging.core.interception.annotation.ExceptionHandler","ExceptionHandler",0,0.01786837055748923,0,3,""
"org.axonframework.messaging.core.interception.annotation.MessageHandlerInterceptorDefinition","MessageHandlerInterceptorDefinition",0,0.0029175438147723883,0,5,""
"org.axonframework.messaging.core.reflection.ClasspathParameterResolverConfigurationEnhancer","ClasspathParameterResolverConfigurationEnhancer",0,0.007425441374039216,0,6,""
"org.axonframework.messaging.core.reflection.HierarchicalParameterResolverFactoryConfigurationEnhancer","HierarchicalParameterResolverFactoryConfigurationEnhancer",0,0.006933054377884151,0,5,""
"org.axonframework.messaging.core.retry.AxonNonTransientExceptionClassesPredicate","AxonNonTransientExceptionClassesPredicate",0,1.7899176219180756e-06,0,2,""
"org.axonframework.messaging.core.retry.ExponentialBackOffRetryPolicy","ExponentialBackOffRetryPolicy",0,0.02778610613479872,0,4,""
"org.axonframework.messaging.core.retry.FilteringRetryPolicy","FilteringRetryPolicy",0,0.02778610613479872,0,4,""
"org.axonframework.messaging.core.retry.MaxAttemptsPolicy","MaxAttemptsPolicy",0,0.02778610613479872,0,4,""
"org.axonframework.messaging.core.sequencing.FallbackSequencingPolicy","FallbackSequencingPolicy",0,0.04076612354246263,0,3,""
"org.axonframework.messaging.core.sequencing.FullConcurrencyPolicy","FullConcurrencyPolicy",0,0.04076612354246263,0,3,""
"org.axonframework.messaging.core.sequencing.MetadataSequencingPolicy","MetadataSequencingPolicy",0,0.0442750655546793,0,5,""
"org.axonframework.messaging.core.sequencing.PropertySequencingPolicy","PropertySequencingPolicy",0,0.0014946089725060517,0,4,""
"org.axonframework.messaging.core.unitofwork.annotation.ProcessingContextParameterResolverFactory","ProcessingContextParameterResolverFactory",0,0.025884836194113345,0,5,""
"org.axonframework.messaging.eventhandling.DelegatingEventBus","DelegatingEventBus",0,0.052055008698892666,0,6,""
"org.axonframework.messaging.eventhandling.TransactionMethodExecutionException","TransactionMethodExecutionException",0,9.16335929097056e-05,0,1,""
"org.axonframework.messaging.eventhandling.annotation.Event","Event",0,0.01183073963807431,0,2,""
"org.axonframework.messaging.eventhandling.annotation.EventAppenderParameterResolverFactoryConfigurationEnhancer","EventAppenderParameterResolverFactoryConfigurationEnhancer",0,0.0072169746410834,0,6,""
"org.axonframework.messaging.eventhandling.annotation.MethodEventHandlerDefinition","MethodEventHandlerDefinition",0,0.0028841208050883397,0,4,""
"org.axonframework.messaging.eventhandling.annotation.MethodSequencingPolicyEventHandlerDefinition","MethodSequencingPolicyEventHandlerDefinition",0,0.014901447357339795,0,5,""
"org.axonframework.messaging.eventhandling.annotation.SequenceNumberParameterResolverFactory","SequenceNumberParameterResolverFactory",0,0.0023514092976238345,0,5,""
"org.axonframework.messaging.eventhandling.annotation.TimestampParameterResolverFactory","TimestampParameterResolverFactory",0,0.0023514092976238345,0,5,""
"org.axonframework.messaging.eventhandling.configuration.EventHandlingComponentsConfigurer","EventHandlingComponentsConfigurer",0,0.0003086885940782008,0,4,""
"org.axonframework.messaging.eventhandling.configuration.SubscribableEventSourceDefinition","SubscribableEventSourceDefinition",0,0.0037078288677350442,0,2,""
"org.axonframework.messaging.eventhandling.processing.streaming.segmenting.AddedTrackerStatus","AddedTrackerStatus",0,0.0002379724972818706,0,2,""
"org.axonframework.messaging.eventhandling.processing.streaming.segmenting.EventTrackerStatusChangeListener","EventTrackerStatusChangeListener",0,0.00023715093353420604,0,1,""
"org.axonframework.messaging.eventhandling.processing.streaming.segmenting.RemovedTrackerStatus","RemovedTrackerStatus",0,0.0002379724972818706,0,2,""
"org.axonframework.messaging.eventhandling.processing.streaming.segmenting.SequenceOverridingEventHandlingComponent","SequenceOverridingEventHandlingComponent",0,0.0832996968082517,0,9,""
"org.axonframework.messaging.eventhandling.processing.streaming.token.annotation.TrackingTokenParameterResolverFactory","TrackingTokenParameterResolverFactory",0,0.007515160855287039,0,4,""
"org.axonframework.messaging.eventhandling.processing.streaming.token.store.jdbc.JdbcTokenStore","JdbcTokenStore",0,0.04080152970526864,0,21,""
"org.axonframework.messaging.eventhandling.processing.streaming.token.store.jdbc.Oracle11TokenTableFactory","Oracle11TokenTableFactory",0,0.0001443487926602896,0,2,""
"org.axonframework.messaging.eventhandling.processing.streaming.token.store.jdbc.PostgresTokenTableFactory","PostgresTokenTableFactory",0,2.729160803116429e-57,0,1,""
"org.axonframework.messaging.eventhandling.replay.GenericResetContext","GenericResetContext",0,0.030007779534664585,0,8,""
"org.axonframework.messaging.eventhandling.replay.annotation.DisallowReplay","DisallowReplay",0,2.635597539240972e-05,0,1,""
"org.axonframework.messaging.eventhandling.replay.annotation.ReplayAwareMessageHandlerWrapper","ReplayAwareMessageHandlerWrapper",0,0.015242081320969452,0,6,""
"org.axonframework.messaging.eventhandling.replay.annotation.ReplayContextParameterResolverFactory","ReplayContextParameterResolverFactory",0,0.004122463107648529,0,4,""
"org.axonframework.messaging.eventhandling.replay.annotation.ReplayParameterResolverFactory","ReplayParameterResolverFactory",0,0.0042212805842808355,0,4,""
"org.axonframework.messaging.eventhandling.replay.annotation.ResetHandler","ResetHandler",0,0.000232401037032762,0,2,""
"org.axonframework.messaging.eventhandling.tracing.TracingEventHandlingComponent","TracingEventHandlingComponent",0,0.07505237017033789,0,9,""
"org.axonframework.messaging.queryhandling.CompletedEmitterException","CompletedEmitterException",0,1.7868279131378846e-06,0,1,""
"org.axonframework.messaging.queryhandling.annotation.MethodQueryHandlerDefinition","MethodQueryHandlerDefinition",0,0.002876556777158927,0,3,""
"org.axonframework.messaging.queryhandling.annotation.Query","Query",0,0.003951701759186525,0,2,""
"org.axonframework.messaging.queryhandling.annotation.QueryResponse","QueryResponse",0,0.002331852360289661,0,2,""
"org.axonframework.messaging.queryhandling.distributed.DistributedQueryBusConfigurationEnhancer","DistributedQueryBusConfigurationEnhancer",0,0.015020087332681176,0,12,""
"org.axonframework.messaging.tracing.MultiSpanFactory","MultiSpanFactory",0,0.019382588058671574,0,5,""
"org.axonframework.messaging.tracing.NoOpSpanFactory","NoOpSpanFactory",0,0.019436129696468088,0,5,""
"org.axonframework.messaging.tracing.attributes.AggregateIdentifierSpanAttributesProvider","AggregateIdentifierSpanAttributesProvider",0,0.018117606090507332,0,2,""
"org.axonframework.messaging.tracing.attributes.MessageIdSpanAttributesProvider","MessageIdSpanAttributesProvider",0,0.018117606090507332,0,2,""
"org.axonframework.messaging.tracing.attributes.MessageNameSpanAttributesProvider","MessageNameSpanAttributesProvider",0,0.02368633641269419,0,3,""
"org.axonframework.messaging.tracing.attributes.MessageTypeSpanAttributesProvider","MessageTypeSpanAttributesProvider",0,0.018117606090507332,0,2,""
"org.axonframework.messaging.tracing.attributes.MetadataSpanAttributesProvider","MetadataSpanAttributesProvider",0,0.020403702452666414,0,3,""
"org.axonframework.messaging.tracing.attributes.PayloadTypeSpanAttributesProvider","PayloadTypeSpanAttributesProvider",0,0.018117606090507332,0,2,""
"org.axonframework.modelling.HierarchicalStateManagerConfigurationEnhancer","HierarchicalStateManagerConfigurationEnhancer",0,0.005153032475536521,0,5,""
"org.axonframework.modelling.PayloadBasedEntityEvolver","PayloadBasedEntityEvolver",0,0.034059204980563085,0,3,""
"org.axonframework.modelling.SimpleEntityEvolvingComponent","SimpleEntityEvolvingComponent",0,0.05827385666471456,0,8,""
"org.axonframework.modelling.annotation.AnnotationBasedEntityIdResolverDefinition","AnnotationBasedEntityIdResolverDefinition",0,0.004476154589794517,0,5,""
"org.axonframework.modelling.annotation.InjectEntityParameterResolverFactoryConfigurationEnhancer","InjectEntityParameterResolverFactoryConfigurationEnhancer",0,0.0017049166664003267,0,4,""
"org.axonframework.modelling.entity.annotation.ListEntityChildModelDefinition","ListEntityChildModelDefinition",0,0.004796688837812888,0,11,""
"org.axonframework.modelling.entity.annotation.SingleEntityChildModelDefinition","SingleEntityChildModelDefinition",0,0.0035969922786864535,0,10,""
"org.axonframework.modelling.repository.InMemoryRepository","InMemoryRepository",0,0.03496675326246305,0,6,""
"org.axonframework.test.FixtureResourceParameterResolverFactory","FixtureResourceParameterResolverFactory",0,0.004373322086090059,0,4,""
"org.axonframework.test.extension.AxonFrameworkExtension","AxonFrameworkExtension",0,8.92215045139823e-05,0,3,""
"org.axonframework.test.fixture.AxonTestPhase","AxonTestPhase",0,0.0018879861091878943,0,12,""
"org.axonframework.test.matchers.NonStaticFieldsFilter","NonStaticFieldsFilter",0,8.437595126268302e-05,0,1,""
"org.axonframework.test.matchers.NonTransientFieldsFilter","NonTransientFieldsFilter",0,0.001025565142080637,0,2,""
"org.axonframework.update.UpdateCheckerConfigurationEnhancer","UpdateCheckerConfigurationEnhancer",0,0.0142892014773649,0,12,""
