"codeUnitName","shortCodeUnitName","propertyName","propertyValue","Source Cypher File: Dependencies_Projection/Dependencies_8_Stream_Mutated_Value_Descending.cypher"
"org.axonframework.serialization.SerializedType","SerializedType","centralityPageRank",0.5810696995857351,""
"org.axonframework.serialization.SimpleSerializedType","SimpleSerializedType","centralityPageRank",0.4997441226286881,""
"org.axonframework.messaging.Message","Message","centralityPageRank",0.34441167537129885,""
"org.axonframework.messaging.MetaData","MetaData","centralityPageRank",0.2432782991134618,""
"org.axonframework.serialization.SerializedObject","SerializedObject","centralityPageRank",0.21012903107683917,""
"org.axonframework.serialization.Serializer","Serializer","centralityPageRank",0.2015944362836153,""
"org.axonframework.common.Assert","Assert","centralityPageRank",0.17143511390636365,""
"org.axonframework.messaging.MetaData$MetaDataCollector","MetaData$MetaDataCollector","centralityPageRank",0.15633738620127302,""
"org.axonframework.common.AxonException","AxonException","centralityPageRank",0.1316301447845583,""
"org.axonframework.messaging.MetaData$1","MetaData$1","centralityPageRank",0.10610194097191214,""
"org.axonframework.eventhandling.EventMessage","EventMessage","centralityPageRank",0.09791442517197248,""
"org.axonframework.common.AxonNonTransientException","AxonNonTransientException","centralityPageRank",0.08909989638241175,""
"org.axonframework.eventsourcing.eventstore.jdbc.EventSchema","EventSchema","centralityPageRank",0.08189598850357296,""
"org.axonframework.eventsourcing.eventstore.jdbc.EventSchema$Builder","EventSchema$Builder","centralityPageRank",0.0645385441358791,""
"org.axonframework.messaging.annotation.MessageHandlingMember","MessageHandlingMember","centralityPageRank",0.05214873029754572,""
"org.axonframework.common.AxonConfigurationException","AxonConfigurationException","centralityPageRank",0.05161902119820899,""
"org.axonframework.eventhandling.TrackingToken","TrackingToken","centralityPageRank",0.04830500138898287,""
"org.axonframework.commandhandling.CommandMessage","CommandMessage","centralityPageRank",0.04668172997458796,""
"org.axonframework.common.BuilderUtils","BuilderUtils","centralityPageRank",0.044786790571090467,""
"org.axonframework.serialization.Converter","Converter","centralityPageRank",0.03747904571378622,""
"org.axonframework.eventhandling.DomainEventMessage","DomainEventMessage","centralityPageRank",0.03243559359591688,""
"org.axonframework.tracing.Span","Span","centralityPageRank",0.026935416914375745,""
"org.axonframework.eventhandling.tokenstore.jdbc.TokenSchema","TokenSchema","centralityPageRank",0.026639608773393993,""
"org.axonframework.tracing.SpanScope","SpanScope","centralityPageRank",0.026350287979521016,""
"org.axonframework.common.TypeReflectionUtils$VarMap","TypeReflectionUtils$VarMap","centralityPageRank",0.024235140987934212,""
"org.axonframework.modelling.saga.AssociationValue","AssociationValue","centralityPageRank",0.02392912171101266,""
"org.axonframework.config.Configuration","Configuration","centralityPageRank",0.022873837852370033,""
"org.axonframework.modelling.saga.repository.jdbc.SagaSchema","SagaSchema","centralityPageRank",0.022657604662509188,""
"org.axonframework.messaging.ResultMessage","ResultMessage","centralityPageRank",0.021946267854206974,""
"org.axonframework.common.AxonTransientException","AxonTransientException","centralityPageRank",0.021833168631379782,""
"org.axonframework.springboot.autoconfig.XStreamAutoConfiguration$XStreamConfiguredCondition","XStreamAutoConfiguration$XStreamConfiguredCondition","centralityPageRank",0.021061008349064936,""
"org.axonframework.messaging.annotation.ParameterResolver","ParameterResolver","centralityPageRank",0.020915623402529723,""
"org.axonframework.eventhandling.tokenstore.jdbc.TokenSchema$Builder","TokenSchema$Builder","centralityPageRank",0.020882584386438356,""
"org.axonframework.modelling.saga.repository.jdbc.SagaSchema$Builder","SagaSchema$Builder","centralityPageRank",0.02051657813870864,""
"org.axonframework.messaging.unitofwork.RollbackConfigurationType","RollbackConfigurationType","centralityPageRank",0.0195237973997707,""
"org.axonframework.commandhandling.distributed.CommandMessageFilter","CommandMessageFilter","centralityPageRank",0.019360000138534266,""
"org.axonframework.common.transaction.Transaction","Transaction","centralityPageRank",0.018775201819573435,""
"org.axonframework.common.stream.StreamUtils","StreamUtils","centralityPageRank",0.0186873926334453,""
"org.axonframework.eventhandling.TrackedEventMessage","TrackedEventMessage","centralityPageRank",0.01802118683958712,""
"org.axonframework.common.stream.BlockingStream","BlockingStream","centralityPageRank",0.01780765757723641,""
"org.axonframework.messaging.unitofwork.UnitOfWork","UnitOfWork","centralityPageRank",0.016893421344878083,""
"org.axonframework.messaging.ScopeDescriptor","ScopeDescriptor","centralityPageRank",0.016724246657649426,""
"org.axonframework.serialization.SimpleSerializedObject","SimpleSerializedObject","centralityPageRank",0.01668943534217687,""
"org.axonframework.tracing.SpanFactory","SpanFactory","centralityPageRank",0.01653909321974017,""
"org.axonframework.common.Registration","Registration","centralityPageRank",0.01619320211707058,""
"org.axonframework.serialization.ContentTypeConverter","ContentTypeConverter","centralityPageRank",0.01547729792287268,""
"org.axonframework.common.transaction.TransactionManager","TransactionManager","centralityPageRank",0.015364973936524086,""
"org.axonframework.queryhandling.QueryMessage","QueryMessage","centralityPageRank",0.015287036725548871,""
"org.axonframework.springboot.autoconfig.AvroSerializerAutoConfiguration$AvroConfiguredCondition","AvroSerializerAutoConfiguration$AvroConfiguredCondition","centralityPageRank",0.014175678696486007,""
"org.axonframework.common.IdentifierFactory","IdentifierFactory","centralityPageRank",0.01372302957566183,""
"org.axonframework.commandhandling.CommandCallback","CommandCallback","centralityPageRank",0.013637971717868744,""
"org.axonframework.axonserver.connector.AxonServerConfiguration$Eventhandling","AxonServerConfiguration$Eventhandling","centralityPageRank",0.013055838872120818,""
"org.axonframework.common.DefaultIdentifierFactory","DefaultIdentifierFactory","centralityPageRank",0.012923039299647611,""
"org.axonframework.messaging.annotation.HasHandlerAttributes","HasHandlerAttributes","centralityPageRank",0.01275545324534048,""
"org.axonframework.deadline.DeadlineMessage","DeadlineMessage","centralityPageRank",0.012750147419207642,""
"org.axonframework.axonserver.connector.AxonServerConfiguration$Eventhandling$ProcessorSettings","AxonServerConfiguration$Eventhandling$ProcessorSettings","centralityPageRank",0.012585572076513275,""
"org.axonframework.messaging.deadletter.DeadLetter","DeadLetter","centralityPageRank",0.012525714394546925,""
"org.axonframework.messaging.annotation.ParameterResolverFactory","ParameterResolverFactory","centralityPageRank",0.012522054008434884,""
"org.axonframework.commandhandling.CommandResultMessage","CommandResultMessage","centralityPageRank",0.012256521928318592,""
"org.axonframework.eventhandling.Segment","Segment","centralityPageRank",0.012250114376531259,""
"org.axonframework.common.caching.Cache$EntryListener","Cache$EntryListener","centralityPageRank",0.01224445695375948,""
"org.axonframework.messaging.MessageHandler","MessageHandler","centralityPageRank",0.011976945779891304,""
"org.axonframework.common.ReflectionUtils","ReflectionUtils","centralityPageRank",0.011665909608335282,""
"org.axonframework.serialization.avro.AvroSerializerStrategyConfig","AvroSerializerStrategyConfig","centralityPageRank",0.011210484966856806,""
"org.axonframework.serialization.avro.AvroSerializerStrategyConfig$Builder","AvroSerializerStrategyConfig$Builder","centralityPageRank",0.010984810430477597,""
"org.axonframework.common.StringUtils","StringUtils","centralityPageRank",0.01087331250018377,""
"org.axonframework.serialization.upcasting.Upcaster","Upcaster","centralityPageRank",0.010872257484196615,""
"org.axonframework.common.stream.StreamUtils$1","StreamUtils$1","centralityPageRank",0.010789152579641028,""
"org.axonframework.modelling.command.inspection.EntityModel","EntityModel","centralityPageRank",0.010723942207680038,""
"org.axonframework.axonserver.connector.AxonServerConfiguration","AxonServerConfiguration","centralityPageRank",0.010543610784670372,""
"org.axonframework.messaging.responsetypes.ResponseType","ResponseType","centralityPageRank",0.010388909936131794,""
"org.axonframework.eventhandling.EventData","EventData","centralityPageRank",0.010366242595663901,""
"org.axonframework.springboot.DistributedCommandBusProperties$JGroupsProperties","DistributedCommandBusProperties$JGroupsProperties","centralityPageRank",0.010334631189537534,""
"org.axonframework.eventsourcing.eventstore.jdbc.EventSchema$1","EventSchema$1","centralityPageRank",0.010199221926665268,""
"org.axonframework.springboot.DistributedCommandBusProperties$JGroupsProperties$Gossip","DistributedCommandBusProperties$JGroupsProperties$Gossip","centralityPageRank",0.01004304928575394,""
"org.axonframework.eventsourcing.eventstore.DomainEventStream","DomainEventStream","centralityPageRank",0.00992079284030473,""
"org.axonframework.springboot.autoconfig.AvroSerializerAutoConfiguration$OnMissingDefaultSchemaStoreCondition","AvroSerializerAutoConfiguration$OnMissingDefaultSchemaStoreCondition","centralityPageRank",0.009677263323467791,""
"org.axonframework.springboot.autoconfig.AvroSerializerAutoConfiguration$OnMissingDefaultSchemaStoreCondition$SchemaStoreIsMissingCondition","AvroSerializerAutoConfiguration$OnMissingDefaultSchemaStoreCondition$SchemaStoreIsMissingCondition","centralityPageRank",0.009484349953600132,""
"org.axonframework.eventhandling.DomainEventData","DomainEventData","centralityPageRank",0.009212906335390047,""
"org.axonframework.common.ExceptionUtils","ExceptionUtils","centralityPageRank",0.009200276207095575,""
"org.axonframework.modelling.command.Aggregate","Aggregate","centralityPageRank",0.009176167350592764,""
"org.axonframework.messaging.unitofwork.RollbackConfigurationType$1","RollbackConfigurationType$1","centralityPageRank",0.009070283253203167,""
"org.axonframework.common.TypeReflectionUtils","TypeReflectionUtils","centralityPageRank",0.009064644599452071,""
"org.axonframework.common.TypeReflectionUtils$VarMap$ParameterizedTypeImpl","TypeReflectionUtils$VarMap$ParameterizedTypeImpl","centralityPageRank",0.008983457468442714,""
"org.axonframework.common.TypeReflectionUtils$VarMap$UnresolvedTypeVariableException","TypeReflectionUtils$VarMap$UnresolvedTypeVariableException","centralityPageRank",0.008983457468442714,""
"org.axonframework.lifecycle.Lifecycle$LifecycleHandler","Lifecycle$LifecycleHandler","centralityPageRank",0.008888228630316212,""
"org.axonframework.commandhandling.gateway.CommandGatewayFactory$InvocationHandler","CommandGatewayFactory$InvocationHandler","centralityPageRank",0.008840662861743339,""
"org.axonframework.eventhandling.scheduling.ScheduleToken","ScheduleToken","centralityPageRank",0.00881851323889421,""
"org.axonframework.monitoring.MessageMonitor$MonitorCallback","MessageMonitor$MonitorCallback","centralityPageRank",0.008719167429503079,""
"org.axonframework.eventhandling.tokenstore.jdbc.TokenSchema$1","TokenSchema$1","centralityPageRank",0.008715433260200483,""
"org.axonframework.axonserver.connector.util.ContextAddingInterceptor","ContextAddingInterceptor","centralityPageRank",0.008392001788319722,""
"org.axonframework.axonserver.connector.util.ContextAddingInterceptor$1","ContextAddingInterceptor$1","centralityPageRank",0.008392001788319722,""
"org.axonframework.axonserver.connector.util.TokenAddingInterceptor","TokenAddingInterceptor","centralityPageRank",0.008392001788319722,""
"org.axonframework.axonserver.connector.util.TokenAddingInterceptor$1","TokenAddingInterceptor$1","centralityPageRank",0.008392001788319722,""
"org.axonframework.test.matchers.FieldFilter","FieldFilter","centralityPageRank",0.008222854368621179,""
"org.axonframework.common.lock.Lock","Lock","centralityPageRank",0.008217638318122849,""
"org.axonframework.messaging.MessageDispatchInterceptor","MessageDispatchInterceptor","centralityPageRank",0.008149405002871977,""
"org.axonframework.messaging.RemoteExceptionDescription","RemoteExceptionDescription","centralityPageRank",0.007944001700934187,""
"org.axonframework.common.lock.PessimisticLockFactory","PessimisticLockFactory","centralityPageRank",0.0077501610280756575,""
"org.axonframework.axonserver.connector.ErrorCode","ErrorCode","centralityPageRank",0.007454028089589206,""
"org.axonframework.common.property.Property","Property","centralityPageRank",0.007425396278039365,""
"org.axonframework.axonserver.connector.util.GrpcMessageSizeInterceptor$1","GrpcMessageSizeInterceptor$1","centralityPageRank",0.0073368356077765165,""
"org.axonframework.springboot.autoconfig.AvroSerializerAutoConfiguration$AvroConfiguredCondition$EventsAvroCondition","AvroSerializerAutoConfiguration$AvroConfiguredCondition$EventsAvroCondition","centralityPageRank",0.007283370609557927,""
"org.axonframework.springboot.autoconfig.AvroSerializerAutoConfiguration$AvroConfiguredCondition$MessagesAvroCondition","AvroSerializerAutoConfiguration$AvroConfiguredCondition$MessagesAvroCondition","centralityPageRank",0.007283370609557927,""
"org.axonframework.serialization.upcasting.event.IntermediateEventRepresentation","IntermediateEventRepresentation","centralityPageRank",0.007252527157633883,""
"org.axonframework.commandhandling.WrappedCommandCallback","WrappedCommandCallback","centralityPageRank",0.00705531060318035,""
"org.axonframework.eventsourcing.SnapshotTrigger","SnapshotTrigger","centralityPageRank",0.00688731828895338,""
"org.axonframework.axonserver.connector.AxonServerConnectionManager","AxonServerConnectionManager","centralityPageRank",0.006883944717074756,""
"org.axonframework.messaging.timeout.TaskTimeoutSettings","TaskTimeoutSettings","centralityPageRank",0.006787287210487959,""
"org.axonframework.lifecycle.Lifecycle$LifecycleRegistry","Lifecycle$LifecycleRegistry","centralityPageRank",0.006765630932524619,""
"org.axonframework.serialization.CannotConvertBetweenTypesException","CannotConvertBetweenTypesException","centralityPageRank",0.006741071292118545,""
"org.axonframework.config.EventProcessingModule","EventProcessingModule","centralityPageRank",0.006665760647531896,""
"org.axonframework.eventhandling.EventTrackerStatus","EventTrackerStatus","centralityPageRank",0.006636317115620573,""
"org.axonframework.monitoring.MessageMonitor","MessageMonitor","centralityPageRank",0.006359999696158584,""
"org.axonframework.axonserver.connector.AxonServerConfiguration$FlowControlConfiguration","AxonServerConfiguration$FlowControlConfiguration","centralityPageRank",0.0063535218810697874,""
"org.axonframework.common.AxonThreadFactory","AxonThreadFactory","centralityPageRank",0.00633988808857299,""
"org.axonframework.messaging.annotation.HandlerEnhancerDefinition","HandlerEnhancerDefinition","centralityPageRank",0.006319391483235044,""
"org.axonframework.commandhandling.distributed.commandfilter.OrCommandMessageFilter","OrCommandMessageFilter","centralityPageRank",0.006316123530231173,""
"org.axonframework.serialization.SerializationException","SerializationException","centralityPageRank",0.006313075538035289,""
"org.axonframework.modelling.command.inspection.AggregateModel","AggregateModel","centralityPageRank",0.006273586717055169,""
"org.axonframework.modelling.command.Repository","Repository","centralityPageRank",0.0062078044312001935,""
"org.axonframework.commandhandling.distributed.commandfilter.AndCommandMessageFilter","AndCommandMessageFilter","centralityPageRank",0.006179969876599373,""
"org.axonframework.eventhandling.TrackingEventProcessor","TrackingEventProcessor","centralityPageRank",0.0061531538845511725,""
"org.axonframework.commandhandling.gateway.CommandGatewayFactory","CommandGatewayFactory","centralityPageRank",0.006096485967790548,""
"org.axonframework.eventhandling.deadletter.jdbc.DeadLetterSchema$Builder","DeadLetterSchema$Builder","centralityPageRank",0.006067262957735416,""
"org.axonframework.eventhandling.EventBus","EventBus","centralityPageRank",0.0060672445061208755,""
"org.axonframework.serialization.RevisionResolver","RevisionResolver","centralityPageRank",0.0060013068054181615,""
"org.axonframework.commandhandling.distributed.commandfilter.NegateCommandMessageFilter","NegateCommandMessageFilter","centralityPageRank",0.005960886262902691,""
"org.axonframework.queryhandling.QueryResponseMessage","QueryResponseMessage","centralityPageRank",0.0059127843114824994,""
"org.axonframework.messaging.HandlerExecutionException","HandlerExecutionException","centralityPageRank",0.005909254355127001,""
"org.axonframework.queryhandling.QuerySubscription","QuerySubscription","centralityPageRank",0.005900822697965226,""
"org.axonframework.messaging.InterceptorChain","InterceptorChain","centralityPageRank",0.005897216765986184,""
"org.axonframework.messaging.unitofwork.CurrentUnitOfWork","CurrentUnitOfWork","centralityPageRank",0.005877631675926374,""
"org.axonframework.axonserver.connector.util.GrpcMessageSizeInterceptor","GrpcMessageSizeInterceptor","centralityPageRank",0.005873216213137531,""
"org.axonframework.test.matchers.ListMatcher","ListMatcher","centralityPageRank",0.005858427761718123,""
"org.axonframework.messaging.annotation.MessageHandler","MessageHandler","centralityPageRank",0.005811956366996477,""
"org.axonframework.messaging.unitofwork.UnitOfWork$Phase","UnitOfWork$Phase","centralityPageRank",0.005797017757446716,""
"org.axonframework.messaging.MessageHandlerInterceptor","MessageHandlerInterceptor","centralityPageRank",0.0057355482543388165,""
"org.axonframework.springboot.autoconfig.XStreamAutoConfiguration$XStreamConfiguredCondition$EventsXStreamCondition","XStreamAutoConfiguration$XStreamConfiguredCondition$EventsXStreamCondition","centralityPageRank",0.0057342379410823706,""
"org.axonframework.springboot.autoconfig.XStreamAutoConfiguration$XStreamConfiguredCondition$GeneralDefaultCondition","XStreamAutoConfiguration$XStreamConfiguredCondition$GeneralDefaultCondition","centralityPageRank",0.0057342379410823706,""
"org.axonframework.springboot.autoconfig.XStreamAutoConfiguration$XStreamConfiguredCondition$GeneralXStreamCondition","XStreamAutoConfiguration$XStreamConfiguredCondition$GeneralXStreamCondition","centralityPageRank",0.0057342379410823706,""
"org.axonframework.springboot.autoconfig.XStreamAutoConfiguration$XStreamConfiguredCondition$MessagesXStreamCondition","XStreamAutoConfiguration$XStreamConfiguredCondition$MessagesXStreamCondition","centralityPageRank",0.0057342379410823706,""
"org.axonframework.messaging.deadletter.Cause","Cause","centralityPageRank",0.005684145086355544,""
"org.axonframework.messaging.annotation.WrappedMessageHandlingMember","WrappedMessageHandlingMember","centralityPageRank",0.005674156876385585,""
"org.axonframework.eventhandling.deadletter.jdbc.DeadLetterSchema","DeadLetterSchema","centralityPageRank",0.0056565768100477285,""
"org.axonframework.messaging.annotation.HandlerDefinition","HandlerDefinition","centralityPageRank",0.00560353986556455,""
"org.axonframework.test.saga.FixtureExecutionResult","FixtureExecutionResult","centralityPageRank",0.005551315899350619,""
"org.axonframework.common.ObjectUtils","ObjectUtils","centralityPageRank",0.005544332980207405,""
"org.axonframework.eventhandling.async.EventProcessorTask","EventProcessorTask","centralityPageRank",0.0055406799319694675,""
"org.axonframework.axonserver.connector.PriorityTask","PriorityTask","centralityPageRank",0.005523543685434471,""
"org.axonframework.eventhandling.GenericEventMessage","GenericEventMessage","centralityPageRank",0.005480843635951425,""
"org.axonframework.eventsourcing.EventSourcedAggregate","EventSourcedAggregate","centralityPageRank",0.005415973656393959,""
"org.axonframework.config.EventProcessingModule$1","EventProcessingModule$1","centralityPageRank",0.005337485052477994,""
"org.axonframework.eventsourcing.eventstore.EmbeddedEventStore","EmbeddedEventStore","centralityPageRank",0.0052952117435987045,""
"org.axonframework.eventsourcing.eventstore.legacyjpa.EmbeddedEventStore","EmbeddedEventStore","centralityPageRank",0.005292464909394366,""
"org.axonframework.common.annotation.AnnotationUtils","AnnotationUtils","centralityPageRank",0.005247244405131067,""
"org.axonframework.eventsourcing.AbstractSnapshotter","AbstractSnapshotter","centralityPageRank",0.005221577621674258,""
"org.axonframework.modelling.saga.repository.SagaStore$Entry","SagaStore$Entry","centralityPageRank",0.005212560153645129,""
"org.axonframework.commandhandling.distributed.Member","Member","centralityPageRank",0.005186762060497179,""
"org.axonframework.commandhandling.CommandBus","CommandBus","centralityPageRank",0.005152353578582662,""
"org.axonframework.disruptor.commandhandling.CommandHandlingEntry","CommandHandlingEntry","centralityPageRank",0.005132696797064367,""
"org.axonframework.common.io.IOUtils","IOUtils","centralityPageRank",0.0051214151162947185,""
"org.axonframework.queryhandling.SubscriptionQueryUpdateMessage","SubscriptionQueryUpdateMessage","centralityPageRank",0.005070606667907294,""
"org.axonframework.axonserver.connector.util.GrpcSerializedObject","GrpcSerializedObject","centralityPageRank",0.0050085811585927785,""
"org.axonframework.commandhandling.gateway.CommandGatewayFactory$1","CommandGatewayFactory$1","centralityPageRank",0.00495688269361339,""
"org.axonframework.messaging.StreamableMessageSource","StreamableMessageSource","centralityPageRank",0.00491098091813222,""
"org.axonframework.axonserver.connector.util.GrpcMetaDataConverter","GrpcMetaDataConverter","centralityPageRank",0.004900639935871022,""
"org.axonframework.eventhandling.async.SequencingPolicy","SequencingPolicy","centralityPageRank",0.004859526702391938,""
"org.axonframework.axonserver.connector.event.axon.PersistentStreamConnection","PersistentStreamConnection","centralityPageRank",0.0048157207959574405,""
"org.axonframework.messaging.unitofwork.RollbackConfigurationType$2","RollbackConfigurationType$2","centralityPageRank",0.004815244752194651,""
"org.axonframework.messaging.unitofwork.RollbackConfigurationType$3","RollbackConfigurationType$3","centralityPageRank",0.004815244752194651,""
"org.axonframework.messaging.unitofwork.RollbackConfigurationType$4","RollbackConfigurationType$4","centralityPageRank",0.004815244752194651,""
"org.axonframework.eventhandling.EventMessageHandler","EventMessageHandler","centralityPageRank",0.0048149820331020035,""
"org.axonframework.messaging.unitofwork.RollbackConfiguration","RollbackConfiguration","centralityPageRank",0.004811977376890647,""
"org.axonframework.springboot.util.AbstractQualifiedBeanCondition","AbstractQualifiedBeanCondition","centralityPageRank",0.00480742552606947,""
"org.axonframework.modelling.saga.ResourceInjector","ResourceInjector","centralityPageRank",0.004665792532586443,""
"org.axonframework.queryhandling.SubscriptionQueryMessage","SubscriptionQueryMessage","centralityPageRank",0.004664742308582344,""
"org.axonframework.springboot.SerializerProperties$SerializerType","SerializerProperties$SerializerType","centralityPageRank",0.004639469250410005,""
"org.axonframework.tracing.SpanAttributesProvider","SpanAttributesProvider","centralityPageRank",0.004632246113914525,""
"org.axonframework.eventhandling.async.MetaDataSequencingPolicy","MetaDataSequencingPolicy","centralityPageRank",0.0046063383766760556,""
"org.axonframework.test.aggregate.StubAggregateLifecycle","StubAggregateLifecycle","centralityPageRank",0.0045529619348900945,""
"org.axonframework.eventsourcing.eventstore.jdbc.AbstractEventTableFactory","AbstractEventTableFactory","centralityPageRank",0.004529523971415033,""
"org.axonframework.messaging.GenericMessage","GenericMessage","centralityPageRank",0.0045135268077096955,""
"org.axonframework.serialization.upcasting.event.EventUpcaster","EventUpcaster","centralityPageRank",0.004512700002538848,""
"org.axonframework.common.lock.PessimisticLockFactory$1","PessimisticLockFactory$1","centralityPageRank",0.004499035672752644,""
"org.axonframework.lifecycle.ShutdownLatch","ShutdownLatch","centralityPageRank",0.004484397392232134,""
"org.axonframework.modelling.saga.AbstractResourceInjector","AbstractResourceInjector","centralityPageRank",0.004471371557384822,""
"org.axonframework.config.ModuleConfiguration","ModuleConfiguration","centralityPageRank",0.004441656557959653,""
"org.axonframework.serialization.avro.AvroUtil","AvroUtil","centralityPageRank",0.004429714702904272,""
"org.axonframework.test.saga.ContinuedGivenState","ContinuedGivenState","centralityPageRank",0.004380704244894352,""
"org.axonframework.common.jpa.EntityManagerProvider","EntityManagerProvider","centralityPageRank",0.004359553994960304,""
"org.axonframework.common.lock.PessimisticLockFactory$DisposableLock","PessimisticLockFactory$DisposableLock","centralityPageRank",0.004299620402419762,""
"org.axonframework.axonserver.connector.AxonServerConnectionManager$Builder","AxonServerConnectionManager$Builder","centralityPageRank",0.00428351123173866,""
"org.axonframework.modelling.command.AggregateCreationPolicy","AggregateCreationPolicy","centralityPageRank",0.004273705547822569,""
"org.axonframework.common.legacyjpa.EntityManagerProvider","EntityManagerProvider","centralityPageRank",0.0042689784427732995,""
"org.axonframework.modelling.saga.repository.AssociationValueMap$SagaAssociationValue","AssociationValueMap$SagaAssociationValue","centralityPageRank",0.004213828727319665,""
"org.axonframework.serialization.LazyDeserializingObject","LazyDeserializingObject","centralityPageRank",0.004192182464519498,""
"org.axonframework.commandhandling.gateway.AbstractRetryScheduler$Builder","AbstractRetryScheduler$Builder","centralityPageRank",0.004159227086405711,""
"org.axonframework.axonserver.connector.event.util.EventStoreClientException","EventStoreClientException","centralityPageRank",0.004151542981623974,""
"org.axonframework.common.jdbc.PersistenceExceptionResolver","PersistenceExceptionResolver","centralityPageRank",0.004149775819089715,""
"org.axonframework.eventsourcing.eventstore.EventStorageEngine","EventStorageEngine","centralityPageRank",0.004145924838841779,""
"org.axonframework.modelling.command.ApplyMore","ApplyMore","centralityPageRank",0.004128121844024257,""
"org.axonframework.test.aggregate.StubAggregateLifecycleRule","StubAggregateLifecycleRule","centralityPageRank",0.004112037675311223,""
"org.axonframework.eventhandling.AbstractEventBus$Builder","AbstractEventBus$Builder","centralityPageRank",0.004082778232082112,""
"org.axonframework.messaging.annotation.ResultParameterResolverFactory","ResultParameterResolverFactory","centralityPageRank",0.004078134691450066,""
"org.axonframework.messaging.MessageDispatchInterceptorSupport","MessageDispatchInterceptorSupport","centralityPageRank",0.00403717674732442,""
"org.axonframework.test.AxonAssertionError","AxonAssertionError","centralityPageRank",0.003997688328841266,""
"org.axonframework.eventsourcing.snapshotting.SnapshotFilter","SnapshotFilter","centralityPageRank",0.0039953061876722516,""
"org.axonframework.eventsourcing.NoSnapshotTriggerDefinition","NoSnapshotTriggerDefinition","centralityPageRank",0.003991114204872079,""
"org.axonframework.eventhandling.async.EventProcessorTask$ProcessingTask","EventProcessorTask$ProcessingTask","centralityPageRank",0.003950360082562321,""
"org.axonframework.messaging.deadletter.EnqueueDecision","EnqueueDecision","centralityPageRank",0.003949474839947516,""
"org.axonframework.springboot.autoconfig.AxonAutoConfiguration","AxonAutoConfiguration","centralityPageRank",0.003895906019968163,""
"org.axonframework.messaging.responsetypes.AbstractResponseType","AbstractResponseType","centralityPageRank",0.0038882827558605585,""
"org.axonframework.test.aggregate.AggregateTestFixture","AggregateTestFixture","centralityPageRank",0.003866888545915667,""
"org.axonframework.eventsourcing.eventstore.BatchingEventStorageEngine","BatchingEventStorageEngine","centralityPageRank",0.0038483569606641084,""
"org.axonframework.commandhandling.distributed.ConsistentHash","ConsistentHash","centralityPageRank",0.003842864723982436,""
"org.axonframework.axonserver.connector.util.GrpcSerializedObject$1","GrpcSerializedObject$1","centralityPageRank",0.0038135490382087602,""
"org.axonframework.eventhandling.async.EventProcessorTask$ShutdownCallback","EventProcessorTask$ShutdownCallback","centralityPageRank",0.003791710691885904,""
"org.axonframework.eventsourcing.Snapshotter","Snapshotter","centralityPageRank",0.003791004988512234,""
"org.axonframework.modelling.command.ForwardingMode","ForwardingMode","centralityPageRank",0.0037882935890001693,""
"org.axonframework.springboot.EventProcessorProperties$DlqCache","EventProcessorProperties$DlqCache","centralityPageRank",0.0037877873771634757,""
"org.axonframework.disruptor.commandhandling.FirstLevelCache","FirstLevelCache","centralityPageRank",0.0037747969696758296,""
"org.axonframework.queryhandling.QueryBus","QueryBus","centralityPageRank",0.0037696056498679555,""
"org.axonframework.messaging.correlation.CorrelationDataProvider","CorrelationDataProvider","centralityPageRank",0.0037678697347828774,""
"org.axonframework.axonserver.connector.util.Scheduler$ScheduledTask","Scheduler$ScheduledTask","centralityPageRank",0.003744363594548741,""
"org.axonframework.common.MemberAccessibilityCallback","MemberAccessibilityCallback","centralityPageRank",0.0037381784755196818,""
"org.axonframework.tracing.LoggingSpanFactory","LoggingSpanFactory","centralityPageRank",0.003737159232898978,""
"org.axonframework.axonserver.connector.event.axon.PersistentStreamConnection$SegmentConnection","PersistentStreamConnection$SegmentConnection","centralityPageRank",0.0037252417671874774,""
"org.axonframework.eventsourcing.eventstore.AbstractEventStorageEngine$Builder","AbstractEventStorageEngine$Builder","centralityPageRank",0.0037153594308110397,""
"org.axonframework.eventsourcing.AggregateFactory","AggregateFactory","centralityPageRank",0.0037107672698327827,""
"org.axonframework.eventhandling.tokenstore.TokenStore","TokenStore","centralityPageRank",0.0036586812002320276,""
"org.axonframework.config.TagsConfiguration","TagsConfiguration","centralityPageRank",0.003654062641707755,""
"org.axonframework.messaging.ScopeAware","ScopeAware","centralityPageRank",0.003653812297041303,""
"org.axonframework.test.server.AxonServerContainerUtils","AxonServerContainerUtils","centralityPageRank",0.0036532518504635765,""
"org.axonframework.eventsourcing.eventstore.EventStore","EventStore","centralityPageRank",0.0036493486332673966,""
"org.axonframework.eventhandling.replay.ReplayParameterResolverFactory","ReplayParameterResolverFactory","centralityPageRank",0.0036453069664602058,""
"org.axonframework.queryhandling.SubscriptionQueryResult","SubscriptionQueryResult","centralityPageRank",0.0036350384782340706,""
"org.axonframework.commandhandling.gateway.AbstractCommandGateway$Builder","AbstractCommandGateway$Builder","centralityPageRank",0.0036238342052016355,""
"org.axonframework.disruptor.commandhandling.DisruptorCommandBus","DisruptorCommandBus","centralityPageRank",0.003604733247026264,""
"org.axonframework.messaging.unitofwork.ExecutionResult","ExecutionResult","centralityPageRank",0.0035901472026653725,""
"org.axonframework.common.property.PropertyAccessException","PropertyAccessException","centralityPageRank",0.0035838573018370104,""
"org.axonframework.eventsourcing.conflictresolution.ConflictDescription","ConflictDescription","centralityPageRank",0.0035735182637291617,""
"org.axonframework.common.jdbc.ConnectionWrapperFactory$ConnectionCloseHandler","ConnectionWrapperFactory$ConnectionCloseHandler","centralityPageRank",0.003572121752295714,""
"org.axonframework.lifecycle.ShutdownLatch$ActivityHandle","ShutdownLatch$ActivityHandle","centralityPageRank",0.0035720044760836358,""
"org.axonframework.queryhandling.SinkWrapper","SinkWrapper","centralityPageRank",0.0035717952482621352,""
"org.axonframework.eventhandling.ListenerInvocationErrorHandler","ListenerInvocationErrorHandler","centralityPageRank",0.0035487649057704676,""
"org.axonframework.common.lock.PessimisticLockFactory$Builder","PessimisticLockFactory$Builder","centralityPageRank",0.003539508473573394,""
"org.axonframework.axonserver.connector.AxonServerConfiguration$HeartbeatConfiguration","AxonServerConfiguration$HeartbeatConfiguration","centralityPageRank",0.0035251213666285712,""
"org.axonframework.config.AggregateConfiguration","AggregateConfiguration","centralityPageRank",0.003522350467720826,""
"org.axonframework.messaging.annotation.AnnotatedHandlerInspector","AnnotatedHandlerInspector","centralityPageRank",0.003499583669892623,""
"org.axonframework.queryhandling.SimpleQueryBus","SimpleQueryBus","centralityPageRank",0.0034784623725723947,""
"org.axonframework.axonserver.connector.event.axon.QueryResult","QueryResult","centralityPageRank",0.003455165340377411,""
"org.axonframework.eventhandling.pooled.WorkPackage","WorkPackage","centralityPageRank",0.0034459587923448345,""
"org.axonframework.messaging.annotation.MessageHandlerInterceptorMemberChain","MessageHandlerInterceptorMemberChain","centralityPageRank",0.003445064541550168,""
"org.axonframework.springboot.service.connection.AxonServerConnectionDetails","AxonServerConnectionDetails","centralityPageRank",0.0034196437715518294,""
"org.axonframework.config.Component","Component","centralityPageRank",0.0034129429799391476,""
"org.axonframework.eventhandling.EventProcessor","EventProcessor","centralityPageRank",0.0034067252331155926,""
"org.axonframework.common.property.AbstractMethodPropertyAccessStrategy","AbstractMethodPropertyAccessStrategy","centralityPageRank",0.0033997662549925963,""
"org.axonframework.test.FixtureExecutionException","FixtureExecutionException","centralityPageRank",0.0033954276353199554,""
"org.axonframework.config.LifecycleHandler","LifecycleHandler","centralityPageRank",0.0033804784900236962,""
"org.axonframework.eventhandling.tokenstore.UnableToClaimTokenException","UnableToClaimTokenException","centralityPageRank",0.003377499807005061,""
"org.axonframework.lifecycle.ShutdownInProgressException","ShutdownInProgressException","centralityPageRank",0.003376804788921691,""
"org.axonframework.axonserver.connector.event.axon.AxonServerEventStore$Builder","AxonServerEventStore$Builder","centralityPageRank",0.0033736279945045422,""
"org.axonframework.modelling.saga.Saga","Saga","centralityPageRank",0.0033728247131607093,""
"org.axonframework.test.aggregate.StubAggregateLifecycleRule$1","StubAggregateLifecycleRule$1","centralityPageRank",0.0033563119014430186,""
"org.axonframework.config.Configurer","Configurer","centralityPageRank",0.0033491908665522073,""
"org.axonframework.eventhandling.pooled.Coordinator","Coordinator","centralityPageRank",0.0033298127289908097,""
"org.axonframework.eventhandling.ErrorContext","ErrorContext","centralityPageRank",0.00332029323991393,""
"org.axonframework.common.lock.PessimisticLockFactory$PubliclyOwnedReentrantLock","PessimisticLockFactory$PubliclyOwnedReentrantLock","centralityPageRank",0.00329302712153843,""
"org.axonframework.axonserver.connector.query.AxonServerQueryBus","AxonServerQueryBus","centralityPageRank",0.0032920206676149717,""
"org.axonframework.deadline.SimpleDeadlineManager","SimpleDeadlineManager","centralityPageRank",0.0032861939771939926,""
"org.axonframework.eventhandling.async.AsynchronousEventProcessingStrategy","AsynchronousEventProcessingStrategy","centralityPageRank",0.003282925282530108,""
"org.axonframework.common.legacyjpa.PagingJpaQueryIterable","PagingJpaQueryIterable","centralityPageRank",0.0032806061608601526,""
"org.axonframework.common.jpa.PagingJpaQueryIterable","PagingJpaQueryIterable","centralityPageRank",0.003280290859205989,""
"org.axonframework.modelling.saga.SimpleResourceInjector","SimpleResourceInjector","centralityPageRank",0.0032726115315800082,""
"org.axonframework.axonserver.connector.event.axon.AxonServerEventStore$AxonIQEventStorageEngine","AxonServerEventStore$AxonIQEventStorageEngine","centralityPageRank",0.0032717078802273146,""
"org.axonframework.eventhandling.AbstractDomainEventEntry","AbstractDomainEventEntry","centralityPageRank",0.003270943468168139,""
"org.axonframework.eventhandling.TrackerStatus","TrackerStatus","centralityPageRank",0.0032696962692349133,""
"org.axonframework.test.saga.GivenAggregateEventPublisher","GivenAggregateEventPublisher","centralityPageRank",0.0032664916168971938,""
"org.axonframework.modelling.saga.repository.AssociationValueMap","AssociationValueMap","centralityPageRank",0.0032616480677502453,""
"org.axonframework.modelling.command.ForwardMatchingInstances","ForwardMatchingInstances","centralityPageRank",0.0032532885520207785,""
"org.axonframework.eventhandling.MultiStreamableMessageSource$Builder","MultiStreamableMessageSource$Builder","centralityPageRank",0.0032475740853151855,""
"org.axonframework.modelling.saga.AssociationValues","AssociationValues","centralityPageRank",0.003245680342466256,""
"org.axonframework.commandhandling.gateway.RetryingCallback","RetryingCallback","centralityPageRank",0.0032421598173463344,""
"org.axonframework.eventsourcing.AbstractSnapshotter$1","AbstractSnapshotter$1","centralityPageRank",0.0032390574972003677,""
"org.axonframework.commandhandling.distributed.RoutingStrategy","RoutingStrategy","centralityPageRank",0.003235976280261643,""
"org.axonframework.commandhandling.gateway.RetryScheduler","RetryScheduler","centralityPageRank",0.003228044350870164,""
"org.axonframework.eventhandling.deadletter.jpa.DeadLetterEventEntry","DeadLetterEventEntry","centralityPageRank",0.003221425763624507,""
"org.axonframework.common.lock.LockFactory","LockFactory","centralityPageRank",0.0032205395051071073,""
"org.axonframework.messaging.timeout.AxonTaskJanitor","AxonTaskJanitor","centralityPageRank",0.003219299427291772,""
"org.axonframework.axonserver.connector.query.QuerySerializer","QuerySerializer","centralityPageRank",0.0032160961281220185,""
"org.axonframework.test.saga.WhenState","WhenState","centralityPageRank",0.0031949987673246345,""
"org.axonframework.messaging.HandlerAttributes","HandlerAttributes","centralityPageRank",0.003192810610851576,""
"org.axonframework.common.jdbc.ConnectionProvider","ConnectionProvider","centralityPageRank",0.00318971812053191,""
"org.axonframework.config.EventProcessingModule$ProcessingGroupSelector","EventProcessingModule$ProcessingGroupSelector","centralityPageRank",0.003189707893279326,""
"org.axonframework.common.caching.WeakReferenceCache","WeakReferenceCache","centralityPageRank",0.0031879951651750536,""
"org.axonframework.common.Priority","Priority","centralityPageRank",0.0031835619316649584,""
"org.axonframework.springboot.util.OnMissingQualifiedBeanCondition","OnMissingQualifiedBeanCondition","centralityPageRank",0.0031792876808425,""
"org.axonframework.eventsourcing.eventstore.IteratorBackedDomainEventStream","IteratorBackedDomainEventStream","centralityPageRank",0.003172738192078561,""
"org.axonframework.common.property.PropertyAccessStrategy","PropertyAccessStrategy","centralityPageRank",0.003168128672711827,""
"org.axonframework.common.transaction.NoTransactionManager","NoTransactionManager","centralityPageRank",0.003156751145400135,""
"org.axonframework.messaging.SubscribableMessageSource","SubscribableMessageSource","centralityPageRank",0.003154613148374665,""
"org.axonframework.axonserver.connector.AxonServerException","AxonServerException","centralityPageRank",0.0031535994663403,""
"org.axonframework.common.lock.LockAcquisitionFailedException","LockAcquisitionFailedException","centralityPageRank",0.0031528798813381487,""
"org.axonframework.modelling.command.RepositoryProvider","RepositoryProvider","centralityPageRank",0.003125946233729711,""
"org.axonframework.messaging.GenericResultMessage","GenericResultMessage","centralityPageRank",0.0031180996215356186,""
"org.axonframework.test.aggregate.ResultValidator","ResultValidator","centralityPageRank",0.0031079547821498215,""
"org.axonframework.eventhandling.EventHandlerInvoker","EventHandlerInvoker","centralityPageRank",0.0030900450348860533,""
"org.axonframework.eventhandling.async.MetaDataSequencingPolicy$Builder","MetaDataSequencingPolicy$Builder","centralityPageRank",0.003086353558099652,""
"org.axonframework.springboot.util.OnQualifiedBeanCondition","OnQualifiedBeanCondition","centralityPageRank",0.0030823349762783944,""
"org.axonframework.eventsourcing.eventstore.AbstractEventStore$Builder","AbstractEventStore$Builder","centralityPageRank",0.0030728070399512752,""
"org.axonframework.commandhandling.GenericCommandResultMessage","GenericCommandResultMessage","centralityPageRank",0.003056472445827633,""
"org.axonframework.eventsourcing.eventstore.legacyjpa.EmbeddedEventStore$Node","EmbeddedEventStore$Node","centralityPageRank",0.003054249736116508,""
"org.axonframework.tracing.LoggingSpanFactory$Slf4jSpan","LoggingSpanFactory$Slf4jSpan","centralityPageRank",0.0030455900839149457,""
"org.axonframework.serialization.ChainedConverter","ChainedConverter","centralityPageRank",0.0030327029560536815,""
"org.axonframework.queryhandling.LoggingQueryInvocationErrorHandler","LoggingQueryInvocationErrorHandler","centralityPageRank",0.003029596864632799,""
"org.axonframework.queryhandling.LoggingQueryInvocationErrorHandler$Builder","LoggingQueryInvocationErrorHandler$Builder","centralityPageRank",0.003029241598224991,""
"org.axonframework.modelling.command.AbstractRepository$Builder","AbstractRepository$Builder","centralityPageRank",0.0030246569247010897,""
"org.axonframework.eventsourcing.eventstore.EmbeddedEventStore$Node","EmbeddedEventStore$Node","centralityPageRank",0.003014792779120143,""
"org.axonframework.config.DefaultConfigurer","DefaultConfigurer","centralityPageRank",0.0030137548322076613,""
"org.axonframework.actuator.HealthStatus","HealthStatus","centralityPageRank",0.0030013780076225795,""
"org.axonframework.eventhandling.DefaultEventBusSpanFactory$Builder","DefaultEventBusSpanFactory$Builder","centralityPageRank",0.002991891605708144,""
"org.axonframework.eventhandling.WrappedToken","WrappedToken","centralityPageRank",0.002990095525053393,""
"org.axonframework.eventsourcing.AbstractSnapshotTrigger","AbstractSnapshotTrigger","centralityPageRank",0.002987208135337367,""
"org.axonframework.eventsourcing.eventstore.BatchingEventStorageEngine$Builder","BatchingEventStorageEngine$Builder","centralityPageRank",0.0029676579741417827,""
"org.axonframework.eventsourcing.eventstore.BatchingEventStorageEngine$1","BatchingEventStorageEngine$1","centralityPageRank",0.002965517277661627,""
"org.axonframework.test.saga.SagaTestFixture","SagaTestFixture","centralityPageRank",0.00296539947969183,""
"org.axonframework.disruptor.commandhandling.FirstLevelCache$WeakValue","FirstLevelCache$WeakValue","centralityPageRank",0.0029578312997756654,""
"org.axonframework.common.caching.Cache","Cache","centralityPageRank",0.0029478543038550216,""
"org.axonframework.eventhandling.async.PropertySequencingPolicy","PropertySequencingPolicy","centralityPageRank",0.002928929416184959,""
"org.axonframework.eventhandling.ReplayToken","ReplayToken","centralityPageRank",0.0029220515909907834,""
"org.axonframework.config.EventProcessingConfiguration","EventProcessingConfiguration","centralityPageRank",0.002919501202447977,""
"org.axonframework.messaging.MessageHandlerInterceptorSupport","MessageHandlerInterceptorSupport","centralityPageRank",0.002912108942732104,""
"org.axonframework.messaging.annotation.ScopeDescriptorParameterResolverFactory","ScopeDescriptorParameterResolverFactory","centralityPageRank",0.0029079875404549316,""
"org.axonframework.eventhandling.EventHandler","EventHandler","centralityPageRank",0.0029020646886558877,""
"org.axonframework.eventsourcing.NoSnapshotTriggerDefinition$1","NoSnapshotTriggerDefinition$1","centralityPageRank",0.0028968663054255747,""
"org.axonframework.modelling.command.inspection.AnnotatedAggregate","AnnotatedAggregate","centralityPageRank",0.0028955536400130178,""
"org.axonframework.common.jdbc.UnitOfWorkAwareConnectionProviderWrapper","UnitOfWorkAwareConnectionProviderWrapper","centralityPageRank",0.002879835685853981,""
"org.axonframework.eventhandling.AbstractEventEntry","AbstractEventEntry","centralityPageRank",0.0028788105281745083,""
"org.axonframework.messaging.deadletter.SequencedDeadLetterQueue","SequencedDeadLetterQueue","centralityPageRank",0.0028731589068538266,""
"org.axonframework.eventhandling.AbstractEventProcessor$Builder","AbstractEventProcessor$Builder","centralityPageRank",0.002870316231445398,""
"org.axonframework.modelling.command.VersionedAggregateIdentifier","VersionedAggregateIdentifier","centralityPageRank",0.0028624715942056947,""
"org.axonframework.modelling.command.AggregateNotFoundException","AggregateNotFoundException","centralityPageRank",0.0028485523167376264,""
"org.axonframework.eventhandling.TrackingTokenParameterResolverFactory","TrackingTokenParameterResolverFactory","centralityPageRank",0.0028405788133058466,""
"org.axonframework.commandhandling.RoutingKey","RoutingKey","centralityPageRank",0.0028322908795467864,""
"org.axonframework.commandhandling.distributed.AnnotationRoutingStrategy","AnnotationRoutingStrategy","centralityPageRank",0.002832242727771066,""
"org.axonframework.common.jdbc.JdbcUtils$SqlResultConverter","JdbcUtils$SqlResultConverter","centralityPageRank",0.0028292532545538688,""
"org.axonframework.common.caching.EhCache3Adapter","EhCache3Adapter","centralityPageRank",0.0028220274654459634,""
"org.axonframework.test.server.AxonServerContainer","AxonServerContainer","centralityPageRank",0.002816563721681508,""
"org.axonframework.commandhandling.distributed.CommandDispatchException","CommandDispatchException","centralityPageRank",0.0028148400285909854,""
"org.axonframework.eventhandling.ResetNotSupportedException","ResetNotSupportedException","centralityPageRank",0.0027958525850862287,""
"org.axonframework.axonserver.connector.event.axon.AxonServerEventStore","AxonServerEventStore","centralityPageRank",0.00279371164732364,""
"org.axonframework.eventsourcing.eventstore.EventStoreException","EventStoreException","centralityPageRank",0.0027645841679289174,""
"org.axonframework.axonserver.connector.PriorityRunnable","PriorityRunnable","centralityPageRank",0.002763909698904169,""
"org.axonframework.modelling.command.inspection.MethodCommandHandlerInterceptorDefinition","MethodCommandHandlerInterceptorDefinition","centralityPageRank",0.0027625785296920787,""
"org.axonframework.modelling.command.inspection.MethodCreationPolicyDefinition","MethodCreationPolicyDefinition","centralityPageRank",0.0027625785296920787,""
"org.axonframework.eventhandling.WrappedTrackerStatus","WrappedTrackerStatus","centralityPageRank",0.0027620020948378693,""
"org.axonframework.axonserver.connector.event.axon.PersistentStreamMessageSource","PersistentStreamMessageSource","centralityPageRank",0.002754084823992548,""
"org.axonframework.eventsourcing.AggregateSnapshotter","AggregateSnapshotter","centralityPageRank",0.0027337762725819586,""
"org.axonframework.springboot.EventProcessorProperties$Mode","EventProcessorProperties$Mode","centralityPageRank",0.0027214647200011067,""
"org.axonframework.eventhandling.GenericDomainEventMessage","GenericDomainEventMessage","centralityPageRank",0.002717970999832127,""
"org.axonframework.eventsourcing.NoSnapshotTriggerDefinition$NoSnapshotTrigger","NoSnapshotTriggerDefinition$NoSnapshotTrigger","centralityPageRank",0.002713078549799939,""
"org.axonframework.commandhandling.distributed.ConsistentHash$ConsistentHashMember","ConsistentHash$ConsistentHashMember","centralityPageRank",0.0027109215778794034,""
"org.axonframework.messaging.ScopeAwareProvider","ScopeAwareProvider","centralityPageRank",0.0026948565129670046,""
"org.axonframework.eventhandling.async.PropertySequencingPolicy$Builder","PropertySequencingPolicy$Builder","centralityPageRank",0.0026878196679515913,""
"org.axonframework.axonserver.connector.event.util.EventCipher","EventCipher","centralityPageRank",0.0026839602823409245,""
"org.axonframework.disruptor.commandhandling.AggregateStateCorruptedException","AggregateStateCorruptedException","centralityPageRank",0.002682914181229677,""
"org.axonframework.eventhandling.deadletter.DeadLetteringEventHandlerInvoker","DeadLetteringEventHandlerInvoker","centralityPageRank",0.002680683957593838,""
"org.axonframework.springboot.EventProcessorProperties$Dlq","EventProcessorProperties$Dlq","centralityPageRank",0.0026748448781423744,""
"org.axonframework.common.jdbc.JdbcUtils","JdbcUtils","centralityPageRank",0.002674089912732298,""
"org.axonframework.disruptor.commandhandling.CommandHandlerInvoker","CommandHandlerInvoker","centralityPageRank",0.0026719434315660216,""
"org.axonframework.deadline.annotation.DeadlineMethodMessageHandlerDefinition","DeadlineMethodMessageHandlerDefinition","centralityPageRank",0.002665848135947743,""
"org.axonframework.modelling.command.ConflictingModificationException","ConflictingModificationException","centralityPageRank",0.0026638901661787794,""
"org.axonframework.messaging.responsetypes.InstanceResponseType","InstanceResponseType","centralityPageRank",0.00265523881036668,""
"org.axonframework.common.legacyjpa.PagingJpaQueryIterable$PagingIterator","PagingJpaQueryIterable$PagingIterator","centralityPageRank",0.00265343030539986,""
"org.axonframework.common.jpa.PagingJpaQueryIterable$PagingIterator","PagingJpaQueryIterable$PagingIterator","centralityPageRank",0.002653296302196838,""
"org.axonframework.eventhandling.scheduling.dbscheduler.DbSchedulerEventScheduler","DbSchedulerEventScheduler","centralityPageRank",0.0026528688336101124,""
"org.axonframework.springboot.SerializerProperties","SerializerProperties","centralityPageRank",0.0026363932030690094,""
"org.axonframework.modelling.saga.repository.SagaStore","SagaStore","centralityPageRank",0.0026361425764036997,""
"org.axonframework.springboot.MetricsProperties$Micrometer","MetricsProperties$Micrometer","centralityPageRank",0.0026359377180516295,""
"org.axonframework.commandhandling.MethodCommandHandlerDefinition","MethodCommandHandlerDefinition","centralityPageRank",0.0026340815121022485,""
"org.axonframework.disruptor.commandhandling.EventPublisher","EventPublisher","centralityPageRank",0.002625864739914916,""
"org.axonframework.eventhandling.GapAwareTrackingToken","GapAwareTrackingToken","centralityPageRank",0.002623304105484662,""
"org.axonframework.messaging.MessageDecorator","MessageDecorator","centralityPageRank",0.0026160943387554406,""
"org.axonframework.commandhandling.CommandMessageHandlingMember","CommandMessageHandlingMember","centralityPageRank",0.0026141419895641485,""
"org.axonframework.modelling.saga.SagaCreationPolicy","SagaCreationPolicy","centralityPageRank",0.0026131825132598803,""
"org.axonframework.modelling.command.LockingRepository$Builder","LockingRepository$Builder","centralityPageRank",0.002610303577788116,""
"org.axonframework.eventhandling.MultiStreamableMessageSource$IdentifiedStreamableMessageSource","MultiStreamableMessageSource$IdentifiedStreamableMessageSource","centralityPageRank",0.0026078378840152018,""
"org.axonframework.axonserver.connector.AxonServerConfiguration$PersistentStreamSettings","AxonServerConfiguration$PersistentStreamSettings","centralityPageRank",0.002603615472191106,""
"org.axonframework.eventhandling.EventBusSpanFactory","EventBusSpanFactory","centralityPageRank",0.0026001801674246576,""
"org.axonframework.util.MavenArtifactVersionResolver","MavenArtifactVersionResolver","centralityPageRank",0.002599994110653059,""
"org.axonframework.deadline.DefaultDeadlineManagerSpanFactory$Builder","DefaultDeadlineManagerSpanFactory$Builder","centralityPageRank",0.0025950419938374843,""
"org.axonframework.eventhandling.replay.ReplayParameterResolverFactory$ReplayParameterResolver","ReplayParameterResolverFactory$ReplayParameterResolver","centralityPageRank",0.002587105939101942,""
"org.axonframework.tracing.TracingHandlerEnhancerDefinition","TracingHandlerEnhancerDefinition","centralityPageRank",0.002577431884152099,""
"org.axonframework.eventhandling.DefaultEventBusSpanFactory","DefaultEventBusSpanFactory","centralityPageRank",0.0025742742476639814,""
"org.axonframework.deadline.dbscheduler.DbSchedulerDeadlineManager","DbSchedulerDeadlineManager","centralityPageRank",0.0025739651671169692,""
"org.axonframework.common.ProcessRetriesExhaustedException","ProcessRetriesExhaustedException","centralityPageRank",0.0025703500669779634,""
"org.axonframework.eventsourcing.DefaultSnapshotterSpanFactory$Builder","DefaultSnapshotterSpanFactory$Builder","centralityPageRank",0.0025701314230652905,""
"org.axonframework.messaging.unitofwork.MessageProcessingContext","MessageProcessingContext","centralityPageRank",0.0025616029892401725,""
"org.axonframework.eventhandling.pooled.PooledStreamingEventProcessor$Builder","PooledStreamingEventProcessor$Builder","centralityPageRank",0.0025615381061253055,""
"org.axonframework.messaging.annotation.ResultParameterResolverFactory$ExceptionResultParameterResolver","ResultParameterResolverFactory$ExceptionResultParameterResolver","centralityPageRank",0.002559078110238604,""
"org.axonframework.springboot.EventProcessorProperties$ProcessorSettings","EventProcessorProperties$ProcessorSettings","centralityPageRank",0.002556537522430505,""
"org.axonframework.eventsourcing.SnapshotTriggerDefinition","SnapshotTriggerDefinition","centralityPageRank",0.0025548733673914606,""
"org.axonframework.modelling.saga.metamodel.SagaModel","SagaModel","centralityPageRank",0.002545162788732542,""
"org.axonframework.messaging.Scope","Scope","centralityPageRank",0.002544633733168406,""
"org.axonframework.commandhandling.gateway.CommandGatewayFactory$Builder","CommandGatewayFactory$Builder","centralityPageRank",0.002540374233900467,""
"org.axonframework.modelling.saga.AssociationResolver","AssociationResolver","centralityPageRank",0.0025403542763906893,""
"org.axonframework.deadline.DeadlineManagerSpanFactory","DeadlineManagerSpanFactory","centralityPageRank",0.0025372006209738542,""
"org.axonframework.eventhandling.deadletter.DeadLetteringEventHandlerInvoker$Builder","DeadLetteringEventHandlerInvoker$Builder","centralityPageRank",0.0025228293124567942,""
"org.axonframework.messaging.annotation.MessageInterceptingMember","MessageInterceptingMember","centralityPageRank",0.0025125105411984397,""
"org.axonframework.eventhandling.gateway.AbstractEventGateway$Builder","AbstractEventGateway$Builder","centralityPageRank",0.0025080591888250094,""
"org.axonframework.messaging.RemoteHandlingException","RemoteHandlingException","centralityPageRank",0.0025073333611134343,""
"org.axonframework.eventhandling.deadletter.jpa.DeadLetterEntry","DeadLetterEntry","centralityPageRank",0.002499641838035565,""
"org.axonframework.axonserver.connector.heartbeat.ConnectionSanityChecker","ConnectionSanityChecker","centralityPageRank",0.0024818912005176194,""
"org.axonframework.common.jdbc.JdbcUtils$SqlFunction","JdbcUtils$SqlFunction","centralityPageRank",0.0024735047257678296,""
"org.axonframework.eventhandling.TrackingTokenParameterResolverFactory$TrackingTokenParameterResolver","TrackingTokenParameterResolverFactory$TrackingTokenParameterResolver","centralityPageRank",0.00246641868268928,""
"org.axonframework.messaging.RemoteNonTransientHandlingException","RemoteNonTransientHandlingException","centralityPageRank",0.0024639016463983126,""
"org.axonframework.messaging.annotation.AbstractAnnotatedParameterResolverFactory","AbstractAnnotatedParameterResolverFactory","centralityPageRank",0.0024632565690108394,""
"org.axonframework.commandhandling.gateway.CommandGatewayFactory$DispatchOnInvocationHandler$Builder","CommandGatewayFactory$DispatchOnInvocationHandler$Builder","centralityPageRank",0.0024534720830012924,""
"org.axonframework.modelling.command.DefaultRepositorySpanFactory$Builder","DefaultRepositorySpanFactory$Builder","centralityPageRank",0.0024532206536761344,""
"org.axonframework.serialization.ChainingConverter","ChainingConverter","centralityPageRank",0.0024458466309216762,""
"org.axonframework.springboot.util.DefaultEntityRegistrar","DefaultEntityRegistrar","centralityPageRank",0.0024350477215146697,""
"org.axonframework.eventhandling.pooled.WorkPackage$ProcessingEntry","WorkPackage$ProcessingEntry","centralityPageRank",0.0024330717902465338,""
"org.axonframework.eventhandling.AllowReplay","AllowReplay","centralityPageRank",0.002426769178647914,""
"org.axonframework.common.property.MethodAccessedProperty","MethodAccessedProperty","centralityPageRank",0.002415093213731778,""
"org.axonframework.common.DateTimeUtils","DateTimeUtils","centralityPageRank",0.0024150716706526436,""
"org.axonframework.common.transaction.NoTransactionManager$1","NoTransactionManager$1","centralityPageRank",0.0024091320042006173,""
"org.axonframework.axonserver.connector.util.GrpcObjectSerializer","GrpcObjectSerializer","centralityPageRank",0.002408362826549913,""
"org.axonframework.eventhandling.GlobalSequenceTrackingToken","GlobalSequenceTrackingToken","centralityPageRank",0.0024008221159757637,""
"org.axonframework.eventhandling.async.MetaDataSequencingPolicy$1","MetaDataSequencingPolicy$1","centralityPageRank",0.0023946653483811757,""
"org.axonframework.eventsourcing.eventstore.jdbc.JdbcEventStorageEngine","JdbcEventStorageEngine","centralityPageRank",0.0023929507260631038,""
"org.axonframework.serialization.ChainedConverter$Route","ChainedConverter$Route","centralityPageRank",0.00239170311949589,""
"org.axonframework.modelling.command.EntityId","EntityId","centralityPageRank",0.002382645365341676,""
"org.axonframework.lifecycle.Lifecycle","Lifecycle","centralityPageRank",0.002378953632883323,""
"org.axonframework.modelling.command.CreationPolicyAggregateFactory","CreationPolicyAggregateFactory","centralityPageRank",0.0023778485516098924,""
"org.axonframework.queryhandling.registration.DuplicateQueryHandlerResolver","DuplicateQueryHandlerResolver","centralityPageRank",0.002377437519858902,""
"org.axonframework.modelling.command.AggregateAnnotationCommandHandler","AggregateAnnotationCommandHandler","centralityPageRank",0.002372643393246754,""
"org.axonframework.queryhandling.StreamingQueryMessage","StreamingQueryMessage","centralityPageRank",0.0023714845668114273,""
"org.axonframework.axonserver.connector.util.GrpcObjectSerializer$Serializer","GrpcObjectSerializer$Serializer","centralityPageRank",0.0023603229437356237,""
"org.axonframework.serialization.Revision","Revision","centralityPageRank",0.0023595417464434606,""
"org.axonframework.serialization.AbstractXStreamSerializer$Builder","AbstractXStreamSerializer$Builder","centralityPageRank",0.002358228821205745,""
"org.axonframework.eventhandling.StreamingEventProcessor","StreamingEventProcessor","centralityPageRank",0.0023578683049178422,""
"org.axonframework.eventsourcing.AggregateLoadTimeSnapshotTriggerDefinition$AggregateLoadTimeSnapshotTrigger","AggregateLoadTimeSnapshotTriggerDefinition$AggregateLoadTimeSnapshotTrigger","centralityPageRank",0.0023574069424534797,""
"org.axonframework.modelling.saga.repository.AssociationValueMap$1","AssociationValueMap$1","centralityPageRank",0.0023558534552044134,""
"org.axonframework.axonserver.connector.InstructionAckSource","InstructionAckSource","centralityPageRank",0.0023469043632925665,""
"org.axonframework.modelling.command.ForwardMatchingInstances$1","ForwardMatchingInstances$1","centralityPageRank",0.0023460186787062896,""
"org.axonframework.eventsourcing.eventstore.legacyjpa.EmbeddedEventStore$EventConsumer","EmbeddedEventStore$EventConsumer","centralityPageRank",0.002343417244340501,""
"org.axonframework.queryhandling.QueryUpdateEmitter","QueryUpdateEmitter","centralityPageRank",0.002339745647717369,""
"org.axonframework.axonserver.connector.util.PriorityExecutorService","PriorityExecutorService","centralityPageRank",0.0023384111184050894,""
"org.axonframework.commandhandling.gateway.ExponentialBackOffIntervalRetryScheduler$Builder","ExponentialBackOffIntervalRetryScheduler$Builder","centralityPageRank",0.0023351969473630533,""
"org.axonframework.commandhandling.gateway.IntervalRetryScheduler$Builder","IntervalRetryScheduler$Builder","centralityPageRank",0.0023351969473630533,""
"org.axonframework.messaging.annotation.MultiHandlerDefinition","MultiHandlerDefinition","centralityPageRank",0.0023306730256818535,""
"org.axonframework.messaging.DefaultInterceptorChain","DefaultInterceptorChain","centralityPageRank",0.0023304288727618097,""
"org.axonframework.axonserver.connector.Handlers","Handlers","centralityPageRank",0.0023294694710134455,""
"org.axonframework.axonserver.connector.util.GrpcBufferingInterceptor$AdditionalMessageRequestingCall","GrpcBufferingInterceptor$AdditionalMessageRequestingCall","centralityPageRank",0.0023294694710134455,""
"org.axonframework.eventhandling.tokenstore.jdbc.GenericTokenTableFactory","GenericTokenTableFactory","centralityPageRank",0.0023294694710134455,""
"org.axonframework.eventsourcing.eventstore.EmbeddedEventStore$EventConsumer","EmbeddedEventStore$EventConsumer","centralityPageRank",0.0023195599174859706,""
"org.axonframework.commandhandling.DuplicateCommandHandlerResolver","DuplicateCommandHandlerResolver","centralityPageRank",0.0023163708198611216,""
"org.axonframework.commandhandling.gateway.NonTransientExceptionClassesPredicate","NonTransientExceptionClassesPredicate","centralityPageRank",0.0023065973372118766,""
"org.axonframework.commandhandling.DefaultCommandBusSpanFactory$Builder","DefaultCommandBusSpanFactory$Builder","centralityPageRank",0.0023008006385880535,""
"org.axonframework.axonserver.connector.util.GrpcMessageSizeInterceptor$1$1","GrpcMessageSizeInterceptor$1$1","centralityPageRank",0.002298557573993935,""
"org.axonframework.axonserver.connector.AxonServerConfiguration$EventStoreConfiguration","AxonServerConfiguration$EventStoreConfiguration","centralityPageRank",0.002293257588139347,""
"org.axonframework.springboot.MetricsProperties","MetricsProperties","centralityPageRank",0.00228315279347133,""
"org.axonframework.queryhandling.DefaultQueryUpdateEmitterSpanFactory$Builder","DefaultQueryUpdateEmitterSpanFactory$Builder","centralityPageRank",0.002280329967846407,""
"org.axonframework.eventsourcing.AbstractSnapshotter$Builder","AbstractSnapshotter$Builder","centralityPageRank",0.0022741259780573457,""
"org.axonframework.queryhandling.SimpleQueryBus$1","SimpleQueryBus$1","centralityPageRank",0.002270036978887595,""
"org.axonframework.eventsourcing.AggregateLoadTimeSnapshotTriggerDefinition","AggregateLoadTimeSnapshotTriggerDefinition","centralityPageRank",0.002261070637577024,""
"org.axonframework.common.caching.WeakReferenceCache$Entry","WeakReferenceCache$Entry","centralityPageRank",0.0022606189943555886,""
"org.axonframework.springboot.util.ConditionalOnMissingQualifiedBean","ConditionalOnMissingQualifiedBean","centralityPageRank",0.002258958936773538,""
"org.axonframework.springboot.TimeoutProperties$TransactionTimeoutProperties","TimeoutProperties$TransactionTimeoutProperties","centralityPageRank",0.0022566705782206264,""
"org.axonframework.eventsourcing.eventstore.EmbeddedEventStore$Builder","EmbeddedEventStore$Builder","centralityPageRank",0.002255345033526316,""
"org.axonframework.axonserver.connector.PriorityCallable","PriorityCallable","centralityPageRank",0.0022529974123564576,""
"org.axonframework.commandhandling.SimpleCommandBus$Builder","SimpleCommandBus$Builder","centralityPageRank",0.002243183324671111,""
"org.axonframework.eventhandling.DefaultEventProcessorSpanFactory$Builder","DefaultEventProcessorSpanFactory$Builder","centralityPageRank",0.0022408479407288735,""
"org.axonframework.modelling.saga.DefaultSagaManagerSpanFactory$Builder","DefaultSagaManagerSpanFactory$Builder","centralityPageRank",0.002237760323382524,""
"org.axonframework.messaging.annotation.ResultParameterResolverFactory$1","ResultParameterResolverFactory$1","centralityPageRank",0.002236278582134914,""
"org.axonframework.eventsourcing.DefaultSnapshotterSpanFactory","DefaultSnapshotterSpanFactory","centralityPageRank",0.002233703243058198,""
"org.axonframework.eventsourcing.eventstore.DomainEventStream$1","DomainEventStream$1","centralityPageRank",0.002232173513728965,""
"org.axonframework.eventsourcing.eventstore.DomainEventStream$2","DomainEventStream$2","centralityPageRank",0.002232173513728965,""
"org.axonframework.springboot.MetricsProperties$AutoConfiguration","MetricsProperties$AutoConfiguration","centralityPageRank",0.0022295126242596096,""
"org.axonframework.eventsourcing.eventstore.legacyjpa.EmbeddedEventStore$Builder","EmbeddedEventStore$Builder","centralityPageRank",0.0022294579188383884,""
"org.axonframework.eventhandling.deadletter.jdbc.JdbcDeadLetter","JdbcDeadLetter","centralityPageRank",0.0022290010997926264,""
"org.axonframework.messaging.interceptors.MessageHandlerInterceptor","MessageHandlerInterceptor","centralityPageRank",0.002227390879801328,""
"org.axonframework.eventhandling.pooled.Coordinator$Builder","Coordinator$Builder","centralityPageRank",0.00222604924796773,""
"org.axonframework.eventsourcing.eventstore.legacyjpa.EmbeddedEventStore$1","EmbeddedEventStore$1","centralityPageRank",0.002217852834817423,""
"org.axonframework.serialization.upcasting.event.EventTypeUpcaster","EventTypeUpcaster","centralityPageRank",0.0022152012446493667,""
"org.axonframework.modelling.command.AggregateLifecycle","AggregateLifecycle","centralityPageRank",0.002212944361294657,""
"org.axonframework.eventhandling.MergedTrackingToken","MergedTrackingToken","centralityPageRank",0.0022125902894565438,""
"org.axonframework.eventsourcing.snapshotting.RevisionSnapshotFilter$Builder","RevisionSnapshotFilter$Builder","centralityPageRank",0.0022114493600436337,""
"org.axonframework.serialization.xml.XStreamSerializer","XStreamSerializer","centralityPageRank",0.002209518030759868,""
"org.axonframework.eventsourcing.eventstore.EmbeddedEventStore$1","EmbeddedEventStore$1","centralityPageRank",0.0022048571549410155,""
"org.axonframework.eventhandling.replay.ResetContext","ResetContext","centralityPageRank",0.0021921053848613964,""
"org.axonframework.commandhandling.gateway.CommandGatewayFactory$GatewayInvocationHandler$Builder","CommandGatewayFactory$GatewayInvocationHandler$Builder","centralityPageRank",0.0021861606206582786,""
"org.axonframework.messaging.annotation.ScopeDescriptorParameterResolverFactory$ScopeDescriptorParameterResolver","ScopeDescriptorParameterResolverFactory$ScopeDescriptorParameterResolver","centralityPageRank",0.002186093715554305,""
"org.axonframework.commandhandling.DefaultCommandBusSpanFactory","DefaultCommandBusSpanFactory","centralityPageRank",0.0021833690251381083,""
"org.axonframework.messaging.timeout.AxonTimeLimitedTask","AxonTimeLimitedTask","centralityPageRank",0.002174632426557274,""
"org.axonframework.tracing.TracingHandlerEnhancerDefinition$Builder","TracingHandlerEnhancerDefinition$Builder","centralityPageRank",0.002170076850916022,""
"org.axonframework.axonserver.connector.util.GrpcMessageSizeWarningThresholdReachedException","GrpcMessageSizeWarningThresholdReachedException","centralityPageRank",0.002169181918173102,""
"org.axonframework.deadline.SimpleDeadlineManager$DeadlineId","SimpleDeadlineManager$DeadlineId","centralityPageRank",0.002167413399648468,""
"org.axonframework.eventhandling.SimpleEventBus$Builder","SimpleEventBus$Builder","centralityPageRank",0.002164770182018187,""
"org.axonframework.messaging.annotation.MultiHandlerEnhancerDefinition","MultiHandlerEnhancerDefinition","centralityPageRank",0.002154882953991824,""
"org.axonframework.deadline.DefaultDeadlineManagerSpanFactory","DefaultDeadlineManagerSpanFactory","centralityPageRank",0.0021478452207166127,""
"org.axonframework.springboot.util.ConditionalOnQualifiedBean","ConditionalOnQualifiedBean","centralityPageRank",0.0021448969171794924,""
"org.axonframework.commandhandling.distributed.UnresolvedRoutingKeyPolicy","UnresolvedRoutingKeyPolicy","centralityPageRank",0.002123445217059249,""
"org.axonframework.modelling.command.DefaultRepositorySpanFactory","DefaultRepositorySpanFactory","centralityPageRank",0.0021221829739693924,""
"org.axonframework.queryhandling.DefaultQueryUpdateEmitterSpanFactory","DefaultQueryUpdateEmitterSpanFactory","centralityPageRank",0.0021215861902765445,""
"org.axonframework.springboot.TimeoutProperties$MessageHandlerTimeoutProperties","TimeoutProperties$MessageHandlerTimeoutProperties","centralityPageRank",0.00211872953116653,""
"org.axonframework.tracing.NoOpSpanFactory","NoOpSpanFactory","centralityPageRank",0.002118115161460668,""
"org.axonframework.modelling.saga.SagaRepository","SagaRepository","centralityPageRank",0.0021148653377439037,""
"org.axonframework.eventhandling.deadletter.jpa.JpaSequencedDeadLetterQueue","JpaSequencedDeadLetterQueue","centralityPageRank",0.00211131165589487,""
"org.axonframework.commandhandling.gateway.ExponentialBackOffIntervalRetryScheduler","ExponentialBackOffIntervalRetryScheduler","centralityPageRank",0.0021098515525298056,""
"org.axonframework.commandhandling.gateway.IntervalRetryScheduler","IntervalRetryScheduler","centralityPageRank",0.0021098515525298056,""
"org.axonframework.eventhandling.deadletter.legacyjpa.JpaSequencedDeadLetterQueue","JpaSequencedDeadLetterQueue","centralityPageRank",0.0021095692925421484,""
"org.axonframework.test.deadline.ScheduledDeadlineInfo","ScheduledDeadlineInfo","centralityPageRank",0.0021055107143225504,""
"org.axonframework.test.matchers.MapEntryMatcher$Matching","MapEntryMatcher$Matching","centralityPageRank",0.0021052652281243612,""
"org.axonframework.common.caching.AbstractCacheAdapter","AbstractCacheAdapter","centralityPageRank",0.002103962976486164,""
"org.axonframework.eventhandling.ReplayStatus","ReplayStatus","centralityPageRank",0.00210164254897773,""
"org.axonframework.eventhandling.replay.ReplayParameterResolverFactory$1","ReplayParameterResolverFactory$1","centralityPageRank",0.00210164254897773,""
"org.axonframework.commandhandling.gateway.CommandGatewayFactory$MetaDataExtractor","CommandGatewayFactory$MetaDataExtractor","centralityPageRank",0.0021000527130702108,""
"org.axonframework.messaging.deadletter.ThrowableCause","ThrowableCause","centralityPageRank",0.0020908209243346845,""
"org.axonframework.eventhandling.TrackedEventData","TrackedEventData","centralityPageRank",0.0020850885284721724,""
"org.axonframework.eventhandling.scheduling.EventScheduler","EventScheduler","centralityPageRank",0.0020816154538282226,""
"org.axonframework.serialization.SerializedObjectHolder","SerializedObjectHolder","centralityPageRank",0.0020812793243985437,""
"org.axonframework.common.jdbc.PagingJdbcIterable","PagingJdbcIterable","centralityPageRank",0.0020810452169967566,""
"org.axonframework.disruptor.commandhandling.FirstLevelCache$1","FirstLevelCache$1","centralityPageRank",0.0020764516840967757,""
"org.axonframework.common.jdbc.UnitOfWorkAwareConnectionProviderWrapper$UoWAttachedConnection","UnitOfWorkAwareConnectionProviderWrapper$UoWAttachedConnection","centralityPageRank",0.002074654529305212,""
"org.axonframework.eventsourcing.snapshotting.RevisionSnapshotFilter","RevisionSnapshotFilter","centralityPageRank",0.0020684202846964284,""
"org.axonframework.config.EventProcessingConfigurer","EventProcessingConfigurer","centralityPageRank",0.0020659153064897127,""
"org.axonframework.deadline.DeadlineManager","DeadlineManager","centralityPageRank",0.0020576653874909705,""
"org.axonframework.eventhandling.gateway.EventGateway","EventGateway","centralityPageRank",0.0020558241705715863,""
"org.axonframework.eventhandling.deadletter.jdbc.JdbcSequencedDeadLetterQueue","JdbcSequencedDeadLetterQueue","centralityPageRank",0.0020525331357971015,""
"org.axonframework.messaging.interceptors.ResultHandler","ResultHandler","centralityPageRank",0.0020423792126084022,""
"org.axonframework.eventsourcing.IncompatibleAggregateException","IncompatibleAggregateException","centralityPageRank",0.002040589575410828,""
"org.axonframework.commandhandling.CommandBusSpanFactory","CommandBusSpanFactory","centralityPageRank",0.002039445370369693,""
"org.axonframework.test.matchers.Matchers","Matchers","centralityPageRank",0.0020360761835235986,""
"org.axonframework.eventhandling.gateway.DefaultEventGateway$Builder","DefaultEventGateway$Builder","centralityPageRank",0.002027774574161357,""
"org.axonframework.tracing.NoOpSpanFactory$NoOpSpan","NoOpSpanFactory$NoOpSpan","centralityPageRank",0.002021588173444183,""
"org.axonframework.commandhandling.distributed.MetaDataRoutingStrategy$Builder","MetaDataRoutingStrategy$Builder","centralityPageRank",0.0020124167053171505,""
"org.axonframework.common.jdbc.JdbcException","JdbcException","centralityPageRank",0.0020104290437409993,""
"org.axonframework.messaging.deadletter.GenericDeadLetter","GenericDeadLetter","centralityPageRank",0.002008556873477259,""
"org.axonframework.modelling.saga.repository.jdbc.GenericSagaSqlSchema","GenericSagaSqlSchema","centralityPageRank",0.0020074839982746643,""
"org.axonframework.modelling.saga.SagaMethodMessageHandlingMember","SagaMethodMessageHandlingMember","centralityPageRank",0.002006175373396774,""
"org.axonframework.modelling.saga.DefaultSagaManagerSpanFactory","DefaultSagaManagerSpanFactory","centralityPageRank",0.0020059498221178074,""
"org.axonframework.test.utils.CallbackBehavior","CallbackBehavior","centralityPageRank",0.0020056865842471394,""
"org.axonframework.test.eventscheduler.ScheduledItem","ScheduledItem","centralityPageRank",0.002004629624619174,""
"org.axonframework.eventhandling.ErrorHandler","ErrorHandler","centralityPageRank",0.0020024502470597067,""
"org.axonframework.modelling.saga.metamodel.AnnotationSagaMetaModelFactory","AnnotationSagaMetaModelFactory","centralityPageRank",0.0020010652272707055,""
"org.axonframework.eventhandling.tokenstore.jpa.TokenEntry","TokenEntry","centralityPageRank",0.0020008550838160367,""
"org.axonframework.modelling.command.AggregateScopeDescriptor","AggregateScopeDescriptor","centralityPageRank",0.001995990879246635,""
"org.axonframework.commandhandling.GenericCommandMessage","GenericCommandMessage","centralityPageRank",0.0019952263769372107,""
"org.axonframework.modelling.saga.repository.inmemory.InMemorySagaStore$ManagedSaga","InMemorySagaStore$ManagedSaga","centralityPageRank",0.001993647124650709,""
"org.axonframework.eventhandling.SimpleEventHandlerInvoker$Builder","SimpleEventHandlerInvoker$Builder","centralityPageRank",0.001984221978451319,""
"org.axonframework.serialization.avro.SchemaIncompatibilityChecker","SchemaIncompatibilityChecker","centralityPageRank",0.0019829940229568782,""
"org.axonframework.modelling.command.inspection.ChildEntity","ChildEntity","centralityPageRank",0.0019815513803466906,""
"org.axonframework.modelling.command.AnnotationCommandTargetResolver","AnnotationCommandTargetResolver","centralityPageRank",0.0019788694585922946,""
"org.axonframework.serialization.SerializedMetaData","SerializedMetaData","centralityPageRank",0.001978078512131313,""
"org.axonframework.axonserver.connector.event.axon.PersistentStreamMessageSourceFactory","PersistentStreamMessageSourceFactory","centralityPageRank",0.0019766827312556494,""
"org.axonframework.commandhandling.gateway.AbstractRetryScheduler","AbstractRetryScheduler","centralityPageRank",0.001976522193920133,""
"org.axonframework.messaging.annotation.FixedValueParameterResolver","FixedValueParameterResolver","centralityPageRank",0.001972983454375098,""
"org.axonframework.eventhandling.DefaultEventProcessorSpanFactory","DefaultEventProcessorSpanFactory","centralityPageRank",0.0019711132440639718,""
"org.axonframework.config.EventProcessingModule$TypeProcessingGroupSelector","EventProcessingModule$TypeProcessingGroupSelector","centralityPageRank",0.001970253945083659,""
"org.axonframework.test.eventscheduler.StubScheduleToken","StubScheduleToken","centralityPageRank",0.0019689740168710754,""
"org.axonframework.queryhandling.DefaultQueryBusSpanFactory","DefaultQueryBusSpanFactory","centralityPageRank",0.001966504650328531,""
"org.axonframework.modelling.command.inspection.AnnotatedAggregateMetaModelFactory","AnnotatedAggregateMetaModelFactory","centralityPageRank",0.0019635573220072996,""
"org.axonframework.messaging.responsetypes.MultipleInstancesResponseType","MultipleInstancesResponseType","centralityPageRank",0.0019625748308016687,""
"org.axonframework.eventhandling.MultiStreamableMessageSource","MultiStreamableMessageSource","centralityPageRank",0.0019578162840391254,""
"org.axonframework.deadline.SimpleDeadlineManager$1","SimpleDeadlineManager$1","centralityPageRank",0.0019569310640489834,""
"org.axonframework.axonserver.connector.util.ExceptionSerializer","ExceptionSerializer","centralityPageRank",0.0019530980230188949,""
"org.axonframework.axonserver.connector.util.GrpcMessageSizeExceededException","GrpcMessageSizeExceededException","centralityPageRank",0.001952095945007387,""
"org.axonframework.axonserver.connector.query.subscription.SubscriptionMessageSerializer","SubscriptionMessageSerializer","centralityPageRank",0.0019509768008514196,""
"org.axonframework.test.matchers.MatcherExecutionException","MatcherExecutionException","centralityPageRank",0.0019509694744784642,""
"org.axonframework.queryhandling.QueryBusSpanFactory","QueryBusSpanFactory","centralityPageRank",0.0019506136389460156,""
"org.axonframework.axonserver.connector.AxonServerConfiguration$Builder","AxonServerConfiguration$Builder","centralityPageRank",0.0019485626211043295,""
"org.axonframework.commandhandling.distributed.AnnotationRoutingStrategy$RoutingKeyResolver","AnnotationRoutingStrategy$RoutingKeyResolver","centralityPageRank",0.0019470030637786966,""
"org.axonframework.common.jdbc.PagingJdbcIterable$PagingStatementSupplier","PagingJdbcIterable$PagingStatementSupplier","centralityPageRank",0.0019463499643326064,""
"org.axonframework.axonserver.connector.util.Scheduler","Scheduler","centralityPageRank",0.0019433981310781093,""
"org.axonframework.test.aggregate.StubAggregateLifecycle$1","StubAggregateLifecycle$1","centralityPageRank",0.0019421169622149102,""
"org.axonframework.commandhandling.gateway.CommandGateway","CommandGateway","centralityPageRank",0.0019409390638375633,""
"org.axonframework.eventhandling.AbstractSequencedDomainEventEntry","AbstractSequencedDomainEventEntry","centralityPageRank",0.0019405064133881144,""
"org.axonframework.eventsourcing.eventstore.AbstractSnapshotEventEntry","AbstractSnapshotEventEntry","centralityPageRank",0.0019405064133881144,""
"org.axonframework.messaging.annotation.ScopeDescriptorParameterResolverFactory$1","ScopeDescriptorParameterResolverFactory$1","centralityPageRank",0.0019397822871199057,""
"org.axonframework.eventsourcing.conflictresolution.ConflictResolver","ConflictResolver","centralityPageRank",0.001936672807275843,""
"org.axonframework.commandhandling.distributed.CommandCallbackWrapper","CommandCallbackWrapper","centralityPageRank",0.0019351496032316534,""
"org.axonframework.eventsourcing.SnapshotterSpanFactory","SnapshotterSpanFactory","centralityPageRank",0.001929872723733494,""
"org.axonframework.eventsourcing.MultiStreamableMessageSource$Builder","MultiStreamableMessageSource$Builder","centralityPageRank",0.0019281081770212642,""
"org.axonframework.queryhandling.QueryGateway","QueryGateway","centralityPageRank",0.0019264771072450197,""
"org.axonframework.tracing.opentelemetry.OpenTelemetrySpanFactory$Builder","OpenTelemetrySpanFactory$Builder","centralityPageRank",0.0019184910336036182,""
"org.axonframework.eventsourcing.eventstore.AbstractEventStore","AbstractEventStore","centralityPageRank",0.0019178891898677325,""
"org.axonframework.eventhandling.TrackingEventProcessor$Instruction","TrackingEventProcessor$Instruction","centralityPageRank",0.0019173652010176171,""
"org.axonframework.messaging.unitofwork.DefaultUnitOfWork","DefaultUnitOfWork","centralityPageRank",0.0019156808879030533,""
"org.axonframework.common.caching.EhCache3Adapter$CacheEventListenerAdapter","EhCache3Adapter$CacheEventListenerAdapter","centralityPageRank",0.0019133699631149505,""
"org.axonframework.axonserver.connector.event.axon.AxonServerEventStore$AxonIQEventStorageEngine$Builder","AxonServerEventStore$AxonIQEventStorageEngine$Builder","centralityPageRank",0.001909463189217774,""
"org.axonframework.eventsourcing.eventstore.ConcatenatingDomainEventStream","ConcatenatingDomainEventStream","centralityPageRank",0.0019078399048307406,""
"org.axonframework.eventsourcing.eventstore.FilteringDomainEventStream","FilteringDomainEventStream","centralityPageRank",0.0019078399048307406,""
"org.axonframework.messaging.SimpleHandlerAttributes","SimpleHandlerAttributes","centralityPageRank",0.001905527099158455,""
"org.axonframework.tracing.LoggingSpanFactory$1","LoggingSpanFactory$1","centralityPageRank",0.0019025128868055377,""
"org.axonframework.disruptor.commandhandling.BlacklistDetectingCallback","BlacklistDetectingCallback","centralityPageRank",0.0018988872881532573,""
"org.axonframework.disruptor.commandhandling.DisruptorUnitOfWork","DisruptorUnitOfWork","centralityPageRank",0.0018955818444081338,""
"org.axonframework.modelling.saga.AbstractSagaManager$Builder","AbstractSagaManager$Builder","centralityPageRank",0.0018942041771670623,""
"org.axonframework.messaging.deadletter.InMemorySequencedDeadLetterQueue","InMemorySequencedDeadLetterQueue","centralityPageRank",0.0018919596785372695,""
"org.axonframework.eventhandling.scheduling.java.SimpleEventScheduler","SimpleEventScheduler","centralityPageRank",0.001890495905236121,""
"org.axonframework.eventhandling.tokenstore.AbstractTokenEntry","AbstractTokenEntry","centralityPageRank",0.0018903346549045718,""
"org.axonframework.common.caching.Cache$EntryListenerAdapter","Cache$EntryListenerAdapter","centralityPageRank",0.0018855917039768198,""
"org.axonframework.axonserver.connector.event.axon.PersistentStreamConnection$SegmentState","PersistentStreamConnection$SegmentState","centralityPageRank",0.0018855485124687878,""
"org.axonframework.eventhandling.pooled.WorkPackage$Builder","WorkPackage$Builder","centralityPageRank",0.0018758310904143363,""
"org.axonframework.test.saga.WhenAggregateEventPublisher","WhenAggregateEventPublisher","centralityPageRank",0.0018738153074670464,""
"org.axonframework.messaging.annotation.NoMoreInterceptors","NoMoreInterceptors","centralityPageRank",0.001873604486590939,""
"org.axonframework.axonserver.connector.event.axon.AxonServerEventStoreFactory$Builder","AxonServerEventStoreFactory$Builder","centralityPageRank",0.001870779720804581,""
"org.axonframework.eventsourcing.EventCountSnapshotTriggerDefinition$EventCountSnapshotTrigger","EventCountSnapshotTriggerDefinition$EventCountSnapshotTrigger","centralityPageRank",0.0018707708493080953,""
"org.axonframework.serialization.upcasting.SingleEntryUpcaster","SingleEntryUpcaster","centralityPageRank",0.0018670702895125615,""
"org.axonframework.eventsourcing.eventstore.BatchingEventStorageEngine$EventStreamSpliterator","BatchingEventStorageEngine$EventStreamSpliterator","centralityPageRank",0.0018649325789906824,""
"org.axonframework.modelling.command.ForwardToAll","ForwardToAll","centralityPageRank",0.0018639522016014687,""
"org.axonframework.eventsourcing.conflictresolution.ConflictExceptionSupplier","ConflictExceptionSupplier","centralityPageRank",0.0018609123069089884,""
"org.axonframework.config.SagaConfiguration","SagaConfiguration","centralityPageRank",0.0018604782089135753,""
"org.axonframework.eventhandling.TrackingTokenParameterResolverFactory$1","TrackingTokenParameterResolverFactory$1","centralityPageRank",0.0018604778774070152,""
"org.axonframework.eventsourcing.eventstore.jdbc.statements.TimestampWriter","TimestampWriter","centralityPageRank",0.0018601534785159131,""
"org.axonframework.eventsourcing.eventstore.jpa.JpaEventStorageEngine$Builder","JpaEventStorageEngine$Builder","centralityPageRank",0.001859797061073192,""
"org.axonframework.messaging.responsetypes.ResponseTypes","ResponseTypes","centralityPageRank",0.0018557733292570036,""
"org.axonframework.eventhandling.EventProcessingStrategy","EventProcessingStrategy","centralityPageRank",0.0018547827346834913,""
"org.axonframework.test.aggregate.AggregateTestFixture$1","AggregateTestFixture$1","centralityPageRank",0.0018507398747265207,""
"org.axonframework.modelling.saga.AbstractSagaManager","AbstractSagaManager","centralityPageRank",0.0018496049257820243,""
"org.axonframework.test.saga.SagaTestFixture$TransienceValidatingResourceInjector","SagaTestFixture$TransienceValidatingResourceInjector","centralityPageRank",0.0018492982161664342,""
"org.axonframework.commandhandling.gateway.AxonNonTransientExceptionClassesPredicate","AxonNonTransientExceptionClassesPredicate","centralityPageRank",0.001848396524275104,""
"org.axonframework.modelling.command.RepositorySpanFactory","RepositorySpanFactory","centralityPageRank",0.0018470051909516016,""
"org.axonframework.modelling.command.inspection.MethodCommandHandlerInterceptorDefinition$MethodCommandHandlerInterceptorHandlingMember","MethodCommandHandlerInterceptorDefinition$MethodCommandHandlerInterceptorHandlingMember","centralityPageRank",0.0018462206245938614,""
"org.axonframework.modelling.command.inspection.MethodCreationPolicyDefinition$MethodCreationPolicyHandlingMember","MethodCreationPolicyDefinition$MethodCreationPolicyHandlingMember","centralityPageRank",0.0018462206245938614,""
"org.axonframework.queryhandling.DefaultQueryBusSpanFactory$Builder","DefaultQueryBusSpanFactory$Builder","centralityPageRank",0.0018458551621947324,""
"org.axonframework.common.caching.EhCache3Adapter$1","EhCache3Adapter$1","centralityPageRank",0.0018386527519432625,""
"org.axonframework.tracing.LoggingSpanFactory$Slf4jSpan$Slf4jSpanScope","LoggingSpanFactory$Slf4jSpan$Slf4jSpanScope","centralityPageRank",0.001834450806174849,""
"org.axonframework.modelling.command.CommandTargetResolver","CommandTargetResolver","centralityPageRank",0.00182618872705151,""
"org.axonframework.deadline.annotation.DeadlineMethodMessageHandlerDefinition$DeadlineMethodMessageHandlingMember","DeadlineMethodMessageHandlerDefinition$DeadlineMethodMessageHandlingMember","centralityPageRank",0.0018256654159231902,""
"org.axonframework.axonserver.connector.query.StreamableResponse","StreamableResponse","centralityPageRank",0.0018230268204132418,""
"org.axonframework.config.Configuration$1","Configuration$1","centralityPageRank",0.0018200215959145213,""
"org.axonframework.axonserver.connector.util.GrpcPayloadSerializer","GrpcPayloadSerializer","centralityPageRank",0.0018199227492023487,""
"org.axonframework.eventhandling.MultiSourceTrackingToken","MultiSourceTrackingToken","centralityPageRank",0.0018191413424350847,""
"org.axonframework.commandhandling.MethodCommandHandlerDefinition$MethodCommandMessageHandlingMember","MethodCommandHandlerDefinition$MethodCommandMessageHandlingMember","centralityPageRank",0.0018189150083560222,""
"org.axonframework.config.MessageMonitorFactory","MessageMonitorFactory","centralityPageRank",0.0018187935085599467,""
"org.axonframework.eventhandling.TrackingEventProcessorConfiguration","TrackingEventProcessorConfiguration","centralityPageRank",0.0018174303201762831,""
"org.axonframework.commandhandling.CommandExecutionException","CommandExecutionException","centralityPageRank",0.0018155562777326043,""
"org.axonframework.serialization.GapAwareTrackingTokenConverter$ReflectivelyConstructedGapSetConverter","GapAwareTrackingTokenConverter$ReflectivelyConstructedGapSetConverter","centralityPageRank",0.0018139330694675608,""
"org.axonframework.eventsourcing.AggregateSnapshotter$Builder","AggregateSnapshotter$Builder","centralityPageRank",0.0018132475383535573,""
"org.axonframework.axonserver.connector.processor.EventProcessorControlService","EventProcessorControlService","centralityPageRank",0.0018130349292018988,""
"org.axonframework.modelling.command.AnnotationCommandTargetResolver$Builder","AnnotationCommandTargetResolver$Builder","centralityPageRank",0.0018044241358430796,""
"org.axonframework.serialization.upcasting.GenericUpcasterChain","GenericUpcasterChain","centralityPageRank",0.001803128220900933,""
"org.axonframework.messaging.responsetypes.PublisherResponseType","PublisherResponseType","centralityPageRank",0.001802784600249317,""
"org.axonframework.springboot.DistributedCommandBusProperties$SpringCloudProperties","DistributedCommandBusProperties$SpringCloudProperties","centralityPageRank",0.0017984123200152733,""
"org.axonframework.eventhandling.EventProcessorSpanFactory","EventProcessorSpanFactory","centralityPageRank",0.0017956662008398214,""
"org.axonframework.axonserver.connector.heartbeat.HeartbeatSource","HeartbeatSource","centralityPageRank",0.0017943210790238703,""
"org.axonframework.eventhandling.replay.ReplayContextParameterResolverFactory$ReplayContextParameterResolver","ReplayContextParameterResolverFactory$ReplayContextParameterResolver","centralityPageRank",0.0017943210790238703,""
"org.axonframework.serialization.upcasting.ContextAwareSingleEntryMultiUpcaster","ContextAwareSingleEntryMultiUpcaster","centralityPageRank",0.0017943210790238703,""
"org.axonframework.serialization.upcasting.ContextAwareSingleEntryUpcaster","ContextAwareSingleEntryUpcaster","centralityPageRank",0.0017943210790238703,""
"org.axonframework.serialization.upcasting.SingleEntryMultiUpcaster","SingleEntryMultiUpcaster","centralityPageRank",0.0017943210790238703,""
"org.axonframework.test.FixtureResourceParameterResolverFactory$FailingParameterResolver","FixtureResourceParameterResolverFactory$FailingParameterResolver","centralityPageRank",0.0017943210790238703,""
"org.axonframework.deadline.GenericDeadlineMessage","GenericDeadlineMessage","centralityPageRank",0.001794156676741892,""
"org.axonframework.serialization.xml.CompactDriver","CompactDriver","centralityPageRank",0.001793112171878084,""
"org.axonframework.eventhandling.pooled.Coordinator$RunState","Coordinator$RunState","centralityPageRank",0.0017910016469262027,""
"org.axonframework.messaging.timeout.HandlerTimeoutConfiguration","HandlerTimeoutConfiguration","centralityPageRank",0.0017895152200486108,""
"org.axonframework.eventsourcing.eventstore.legacyjpa.EmbeddedEventStore$EventProducer","EmbeddedEventStore$EventProducer","centralityPageRank",0.0017884191771092553,""
"org.axonframework.tracing.opentelemetry.OpenTelemetrySpanFactory","OpenTelemetrySpanFactory","centralityPageRank",0.001788391613119117,""
"org.axonframework.eventsourcing.AggregateSnapshotter$SnapshotAggregate","AggregateSnapshotter$SnapshotAggregate","centralityPageRank",0.0017820073968001858,""
"org.axonframework.deadline.SimpleDeadlineManager$Builder","SimpleDeadlineManager$Builder","centralityPageRank",0.0017809235363213302,""
"org.axonframework.test.matchers.AllFieldsFilter","AllFieldsFilter","centralityPageRank",0.0017796028890253428,""
"org.axonframework.modelling.saga.repository.jpa.SagaEntry","SagaEntry","centralityPageRank",0.0017767170203799052,""
"org.axonframework.commandhandling.distributed.AnnotationRoutingStrategy$Builder","AnnotationRoutingStrategy$Builder","centralityPageRank",0.0017750454695925962,""
"org.axonframework.common.jdbc.UnitOfWorkAwareConnectionProviderWrapper$1","UnitOfWorkAwareConnectionProviderWrapper$1","centralityPageRank",0.001774040111133266,""
"org.axonframework.commandhandling.distributed.MetaDataRoutingStrategy","MetaDataRoutingStrategy","centralityPageRank",0.0017723389468901679,""
"org.axonframework.modelling.command.inspection.MethodCommandHandlerInterceptorDefinition$1","MethodCommandHandlerInterceptorDefinition$1","centralityPageRank",0.0017687128221664911,""
"org.axonframework.modelling.command.inspection.MethodCreationPolicyDefinition$1","MethodCreationPolicyDefinition$1","centralityPageRank",0.0017687128221664911,""
"org.axonframework.eventsourcing.eventstore.EmbeddedEventStore$EventProducer","EmbeddedEventStore$EventProducer","centralityPageRank",0.0017687119302862463,""
"org.axonframework.test.saga.SagaTestFixture$StubAwareCommandGatewayFactory","SagaTestFixture$StubAwareCommandGatewayFactory","centralityPageRank",0.0017672636707176392,""
"org.axonframework.messaging.AbstractMessage","AbstractMessage","centralityPageRank",0.0017632969699423826,""
"org.axonframework.eventsourcing.AbstractSnapshotter$RunnableAndFinally","AbstractSnapshotter$RunnableAndFinally","centralityPageRank",0.0017605693020814896,""
"org.axonframework.disruptor.commandhandling.CommandHandlerInvoker$DisruptorRepository","CommandHandlerInvoker$DisruptorRepository","centralityPageRank",0.0017596955728365056,""
"org.axonframework.queryhandling.QueryExecutionException","QueryExecutionException","centralityPageRank",0.0017588833948466885,""
"org.axonframework.eventhandling.SimpleEventHandlerInvoker","SimpleEventHandlerInvoker","centralityPageRank",0.0017572259742516638,""
"org.axonframework.util.ClasspathResolver","ClasspathResolver","centralityPageRank",0.0017570062519817104,""
"org.axonframework.eventhandling.TrackingEventProcessor$State","TrackingEventProcessor$State","centralityPageRank",0.0017560237471234725,""
"org.axonframework.serialization.xml.XStreamSerializer$Builder","XStreamSerializer$Builder","centralityPageRank",0.0017559396863959117,""
"org.axonframework.messaging.annotation.ClasspathHandlerDefinition","ClasspathHandlerDefinition","centralityPageRank",0.0017556651486652086,""
"org.axonframework.eventsourcing.eventstore.legacyjpa.JpaEventStorageEngine$Builder","JpaEventStorageEngine$Builder","centralityPageRank",0.0017550414721676853,""
"org.axonframework.messaging.deadletter.EnqueuePolicy","EnqueuePolicy","centralityPageRank",0.001754200526683139,""
"org.axonframework.axonserver.connector.query.QueryProcessingTask","QueryProcessingTask","centralityPageRank",0.0017526205016574709,""
"org.axonframework.commandhandling.SimpleCommandBus","SimpleCommandBus","centralityPageRank",0.0017513686642366907,""
"org.axonframework.eventsourcing.EventSourcingRepository$Builder","EventSourcingRepository$Builder","centralityPageRank",0.0017506178305748293,""
"org.axonframework.axonserver.connector.util.GrpcMetaDataConverter$1","GrpcMetaDataConverter$1","centralityPageRank",0.0017492366788423631,""
"org.axonframework.modelling.saga.metamodel.SagaMetaModelFactory","SagaMetaModelFactory","centralityPageRank",0.0017484235253822189,""
"org.axonframework.test.deadline.StubDeadlineManager","StubDeadlineManager","centralityPageRank",0.001746647325899657,""
"org.axonframework.modelling.saga.SagaLifecycle","SagaLifecycle","centralityPageRank",0.0017431408176684664,""
"org.axonframework.test.eventscheduler.StubEventScheduler","StubEventScheduler","centralityPageRank",0.001739709220333324,""
"org.axonframework.serialization.ChainedConverter$1","ChainedConverter$1","centralityPageRank",0.0017370996209483051,""
"org.axonframework.modelling.command.inspection.AnnotatedAggregateMetaModelFactory$AnnotatedAggregateModel","AnnotatedAggregateMetaModelFactory$AnnotatedAggregateModel","centralityPageRank",0.0017360365902300153,""
"org.axonframework.eventhandling.EventTrackerStatusChangeListener","EventTrackerStatusChangeListener","centralityPageRank",0.0017353392748621966,""
"org.axonframework.actuator.axonserver.AxonServerHealthIndicator","AxonServerHealthIndicator","centralityPageRank",0.0017348601465805842,""
"org.axonframework.messaging.annotation.UnsupportedHandlerException","UnsupportedHandlerException","centralityPageRank",0.0017318894166181255,""
"org.axonframework.test.saga.SagaTestFixture$ReturnResultFromStub","SagaTestFixture$ReturnResultFromStub","centralityPageRank",0.0017292162559084917,""
"org.axonframework.modelling.saga.repository.inmemory.InMemorySagaStore","InMemorySagaStore","centralityPageRank",0.0017281752442530338,""
"org.axonframework.monitoring.NoOpMessageMonitor","NoOpMessageMonitor","centralityPageRank",0.0017274080512206115,""
"org.axonframework.eventsourcing.conflictresolution.ContextAwareConflictExceptionSupplier","ContextAwareConflictExceptionSupplier","centralityPageRank",0.001727237124177629,""
"org.axonframework.eventhandling.scheduling.java.SimpleEventScheduler$Builder","SimpleEventScheduler$Builder","centralityPageRank",0.001725698275992534,""
"org.axonframework.axonserver.connector.util.GrpcMetadataSerializer","GrpcMetadataSerializer","centralityPageRank",0.0017212951041283642,""
"org.axonframework.serialization.AnnotationRevisionResolver","AnnotationRevisionResolver","centralityPageRank",0.0017203465040586709,""
"org.axonframework.messaging.deadletter.DeadLetterParameterResolverFactory$DeadLetterParameterResolver","DeadLetterParameterResolverFactory$DeadLetterParameterResolver","centralityPageRank",0.0017178713087396453,""
"org.axonframework.springboot.service.connection.AxonServerTestContainerConnectionDetailsFactory$AxonServerContainerConnectionDetails","AxonServerTestContainerConnectionDetailsFactory$AxonServerContainerConnectionDetails","centralityPageRank",0.0017178713087396453,""
"org.axonframework.commandhandling.distributed.AbstractRoutingStrategy","AbstractRoutingStrategy","centralityPageRank",0.0017135967880764662,""
"org.axonframework.serialization.UnknownSerializedType","UnknownSerializedType","centralityPageRank",0.0017102547455183437,""
"org.axonframework.eventhandling.scheduling.quartz.EventJobDataBinder","EventJobDataBinder","centralityPageRank",0.0017069388215548494,""
"org.axonframework.modelling.command.ConcurrencyException","ConcurrencyException","centralityPageRank",0.0017042707150044041,""
"org.axonframework.commandhandling.callbacks.FutureCallback","FutureCallback","centralityPageRank",0.0017033736245549483,""
"org.axonframework.test.saga.SagaTestFixture$StubAwareCommandGatewayFactory$Builder","SagaTestFixture$StubAwareCommandGatewayFactory$Builder","centralityPageRank",0.0017024847914557909,""
"org.axonframework.messaging.unitofwork.BatchingUnitOfWork","BatchingUnitOfWork","centralityPageRank",0.0017023675362117326,""
"org.axonframework.disruptor.commandhandling.DisruptorCommandBus$Builder","DisruptorCommandBus$Builder","centralityPageRank",0.0017021640008369745,""
"org.axonframework.monitoring.MultiMessageMonitor","MultiMessageMonitor","centralityPageRank",0.0016977113586217414,""
"org.axonframework.test.aggregate.TestExecutor","TestExecutor","centralityPageRank",0.0016964229193440448,""
"org.axonframework.eventhandling.AbstractEventBus","AbstractEventBus","centralityPageRank",0.0016942230270268954,""
"org.axonframework.eventhandling.scheduling.jobrunr.JobRunrEventScheduler$Builder","JobRunrEventScheduler$Builder","centralityPageRank",0.0016939108664475232,""
"org.axonframework.eventhandling.scheduling.java.SimpleScheduleToken","SimpleScheduleToken","centralityPageRank",0.0016891898291471628,""
"org.axonframework.axonserver.connector.query.GrpcBackedQueryMessage","GrpcBackedQueryMessage","centralityPageRank",0.0016885118981053656,""
"org.axonframework.messaging.deadletter.DeadLetterQueueOverflowException","DeadLetterQueueOverflowException","centralityPageRank",0.001687669336668436,""
"org.axonframework.common.property.DirectlyAccessedProperty","DirectlyAccessedProperty","centralityPageRank",0.0016872914006259554,""
"org.axonframework.serialization.upcasting.event.EventTypeUpcaster$Builder","EventTypeUpcaster$Builder","centralityPageRank",0.001687109291114286,""
"org.axonframework.commandhandling.gateway.CommandGatewayFactory$DispatchOnInvocationHandler","CommandGatewayFactory$DispatchOnInvocationHandler","centralityPageRank",0.0016870157962534345,""
"org.axonframework.deadline.dbscheduler.DbSchedulerDeadlineManager$Builder","DbSchedulerDeadlineManager$Builder","centralityPageRank",0.0016864656379784607,""
"org.axonframework.deadline.jobrunr.JobRunrDeadlineManager$Builder","JobRunrDeadlineManager$Builder","centralityPageRank",0.0016811174385415182,""
"org.axonframework.commandhandling.AsynchronousCommandBus$Builder","AsynchronousCommandBus$Builder","centralityPageRank",0.0016797583124630064,""
"org.axonframework.modelling.saga.SagaManagerSpanFactory","SagaManagerSpanFactory","centralityPageRank",0.0016785618926623545,""
"org.axonframework.modelling.command.LockAwareAggregate$LockSupplier","LockAwareAggregate$LockSupplier","centralityPageRank",0.001677662702415176,""
"org.axonframework.modelling.saga.AnnotatedSaga","AnnotatedSaga","centralityPageRank",0.0016772026170310313,""
"org.axonframework.modelling.command.ForwardMatchingInstances$NoProperty","ForwardMatchingInstances$NoProperty","centralityPageRank",0.0016739669774169445,""
"org.axonframework.tracing.NestingSpanFactory","NestingSpanFactory","centralityPageRank",0.0016735375195337395,""
"org.axonframework.springboot.autoconfig.MicrometerMetricsAutoConfiguration","MicrometerMetricsAutoConfiguration","centralityPageRank",0.0016735151527833018,""
"org.axonframework.queryhandling.QueryInvocationErrorHandler","QueryInvocationErrorHandler","centralityPageRank",0.0016706766421657685,""
"org.axonframework.commandhandling.gateway.AbstractCommandGateway","AbstractCommandGateway","centralityPageRank",0.0016702569821571765,""
"org.axonframework.messaging.annotation.ClasspathParameterResolverFactory","ClasspathParameterResolverFactory","centralityPageRank",0.0016690852849067341,""
"org.axonframework.modelling.saga.repository.LockingSagaRepository$Builder","LockingSagaRepository$Builder","centralityPageRank",0.0016675793725221169,""
"org.axonframework.axonserver.connector.event.axon.PersistentStreamConnection$SegmentConnection$ProcessingState","PersistentStreamConnection$SegmentConnection$ProcessingState","centralityPageRank",0.0016651312005999273,""
"org.axonframework.eventhandling.scheduling.dbscheduler.DbSchedulerEventScheduler$Builder","DbSchedulerEventScheduler$Builder","centralityPageRank",0.0016616742310294945,""
"org.axonframework.commandhandling.CommandHandler","CommandHandler","centralityPageRank",0.00166158308379093,""
"org.axonframework.modelling.saga.EndSagaMessageHandlerDefinition$EndSageMessageHandlingMember","EndSagaMessageHandlerDefinition$EndSageMessageHandlingMember","centralityPageRank",0.0016605339810264765,""
"org.axonframework.disruptor.commandhandling.CommandHandlingEntry$RepeatingCommandHandler","CommandHandlingEntry$RepeatingCommandHandler","centralityPageRank",0.0016557901658631334,""
"org.axonframework.eventsourcing.AbstractSnapshotter$AggregateTypeId","AbstractSnapshotter$AggregateTypeId","centralityPageRank",0.0016554531315363594,""
"org.axonframework.eventsourcing.AbstractSnapshotter$SilentTask","AbstractSnapshotter$SilentTask","centralityPageRank",0.0016554531315363594,""
"org.axonframework.deadline.annotation.DeadlineMethodMessageHandlerDefinition$1","DeadlineMethodMessageHandlerDefinition$1","centralityPageRank",0.0016549123354483225,""
"org.axonframework.serialization.JavaSerializer","JavaSerializer","centralityPageRank",0.0016529856784588874,""
"org.axonframework.modelling.command.ConflictingAggregateVersionException","ConflictingAggregateVersionException","centralityPageRank",0.00165260883723958,""
"org.axonframework.eventhandling.tokenstore.inmemory.InMemoryTokenStore$ProcessAndSegment","InMemoryTokenStore$ProcessAndSegment","centralityPageRank",0.0016518606690779816,""
"org.axonframework.messaging.IllegalPayloadAccessException","IllegalPayloadAccessException","centralityPageRank",0.0016500263708962462,""
"org.axonframework.eventhandling.DomainEventSequenceAware","DomainEventSequenceAware","centralityPageRank",0.0016499755631681121,""
"org.axonframework.eventhandling.TrackingEventProcessor$Builder","TrackingEventProcessor$Builder","centralityPageRank",0.0016493184680741707,""
"org.axonframework.eventhandling.SubscribingEventProcessor$Builder","SubscribingEventProcessor$Builder","centralityPageRank",0.001648636327671539,""
"org.axonframework.common.caching.EhCacheAdapter$CacheEventListenerAdapter","EhCacheAdapter$CacheEventListenerAdapter","centralityPageRank",0.001648371517572168,""
"org.axonframework.disruptor.commandhandling.CommandHandlingEntry$1","CommandHandlingEntry$1","centralityPageRank",0.001647273344055586,""
"org.axonframework.eventsourcing.EventStreamUtils","EventStreamUtils","centralityPageRank",0.0016436080781823228,""
"org.axonframework.common.lock.NoOpLock","NoOpLock","centralityPageRank",0.0016422676408109683,""
"org.axonframework.axonserver.connector.query.AxonServerQueryBus$Builder","AxonServerQueryBus$Builder","centralityPageRank",0.0016409310542725793,""
"org.axonframework.config.EventProcessingModule$InstanceProcessingGroupSelector","EventProcessingModule$InstanceProcessingGroupSelector","centralityPageRank",0.001640545671151996,""
"org.axonframework.queryhandling.GenericQueryMessage","GenericQueryMessage","centralityPageRank",0.0016402276715795695,""
"org.axonframework.eventsourcing.eventstore.AbstractSnapshotEventEntry$PK","AbstractSnapshotEventEntry$PK","centralityPageRank",0.0016398104835065794,""
"org.axonframework.common.jdbc.PagingJdbcIterable$PagingIterator","PagingJdbcIterable$PagingIterator","centralityPageRank",0.0016382201987036019,""
"org.axonframework.modelling.saga.repository.AssociationValueMap$AssociationValueComparator","AssociationValueMap$AssociationValueComparator","centralityPageRank",0.0016372273494326187,""
"org.axonframework.springboot.TimeoutProperties","TimeoutProperties","centralityPageRank",0.0016350489422191407,""
"org.axonframework.config.ConfigurerModule","ConfigurerModule","centralityPageRank",0.0016334341837533745,""
"org.axonframework.eventhandling.TrackedDomainEventData","TrackedDomainEventData","centralityPageRank",0.0016326156348183834,""
"org.axonframework.axonserver.connector.query.StreamableFluxResponse$SendingSubscriber","StreamableFluxResponse$SendingSubscriber","centralityPageRank",0.0016304930706572832,""
"org.axonframework.commandhandling.NoHandlerForCommandException","NoHandlerForCommandException","centralityPageRank",0.001630106613182682,""
"org.axonframework.eventhandling.EventProcessingException","EventProcessingException","centralityPageRank",0.0016297150200229793,""
"org.axonframework.commandhandling.gateway.RetryingCallback$1","RetryingCallback$1","centralityPageRank",0.0016291434517774902,""
"org.axonframework.serialization.ChainedConverter$RouteCalculator","ChainedConverter$RouteCalculator","centralityPageRank",0.0016274294663591437,""
"org.axonframework.modelling.saga.AnnotatedSagaManager$Builder","AnnotatedSagaManager$Builder","centralityPageRank",0.0016274146576284016,""
"org.axonframework.commandhandling.gateway.CommandGatewayFactory$GatewayInvocationHandler","CommandGatewayFactory$GatewayInvocationHandler","centralityPageRank",0.0016269223035426123,""
"org.axonframework.tracing.NestingSpanFactory$Builder","NestingSpanFactory$Builder","centralityPageRank",0.0016249601651961727,""
"org.axonframework.axonserver.connector.query.AxonServerQueryBus$LocalSegmentAdapter","AxonServerQueryBus$LocalSegmentAdapter","centralityPageRank",0.0016244614030163174,""
"org.axonframework.eventhandling.tokenstore.jpa.TokenEntry$PK","TokenEntry$PK","centralityPageRank",0.0016227202701293898,""
"org.axonframework.queryhandling.UpdateHandlerRegistration","UpdateHandlerRegistration","centralityPageRank",0.0016219138280466755,""
"org.axonframework.commandhandling.distributed.ConsistentHash$1","ConsistentHash$1","centralityPageRank",0.0016209991421068852,""
"org.axonframework.eventhandling.MultiStreamableMessageSource$SourceIdAwareBlockingStream","MultiStreamableMessageSource$SourceIdAwareBlockingStream","centralityPageRank",0.0016204803375592148,""
"org.axonframework.serialization.CachingSupplier","CachingSupplier","centralityPageRank",0.0016188394050637976,""
"org.axonframework.commandhandling.gateway.RetryingCallback$RetryDispatch","RetryingCallback$RetryDispatch","centralityPageRank",0.0016186295262392615,""
"org.axonframework.serialization.avro.AvroSerializerStrategy","AvroSerializerStrategy","centralityPageRank",0.0016183669404594406,""
"org.axonframework.eventhandling.TrackingEventStream","TrackingEventStream","centralityPageRank",0.0016183333441413985,""
"org.axonframework.queryhandling.QueryUpdateEmitterSpanFactory","QueryUpdateEmitterSpanFactory","centralityPageRank",0.0016180780409421082,""
"org.axonframework.modelling.command.LockAwareAggregate","LockAwareAggregate","centralityPageRank",0.0016176925033141074,""
"org.axonframework.commandhandling.MethodCommandHandlerDefinition$1","MethodCommandHandlerDefinition$1","centralityPageRank",0.0016175398751654062,""
"org.axonframework.eventhandling.pooled.MaxSegmentProvider","MaxSegmentProvider","centralityPageRank",0.0016169525762706747,""
"org.axonframework.eventhandling.AnnotationEventHandlerAdapter","AnnotationEventHandlerAdapter","centralityPageRank",0.0016169339200207,""
"org.axonframework.actuator.axonserver.AxonServerStatusAggregator","AxonServerStatusAggregator","centralityPageRank",0.001615938281694012,""
"org.axonframework.modelling.saga.PayloadAssociationResolver","PayloadAssociationResolver","centralityPageRank",0.001615938281694012,""
"org.axonframework.common.CollectionUtils","CollectionUtils","centralityPageRank",0.0016148877138517407,""
"org.axonframework.axonserver.connector.event.axon.QueryResultStream","QueryResultStream","centralityPageRank",0.0016135497939317744,""
"org.axonframework.tracing.opentelemetry.OpenTelemetrySpan","OpenTelemetrySpan","centralityPageRank",0.0016126919524667182,""
"org.axonframework.messaging.ExecutionException","ExecutionException","centralityPageRank",0.001612054233255824,""
"org.axonframework.queryhandling.registration.DuplicateQueryHandlerSubscriptionException","DuplicateQueryHandlerSubscriptionException","centralityPageRank",0.001609106092388771,""
"org.axonframework.modelling.saga.repository.jdbc.SagaSqlSchema","SagaSqlSchema","centralityPageRank",0.001605274352252165,""
"org.axonframework.messaging.annotation.MultiParameterResolverFactory","MultiParameterResolverFactory","centralityPageRank",0.0016023899386218392,""
"org.axonframework.config.LifecycleHandlerInspector","LifecycleHandlerInspector","centralityPageRank",0.001601686385976395,""
"org.axonframework.test.aggregate.AggregateTestFixture$CreationalRepository","AggregateTestFixture$CreationalRepository","centralityPageRank",0.0016007610061290814,""
"org.axonframework.eventhandling.async.PropertySequencingPolicy$1","PropertySequencingPolicy$1","centralityPageRank",0.0015978988907068073,""
"org.axonframework.queryhandling.SubscriptionQueryBackpressure","SubscriptionQueryBackpressure","centralityPageRank",0.001597720169067677,""
"org.axonframework.modelling.command.GenericJpaRepository$Builder","GenericJpaRepository$Builder","centralityPageRank",0.001596977936921163,""
"org.axonframework.springboot.EventProcessorProperties","EventProcessorProperties","centralityPageRank",0.0015961201039653321,""
"org.axonframework.test.saga.SagaTestFixture$1","SagaTestFixture$1","centralityPageRank",0.00159344780919332,""
"org.axonframework.axonserver.connector.command.AxonServerCommandBus$Builder","AxonServerCommandBus$Builder","centralityPageRank",0.0015903439172618118,""
"org.axonframework.springboot.TagsConfigurationProperties","TagsConfigurationProperties","centralityPageRank",0.0015901287129328982,""
"org.axonframework.axonserver.connector.util.GrpcMetaData","GrpcMetaData","centralityPageRank",0.0015894892943454724,""
"org.axonframework.tracing.TracingHandlerEnhancerDefinition$1","TracingHandlerEnhancerDefinition$1","centralityPageRank",0.001587795244348162,""
"org.axonframework.config.LifecycleOperations","LifecycleOperations","centralityPageRank",0.0015877589738082783,""
"org.axonframework.eventsourcing.eventstore.jdbc.JdbcEventStorageEngine$Builder","JdbcEventStorageEngine$Builder","centralityPageRank",0.0015877174922701407,""
"org.axonframework.serialization.SerializedMessage","SerializedMessage","centralityPageRank",0.0015876812386677406,""
"org.axonframework.messaging.deadletter.ShouldEnqueue","ShouldEnqueue","centralityPageRank",0.0015855322808633941,""
"org.axonframework.queryhandling.SimpleQueryBus$Builder","SimpleQueryBus$Builder","centralityPageRank",0.0015842323320900513,""
"org.axonframework.axonserver.connector.event.axon.PersistentStreamConnection$1","PersistentStreamConnection$1","centralityPageRank",0.0015835734567238515,""
"org.axonframework.common.caching.JCacheAdapter$JCacheListenerAdapter","JCacheAdapter$JCacheListenerAdapter","centralityPageRank",0.0015802617222280403,""
"org.axonframework.eventhandling.SequenceNumberParameterResolverFactory$SequenceNumberParameterResolver","SequenceNumberParameterResolverFactory$SequenceNumberParameterResolver","centralityPageRank",0.0015802617222280403,""
"org.axonframework.eventhandling.TimestampParameterResolverFactory$TimestampParameterResolver","TimestampParameterResolverFactory$TimestampParameterResolver","centralityPageRank",0.0015802617222280403,""
"org.axonframework.messaging.annotation.AggregateTypeParameterResolverFactory$AggregateTypeParameterResolver","AggregateTypeParameterResolverFactory$AggregateTypeParameterResolver","centralityPageRank",0.0015802617222280403,""
"org.axonframework.messaging.annotation.MessageIdentifierParameterResolverFactory$MessageIdentifierParameterResolver","MessageIdentifierParameterResolverFactory$MessageIdentifierParameterResolver","centralityPageRank",0.0015802617222280403,""
"org.axonframework.messaging.annotation.SourceIdParameterResolverFactory$SourceIdParameterResolver","SourceIdParameterResolverFactory$SourceIdParameterResolver","centralityPageRank",0.0015802617222280403,""
"org.axonframework.queryhandling.QueryBus$1","QueryBus$1","centralityPageRank",0.0015795891632470918,""
"org.axonframework.modelling.saga.repository.AnnotatedSagaRepository$Builder","AnnotatedSagaRepository$Builder","centralityPageRank",0.0015789371505859232,""
"org.axonframework.eventhandling.pooled.CoordinatorTask","CoordinatorTask","centralityPageRank",0.0015778279551211826,""
"org.axonframework.axonserver.connector.event.axon.GrpcMetaDataAwareSerializer","GrpcMetaDataAwareSerializer","centralityPageRank",0.0015774002267563436,""
"org.axonframework.eventhandling.pooled.WorkPackage$BatchProcessor","WorkPackage$BatchProcessor","centralityPageRank",0.0015751557780411647,""
"org.axonframework.eventhandling.pooled.WorkPackage$EventFilter","WorkPackage$EventFilter","centralityPageRank",0.0015751557780411647,""
"org.axonframework.config.SagaConfigurer","SagaConfigurer","centralityPageRank",0.0015731304305122223,""
"org.axonframework.queryhandling.QueryHandler","QueryHandler","centralityPageRank",0.0015723020176514884,""
"org.axonframework.axonserver.connector.event.axon.GrpcBackedDomainEventData","GrpcBackedDomainEventData","centralityPageRank",0.0015721078132116802,""
"org.axonframework.eventsourcing.eventstore.AbstractEventStorageEngine","AbstractEventStorageEngine","centralityPageRank",0.0015697208567043098,""
"org.axonframework.eventhandling.async.AsynchronousEventProcessingStrategy$1","AsynchronousEventProcessingStrategy$1","centralityPageRank",0.0015672236937528368,""
"org.axonframework.axonserver.connector.ConnectionManager","ConnectionManager","centralityPageRank",0.0015671386316566008,""
"org.axonframework.common.lock.DeadlockException","DeadlockException","centralityPageRank",0.0015664109799154605,""
"org.axonframework.deadline.dbscheduler.DbSchedulerBinaryDeadlineDetails","DbSchedulerBinaryDeadlineDetails","centralityPageRank",0.0015662835829833139,""
"org.axonframework.modelling.command.inspection.AbstractChildEntityDefinition","AbstractChildEntityDefinition","centralityPageRank",0.0015644817055411682,""
"org.axonframework.modelling.saga.repository.jpa.JpaSagaStore","JpaSagaStore","centralityPageRank",0.001563015118767063,""
"org.axonframework.eventhandling.pooled.Coordinator$EventFilter","Coordinator$EventFilter","centralityPageRank",0.0015604427850775472,""
"org.axonframework.axonserver.connector.command.CommandSerializer","CommandSerializer","centralityPageRank",0.0015580747581140765,""
"org.axonframework.eventhandling.SimpleEventBus","SimpleEventBus","centralityPageRank",0.0015576219303872652,""
"org.axonframework.eventhandling.deadletter.jpa.JpaSequencedDeadLetterQueue$Builder","JpaSequencedDeadLetterQueue$Builder","centralityPageRank",0.001556271728864875,""
"org.axonframework.eventhandling.scheduling.dbscheduler.DbSchedulerBinaryEventData","DbSchedulerBinaryEventData","centralityPageRank",0.0015553696284311025,""
"org.axonframework.modelling.saga.repository.legacyjpa.JpaSagaStore","JpaSagaStore","centralityPageRank",0.0015535895545505257,""
"org.axonframework.messaging.deadletter.NoSuchDeadLetterException","NoSuchDeadLetterException","centralityPageRank",0.0015519923910177718,""
"org.axonframework.eventhandling.replay.ReplayAwareMessageHandlerWrapper$ReplayBlockingMessageHandlingMember","ReplayAwareMessageHandlerWrapper$ReplayBlockingMessageHandlingMember","centralityPageRank",0.0015510718099376998,""
"org.axonframework.queryhandling.annotation.MethodQueryMessageHandlerDefinition$MethodQueryMessageHandlingMember","MethodQueryMessageHandlerDefinition$MethodQueryMessageHandlingMember","centralityPageRank",0.0015510718099376998,""
"org.axonframework.eventhandling.gateway.AbstractEventGateway","AbstractEventGateway","centralityPageRank",0.0015508962753164699,""
"org.axonframework.eventhandling.tokenstore.jdbc.TokenTableFactory","TokenTableFactory","centralityPageRank",0.0015491839651023977,""
"org.axonframework.eventhandling.deadletter.legacyjpa.JpaSequencedDeadLetterQueue$Builder","JpaSequencedDeadLetterQueue$Builder","centralityPageRank",0.0015480260038537857,""
"org.axonframework.monitoring.MultiMessageMonitor$1","MultiMessageMonitor$1","centralityPageRank",0.001547783617999991,""
"org.axonframework.eventhandling.gateway.DefaultEventGateway","DefaultEventGateway","centralityPageRank",0.0015444190125554935,""
"org.axonframework.common.ProcessUtils","ProcessUtils","centralityPageRank",0.0015425616830525256,""
"org.axonframework.deadline.dbscheduler.DbSchedulerHumanReadableDeadlineDetails","DbSchedulerHumanReadableDeadlineDetails","centralityPageRank",0.0015419586560746967,""
"org.axonframework.test.matchers.EqualsMatcher","EqualsMatcher","centralityPageRank",0.0015412035340643165,""
"org.axonframework.eventhandling.deadletter.SequenceIdentifierCache","SequenceIdentifierCache","centralityPageRank",0.0015410590369214754,""
"org.axonframework.modelling.command.legacyjpa.GenericJpaRepository$Builder","GenericJpaRepository$Builder","centralityPageRank",0.0015402081693101782,""
"org.axonframework.test.matchers.EqualFieldsMatcher","EqualFieldsMatcher","centralityPageRank",0.0015398210242007725,""
"org.axonframework.modelling.command.TargetAggregateIdentifier","TargetAggregateIdentifier","centralityPageRank",0.0015383541488420453,""
"org.axonframework.modelling.command.TargetAggregateVersion","TargetAggregateVersion","centralityPageRank",0.0015383541488420453,""
"org.axonframework.axonserver.connector.query.AxonServerQueryBus$1","AxonServerQueryBus$1","centralityPageRank",0.0015382085868041035,""
"org.axonframework.modelling.saga.SagaInitializationPolicy","SagaInitializationPolicy","centralityPageRank",0.0015375142857425666,""
"org.axonframework.modelling.command.AggregateInvocationException","AggregateInvocationException","centralityPageRank",0.0015374773145512242,""
"org.axonframework.eventhandling.deadletter.jpa.JpaDeadLetter","JpaDeadLetter","centralityPageRank",0.0015360015788120599,""
"org.axonframework.serialization.json.JacksonSerializer$Builder","JacksonSerializer$Builder","centralityPageRank",0.001535598378061873,""
"org.axonframework.queryhandling.GenericQueryResponseMessage","GenericQueryResponseMessage","centralityPageRank",0.001535428074633917,""
"org.axonframework.eventsourcing.AggregateSnapshotter$1","AggregateSnapshotter$1","centralityPageRank",0.0015336520399796,""
"org.axonframework.springboot.TracingProperties$EventProcessorProperties","TracingProperties$EventProcessorProperties","centralityPageRank",0.0015327915195213705,""
"org.axonframework.messaging.responsetypes.OptionalResponseType","OptionalResponseType","centralityPageRank",0.0015327589339183976,""
"org.axonframework.axonserver.connector.util.GrpcPayloadSerializer$1","GrpcPayloadSerializer$1","centralityPageRank",0.0015321610967742865,""
"org.axonframework.eventhandling.scheduling.dbscheduler.DbSchedulerHumanReadableEventData","DbSchedulerHumanReadableEventData","centralityPageRank",0.0015310447015224854,""
"org.axonframework.eventhandling.pooled.Coordinator$CoordinationTask","Coordinator$CoordinationTask","centralityPageRank",0.0015287289504713661,""
"org.axonframework.eventhandling.deadletter.legacyjpa.JpaDeadLetter","JpaDeadLetter","centralityPageRank",0.0015276633209370552,""
"org.axonframework.springboot.autoconfig.TransactionAutoConfiguration","TransactionAutoConfiguration","centralityPageRank",0.0015276013216381416,""
"org.axonframework.axonserver.connector.heartbeat.connection.checker.ActiveGrpcChannelChecker","ActiveGrpcChannelChecker","centralityPageRank",0.0015267468830290824,""
"org.axonframework.eventhandling.tokenstore.UnableToInitializeTokenException","UnableToInitializeTokenException","centralityPageRank",0.0015263527286930889,""
"org.axonframework.serialization.avro.AvroSerializer$Builder","AvroSerializer$Builder","centralityPageRank",0.0015246544613484489,""
"org.axonframework.modelling.saga.repository.jpa.JpaSagaStore$Builder","JpaSagaStore$Builder","centralityPageRank",0.0015242583606618178,""
"org.axonframework.eventsourcing.eventstore.legacyjpa.EmbeddedEventStore$Cleaner","EmbeddedEventStore$Cleaner","centralityPageRank",0.0015237959320717753,""
"org.axonframework.modelling.command.AggregateAnnotationCommandHandler$Builder","AggregateAnnotationCommandHandler$Builder","centralityPageRank",0.0015237019834135669,""
"org.axonframework.commandhandling.DuplicateCommandHandlerSubscriptionException","DuplicateCommandHandlerSubscriptionException","centralityPageRank",0.0015235952106203723,""
"org.axonframework.disruptor.commandhandling.AggregateBlacklistedException","AggregateBlacklistedException","centralityPageRank",0.0015229290427218715,""
"org.axonframework.commandhandling.gateway.DefaultCommandGateway$Builder","DefaultCommandGateway$Builder","centralityPageRank",0.0015229061803126661,""
"org.axonframework.eventhandling.tokenstore.jpa.JpaTokenStore","JpaTokenStore","centralityPageRank",0.0015214893003572545,""
"org.axonframework.axonserver.connector.TargetContextResolver","TargetContextResolver","centralityPageRank",0.0015204119345643351,""
"org.axonframework.queryhandling.NoHandlerForQueryException","NoHandlerForQueryException","centralityPageRank",0.0015191196008077902,""
"org.axonframework.messaging.annotation.InterceptorChainParameterResolverFactory","InterceptorChainParameterResolverFactory","centralityPageRank",0.0015190960979062755,""
"org.axonframework.axonserver.connector.util.ExecutorServiceBuilder","ExecutorServiceBuilder","centralityPageRank",0.0015172422840985548,""
"org.axonframework.deadline.DeadlineException","DeadlineException","centralityPageRank",0.0015169761960536826,""
"org.axonframework.eventhandling.GenericTrackedDomainEventMessage","GenericTrackedDomainEventMessage","centralityPageRank",0.001516811151923627,""
"org.axonframework.queryhandling.DefaultQueryGateway","DefaultQueryGateway","centralityPageRank",0.001515469500845085,""
"org.axonframework.serialization.SerialVersionUIDRevisionResolver","SerialVersionUIDRevisionResolver","centralityPageRank",0.0015152970066720606,""
"org.axonframework.modelling.saga.SagaExecutionException","SagaExecutionException","centralityPageRank",0.0015149337716805604,""
"org.axonframework.axonserver.connector.ErrorCode$ExceptionBuilder","ErrorCode$ExceptionBuilder","centralityPageRank",0.0015146534859564976,""
"org.axonframework.eventsourcing.eventstore.EmbeddedEventStore$Cleaner","EmbeddedEventStore$Cleaner","centralityPageRank",0.0015139423086602704,""
"org.axonframework.eventhandling.tokenstore.legacyjpa.JpaTokenStore","JpaTokenStore","centralityPageRank",0.0015134112430585705,""
"org.axonframework.test.utils.RecordingCommandBus","RecordingCommandBus","centralityPageRank",0.0015108313216971642,""
"org.axonframework.messaging.unitofwork.AbstractUnitOfWork","AbstractUnitOfWork","centralityPageRank",0.0015100737603615775,""
"org.axonframework.common.digest.Digester","Digester","centralityPageRank",0.0015084819926758422,""
"org.axonframework.axonserver.connector.event.axon.AxonServerEventScheduler","AxonServerEventScheduler","centralityPageRank",0.0015073787879744747,""
"org.axonframework.serialization.JavaSerializer$Builder","JavaSerializer$Builder","centralityPageRank",0.0015066136590636053,""
"org.axonframework.messaging.annotation.MessageHandlerInterceptorDefinition$InterceptedMessageHandlingMember","MessageHandlerInterceptorDefinition$InterceptedMessageHandlingMember","centralityPageRank",0.0015061642525679452,""
"org.axonframework.messaging.annotation.MessageHandlerInterceptorDefinition$ResultHandlingInterceptorMember","MessageHandlerInterceptorDefinition$ResultHandlingInterceptorMember","centralityPageRank",0.0015061642525679452,""
"org.axonframework.messaging.timeout.HandlerTimeoutHandlerEnhancerDefinition","HandlerTimeoutHandlerEnhancerDefinition","centralityPageRank",0.0015061642525679452,""
"org.axonframework.springboot.autoconfig.AxonTimeoutAutoConfiguration$AxonTimeoutConfigurerModule","AxonTimeoutAutoConfiguration$AxonTimeoutConfigurerModule","centralityPageRank",0.0015061642525679452,""
"org.axonframework.modelling.saga.SagaScopeDescriptor","SagaScopeDescriptor","centralityPageRank",0.0015055999054861316,""
"org.axonframework.config.EventProcessingConfigurer$PooledStreamingProcessorConfiguration","EventProcessingConfigurer$PooledStreamingProcessorConfiguration","centralityPageRank",0.0015050406157100518,""
"org.axonframework.modelling.saga.repository.legacyjpa.JpaSagaStore$Builder","JpaSagaStore$Builder","centralityPageRank",0.001504250342094185,""
"org.axonframework.monitoring.NoOpMessageMonitorCallback","NoOpMessageMonitorCallback","centralityPageRank",0.0015038888083019645,""
"org.axonframework.axonserver.connector.event.axon.PersistentStreamScheduledExecutorBuilder","PersistentStreamScheduledExecutorBuilder","centralityPageRank",0.0015032107312843218,""
"org.axonframework.common.annotation.PriorityAnnotationComparator","PriorityAnnotationComparator","centralityPageRank",0.0015019963296321196,""
"org.axonframework.eventsourcing.AggregateCacheEntry","AggregateCacheEntry","centralityPageRank",0.00150172535252711,""
"org.axonframework.disruptor.commandhandling.EventPublisher$1","EventPublisher$1","centralityPageRank",0.0014992967313146321,""
"org.axonframework.common.jdbc.ConnectionWrapperFactory$NoOpCloseHandler","ConnectionWrapperFactory$NoOpCloseHandler","centralityPageRank",0.0014986874255308409,""
"org.axonframework.axonserver.connector.query.AxonServerQueryDispatchException","AxonServerQueryDispatchException","centralityPageRank",0.0014985052223724358,""
"org.axonframework.eventhandling.scheduling.quartz.QuartzEventScheduler$Builder","QuartzEventScheduler$Builder","centralityPageRank",0.001498312276294379,""
"org.axonframework.eventsourcing.AbstractSnapshotter$CreateSnapshotTask","AbstractSnapshotter$CreateSnapshotTask","centralityPageRank",0.0014969409537355332,""
"org.axonframework.eventhandling.LoggingErrorHandler","LoggingErrorHandler","centralityPageRank",0.0014963508630097399,""
"org.axonframework.serialization.json.JacksonSerializer","JacksonSerializer","centralityPageRank",0.0014959688079475976,""
"org.axonframework.eventhandling.tokenstore.jpa.JpaTokenStore$Builder","JpaTokenStore$Builder","centralityPageRank",0.0014947250346385812,""
"org.axonframework.eventhandling.deadletter.jdbc.DefaultDeadLetterJdbcConverter$Builder","DefaultDeadLetterJdbcConverter$Builder","centralityPageRank",0.0014942035413626356,""
"org.axonframework.eventhandling.scheduling.jobrunr.JobRunrEventScheduler","JobRunrEventScheduler","centralityPageRank",0.0014937372377774947,""
"org.axonframework.serialization.upcasting.event.EventUpcasterChain","EventUpcasterChain","centralityPageRank",0.001493211388066716,""
"org.axonframework.eventhandling.async.AsynchronousEventProcessingStrategy$SchedulerCleanUp","AsynchronousEventProcessingStrategy$SchedulerCleanUp","centralityPageRank",0.0014917132278801776,""
"org.axonframework.test.aggregate.FixtureConfiguration","FixtureConfiguration","centralityPageRank",0.0014914592733248845,""
"org.axonframework.eventhandling.tokenstore.UnableToRetrieveIdentifierException","UnableToRetrieveIdentifierException","centralityPageRank",0.0014912591720377473,""
"org.axonframework.tracing.MultiSpanFactory$MultiSpan","MultiSpanFactory$MultiSpan","centralityPageRank",0.0014900210129905824,""
"org.axonframework.config.SagaConfigurer$SagaConfigurationImpl","SagaConfigurer$SagaConfigurationImpl","centralityPageRank",0.001489717656148728,""
"org.axonframework.messaging.deadletter.InMemorySequencedDeadLetterQueue$Builder","InMemorySequencedDeadLetterQueue$Builder","centralityPageRank",0.0014889106479995346,""
"org.axonframework.axonserver.connector.query.GrpcBackedResponseMessage","GrpcBackedResponseMessage","centralityPageRank",0.0014862936215929985,""
"org.axonframework.commandhandling.distributed.CommandBusConnectorCommunicationException","CommandBusConnectorCommunicationException","centralityPageRank",0.0014844983257667477,""
"org.axonframework.modelling.saga.metamodel.AnnotationSagaMetaModelFactory$InspectedSagaModel","AnnotationSagaMetaModelFactory$InspectedSagaModel","centralityPageRank",0.0014810299128132946,""
"org.axonframework.axonserver.connector.event.axon.AxonServerEventScheduler$Builder","AxonServerEventScheduler$Builder","centralityPageRank",0.0014795928938578598,""
"org.axonframework.eventhandling.deadletter.jdbc.DeadLetterStatementFactory","DeadLetterStatementFactory","centralityPageRank",0.0014794632046043227,""
"org.axonframework.eventhandling.deadletter.jdbc.DefaultDeadLetterJdbcConverter","DefaultDeadLetterJdbcConverter","centralityPageRank",0.0014787841104252496,""
"org.axonframework.eventhandling.TrackingEventProcessor$Worker","TrackingEventProcessor$Worker","centralityPageRank",0.0014780491971784627,""
"org.axonframework.config.LifecycleHandlerInspector$LifecycleRegistration","LifecycleHandlerInspector$LifecycleRegistration","centralityPageRank",0.0014770020293836223,""
"org.axonframework.messaging.deadletter.DoNotEnqueue","DoNotEnqueue","centralityPageRank",0.0014767457495870277,""
"org.axonframework.disruptor.commandhandling.EventPublisher$ReportResultTask","EventPublisher$ReportResultTask","centralityPageRank",0.0014761712315133743,""
"org.axonframework.springboot.autoconfig.AxonTracingAutoConfiguration","AxonTracingAutoConfiguration","centralityPageRank",0.0014746220396534746,""
"org.axonframework.eventhandling.tokenstore.legacyjpa.JpaTokenStore$Builder","JpaTokenStore$Builder","centralityPageRank",0.0014738284256290025,""
"org.axonframework.modelling.saga.repository.CachingSagaStore$Builder","CachingSagaStore$Builder","centralityPageRank",0.0014735099761413344,""
"org.axonframework.eventhandling.SequenceNumber","SequenceNumber","centralityPageRank",0.001473232043830125,""
"org.axonframework.eventhandling.Timestamp","Timestamp","centralityPageRank",0.001473232043830125,""
"org.axonframework.messaging.annotation.AggregateType","AggregateType","centralityPageRank",0.001473232043830125,""
"org.axonframework.messaging.annotation.AnnotatedMessageHandlingMember","AnnotatedMessageHandlingMember","centralityPageRank",0.001473232043830125,""
"org.axonframework.messaging.annotation.MessageIdentifier","MessageIdentifier","centralityPageRank",0.001473232043830125,""
"org.axonframework.messaging.annotation.SourceId","SourceId","centralityPageRank",0.001473232043830125,""
"org.axonframework.eventhandling.scheduling.SchedulingException","SchedulingException","centralityPageRank",0.001471984814118682,""
"org.axonframework.eventhandling.deadletter.jdbc.DefaultDeadLetterStatementFactory","DefaultDeadLetterStatementFactory","centralityPageRank",0.0014710643780490148,""
"org.axonframework.modelling.command.IdentifierMissingException","IdentifierMissingException","centralityPageRank",0.0014699060769497298,""
"org.axonframework.modelling.saga.repository.NoResourceInjector","NoResourceInjector","centralityPageRank",0.001469261918348223,""
"org.axonframework.queryhandling.SimpleQueryUpdateEmitter$Builder","SimpleQueryUpdateEmitter$Builder","centralityPageRank",0.001467917068112227,""
"org.axonframework.eventhandling.async.PropertySequencingPolicy$Builder$ExceptionRaisingSequencingPolicy","PropertySequencingPolicy$Builder$ExceptionRaisingSequencingPolicy","centralityPageRank",0.0014668678386394426,""
"org.axonframework.deadline.quartz.QuartzDeadlineManager$Builder","QuartzDeadlineManager$Builder","centralityPageRank",0.00146545486797526,""
"org.axonframework.axonserver.connector.command.AxonServerRemoteCommandHandlingException","AxonServerRemoteCommandHandlingException","centralityPageRank",0.0014635573261720571,""
"org.axonframework.messaging.EventPublicationFailedException","EventPublicationFailedException","centralityPageRank",0.0014635573261720571,""
"org.axonframework.springboot.autoconfig.MetricsAutoConfiguration","MetricsAutoConfiguration","centralityPageRank",0.0014623852339303045,""
"org.axonframework.eventhandling.deadletter.jdbc.JdbcSequencedDeadLetterQueue$Builder","JdbcSequencedDeadLetterQueue$Builder","centralityPageRank",0.0014585681601025579,""
"org.axonframework.springboot.autoconfig.AxonServerAutoConfiguration","AxonServerAutoConfiguration","centralityPageRank",0.0014583513969792657,""
"org.axonframework.commandhandling.gateway.DefaultCommandGateway","DefaultCommandGateway","centralityPageRank",0.0014577265044490553,""
"org.axonframework.springboot.TokenStoreProperties","TokenStoreProperties","centralityPageRank",0.0014569961937406137,""
"org.axonframework.modelling.saga.repository.CachingSagaStore","CachingSagaStore","centralityPageRank",0.0014569332326853834,""
"org.axonframework.modelling.command.CommandHandlerInterceptor","CommandHandlerInterceptor","centralityPageRank",0.001454855332887484,""
"org.axonframework.modelling.command.CreationPolicy","CreationPolicy","centralityPageRank",0.001454855332887484,""
"org.axonframework.eventhandling.GenericTrackedEventMessage","GenericTrackedEventMessage","centralityPageRank",0.0014547192961047197,""
"org.axonframework.deadline.AbstractDeadlineManager","AbstractDeadlineManager","centralityPageRank",0.0014529606367495024,""
"org.axonframework.serialization.upcasting.event.NoOpEventUpcaster","NoOpEventUpcaster","centralityPageRank",0.0014522009703051748,""
"org.axonframework.eventsourcing.EventSourcingRepository","EventSourcingRepository","centralityPageRank",0.0014515635749900234,""
"org.axonframework.disruptor.commandhandling.DisruptorCommandBus$1","DisruptorCommandBus$1","centralityPageRank",0.0014495329029567978,""
"org.axonframework.commandhandling.gateway.CommandGatewayFactory$CompositeCallback","CommandGatewayFactory$CompositeCallback","centralityPageRank",0.0014493273211576548,""
"org.axonframework.modelling.command.inspection.CreationPolicyMember","CreationPolicyMember","centralityPageRank",0.0014483693809667958,""
"org.axonframework.deadline.annotation.DeadlineHandler","DeadlineHandler","centralityPageRank",0.001448003596663927,""
"org.axonframework.axonserver.connector.event.axon.AxonServerEventStore$AxonServerMessageSource","AxonServerEventStore$AxonServerMessageSource","centralityPageRank",0.0014466454420689757,""
"org.axonframework.test.matchers.EmptyCollectionMatcher","EmptyCollectionMatcher","centralityPageRank",0.001446271578478613,""
"org.axonframework.queryhandling.SimpleQueryUpdateEmitter","SimpleQueryUpdateEmitter","centralityPageRank",0.0014456223747185372,""
"org.axonframework.messaging.timeout.UnitOfWorkTimeoutInterceptor","UnitOfWorkTimeoutInterceptor","centralityPageRank",0.0014453893582608772,""
"org.axonframework.modelling.command.inspection.AggregateModellingException","AggregateModellingException","centralityPageRank",0.0014452883171830997,""
"org.axonframework.messaging.NoScopeDescriptor","NoScopeDescriptor","centralityPageRank",0.0014449906489904323,""
"org.axonframework.common.jdbc.Oracle11Utils","Oracle11Utils","centralityPageRank",0.0014445508881810107,""
"org.axonframework.axonserver.connector.ManagedChannelCustomizer","ManagedChannelCustomizer","centralityPageRank",0.0014429349622583204,""
"org.axonframework.messaging.annotation.AnnotatedHandlerInspector$ChainedMessageHandlerInterceptorMember","AnnotatedHandlerInspector$ChainedMessageHandlerInterceptorMember","centralityPageRank",0.001441293874713554,""
"org.axonframework.messaging.annotation.HandlerComparator","HandlerComparator","centralityPageRank",0.001441293874713554,""
"org.axonframework.queryhandling.registration.FailingDuplicateQueryHandlerResolver","FailingDuplicateQueryHandlerResolver","centralityPageRank",0.0014409022778137214,""
"org.axonframework.queryhandling.registration.LoggingDuplicateQueryHandlerResolver","LoggingDuplicateQueryHandlerResolver","centralityPageRank",0.0014409022778137214,""
"org.axonframework.test.saga.FixtureConfiguration","FixtureConfiguration","centralityPageRank",0.001439214798301299,""
"org.axonframework.modelling.saga.repository.jdbc.JdbcSagaStore","JdbcSagaStore","centralityPageRank",0.00143775107358738,""
"org.axonframework.axonserver.connector.event.util.GrpcExceptionParser","GrpcExceptionParser","centralityPageRank",0.0014376566858831754,""
"org.axonframework.eventhandling.replay.ReplayContext","ReplayContext","centralityPageRank",0.0014375554843641533,""
"org.axonframework.messaging.interceptors.JSR303ViolationException","JSR303ViolationException","centralityPageRank",0.0014375554843641533,""
"org.axonframework.messaging.interceptors.legacyvalidation.JSR303ViolationException","JSR303ViolationException","centralityPageRank",0.0014375554843641533,""
"org.axonframework.springboot.TracingProperties$DeadlineManagerProperties","TracingProperties$DeadlineManagerProperties","centralityPageRank",0.0014371749242777729,""
"org.axonframework.eventhandling.deadletter.jdbc.DefaultDeadLetterStatementFactory$Builder","DefaultDeadLetterStatementFactory$Builder","centralityPageRank",0.0014366839746202177,""
"org.axonframework.test.eventscheduler.EventConsumer","EventConsumer","centralityPageRank",0.0014366230194934899,""
"org.axonframework.messaging.annotation.AnnotatedHandlerInspector$1","AnnotatedHandlerInspector$1","centralityPageRank",0.0014365559136323423,""
"org.axonframework.queryhandling.GenericSubscriptionQueryUpdateMessage","GenericSubscriptionQueryUpdateMessage","centralityPageRank",0.00143522902984166,""
"org.axonframework.modelling.saga.repository.jdbc.JdbcSagaStore$Builder","JdbcSagaStore$Builder","centralityPageRank",0.0014339590175686378,""
"org.axonframework.test.aggregate.ResultValidatorImpl","ResultValidatorImpl","centralityPageRank",0.0014333876267522373,""
"org.axonframework.commandhandling.distributed.commandfilter.DenyAll","DenyAll","centralityPageRank",0.001431392376947075,""
"org.axonframework.queryhandling.DefaultQueryGateway$Builder","DefaultQueryGateway$Builder","centralityPageRank",0.001430583449972086,""
"org.axonframework.serialization.upcasting.event.SingleEventUpcaster","SingleEventUpcaster","centralityPageRank",0.0014303473286662912,""
"org.axonframework.springboot.service.connection.PropertiesAxonServerConnectionDetails","PropertiesAxonServerConnectionDetails","centralityPageRank",0.0014298305878977283,""
"org.axonframework.config.SubscribableMessageSourceDefinition","SubscribableMessageSourceDefinition","centralityPageRank",0.0014287262339498792,""
"org.axonframework.springboot.TracingProperties$SnapshotterProperties","TracingProperties$SnapshotterProperties","centralityPageRank",0.0014285305881832524,""
"org.axonframework.messaging.annotation.DefaultParameterResolverFactory$AnnotatedMetaDataParameterResolver","DefaultParameterResolverFactory$AnnotatedMetaDataParameterResolver","centralityPageRank",0.0014281669160836345,""
"org.axonframework.messaging.annotation.DefaultParameterResolverFactory$MessageParameterResolver","DefaultParameterResolverFactory$MessageParameterResolver","centralityPageRank",0.0014281669160836345,""
"org.axonframework.modelling.saga.repository.jpa.AssociationValueEntry","AssociationValueEntry","centralityPageRank",0.0014273703955261668,""
"org.axonframework.eventhandling.deadletter.jpa.DeadLetterJpaConverter","DeadLetterJpaConverter","centralityPageRank",0.0014270220702348685,""
"org.axonframework.eventhandling.deadletter.legacyjpa.DeadLetterJpaConverter","DeadLetterJpaConverter","centralityPageRank",0.0014268729479326276,""
"org.axonframework.eventsourcing.eventstore.jdbc.EventTableFactory","EventTableFactory","centralityPageRank",0.0014266460804526289,""
"org.axonframework.commandhandling.gateway.CommandGatewayFactory$FireAndForget","CommandGatewayFactory$FireAndForget","centralityPageRank",0.0014263343990543584,""
"org.axonframework.commandhandling.gateway.CommandGatewayFactory$TypeSafeCallbackWrapper","CommandGatewayFactory$TypeSafeCallbackWrapper","centralityPageRank",0.0014263343990543584,""
"org.axonframework.commandhandling.gateway.CommandGatewayFactory$WaitForResult","CommandGatewayFactory$WaitForResult","centralityPageRank",0.0014263343990543584,""
"org.axonframework.commandhandling.gateway.CommandGatewayFactory$WaitForResultWithFixedTimeout","CommandGatewayFactory$WaitForResultWithFixedTimeout","centralityPageRank",0.0014263343990543584,""
"org.axonframework.commandhandling.gateway.CommandGatewayFactory$WaitForResultWithTimeoutInArguments","CommandGatewayFactory$WaitForResultWithTimeoutInArguments","centralityPageRank",0.0014263343990543584,""
"org.axonframework.commandhandling.gateway.CommandGatewayFactory$WrapNonDeclaredCheckedExceptions","CommandGatewayFactory$WrapNonDeclaredCheckedExceptions","centralityPageRank",0.0014263343990543584,""
"org.axonframework.modelling.saga.repository.CachingSagaStore$CacheEntry","CachingSagaStore$CacheEntry","centralityPageRank",0.0014258794674508813,""
"org.axonframework.modelling.command.AggregateMember","AggregateMember","centralityPageRank",0.001423010709143447,""
"org.axonframework.config.LifecycleHandlerInspector$1","LifecycleHandlerInspector$1","centralityPageRank",0.0014225446937962908,""
"org.axonframework.modelling.command.LockingRepository","LockingRepository","centralityPageRank",0.0014206999867572617,""
"org.axonframework.eventhandling.tokenstore.jdbc.JdbcTokenStore","JdbcTokenStore","centralityPageRank",0.0014202065718153332,""
"org.axonframework.eventhandling.deadletter.jdbc.DeadLetterJdbcConverter","DeadLetterJdbcConverter","centralityPageRank",0.0014200111029321386,""
"org.axonframework.test.aggregate.Reporter","Reporter","centralityPageRank",0.0014199740374215791,""
"org.axonframework.springboot.TracingProperties$CommandBusProperties","TracingProperties$CommandBusProperties","centralityPageRank",0.001419886252088732,""
"org.axonframework.springboot.TracingProperties$QueryBusProperties","TracingProperties$QueryBusProperties","centralityPageRank",0.001419886252088732,""
"org.axonframework.springboot.TracingProperties$SagaManagerProperties","TracingProperties$SagaManagerProperties","centralityPageRank",0.001419886252088732,""
"org.axonframework.deadline.jobrunr.JobRunrDeadlineManager","JobRunrDeadlineManager","centralityPageRank",0.0014198789855558607,""
"org.axonframework.eventhandling.EventUtils","EventUtils","centralityPageRank",0.0014196534455544977,""
"org.axonframework.axonserver.connector.query.QueryPriorityCalculator","QueryPriorityCalculator","centralityPageRank",0.0014190528658537052,""
"org.axonframework.axonserver.connector.event.axon.AxonServerEventStore$1","AxonServerEventStore$1","centralityPageRank",0.0014182104667820853,""
"org.axonframework.commandhandling.LoggingDuplicateCommandHandlerResolver","LoggingDuplicateCommandHandlerResolver","centralityPageRank",0.0014177174323320894,""
"org.axonframework.test.deadline.DeadlineManagerValidator","DeadlineManagerValidator","centralityPageRank",0.0014176464102982438,""
"org.axonframework.commandhandling.distributed.commandfilter.DenyCommandNameFilter","DenyCommandNameFilter","centralityPageRank",0.0014175998576770534,""
"org.axonframework.commandhandling.distributed.CommandBusConnector","CommandBusConnector","centralityPageRank",0.0014163336577356258,""
"org.axonframework.modelling.saga.AnnotatedSagaManager","AnnotatedSagaManager","centralityPageRank",0.0014155526161131542,""
"org.axonframework.eventhandling.scheduling.java.SimpleEventScheduler$PublishEventTask","SimpleEventScheduler$PublishEventTask","centralityPageRank",0.0014146812166870415,""
"org.axonframework.eventhandling.async.AsynchronousEventProcessingStrategy$NoActionCallback","AsynchronousEventProcessingStrategy$NoActionCallback","centralityPageRank",0.0014141997142648832,""
"org.axonframework.eventhandling.tokenstore.ConfigToken","ConfigToken","centralityPageRank",0.001413570176967853,""
"org.axonframework.eventhandling.deadletter.DeadLetteringEventHandlerInvoker$1","DeadLetteringEventHandlerInvoker$1","centralityPageRank",0.00141262714511561,""
"org.axonframework.springboot.util.XStreamSecurityTypeUtility","XStreamSecurityTypeUtility","centralityPageRank",0.001412072227602745,""
"org.axonframework.deadline.SimpleDeadlineManager$DeadlineTask","SimpleDeadlineManager$DeadlineTask","centralityPageRank",0.0014115325896132892,""
"org.axonframework.commandhandling.distributed.commandfilter.AcceptAll","AcceptAll","centralityPageRank",0.0014112581245376427,""
"org.axonframework.test.aggregate.AggregateTestFixture$IdentifierValidatingRepository","AggregateTestFixture$IdentifierValidatingRepository","centralityPageRank",0.0014101589681231785,""
"org.axonframework.eventhandling.AbstractEventProcessor","AbstractEventProcessor","centralityPageRank",0.0014082356634613274,""
"org.axonframework.messaging.responsetypes.ConvertingResponseMessage","ConvertingResponseMessage","centralityPageRank",0.0014076894178140845,""
"org.axonframework.springboot.util.DeadLetterQueueProviderConfigurerModule","DeadLetterQueueProviderConfigurerModule","centralityPageRank",0.001407540317064034,""
"org.axonframework.axonserver.connector.event.axon.PersistentStreamConnection$SegmentConnection$RetryState","PersistentStreamConnection$SegmentConnection$RetryState","centralityPageRank",0.0014068350755751813,""
"org.axonframework.springboot.TracingProperties","TracingProperties","centralityPageRank",0.0014061264006411413,""
"org.axonframework.eventhandling.TrackingEventProcessor$WorkerLauncher","TrackingEventProcessor$WorkerLauncher","centralityPageRank",0.0014059266099309814,""
"org.axonframework.axonserver.connector.util.ProcessingInstructionHelper","ProcessingInstructionHelper","centralityPageRank",0.001405401683401675,""
"org.axonframework.commandhandling.distributed.CommandRouter","CommandRouter","centralityPageRank",0.0014051968992301453,""
"org.axonframework.modelling.command.inspection.ChildForwardingCommandMessageHandlingMember","ChildForwardingCommandMessageHandlingMember","centralityPageRank",0.0014044472075144525,""
"org.axonframework.queryhandling.annotation.QueryHandlingMember","QueryHandlingMember","centralityPageRank",0.0014043631696333179,""
"org.axonframework.eventhandling.scheduling.quartz.QuartzScheduleToken","QuartzScheduleToken","centralityPageRank",0.0014026564405903452,""
"org.axonframework.springboot.TracingProperties$RepositoryProperties","TracingProperties$RepositoryProperties","centralityPageRank",0.0014025975798996914,""
"org.axonframework.eventhandling.scheduling.quartz.QuartzEventScheduler$DirectEventJobDataBinder","QuartzEventScheduler$DirectEventJobDataBinder","centralityPageRank",0.0014024834018137463,""
"org.axonframework.eventhandling.pooled.WorkPackage$BatchProcessingEntry","WorkPackage$BatchProcessingEntry","centralityPageRank",0.0014020539032073727,""
"org.axonframework.commandhandling.AsynchronousCommandBus","AsynchronousCommandBus","centralityPageRank",0.0014019521435936508,""
"org.axonframework.eventhandling.pooled.PooledStreamingEventProcessor","PooledStreamingEventProcessor","centralityPageRank",0.0014008490841924588,""
"org.axonframework.commandhandling.FailingDuplicateCommandHandlerResolver","FailingDuplicateCommandHandlerResolver","centralityPageRank",0.0013998839670470973,""
"org.axonframework.eventsourcing.conflictresolution.DefaultConflictDescription","DefaultConflictDescription","centralityPageRank",0.0013998594776646943,""
"org.axonframework.eventsourcing.EventSourcedAggregate$IgnoreApplyMore","EventSourcedAggregate$IgnoreApplyMore","centralityPageRank",0.0013986750378446552,""
"org.axonframework.modelling.command.inspection.AnnotatedCommandHandlerInterceptor","AnnotatedCommandHandlerInterceptor","centralityPageRank",0.001398552905962811,""
"org.axonframework.modelling.command.AggregateAnnotationCommandHandler$1","AggregateAnnotationCommandHandler$1","centralityPageRank",0.0013972919088860447,""
"org.axonframework.eventhandling.PropagatingErrorHandler","PropagatingErrorHandler","centralityPageRank",0.0013969698777066423,""
"org.axonframework.eventhandling.GenericDomainEventEntry","GenericDomainEventEntry","centralityPageRank",0.0013965359925758583,""
"org.axonframework.axonserver.connector.command.CommandPriorityCalculator","CommandPriorityCalculator","centralityPageRank",0.0013963205475000676,""
"org.axonframework.deadline.dbscheduler.DbSchedulerDeadlineToken","DbSchedulerDeadlineToken","centralityPageRank",0.0013931239355271172,""
"org.axonframework.axonserver.connector.event.axon.AxonServerEventStoreFactory","AxonServerEventStoreFactory","centralityPageRank",0.0013930053073815463,""
"org.axonframework.eventhandling.ConcludesBatch","ConcludesBatch","centralityPageRank",0.0013929597850316888,""
"org.axonframework.modelling.saga.EndSaga","EndSaga","centralityPageRank",0.0013929597850316888,""
"org.axonframework.serialization.upcasting.event.InitialEventRepresentation","InitialEventRepresentation","centralityPageRank",0.0013925339810901048,""
"org.axonframework.config.ConfigurationScopeAwareProvider","ConfigurationScopeAwareProvider","centralityPageRank",0.0013912145648142813,""
"org.axonframework.test.matchers.PayloadMatcher","PayloadMatcher","centralityPageRank",0.0013898301366919812,""
"org.axonframework.axonserver.connector.DispatchInterceptors","DispatchInterceptors","centralityPageRank",0.0013881764745136828,""
"org.axonframework.eventsourcing.eventstore.jdbc.statements.JdbcEventStorageEngineStatements","JdbcEventStorageEngineStatements","centralityPageRank",0.0013881747322182086,""
"org.axonframework.common.jdbc.UnitOfWorkAwareConnectionProviderWrapper$UoWAttachedConnectionImpl","UnitOfWorkAwareConnectionProviderWrapper$UoWAttachedConnectionImpl","centralityPageRank",0.001388007437679415,""
"org.axonframework.test.saga.FixtureExecutionResultImpl","FixtureExecutionResultImpl","centralityPageRank",0.001387774195082155,""
"org.axonframework.eventhandling.scheduling.dbscheduler.DbSchedulerScheduleToken","DbSchedulerScheduleToken","centralityPageRank",0.0013871124585581487,""
"org.axonframework.eventhandling.SubscribingEventProcessor","SubscribingEventProcessor","centralityPageRank",0.0013870354538426822,""
"org.axonframework.eventsourcing.eventstore.jpa.JpaEventStorageEngine","JpaEventStorageEngine","centralityPageRank",0.001385149437435154,""
"org.axonframework.eventsourcing.AbstractAggregateFactory","AbstractAggregateFactory","centralityPageRank",0.0013847757337232477,""
"org.axonframework.tracing.opentelemetry.MetadataContextGetter","MetadataContextGetter","centralityPageRank",0.001384612482206419,""
"org.axonframework.tracing.opentelemetry.MetadataContextSetter","MetadataContextSetter","centralityPageRank",0.001384612482206419,""
"org.axonframework.serialization.AbstractXStreamSerializer","AbstractXStreamSerializer","centralityPageRank",0.0013843787038926103,""
"org.axonframework.springboot.util.RegisterDefaultEntities","RegisterDefaultEntities","centralityPageRank",0.0013833823935063237,""
"org.axonframework.eventhandling.MultiStreamableMessageSource$MultiSourceBlockingStream","MultiStreamableMessageSource$MultiSourceBlockingStream","centralityPageRank",0.0013824426012145365,""
"org.axonframework.commandhandling.distributed.DistributedCommandBus$Builder","DistributedCommandBus$Builder","centralityPageRank",0.0013816770305945768,""
"org.axonframework.eventhandling.pooled.Coordinator$1","Coordinator$1","centralityPageRank",0.0013811294380016023,""
"org.axonframework.commandhandling.callbacks.LoggingCallback","LoggingCallback","centralityPageRank",0.0013796920920464738,""
"org.axonframework.axonserver.connector.command.AxonServerCommandDispatchException","AxonServerCommandDispatchException","centralityPageRank",0.0013793037538959022,""
"org.axonframework.eventhandling.scheduling.quartz.QuartzEventScheduler","QuartzEventScheduler","centralityPageRank",0.0013785694428877376,""
"org.axonframework.eventhandling.pooled.WorkPackage$DefaultProcessingEntry","WorkPackage$DefaultProcessingEntry","centralityPageRank",0.001378240367178526,""
"org.axonframework.messaging.deadletter.SequencedDeadLetterProcessor","SequencedDeadLetterProcessor","centralityPageRank",0.0013768455858722026,""
"org.axonframework.queryhandling.GenericStreamingQueryMessage","GenericStreamingQueryMessage","centralityPageRank",0.0013766015198075612,""
"org.axonframework.deadline.quartz.DeadlineJob$DeadlineJobDataBinder","DeadlineJob$DeadlineJobDataBinder","centralityPageRank",0.001375074716207262,""
"org.axonframework.lifecycle.LifecycleHandlerInvocationException","LifecycleHandlerInvocationException","centralityPageRank",0.0013750296118874856,""
"org.axonframework.eventhandling.deadletter.jpa.NoJpaConverterFoundException","NoJpaConverterFoundException","centralityPageRank",0.0013739813374256064,""
"org.axonframework.modelling.command.AggregateEntityNotFoundException","AggregateEntityNotFoundException","centralityPageRank",0.001373682486663076,""
"org.axonframework.messaging.annotation.DefaultParameterResolverFactory$MetaDataParameterResolver","DefaultParameterResolverFactory$MetaDataParameterResolver","centralityPageRank",0.0013718355064005214,""
"org.axonframework.messaging.annotation.PayloadParameterResolver","PayloadParameterResolver","centralityPageRank",0.0013718355064005214,""
"org.axonframework.deadline.jobrunr.DeadlineDetails","DeadlineDetails","centralityPageRank",0.00137144218195243,""
"org.axonframework.messaging.annotation.MetaDataValue","MetaDataValue","centralityPageRank",0.0013712246673907625,""
"org.axonframework.commandhandling.gateway.Timeout","Timeout","centralityPageRank",0.001370613828381003,""
"org.axonframework.eventhandling.RemovedTrackerStatus","RemovedTrackerStatus","centralityPageRank",0.0013696747602742233,""
"org.axonframework.eventsourcing.eventstore.legacyjpa.JpaEventStorageEngine","JpaEventStorageEngine","centralityPageRank",0.0013695807276134305,""
"org.axonframework.config.EventProcessingConfigurer$EventProcessorBuilder","EventProcessingConfigurer$EventProcessorBuilder","centralityPageRank",0.0013686826103571955,""
"org.axonframework.messaging.deadletter.Ignore","Ignore","centralityPageRank",0.0013679592183106614,""
"org.axonframework.eventhandling.tokenstore.jdbc.JdbcTokenStore$Builder","JdbcTokenStore$Builder","centralityPageRank",0.0013669112858133267,""
"org.axonframework.test.deadline.DeadlineConsumer","DeadlineConsumer","centralityPageRank",0.0013667560350544212,""
"org.axonframework.messaging.deadletter.WrongDeadLetterTypeException","WrongDeadLetterTypeException","centralityPageRank",0.0013665906043823822,""
"org.axonframework.axonserver.connector.command.CommandLoadFactorProvider","CommandLoadFactorProvider","centralityPageRank",0.0013661378198602718,""
"org.axonframework.eventhandling.pooled.WorkPackage$1","WorkPackage$1","centralityPageRank",0.0013658536986296723,""
"org.axonframework.messaging.deadletter.Decisions","Decisions","centralityPageRank",0.0013651644371393057,""
"org.axonframework.axonserver.connector.query.AxonServerQueryBus$LocalSegmentAdapter$1","AxonServerQueryBus$LocalSegmentAdapter$1","centralityPageRank",0.0013627320981062483,""
"org.axonframework.deadline.annotation.DeadlineHandlingMember","DeadlineHandlingMember","centralityPageRank",0.0013626270564264932,""
"org.axonframework.deadline.quartz.DeadlineJob","DeadlineJob","centralityPageRank",0.0013623137775047773,""
"org.axonframework.axonserver.connector.command.AxonServerNonTransientRemoteCommandHandlingException","AxonServerNonTransientRemoteCommandHandlingException","centralityPageRank",0.001361365006603176,""
"org.axonframework.axonserver.connector.query.AxonServerNonTransientRemoteQueryHandlingException","AxonServerNonTransientRemoteQueryHandlingException","centralityPageRank",0.001361365006603176,""
"org.axonframework.axonserver.connector.query.AxonServerRemoteQueryHandlingException","AxonServerRemoteQueryHandlingException","centralityPageRank",0.001361365006603176,""
"org.axonframework.axonserver.connector.event.axon.AxonServerEventStoreFactory$AxonServerEventStoreConfiguration","AxonServerEventStoreFactory$AxonServerEventStoreConfiguration","centralityPageRank",0.0013606630727187865,""
"org.axonframework.commandhandling.callbacks.NoOpCallback","NoOpCallback","centralityPageRank",0.0013599149732135953,""
"org.axonframework.modelling.saga.SagaInstantiationException","SagaInstantiationException","centralityPageRank",0.001359802281230189,""
"org.axonframework.modelling.saga.SagaStorageException","SagaStorageException","centralityPageRank",0.0013585294650620792,""
"org.axonframework.messaging.timeout.TimeoutWrappedMessageHandlingMember","TimeoutWrappedMessageHandlingMember","centralityPageRank",0.0013576526573945067,""
"org.axonframework.axonserver.connector.processor.EventProcessorControlService$AxonProcessorInstructionHandler","EventProcessorControlService$AxonProcessorInstructionHandler","centralityPageRank",0.0013575394737013699,""
"org.axonframework.messaging.annotation.MessageHandlerInvocationException","MessageHandlerInvocationException","centralityPageRank",0.0013573176191844446,""
"org.axonframework.eventhandling.TrackingEventProcessor$TrackingSegmentWorker","TrackingEventProcessor$TrackingSegmentWorker","centralityPageRank",0.0013572603829818657,""
"org.axonframework.modelling.saga.repository.AnnotatedSagaRepository","AnnotatedSagaRepository","centralityPageRank",0.0013561755759799916,""
"org.axonframework.serialization.avro.AvroSerializer","AvroSerializer","centralityPageRank",0.0013551962797526055,""
"org.axonframework.deadline.quartz.QuartzDeadlineManager","QuartzDeadlineManager","centralityPageRank",0.0013549908899403696,""
"org.axonframework.eventhandling.scheduling.quartz.FireEventJob","FireEventJob","centralityPageRank",0.0013548285227383283,""
"org.axonframework.springboot.TracingProperties$AttributeProviders","TracingProperties$AttributeProviders","centralityPageRank",0.0013547892822778924,""
"org.axonframework.messaging.annotation.ClasspathHandlerEnhancerDefinition","ClasspathHandlerEnhancerDefinition","centralityPageRank",0.0013543997411475238,""
"org.axonframework.springboot.autoconfig.JpaEventStoreAutoConfiguration","JpaEventStoreAutoConfiguration","centralityPageRank",0.001353352065978314,""
"org.axonframework.config.EventProcessingConfigurer$DeadLetteringInvokerConfiguration","EventProcessingConfigurer$DeadLetteringInvokerConfiguration","centralityPageRank",0.0013532868612588476,""
"org.axonframework.eventhandling.deadletter.DeadLetteredEventProcessingTask","DeadLetteredEventProcessingTask","centralityPageRank",0.0013531348036633548,""
"org.axonframework.common.jdbc.DataSourceConnectionProvider","DataSourceConnectionProvider","centralityPageRank",0.0013529315431632146,""
"org.axonframework.test.matchers.DeepEqualsMatcher","DeepEqualsMatcher","centralityPageRank",0.0013527221327564543,""
"org.axonframework.test.matchers.ExactClassMatcher","ExactClassMatcher","centralityPageRank",0.0013527221327564543,""
"org.axonframework.test.matchers.ExactSequenceMatcher","ExactSequenceMatcher","centralityPageRank",0.0013527221327564543,""
"org.axonframework.test.matchers.ListWithAllOfMatcher","ListWithAllOfMatcher","centralityPageRank",0.0013527221327564543,""
"org.axonframework.test.matchers.ListWithAnyOfMatcher","ListWithAnyOfMatcher","centralityPageRank",0.0013527221327564543,""
"org.axonframework.test.matchers.NullOrVoidMatcher","NullOrVoidMatcher","centralityPageRank",0.0013527221327564543,""
"org.axonframework.test.matchers.PayloadsMatcher","PayloadsMatcher","centralityPageRank",0.0013527221327564543,""
"org.axonframework.test.matchers.PredicateMatcher","PredicateMatcher","centralityPageRank",0.0013527221327564543,""
"org.axonframework.test.matchers.SequenceMatcher","SequenceMatcher","centralityPageRank",0.0013527221327564543,""
"org.axonframework.eventhandling.scheduling.jobrunr.JobRunrScheduleToken","JobRunrScheduleToken","centralityPageRank",0.0013525312636527278,""
"org.axonframework.test.saga.RecordingListenerInvocationErrorHandler","RecordingListenerInvocationErrorHandler","centralityPageRank",0.0013515593461891897,""
"org.axonframework.eventsourcing.eventstore.jpa.SQLErrorCodesResolver","SQLErrorCodesResolver","centralityPageRank",0.0013514145111970185,""
"org.axonframework.commandhandling.distributed.DistributedCommandBus","DistributedCommandBus","centralityPageRank",0.0013495131067027446,""
"org.axonframework.modelling.command.inspection.ForwardingCommandMessageHandlingMember","ForwardingCommandMessageHandlingMember","centralityPageRank",0.001348812067363341,""
"org.axonframework.eventsourcing.eventstore.SequenceEventStorageEngine$ConcatenatingDomainEventStream","SequenceEventStorageEngine$ConcatenatingDomainEventStream","centralityPageRank",0.001348364085699224,""
"org.axonframework.eventsourcing.eventstore.SequenceEventStorageEngine$ConcatenatingSpliterator","SequenceEventStorageEngine$ConcatenatingSpliterator","centralityPageRank",0.001348364085699224,""
"org.axonframework.commandhandling.MonitorAwareCallback","MonitorAwareCallback","centralityPageRank",0.0013478406289758832,""
"org.axonframework.config.DefaultConfigurer$LifecycleState","DefaultConfigurer$LifecycleState","centralityPageRank",0.0013471619183391308,""
"org.axonframework.eventsourcing.eventstore.legacyjpa.SQLErrorCodesResolver","SQLErrorCodesResolver","centralityPageRank",0.0013459891042151154,""
"org.axonframework.commandhandling.callbacks.FailureLoggingCallback","FailureLoggingCallback","centralityPageRank",0.0013454707009356776,""
"org.axonframework.springboot.autoconfig.AxonServerBusAutoConfiguration","AxonServerBusAutoConfiguration","centralityPageRank",0.0013434115424196705,""
"org.axonframework.eventsourcing.conflictresolution.NoConflictResolver","NoConflictResolver","centralityPageRank",0.0013425647000531536,""
"org.axonframework.test.saga.DescriptionUtils","DescriptionUtils","centralityPageRank",0.0013419004805845355,""
"org.axonframework.axonserver.connector.event.axon.EventBuffer$SimpleSpliterator","EventBuffer$SimpleSpliterator","centralityPageRank",0.0013416202276335107,""
"org.axonframework.queryhandling.DefaultSubscriptionQueryResult","DefaultSubscriptionQueryResult","centralityPageRank",0.0013402829970937274,""
"org.axonframework.axonserver.connector.command.AxonServerCommandBus","AxonServerCommandBus","centralityPageRank",0.0013401299561365918,""
"org.axonframework.modelling.command.inspection.ChildEntityDefinition","ChildEntityDefinition","centralityPageRank",0.0013379218400107942,""
"org.axonframework.axonserver.connector.query.StreamableInstanceResponse","StreamableInstanceResponse","centralityPageRank",0.0013362275513070694,""
"org.axonframework.axonserver.connector.query.StreamableMultiInstanceResponse","StreamableMultiInstanceResponse","centralityPageRank",0.0013362275513070694,""
"org.axonframework.eventsourcing.eventstore.jpa.DomainEventEntry","DomainEventEntry","centralityPageRank",0.0013359485168219299,""
"org.axonframework.eventsourcing.eventstore.jpa.SnapshotEventEntry","SnapshotEventEntry","centralityPageRank",0.0013359485168219299,""
"org.axonframework.axonserver.connector.heartbeat.HeartbeatMonitor$DefaultScheduler","HeartbeatMonitor$DefaultScheduler","centralityPageRank",0.0013356224573185201,""
"org.axonframework.springboot.autoconfig.JpaAutoConfiguration","JpaAutoConfiguration","centralityPageRank",0.0013344743376142705,""
"org.axonframework.disruptor.commandhandling.CommandHandlerInvoker$1","CommandHandlerInvoker$1","centralityPageRank",0.0013333740155912896,""
"org.axonframework.modelling.command.inspection.AggregateMetaModelFactory","AggregateMetaModelFactory","centralityPageRank",0.0013333735047421473,""
"org.axonframework.modelling.command.GenericJpaRepository","GenericJpaRepository","centralityPageRank",0.001332151257547344,""
"org.axonframework.eventhandling.TrackingEventProcessor$1","TrackingEventProcessor$1","centralityPageRank",0.0013312952742817767,""
"org.axonframework.common.DirectExecutor","DirectExecutor","centralityPageRank",0.001330765538028324,""
"org.axonframework.messaging.annotation.AnnotatedHandlerAttributes","AnnotatedHandlerAttributes","centralityPageRank",0.0013307296720203295,""
"org.axonframework.test.utils.DefaultCallbackBehavior","DefaultCallbackBehavior","centralityPageRank",0.0013305174979742463,""
"org.axonframework.eventsourcing.GenericAggregateFactory","GenericAggregateFactory","centralityPageRank",0.0013299146561660607,""
"org.axonframework.test.matchers.MatchAllFieldFilter","MatchAllFieldFilter","centralityPageRank",0.0013288586629214717,""
"org.axonframework.eventhandling.async.SequentialPerAggregatePolicy","SequentialPerAggregatePolicy","centralityPageRank",0.0013285187316027323,""
"org.axonframework.serialization.AbstractXStreamSerializer$MetaDataConverter","AbstractXStreamSerializer$MetaDataConverter","centralityPageRank",0.0013283916174040456,""
"org.axonframework.messaging.interceptors.CorrelationDataInterceptor","CorrelationDataInterceptor","centralityPageRank",0.0013276571822155477,""
"org.axonframework.test.matchers.MapEntryMatcher","MapEntryMatcher","centralityPageRank",0.0013272040275827614,""
"org.axonframework.eventhandling.deadletter.jpa.EventMessageDeadLetterJpaConverter","EventMessageDeadLetterJpaConverter","centralityPageRank",0.0013270101726514819,""
"org.axonframework.eventsourcing.AggregateDeletedException","AggregateDeletedException","centralityPageRank",0.0013267047636243677,""
"org.axonframework.eventhandling.deadletter.legacyjpa.EventMessageDeadLetterJpaConverter","EventMessageDeadLetterJpaConverter","centralityPageRank",0.001326650743612537,""
"org.axonframework.eventhandling.pooled.ClaimTask","ClaimTask","centralityPageRank",0.0013265617528935628,""
"org.axonframework.eventhandling.pooled.MergeTask","MergeTask","centralityPageRank",0.0013265617528935628,""
"org.axonframework.eventhandling.pooled.SplitTask","SplitTask","centralityPageRank",0.0013265617528935628,""
"org.axonframework.disruptor.commandhandling.DisruptorCommandBus$FailureLoggingCommandCallback","DisruptorCommandBus$FailureLoggingCommandCallback","centralityPageRank",0.0013250680149831972,""
"org.axonframework.commandhandling.DuplicateCommandHandlerResolution","DuplicateCommandHandlerResolution","centralityPageRank",0.0013243414916666403,""
"org.axonframework.eventsourcing.conflictresolution.DefaultConflictResolver","DefaultConflictResolver","centralityPageRank",0.0013241110545632378,""
"org.axonframework.axonserver.connector.event.axon.PersistentStreamMessageSourceDefinition","PersistentStreamMessageSourceDefinition","centralityPageRank",0.001323990719295879,""
"org.axonframework.modelling.command.inspection.AnnotatedAggregate$LazyIdentifierDomainEventMessage","AnnotatedAggregate$LazyIdentifierDomainEventMessage","centralityPageRank",0.0013239416480636057,""
"org.axonframework.test.saga.SagaTestFixture$MutableFieldFilter","SagaTestFixture$MutableFieldFilter","centralityPageRank",0.0013234734410582248,""
"org.axonframework.eventhandling.scheduling.dbscheduler.EventSchedulerNotSuppliedException","EventSchedulerNotSuppliedException","centralityPageRank",0.0013231425727962224,""
"org.axonframework.modelling.command.legacyjpa.GenericJpaRepository","GenericJpaRepository","centralityPageRank",0.0013225199585139877,""
"org.axonframework.modelling.saga.repository.jpa.JpaSagaStore$EntryImpl","JpaSagaStore$EntryImpl","centralityPageRank",0.001322437582922844,""
"org.axonframework.modelling.saga.repository.legacyjpa.JpaSagaStore$EntryImpl","JpaSagaStore$EntryImpl","centralityPageRank",0.00132205607251465,""
"org.axonframework.serialization.xml.Dom4JToByteArrayConverter","Dom4JToByteArrayConverter","centralityPageRank",0.0013217756954634527,""
"org.axonframework.serialization.xml.InputStreamToDom4jConverter","InputStreamToDom4jConverter","centralityPageRank",0.0013217756954634527,""
"org.axonframework.serialization.xml.InputStreamToXomConverter","InputStreamToXomConverter","centralityPageRank",0.0013217756954634527,""
"org.axonframework.serialization.xml.XomToStringConverter","XomToStringConverter","centralityPageRank",0.0013217756954634527,""
"org.axonframework.eventhandling.pooled.Coordinator$NoToken","Coordinator$NoToken","centralityPageRank",0.0013192781859113281,""
"org.axonframework.deadline.dbscheduler.DeadlineManagerNotSuppliedException","DeadlineManagerNotSuppliedException","centralityPageRank",0.001318706575253327,""
"org.axonframework.test.aggregate.AggregateTestFixture$ExecutionExceptionAwareCallback","AggregateTestFixture$ExecutionExceptionAwareCallback","centralityPageRank",0.0013172443336069424,""
"org.axonframework.serialization.avro.DefaultSchemaIncompatibilityChecker","DefaultSchemaIncompatibilityChecker","centralityPageRank",0.0013167707408678721,""
"org.axonframework.serialization.avro.SpecificRecordBaseSerializerStrategy","SpecificRecordBaseSerializerStrategy","centralityPageRank",0.0013167707408678721,""
"org.axonframework.springboot.autoconfig.JdbcAutoConfiguration","JdbcAutoConfiguration","centralityPageRank",0.0013167447289544768,""
"org.axonframework.test.eventscheduler.EventSchedulerValidator","EventSchedulerValidator","centralityPageRank",0.0013153444972962246,""
"org.axonframework.disruptor.commandhandling.DisruptorCommandBus$DisruptorRepository","DisruptorCommandBus$DisruptorRepository","centralityPageRank",0.00131454660125963,""
"org.axonframework.disruptor.commandhandling.DisruptorCommandBus$ExceptionHandler","DisruptorCommandBus$ExceptionHandler","centralityPageRank",0.00131454660125963,""
"org.axonframework.lifecycle.ShutdownHandler","ShutdownHandler","centralityPageRank",0.0013136300226216262,""
"org.axonframework.lifecycle.StartHandler","StartHandler","centralityPageRank",0.0013136300226216262,""
"org.axonframework.serialization.upcasting.event.UpcastedEventRepresentation","UpcastedEventRepresentation","centralityPageRank",0.001312975131422472,""
"org.axonframework.modelling.saga.AssociationValuesImpl","AssociationValuesImpl","centralityPageRank",0.0013129697486242177,""
"org.axonframework.config.EventProcessingModule$InstanceToTypeProcessingGroupSelectorAdapter","EventProcessingModule$InstanceToTypeProcessingGroupSelectorAdapter","centralityPageRank",0.0013108373972203322,""
"org.axonframework.test.saga.SagaTestFixture$AggregateEventPublisherImpl","SagaTestFixture$AggregateEventPublisherImpl","centralityPageRank",0.0013106132902534395,""
"org.axonframework.axonserver.connector.query.StreamableFluxResponse","StreamableFluxResponse","centralityPageRank",0.001310542596549478,""
"org.axonframework.axonserver.connector.event.axon.AxonServerEventStore$AxonIQEventStorageEngine$1","AxonServerEventStore$AxonIQEventStorageEngine$1","centralityPageRank",0.0013103558466998901,""
"org.axonframework.modelling.command.inspection.AnnotatedChildEntity","AnnotatedChildEntity","centralityPageRank",0.0013103192043308332,""
"org.axonframework.eventhandling.TrackingEventProcessor$ClaimSegmentInstruction","TrackingEventProcessor$ClaimSegmentInstruction","centralityPageRank",0.0013097873389168483,""
"org.axonframework.eventhandling.TrackingEventProcessor$MergeSegmentInstruction","TrackingEventProcessor$MergeSegmentInstruction","centralityPageRank",0.0013097873389168483,""
"org.axonframework.eventhandling.TrackingEventProcessor$SplitSegmentInstruction","TrackingEventProcessor$SplitSegmentInstruction","centralityPageRank",0.0013097873389168483,""
"org.axonframework.eventhandling.TrackingEventProcessor$WrappedMessageStream","TrackingEventProcessor$WrappedMessageStream","centralityPageRank",0.0013097873389168483,""
"org.axonframework.common.lock.NullLockFactory","NullLockFactory","centralityPageRank",0.0013094789109680046,""
"org.axonframework.test.saga.CommandValidator","CommandValidator","centralityPageRank",0.0013083230210134836,""
"org.axonframework.messaging.annotation.SimpleResourceParameterResolverFactory","SimpleResourceParameterResolverFactory","centralityPageRank",0.0013081216472729262,""
"org.axonframework.test.matchers.IgnoreField","IgnoreField","centralityPageRank",0.0013081216472729262,""
"org.axonframework.messaging.Distributed","Distributed","centralityPageRank",0.0013080394713525687,""
"org.axonframework.modelling.command.AggregateAnnotationCommandHandler$AggregateCommandHandler","AggregateAnnotationCommandHandler$AggregateCommandHandler","centralityPageRank",0.0013075746109737904,""
"org.axonframework.modelling.command.AggregateAnnotationCommandHandler$AggregateConstructorCommandHandler","AggregateAnnotationCommandHandler$AggregateConstructorCommandHandler","centralityPageRank",0.0013075746109737904,""
"org.axonframework.modelling.command.AggregateAnnotationCommandHandler$AggregateCreateOrUpdateCommandHandler","AggregateAnnotationCommandHandler$AggregateCreateOrUpdateCommandHandler","centralityPageRank",0.0013075746109737904,""
"org.axonframework.modelling.command.AggregateAnnotationCommandHandler$AlwaysCreateAggregateCommandHandler","AggregateAnnotationCommandHandler$AlwaysCreateAggregateCommandHandler","centralityPageRank",0.0013075746109737904,""
"org.axonframework.eventsourcing.eventstore.jdbc.statements.AppendEventsStatementBuilder","AppendEventsStatementBuilder","centralityPageRank",0.0013062530971273102,""
"org.axonframework.eventsourcing.eventstore.jdbc.statements.AppendSnapshotStatementBuilder","AppendSnapshotStatementBuilder","centralityPageRank",0.0013062530971273102,""
"org.axonframework.eventsourcing.eventstore.jdbc.statements.CleanGapsStatementBuilder","CleanGapsStatementBuilder","centralityPageRank",0.0013062530971273102,""
"org.axonframework.eventsourcing.eventstore.jdbc.statements.CreateHeadTokenStatementBuilder","CreateHeadTokenStatementBuilder","centralityPageRank",0.0013062530971273102,""
"org.axonframework.eventsourcing.eventstore.jdbc.statements.CreateTailTokenStatementBuilder","CreateTailTokenStatementBuilder","centralityPageRank",0.0013062530971273102,""
"org.axonframework.eventsourcing.eventstore.jdbc.statements.CreateTokenAtStatementBuilder","CreateTokenAtStatementBuilder","centralityPageRank",0.0013062530971273102,""
"org.axonframework.eventsourcing.eventstore.jdbc.statements.DeleteSnapshotsStatementBuilder","DeleteSnapshotsStatementBuilder","centralityPageRank",0.0013062530971273102,""
"org.axonframework.eventsourcing.eventstore.jdbc.statements.FetchTrackedEventsStatementBuilder","FetchTrackedEventsStatementBuilder","centralityPageRank",0.0013062530971273102,""
"org.axonframework.eventsourcing.eventstore.jdbc.statements.LastSequenceNumberForStatementBuilder","LastSequenceNumberForStatementBuilder","centralityPageRank",0.0013062530971273102,""
"org.axonframework.eventsourcing.eventstore.jdbc.statements.ReadEventDataForAggregateStatementBuilder","ReadEventDataForAggregateStatementBuilder","centralityPageRank",0.0013062530971273102,""
"org.axonframework.eventsourcing.eventstore.jdbc.statements.ReadEventDataWithGapsStatementBuilder","ReadEventDataWithGapsStatementBuilder","centralityPageRank",0.0013062530971273102,""
"org.axonframework.eventsourcing.eventstore.jdbc.statements.ReadEventDataWithoutGapsStatementBuilder","ReadEventDataWithoutGapsStatementBuilder","centralityPageRank",0.0013062530971273102,""
"org.axonframework.eventsourcing.eventstore.jdbc.statements.ReadSnapshotDataStatementBuilder","ReadSnapshotDataStatementBuilder","centralityPageRank",0.0013062530971273102,""
"org.axonframework.deadline.jobrunr.LabelUtils","LabelUtils","centralityPageRank",0.001305911776087515,""
"org.axonframework.axonserver.connector.event.axon.EventProcessorInfoConfiguration","EventProcessorInfoConfiguration","centralityPageRank",0.0013058323005888184,""
"org.axonframework.springboot.autoconfig.NoOpTransactionAutoConfiguration","NoOpTransactionAutoConfiguration","centralityPageRank",0.001305642155246275,""
"org.axonframework.test.aggregate.AggregateTestFixture$ComparationEntry","AggregateTestFixture$ComparationEntry","centralityPageRank",0.0013056300042924131,""
"org.axonframework.serialization.GapAwareTrackingTokenConverter","GapAwareTrackingTokenConverter","centralityPageRank",0.0013053186406141288,""
"org.axonframework.eventsourcing.eventstore.inmemory.InMemoryEventStorageEngine$MapEntrySpliterator","InMemoryEventStorageEngine$MapEntrySpliterator","centralityPageRank",0.00130504254920483,""
"org.axonframework.commandhandling.AnnotationCommandHandlerAdapter","AnnotationCommandHandlerAdapter","centralityPageRank",0.0013044290554956742,""
"org.axonframework.modelling.command.AggregateStreamCreationException","AggregateStreamCreationException","centralityPageRank",0.0013022134160622352,""
"org.axonframework.common.jdbc.ConnectionWrapperFactory","ConnectionWrapperFactory","centralityPageRank",0.0013021176039160014,""
"org.axonframework.eventhandling.deadletter.jdbc.DeadLetterTableFactory","DeadLetterTableFactory","centralityPageRank",0.0013013695151773803,""
"org.axonframework.test.saga.EventValidator","EventValidator","centralityPageRank",0.001301301544730742,""
"org.axonframework.test.saga.RepositoryContentValidator","RepositoryContentValidator","centralityPageRank",0.001301301544730742,""
"org.axonframework.modelling.saga.repository.jpa.SerializedSaga","SerializedSaga","centralityPageRank",0.001301222114157263,""
"org.axonframework.commandhandling.CommandMessageHandler","CommandMessageHandler","centralityPageRank",0.0013010918866274831,""
"org.axonframework.springboot.util.jpa.ContainerManagedEntityManagerProvider","ContainerManagedEntityManagerProvider","centralityPageRank",0.0013004200756514632,""
"org.axonframework.eventsourcing.CachingEventSourcingRepository","CachingEventSourcingRepository","centralityPageRank",0.0012993895826328079,""
"org.axonframework.modelling.command.AggregateVersion","AggregateVersion","centralityPageRank",0.0012990546077804675,""
"org.axonframework.axonserver.connector.command.GrpcBackedCommandMessage","GrpcBackedCommandMessage","centralityPageRank",0.001298705926739839,""
"org.axonframework.axonserver.connector.command.AxonServerRegistration","AxonServerRegistration","centralityPageRank",0.0012981506641389147,""
"org.axonframework.eventsourcing.eventstore.jdbc.JdbcSQLErrorCodesResolver","JdbcSQLErrorCodesResolver","centralityPageRank",0.0012979892067039804,""
"org.axonframework.springboot.util.legacyjpa.ContainerManagedEntityManagerProvider","ContainerManagedEntityManagerProvider","centralityPageRank",0.0012978670005904336,""
"org.axonframework.test.saga.SagaTestFixture$WrappingResourceInjector","SagaTestFixture$WrappingResourceInjector","centralityPageRank",0.001297753139448653,""
"org.axonframework.springboot.autoconfig.legacyjpa.JpaJavaxAutoConfiguration","JpaJavaxAutoConfiguration","centralityPageRank",0.0012973975721764076,""
"org.axonframework.serialization.json.ByteArrayToJsonNodeConverter","ByteArrayToJsonNodeConverter","centralityPageRank",0.0012971301036975105,""
"org.axonframework.serialization.json.JsonNodeToByteArrayConverter","JsonNodeToByteArrayConverter","centralityPageRank",0.0012971301036975105,""
"org.axonframework.serialization.json.JsonNodeToObjectNodeConverter","JsonNodeToObjectNodeConverter","centralityPageRank",0.0012971301036975105,""
"org.axonframework.serialization.json.MetaDataDeserializer","MetaDataDeserializer","centralityPageRank",0.0012971301036975105,""
"org.axonframework.serialization.json.ObjectNodeToJsonNodeConverter","ObjectNodeToJsonNodeConverter","centralityPageRank",0.0012971301036975105,""
"org.axonframework.serialization.avro.ByteArrayToGenericRecordConverter","ByteArrayToGenericRecordConverter","centralityPageRank",0.0012969404511263833,""
"org.axonframework.springboot.autoconfig.PersistentStreamMessageSourceRegistrar","PersistentStreamMessageSourceRegistrar","centralityPageRank",0.0012963606476332505,""
"org.axonframework.config.DefaultConfigurer$1","DefaultConfigurer$1","centralityPageRank",0.0012958483712555164,""
"org.axonframework.modelling.command.AbstractRepository","AbstractRepository","centralityPageRank",0.0012954005350915548,""
"org.axonframework.tracing.SpanUtils","SpanUtils","centralityPageRank",0.0012945246135775373,""
"org.axonframework.axonserver.connector.query.subscription.GrpcBackedQueryUpdateMessage","GrpcBackedQueryUpdateMessage","centralityPageRank",0.0012944563090928857,""
"org.axonframework.axonserver.connector.query.subscription.GrpcBackedSubscriptionQueryMessage","GrpcBackedSubscriptionQueryMessage","centralityPageRank",0.0012944563090928857,""
"org.axonframework.test.aggregate.AggregateTestFixture$DefaultRepositoryProvider","AggregateTestFixture$DefaultRepositoryProvider","centralityPageRank",0.0012940156749778834,""
"org.axonframework.test.aggregate.AggregateTestFixture$InMemoryRepository","AggregateTestFixture$InMemoryRepository","centralityPageRank",0.0012940156749778834,""
"org.axonframework.test.aggregate.AggregateTestFixture$RecordingEventStore","AggregateTestFixture$RecordingEventStore","centralityPageRank",0.0012940156749778834,""
"org.axonframework.eventhandling.DirectEventProcessingStrategy","DirectEventProcessingStrategy","centralityPageRank",0.0012937342280177509,""
"org.axonframework.axonserver.connector.event.axon.EventBuffer","EventBuffer","centralityPageRank",0.001293294793478025,""
"org.axonframework.axonserver.connector.event.axon.QueryResultStreamAdapter","QueryResultStreamAdapter","centralityPageRank",0.001293294793478025,""
"org.axonframework.queryhandling.GenericSubscriptionQueryMessage","GenericSubscriptionQueryMessage","centralityPageRank",0.001292202148663337,""
"org.axonframework.axonserver.connector.processor.StreamingEventProcessorInfoMessage","StreamingEventProcessorInfoMessage","centralityPageRank",0.00129196161592332,""
"org.axonframework.config.AggregateConfigurer","AggregateConfigurer","centralityPageRank",0.0012918946663402061,""
"org.axonframework.modelling.command.NoArgumentConstructorCreationPolicyAggregateFactory","NoArgumentConstructorCreationPolicyAggregateFactory","centralityPageRank",0.0012914406363272915,""
"org.axonframework.queryhandling.FluxSinkWrapper","FluxSinkWrapper","centralityPageRank",0.0012912277905852041,""
"org.axonframework.queryhandling.SinksManyWrapper","SinksManyWrapper","centralityPageRank",0.0012912277905852041,""
"org.axonframework.eventhandling.replay.GenericResetContext","GenericResetContext","centralityPageRank",0.001291135333116528,""
"org.axonframework.queryhandling.SimpleQueryBus$CatchLastError","SimpleQueryBus$CatchLastError","centralityPageRank",0.0012907388046501651,""
"org.axonframework.queryhandling.SimpleQueryBus$ErrorIfComplete","SimpleQueryBus$ErrorIfComplete","centralityPageRank",0.0012907388046501651,""
"org.axonframework.queryhandling.SimpleQueryBus$MonitorCallbackContextWriter","SimpleQueryBus$MonitorCallbackContextWriter","centralityPageRank",0.0012907388046501651,""
"org.axonframework.queryhandling.SimpleQueryBus$SuccessReporter","SimpleQueryBus$SuccessReporter","centralityPageRank",0.0012907388046501651,""
"org.axonframework.axonserver.connector.query.AxonServerQueryBus$ActivityFinisher","AxonServerQueryBus$ActivityFinisher","centralityPageRank",0.0012907315317521348,""
"org.axonframework.axonserver.connector.query.AxonServerQueryBus$QueryResponseSpliterator","AxonServerQueryBus$QueryResponseSpliterator","centralityPageRank",0.0012907315317521348,""
"org.axonframework.axonserver.connector.query.AxonServerQueryBus$ResponseProcessingTask","AxonServerQueryBus$ResponseProcessingTask","centralityPageRank",0.0012907315317521348,""
"org.axonframework.modelling.saga.repository.jdbc.JdbcSagaStore$EntryImpl","JdbcSagaStore$EntryImpl","centralityPageRank",0.00128897972044263,""
"org.axonframework.eventhandling.deadletter.legacyjpa.JpaSequencedDeadLetterQueue$1","JpaSequencedDeadLetterQueue$1","centralityPageRank",0.0012879395406667337,""
"org.axonframework.eventhandling.deadletter.jpa.JpaSequencedDeadLetterQueue$1","JpaSequencedDeadLetterQueue$1","centralityPageRank",0.0012878101585975122,""
"org.axonframework.eventsourcing.eventstore.jdbc.JdbcEventStorageEngine$1","JdbcEventStorageEngine$1","centralityPageRank",0.0012876745092032607,""
"org.axonframework.config.MessageHandlerRegistrar","MessageHandlerRegistrar","centralityPageRank",0.0012869417017484035,""
"org.axonframework.axonserver.connector.command.AxonServerCommandBus$CommandProcessingTask","AxonServerCommandBus$CommandProcessingTask","centralityPageRank",0.0012860808079733842,""
"org.axonframework.common.IdentifierValidator","IdentifierValidator","centralityPageRank",0.00128576063419841,""
"org.axonframework.common.ListUtils","ListUtils","centralityPageRank",0.00128576063419841,""
"org.axonframework.messaging.correlation.MessageOriginProvider","MessageOriginProvider","centralityPageRank",0.0012853679646487115,""
"org.axonframework.eventhandling.tokenstore.GenericTokenEntry","GenericTokenEntry","centralityPageRank",0.0012845869096540315,""
"org.axonframework.modelling.saga.repository.LockingSagaRepository","LockingSagaRepository","centralityPageRank",0.001284507834306824,""
"org.axonframework.modelling.saga.repository.SagaCreationException","SagaCreationException","centralityPageRank",0.001284507834306824,""
"org.axonframework.axonserver.connector.event.axon.DefaultPersistentStreamMessageSourceFactory","DefaultPersistentStreamMessageSourceFactory","centralityPageRank",0.001283964660766932,""
"org.axonframework.axonserver.connector.event.axon.PersistentStreamSequencingPolicyProvider","PersistentStreamSequencingPolicyProvider","centralityPageRank",0.001283964660766932,""
"org.axonframework.queryhandling.QueryHandlerAdapter","QueryHandlerAdapter","centralityPageRank",0.0012836987805550592,""
"org.axonframework.config.MessageMonitorFactoryBuilder","MessageMonitorFactoryBuilder","centralityPageRank",0.00128347057490914,""
"org.axonframework.modelling.command.AggregateRolledBackException","AggregateRolledBackException","centralityPageRank",0.0012831094350765474,""
"org.axonframework.common.caching.NoCache","NoCache","centralityPageRank",0.0012828913653045236,""
"org.axonframework.queryhandling.registration.DuplicateQueryHandlerResolution","DuplicateQueryHandlerResolution","centralityPageRank",0.0012827972036054086,""
"org.axonframework.eventhandling.AddedTrackerStatus","AddedTrackerStatus","centralityPageRank",0.0012823772999828811,""
"org.axonframework.eventhandling.deadletter.jdbc.JdbcSequencedDeadLetterQueue$1","JdbcSequencedDeadLetterQueue$1","centralityPageRank",0.0012823317998497045,""
"org.axonframework.commandhandling.distributed.commandfilter.CommandNameFilter","CommandNameFilter","centralityPageRank",0.0012814462040452554,""
"org.axonframework.messaging.interceptors.TransactionManagingInterceptor","TransactionManagingInterceptor","centralityPageRank",0.0012802167654448755,""
"org.axonframework.axonserver.connector.query.subscription.AxonServerSubscriptionQueryResult","AxonServerSubscriptionQueryResult","centralityPageRank",0.0012802119168461882,""
"org.axonframework.springboot.autoconfig.AxonAutoConfiguration$1","AxonAutoConfiguration$1","centralityPageRank",0.0012784257109701841,""
"org.axonframework.eventhandling.tokenstore.inmemory.InMemoryTokenStore","InMemoryTokenStore","centralityPageRank",0.0012772551250208688,""
"org.axonframework.axonserver.connector.util.UpstreamAwareStreamObserver","UpstreamAwareStreamObserver","centralityPageRank",0.0012766075793134166,""
"org.axonframework.tracing.attributes.AggregateIdentifierSpanAttributesProvider","AggregateIdentifierSpanAttributesProvider","centralityPageRank",0.0012764613592233358,""
"org.axonframework.tracing.attributes.MessageIdSpanAttributesProvider","MessageIdSpanAttributesProvider","centralityPageRank",0.0012764613592233358,""
"org.axonframework.tracing.attributes.MessageNameSpanAttributesProvider","MessageNameSpanAttributesProvider","centralityPageRank",0.0012764613592233358,""
"org.axonframework.tracing.attributes.MessageTypeSpanAttributesProvider","MessageTypeSpanAttributesProvider","centralityPageRank",0.0012764613592233358,""
"org.axonframework.tracing.attributes.MetadataSpanAttributesProvider","MetadataSpanAttributesProvider","centralityPageRank",0.0012764613592233358,""
"org.axonframework.tracing.attributes.PayloadTypeSpanAttributesProvider","PayloadTypeSpanAttributesProvider","centralityPageRank",0.0012764613592233358,""
"org.axonframework.eventhandling.MultiEventHandlerInvoker","MultiEventHandlerInvoker","centralityPageRank",0.0012763942570963068,""
"org.axonframework.eventsourcing.conflictresolution.ConflictResolution","ConflictResolution","centralityPageRank",0.0012754072789165308,""
"org.axonframework.modelling.command.AggregateRoot","AggregateRoot","centralityPageRank",0.001272466660616352,""
"org.axonframework.springboot.autoconfig.AxonServerAutoConfiguration$ConnectionDetailsConnectionManagerConfiguration","AxonServerAutoConfiguration$ConnectionDetailsConnectionManagerConfiguration","centralityPageRank",0.0012715686739006135,""
"org.axonframework.springboot.autoconfig.AxonServerAutoConfiguration$DefaultConnectionManagerConfiguration","AxonServerAutoConfiguration$DefaultConnectionManagerConfiguration","centralityPageRank",0.0012715686739006135,""
"org.axonframework.axonserver.connector.util.PriorityTaskSchedulers","PriorityTaskSchedulers","centralityPageRank",0.001269692301940242,""
"org.axonframework.config.DefaultConfigurer$ConfigurationImpl","DefaultConfigurer$ConfigurationImpl","centralityPageRank",0.0012695860675520857,""
"org.axonframework.queryhandling.annotation.AnnotationQueryHandlerAdapter","AnnotationQueryHandlerAdapter","centralityPageRank",0.0012695860675520857,""
"org.axonframework.util.HandlerTypeResolver","HandlerTypeResolver","centralityPageRank",0.0012695860675520857,""
"org.axonframework.springboot.DistributedCommandBusProperties","DistributedCommandBusProperties","centralityPageRank",0.0012687991990022397,""
"org.axonframework.springboot.autoconfig.EventProcessingAutoConfiguration","EventProcessingAutoConfiguration","centralityPageRank",0.0012687991990022397,""
"org.axonframework.config.ProcessingGroup","ProcessingGroup","centralityPageRank",0.001267783472065301,""
"org.axonframework.config.AxonIQConsoleModule","AxonIQConsoleModule","centralityPageRank",0.0012661149407128221,""
"org.axonframework.config.ConfigurationParameterResolverFactory","ConfigurationParameterResolverFactory","centralityPageRank",0.0012661149407128221,""
"org.axonframework.config.ConfigurationResourceInjector","ConfigurationResourceInjector","centralityPageRank",0.0012661149407128221,""
"org.axonframework.axonserver.connector.DefaultHandlers","DefaultHandlers","centralityPageRank",0.001259172687034295,""
"org.axonframework.axonserver.connector.DefaultInstructionAckSource","DefaultInstructionAckSource","centralityPageRank",0.001259172687034295,""
"org.axonframework.axonserver.connector.ServerConnectorConfigurerModule","ServerConnectorConfigurerModule","centralityPageRank",0.001259172687034295,""
"org.axonframework.axonserver.connector.heartbeat.HeartbeatConfiguration","HeartbeatConfiguration","centralityPageRank",0.001259172687034295,""
"org.axonframework.axonserver.connector.heartbeat.HeartbeatMonitor","HeartbeatMonitor","centralityPageRank",0.001259172687034295,""
"org.axonframework.axonserver.connector.heartbeat.connection.checker.HeartbeatConnectionChecker","HeartbeatConnectionChecker","centralityPageRank",0.001259172687034295,""
"org.axonframework.axonserver.connector.heartbeat.source.GrpcHeartbeatSource","GrpcHeartbeatSource","centralityPageRank",0.001259172687034295,""
"org.axonframework.axonserver.connector.query.subscription.DeserializedResult","DeserializedResult","centralityPageRank",0.001259172687034295,""
"org.axonframework.axonserver.connector.query.subscription.DisposableResult","DisposableResult","centralityPageRank",0.001259172687034295,""
"org.axonframework.axonserver.connector.util.FlowControllingStreamObserver","FlowControllingStreamObserver","centralityPageRank",0.001259172687034295,""
"org.axonframework.axonserver.connector.util.GrpcBufferingInterceptor","GrpcBufferingInterceptor","centralityPageRank",0.001259172687034295,""
"org.axonframework.commandhandling.CurrentUnitOfWorkParameterResolverFactory","CurrentUnitOfWorkParameterResolverFactory","centralityPageRank",0.001259172687034295,""
"org.axonframework.commandhandling.distributed.CommandCallbackRepository","CommandCallbackRepository","centralityPageRank",0.001259172687034295,""
"org.axonframework.commandhandling.distributed.ConsistentHashChangeListener","ConsistentHashChangeListener","centralityPageRank",0.001259172687034295,""
"org.axonframework.commandhandling.distributed.DispatchMessage","DispatchMessage","centralityPageRank",0.001259172687034295,""
"org.axonframework.commandhandling.distributed.ReplyMessage","ReplyMessage","centralityPageRank",0.001259172687034295,""
"org.axonframework.commandhandling.distributed.ServiceRegistryException","ServiceRegistryException","centralityPageRank",0.001259172687034295,""
"org.axonframework.commandhandling.distributed.SimpleMember","SimpleMember","centralityPageRank",0.001259172687034295,""
"org.axonframework.common.caching.EhCacheAdapter","EhCacheAdapter","centralityPageRank",0.001259172687034295,""
"org.axonframework.common.caching.JCacheAdapter","JCacheAdapter","centralityPageRank",0.001259172687034295,""
"org.axonframework.common.jpa.SimpleEntityManagerProvider","SimpleEntityManagerProvider","centralityPageRank",0.001259172687034295,""
"org.axonframework.common.legacyjpa.SimpleEntityManagerProvider","SimpleEntityManagerProvider","centralityPageRank",0.001259172687034295,""
"org.axonframework.common.property.BeanPropertyAccessStrategy","BeanPropertyAccessStrategy","centralityPageRank",0.001259172687034295,""
"org.axonframework.common.property.DirectPropertyAccessStrategy","DirectPropertyAccessStrategy","centralityPageRank",0.001259172687034295,""
"org.axonframework.common.property.UniformPropertyAccessStrategy","UniformPropertyAccessStrategy","centralityPageRank",0.001259172687034295,""
"org.axonframework.deadline.dbscheduler.DbSchedulerDeadlineManagerSupplier","DbSchedulerDeadlineManagerSupplier","centralityPageRank",0.001259172687034295,""
"org.axonframework.eventhandling.ConcludesBatchParameterResolverFactory","ConcludesBatchParameterResolverFactory","centralityPageRank",0.001259172687034295,""
"org.axonframework.eventhandling.DisallowReplay","DisallowReplay","centralityPageRank",0.001259172687034295,""
"org.axonframework.eventhandling.ResetHandler","ResetHandler","centralityPageRank",0.001259172687034295,""
"org.axonframework.eventhandling.SequenceNumberParameterResolverFactory","SequenceNumberParameterResolverFactory","centralityPageRank",0.001259172687034295,""
"org.axonframework.eventhandling.TimestampParameterResolverFactory","TimestampParameterResolverFactory","centralityPageRank",0.001259172687034295,""
"org.axonframework.eventhandling.TransactionMethodExecutionException","TransactionMethodExecutionException","centralityPageRank",0.001259172687034295,""
"org.axonframework.eventhandling.async.FullConcurrencyPolicy","FullConcurrencyPolicy","centralityPageRank",0.001259172687034295,""
"org.axonframework.eventhandling.async.SequentialPolicy","SequentialPolicy","centralityPageRank",0.001259172687034295,""
"org.axonframework.eventhandling.deadletter.jdbc.GenericDeadLetterTableFactory","GenericDeadLetterTableFactory","centralityPageRank",0.001259172687034295,""
"org.axonframework.eventhandling.interceptors.EventLoggingInterceptor","EventLoggingInterceptor","centralityPageRank",0.001259172687034295,""
"org.axonframework.eventhandling.replay.ReplayAwareMessageHandlerWrapper","ReplayAwareMessageHandlerWrapper","centralityPageRank",0.001259172687034295,""
"org.axonframework.eventhandling.replay.ReplayContextParameterResolverFactory","ReplayContextParameterResolverFactory","centralityPageRank",0.001259172687034295,""
"org.axonframework.eventhandling.scheduling.dbscheduler.DbSchedulerEventSchedulerSupplier","DbSchedulerEventSchedulerSupplier","centralityPageRank",0.001259172687034295,""
"org.axonframework.eventhandling.tokenstore.jdbc.Oracle11TokenTableFactory","Oracle11TokenTableFactory","centralityPageRank",0.001259172687034295,""
"org.axonframework.eventhandling.tokenstore.jdbc.PostgresTokenTableFactory","PostgresTokenTableFactory","centralityPageRank",0.001259172687034295,""
"org.axonframework.eventsourcing.EventCountSnapshotTriggerDefinition","EventCountSnapshotTriggerDefinition","centralityPageRank",0.001259172687034295,""
"org.axonframework.eventsourcing.EventSourcingHandler","EventSourcingHandler","centralityPageRank",0.001259172687034295,""
"org.axonframework.eventsourcing.FilteringEventStorageEngine","FilteringEventStorageEngine","centralityPageRank",0.001259172687034295,""
"org.axonframework.eventsourcing.MultiStreamableMessageSource","MultiStreamableMessageSource","centralityPageRank",0.001259172687034295,""
"org.axonframework.eventsourcing.conflictresolution.Conflicts","Conflicts","centralityPageRank",0.001259172687034295,""
"org.axonframework.eventsourcing.eventstore.EqualRevisionPredicate","EqualRevisionPredicate","centralityPageRank",0.001259172687034295,""
"org.axonframework.eventsourcing.eventstore.SequenceEventStorageEngine","SequenceEventStorageEngine","centralityPageRank",0.001259172687034295,""
"org.axonframework.eventsourcing.eventstore.inmemory.InMemoryEventStorageEngine","InMemoryEventStorageEngine","centralityPageRank",0.001259172687034295,""
"org.axonframework.eventsourcing.eventstore.jdbc.HsqlEventTableFactory","HsqlEventTableFactory","centralityPageRank",0.001259172687034295,""
"org.axonframework.eventsourcing.eventstore.jdbc.MySqlEventTableFactory","MySqlEventTableFactory","centralityPageRank",0.001259172687034295,""
"org.axonframework.eventsourcing.eventstore.jdbc.Oracle11EventTableFactory","Oracle11EventTableFactory","centralityPageRank",0.001259172687034295,""
"org.axonframework.eventsourcing.eventstore.jdbc.PostgresEventTableFactory","PostgresEventTableFactory","centralityPageRank",0.001259172687034295,""
"org.axonframework.eventsourcing.eventstore.jpa.SQLStateResolver","SQLStateResolver","centralityPageRank",0.001259172687034295,""
"org.axonframework.messaging.Headers","Headers","centralityPageRank",0.001259172687034295,""
"org.axonframework.messaging.annotation.AggregateTypeParameterResolverFactory","AggregateTypeParameterResolverFactory","centralityPageRank",0.001259172687034295,""
"org.axonframework.messaging.annotation.AnnotatedMessageHandlingMemberDefinition","AnnotatedMessageHandlingMemberDefinition","centralityPageRank",0.001259172687034295,""
"org.axonframework.messaging.annotation.DefaultParameterResolverFactory","DefaultParameterResolverFactory","centralityPageRank",0.001259172687034295,""
"org.axonframework.messaging.annotation.MessageHandlerInterceptorDefinition","MessageHandlerInterceptorDefinition","centralityPageRank",0.001259172687034295,""
"org.axonframework.messaging.annotation.MessageHandlerTimeout","MessageHandlerTimeout","centralityPageRank",0.001259172687034295,""
"org.axonframework.messaging.annotation.MessageIdentifierParameterResolverFactory","MessageIdentifierParameterResolverFactory","centralityPageRank",0.001259172687034295,""
"org.axonframework.messaging.annotation.SourceIdParameterResolverFactory","SourceIdParameterResolverFactory","centralityPageRank",0.001259172687034295,""
"org.axonframework.messaging.correlation.MultiCorrelationDataProvider","MultiCorrelationDataProvider","centralityPageRank",0.001259172687034295,""
"org.axonframework.messaging.correlation.SimpleCorrelationDataProvider","SimpleCorrelationDataProvider","centralityPageRank",0.001259172687034295,""
"org.axonframework.messaging.deadletter.DeadLetterParameterResolverFactory","DeadLetterParameterResolverFactory","centralityPageRank",0.001259172687034295,""
"org.axonframework.messaging.interceptors.BeanValidationInterceptor","BeanValidationInterceptor","centralityPageRank",0.001259172687034295,""
"org.axonframework.messaging.interceptors.ExceptionHandler","ExceptionHandler","centralityPageRank",0.001259172687034295,""
"org.axonframework.messaging.interceptors.LoggingInterceptor","LoggingInterceptor","centralityPageRank",0.001259172687034295,""
"org.axonframework.messaging.interceptors.legacyvalidation.BeanValidationInterceptor","BeanValidationInterceptor","centralityPageRank",0.001259172687034295,""
"org.axonframework.modelling.command.AggregateIdentifier","AggregateIdentifier","centralityPageRank",0.001259172687034295,""
"org.axonframework.modelling.command.ForwardNone","ForwardNone","centralityPageRank",0.001259172687034295,""
"org.axonframework.modelling.command.MetaDataCommandTargetResolver","MetaDataCommandTargetResolver","centralityPageRank",0.001259172687034295,""
"org.axonframework.modelling.command.inspection.AggregateMemberAnnotatedChildEntityCollectionDefinition","AggregateMemberAnnotatedChildEntityCollectionDefinition","centralityPageRank",0.001259172687034295,""
"org.axonframework.modelling.command.inspection.AggregateMemberAnnotatedChildEntityDefinition","AggregateMemberAnnotatedChildEntityDefinition","centralityPageRank",0.001259172687034295,""
"org.axonframework.modelling.command.inspection.AggregateMemberAnnotatedChildEntityMapDefinition","AggregateMemberAnnotatedChildEntityMapDefinition","centralityPageRank",0.001259172687034295,""
"org.axonframework.modelling.command.inspection.CommandHandlerInterceptorHandlingMember","CommandHandlerInterceptorHandlingMember","centralityPageRank",0.001259172687034295,""
"org.axonframework.modelling.saga.EndSagaMessageHandlerDefinition","EndSagaMessageHandlerDefinition","centralityPageRank",0.001259172687034295,""
"org.axonframework.modelling.saga.MetaDataAssociationResolver","MetaDataAssociationResolver","centralityPageRank",0.001259172687034295,""
"org.axonframework.modelling.saga.SagaEventHandler","SagaEventHandler","centralityPageRank",0.001259172687034295,""
"org.axonframework.modelling.saga.SagaMethodMessageHandlerDefinition","SagaMethodMessageHandlerDefinition","centralityPageRank",0.001259172687034295,""
"org.axonframework.modelling.saga.StartSaga","StartSaga","centralityPageRank",0.001259172687034295,""
"org.axonframework.modelling.saga.repository.jdbc.HsqlSagaSqlSchema","HsqlSagaSqlSchema","centralityPageRank",0.001259172687034295,""
"org.axonframework.modelling.saga.repository.jdbc.Oracle11SagaSqlSchema","Oracle11SagaSqlSchema","centralityPageRank",0.001259172687034295,""
"org.axonframework.modelling.saga.repository.jdbc.PostgresSagaSqlSchema","PostgresSagaSqlSchema","centralityPageRank",0.001259172687034295,""
"org.axonframework.modelling.saga.repository.jpa.AbstractSagaEntry","AbstractSagaEntry","centralityPageRank",0.001259172687034295,""
"org.axonframework.queryhandling.CompletedEmitterException","CompletedEmitterException","centralityPageRank",0.001259172687034295,""
"org.axonframework.queryhandling.annotation.MethodQueryMessageHandlerDefinition","MethodQueryMessageHandlerDefinition","centralityPageRank",0.001259172687034295,""
"org.axonframework.serialization.FixedValueRevisionResolver","FixedValueRevisionResolver","centralityPageRank",0.001259172687034295,""
"org.axonframework.serialization.MavenArtifactRevisionResolver","MavenArtifactRevisionResolver","centralityPageRank",0.001259172687034295,""
"org.axonframework.serialization.avro.GenericRecordToByteArrayConverter","GenericRecordToByteArrayConverter","centralityPageRank",0.001259172687034295,""
"org.axonframework.serialization.converters.BlobToInputStreamConverter","BlobToInputStreamConverter","centralityPageRank",0.001259172687034295,""
"org.axonframework.serialization.converters.ByteArrayToInputStreamConverter","ByteArrayToInputStreamConverter","centralityPageRank",0.001259172687034295,""
"org.axonframework.serialization.converters.ByteArrayToStringConverter","ByteArrayToStringConverter","centralityPageRank",0.001259172687034295,""
"org.axonframework.serialization.converters.InputStreamToByteArrayConverter","InputStreamToByteArrayConverter","centralityPageRank",0.001259172687034295,""
"org.axonframework.serialization.converters.StringToByteArrayConverter","StringToByteArrayConverter","centralityPageRank",0.001259172687034295,""
"org.axonframework.serialization.upcasting.event.ContextAwareEventMultiUpcaster","ContextAwareEventMultiUpcaster","centralityPageRank",0.001259172687034295,""
"org.axonframework.serialization.upcasting.event.ContextAwareSingleEventUpcaster","ContextAwareSingleEventUpcaster","centralityPageRank",0.001259172687034295,""
"org.axonframework.serialization.upcasting.event.EventMultiUpcaster","EventMultiUpcaster","centralityPageRank",0.001259172687034295,""
"org.axonframework.springboot.autoconfig.AvroSerializerAutoConfiguration","AvroSerializerAutoConfiguration","centralityPageRank",0.001259172687034295,""
"org.axonframework.springboot.autoconfig.AxonDbSchedulerAutoConfiguration","AxonDbSchedulerAutoConfiguration","centralityPageRank",0.001259172687034295,""
"org.axonframework.springboot.autoconfig.AxonJobRunrAutoConfiguration","AxonJobRunrAutoConfiguration","centralityPageRank",0.001259172687034295,""
"org.axonframework.springboot.autoconfig.AxonServerActuatorAutoConfiguration","AxonServerActuatorAutoConfiguration","centralityPageRank",0.001259172687034295,""
"org.axonframework.springboot.autoconfig.AxonTimeoutAutoConfiguration","AxonTimeoutAutoConfiguration","centralityPageRank",0.001259172687034295,""
"org.axonframework.springboot.autoconfig.CBORMapperAutoConfiguration","CBORMapperAutoConfiguration","centralityPageRank",0.001259172687034295,""
"org.axonframework.springboot.autoconfig.InfraConfiguration","InfraConfiguration","centralityPageRank",0.001259172687034295,""
"org.axonframework.springboot.autoconfig.InterceptorAutoConfiguration","InterceptorAutoConfiguration","centralityPageRank",0.001259172687034295,""
"org.axonframework.springboot.autoconfig.ObjectMapperAutoConfiguration","ObjectMapperAutoConfiguration","centralityPageRank",0.001259172687034295,""
"org.axonframework.springboot.autoconfig.OpenTelemetryAutoConfiguration","OpenTelemetryAutoConfiguration","centralityPageRank",0.001259172687034295,""
"org.axonframework.springboot.autoconfig.SecurityAutoConfiguration","SecurityAutoConfiguration","centralityPageRank",0.001259172687034295,""
"org.axonframework.springboot.autoconfig.XStreamAutoConfiguration","XStreamAutoConfiguration","centralityPageRank",0.001259172687034295,""
"org.axonframework.springboot.autoconfig.legacyjpa.JpaJavaxEventStoreAutoConfiguration","JpaJavaxEventStoreAutoConfiguration","centralityPageRank",0.001259172687034295,""
"org.axonframework.springboot.service.connection.AxonServerDockerComposeConnectionDetailsFactory","AxonServerDockerComposeConnectionDetailsFactory","centralityPageRank",0.001259172687034295,""
"org.axonframework.springboot.service.connection.AxonServerTestContainerConnectionDetailsFactory","AxonServerTestContainerConnectionDetailsFactory","centralityPageRank",0.001259172687034295,""
"org.axonframework.test.FixtureResourceParameterResolverFactory","FixtureResourceParameterResolverFactory","centralityPageRank",0.001259172687034295,""
"org.axonframework.test.aggregate.StubAggregateLifecycleExtension","StubAggregateLifecycleExtension","centralityPageRank",0.001259172687034295,""
"org.axonframework.test.matchers.NonStaticFieldsFilter","NonStaticFieldsFilter","centralityPageRank",0.001259172687034295,""
"org.axonframework.test.matchers.NonTransientFieldsFilter","NonTransientFieldsFilter","centralityPageRank",0.001259172687034295,""
"org.axonframework.test.utils.AutowiredResourceInjector","AutowiredResourceInjector","centralityPageRank",0.001259172687034295,""
"org.axonframework.tracing.MultiSpanFactory","MultiSpanFactory","centralityPageRank",0.001259172687034295,""
