"sourceLabels","relationshipType","targetLabels","relationshipCount","Source Cypher File: domains/overview/queries/overview/Node_labels_and_their_relationships.cypher"
"Git,Update,Change","MODIFIES","Git",315032,""
"Git,Update,Change","UPDATES","Git",315032,""
"Git,Commit","CONTAINS_CHANGE","Git,Update,Change",315032,""
"Git,Change,Create","MODIFIES","Git",108443,""
"Git,Commit","CONTAINS_CHANGE","Git,Change,Create",108443,""
"Git,Change,Create","CREATES","Git",108443,""
"Git,Change,Delete","MODIFIES","Git",66549,""
"Git,Commit","CONTAINS_CHANGE","Git,Change,Delete",66549,""
"Git,Change,Delete","DELETES","Git",66549,""
"Git,Change,Rename","MODIFIES","Git",27910,""
"Git,Commit","CONTAINS_CHANGE","Git,Change,Rename",27910,""
"Git,Change,Rename","DELETES","Git",27910,""
"Git,Change,Rename","CREATES","Git",27910,""
"Git,Change,Rename","RENAMES","Git",27910,""
"Git,Commit","HAS_PARENT","Git,Commit",21366,""
"Committer,Git,Person,Author","COMMITTED","Git,Commit",17573,""
"Repository,Git","HAS_COMMIT","Git,Commit",17573,""
"Repository,Git","HAS_FILE","Git",17486,""
"Method,Member","INVOKES","Method,Member",13788,""
"Git","HAS_NEW_NAME","Git",9825,""
"Git","CHANGED_TOGETHER_WITH","Git",6764,""
"Method,Member","HAS","Parameter",5454,""
"Method,Member","READS","Member,Field",5369,""
"Parameter","OF_TYPE","JavaType",4152,""
"StronglyConnectedComponent,TypeMembers","DEPENDS_ON","StronglyConnectedComponent,TypeMembers",4117,""
"ParameterizedType,Bound","OF_RAW_TYPE","JavaType",2876,""
"Bound","OF_RAW_TYPE","JavaType",2438,""
"Xml,Element","HAS_ELEMENT","Xml,Element",2294,""
"ParameterizedType,Bound","HAS_ACTUAL_TYPE_ARGUMENT","Bound",2149,""
"Parameter","OF_GENERIC_TYPE","ParameterizedType,Bound",1891,""
"ParameterizedType,Bound","HAS_ACTUAL_TYPE_ARGUMENT","Bound,TypeVariable",1847,""
"Parameter","OF_GENERIC_TYPE","Bound",1765,""
"JavaType","DECLARES","Method,Member",1652,""
"Xml,Element","HAS_LAST_CHILD","Xml,Text",1548,""
"Xml,Element","HAS_FIRST_CHILD","Xml,Text",1548,""
"Xml,Element","HAS_TEXT","Xml,Text",1548,""
"Constructor,Method,Member","INVOKES","Constructor,Method,Member",1536,""
"Xml,Element","HAS_SIBLING","Xml,Element",1526,""
"Method,Member","INVOKES","Constructor,Method,Member",1498,""
"Method,Member","RETURNS","JavaType",1493,""
"Method,Member,Lambda","HAS","Parameter",1488,""
"Git,Change,Copy","MODIFIES","Git",1486,""
"Git,Commit","CONTAINS_CHANGE","Git,Change,Copy",1486,""
"Git,Change,Copy","CREATES","Git",1486,""
"Git,Change,Copy","COPIES","Git",1486,""
"Constructor,Method,Member","WRITES","Member,Field",1484,""
"Method,Member,Lambda","INVOKES","Method,Member",1419,""
"Constructor,Method,Member","HAS","Parameter",1403,""
"Parameter","OF_TYPE","ResolvedDuplicateType",1356,""
"ParameterizedType,Bound","HAS_ACTUAL_TYPE_ARGUMENT","Bound,WildcardType",1161,""
"Constructor,Method,Member","INVOKES","Method,Member",1096,""
"Method,Member","RETURNS_GENERIC","ParameterizedType,Bound",1066,""
"Method,Member,GenericDeclaration","INVOKES","Method,Member",1036,""
"Constructor,Method,Member","RETURNS","Void",1033,""
"Method,Member","RETURNS","Void",980,""
"StronglyConnectedComponent,TypeMembers","IN_WEAKLY_CONNECTED_COMPONENT","WeaklyConnectedComponent,TypeMembers",901,""
"Method,Member,GenericDeclaration","HAS","Parameter",891,""
"Member,Field","OF_TYPE","JavaType",835,""
"Bound,TypeVariable","HAS_UPPER_BOUND","Bound",835,""
"ParameterizedType,Bound","HAS_ACTUAL_TYPE_ARGUMENT","ParameterizedType,Bound",802,""
"Method,Member","RETURNS","PrimitiveType",789,""
"Xml,Element","HAS_LAST_CHILD","Xml,Element",768,""
"Xml,Element","HAS_FIRST_CHILD","Xml,Element",768,""
"Bound","OF_RAW_TYPE","ResolvedDuplicateType",711,""
"Bound,TypeVariable","OF_RAW_TYPE","JavaType",701,""
"Method,Member","RETURNS_GENERIC","Bound",671,""
"ExternalType","DECLARES","Method,Member",664,""
"ResolvedDuplicateType","DECLARES","Method,Member",631,""
"Parameter","OF_TYPE","Interface,InternalJavaType,ConnectedInternalJavaType",630,""
"Method,Member","WRITES","Member,Field",616,""
"Member,Field","OF_GENERIC_TYPE","ParameterizedType,Bound",584,""
"Method,Member","INVOKES","Method,Member,Lambda",575,""
"Method,Member,GenericDeclaration","DECLARES_TYPE_PARAMETER","Bound,TypeVariable",553,""
"Method,Member","INVOKES","Method,Member,GenericDeclaration",537,""
"Method,Member","RESOLVES_TO","Method,Member",526,""
"Parameter","OF_TYPE","PrimitiveType",512,""
"Git","COPY_OF","Git",468,""
"Bound","OF_RAW_TYPE","Void",459,""
"Bound","OF_RAW_TYPE","Interface,InternalJavaType,ConnectedInternalJavaType",436,""
"ParameterizedType,Bound","OF_RAW_TYPE","ResolvedDuplicateType",389,""
"StronglyConnectedComponent,PackageMembers","DEPENDS_ON","StronglyConnectedComponent,PackageMembers",357,""
"Method,Member","CATCHES","Throwable,JavaType",351,""
"Method,Member,GenericDeclaration","READS","Member,Field",333,""
"Bound","OF_RAW_TYPE","PrimitiveType",328,""
"Bound","OF_RAW_TYPE","Interface,InternalJavaType,ConnectedInternalJavaType",318,""
"Repository,Git","HAS_AUTHOR","Author,Git,Person",314,""
"Constructor,Method,Member","RETURNS_GENERIC","Bound",313,""
"Parameter","OF_TYPE","ExternalType",313,""
"Method,Member","THROWS","Throwable,JavaType",311,""
"Parameter","OF_TYPE","Interface,InternalJavaType,ConnectedInternalJavaType",300,""
"Parameter","OF_GENERIC_TYPE","Bound,TypeVariable",294,""
"Bound","OF_RAW_TYPE","Interface,InternalJavaType,ConnectedInternalJavaType",273,""
"Method,Member,GenericDeclaration","RETURNS_GENERIC","ParameterizedType,Bound",265,""
"Member,Field","OF_TYPE","PrimitiveType",257,""
"Repository,Git","HAS_COMMITTER","Committer,Git,Person",255,""
"Method,Member,Lambda","RETURNS","JavaType",249,""
"Value,Json,Object","HAS_KEY","Json,Key",248,""
"Json,Key","HAS_VALUE","Value,Json,Scalar",242,""
"Method,Member,GenericDeclaration","RETURNS","JavaType",241,""
"Value,Annotation","OF_TYPE","ExternalAnnotation,ExternalType",238,""
"Method,Member","RETURNS","ResolvedDuplicateType",232,""
"Constructor,Method,Member","READS","Member,Field",220,""
"Parameter","OF_TYPE","Interface,InternalJavaType,ConnectedInternalJavaType",218,""
"Parameter","OF_TYPE","Throwable,JavaType",217,""
"Bound,WildcardType","HAS_LOWER_BOUND","Bound",211,""
"Value,Annotation","OF_TYPE","JavaType",199,""
"Method,Member,GenericDeclaration","INVOKES","Method,Member,GenericDeclaration",194,""
"Bound","OF_RAW_TYPE","ExternalType",187,""
"ParameterizedType,Bound","OF_RAW_TYPE","Interface,GenericDeclaration,InternalJavaType,ConnectedInternalJavaType",186,""
"JavaType","DECLARES","Constructor,Method,Member",182,""
"Xml,Maven,Pom,Document","DECLARES_DEPENDENCY","Maven,Dependency",182,""
"Maven,Dependency","TO_ARTIFACT","Artifact,Maven",182,""
"Method,Member,Lambda","INVOKES","Constructor,Method,Member",174,""
"Method,Member,GenericDeclaration","INVOKES","Constructor,Method,Member",160,""
"Method,Member,Lambda","RETURNS","Void",160,""
"Value,Annotation","OF_TYPE","Annotation,InternalJavaType,ConnectedInternalJavaType",160,""
"Value,Annotation","OF_TYPE","ResolvedDuplicateType",158,""
"Member,Field","HAS","Value,Primitive",157,""
"ParameterizedType,Bound","OF_RAW_TYPE","ExternalType",157,""
"Parameter","OF_TYPE","Interface,InternalJavaType,ConnectedInternalJavaType",154,""
"Method,Member,GenericDeclaration","RETURNS_GENERIC","Bound,TypeVariable",152,""
"Bound,WildcardType","HAS_UPPER_BOUND","Bound",152,""
"Value,Primitive","OF_TYPE","JavaType",152,""
"Git,Tag","ON_COMMIT","Git,Commit",152,""
"Repository,Git","HAS_TAG","Git,Tag",152,""
"Member,Field","OF_TYPE","ExternalType",146,""
"Constructor,Method,Member","RESOLVES_TO","Constructor,Method,Member",143,""
"Parameter","OF_TYPE","Interface,GenericDeclaration,InternalJavaType,ConnectedInternalJavaType",142,""
"Method,Member","RESOLVES_TO","Method,Member,GenericDeclaration",141,""
"Value,Enum","OF_TYPE","JavaType",139,""
"Value,Enum","IS","Member,Field",139,""
"Parameter","OF_TYPE","Interface,InternalJavaType,ConnectedInternalJavaType",136,""
"Git","RESOLVES_TO","Interface",135,""
"Method,Member","RETURNS","Interface,GenericDeclaration,InternalJavaType,ConnectedInternalJavaType",131,""
"Member,Field","OF_TYPE","ResolvedDuplicateType",131,""
"ParameterizedType,Bound","OF_RAW_TYPE","Interface,GenericDeclaration,InternalJavaType,ConnectedInternalJavaType",130,""
"Artifact,Jar,Archive,Zip","REQUIRES","JavaType",126,""
"Interface","EXTENDS","JavaType",124,""
"Interface","DEPENDS_ON","ExternalAnnotation,ExternalType,JavaType",124,""
"Interface","ANNOTATED_BY","Value,Annotation",124,""
"ParameterizedType,Bound","OF_RAW_TYPE","Interface,GenericDeclaration,InternalJavaType,ConnectedInternalJavaType",123,""
"Bound","OF_RAW_TYPE","Interface,InternalJavaType,ConnectedInternalJavaType,Record",122,""
"Artifact,Jar,Archive,Zip","REQUIRES","ExternalType",122,""
"Bound","OF_RAW_TYPE","Throwable,JavaType",117,""
"Method,Member","RETURNS_GENERIC","Bound,TypeVariable",116,""
"Bound,TypeVariable","OF_RAW_TYPE","Interface,InternalJavaType,ConnectedInternalJavaType",116,""
"Method,Member,Lambda","RETURNS","PrimitiveType",113,""
"Parameter","OF_TYPE","Interface,InternalJavaType,ConnectedInternalJavaType",113,""
"Method,Member,Lambda","INVOKES","Method,Member,GenericDeclaration",112,""
"Parameter","OF_TYPE","Record,InternalJavaType,ConnectedInternalJavaType",107,""
"ParameterizedType,Bound","OF_RAW_TYPE","Class,GenericDeclaration,InternalJavaType,ConnectedInternalJavaType",104,""
"Artifact,Jar,Archive,Zip","REQUIRES","ResolvedDuplicateType",103,""
"Method,Member,GenericDeclaration","INVOKES","Method,Member,Lambda",101,""
"Bound","OF_RAW_TYPE","Interface,InternalJavaType,ConnectedInternalJavaType",101,""
"Artifact,Jar,Archive,Zip","REQUIRES","ResolvedDuplicateType",99,""
"Parameter","OF_TYPE","Interface,InternalJavaType,ConnectedInternalJavaType",96,""
"ResolvedDuplicateType","DECLARES","Constructor,Method,Member",94,""
"Bound,WildcardType","HAS_LOWER_BOUND","Bound,TypeVariable",94,""
"Method,Member","RETURNS","Interface,InternalJavaType,ConnectedInternalJavaType",93,""
"Bound","OF_RAW_TYPE","Interface,InternalJavaType,ConnectedInternalJavaType",93,""
"StronglyConnectedComponent,PackageMembers","IN_WEAKLY_CONNECTED_COMPONENT","WeaklyConnectedComponent,PackageMembers",92,""
"Parameter","OF_TYPE","Interface,InternalJavaType,ConnectedInternalJavaType",91,""
"Value,Annotation","HAS","Value,Array",90,""
"Value,Array","CONTAINS","Value,Enum",90,""
"Bound","OF_RAW_TYPE","Interface,InternalJavaType,ConnectedInternalJavaType",88,""
"Artifact,Jar,Archive,Zip","REQUIRES","JavaType",88,""
"ManifestSection","HAS","Value,ManifestEntry",87,""
"Git","RESOLVES_TO","ServiceLoader",83,""
"ParameterizedType,Bound","OF_RAW_TYPE","Interface,GenericDeclaration,InternalJavaType,ConnectedInternalJavaType",82,""
"Parameter","OF_TYPE","Interface,GenericDeclaration,InternalJavaType,ConnectedInternalJavaType",80,""
"Bound,GenericArrayType","HAS_COMPONENT_TYPE","Bound",79,""
"Value,Annotation","HAS","Value,Primitive",79,""
"Parameter","OF_TYPE","Interface,InternalJavaType,ConnectedInternalJavaType",79,""
"Method,Member","RETURNS","ExternalType",78,""
"Parameter","OF_TYPE","Class,InternalJavaType,ConnectedInternalJavaType",76,""
"Bound,WildcardType","HAS_UPPER_BOUND","Bound,TypeVariable",73,""
"ParameterizedType,Bound","OF_RAW_TYPE","Class,GenericDeclaration,InternalJavaType,ConnectedInternalJavaType",73,""
"JavaType","DECLARES","Member,Field",72,""
"Class,InternalJavaType,ConnectedInternalJavaType","DECLARES","Method,Member",72,""
"ParameterizedType,Bound","OF_RAW_TYPE","Interface,GenericDeclaration,InternalJavaType,ConnectedInternalJavaType",71,""
"Parameter","OF_GENERIC_TYPE","Bound,GenericArrayType",71,""
"Method,Member,GenericDeclaration","RETURNS_GENERIC","Bound",68,""
"Method,Member,Lambda","READS","Member,Field",68,""
"Constructor,Method,Member","INVOKES","Method,Member,Lambda",68,""
"ParameterizedType,Bound","OF_RAW_TYPE","Interface,GenericDeclaration,InternalJavaType,ConnectedInternalJavaType",67,""
"Method,Member","ANNOTATED_BY","Value,Annotation",67,""
"Method,Member","INVOKES","Method,Member",65,""
"Parameter","OF_TYPE","Class,GenericDeclaration,InternalJavaType,ConnectedInternalJavaType",65,""
"ParameterizedType,Bound","OF_RAW_TYPE","Interface,GenericDeclaration,InternalJavaType,ConnectedInternalJavaType",64,""
"Method,Member","RETURNS","Interface,InternalJavaType,ConnectedInternalJavaType",62,""
"Artifact,Jar,Archive,Zip","REQUIRES","ResolvedDuplicateType",62,""
"Artifact,Jar,Archive,Zip","REQUIRES","JavaType,ResolvedDuplicateType",60,""
"Method,Member,GenericDeclaration","CATCHES","Throwable,JavaType",57,""
"Parameter","OF_TYPE","Interface,InternalJavaType,ConnectedInternalJavaType",57,""
"Artifact,Jar,Archive,Zip","CONTAINS","Interface",57,""
"Artifact,Jar,Archive,Zip","REQUIRES","JavaType",57,""
"ParameterizedType,Bound","OF_RAW_TYPE","Interface,GenericDeclaration,InternalJavaType,ConnectedInternalJavaType",56,""
"Method,Member","INVOKES","Method,Member,GenericDeclaration",56,""
"Artifact,Jar,Archive,Zip","REQUIRES","JavaType",56,""
"Method,Member,Lambda","INVOKES","Method,Member,Lambda",54,""
"Value,Array,Json","CONTAINS_VALUE","Value,Json,Object",54,""
"Properties","HAS","Value,Property",53,""
"Method,Member,GenericDeclaration","THROWS","Throwable,JavaType",52,""
"ParameterizedType,Bound","OF_RAW_TYPE","Interface,GenericDeclaration,InternalJavaType,ConnectedInternalJavaType",50,""
"Class,InternalJavaType,ConnectedInternalJavaType","DECLARES","Method,Member",50,""
"ExternalType","DECLARES","Member,Field",49,""
"Class,InternalJavaType,ConnectedInternalJavaType","DECLARES","Method,Member",49,""
"Value,Annotation","HAS","Value,Enum",48,""
"ParameterizedType,Bound","OF_RAW_TYPE","Interface,GenericDeclaration,InternalJavaType,ConnectedInternalJavaType",48,""
"Bound","OF_RAW_TYPE","Interface,InternalJavaType,ConnectedInternalJavaType,Record",48,""
"Bound","OF_RAW_TYPE","Class,InternalJavaType,ConnectedInternalJavaType",47,""
"Class,InternalJavaType,ConnectedInternalJavaType","DECLARES","Method,Member",47,""
"Throwable,JavaType","DECLARES","Constructor,Method,Member",46,""
"Class,InternalJavaType,ConnectedInternalJavaType","DECLARES","Method,Member",46,""
"Method,Member","RETURNS","Interface,InternalJavaType,ConnectedInternalJavaType",46,""
"Method,Member","INVOKES","Method,Member",46,""
"Parameter","OF_TYPE","Class,GenericDeclaration,InternalJavaType,ConnectedInternalJavaType",45,""
"Artifact,Jar,Archive,Zip","REQUIRES","ResolvedDuplicateType",45,""
"Xml,Element","DECLARES_NAMESPACE","Xml,Namespace",44,""
"Directory","CONTAINS","Directory",44,""
"Bound","OF_RAW_TYPE","Interface,InternalJavaType,ConnectedInternalJavaType",43,""
"ParameterizedType,Bound","OF_RAW_TYPE","Interface,GenericDeclaration,InternalJavaType,ConnectedInternalJavaType",43,""
"Constructor,Method,Member","ANNOTATED_BY","Value,Annotation",42,""
"Bound","OF_RAW_TYPE","Interface,InternalJavaType,ConnectedInternalJavaType",42,""
"Artifact,Jar,Archive,Zip","REQUIRES","JavaType",42,""
"Constructor,Method,Member","INVOKES","Method,Member,GenericDeclaration",41,""
"Artifact,Jar,Archive,Zip","REQUIRES","JavaType",41,""
"Class,InternalJavaType,ConnectedInternalJavaType,GenericDeclaration","DECLARES","Method,Member",40,""
"Method,Member","INVOKES","Method,Member",40,""
"Parameter","OF_TYPE","Interface,GenericDeclaration,InternalJavaType,ConnectedInternalJavaType",39,""
"Method,Member","INVOKES","Method,Member",39,""
"Value,Array","CONTAINS","Value,Primitive",39,""
"Class,InternalJavaType,ConnectedInternalJavaType","DECLARES","Method,Member,Lambda",39,""
"Interface,InternalJavaType,ConnectedInternalJavaType","DECLARES","Method,Member",38,""
"Parameter","OF_TYPE","Interface,InternalJavaType,ConnectedInternalJavaType",38,""
"Method,Member","THROWS","Throwable,ResolvedDuplicateType",38,""
"Class,InternalJavaType,ConnectedInternalJavaType","DEPENDS_ON","JavaType",38,""
"ParameterizedType,Bound","OF_RAW_TYPE","Interface,GenericDeclaration,InternalJavaType,ConnectedInternalJavaType",38,""
"Interface,GenericDeclaration,InternalJavaType,ConnectedInternalJavaType,Class","DECLARES","Method,Member",37,""
"Method,Member","RETURNS","Interface,GenericDeclaration,InternalJavaType,ConnectedInternalJavaType",37,""
"Class,InternalJavaType,ConnectedInternalJavaType","DECLARES","Member,Field",37,""
"Class,InternalJavaType,ConnectedInternalJavaType","DECLARES","Method,Member",36,""
"ParameterizedType,Bound","OF_RAW_TYPE","Interface,GenericDeclaration,InternalJavaType,ConnectedInternalJavaType",36,""
"Method,Member","RETURNS","Interface,GenericDeclaration,InternalJavaType,ConnectedInternalJavaType",35,""
"Member,Field","OF_TYPE","Class,GenericDeclaration,InternalJavaType,ConnectedInternalJavaType",35,""
"Parameter","OF_TYPE","Interface,InternalJavaType,ConnectedInternalJavaType",35,""
"Method,Member,Lambda","RETURNS","ResolvedDuplicateType",35,""
"ParameterizedType,Bound","OF_RAW_TYPE","Interface,GenericDeclaration,InternalJavaType,ConnectedInternalJavaType",35,""
"Class,InternalJavaType,ConnectedInternalJavaType,Throwable,JavaType,GenericDeclaration","DECLARES","Method,Member",34,""
"Method,Member","HAS_DEFAULT","Value,Primitive",34,""
"Class,InternalJavaType,ConnectedInternalJavaType","DEPENDS_ON","JavaType",34,""
"Method,Member","RETURNS","Interface,InternalJavaType,ConnectedInternalJavaType",33,""
"ParameterizedType,Bound","OF_RAW_TYPE","Interface,GenericDeclaration,InternalJavaType,ConnectedInternalJavaType",33,""
"Parameter","OF_TYPE","Interface,GenericDeclaration,InternalJavaType,ConnectedInternalJavaType",33,""
"Bound","OF_RAW_TYPE","Class,InternalJavaType,ConnectedInternalJavaType,Interface",33,""
"Parameter","OF_TYPE","Class,InternalJavaType,ConnectedInternalJavaType,Record,GenericDeclaration",32,""
"Bound","OF_RAW_TYPE","Interface,InternalJavaType,ConnectedInternalJavaType",32,""
"Class,InternalJavaType,ConnectedInternalJavaType","DECLARES","Method,Member",32,""
"Method,Member,GenericDeclaration","RETURNS","ExternalType",32,""
"Method,Member","RETURNS","Class,InternalJavaType,ConnectedInternalJavaType",32,""
"Class,InternalJavaType,ConnectedInternalJavaType","DEPENDS_ON","ResolvedDuplicateType",32,""
"Artifact,Jar,Archive,Zip","REQUIRES","ExternalType",32,""
"Parameter","OF_TYPE","Record,InternalJavaType,ConnectedInternalJavaType",31,""
"Class,InternalJavaType,ConnectedInternalJavaType","DECLARES","Method,Member",31,""
"Bound,GenericArrayType","HAS_COMPONENT_TYPE","ParameterizedType,Bound",31,""
"Value,Array","CONTAINS","Value,Array",31,""
"Parameter","OF_TYPE","Interface,InternalJavaType,ConnectedInternalJavaType",30,""
"Bound,TypeVariable","HAS_UPPER_BOUND","ParameterizedType,Bound",30,""
"Constructor,Method,Member,GenericDeclaration","HAS","Parameter",30,""
"Bound","OF_RAW_TYPE","Record,InternalJavaType,ConnectedInternalJavaType,Interface",29,""
"Class,InternalJavaType,ConnectedInternalJavaType","DECLARES","Method,Member",29,""
"Enum,InternalJavaType,ConnectedInternalJavaType","DECLARES","Member,Field",29,""
"Method,Member","RETURNS","Interface,GenericDeclaration,InternalJavaType,ConnectedInternalJavaType",29,""
"Bound","OF_RAW_TYPE","Interface,InternalJavaType,ConnectedInternalJavaType",28,""
"Interface,InternalJavaType,ConnectedInternalJavaType,Class,GenericDeclaration","DECLARES","Method,Member",28,""
"ParameterizedType,Bound","HAS_ACTUAL_TYPE_ARGUMENT","Bound,GenericArrayType",28,""
"Member,Field","OF_TYPE","Enum,InternalJavaType,ConnectedInternalJavaType",28,""
"Class,InternalJavaType,ConnectedInternalJavaType","DEPENDS_ON","JavaType,ResolvedDuplicateType",28,""
"jQAssistant,Rule,Concept","REQUIRES_CONCEPT","jQAssistant,Rule,Concept",28,""
"Interface,InternalJavaType,ConnectedInternalJavaType,Class","DECLARES","Method,Member",27,""
"Parameter","OF_TYPE","Interface,InternalJavaType,ConnectedInternalJavaType",27,""
"Class,InternalJavaType,ConnectedInternalJavaType","DEPENDS_ON","JavaType",27,""
"ParameterizedType,Bound","OF_RAW_TYPE","Interface,GenericDeclaration,InternalJavaType,ConnectedInternalJavaType",27,""
"Artifact,Jar,Archive,Zip","REQUIRES","ResolvedDuplicateType",27,""
"Method,Member","THROWS","Class,Throwable,InternalJavaType,ConnectedInternalJavaType",27,""
"StronglyConnectedComponent,ArtifactMembers","DEPENDS_ON","StronglyConnectedComponent,ArtifactMembers",27,""
"Class,GenericDeclaration,InternalJavaType,ConnectedInternalJavaType","DECLARES","Method,Member",26,""
"Bound","OF_RAW_TYPE","Interface,InternalJavaType,ConnectedInternalJavaType",26,""
"Class,InternalJavaType,ConnectedInternalJavaType","DECLARES","Member,Field",26,""
"Method,Member","THROWS","Class,Throwable,InternalJavaType,ConnectedInternalJavaType",26,""
"ParameterizedType,Bound","OF_RAW_TYPE","Record,GenericDeclaration,InternalJavaType,ConnectedInternalJavaType",26,""
"Artifact,Jar,Archive,Zip","REQUIRES","Throwable,JavaType,ExternalType",26,""
"Method,Member,Lambda","RETURNS","Interface,GenericDeclaration,InternalJavaType,ConnectedInternalJavaType",25,""
"Member,Field","ANNOTATED_BY","Value,Annotation",25,""
"Class,InternalJavaType,ConnectedInternalJavaType","DECLARES","Method,Member",25,""
"Method,Member","RETURNS","Interface,InternalJavaType,ConnectedInternalJavaType",25,""
"Class,InternalJavaType,ConnectedInternalJavaType","DEPENDS_ON","JavaType",25,""
"Method,Member","RETURNS","Interface,GenericDeclaration,InternalJavaType,ConnectedInternalJavaType,Class",24,""
"Class,InternalJavaType,ConnectedInternalJavaType","DECLARES","Member,Field,Method",24,""
"Class,InternalJavaType,ConnectedInternalJavaType,GenericDeclaration","DEPENDS_ON","JavaType",24,""
"Value,Array","CONTAINS","Value,Property,Class",24,""
"ParameterizedType,Bound","OF_RAW_TYPE","Interface,GenericDeclaration,InternalJavaType,ConnectedInternalJavaType",24,""
"Parameter","OF_TYPE","Interface,GenericDeclaration,InternalJavaType,ConnectedInternalJavaType",23,""
"Bound","OF_RAW_TYPE","Interface,InternalJavaType,ConnectedInternalJavaType",23,""
"ParameterizedType,Bound","OF_RAW_TYPE","Interface,GenericDeclaration,InternalJavaType,ConnectedInternalJavaType",23,""
"Class,InternalJavaType,ConnectedInternalJavaType","DEPENDS_ON","JavaType",23,""
"Class,GenericDeclaration,InternalJavaType,ConnectedInternalJavaType","DECLARES","Method,Member",23,""
"Method,Member","RETURNS","Interface,InternalJavaType,ConnectedInternalJavaType",23,""
"ExternalType","DECLARES","Constructor,Method,Member",23,""
"Method,Member","RETURNS","Interface,InternalJavaType,ConnectedInternalJavaType",22,""
"Bound","OF_RAW_TYPE","Interface,InternalJavaType,ConnectedInternalJavaType,Class",22,""
"Xml,Element","HAS_ATTRIBUTE","Xml,Attribute",22,""
"Xml,Attribute","OF_NAMESPACE","Xml,Namespace",22,""
"Artifact,Jar,Archive,Zip","REQUIRES","ExternalType",22,""
"Method,Member","INVOKES","Method,Member",22,""
"Parameter","OF_TYPE","Interface,InternalJavaType,ConnectedInternalJavaType,GenericDeclaration",22,""
"Class,InternalJavaType,ConnectedInternalJavaType","DEPENDS_ON","JavaType",22,""
"ParameterizedType,Bound","OF_RAW_TYPE","Interface,GenericDeclaration,InternalJavaType,ConnectedInternalJavaType",22,""
"Class,GenericDeclaration,InternalJavaType,ConnectedInternalJavaType","DEPENDS_ON","ResolvedDuplicateType",22,""
"Class,GenericDeclaration,InternalJavaType,ConnectedInternalJavaType","DECLARES","Method,Member",22,""
"Member,Field","RESOLVES_TO","Member,Field",22,""
"Class,InternalJavaType,ConnectedInternalJavaType,Interface,GenericDeclaration","DECLARES","Method,Member",21,""
"Class,InternalJavaType,ConnectedInternalJavaType","DECLARES","Member,Field",21,""
"Constructor,Method,Member,GenericDeclaration","INVOKES","Method,Member",21,""
"Parameter","OF_TYPE","Interface,InternalJavaType,ConnectedInternalJavaType",21,""
"ParameterizedType,Bound","OF_RAW_TYPE","Interface,GenericDeclaration,InternalJavaType,ConnectedInternalJavaType,Class",21,""
"Bound","OF_RAW_TYPE","Interface,InternalJavaType,ConnectedInternalJavaType",21,""
"Class,GenericDeclaration,InternalJavaType,ConnectedInternalJavaType","DEPENDS_ON","JavaType",21,""
"Method,Member","THROWS","Class,Throwable,InternalJavaType,ConnectedInternalJavaType",21,""
"Class,InternalJavaType,ConnectedInternalJavaType,Interface,Record","DECLARES","Method,Member",20,""
"Bound","OF_RAW_TYPE","Interface,InternalJavaType,ConnectedInternalJavaType",20,""
"Parameter","OF_TYPE","Interface,GenericDeclaration,InternalJavaType,ConnectedInternalJavaType",20,""
"Package,Directory","CONTAINS","Package,Directory",20,""
"Class,InternalJavaType,ConnectedInternalJavaType,GenericDeclaration","DEPENDS_ON","JavaType",20,""
"Class,InternalJavaType,ConnectedInternalJavaType,Interface,GenericDeclaration","DECLARES","Method,Member",19,""
"ParameterizedType,Bound","OF_RAW_TYPE","Class,GenericDeclaration,InternalJavaType,ConnectedInternalJavaType,Interface",19,""
"Method,Member","HAS_DEFAULT","Value,Class",19,""
"Class,InternalJavaType,ConnectedInternalJavaType","DEPENDS_ON","JavaType",19,""
"Method,Member","RETURNS","Class,InternalJavaType,ConnectedInternalJavaType,Interface",19,""
"Method,Member","INVOKES","Method,Member",19,""
"Parameter","OF_TYPE","Interface,InternalJavaType,ConnectedInternalJavaType",19,""
"Method,Member,GenericDeclaration","RETURNS","Void",19,""
"Artifact,Jar,Archive,Zip","REQUIRES","Throwable,JavaType",19,""
"Method,Member","READS","Member,Field",19,""
"Class,InternalJavaType,ConnectedInternalJavaType,Interface","DECLARES","Member,Field",18,""
"Class,InternalJavaType,ConnectedInternalJavaType,GenericDeclaration","DECLARES","Method,Member",18,""
"Maven,Plugin","IS_ARTIFACT","Artifact,Maven",18,""
"Xml,Maven,Pom,Document","USES_PLUGIN","Maven,Plugin",18,""
"Method,Member","THROWS","Throwable,ExternalType",18,""
"Class,InternalJavaType,ConnectedInternalJavaType","DECLARES","Method,Member,Lambda",18,""
"Class,InternalJavaType,ConnectedInternalJavaType","DEPENDS_ON","JavaType",18,""
"ParameterizedType,Bound","OF_RAW_TYPE","Interface,GenericDeclaration,InternalJavaType,ConnectedInternalJavaType",18,""
"Parameter","OF_TYPE","Interface,GenericDeclaration,InternalJavaType,ConnectedInternalJavaType",18,""
"Method,Member","READS","Member,Field",17,""
"Interface,GenericDeclaration,InternalJavaType,ConnectedInternalJavaType,Class","DECLARES","Method,Member",17,""
"Member,Field","OF_TYPE","Interface,InternalJavaType,ConnectedInternalJavaType,Class,GenericDeclaration",17,""
"Bound","OF_RAW_TYPE","Class,InternalJavaType,ConnectedInternalJavaType",17,""
"Class,InternalJavaType,ConnectedInternalJavaType,GenericDeclaration","DEPENDS_ON","JavaType",17,""
"Parameter","OF_TYPE","Interface,InternalJavaType,ConnectedInternalJavaType,GenericDeclaration",17,""
"Method,Member","RETURNS","Interface,GenericDeclaration,InternalJavaType,ConnectedInternalJavaType",17,""
"ResolvedDuplicateType","DECLARES","Member,Field",17,""
"Maven,Configuration","CONTAINS","Value,Array",17,""
"Class,GenericDeclaration,InternalJavaType,ConnectedInternalJavaType","DEPENDS_ON","ResolvedDuplicateType",17,""
"Artifact,Jar,Archive,Zip","REQUIRES","ExternalType",17,""
"Interface,GenericDeclaration,InternalJavaType,ConnectedInternalJavaType,Class,Record","DECLARES","Method,Member",16,""
"Method,Member","RETURNS","Throwable,JavaType,Class,InternalJavaType,ConnectedInternalJavaType,Interface,GenericDeclaration",16,""
"Parameter","OF_TYPE","Interface,InternalJavaType,ConnectedInternalJavaType",16,""
"Bound","OF_RAW_TYPE","Interface,InternalJavaType,ConnectedInternalJavaType",16,""
"Member,Field","OF_TYPE","Interface,GenericDeclaration,InternalJavaType,ConnectedInternalJavaType",16,""
"Class,InternalJavaType,ConnectedInternalJavaType","DEPENDS_ON","JavaType",16,""
"ParameterizedType,Bound","OF_RAW_TYPE","Interface,GenericDeclaration,InternalJavaType,ConnectedInternalJavaType",16,""
"Method,Member,GenericDeclaration","INVOKES","Method,Member",16,""
"Interface,GenericDeclaration,InternalJavaType,ConnectedInternalJavaType","DECLARES","Method,Member,GenericDeclaration",16,""
"Class,InternalJavaType,ConnectedInternalJavaType","DECLARES","Method,Member,Lambda",16,""
"Method,Member,Lambda","RETURNS","ExternalType",16,""
"Record,InternalJavaType,ConnectedInternalJavaType","DECLARES","Member,Field",16,""
"Artifact,Jar,Archive,Zip","REQUIRES","ResolvedDuplicateType",16,""
"Interface,InternalJavaType,ConnectedInternalJavaType,Class,GenericDeclaration","DECLARES","Method,Member",15,""
"Member,Field,Parameter","OF_TYPE","Interface,InternalJavaType,ConnectedInternalJavaType",15,""
"Parameter","OF_TYPE","Class,InternalJavaType,ConnectedInternalJavaType,Interface",15,""
"Bound","OF_RAW_TYPE","Interface,InternalJavaType,ConnectedInternalJavaType,Class",15,""
"Class,InternalJavaType,ConnectedInternalJavaType,Interface,GenericDeclaration","DEPENDS_ON","JavaType",15,""
"Method,Member,Lambda","THROWS","Throwable,JavaType",15,""
"ParameterizedType,Bound","OF_RAW_TYPE","Class,GenericDeclaration,InternalJavaType,ConnectedInternalJavaType,Interface",15,""
"Class,InternalJavaType,ConnectedInternalJavaType,GenericDeclaration","DEPENDS_ON","ResolvedDuplicateType",15,""
"Artifact,Jar,Archive,Zip","CONTAINS","Interface",15,""
"Class,InternalJavaType,ConnectedInternalJavaType,Interface,GenericDeclaration","DECLARES","Method,Member",14,""
"Method,Member","HAS","Parameter",14,""
"Parameter","OF_TYPE","Interface,InternalJavaType,ConnectedInternalJavaType",14,""
"Class,InternalJavaType,ConnectedInternalJavaType,Record,GenericDeclaration","DEPENDS_ON","JavaType",14,""
"Member,Field","OF_GENERIC_TYPE","Bound,TypeVariable",14,""
"Bound","OF_RAW_TYPE","Interface,InternalJavaType,ConnectedInternalJavaType",14,""
"Method,Member","RETURNS","Interface,InternalJavaType,ConnectedInternalJavaType,Class",14,""
"Method,Member,Lambda","RETURNS","Throwable,JavaType",14,""
"Method,Member,GenericDeclaration","RETURNS","Interface,GenericDeclaration,InternalJavaType,ConnectedInternalJavaType",14,""
"Constructor,Method,Member","THROWS","Throwable,JavaType",14,""
"Interface,InternalJavaType,ConnectedInternalJavaType","DECLARES","Method,Member,GenericDeclaration",14,""
"Class,InternalJavaType,ConnectedInternalJavaType,GenericDeclaration","DEPENDS_ON","ResolvedDuplicateType",14,""
"Class,InternalJavaType,ConnectedInternalJavaType","DEPENDS_ON","ExternalType",14,""
"Method,Member,GenericDeclaration","THROWS","Class,Throwable,InternalJavaType,ConnectedInternalJavaType",14,""
"ParameterizedType,Bound","OF_RAW_TYPE","Interface,GenericDeclaration,InternalJavaType,ConnectedInternalJavaType",14,""
"Git","RESOLVES_TO","Class,InternalJavaType",14,""
"Class,InternalJavaType,ConnectedInternalJavaType,Interface,Record","DECLARES","Method,Member",13,""
"Throwable,ResolvedDuplicateType","DECLARES","Constructor,Method,Member",13,""
"Method,Member","RETURNS","Interface,InternalJavaType,ConnectedInternalJavaType",13,""
"Member,Field","OF_TYPE","Interface,InternalJavaType,ConnectedInternalJavaType,GenericDeclaration",13,""
"Parameter","OF_TYPE","Interface,InternalJavaType,ConnectedInternalJavaType,Class",13,""
"Class,InternalJavaType,ConnectedInternalJavaType,GenericDeclaration","DEPENDS_ON","JavaType,ResolvedDuplicateType",13,""
"Bound","OF_RAW_TYPE","Interface,InternalJavaType,ConnectedInternalJavaType,Class,Record",13,""
"Class,InternalJavaType,ConnectedInternalJavaType","DECLARES","Member,Field,Method,Lambda",13,""
"Parameter","ANNOTATED_BY","Value,Annotation",13,""
"Method,Member,Lambda","CATCHES","Throwable,JavaType",13,""
"Bound,WildcardType","HAS_UPPER_BOUND","ParameterizedType,Bound",13,""
"ParameterizedType,Bound","OF_RAW_TYPE","Interface,GenericDeclaration,InternalJavaType,ConnectedInternalJavaType",13,""
"Maven,PluginExecution","HAS_GOAL","Maven,ExecutionGoal",13,""
"Maven,Plugin","HAS_EXECUTION","Maven,PluginExecution",13,""
"Directory","CONTAINS","ServiceLoader",13,""
"Class,InternalJavaType,ConnectedInternalJavaType","DEPENDS_ON","ExternalType",13,""
"Method,Member","INVOKES","Method,Member,GenericDeclaration",13,""
"Method,Member,GenericDeclaration","INVOKES","Method,Member",13,""
"Artifact,Jar,Archive,Zip","REQUIRES","Throwable,JavaType",13,""
"Method,Member","RETURNS","Interface,InternalJavaType,ConnectedInternalJavaType,Class,GenericDeclaration",12,""
"Member,Field,Parameter","OF_TYPE","Interface,InternalJavaType,ConnectedInternalJavaType",12,""
"Value,Annotation","HAS","Value,Class",12,""
"Interface,InternalJavaType,ConnectedInternalJavaType,Class,Record,GenericDeclaration","DECLARES","Method,Member",12,""
"Parameter","OF_TYPE","Interface,InternalJavaType,ConnectedInternalJavaType,GenericDeclaration",12,""
"Bound","OF_RAW_TYPE","Interface,InternalJavaType,ConnectedInternalJavaType,Class",12,""
"Class,InternalJavaType,ConnectedInternalJavaType,Interface,GenericDeclaration,Record","DEPENDS_ON","JavaType",12,""
"Xml,Maven,Pom,Document","HAS_ROOT_ELEMENT","Xml,Element",12,""
"Artifact,Jar,Archive,Zip","REQUIRES","ExternalAnnotation,ExternalType",12,""
"Class,InternalJavaType,ConnectedInternalJavaType,GenericDeclaration","DEPENDS_ON","ResolvedDuplicateType",12,""
"ParameterizedType,Bound","OF_RAW_TYPE","Interface,GenericDeclaration,InternalJavaType,ConnectedInternalJavaType",12,""
"Method,Member","THROWS","Class,Throwable,InternalJavaType,ConnectedInternalJavaType",12,""
"Bound,TypeVariable","HAS_UPPER_BOUND","Bound,TypeVariable",12,""
"Method,Member,GenericDeclaration","RETURNS","Interface,InternalJavaType,ConnectedInternalJavaType",12,""
"Class,GenericDeclaration,InternalJavaType,ConnectedInternalJavaType","DECLARES","Method,Member,Lambda",12,""
"Class,InternalJavaType,ConnectedInternalJavaType","DECLARES","Method,Member,GenericDeclaration",12,""
"Method,Member","INVOKES","Method,Member,GenericDeclaration",12,""
"Value,Annotation","OF_TYPE","Annotation,InternalJavaType,ConnectedInternalJavaType",12,""
"Manifest","DECLARES","ManifestSection",11,""
"Class,InternalJavaType,ConnectedInternalJavaType,GenericDeclaration,Interface,Record","DECLARES","Method,Member",11,""
"Method,Member","RETURNS","Interface,GenericDeclaration,InternalJavaType,ConnectedInternalJavaType,Class",11,""
"Parameter","OF_TYPE","Interface,GenericDeclaration,InternalJavaType,ConnectedInternalJavaType,Class",11,""
"Class,InternalJavaType,ConnectedInternalJavaType,GenericDeclaration,Annotation,Record","DEPENDS_ON","JavaType",11,""
"Record,InternalJavaType,ConnectedInternalJavaType","DECLARES","Constructor,Method,Member",11,""
"Bound","OF_RAW_TYPE","Class,InternalJavaType,ConnectedInternalJavaType,Interface",11,""
"Member,Field","OF_TYPE","Throwable,JavaType",11,""
"Class,InternalJavaType,ConnectedInternalJavaType","DECLARES","Method,Member,Lambda",11,""
"Method,Member,GenericDeclaration","RETURNS","PrimitiveType,Interface,GenericDeclaration,InternalJavaType,ConnectedInternalJavaType",11,""
"Class,InternalJavaType,ConnectedInternalJavaType,GenericDeclaration","DECLARES","Member,Field",11,""
"Method,Member","HAS","Parameter",11,""
"Method,Member,Lambda","RETURNS","Interface,InternalJavaType,ConnectedInternalJavaType",11,""
"Xml,Maven,Pom,Document","DESCRIBES","Artifact,Maven",11,""
"Xml,Maven,Pom,Document","HAS_PARENT","Artifact,Maven",11,""
"Maven,Plugin","HAS_CONFIGURATION","Maven,Configuration",11,""
"Directory","CONTAINS","Manifest,Xml,Maven,Pom,Document,Properties",11,""
"Class,InternalJavaType,ConnectedInternalJavaType,GenericDeclaration","DEPENDS_ON","ResolvedDuplicateType",11,""
"Class,InternalJavaType,ConnectedInternalJavaType","DEPENDS_ON","ExternalType",11,""
"ParameterizedType,Bound","OF_RAW_TYPE","Interface,GenericDeclaration,InternalJavaType,ConnectedInternalJavaType",11,""
"Interface,InternalJavaType,ConnectedInternalJavaType,Class","DECLARES","Method,Member,GenericDeclaration",11,""
"Artifact,Jar,Archive,Zip","CONTAINS","Interface",11,""
"Artifact,Jar,Archive,Zip","REQUIRES","ExternalAnnotation,ExternalType,JavaType",11,""
"Method,Member,Lambda","INVOKES","Method,Member,GenericDeclaration",11,""
"StronglyConnectedComponent,ArtifactMembers","IN_WEAKLY_CONNECTED_COMPONENT","ArtifactMembers,WeaklyConnectedComponent",11,""
"Record,InternalJavaType,ConnectedInternalJavaType,Class,GenericDeclaration,Interface,Enum","DECLARES","Method,Member",10,""
"Method,Member","RETURNS","Interface,InternalJavaType,ConnectedInternalJavaType,Class,GenericDeclaration",10,""
"Member,Field","OF_TYPE","Interface,GenericDeclaration,InternalJavaType,ConnectedInternalJavaType",10,""
"Method,Member,GenericDeclaration","RETURNS","Interface,GenericDeclaration,InternalJavaType,ConnectedInternalJavaType",10,""
"Annotation,InternalJavaType,ConnectedInternalJavaType,Class,Record,GenericDeclaration,Interface","DEPENDS_ON","JavaType",10,""
"Bound","OF_RAW_TYPE","Interface,InternalJavaType,ConnectedInternalJavaType,Class",10,""
"Parameter","OF_TYPE","Class,InternalJavaType,ConnectedInternalJavaType,Interface,GenericDeclaration",10,""
"Method,Member,Lambda","RETURNS","Interface,GenericDeclaration,InternalJavaType,ConnectedInternalJavaType",10,""
"Interface,InternalJavaType,ConnectedInternalJavaType,Class,GenericDeclaration","DECLARES","Method,Member,Lambda",10,""
"Class,InternalJavaType,ConnectedInternalJavaType","DEPENDS_ON","ResolvedDuplicateType,ExternalType",10,""
"Method,Member","READS","Member,Field",10,""
"Artifact,Jar,Archive,Zip","CONTAINS","Interface,Directory",10,""
"Artifact,Jar,Archive,Zip","REQUIRES","Throwable,JavaType,ExternalType",10,""
"Class,InternalJavaType,ConnectedInternalJavaType","DECLARES","Member,Field",10,""
"Method,Member","INVOKES","Method,Member,GenericDeclaration",10,""
"ParameterizedType,Bound","OF_RAW_TYPE","Interface,GenericDeclaration,InternalJavaType,ConnectedInternalJavaType",10,""
"Method,Member","RESOLVES_TO","Method,Member",10,""
"Constructor,Method,Member","INVOKES","Method,Member,GenericDeclaration",10,""
"Git","RESOLVES_TO","ExternalType",10,""
"Class,InternalJavaType,ConnectedInternalJavaType,Interface,Annotation,GenericDeclaration,Record","DEPENDS_ON","JavaType",9,""
"Parameter","OF_TYPE","Interface,InternalJavaType,ConnectedInternalJavaType,Class,GenericDeclaration",9,""
"Method,Member","RETURNS","Interface,InternalJavaType,ConnectedInternalJavaType,Class,GenericDeclaration",9,""
"Record,InternalJavaType,ConnectedInternalJavaType,Interface,Class,GenericDeclaration","DECLARES","Method,Member",9,""
"Bound","OF_RAW_TYPE","Interface,InternalJavaType,ConnectedInternalJavaType,Record",9,""
"ParameterizedType,Bound","OF_RAW_TYPE","Class,GenericDeclaration,InternalJavaType,ConnectedInternalJavaType",9,""
"Value,Class","IS","JavaType,ExternalType",9,""
"Member,Field","OF_TYPE","Class,InternalJavaType,ConnectedInternalJavaType,Interface",9,""
"Bound,TypeVariable","OF_RAW_TYPE","ResolvedDuplicateType,Interface,GenericDeclaration,InternalJavaType,ConnectedInternalJavaType",9,""
"Class,InternalJavaType,ConnectedInternalJavaType,Record,GenericDeclaration","DECLARES","Member,Field",9,""
"Class,InternalJavaType,ConnectedInternalJavaType","DECLARES","Method,Member,Lambda",9,""
"Class,InternalJavaType,ConnectedInternalJavaType,GenericDeclaration,Interface","DECLARES","Method,Member,GenericDeclaration",9,""
"Method,Member","READS","Member,Field",9,""
"Constructor,Method,Member,GenericDeclaration","RETURNS","Void",9,""
"Constructor,Method,Member,GenericDeclaration","DECLARES_TYPE_PARAMETER","Bound,TypeVariable",9,""
"Constructor,Method,Member,GenericDeclaration","RETURNS_GENERIC","Bound",9,""
"Method,Member,Lambda","RETURNS","Interface,GenericDeclaration,InternalJavaType,ConnectedInternalJavaType",9,""
"Class,InternalJavaType,ConnectedInternalJavaType,GenericDeclaration","DEPENDS_ON","ResolvedDuplicateType,ExternalType",9,""
"Method,Member","INVOKES","Method,Member,Lambda,GenericDeclaration",9,""
"Xml,Maven,Pom,Document","USES_LICENSE","Maven,License",9,""
"Artifact,Jar,Archive,Zip","REQUIRES","ExternalAnnotation,ExternalType",9,""
"Record,InternalJavaType,ConnectedInternalJavaType,Class,Interface,GenericDeclaration,Enum","DECLARES","Method,Member",8,""
"Class,InternalJavaType,ConnectedInternalJavaType,GenericDeclaration,Record,Annotation,Interface","DEPENDS_ON","JavaType",8,""
"Member,Field","OF_TYPE","Interface,InternalJavaType,ConnectedInternalJavaType",8,""
"Parameter","OF_TYPE","Interface,GenericDeclaration,InternalJavaType,ConnectedInternalJavaType,Class,Enum,Record",8,""
"Class,InternalJavaType,ConnectedInternalJavaType,Enum,Record,GenericDeclaration","DECLARES","Member,Field",8,""
"Class,InternalJavaType,ConnectedInternalJavaType,GenericDeclaration,Interface","DEPENDS_ON","ResolvedDuplicateType",8,""
"Bound","OF_RAW_TYPE","Interface,InternalJavaType,ConnectedInternalJavaType,Class",8,""
"Bound,TypeVariable","OF_RAW_TYPE","Interface,InternalJavaType,ConnectedInternalJavaType,GenericDeclaration",8,""
"Method,Member","RETURNS","Interface,InternalJavaType,ConnectedInternalJavaType,Class,Record",8,""
"Method,Member,Lambda","RETURNS","Interface,InternalJavaType,ConnectedInternalJavaType,GenericDeclaration",8,""
"Method,Member","HAS","Parameter",8,""
"Class,InternalJavaType,ConnectedInternalJavaType","DECLARES","Method,Member,GenericDeclaration",8,""
"ParameterizedType,Bound","OF_RAW_TYPE","Interface,GenericDeclaration,InternalJavaType,ConnectedInternalJavaType,Record,Class",8,""
"Method,Member","INVOKES","Method,Member,GenericDeclaration",8,""
"Class,InternalJavaType,ConnectedInternalJavaType,GenericDeclaration","DECLARES","Method,Member,Lambda",8,""
"Maven,Configuration","CONTAINS","Value,Property",8,""
"Artifact,Jar,Archive,Zip","REQUIRES","ResolvedDuplicateType",8,""
"Class,InternalJavaType,ConnectedInternalJavaType","DEPENDS_ON","ExternalAnnotation,ExternalType",8,""
"Artifact,Jar,Archive,Zip","CONTAINS","Package,Directory",8,""
"Method,Member","THROWS","Class,Throwable,InternalJavaType,ConnectedInternalJavaType",8,""
"ResolvedDuplicateType","RESOLVES_TO","Interface,InternalJavaType,ConnectedInternalJavaType,Class",8,""
"Method,Member","RESOLVES_TO","Method,Member,GenericDeclaration",8,""
"Method,Member,Lambda","INVOKES","Method,Member,GenericDeclaration",8,""
"Class,InternalJavaType,ConnectedInternalJavaType","DECLARES","Constructor,Method,Member",7,""
"Interface,InternalJavaType,ConnectedInternalJavaType,Class","DECLARES","Method,Member,GenericDeclaration",7,""
"Enum,InternalJavaType,ConnectedInternalJavaType,Interface,Record,Annotation,Class,GenericDeclaration","DEPENDS_ON","JavaType",7,""
"Method,Member","RETURNS","Interface,GenericDeclaration,InternalJavaType,ConnectedInternalJavaType,Class,Record",7,""
"Class,InternalJavaType,ConnectedInternalJavaType,Interface,Record,Enum,GenericDeclaration","DECLARES","Method,Member",7,""
"Parameter","OF_TYPE","Interface,GenericDeclaration,InternalJavaType,ConnectedInternalJavaType,Class,Record",7,""
"Class,InternalJavaType,ConnectedInternalJavaType,GenericDeclaration","DECLARES","Method,Member,Lambda",7,""
"Class,InternalJavaType,ConnectedInternalJavaType,Record,Annotation,Enum,GenericDeclaration","DECLARES","Member,Field",7,""
"Member,Field","OF_TYPE","Interface,InternalJavaType,ConnectedInternalJavaType,Enum",7,""
"Bound","OF_RAW_TYPE","Interface,InternalJavaType,ConnectedInternalJavaType,Class,GenericDeclaration,Record,Enum",7,""
"Method,Member,Lambda","RETURNS","Class,InternalJavaType,ConnectedInternalJavaType,Interface",7,""
"Class,InternalJavaType,ConnectedInternalJavaType,GenericDeclaration,Interface","DEPENDS_ON","ResolvedDuplicateType",7,""
"Method,Member","RETURNS_GENERIC","Bound,GenericArrayType",7,""
"Constructor,Method,Member,GenericDeclaration","INVOKES","Constructor,Method,Member",7,""
"Bound,TypeVariable","OF_RAW_TYPE","Throwable,JavaType",7,""
"Method,Member,GenericDeclaration","RETURNS","Interface,InternalJavaType,ConnectedInternalJavaType,GenericDeclaration",7,""
"Bound,WildcardType","HAS_LOWER_BOUND","ParameterizedType,Bound",7,""
"ServiceLoader","OF_TYPE","ResolvedDuplicateType",7,""
"Maven,PluginExecution","HAS_CONFIGURATION","Maven,Configuration",7,""
"Artifact,Jar,Archive,Zip","REQUIRES","Throwable,JavaType",7,""
"Class,InternalJavaType,ConnectedInternalJavaType","DEPENDS_ON","ExternalType",7,""
"Value,Class","IS","ResolvedDuplicateType",7,""
"ParameterizedType,Bound","OF_RAW_TYPE","Interface,GenericDeclaration,InternalJavaType,ConnectedInternalJavaType",7,""
"Method,Member","INVOKES","Method,Member,GenericDeclaration",7,""
"Artifact,Jar,Archive,Zip","CONTAINS","Interface",7,""
"Git","RESOLVES_TO","Properties",7,""
"ResolvedDuplicateType","RESOLVES_TO","Annotation,InternalJavaType,ConnectedInternalJavaType",7,""
"Method,Member","RESOLVES_TO","Method,Member,GenericDeclaration",7,""
"Class,InternalJavaType,ConnectedInternalJavaType,Throwable,ExternalType","DECLARES","Constructor,Method,Member",6,""
"Enum,InternalJavaType,ConnectedInternalJavaType,Interface,Record,Class,GenericDeclaration","DECLARES","Method,Member",6,""
"Class,InternalJavaType,ConnectedInternalJavaType,Record,Interface,GenericDeclaration","DEPENDS_ON","JavaType",6,""
"Method,Member","INVOKES","Constructor,Method,Member,Lambda",6,""
"Method,Member,Lambda","RETURNS","Interface,InternalJavaType,ConnectedInternalJavaType,Class,Throwable",6,""
"Class,InternalJavaType,ConnectedInternalJavaType,Interface,GenericDeclaration","DECLARES","Method,Member,Lambda",6,""
"Member,Field","OF_TYPE","Interface,InternalJavaType,ConnectedInternalJavaType",6,""
"Value,Annotation","OF_TYPE","Annotation,InternalJavaType,ConnectedInternalJavaType",6,""
"Parameter","OF_TYPE","Interface,InternalJavaType,ConnectedInternalJavaType,Class,GenericDeclaration,Record,Enum",6,""
"Bound","OF_RAW_TYPE","Interface,InternalJavaType,ConnectedInternalJavaType,Record,Class",6,""
"Method,Member","RETURNS","Interface,InternalJavaType,ConnectedInternalJavaType,Class,Void,Enum,GenericDeclaration",6,""
"ParameterizedType,Bound","OF_RAW_TYPE","Interface,GenericDeclaration,InternalJavaType,ConnectedInternalJavaType",6,""
"Class,InternalJavaType,ConnectedInternalJavaType,GenericDeclaration,Enum","DECLARES","Member,Field",6,""
"Class,InternalJavaType,ConnectedInternalJavaType,GenericDeclaration","DEPENDS_ON","ResolvedDuplicateType",6,""
"Class,InternalJavaType,ConnectedInternalJavaType","DEPENDS_ON","ExternalAnnotation,ExternalType",6,""
"Method,Member,GenericDeclaration","HAS","Parameter",6,""
"Class,GenericDeclaration,InternalJavaType,ConnectedInternalJavaType","DEPENDS_ON","Throwable,JavaType",6,""
"Method,Member,GenericDeclaration","RETURNS","Class,GenericDeclaration,InternalJavaType,ConnectedInternalJavaType",6,""
"Class,GenericDeclaration,InternalJavaType,ConnectedInternalJavaType","DECLARES","Method,Member,GenericDeclaration",6,""
"Artifact,Jar,Archive,Zip","REQUIRES","ResolvedDuplicateType,Throwable,ExternalType",6,""
"Class,GenericDeclaration,InternalJavaType,ConnectedInternalJavaType","IMPLEMENTS","ExternalType",6,""
"Class,GenericDeclaration,InternalJavaType,ConnectedInternalJavaType","IMPLEMENTS_GENERIC","ParameterizedType,Bound",6,""
"Method,Member,GenericDeclaration","INVOKES","Method,Member,GenericDeclaration",6,""
"Method,Member","THROWS","Class,Throwable,InternalJavaType,ConnectedInternalJavaType",6,""
"ResolvedDuplicateType","RESOLVES_TO","Interface,InternalJavaType,ConnectedInternalJavaType",6,""
"Method,Member","RESOLVES_TO","Method,Member",6,""
"Class,InternalJavaType,ConnectedInternalJavaType,Interface,GenericDeclaration","CHANGED_TOGETHER_WITH","ServiceLoader",6,""
"ServiceLoader","CHANGED_TOGETHER_WITH","Class,InternalJavaType,ConnectedInternalJavaType",6,""
"Interface,GenericDeclaration,InternalJavaType,ConnectedInternalJavaType,Class,Record,Enum,Annotation","DECLARES","Method,Member",5,""
"Class,InternalJavaType,ConnectedInternalJavaType,Enum,GenericDeclaration,Record","DECLARES","Member,Field",5,""
"Class,InternalJavaType,ConnectedInternalJavaType","DECLARES","Constructor,Method,Member",5,""
"Class,InternalJavaType,ConnectedInternalJavaType,Interface","DECLARES","Method,Member,Lambda",5,""
"Class,InternalJavaType,ConnectedInternalJavaType,Interface,GenericDeclaration,Record,Throwable","DEPENDS_ON","JavaType",5,""
"Interface,InternalJavaType,ConnectedInternalJavaType,Class,GenericDeclaration","DEPENDS_ON","Throwable,JavaType",5,""
"Member,Field","OF_TYPE","Class,GenericDeclaration,InternalJavaType,ConnectedInternalJavaType,Interface,Enum",5,""
"ParameterizedType,Bound","OF_RAW_TYPE","Class,GenericDeclaration,InternalJavaType,ConnectedInternalJavaType,Interface",5,""
"Bound","OF_RAW_TYPE","Interface,InternalJavaType,ConnectedInternalJavaType,Enum,Class,Record,GenericDeclaration",5,""
"Method,Member","RETURNS","Class,InternalJavaType,ConnectedInternalJavaType,Record,Enum,Interface,GenericDeclaration",5,""
"Method,Member,Lambda","RETURNS","Throwable,ResolvedDuplicateType,Class,InternalJavaType,ConnectedInternalJavaType,Interface,Record",5,""
"Parameter","OF_TYPE","Interface,InternalJavaType,ConnectedInternalJavaType,Class,GenericDeclaration,Record",5,""
"Value,Annotation","OF_TYPE","Annotation,InternalJavaType,ConnectedInternalJavaType",5,""
"Class,InternalJavaType,ConnectedInternalJavaType","DEPENDS_ON","ExternalAnnotation,ExternalType",5,""
"Class,InternalJavaType,ConnectedInternalJavaType,Interface,GenericDeclaration","DEPENDS_ON","ResolvedDuplicateType",5,""
"Constructor,Method,Member,GenericDeclaration","WRITES","Member,Field",5,""
"Constructor,Method,Member,GenericDeclaration","INVOKES","Constructor,Method,Member,GenericDeclaration",5,""
"Method,Member,GenericDeclaration,Annotation,InternalJavaType,ConnectedInternalJavaType,Class","ANNOTATED_BY","Value,Annotation",5,""
"Interface,GenericDeclaration,InternalJavaType,ConnectedInternalJavaType","DECLARES","Method,Member,GenericDeclaration",5,""
"Method,Member,GenericDeclaration","RETURNS","Interface,GenericDeclaration,InternalJavaType,ConnectedInternalJavaType,Class",5,""
"Method,Member,Lambda","INVOKES","Method,Member",5,""
"Class,InternalJavaType","EXTENDS","JavaType",5,""
"Class,InternalJavaType","DEPENDS_ON","Void",5,""
"Artifact,Jar,Archive,Zip","CONTAINS","Directory,Interface,Package",5,""
"Artifact,Jar,Archive,Zip","REQUIRES","PrimitiveType",5,""
"Method,Member","CATCHES","Throwable,JavaType",5,""
"Method,Member","INVOKES","Method,Member,GenericDeclaration",5,""
"Method,Member,GenericDeclaration","CATCHES","Throwable,ExternalType",5,""
"Method,Member,GenericDeclaration","THROWS","Throwable,JavaType",5,""
"Class,GenericDeclaration,InternalJavaType,ConnectedInternalJavaType","IMPLEMENTS_GENERIC","ParameterizedType,Bound",5,""
"ResolvedDuplicateType","RESOLVES_TO","Interface,GenericDeclaration,InternalJavaType,ConnectedInternalJavaType,Class,Record",5,""
"Class,GenericDeclaration,InternalJavaType,ConnectedInternalJavaType,Record,Throwable","DECLARES","Constructor,Method,Member",4,""
"Class,InternalJavaType,ConnectedInternalJavaType,Interface,GenericDeclaration,Annotation,Record","DECLARES","Method,Member",4,""
"Class,InternalJavaType,ConnectedInternalJavaType,GenericDeclaration,Interface","DECLARES","Method,Member,Lambda",4,""
"Interface,InternalJavaType,ConnectedInternalJavaType,Class,GenericDeclaration","DECLARES","Method,Member,GenericDeclaration",4,""
"Record,InternalJavaType,ConnectedInternalJavaType,Class,Interface,GenericDeclaration,Throwable","DEPENDS_ON","JavaType",4,""
"Method,Member","INVOKES","Method,Member,GenericDeclaration",4,""
"Member,Field","OF_TYPE","Enum,InternalJavaType,ConnectedInternalJavaType,Class,GenericDeclaration,Interface,Record",4,""
"Method,Member","RETURNS_GENERIC","ParameterizedType,Bound",4,""
"Method,Member","THROWS","Class,Throwable,InternalJavaType,ConnectedInternalJavaType",4,""
"Class,InternalJavaType,ConnectedInternalJavaType,Enum,Interface,Record,GenericDeclaration","DECLARES","Member,Field",4,""
"Value,Annotation","OF_TYPE","Annotation,InternalJavaType,ConnectedInternalJavaType",4,""
"Annotation,InternalJavaType,ConnectedInternalJavaType,Class","ANNOTATED_BY","Value,Annotation",4,""
"Class,InternalJavaType,ConnectedInternalJavaType,Interface,Record,GenericDeclaration","DEPENDS_ON","ResolvedDuplicateType",4,""
"Method,Member,Lambda","RETURNS","Interface,InternalJavaType,ConnectedInternalJavaType,Class,GenericDeclaration",4,""
"Method,Member","RETURNS","Interface,InternalJavaType,ConnectedInternalJavaType,Enum,Class,Void,Record,GenericDeclaration",4,""
"ParameterizedType,Bound","OF_RAW_TYPE","Interface,GenericDeclaration,InternalJavaType,ConnectedInternalJavaType,Class",4,""
"Bound","OF_RAW_TYPE","Interface,InternalJavaType,ConnectedInternalJavaType,Class,Record",4,""
"Method,Member,GenericDeclaration","RETURNS","Interface,GenericDeclaration,InternalJavaType,ConnectedInternalJavaType,ResolvedDuplicateType",4,""
"Class,InternalJavaType,ConnectedInternalJavaType,GenericDeclaration","DEPENDS_ON","PrimitiveType",4,""
"Parameter","OF_TYPE","Interface,InternalJavaType,ConnectedInternalJavaType,Class,Record,GenericDeclaration",4,""
"Method,Member,GenericDeclaration","HAS","Parameter",4,""
"Class,InternalJavaType,ConnectedInternalJavaType","DEPENDS_ON","ExternalAnnotation,ExternalType,Throwable,JavaType",4,""
"Bound,TypeVariable","OF_RAW_TYPE","Interface,InternalJavaType,ConnectedInternalJavaType",4,""
"Constructor,Method,Member","THROWS","Class,Throwable,InternalJavaType,ConnectedInternalJavaType",4,""
"Method,Member,GenericDeclaration","THROWS","Throwable,ResolvedDuplicateType",4,""
"Member,Field,Parameter","OF_TYPE","Class,InternalJavaType,ConnectedInternalJavaType,Interface,GenericDeclaration",4,""
"Class,InternalJavaType,ConnectedInternalJavaType,GenericDeclaration,Record","DEPENDS_ON","ExternalType",4,""
"Method,Member,GenericDeclaration","CATCHES","Throwable,JavaType",4,""
"Member,Field","OF_GENERIC_TYPE","Bound,GenericArrayType",4,""
"Artifact,Jar,Archive,Zip","CONTAINS","ServiceLoader,Class,InternalJavaType,Interface,Package,Directory",4,""
"Artifact,Jar,Archive,Zip","REQUIRES","Throwable,ResolvedDuplicateType,PrimitiveType,JavaType",4,""
"Json,Key","HAS_VALUE","Value,Array,Json",4,""
"Maven,Dependency","EXCLUDES","Maven,Exclusion",4,""
"Constructor,Method,Member","INVOKES","Method,Member",4,""
"Method,Member,GenericDeclaration","DECLARES_TYPE_PARAMETER","Bound,TypeVariable",4,""
"Method,Member,GenericDeclaration","INVOKES","Method,Member",4,""
"Method,Member","READS","Member,Field",4,""
"Git","RESOLVES_TO","Class,InternalJavaType,ConnectedInternalJavaType,Annotation,GenericDeclaration,Interface,Throwable,Enum",4,""
"Git,Throwable,ResolvedDuplicateType","RESOLVES_TO","Class,Throwable,InternalJavaType,ConnectedInternalJavaType",4,""
"Git,ResolvedDuplicateType","RESOLVES_TO","Class,InternalJavaType,ConnectedInternalJavaType,Interface",4,""
"ResolvedDuplicateType","RESOLVES_TO","Interface,InternalJavaType,ConnectedInternalJavaType,Class,GenericDeclaration,Record",4,""
"Method,Member","RESOLVES_TO","Method,Member,GenericDeclaration",4,""
"Analyze,Task,jQAssistant","INCLUDES_CONCEPT","jQAssistant,Rule,Concept",4,""
"Class,Throwable,InternalJavaType,ConnectedInternalJavaType,Record,GenericDeclaration","DECLARES","Constructor,Method,Member",3,""
"Class,GenericDeclaration,InternalJavaType,ConnectedInternalJavaType,Enum,Record,Interface","DECLARES","Member,Field",3,""
"Class,GenericDeclaration,InternalJavaType,ConnectedInternalJavaType,Interface,Annotation,Throwable","DECLARES","Method,Member",3,""
"Enum,InternalJavaType,ConnectedInternalJavaType,Class,GenericDeclaration,Interface","DECLARES","Method,Member,Lambda",3,""
"Class,InternalJavaType,ConnectedInternalJavaType,Interface,GenericDeclaration,Throwable","DEPENDS_ON","JavaType",3,""
"Method,Member","RETURNS","Interface,GenericDeclaration,InternalJavaType,ConnectedInternalJavaType,Enum,Class,Record",3,""
"Method,Member,GenericDeclaration","RETURNS","Interface,InternalJavaType,ConnectedInternalJavaType,GenericDeclaration",3,""
"Member,Field","OF_TYPE","Interface,GenericDeclaration,InternalJavaType,ConnectedInternalJavaType,Class,Record,Enum",3,""
"Bound","OF_RAW_TYPE","Interface,InternalJavaType,ConnectedInternalJavaType,Class,Enum,Throwable,Record",3,""
"Method,Member","CATCHES","Throwable,JavaType,ExternalType,Class,InternalJavaType,ConnectedInternalJavaType",3,""
"Method,Member,GenericDeclaration,Lambda","RETURNS","Interface,InternalJavaType,ConnectedInternalJavaType",3,""
"Class,InternalJavaType,ConnectedInternalJavaType,Interface,Record,GenericDeclaration","DECLARES","Method,Member,GenericDeclaration",3,""
"Parameter","OF_TYPE","Interface,InternalJavaType,ConnectedInternalJavaType,GenericDeclaration,Enum,Class,Record",3,""
"Annotation,InternalJavaType,ConnectedInternalJavaType,Class","ANNOTATED_BY","Value,Annotation",3,""
"Class,InternalJavaType,ConnectedInternalJavaType,Interface,Record,GenericDeclaration","DEPENDS_ON","ResolvedDuplicateType",3,""
"ParameterizedType,Bound","OF_RAW_TYPE","Interface,GenericDeclaration,InternalJavaType,ConnectedInternalJavaType,Class",3,""
"Class,InternalJavaType,ConnectedInternalJavaType","IMPLEMENTS_GENERIC","Bound,ParameterizedType",3,""
"Class,InternalJavaType,ConnectedInternalJavaType,GenericDeclaration,Record","DEPENDS_ON","Throwable,JavaType,ExternalType",3,""
"Class,InternalJavaType,ConnectedInternalJavaType,Interface,GenericDeclaration,Record","DEPENDS_ON","PrimitiveType",3,""
"Method,Member","INVOKES","Method,Member,GenericDeclaration",3,""
"Member,Field,Parameter","OF_TYPE","Interface,GenericDeclaration,InternalJavaType,ConnectedInternalJavaType,Class",3,""
"Method,Member","THROWS","Class,Throwable,InternalJavaType,ConnectedInternalJavaType",3,""
"Method,Member,Lambda","RETURNS","Interface,GenericDeclaration,InternalJavaType,ConnectedInternalJavaType,Class,Throwable",3,""
"Class,InternalJavaType,ConnectedInternalJavaType","IMPLEMENTS","ResolvedDuplicateType,ExternalType",3,""
"Constructor,Method,Member,GenericDeclaration","INVOKES","Constructor,Method,Member,GenericDeclaration",3,""
"Interface,GenericDeclaration,InternalJavaType","EXTENDS_GENERIC","Bound",3,""
"Interface,GenericDeclaration,InternalJavaType","EXTENDS","JavaType",3,""
"Interface,GenericDeclaration,InternalJavaType,ConnectedInternalJavaType,Method,Member,Class","DECLARES_TYPE_PARAMETER","Bound,TypeVariable",3,""
"Value,Class","IS","Interface,InternalJavaType,ConnectedInternalJavaType",3,""
"Method,Member","HAS_DEFAULT","Value,Array",3,""
"Method,Member,GenericDeclaration","HAS","Parameter",3,""
"Method,Member","READS","Member,Field",3,""
"Artifact,Jar,Archive,Zip","CONTAINS","Package,Directory",3,""
"Method,Member,Lambda","INVOKES","Method,Member",3,""
"Method,Member,GenericDeclaration","THROWS","Class,Throwable,InternalJavaType,ConnectedInternalJavaType",3,""
"Method,Member,GenericDeclaration","INVOKES","Method,Member",3,""
"Interface,InternalJavaType,ConnectedInternalJavaType","DECLARES","Method,Member,GenericDeclaration",3,""
"Method,Member,GenericDeclaration","RETURNS_GENERIC","Bound",3,""
"Parameter,Member,Field","OF_TYPE","Interface,InternalJavaType,ConnectedInternalJavaType",3,""
"Artifact,Jar,Archive,Zip","REQUIRES","PrimitiveType",3,""
"Git","RESOLVES_TO","Class,Throwable,InternalJavaType,ConnectedInternalJavaType,GenericDeclaration,Interface",3,""
"ResolvedDuplicateType","RESOLVES_TO","Class,InternalJavaType,ConnectedInternalJavaType,Interface,GenericDeclaration",3,""
"Method,Member","RESOLVES_TO","Method,Member,GenericDeclaration",3,""
"Constructor,Method,Member","INVOKES","Method,Member,GenericDeclaration",3,""
"Class,Throwable,InternalJavaType,ConnectedInternalJavaType,GenericDeclaration,Record","DECLARES","Constructor,Method,Member",2,""
"Interface,InternalJavaType,ConnectedInternalJavaType,Class,GenericDeclaration,Annotation,Throwable,ExternalType","DECLARES","Method,Member",2,""
"Record,InternalJavaType,ConnectedInternalJavaType,Class,GenericDeclaration,Enum,Interface,Throwable,Annotation","DECLARES","Member,Field",2,""
"Class,GenericDeclaration,InternalJavaType,ConnectedInternalJavaType,Interface,Record","DECLARES","Method,Member,Lambda",2,""
"Class,Throwable,InternalJavaType,ConnectedInternalJavaType,Interface,GenericDeclaration,Enum","DEPENDS_ON","JavaType",2,""
"Interface,InternalJavaType,ConnectedInternalJavaType,Class,GenericDeclaration,Record,Throwable,Annotation","DEPENDS_ON","ResolvedDuplicateType",2,""
"Record,InternalJavaType,ConnectedInternalJavaType,Class,Interface,GenericDeclaration","DEPENDS_ON","PrimitiveType",2,""
"Class,GenericDeclaration,InternalJavaType,ConnectedInternalJavaType,Interface,Record","DEPENDS_ON","ExternalType",2,""
"Method,Member,Lambda","RETURNS","Interface,InternalJavaType,ConnectedInternalJavaType,Record,Class,Throwable",2,""
"Method,Member","RETURNS","Class,InternalJavaType,ConnectedInternalJavaType,Interface,GenericDeclaration,Throwable,Void,Record",2,""
"Record,InternalJavaType,ConnectedInternalJavaType,Class,Interface,GenericDeclaration","DECLARES","Method,Member,GenericDeclaration",2,""
"Member,Field","OF_TYPE","Interface,InternalJavaType,ConnectedInternalJavaType,Class,Enum,Record,GenericDeclaration",2,""
"Parameter","OF_TYPE","Class,InternalJavaType,ConnectedInternalJavaType,Interface,Record,GenericDeclaration",2,""
"Record,InternalJavaType,ConnectedInternalJavaType,Class,Enum,GenericDeclaration,Interface,Throwable","DEPENDS_ON","Throwable,JavaType",2,""
"Interface,InternalJavaType,ConnectedInternalJavaType,Class,GenericDeclaration","IMPLEMENTS","ResolvedDuplicateType",2,""
"Bound","OF_RAW_TYPE","Record,InternalJavaType,ConnectedInternalJavaType,Interface,Class,Enum",2,""
"Value,Class","IS","Interface,InternalJavaType,ConnectedInternalJavaType,Throwable,JavaType,Class",2,""
"Bound,TypeVariable","OF_RAW_TYPE","Interface,GenericDeclaration,InternalJavaType,ConnectedInternalJavaType,Class",2,""
"ParameterizedType,Bound","OF_RAW_TYPE","Interface,GenericDeclaration,InternalJavaType,ConnectedInternalJavaType,Class,Record",2,""
"Interface,InternalJavaType,ConnectedInternalJavaType,Annotation,Class","ANNOTATED_BY","Value,Annotation",2,""
"Method,Member","THROWS","Class,Throwable,InternalJavaType,ConnectedInternalJavaType",2,""
"Method,Member","CATCHES","Class,Throwable,InternalJavaType,ConnectedInternalJavaType",2,""
"Class,InternalJavaType,ConnectedInternalJavaType","DECLARES","Method,Member,Constructor,GenericDeclaration",2,""
"Method,Member","WRITES","Member,Field",2,""
"Method,Member","RETURNS_GENERIC","Bound",2,""
"Method,Member","READS","Member,Field",2,""
"Class,InternalJavaType,ConnectedInternalJavaType","DEPENDS_ON","ExternalAnnotation,ExternalType",2,""
"Interface,GenericDeclaration,InternalJavaType,ConnectedInternalJavaType,Method,Member,Class","DECLARES_TYPE_PARAMETER","Bound,TypeVariable",2,""
"Class,InternalJavaType,ConnectedInternalJavaType,GenericDeclaration","IMPLEMENTS_GENERIC","ParameterizedType,Bound",2,""
"Method,Member,GenericDeclaration","INVOKES","Constructor,Method,Member,GenericDeclaration",2,""
"Constructor,Method,Member","THROWS","Throwable,ResolvedDuplicateType,Class,InternalJavaType,ConnectedInternalJavaType",2,""
"Method,Member,GenericDeclaration","RETURNS","Interface,InternalJavaType,ConnectedInternalJavaType,Class,GenericDeclaration",2,""
"Class,GenericDeclaration,InternalJavaType","EXTENDS","JavaType",2,""
"Class,GenericDeclaration,InternalJavaType","DEPENDS_ON","Void",2,""
"Class,GenericDeclaration,InternalJavaType","EXTENDS_GENERIC","Bound",2,""
"Artifact,Jar,Archive,Zip","CONTAINS","Interface,GenericDeclaration,InternalJavaType,Package,Directory,Properties,Manifest,Xml,Maven,Pom,Document,ServiceLoader",2,""
"Method,Member,GenericDeclaration","HAS","Parameter",2,""
"Artifact,Jar,Archive,Zip","REQUIRES","ExternalType,ExternalAnnotation,Void,PrimitiveType",2,""
"Member,Field,Parameter","OF_TYPE","Class,InternalJavaType,ConnectedInternalJavaType,GenericDeclaration,Interface",2,""
"Class,InternalJavaType,ConnectedInternalJavaType","REQUIRES_TYPE_PARAMETER","Bound,TypeVariable",2,""
"Json,Key","HAS_VALUE","Value,Json,Object",2,""
"Method,Member,GenericDeclaration","THROWS_GENERIC","Bound,TypeVariable",2,""
"Method,Member","INVOKES","Method,Member,GenericDeclaration",2,""
"Method,Member,GenericDeclaration","THROWS","Throwable,JavaType,Class,InternalJavaType,ConnectedInternalJavaType",2,""
"Parameter,Member,Field","OF_TYPE","Interface,InternalJavaType,ConnectedInternalJavaType",2,""
"Package,Directory","CONTAINS","Class,InternalJavaType",2,""
"Xml,Maven,Pom,Document","HAS_PROPERTY","Value,Property",2,""
"Class,GenericDeclaration,InternalJavaType,ConnectedInternalJavaType","IMPLEMENTS_GENERIC","Bound",2,""
"Class,GenericDeclaration,InternalJavaType,ConnectedInternalJavaType","DEPENDS_ON","Throwable,ResolvedDuplicateType",2,""
"Directory","CONTAINS","Artifact,Jar,Archive,Zip",2,""
"Git","RESOLVES_TO","Class,InternalJavaType,ConnectedInternalJavaType,GenericDeclaration,Annotation,Throwable,Interface,Enum",2,""
"Git,ResolvedDuplicateType","RESOLVES_TO","Class,InternalJavaType,ConnectedInternalJavaType,Interface,GenericDeclaration,Enum",2,""
"ResolvedDuplicateType","RESOLVES_TO","Class,InternalJavaType,ConnectedInternalJavaType,Interface,Record,GenericDeclaration,Annotation",2,""
"Throwable,ResolvedDuplicateType","RESOLVES_TO","Class,Throwable,InternalJavaType,ConnectedInternalJavaType",2,""
"Method,Member","RESOLVES_TO","Method,Member,GenericDeclaration",2,""
"Constructor,Method,Member","INVOKES","Method,Member,GenericDeclaration",2,""
"Artifact,Jar,Archive,Zip","DEPENDS_ON","Artifact,Jar,Archive,Zip",2,""
"Artifact,Jar,Archive,Zip","IN_STRONGLY_CONNECTED_COMPONENT","StronglyConnectedComponent,ArtifactMembers",2,""
"Artifact,Jar,Archive,Zip","IN_WEAKLY_CONNECTED_COMPONENT","ArtifactMembers,WeaklyConnectedComponent",2,""
"Artifact,Jar,Archive,Zip","SIMILAR","Artifact,Jar,Archive,Zip",2,""
"Class,InternalJavaType,ConnectedInternalJavaType,Interface,GenericDeclaration,Annotation,Throwable","DECLARES","Method,Member",1,""
"Class,InternalJavaType,ConnectedInternalJavaType,Record,GenericDeclaration,Enum,Throwable","DECLARES","Constructor,Method,Member",1,""
"Class,InternalJavaType,ConnectedInternalJavaType,Interface,GenericDeclaration,Record,Enum","DECLARES","Method,Member,Lambda",1,""
"Class,InternalJavaType,ConnectedInternalJavaType,Interface,GenericDeclaration,Record,Throwable","DECLARES","Member,Field",1,""
"Class,InternalJavaType,ConnectedInternalJavaType,GenericDeclaration","DECLARES","Method,Member",1,""
"Class,InternalJavaType,ConnectedInternalJavaType","DECLARES","Record,InternalJavaType,ConnectedInternalJavaType,Class,GenericDeclaration,Interface,Method,Member,Enum,Throwable",1,""
"Class,GenericDeclaration,InternalJavaType,ConnectedInternalJavaType","DECLARES","Method,Member,GenericDeclaration,Class,InternalJavaType,ConnectedInternalJavaType,Record,Interface,Throwable",1,""
"Interface,InternalJavaType,ConnectedInternalJavaType,Class,GenericDeclaration","DECLARES","Method,Member,GenericDeclaration",1,""
"Class,Throwable,InternalJavaType,ConnectedInternalJavaType","EXTENDS","Throwable,JavaType,Class,InternalJavaType,ConnectedInternalJavaType,ResolvedDuplicateType",1,""
"Class,InternalJavaType,ConnectedInternalJavaType,Interface,Record,GenericDeclaration,Enum,Annotation,Throwable","EXTENDS","JavaType",1,""
"Class,InternalJavaType,ConnectedInternalJavaType","EXTENDS","Class,InternalJavaType,ConnectedInternalJavaType,GenericDeclaration,Throwable",1,""
"Class,Throwable,InternalJavaType,ConnectedInternalJavaType,GenericDeclaration","EXTENDS","ResolvedDuplicateType",1,""
"Class,Throwable,InternalJavaType,ConnectedInternalJavaType,GenericDeclaration,Record,Interface,Annotation,Enum","DEPENDS_ON","Throwable,JavaType",1,""
"Class,Throwable,InternalJavaType,ConnectedInternalJavaType,Record,GenericDeclaration,Enum,Interface","DEPENDS_ON","Void",1,""
"Class,Throwable,InternalJavaType,ConnectedInternalJavaType,Interface,GenericDeclaration,Record","DEPENDS_ON","Record,InternalJavaType,ConnectedInternalJavaType",1,""
"Class,Throwable,InternalJavaType,ConnectedInternalJavaType,Record,Interface,GenericDeclaration","DEPENDS_ON","Interface,InternalJavaType,ConnectedInternalJavaType",1,""
"Class,Throwable,InternalJavaType,ConnectedInternalJavaType,Interface,GenericDeclaration,Enum,Annotation","DEPENDS_ON","PrimitiveType",1,""
"Class,Throwable,InternalJavaType,ConnectedInternalJavaType","DEPENDS_ON","Class,InternalJavaType,ConnectedInternalJavaType,Throwable",1,""
"Class,InternalJavaType,ConnectedInternalJavaType,Interface,GenericDeclaration","DEPENDS_ON","Interface,GenericDeclaration,InternalJavaType,ConnectedInternalJavaType,Class,Record",1,""
"Class,InternalJavaType,ConnectedInternalJavaType,Record,GenericDeclaration,Interface","DEPENDS_ON","Interface,InternalJavaType,ConnectedInternalJavaType,GenericDeclaration,ExternalType,Class",1,""
"Class,InternalJavaType,ConnectedInternalJavaType,Record,Interface,GenericDeclaration","DEPENDS_ON","Interface,GenericDeclaration,InternalJavaType,ConnectedInternalJavaType",1,""
"Class,InternalJavaType,ConnectedInternalJavaType,Interface,GenericDeclaration,Record","DEPENDS_ON","Interface,GenericDeclaration,InternalJavaType,ConnectedInternalJavaType,Class",1,""
"Class,InternalJavaType,ConnectedInternalJavaType","DEPENDS_ON","Class,GenericDeclaration,InternalJavaType,ConnectedInternalJavaType,Record,Interface,Annotation,Throwable,Enum,ExternalAnnotation,ExternalType",1,""
"Class,InternalJavaType,ConnectedInternalJavaType,Record,GenericDeclaration,Enum,Interface,Annotation","DEPENDS_ON","Interface,InternalJavaType,ConnectedInternalJavaType",1,""
"Interface,InternalJavaType,ConnectedInternalJavaType,Class","DEPENDS_ON","Interface,InternalJavaType,ConnectedInternalJavaType,Class,Throwable,Enum,GenericDeclaration,Record",1,""
"Interface,InternalJavaType,ConnectedInternalJavaType,Class,Record,GenericDeclaration,Annotation,Enum","DEPENDS_ON","Interface,InternalJavaType,ConnectedInternalJavaType",1,""
"Class,InternalJavaType,ConnectedInternalJavaType,GenericDeclaration,Throwable,Interface,Record,Annotation,Enum","DEPENDS_ON","ResolvedDuplicateType",1,""
"Class,InternalJavaType,ConnectedInternalJavaType,GenericDeclaration","DEPENDS_ON","Interface,InternalJavaType,ConnectedInternalJavaType,Class,Throwable,GenericDeclaration,ExternalType,Record",1,""
"Class,InternalJavaType,ConnectedInternalJavaType,Interface","DEPENDS_ON","Interface,GenericDeclaration,InternalJavaType,ConnectedInternalJavaType,Class,Record,Enum",1,""
"Class,GenericDeclaration,InternalJavaType,ConnectedInternalJavaType,Annotation","DEPENDS_ON","Interface,GenericDeclaration,InternalJavaType,ConnectedInternalJavaType",1,""
"Class,GenericDeclaration,InternalJavaType,ConnectedInternalJavaType,Interface","DEPENDS_ON","Class,GenericDeclaration,InternalJavaType,ConnectedInternalJavaType,Interface,Record,Throwable",1,""
"Class,InternalJavaType,ConnectedInternalJavaType,GenericDeclaration,Interface","DEPENDS_ON","Record,InternalJavaType,ConnectedInternalJavaType,Interface,GenericDeclaration,Class,Throwable",1,""
"Enum,InternalJavaType,ConnectedInternalJavaType,Class","DEPENDS_ON","Interface,InternalJavaType,ConnectedInternalJavaType,Class,Throwable,Enum",1,""
"Class,Throwable,InternalJavaType,ConnectedInternalJavaType,Interface,GenericDeclaration","DEPENDS_ON","JavaType",1,""
"Class,InternalJavaType,ConnectedInternalJavaType,Interface,Record","DEPENDS_ON","Class,InternalJavaType,ConnectedInternalJavaType,Interface,Record",1,""
"Interface,InternalJavaType,ConnectedInternalJavaType,Class,GenericDeclaration,Throwable","DEPENDS_ON","Throwable,ResolvedDuplicateType",1,""
"Interface,InternalJavaType,ConnectedInternalJavaType,Class,GenericDeclaration,Record","DEPENDS_ON","Class,GenericDeclaration,InternalJavaType,ConnectedInternalJavaType,Interface",1,""
"Interface,InternalJavaType,ConnectedInternalJavaType","DEPENDS_ON","Class,InternalJavaType,ConnectedInternalJavaType,GenericDeclaration,Interface,Enum,Record",1,""
"Method,Member","INVOKES","Method,Member,GenericDeclaration,Constructor",1,""
"Method,Member,GenericDeclaration,Constructor","INVOKES","Method,Member,Lambda",1,""
"Method,Member","RETURNS","Interface,GenericDeclaration,InternalJavaType,ConnectedInternalJavaType,Class,Record,PrimitiveType,ResolvedDuplicateType,Annotation",1,""
"Method,Member,GenericDeclaration","RETURNS","Void,Class,InternalJavaType,ConnectedInternalJavaType,Interface,GenericDeclaration,JavaType",1,""
"Method,Member,GenericDeclaration,Lambda","RETURNS","Interface,InternalJavaType,ConnectedInternalJavaType,Class,GenericDeclaration",1,""
"Method,Member,Lambda","RETURNS","Class,InternalJavaType,ConnectedInternalJavaType,Interface,Record,Annotation,GenericDeclaration,Throwable",1,""
"Member,Field","OF_TYPE","Class,InternalJavaType,ConnectedInternalJavaType,Record,Interface,GenericDeclaration",1,""
"Member,Field,Parameter","OF_TYPE","Interface,InternalJavaType,ConnectedInternalJavaType,Class,Record,GenericDeclaration",1,""
"Parameter","OF_TYPE","Class,InternalJavaType,ConnectedInternalJavaType,Interface,Record,GenericDeclaration,Enum,Throwable,Annotation",1,""
"Class,InternalJavaType,ConnectedInternalJavaType,Interface,GenericDeclaration,Record,Enum","ANNOTATED_BY","Value,Annotation",1,""
"Bound,TypeVariable","OF_RAW_TYPE","Interface,InternalJavaType,ConnectedInternalJavaType,GenericDeclaration,Class",1,""
"Bound","OF_RAW_TYPE","Enum,InternalJavaType,ConnectedInternalJavaType,Interface,Class,Record,Annotation,GenericDeclaration",1,""
"Interface,InternalJavaType,ConnectedInternalJavaType,Class","IMPLEMENTS","Interface,InternalJavaType,ConnectedInternalJavaType,GenericDeclaration",1,""
"Class,InternalJavaType,ConnectedInternalJavaType,Record,Interface","IMPLEMENTS","Interface,InternalJavaType,ConnectedInternalJavaType",1,""
"Class,InternalJavaType,ConnectedInternalJavaType,Record","IMPLEMENTS","Interface,GenericDeclaration,InternalJavaType,ConnectedInternalJavaType",1,""
"Class,InternalJavaType,ConnectedInternalJavaType","IMPLEMENTS","Interface,InternalJavaType,ConnectedInternalJavaType,GenericDeclaration",1,""
"Class,GenericDeclaration,InternalJavaType,ConnectedInternalJavaType","IMPLEMENTS","Interface,GenericDeclaration,InternalJavaType,ConnectedInternalJavaType",1,""
"Enum,InternalJavaType,ConnectedInternalJavaType,Class","IMPLEMENTS","Interface,InternalJavaType,ConnectedInternalJavaType",1,""
"Interface,InternalJavaType,ConnectedInternalJavaType,Class,Record,GenericDeclaration","IMPLEMENTS","ResolvedDuplicateType",1,""
"Class,InternalJavaType,ConnectedInternalJavaType,Record,GenericDeclaration,Interface,Enum","IMPLEMENTS_GENERIC","ParameterizedType,Bound",1,""
"Record,InternalJavaType,ConnectedInternalJavaType,Enum,Interface,Class,GenericDeclaration","IMPLEMENTS_GENERIC","Bound",1,""
"Class,InternalJavaType,ConnectedInternalJavaType,Record,GenericDeclaration,Interface","EXTENDS_GENERIC","Bound",1,""
"Enum,InternalJavaType,ConnectedInternalJavaType,Class,GenericDeclaration","EXTENDS_GENERIC","ParameterizedType,Bound",1,""
"Method,Member,Lambda","THROWS","Class,Throwable,InternalJavaType,ConnectedInternalJavaType,ResolvedDuplicateType",1,""
"Method,Member,GenericDeclaration","THROWS","Class,Throwable,InternalJavaType,ConnectedInternalJavaType",1,""
"Class,GenericDeclaration,InternalJavaType,ConnectedInternalJavaType,Interface,Record,Method,Member","DECLARES_TYPE_PARAMETER","Bound,TypeVariable",1,""
"Class,InternalJavaType,ConnectedInternalJavaType,Method,Member","DECLARES","Class,InternalJavaType,ConnectedInternalJavaType",1,""
"Interface,InternalJavaType,ConnectedInternalJavaType","DECLARES","Interface,InternalJavaType,ConnectedInternalJavaType,GenericDeclaration,Enum,Class,Method,Member,Record",1,""
"Class,GenericDeclaration,InternalJavaType,ConnectedInternalJavaType","EXTENDS","Class,GenericDeclaration,InternalJavaType,ConnectedInternalJavaType",1,""
"Class,InternalJavaType,ConnectedInternalJavaType,GenericDeclaration","EXTENDS","Class,InternalJavaType,ConnectedInternalJavaType,ExternalType,GenericDeclaration",1,""
"Interface,InternalJavaType,ConnectedInternalJavaType,GenericDeclaration","DEPENDS_ON","Interface,InternalJavaType,ConnectedInternalJavaType",1,""
"Interface,GenericDeclaration,InternalJavaType,ConnectedInternalJavaType,Class","DEPENDS_ON","Interface,InternalJavaType,ConnectedInternalJavaType,Class,GenericDeclaration",1,""
"Record,InternalJavaType,ConnectedInternalJavaType,Class,GenericDeclaration,Interface","DEPENDS_ON","Interface,InternalJavaType,ConnectedInternalJavaType",1,""
"Annotation,InternalJavaType,ConnectedInternalJavaType,Record","DEPENDS_ON","Annotation,InternalJavaType,ConnectedInternalJavaType",1,""
"Class,GenericDeclaration,InternalJavaType,ConnectedInternalJavaType","DEPENDS_ON","Class,InternalJavaType,ConnectedInternalJavaType,Interface,GenericDeclaration,Throwable,Record,Annotation",1,""
"Record,InternalJavaType,ConnectedInternalJavaType,Class","DEPENDS_ON","Class,InternalJavaType,ConnectedInternalJavaType,Record,Enum",1,""
"Annotation,InternalJavaType,ConnectedInternalJavaType,Class","DEPENDS_ON","Annotation,InternalJavaType,ConnectedInternalJavaType,Enum,Interface",1,""
"Interface,InternalJavaType,ConnectedInternalJavaType,Class,GenericDeclaration","DEPENDS_ON","Class,InternalJavaType,ConnectedInternalJavaType,Interface,GenericDeclaration",1,""
"Interface,InternalJavaType,ConnectedInternalJavaType,Class,Record,GenericDeclaration,Annotation,Throwable","DEPENDS_ON","Interface,InternalJavaType,ConnectedInternalJavaType",1,""
"Interface,InternalJavaType,ConnectedInternalJavaType,GenericDeclaration","IMPLEMENTS","Interface,InternalJavaType,ConnectedInternalJavaType",1,""
"Class,InternalJavaType,ConnectedInternalJavaType,GenericDeclaration","IMPLEMENTS","Interface,InternalJavaType,ConnectedInternalJavaType,GenericDeclaration",1,""
"Annotation,InternalJavaType,ConnectedInternalJavaType,Interface,Class,GenericDeclaration,Record","IMPLEMENTS","JavaType",1,""
"Interface,GenericDeclaration,InternalJavaType,ConnectedInternalJavaType,Class","IMPLEMENTS","Interface,GenericDeclaration,InternalJavaType,ConnectedInternalJavaType",1,""
"Interface,InternalJavaType,ConnectedInternalJavaType","IMPLEMENTS","Interface,InternalJavaType,ConnectedInternalJavaType",1,""
"Record,InternalJavaType,ConnectedInternalJavaType,Interface","IMPLEMENTS","Interface,InternalJavaType,ConnectedInternalJavaType",1,""
"Class,InternalJavaType,ConnectedInternalJavaType,Interface","IMPLEMENTS","Interface,InternalJavaType,ConnectedInternalJavaType,GenericDeclaration",1,""
"Interface,InternalJavaType,ConnectedInternalJavaType,Class,Annotation,GenericDeclaration","DEPENDS_ON","Interface,InternalJavaType,ConnectedInternalJavaType",1,""
"Class,GenericDeclaration,InternalJavaType,ConnectedInternalJavaType,Interface,Record","DEPENDS_ON","Interface,InternalJavaType,ConnectedInternalJavaType,GenericDeclaration,Record",1,""
"Class,InternalJavaType,ConnectedInternalJavaType,Annotation","DEPENDS_ON","Annotation,InternalJavaType,ConnectedInternalJavaType,Class,Interface,GenericDeclaration",1,""
"Class,InternalJavaType,ConnectedInternalJavaType,Record,GenericDeclaration","DEPENDS_ON","Class,InternalJavaType,ConnectedInternalJavaType",1,""
"Value,Annotation","OF_TYPE","Annotation,InternalJavaType,ConnectedInternalJavaType,ExternalType",1,""
"Value,Class","IS","Interface,InternalJavaType,ConnectedInternalJavaType,Class,Annotation,GenericDeclaration",1,""
"Class,InternalJavaType,ConnectedInternalJavaType,Interface,GenericDeclaration,Enum","DEPENDS_ON","Interface,GenericDeclaration,InternalJavaType,ConnectedInternalJavaType",1,""
"Class,InternalJavaType,ConnectedInternalJavaType,Enum","DEPENDS_ON","Interface,InternalJavaType,ConnectedInternalJavaType,Class,Throwable",1,""
"Class,InternalJavaType,ConnectedInternalJavaType,Enum,GenericDeclaration,Interface","DEPENDS_ON","Interface,InternalJavaType,ConnectedInternalJavaType",1,""
"Class,InternalJavaType,ConnectedInternalJavaType,Interface,Enum","DEPENDS_ON","Record,InternalJavaType,ConnectedInternalJavaType,Interface",1,""
"Enum,InternalJavaType,ConnectedInternalJavaType","IMPLEMENTS","Interface,InternalJavaType,ConnectedInternalJavaType",1,""
"Class,InternalJavaType,ConnectedInternalJavaType,Interface,Record,GenericDeclaration","DEPENDS_ON","Interface,InternalJavaType,ConnectedInternalJavaType",1,""
"Class,InternalJavaType,ConnectedInternalJavaType,Record,Interface","DEPENDS_ON","Interface,InternalJavaType,ConnectedInternalJavaType",1,""
"Class,InternalJavaType,ConnectedInternalJavaType,Record","DEPENDS_ON","Interface,InternalJavaType,ConnectedInternalJavaType,Record,Class",1,""
"Method,Member,GenericDeclaration","RETURNS_GENERIC","Bound,GenericArrayType,ParameterizedType,TypeVariable",1,""
"Method,Member,GenericDeclaration","INVOKES","Method,Member,Constructor,GenericDeclaration",1,""
"Class,InternalJavaType,ConnectedInternalJavaType,Interface,Enum,Record,GenericDeclaration","DEPENDS_ON","Interface,InternalJavaType,ConnectedInternalJavaType",1,""
"Parameter,Member,Field","OF_TYPE","Record,InternalJavaType,ConnectedInternalJavaType,Class",1,""
"ParameterizedType,Bound","OF_RAW_TYPE","Interface,GenericDeclaration,InternalJavaType,ConnectedInternalJavaType,Class,Record",1,""
"Enum,InternalJavaType,ConnectedInternalJavaType","DECLARES","Class,InternalJavaType,ConnectedInternalJavaType",1,""
"Class,InternalJavaType,ConnectedInternalJavaType,Interface","DECLARES","Method,Member",1,""
"Interface,InternalJavaType,ConnectedInternalJavaType,Class,GenericDeclaration","IMPLEMENTS","Interface,InternalJavaType,ConnectedInternalJavaType,GenericDeclaration",1,""
"Class,InternalJavaType,ConnectedInternalJavaType,Enum,Record","DEPENDS_ON","Class,InternalJavaType,ConnectedInternalJavaType",1,""
"Enum,InternalJavaType,ConnectedInternalJavaType","DEPENDS_ON","Class,InternalJavaType,ConnectedInternalJavaType",1,""
"Enum,InternalJavaType,ConnectedInternalJavaType,Class,Interface","DEPENDS_ON","Interface,InternalJavaType,ConnectedInternalJavaType",1,""
"Class,InternalJavaType,ConnectedInternalJavaType","REQUIRES_TYPE_PARAMETER","Bound,TypeVariable",1,""
"Class,GenericDeclaration,InternalJavaType,ConnectedInternalJavaType,Record","DEPENDS_ON","Interface,GenericDeclaration,InternalJavaType,ConnectedInternalJavaType",1,""
"Class,InternalJavaType,ConnectedInternalJavaType,Interface,Throwable,Record,GenericDeclaration,Annotation","DEPENDS_ON","Interface,InternalJavaType,ConnectedInternalJavaType",1,""
"Method,Member","THROWS","Class,Throwable,InternalJavaType,ConnectedInternalJavaType,JavaType",1,""
"Class,InternalJavaType,ConnectedInternalJavaType,Throwable","DECLARES","Constructor,Method,Member,GenericDeclaration",1,""
"Class,GenericDeclaration,InternalJavaType,ConnectedInternalJavaType,Interface","IMPLEMENTS","Interface,GenericDeclaration,InternalJavaType,ConnectedInternalJavaType",1,""
"Record,GenericDeclaration,InternalJavaType,ConnectedInternalJavaType","IMPLEMENTS","Interface,GenericDeclaration,InternalJavaType,ConnectedInternalJavaType",1,""
"Interface,GenericDeclaration,InternalJavaType,ConnectedInternalJavaType","DEPENDS_ON","Class,InternalJavaType,ConnectedInternalJavaType,GenericDeclaration,Interface",1,""
"Interface,GenericDeclaration,InternalJavaType,ConnectedInternalJavaType","DECLARES","Interface,GenericDeclaration,InternalJavaType,ConnectedInternalJavaType,Record,Method,Member",1,""
"Bound,GenericArrayType","HAS_COMPONENT_TYPE","Bound,TypeVariable",1,""
"Class,InternalJavaType,ConnectedInternalJavaType,Record,GenericDeclaration,Interface","IMPLEMENTS","ExternalType",1,""
"Class,GenericDeclaration,InternalJavaType,ConnectedInternalJavaType,Method,Member","DECLARES","Class,InternalJavaType,ConnectedInternalJavaType",1,""
"Record,InternalJavaType,ConnectedInternalJavaType,Annotation","DEPENDS_ON","Annotation,InternalJavaType,ConnectedInternalJavaType",1,""
"Class,InternalJavaType,ConnectedInternalJavaType,Method,Member,GenericDeclaration","DECLARES","Class,InternalJavaType,ConnectedInternalJavaType",1,""
"Class,InternalJavaType,ConnectedInternalJavaType,Throwable,Record,GenericDeclaration,Interface","DEPENDS_ON","Interface,InternalJavaType,ConnectedInternalJavaType",1,""
"Class,InternalJavaType,ConnectedInternalJavaType,Interface,Record,GenericDeclaration,Annotation","DEPENDS_ON","Interface,InternalJavaType,ConnectedInternalJavaType",1,""
"Enum,InternalJavaType,ConnectedInternalJavaType,Class,GenericDeclaration","IMPLEMENTS","Interface,GenericDeclaration,InternalJavaType,ConnectedInternalJavaType",1,""
"Record,InternalJavaType,ConnectedInternalJavaType","IMPLEMENTS","Interface,InternalJavaType,ConnectedInternalJavaType",1,""
"Class,InternalJavaType,ConnectedInternalJavaType,Enum","IMPLEMENTS","Interface,InternalJavaType,ConnectedInternalJavaType",1,""
"Interface,InternalJavaType,ConnectedInternalJavaType,Record","DEPENDS_ON","Record,InternalJavaType,ConnectedInternalJavaType,Interface",1,""
"Class,InternalJavaType,ConnectedInternalJavaType,Record,Interface,GenericDeclaration,Throwable","DEPENDS_ON","Record,InternalJavaType,ConnectedInternalJavaType",1,""
"Record,InternalJavaType,ConnectedInternalJavaType,Class,Interface","DEPENDS_ON","Class,InternalJavaType,ConnectedInternalJavaType",1,""
"ServiceLoader","OF_TYPE","Interface,InternalJavaType,ConnectedInternalJavaType,GenericDeclaration,Class",1,""
"ServiceLoader,Artifact,Jar,Archive,Zip,Package,Directory","CONTAINS","Class,InternalJavaType,ConnectedInternalJavaType",1,""
"ServiceLoader","CONTAINS","ExternalType",1,""
"Artifact,Jar,Archive,Zip,Package,Directory","CONTAINS","Interface,InternalJavaType,ConnectedInternalJavaType,Class,GenericDeclaration,Package,Directory,Record,Throwable,Annotation,Enum,Properties",1,""
"Artifact,Jar,Archive,Zip","CONTAINS","Xml,Maven,Pom,Document,Manifest,ServiceLoader",1,""
"Package,Directory","CONTAINS","Interface,Package,Directory",1,""
"Package,Directory,Artifact,Jar,Archive,Zip","CONTAINS","Interface,GenericDeclaration,InternalJavaType",1,""
"Artifact,Jar,Archive,Zip","REQUIRES","Void,ExternalAnnotation,ExternalType,Throwable,ResolvedDuplicateType,JavaType",1,""
"Method,Member,GenericDeclaration","HAS","Parameter",1,""
"Json","CONTAINS","Value,Json,Object",1,""
"Artifact,Jar,Archive,Zip,Directory","CONTAINS","Json",1,""
"Record,InternalJavaType,ConnectedInternalJavaType","DEPENDS_ON","Class,InternalJavaType,ConnectedInternalJavaType",1,""
"Class,InternalJavaType,ConnectedInternalJavaType,GenericDeclaration,Record","DEPENDS_ON","Class,InternalJavaType,ConnectedInternalJavaType",1,""
"Class,InternalJavaType,ConnectedInternalJavaType,Throwable,Interface,GenericDeclaration","DEPENDS_ON","Class,Throwable,InternalJavaType,ConnectedInternalJavaType",1,""
"Class,InternalJavaType,ConnectedInternalJavaType,Throwable","DEPENDS_ON","Class,InternalJavaType,ConnectedInternalJavaType",1,""
"Class,InternalJavaType,ConnectedInternalJavaType,Throwable,GenericDeclaration","DEPENDS_ON","Class,InternalJavaType,ConnectedInternalJavaType",1,""
"Class,InternalJavaType,ConnectedInternalJavaType,Throwable","EXTENDS","Class,InternalJavaType,ConnectedInternalJavaType",1,""
"Method,Member,GenericDeclaration","THROWS_GENERIC","Bound,TypeVariable",1,""
"Annotation,InternalJavaType,ConnectedInternalJavaType","DECLARES","Enum,InternalJavaType,ConnectedInternalJavaType",1,""
"Class,InternalJavaType,ConnectedInternalJavaType,GenericDeclaration,Interface,Throwable","DEPENDS_ON","Record,GenericDeclaration,InternalJavaType,ConnectedInternalJavaType",1,""
"Interface,InternalJavaType,ConnectedInternalJavaType,Class,GenericDeclaration,Annotation,Record,Enum","DEPENDS_ON","Annotation,InternalJavaType,ConnectedInternalJavaType",1,""
"Method,Member","HAS_DEFAULT","Value,Enum",1,""
"Interface,InternalJavaType,ConnectedInternalJavaType,GenericDeclaration,Class","DEPENDS_ON","Interface,InternalJavaType,ConnectedInternalJavaType",1,""
"Interface,GenericDeclaration,InternalJavaType,ConnectedInternalJavaType,Method,Member","DECLARES","Class,InternalJavaType,ConnectedInternalJavaType",1,""
"Interface,GenericDeclaration,InternalJavaType,ConnectedInternalJavaType","IMPLEMENTS","Interface,GenericDeclaration,InternalJavaType,ConnectedInternalJavaType",1,""
"Class,InternalJavaType,ConnectedInternalJavaType,Interface,GenericDeclaration,Throwable","DEPENDS_ON","Interface,InternalJavaType,ConnectedInternalJavaType",1,""
"Method,Member,Lambda,GenericDeclaration","RETURNS","Interface,InternalJavaType,ConnectedInternalJavaType",1,""
"Interface,InternalJavaType,ConnectedInternalJavaType,Method,Member","DECLARES","Class,InternalJavaType,ConnectedInternalJavaType",1,""
"Interface,InternalJavaType,ConnectedInternalJavaType,Class,Record","DEPENDS_ON","Interface,InternalJavaType,ConnectedInternalJavaType",1,""
"Interface,InternalJavaType,ConnectedInternalJavaType,Record,Class","DEPENDS_ON","Record,InternalJavaType,ConnectedInternalJavaType,Interface,GenericDeclaration",1,""
"Interface,InternalJavaType,ConnectedInternalJavaType,Class,Record,GenericDeclaration","DEPENDS_ON","Interface,GenericDeclaration,InternalJavaType,ConnectedInternalJavaType",1,""
"Record,InternalJavaType,ConnectedInternalJavaType,Class","IMPLEMENTS","Interface,GenericDeclaration,InternalJavaType,ConnectedInternalJavaType",1,""
"Value,Array","CONTAINS","Value,Annotation",1,""
"Annotation,InternalJavaType,ConnectedInternalJavaType,Class,GenericDeclaration","DEPENDS_ON","Interface,InternalJavaType,ConnectedInternalJavaType,GenericDeclaration",1,""
"Annotation,InternalJavaType,ConnectedInternalJavaType","DEPENDS_ON","Class,InternalJavaType,ConnectedInternalJavaType",1,""
"Method,Member,Class,GenericDeclaration,InternalJavaType,ConnectedInternalJavaType","DECLARES","Class,InternalJavaType,ConnectedInternalJavaType",1,""
"Constructor,Method,Member","CATCHES","Throwable,JavaType",1,""
"Constructor,Method,Member","THROWS","Class,Throwable,InternalJavaType,ConnectedInternalJavaType",1,""
"Class,GenericDeclaration,InternalJavaType,ConnectedInternalJavaType,Throwable,Interface","DEPENDS_ON","Interface,GenericDeclaration,InternalJavaType,ConnectedInternalJavaType",1,""
"Class,GenericDeclaration,InternalJavaType,ConnectedInternalJavaType,Annotation,Interface","DEPENDS_ON","Interface,GenericDeclaration,InternalJavaType,ConnectedInternalJavaType",1,""
"Parameter,ServiceLoader","OF_TYPE","Interface,InternalJavaType,ConnectedInternalJavaType",1,""
"Class,InternalJavaType,ConnectedInternalJavaType,GenericDeclaration,Annotation","DEPENDS_ON","Interface,InternalJavaType,ConnectedInternalJavaType",1,""
"Method,Member","READS","Member,Field",1,""
"Method,Member,Class,InternalJavaType,ConnectedInternalJavaType","DECLARES","Class,InternalJavaType,ConnectedInternalJavaType",1,""
"Directory","CONTAINS","Artifact,Jar,Archive,Zip,Repository,Git",1,""
"Git,Branch,Repository","HAS_HEAD","Git,Commit",1,""
"Git","RESOLVES_TO","Json,Class,InternalJavaType,ConnectedInternalJavaType,Interface,GenericDeclaration,Throwable,Record,Annotation,ExternalAnnotation,ExternalType,Enum",1,""
"Git,ResolvedDuplicateType","RESOLVES_TO","Annotation,InternalJavaType,ConnectedInternalJavaType,Interface,GenericDeclaration,Class",1,""
"Repository,Git","HAS_BRANCH","Git,Branch",1,""
"ResolvedDuplicateType","RESOLVES_TO","Class,GenericDeclaration,InternalJavaType,ConnectedInternalJavaType,Interface",1,""
"ResolvedDuplicateType,Git","RESOLVES_TO","Class,GenericDeclaration,InternalJavaType,ConnectedInternalJavaType,Interface,Throwable,Record,Annotation,Enum",1,""
"Throwable,ResolvedDuplicateType","RESOLVES_TO","Class,Throwable,InternalJavaType,ConnectedInternalJavaType",1,""
"ResolvedDuplicateType,Throwable,Git","RESOLVES_TO","Class,InternalJavaType,ConnectedInternalJavaType",1,""
"Throwable,ResolvedDuplicateType,Git","RESOLVES_TO","Class,Throwable,InternalJavaType,ConnectedInternalJavaType",1,""
"Method,Member","RESOLVES_TO","Method,Member,GenericDeclaration",1,""
"Package,Directory","DEPENDS_ON","Package,Directory",1,""
"Artifact,Jar,Archive,Zip","DEPENDS_ON","Artifact,Jar,Archive,Zip",1,""
"Class,InternalJavaType,ConnectedInternalJavaType","CHANGED_TOGETHER_WITH","Class,InternalJavaType,ConnectedInternalJavaType,Interface,GenericDeclaration,Annotation,Record",1,""
"Class,GenericDeclaration,InternalJavaType,ConnectedInternalJavaType","CHANGED_TOGETHER_WITH","Class,InternalJavaType,ConnectedInternalJavaType,Interface,GenericDeclaration",1,""
"Class,InternalJavaType,ConnectedInternalJavaType,GenericDeclaration","CHANGED_TOGETHER_WITH","Class,InternalJavaType,ConnectedInternalJavaType,GenericDeclaration",1,""
"Interface,GenericDeclaration,InternalJavaType,ConnectedInternalJavaType","CHANGED_TOGETHER_WITH","Class,InternalJavaType,ConnectedInternalJavaType",1,""
"Record,InternalJavaType,ConnectedInternalJavaType,Interface,Class,GenericDeclaration","CHANGED_TOGETHER_WITH","Interface,GenericDeclaration,InternalJavaType,ConnectedInternalJavaType,Class",1,""
"Record,InternalJavaType,ConnectedInternalJavaType,Class","CHANGED_TOGETHER_WITH","Class,Throwable,InternalJavaType,ConnectedInternalJavaType,Enum",1,""
"Class,Throwable,InternalJavaType,ConnectedInternalJavaType,Record","CHANGED_TOGETHER_WITH","Class,Throwable,InternalJavaType,ConnectedInternalJavaType",1,""
"Class,Throwable,InternalJavaType,ConnectedInternalJavaType,Record,GenericDeclaration","CHANGED_TOGETHER_WITH","Interface,GenericDeclaration,InternalJavaType,ConnectedInternalJavaType",1,""
"Class,InternalJavaType,ConnectedInternalJavaType,Interface,GenericDeclaration,Record","CHANGED_TOGETHER_WITH","Class,InternalJavaType,ConnectedInternalJavaType,Interface",1,""
"Class,Throwable,InternalJavaType,ConnectedInternalJavaType,Interface,GenericDeclaration,Record","CHANGED_TOGETHER_WITH","Class,GenericDeclaration,InternalJavaType,ConnectedInternalJavaType",1,""
"Class,InternalJavaType,ConnectedInternalJavaType,GenericDeclaration,Record,Interface","CHANGED_TOGETHER_WITH","Class,InternalJavaType,ConnectedInternalJavaType,Interface",1,""
"Interface,GenericDeclaration,InternalJavaType,ConnectedInternalJavaType,Class,Record","CHANGED_TOGETHER_WITH","Class,InternalJavaType,ConnectedInternalJavaType,Interface,GenericDeclaration",1,""
"Class,GenericDeclaration,InternalJavaType,ConnectedInternalJavaType,Interface,Record","CHANGED_TOGETHER_WITH","Class,InternalJavaType,ConnectedInternalJavaType",1,""
"Class,InternalJavaType,ConnectedInternalJavaType,GenericDeclaration,Interface,Record","CHANGED_TOGETHER_WITH","Class,InternalJavaType,ConnectedInternalJavaType",1,""
"Class,InternalJavaType,ConnectedInternalJavaType,Interface,GenericDeclaration","CHANGED_TOGETHER_WITH","Class,GenericDeclaration,InternalJavaType,ConnectedInternalJavaType,Interface",1,""
"Interface,InternalJavaType,ConnectedInternalJavaType","CHANGED_TOGETHER_WITH","Record,InternalJavaType,ConnectedInternalJavaType,Class,Interface",1,""
"Class,GenericDeclaration,InternalJavaType,ConnectedInternalJavaType,Record,Interface","CHANGED_TOGETHER_WITH","Class,InternalJavaType,ConnectedInternalJavaType",1,""
"Interface,InternalJavaType,ConnectedInternalJavaType,Class,Record","CHANGED_TOGETHER_WITH","Record,InternalJavaType,ConnectedInternalJavaType,Class",1,""
"Class,InternalJavaType,ConnectedInternalJavaType,Throwable,Interface,GenericDeclaration,Record","CHANGED_TOGETHER_WITH","Record,InternalJavaType,ConnectedInternalJavaType",1,""
"Interface,InternalJavaType,ConnectedInternalJavaType,GenericDeclaration,Record,Class","CHANGED_TOGETHER_WITH","Record,GenericDeclaration,InternalJavaType,ConnectedInternalJavaType",1,""
"Interface,InternalJavaType,ConnectedInternalJavaType,Class,GenericDeclaration,Record","CHANGED_TOGETHER_WITH","Class,InternalJavaType,ConnectedInternalJavaType,Interface",1,""
"Class,InternalJavaType,ConnectedInternalJavaType,Interface","CHANGED_TOGETHER_WITH","Class,InternalJavaType,ConnectedInternalJavaType,GenericDeclaration,Interface",1,""
"Class,Throwable,InternalJavaType,ConnectedInternalJavaType,GenericDeclaration,Record,Interface","CHANGED_TOGETHER_WITH","Class,GenericDeclaration,InternalJavaType,ConnectedInternalJavaType",1,""
"Record,InternalJavaType,ConnectedInternalJavaType,Class,Interface","CHANGED_TOGETHER_WITH","Interface,InternalJavaType,ConnectedInternalJavaType",1,""
"Class,InternalJavaType,ConnectedInternalJavaType,GenericDeclaration,Interface,Throwable,Record","CHANGED_TOGETHER_WITH","Class,InternalJavaType,ConnectedInternalJavaType",1,""
"Class,InternalJavaType,ConnectedInternalJavaType,Record,GenericDeclaration,Interface","CHANGED_TOGETHER_WITH","Interface,GenericDeclaration,InternalJavaType,ConnectedInternalJavaType",1,""
"Interface,InternalJavaType,ConnectedInternalJavaType,Record,GenericDeclaration,Class","CHANGED_TOGETHER_WITH","Class,Throwable,InternalJavaType,ConnectedInternalJavaType",1,""
"Class,InternalJavaType,ConnectedInternalJavaType,Record","CHANGED_TOGETHER_WITH","Record,InternalJavaType,ConnectedInternalJavaType,Interface",1,""
"Interface,InternalJavaType,ConnectedInternalJavaType,Class,GenericDeclaration","CHANGED_TOGETHER_WITH","Class,GenericDeclaration,InternalJavaType,ConnectedInternalJavaType,Annotation,Interface",1,""
"Interface,GenericDeclaration,InternalJavaType","CHANGED_TOGETHER_WITH","Class,InternalJavaType,ConnectedInternalJavaType",1,""
"Interface,GenericDeclaration,InternalJavaType,ConnectedInternalJavaType,Class","CHANGED_TOGETHER_WITH","Class,GenericDeclaration,InternalJavaType,ConnectedInternalJavaType,Interface",1,""
"Class,GenericDeclaration,InternalJavaType,ConnectedInternalJavaType,Interface","CHANGED_TOGETHER_WITH","Class,GenericDeclaration,InternalJavaType,ConnectedInternalJavaType,Interface,Throwable",1,""
"Annotation,InternalJavaType,ConnectedInternalJavaType","CHANGED_TOGETHER_WITH","Class,InternalJavaType,ConnectedInternalJavaType,Annotation",1,""
"Class,InternalJavaType,ConnectedInternalJavaType,Record,Interface","CHANGED_TOGETHER_WITH","Enum,InternalJavaType,ConnectedInternalJavaType",1,""
"Class,InternalJavaType,ConnectedInternalJavaType,Interface,Record","CHANGED_TOGETHER_WITH","Interface,InternalJavaType,ConnectedInternalJavaType",1,""
"Class,InternalJavaType,ConnectedInternalJavaType,GenericDeclaration,Interface","CHANGED_TOGETHER_WITH","Class,InternalJavaType,ConnectedInternalJavaType,Interface",1,""
"Class,InternalJavaType,ConnectedInternalJavaType,Annotation","CHANGED_TOGETHER_WITH","Annotation,InternalJavaType,ConnectedInternalJavaType",1,""
"Annotation,InternalJavaType,ConnectedInternalJavaType,Class","CHANGED_TOGETHER_WITH","Class,InternalJavaType,ConnectedInternalJavaType",1,""
"Interface,InternalJavaType,ConnectedInternalJavaType,Class","CHANGED_TOGETHER_WITH","Class,InternalJavaType,ConnectedInternalJavaType",1,""
"Class,GenericDeclaration,InternalJavaType,ConnectedInternalJavaType,Interface,Record,Throwable","CHANGED_TOGETHER_WITH","Class,InternalJavaType,ConnectedInternalJavaType",1,""
"Interface,InternalJavaType,ConnectedInternalJavaType,Class,Record,GenericDeclaration,Throwable","CHANGED_TOGETHER_WITH","Interface,InternalJavaType,ConnectedInternalJavaType",1,""
"Interface,InternalJavaType,ConnectedInternalJavaType,Record,Class,GenericDeclaration","CHANGED_TOGETHER_WITH","Class,InternalJavaType,ConnectedInternalJavaType",1,""
"Class,InternalJavaType,ConnectedInternalJavaType,Interface,Record,GenericDeclaration","CHANGED_TOGETHER_WITH","Class,InternalJavaType,ConnectedInternalJavaType",1,""
"Class,InternalJavaType,ConnectedInternalJavaType,Record,Enum","CHANGED_TOGETHER_WITH","Record,InternalJavaType,ConnectedInternalJavaType,Class",1,""
"Record,InternalJavaType,ConnectedInternalJavaType,Enum,Class","CHANGED_TOGETHER_WITH","Class,InternalJavaType,ConnectedInternalJavaType",1,""
"Class,InternalJavaType,ConnectedInternalJavaType,Enum,Record","CHANGED_TOGETHER_WITH","Class,InternalJavaType,ConnectedInternalJavaType",1,""
"Artifact,Jar,Archive,Zip","IN_STRONGLY_CONNECTED_COMPONENT","StronglyConnectedComponent,ArtifactMembers",1,""
"Artifact,Jar,Archive,Zip","IN_WEAKLY_CONNECTED_COMPONENT","ArtifactMembers,WeaklyConnectedComponent",1,""
"Package,Directory","IN_STRONGLY_CONNECTED_COMPONENT","StronglyConnectedComponent,PackageMembers",1,""
"Package,Directory","IN_WEAKLY_CONNECTED_COMPONENT","WeaklyConnectedComponent,PackageMembers",1,""
"Class,GenericDeclaration,InternalJavaType,ConnectedInternalJavaType,Interface,Record,Annotation,Throwable,Enum","IN_STRONGLY_CONNECTED_COMPONENT","StronglyConnectedComponent,TypeMembers",1,""
"Class,GenericDeclaration,InternalJavaType,ConnectedInternalJavaType,Interface,Record,Annotation,Throwable,Enum","IN_WEAKLY_CONNECTED_COMPONENT","WeaklyConnectedComponent,TypeMembers",1,""
"Artifact,Jar,Archive,Zip","SIMILAR","Artifact,Jar,Archive,Zip",1,""
"Package,Directory","SIMILAR","Package,Directory",1,""
"Class,Throwable,InternalJavaType,ConnectedInternalJavaType,Interface,GenericDeclaration","SIMILAR","Interface,GenericDeclaration,InternalJavaType,ConnectedInternalJavaType,Class",1,""
"Class,Throwable,InternalJavaType,ConnectedInternalJavaType","SIMILAR","Class,InternalJavaType,ConnectedInternalJavaType,Throwable",1,""
"Record,InternalJavaType,ConnectedInternalJavaType,Class","SIMILAR","Class,GenericDeclaration,InternalJavaType,ConnectedInternalJavaType,Interface,Record",1,""
"Record,InternalJavaType,ConnectedInternalJavaType,Class,GenericDeclaration","SIMILAR","Class,GenericDeclaration,InternalJavaType,ConnectedInternalJavaType,Record",1,""
"Interface,InternalJavaType,ConnectedInternalJavaType,Record,GenericDeclaration","SIMILAR","Interface,InternalJavaType,ConnectedInternalJavaType",1,""
"Interface,InternalJavaType,ConnectedInternalJavaType,Class,GenericDeclaration","SIMILAR","Class,InternalJavaType,ConnectedInternalJavaType,Interface,GenericDeclaration",1,""
"Interface,InternalJavaType,ConnectedInternalJavaType,GenericDeclaration","SIMILAR","Interface,GenericDeclaration,InternalJavaType,ConnectedInternalJavaType",1,""
"Class,InternalJavaType,ConnectedInternalJavaType,Throwable","SIMILAR","Class,InternalJavaType,ConnectedInternalJavaType,Throwable",1,""
"Interface,GenericDeclaration,InternalJavaType,ConnectedInternalJavaType,Class","SIMILAR","Interface,GenericDeclaration,InternalJavaType,ConnectedInternalJavaType,Class,Record,Annotation",1,""
"Interface,GenericDeclaration,InternalJavaType,ConnectedInternalJavaType,Record,Class","SIMILAR","Class,InternalJavaType,ConnectedInternalJavaType",1,""
"Class,GenericDeclaration,InternalJavaType,ConnectedInternalJavaType","SIMILAR","Class,InternalJavaType,ConnectedInternalJavaType,GenericDeclaration,Interface,Record",1,""
"Interface,InternalJavaType,ConnectedInternalJavaType,Class","SIMILAR","Interface,InternalJavaType,ConnectedInternalJavaType,Class,Record,Enum",1,""
"Interface,InternalJavaType,ConnectedInternalJavaType","SIMILAR","Interface,InternalJavaType,ConnectedInternalJavaType,Class,Record,Enum,GenericDeclaration,Throwable",1,""
"Interface,GenericDeclaration,InternalJavaType,ConnectedInternalJavaType","SIMILAR","Interface,GenericDeclaration,InternalJavaType,ConnectedInternalJavaType,Record,Class,Throwable",1,""
"Class,InternalJavaType,ConnectedInternalJavaType","SIMILAR","Class,InternalJavaType,ConnectedInternalJavaType,Interface,GenericDeclaration,Enum,Throwable,Annotation,Record",1,""
"Record,InternalJavaType,ConnectedInternalJavaType,Interface,Class","SIMILAR","Record,InternalJavaType,ConnectedInternalJavaType",1,""
"Record,InternalJavaType,ConnectedInternalJavaType,Interface,GenericDeclaration,Class","SIMILAR","Class,InternalJavaType,ConnectedInternalJavaType",1,""
"Class,InternalJavaType,ConnectedInternalJavaType,Interface,GenericDeclaration","SIMILAR","Class,InternalJavaType,ConnectedInternalJavaType,Interface,GenericDeclaration,Throwable",1,""
"Interface,InternalJavaType,ConnectedInternalJavaType,Class,Annotation","SIMILAR","Interface,InternalJavaType,ConnectedInternalJavaType",1,""
"Interface,InternalJavaType,ConnectedInternalJavaType,Annotation,Record","SIMILAR","Annotation,InternalJavaType,ConnectedInternalJavaType",1,""
"Interface,InternalJavaType,ConnectedInternalJavaType,Annotation","SIMILAR","Annotation,InternalJavaType,ConnectedInternalJavaType,Class",1,""
"Interface,InternalJavaType,ConnectedInternalJavaType,Class,Enum","SIMILAR","Class,InternalJavaType,ConnectedInternalJavaType",1,""
"Class,InternalJavaType,ConnectedInternalJavaType,GenericDeclaration,Record","SIMILAR","Class,InternalJavaType,ConnectedInternalJavaType",1,""
"Class,InternalJavaType,ConnectedInternalJavaType,Enum","SIMILAR","Interface,InternalJavaType,ConnectedInternalJavaType,Class",1,""
"Class,InternalJavaType,ConnectedInternalJavaType,Interface,Record","SIMILAR","Class,InternalJavaType,ConnectedInternalJavaType",1,""
"Class,InternalJavaType,ConnectedInternalJavaType,Enum,Interface,GenericDeclaration","SIMILAR","Interface,InternalJavaType,ConnectedInternalJavaType",1,""
"Class,InternalJavaType,ConnectedInternalJavaType,Interface,Enum,GenericDeclaration","SIMILAR","Class,InternalJavaType,ConnectedInternalJavaType",1,""
"Class,InternalJavaType,ConnectedInternalJavaType,Interface","SIMILAR","Interface,InternalJavaType,ConnectedInternalJavaType,Class,Record,GenericDeclaration",1,""
"Interface,InternalJavaType,ConnectedInternalJavaType,Enum,Class","SIMILAR","Class,InternalJavaType,ConnectedInternalJavaType",1,""
"Class,InternalJavaType,ConnectedInternalJavaType,GenericDeclaration","SIMILAR","Class,InternalJavaType,ConnectedInternalJavaType,Record,GenericDeclaration",1,""
"Class,InternalJavaType,ConnectedInternalJavaType,Record","SIMILAR","Class,GenericDeclaration,InternalJavaType,ConnectedInternalJavaType,Interface,Record",1,""
"Class,InternalJavaType,ConnectedInternalJavaType,Record,GenericDeclaration","SIMILAR","Class,InternalJavaType,ConnectedInternalJavaType,Record",1,""
"Class,InternalJavaType,ConnectedInternalJavaType,Interface,GenericDeclaration,Record","SIMILAR","Class,GenericDeclaration,InternalJavaType,ConnectedInternalJavaType",1,""
"Interface,InternalJavaType,ConnectedInternalJavaType,Class,Record,GenericDeclaration","SIMILAR","Interface,InternalJavaType,ConnectedInternalJavaType",1,""
"Interface,InternalJavaType,ConnectedInternalJavaType,GenericDeclaration,Class","SIMILAR","Interface,GenericDeclaration,InternalJavaType,ConnectedInternalJavaType,Class",1,""
"Interface,InternalJavaType,ConnectedInternalJavaType,Record,Class","SIMILAR","Class,InternalJavaType,ConnectedInternalJavaType,Interface,Record",1,""
"Annotation,InternalJavaType,ConnectedInternalJavaType,Class","SIMILAR","Class,InternalJavaType,ConnectedInternalJavaType,Annotation",1,""
"Annotation,InternalJavaType,ConnectedInternalJavaType,Interface,GenericDeclaration","SIMILAR","Interface,InternalJavaType,ConnectedInternalJavaType",1,""
"Annotation,InternalJavaType,ConnectedInternalJavaType,Interface","SIMILAR","Interface,InternalJavaType,ConnectedInternalJavaType,Annotation,Class",1,""
"Class,GenericDeclaration,InternalJavaType,ConnectedInternalJavaType,Interface","SIMILAR","Class,GenericDeclaration,InternalJavaType,ConnectedInternalJavaType",1,""
"Class,InternalJavaType,ConnectedInternalJavaType,Record,Interface","SIMILAR","Class,InternalJavaType,ConnectedInternalJavaType",1,""
"Interface,InternalJavaType,ConnectedInternalJavaType,Class,Throwable","SIMILAR","Interface,InternalJavaType,ConnectedInternalJavaType",1,""
"Interface,InternalJavaType,ConnectedInternalJavaType,Class,Throwable,GenericDeclaration","SIMILAR","Interface,InternalJavaType,ConnectedInternalJavaType,GenericDeclaration",1,""
"Interface,InternalJavaType,ConnectedInternalJavaType,Record","SIMILAR","Class,GenericDeclaration,InternalJavaType,ConnectedInternalJavaType,Interface,Record,Enum",1,""
"Class,InternalJavaType,ConnectedInternalJavaType,Annotation","SIMILAR","Class,InternalJavaType,ConnectedInternalJavaType",1,""
"Class,InternalJavaType,ConnectedInternalJavaType,Interface,Record,GenericDeclaration","SIMILAR","Interface,InternalJavaType,ConnectedInternalJavaType",1,""
"Record,InternalJavaType,ConnectedInternalJavaType,Enum,Class,GenericDeclaration","SIMILAR","Class,InternalJavaType,ConnectedInternalJavaType",1,""
"Annotation,InternalJavaType,ConnectedInternalJavaType","SIMILAR","Interface,InternalJavaType,ConnectedInternalJavaType,Annotation,Class",1,""
"Class,InternalJavaType,ConnectedInternalJavaType,Interface,Enum","SIMILAR","Class,InternalJavaType,ConnectedInternalJavaType",1,""
"Interface,GenericDeclaration,InternalJavaType,ConnectedInternalJavaType,Annotation,Class,Record,Enum","SIMILAR","Record,InternalJavaType,ConnectedInternalJavaType",1,""
"Interface,GenericDeclaration,InternalJavaType,ConnectedInternalJavaType,Annotation,Class,Record","SIMILAR","Enum,InternalJavaType,ConnectedInternalJavaType",1,""
"Annotation,InternalJavaType,ConnectedInternalJavaType,Class,Interface","SIMILAR","Annotation,InternalJavaType,ConnectedInternalJavaType",1,""
"Record,GenericDeclaration,InternalJavaType,ConnectedInternalJavaType,Class","SIMILAR","Interface,InternalJavaType,ConnectedInternalJavaType,Class,GenericDeclaration",1,""
"Interface,GenericDeclaration,InternalJavaType,ConnectedInternalJavaType,Class,Enum","SIMILAR","Enum,InternalJavaType,ConnectedInternalJavaType",1,""
"Interface,InternalJavaType,ConnectedInternalJavaType,Class,Record","SIMILAR","Record,InternalJavaType,ConnectedInternalJavaType,Class,Interface",1,""
"Enum,InternalJavaType,ConnectedInternalJavaType","SIMILAR","Interface,InternalJavaType,ConnectedInternalJavaType",1,""
"Interface,InternalJavaType,ConnectedInternalJavaType,Enum","SIMILAR","Record,InternalJavaType,ConnectedInternalJavaType,Class",1,""
"Record,InternalJavaType,ConnectedInternalJavaType","SIMILAR","Class,InternalJavaType,ConnectedInternalJavaType,Enum,Interface,Record,GenericDeclaration",1,""
"Class,GenericDeclaration,InternalJavaType,ConnectedInternalJavaType,Annotation","SIMILAR","Class,InternalJavaType,ConnectedInternalJavaType",1,""
"Annotation,InternalJavaType,ConnectedInternalJavaType,Record,Class,Interface","SIMILAR","Annotation,InternalJavaType,ConnectedInternalJavaType",1,""
"Annotation,InternalJavaType,ConnectedInternalJavaType,Record","SIMILAR","Annotation,InternalJavaType,ConnectedInternalJavaType",1,""
"Interface,GenericDeclaration,InternalJavaType,ConnectedInternalJavaType,Class,Throwable","SIMILAR","Interface,GenericDeclaration,InternalJavaType,ConnectedInternalJavaType,Class",1,""
"Enum,InternalJavaType,ConnectedInternalJavaType,Class,GenericDeclaration","SIMILAR","Interface,GenericDeclaration,InternalJavaType,ConnectedInternalJavaType",1,""
"Enum,InternalJavaType,ConnectedInternalJavaType,Class","SIMILAR","Enum,InternalJavaType,ConnectedInternalJavaType,Class",1,""
"Interface,InternalJavaType,ConnectedInternalJavaType,Class,Enum,Record","SIMILAR","Class,InternalJavaType,ConnectedInternalJavaType",1,""
"Record,InternalJavaType,ConnectedInternalJavaType,Enum","SIMILAR","Interface,InternalJavaType,ConnectedInternalJavaType,Class",1,""
"Record,GenericDeclaration,InternalJavaType,ConnectedInternalJavaType","SIMILAR","Record,GenericDeclaration,InternalJavaType,ConnectedInternalJavaType,Interface",1,""
"Record,InternalJavaType,ConnectedInternalJavaType,Interface","SIMILAR","Interface,InternalJavaType,ConnectedInternalJavaType",1,""
"Class,InternalJavaType,ConnectedInternalJavaType,Record,GenericDeclaration,Interface","SIMILAR","Interface,GenericDeclaration,InternalJavaType,ConnectedInternalJavaType,Class",1,""
"Class,InternalJavaType,ConnectedInternalJavaType,Record,GenericDeclaration,Throwable","SIMILAR","Class,GenericDeclaration,InternalJavaType,ConnectedInternalJavaType",1,""
"Class,InternalJavaType,ConnectedInternalJavaType,GenericDeclaration,Interface","SIMILAR","Record,GenericDeclaration,InternalJavaType,ConnectedInternalJavaType,Class",1,""
"Record,InternalJavaType,ConnectedInternalJavaType,Class,Interface,GenericDeclaration","SIMILAR","Record,InternalJavaType,ConnectedInternalJavaType,Class",1,""
"Class,InternalJavaType,ConnectedInternalJavaType,Interface,GenericDeclaration,Throwable","SIMILAR","Interface,GenericDeclaration,InternalJavaType,ConnectedInternalJavaType",1,""
"Interface,InternalJavaType,ConnectedInternalJavaType,Class,Record,GenericDeclaration,Throwable","SIMILAR","Interface,GenericDeclaration,InternalJavaType,ConnectedInternalJavaType",1,""
"Record,InternalJavaType,ConnectedInternalJavaType,Class,Interface","SIMILAR","Class,InternalJavaType,ConnectedInternalJavaType",1,""
"Class,GenericDeclaration,InternalJavaType,ConnectedInternalJavaType,Interface,Throwable","SIMILAR","Class,InternalJavaType,ConnectedInternalJavaType,Interface,GenericDeclaration",1,""
"Class,GenericDeclaration,InternalJavaType,ConnectedInternalJavaType,Interface,Record","SIMILAR","Class,Throwable,InternalJavaType,ConnectedInternalJavaType",1,""
"Annotation,InternalJavaType,ConnectedInternalJavaType,Interface,Class","SIMILAR","Class,InternalJavaType,ConnectedInternalJavaType",1,""
"Class,GenericDeclaration,InternalJavaType,ConnectedInternalJavaType,Record","SIMILAR","Class,InternalJavaType,ConnectedInternalJavaType",1,""
"Class,InternalJavaType,ConnectedInternalJavaType,Throwable,Interface,GenericDeclaration","SIMILAR","Interface,InternalJavaType,ConnectedInternalJavaType",1,""
