"similarity","sourceArtifactName","sourceNodeName","sourceNodeIncomingDependencies","sourceNodeOutgoingDependencies","targetArtifactName","targetNodeName","targetNodeIncomingDependencies","targetNodeOutgoingDependencies","Source Cypher File: Similarity/Similarity_1d_Stream_Mutated.cypher"
1,"axon-server-connector-5.0.0","org.axonframework.axonserver.connector.InstructionAckSource",1,1,"axon-server-connector-5.0.0","org.axonframework.axonserver.connector.util.GrpcExceptionParser",,1,""
1,"axon-server-connector-5.0.0","org.axonframework.axonserver.connector.command.AxonServerNonTransientRemoteCommandHandlingException",1,2,"axon-server-connector-5.0.0","org.axonframework.axonserver.connector.query.AxonServerNonTransientRemoteQueryHandlingException",1,2,""
1,"axon-server-connector-5.0.0","org.axonframework.axonserver.connector.command.AxonServerRemoteCommandHandlingException",1,2,"axon-server-connector-5.0.0","org.axonframework.axonserver.connector.query.AxonServerRemoteQueryHandlingException",1,2,""
1,"axon-server-connector-5.0.0","org.axonframework.axonserver.connector.event.AggregateBasedAxonServerEventStorageEngine$AggregateSource",1,3,"axon-eventsourcing-5.0.0","org.axonframework.eventsourcing.eventstore.jpa.AggregateBasedJpaEventStorageEngine$AggregateSource",1,3,""
1,"axon-server-connector-5.0.0","org.axonframework.axonserver.connector.query.AxonServerNonTransientRemoteQueryHandlingException",1,2,"axon-server-connector-5.0.0","org.axonframework.axonserver.connector.command.AxonServerNonTransientRemoteCommandHandlingException",1,2,""
1,"axon-server-connector-5.0.0","org.axonframework.axonserver.connector.query.AxonServerRemoteQueryHandlingException",1,2,"axon-server-connector-5.0.0","org.axonframework.axonserver.connector.command.AxonServerRemoteCommandHandlingException",1,2,""
1,"axon-server-connector-5.0.0","org.axonframework.axonserver.connector.util.GrpcExceptionParser",,1,"axon-server-connector-5.0.0","org.axonframework.axonserver.connector.InstructionAckSource",1,1,""
1,"axon-common-5.0.0","org.axonframework.common.AxonConfigurationException",23,1,"axon-common-5.0.0","org.axonframework.common.infra.ComponentDescriptorException",2,1,""
1,"axon-common-5.0.0","org.axonframework.common.AxonConfigurationException",23,1,"axon-conversion-5.0.0","org.axonframework.conversion.ConversionException",16,1,""
1,"axon-common-5.0.0","org.axonframework.common.AxonConfigurationException",23,1,"axon-messaging-5.0.0","org.axonframework.messaging.eventhandling.replay.ResetNotSupportedException",1,1,""
1,"axon-common-5.0.0","org.axonframework.common.AxonNonTransientException",15,1,"axon-common-5.0.0","org.axonframework.common.AxonTransientException",8,1,""
1,"axon-common-5.0.0","org.axonframework.common.AxonNonTransientException",15,1,"axon-common-5.0.0","org.axonframework.common.ProcessRetriesExhaustedException",1,1,""
1,"axon-common-5.0.0","org.axonframework.common.AxonNonTransientException",15,1,"axon-messaging-5.0.0","org.axonframework.messaging.commandhandling.CommandDispatchException",2,1,""
1,"axon-common-5.0.0","org.axonframework.common.AxonTransientException",8,1,"axon-common-5.0.0","org.axonframework.common.AxonNonTransientException",15,1,""
1,"axon-common-5.0.0","org.axonframework.common.AxonTransientException",8,1,"axon-common-5.0.0","org.axonframework.common.ProcessRetriesExhaustedException",1,1,""
1,"axon-common-5.0.0","org.axonframework.common.AxonTransientException",8,1,"axon-messaging-5.0.0","org.axonframework.messaging.commandhandling.CommandDispatchException",2,1,""
1,"axon-common-5.0.0","org.axonframework.common.ProcessRetriesExhaustedException",1,1,"axon-common-5.0.0","org.axonframework.common.AxonNonTransientException",15,1,""
1,"axon-common-5.0.0","org.axonframework.common.ProcessRetriesExhaustedException",1,1,"axon-common-5.0.0","org.axonframework.common.AxonTransientException",8,1,""
1,"axon-common-5.0.0","org.axonframework.common.ProcessRetriesExhaustedException",1,1,"axon-messaging-5.0.0","org.axonframework.messaging.commandhandling.CommandDispatchException",2,1,""
1,"axon-common-5.0.0","org.axonframework.common.TypeReference$1",1,1,"axon-common-5.0.0","org.axonframework.common.TypeReference$2",1,1,""
1,"axon-common-5.0.0","org.axonframework.common.TypeReference$2",1,1,"axon-common-5.0.0","org.axonframework.common.TypeReference$1",1,1,""
1,"axon-common-5.0.0","org.axonframework.common.TypeReflectionUtils$VarMap$ParameterizedTypeImpl",2,1,"axon-common-5.0.0","org.axonframework.common.TypeReflectionUtils$VarMap$UnresolvedTypeVariableException",2,1,""
1,"axon-common-5.0.0","org.axonframework.common.TypeReflectionUtils$VarMap$UnresolvedTypeVariableException",2,1,"axon-common-5.0.0","org.axonframework.common.TypeReflectionUtils$VarMap$ParameterizedTypeImpl",2,1,""
1,"axon-common-5.0.0","org.axonframework.common.annotation.AnnotationUtils",15,1,"axon-common-5.0.0","org.axonframework.common.property.PropertyAccessException",2,1,""
1,"axon-common-5.0.0","org.axonframework.common.annotation.AnnotationUtils",15,1,"axon-messaging-5.0.0","org.axonframework.messaging.core.annotation.UnsupportedHandlerException",4,1,""
1,"axon-common-5.0.0","org.axonframework.common.configuration.AxonConfiguration",14,1,"axon-common-5.0.0","org.axonframework.common.configuration.ComponentBuilder",36,1,""
1,"axon-common-5.0.0","org.axonframework.common.configuration.AxonConfiguration",14,1,"axon-common-5.0.0","org.axonframework.common.configuration.ComponentDecorator",9,1,""
1,"axon-common-5.0.0","org.axonframework.common.configuration.AxonConfiguration",14,1,"axon-common-5.0.0","org.axonframework.common.configuration.LifecycleHandler",4,1,""
1,"axon-common-5.0.0","org.axonframework.common.configuration.ComponentBuilder",36,1,"axon-common-5.0.0","org.axonframework.common.configuration.AxonConfiguration",14,1,""
1,"axon-common-5.0.0","org.axonframework.common.configuration.ComponentBuilder",36,1,"axon-common-5.0.0","org.axonframework.common.configuration.ComponentDecorator",9,1,""
1,"axon-common-5.0.0","org.axonframework.common.configuration.ComponentBuilder",36,1,"axon-common-5.0.0","org.axonframework.common.configuration.LifecycleHandler",4,1,""
1,"axon-common-5.0.0","org.axonframework.common.configuration.ComponentDecorator",9,1,"axon-common-5.0.0","org.axonframework.common.configuration.AxonConfiguration",14,1,""
1,"axon-common-5.0.0","org.axonframework.common.configuration.ComponentDecorator",9,1,"axon-common-5.0.0","org.axonframework.common.configuration.ComponentBuilder",36,1,""
1,"axon-common-5.0.0","org.axonframework.common.configuration.ComponentDecorator",9,1,"axon-common-5.0.0","org.axonframework.common.configuration.LifecycleHandler",4,1,""
1,"axon-common-5.0.0","org.axonframework.common.configuration.ComponentLifecycleHandler",5,1,"axon-common-5.0.0","org.axonframework.common.configuration.AxonConfiguration",14,1,""
1,"axon-common-5.0.0","org.axonframework.common.configuration.ComponentLifecycleHandler",5,1,"axon-common-5.0.0","org.axonframework.common.configuration.ComponentBuilder",36,1,""
1,"axon-common-5.0.0","org.axonframework.common.configuration.ComponentLifecycleHandler",5,1,"axon-common-5.0.0","org.axonframework.common.configuration.LifecycleHandler",4,1,""
1,"axon-common-5.0.0","org.axonframework.common.configuration.LifecycleHandler",4,1,"axon-common-5.0.0","org.axonframework.common.configuration.AxonConfiguration",14,1,""
1,"axon-common-5.0.0","org.axonframework.common.configuration.LifecycleHandler",4,1,"axon-common-5.0.0","org.axonframework.common.configuration.ComponentBuilder",36,1,""
1,"axon-common-5.0.0","org.axonframework.common.configuration.LifecycleHandler",4,1,"axon-common-5.0.0","org.axonframework.common.configuration.ComponentDecorator",9,1,""
1,"axon-common-5.0.0","org.axonframework.common.configuration.ModuleBuilder",14,1,"axon-modelling-5.0.0","org.axonframework.modelling.configuration.EntityModule",4,1,""
1,"axon-common-5.0.0","org.axonframework.common.infra.ComponentDescriptorException",2,1,"axon-common-5.0.0","org.axonframework.common.AxonConfigurationException",23,1,""
1,"axon-common-5.0.0","org.axonframework.common.infra.ComponentDescriptorException",2,1,"axon-conversion-5.0.0","org.axonframework.conversion.ConversionException",16,1,""
1,"axon-common-5.0.0","org.axonframework.common.infra.ComponentDescriptorException",2,1,"axon-messaging-5.0.0","org.axonframework.messaging.eventhandling.replay.ResetNotSupportedException",1,1,""
1,"axon-common-5.0.0","org.axonframework.common.jdbc.ConnectionProvider",2,1,"axon-common-5.0.0","org.axonframework.common.jpa.EntityManagerProvider",8,1,""
1,"axon-common-5.0.0","org.axonframework.common.jdbc.ConnectionProvider",2,1,"axon-update-5.0.0","org.axonframework.update.detection.KotlinVersion",1,1,""
1,"axon-common-5.0.0","org.axonframework.common.jdbc.ConnectionProvider",2,1,"axon-update-5.0.0","org.axonframework.update.detection.MachineId",1,1,""
1,"axon-common-5.0.0","org.axonframework.common.jdbc.JdbcException",2,1,"axon-messaging-5.0.0","org.axonframework.messaging.core.ExecutionException",,1,""
1,"axon-common-5.0.0","org.axonframework.common.jdbc.JdbcException",2,1,"axon-messaging-5.0.0","org.axonframework.messaging.eventhandling.processing.streaming.token.store.UnableToRetrieveIdentifierException",2,1,""
1,"axon-common-5.0.0","org.axonframework.common.jpa.EntityManagerProvider",8,1,"axon-common-5.0.0","org.axonframework.common.jdbc.ConnectionProvider",2,1,""
1,"axon-common-5.0.0","org.axonframework.common.jpa.EntityManagerProvider",8,1,"axon-update-5.0.0","org.axonframework.update.detection.KotlinVersion",1,1,""
1,"axon-common-5.0.0","org.axonframework.common.jpa.EntityManagerProvider",8,1,"axon-update-5.0.0","org.axonframework.update.detection.MachineId",1,1,""
1,"axon-common-5.0.0","org.axonframework.common.lifecycle.ShutdownInProgressException",1,1,"axon-messaging-5.0.0","org.axonframework.messaging.core.interception.JSR303ViolationException",1,1,""
1,"axon-common-5.0.0","org.axonframework.common.lifecycle.ShutdownInProgressException",1,1,"axon-messaging-5.0.0","org.axonframework.messaging.queryhandling.CompletedEmitterException",,1,""
1,"axon-common-5.0.0","org.axonframework.common.lock.LockAcquisitionFailedException",2,1,"axon-messaging-5.0.0","org.axonframework.messaging.eventhandling.processing.streaming.token.store.UnableToClaimTokenException",4,1,""
1,"axon-common-5.0.0","org.axonframework.common.lock.LockAcquisitionFailedException",2,1,"axon-messaging-5.0.0","org.axonframework.messaging.eventhandling.processing.streaming.token.store.UnableToInitializeTokenException",3,1,""
1,"axon-common-5.0.0","org.axonframework.common.lock.LockAcquisitionFailedException",2,1,"axon-modelling-5.0.0","org.axonframework.modelling.ConcurrencyException",1,1,""
1,"axon-common-5.0.0","org.axonframework.common.property.BeanPropertyAccessStrategy",,1,"axon-common-5.0.0","org.axonframework.common.property.UniformPropertyAccessStrategy",,1,""
1,"axon-common-5.0.0","org.axonframework.common.property.PropertyAccessException",2,1,"axon-common-5.0.0","org.axonframework.common.annotation.AnnotationUtils",15,1,""
1,"axon-common-5.0.0","org.axonframework.common.property.PropertyAccessException",2,1,"axon-messaging-5.0.0","org.axonframework.messaging.core.annotation.UnsupportedHandlerException",4,1,""
1,"axon-common-5.0.0","org.axonframework.common.property.UniformPropertyAccessStrategy",,1,"axon-common-5.0.0","org.axonframework.common.property.BeanPropertyAccessStrategy",,1,""
1,"axon-common-5.0.0","org.axonframework.common.util.PriorityCallable",1,1,"axon-common-5.0.0","org.axonframework.common.util.PriorityRunnable",3,1,""
1,"axon-common-5.0.0","org.axonframework.common.util.PriorityRunnable",3,1,"axon-common-5.0.0","org.axonframework.common.util.PriorityCallable",1,1,""
1,"axon-conversion-5.0.0","org.axonframework.conversion.ConversionException",16,1,"axon-common-5.0.0","org.axonframework.common.AxonConfigurationException",23,1,""
1,"axon-conversion-5.0.0","org.axonframework.conversion.ConversionException",16,1,"axon-common-5.0.0","org.axonframework.common.infra.ComponentDescriptorException",2,1,""
1,"axon-conversion-5.0.0","org.axonframework.conversion.ConversionException",16,1,"axon-messaging-5.0.0","org.axonframework.messaging.eventhandling.replay.ResetNotSupportedException",1,1,""
1,"axon-conversion-5.0.0","org.axonframework.conversion.Converter",37,1,"axon-messaging-5.0.0","org.axonframework.messaging.eventhandling.processing.EventProcessor",6,1,""
1,"axon-conversion-5.0.0","org.axonframework.conversion.converter.BlobToInputStreamConverter",,2,"axon-conversion-5.0.0","org.axonframework.conversion.converter.InputStreamToByteArrayConverter",,2,""
1,"axon-conversion-5.0.0","org.axonframework.conversion.converter.BlobToInputStreamConverter",,2,"axon-conversion-5.0.0","org.axonframework.conversion.json.JsonNodeToByteArrayConverter",1,2,""
1,"axon-conversion-5.0.0","org.axonframework.conversion.converter.BlobToInputStreamConverter",,2,"axon-conversion-5.0.0","org.axonframework.conversion.json.JsonNodeToObjectNodeConverter",1,2,""
1,"axon-conversion-5.0.0","org.axonframework.conversion.converter.ByteArrayToInputStreamConverter",,1,"axon-conversion-5.0.0","org.axonframework.conversion.converter.ByteArrayToStringConverter",,1,""
1,"axon-conversion-5.0.0","org.axonframework.conversion.converter.ByteArrayToInputStreamConverter",,1,"axon-conversion-5.0.0","org.axonframework.conversion.converter.StringToByteArrayConverter",,1,""
1,"axon-conversion-5.0.0","org.axonframework.conversion.converter.ByteArrayToInputStreamConverter",,1,"axon-conversion-5.0.0","org.axonframework.conversion.json.ObjectNodeToJsonNodeConverter",1,1,""
1,"axon-conversion-5.0.0","org.axonframework.conversion.converter.ByteArrayToStringConverter",,1,"axon-conversion-5.0.0","org.axonframework.conversion.converter.ByteArrayToInputStreamConverter",,1,""
1,"axon-conversion-5.0.0","org.axonframework.conversion.converter.ByteArrayToStringConverter",,1,"axon-conversion-5.0.0","org.axonframework.conversion.converter.StringToByteArrayConverter",,1,""
1,"axon-conversion-5.0.0","org.axonframework.conversion.converter.ByteArrayToStringConverter",,1,"axon-conversion-5.0.0","org.axonframework.conversion.json.ObjectNodeToJsonNodeConverter",1,1,""
1,"axon-conversion-5.0.0","org.axonframework.conversion.converter.InputStreamToByteArrayConverter",,2,"axon-conversion-5.0.0","org.axonframework.conversion.converter.BlobToInputStreamConverter",,2,""
1,"axon-conversion-5.0.0","org.axonframework.conversion.converter.InputStreamToByteArrayConverter",,2,"axon-conversion-5.0.0","org.axonframework.conversion.json.JsonNodeToByteArrayConverter",1,2,""
1,"axon-conversion-5.0.0","org.axonframework.conversion.converter.InputStreamToByteArrayConverter",,2,"axon-conversion-5.0.0","org.axonframework.conversion.json.JsonNodeToObjectNodeConverter",1,2,""
1,"axon-conversion-5.0.0","org.axonframework.conversion.converter.StringToByteArrayConverter",,1,"axon-conversion-5.0.0","org.axonframework.conversion.converter.ByteArrayToInputStreamConverter",,1,""
1,"axon-conversion-5.0.0","org.axonframework.conversion.converter.StringToByteArrayConverter",,1,"axon-conversion-5.0.0","org.axonframework.conversion.converter.ByteArrayToStringConverter",,1,""
1,"axon-conversion-5.0.0","org.axonframework.conversion.converter.StringToByteArrayConverter",,1,"axon-conversion-5.0.0","org.axonframework.conversion.json.ObjectNodeToJsonNodeConverter",1,1,""
1,"axon-conversion-5.0.0","org.axonframework.conversion.json.ByteArrayToJsonNodeConverter",1,2,"axon-conversion-5.0.0","org.axonframework.conversion.converter.BlobToInputStreamConverter",,2,""
1,"axon-conversion-5.0.0","org.axonframework.conversion.json.ByteArrayToJsonNodeConverter",1,2,"axon-conversion-5.0.0","org.axonframework.conversion.converter.InputStreamToByteArrayConverter",,2,""
1,"axon-conversion-5.0.0","org.axonframework.conversion.json.ByteArrayToJsonNodeConverter",1,2,"axon-conversion-5.0.0","org.axonframework.conversion.json.JsonNodeToByteArrayConverter",1,2,""
1,"axon-conversion-5.0.0","org.axonframework.conversion.json.JsonNodeToByteArrayConverter",1,2,"axon-conversion-5.0.0","org.axonframework.conversion.converter.BlobToInputStreamConverter",,2,""
1,"axon-conversion-5.0.0","org.axonframework.conversion.json.JsonNodeToByteArrayConverter",1,2,"axon-conversion-5.0.0","org.axonframework.conversion.converter.InputStreamToByteArrayConverter",,2,""
1,"axon-conversion-5.0.0","org.axonframework.conversion.json.JsonNodeToByteArrayConverter",1,2,"axon-conversion-5.0.0","org.axonframework.conversion.json.JsonNodeToObjectNodeConverter",1,2,""
1,"axon-conversion-5.0.0","org.axonframework.conversion.json.JsonNodeToObjectNodeConverter",1,2,"axon-conversion-5.0.0","org.axonframework.conversion.converter.BlobToInputStreamConverter",,2,""
1,"axon-conversion-5.0.0","org.axonframework.conversion.json.JsonNodeToObjectNodeConverter",1,2,"axon-conversion-5.0.0","org.axonframework.conversion.converter.InputStreamToByteArrayConverter",,2,""
1,"axon-conversion-5.0.0","org.axonframework.conversion.json.JsonNodeToObjectNodeConverter",1,2,"axon-conversion-5.0.0","org.axonframework.conversion.json.JsonNodeToByteArrayConverter",1,2,""
1,"axon-conversion-5.0.0","org.axonframework.conversion.json.ObjectNodeToJsonNodeConverter",1,1,"axon-conversion-5.0.0","org.axonframework.conversion.converter.ByteArrayToInputStreamConverter",,1,""
1,"axon-conversion-5.0.0","org.axonframework.conversion.json.ObjectNodeToJsonNodeConverter",1,1,"axon-conversion-5.0.0","org.axonframework.conversion.converter.ByteArrayToStringConverter",,1,""
1,"axon-conversion-5.0.0","org.axonframework.conversion.json.ObjectNodeToJsonNodeConverter",1,1,"axon-conversion-5.0.0","org.axonframework.conversion.converter.StringToByteArrayConverter",,1,""
1,"axon-eventsourcing-5.0.0","org.axonframework.eventsourcing.eventstore.AggregateSequenceNumberPosition",3,1,"axon-eventsourcing-5.0.0","org.axonframework.eventsourcing.eventstore.GlobalIndexPosition",3,1,""
1,"axon-eventsourcing-5.0.0","org.axonframework.eventsourcing.eventstore.EventStoreException",1,1,"axon-common-5.0.0","org.axonframework.common.AxonConfigurationException",23,1,""
1,"axon-eventsourcing-5.0.0","org.axonframework.eventsourcing.eventstore.EventStoreException",1,1,"axon-common-5.0.0","org.axonframework.common.infra.ComponentDescriptorException",2,1,""
1,"axon-eventsourcing-5.0.0","org.axonframework.eventsourcing.eventstore.EventStoreException",1,1,"axon-conversion-5.0.0","org.axonframework.conversion.ConversionException",16,1,""
1,"axon-eventsourcing-5.0.0","org.axonframework.eventsourcing.eventstore.GlobalIndexPosition",3,1,"axon-eventsourcing-5.0.0","org.axonframework.eventsourcing.eventstore.AggregateSequenceNumberPosition",3,1,""
1,"axon-eventsourcing-5.0.0","org.axonframework.eventsourcing.eventstore.StreamSpliterator",1,1,"axon-common-5.0.0","org.axonframework.common.jdbc.ConnectionProvider",2,1,""
1,"axon-eventsourcing-5.0.0","org.axonframework.eventsourcing.eventstore.StreamSpliterator",1,1,"axon-common-5.0.0","org.axonframework.common.jpa.EntityManagerProvider",8,1,""
1,"axon-eventsourcing-5.0.0","org.axonframework.eventsourcing.eventstore.StreamSpliterator",1,1,"axon-update-5.0.0","org.axonframework.update.detection.MachineId",1,1,""
1,"axon-eventsourcing-5.0.0","org.axonframework.eventsourcing.eventstore.jpa.AggregateBasedJpaEventStorageEngine$AggregateSource",1,3,"axon-server-connector-5.0.0","org.axonframework.axonserver.connector.event.AggregateBasedAxonServerEventStorageEngine$AggregateSource",1,3,""
1,"axon-spring-boot-autoconfigure-5.0.0","org.axonframework.extension.springboot.autoconfig.AvroSchemaStoreAutoConfiguration$AvroConfiguredCondition$EventsAvroCondition",2,1,"axon-spring-boot-autoconfigure-5.0.0","org.axonframework.extension.springboot.autoconfig.AvroSchemaStoreAutoConfiguration$AvroConfiguredCondition$MessagesAvroCondition",2,1,""
1,"axon-spring-boot-autoconfigure-5.0.0","org.axonframework.extension.springboot.autoconfig.AvroSchemaStoreAutoConfiguration$AvroConfiguredCondition$MessagesAvroCondition",2,1,"axon-spring-boot-autoconfigure-5.0.0","org.axonframework.extension.springboot.autoconfig.AvroSchemaStoreAutoConfiguration$AvroConfiguredCondition$EventsAvroCondition",2,1,""
1,"axon-spring-boot-autoconfigure-5.0.0","org.axonframework.extension.springboot.autoconfig.ObjectMapperAutoConfiguration$JacksonConfiguredCondition$EventsJacksonCondition",2,1,"axon-spring-boot-autoconfigure-5.0.0","org.axonframework.extension.springboot.autoconfig.ObjectMapperAutoConfiguration$JacksonConfiguredCondition$GeneralDefaultCondition",2,1,""
1,"axon-spring-boot-autoconfigure-5.0.0","org.axonframework.extension.springboot.autoconfig.ObjectMapperAutoConfiguration$JacksonConfiguredCondition$EventsJacksonCondition",2,1,"axon-spring-boot-autoconfigure-5.0.0","org.axonframework.extension.springboot.autoconfig.ObjectMapperAutoConfiguration$JacksonConfiguredCondition$GeneralJacksonCondition",2,1,""
1,"axon-spring-boot-autoconfigure-5.0.0","org.axonframework.extension.springboot.autoconfig.ObjectMapperAutoConfiguration$JacksonConfiguredCondition$EventsJacksonCondition",2,1,"axon-spring-boot-autoconfigure-5.0.0","org.axonframework.extension.springboot.autoconfig.ObjectMapperAutoConfiguration$JacksonConfiguredCondition$MessagesJacksonCondition",2,1,""
1,"axon-spring-boot-autoconfigure-5.0.0","org.axonframework.extension.springboot.autoconfig.ObjectMapperAutoConfiguration$JacksonConfiguredCondition$GeneralDefaultCondition",2,1,"axon-spring-boot-autoconfigure-5.0.0","org.axonframework.extension.springboot.autoconfig.ObjectMapperAutoConfiguration$JacksonConfiguredCondition$EventsJacksonCondition",2,1,""
1,"axon-spring-boot-autoconfigure-5.0.0","org.axonframework.extension.springboot.autoconfig.ObjectMapperAutoConfiguration$JacksonConfiguredCondition$GeneralDefaultCondition",2,1,"axon-spring-boot-autoconfigure-5.0.0","org.axonframework.extension.springboot.autoconfig.ObjectMapperAutoConfiguration$JacksonConfiguredCondition$GeneralJacksonCondition",2,1,""
1,"axon-spring-boot-autoconfigure-5.0.0","org.axonframework.extension.springboot.autoconfig.ObjectMapperAutoConfiguration$JacksonConfiguredCondition$GeneralDefaultCondition",2,1,"axon-spring-boot-autoconfigure-5.0.0","org.axonframework.extension.springboot.autoconfig.ObjectMapperAutoConfiguration$JacksonConfiguredCondition$MessagesJacksonCondition",2,1,""
1,"axon-spring-boot-autoconfigure-5.0.0","org.axonframework.extension.springboot.autoconfig.ObjectMapperAutoConfiguration$JacksonConfiguredCondition$GeneralJacksonCondition",2,1,"axon-spring-boot-autoconfigure-5.0.0","org.axonframework.extension.springboot.autoconfig.ObjectMapperAutoConfiguration$JacksonConfiguredCondition$EventsJacksonCondition",2,1,""
1,"axon-spring-boot-autoconfigure-5.0.0","org.axonframework.extension.springboot.autoconfig.ObjectMapperAutoConfiguration$JacksonConfiguredCondition$GeneralJacksonCondition",2,1,"axon-spring-boot-autoconfigure-5.0.0","org.axonframework.extension.springboot.autoconfig.ObjectMapperAutoConfiguration$JacksonConfiguredCondition$GeneralDefaultCondition",2,1,""
1,"axon-spring-boot-autoconfigure-5.0.0","org.axonframework.extension.springboot.autoconfig.ObjectMapperAutoConfiguration$JacksonConfiguredCondition$GeneralJacksonCondition",2,1,"axon-spring-boot-autoconfigure-5.0.0","org.axonframework.extension.springboot.autoconfig.ObjectMapperAutoConfiguration$JacksonConfiguredCondition$MessagesJacksonCondition",2,1,""
1,"axon-spring-boot-autoconfigure-5.0.0","org.axonframework.extension.springboot.autoconfig.ObjectMapperAutoConfiguration$JacksonConfiguredCondition$MessagesJacksonCondition",2,1,"axon-spring-boot-autoconfigure-5.0.0","org.axonframework.extension.springboot.autoconfig.ObjectMapperAutoConfiguration$JacksonConfiguredCondition$EventsJacksonCondition",2,1,""
1,"axon-spring-boot-autoconfigure-5.0.0","org.axonframework.extension.springboot.autoconfig.ObjectMapperAutoConfiguration$JacksonConfiguredCondition$MessagesJacksonCondition",2,1,"axon-spring-boot-autoconfigure-5.0.0","org.axonframework.extension.springboot.autoconfig.ObjectMapperAutoConfiguration$JacksonConfiguredCondition$GeneralDefaultCondition",2,1,""
1,"axon-spring-boot-autoconfigure-5.0.0","org.axonframework.extension.springboot.autoconfig.ObjectMapperAutoConfiguration$JacksonConfiguredCondition$MessagesJacksonCondition",2,1,"axon-spring-boot-autoconfigure-5.0.0","org.axonframework.extension.springboot.autoconfig.ObjectMapperAutoConfiguration$JacksonConfiguredCondition$GeneralJacksonCondition",2,1,""
1,"axon-tracing-opentelemetry-5.0.0","org.axonframework.extension.tracing.opentelemetry.OpenTelemetrySpan",1,2,"axon-messaging-5.0.0","org.axonframework.messaging.tracing.NoOpSpanFactory$NoOpSpan",2,2,""
1,"axon-messaging-5.0.0","org.axonframework.messaging.commandhandling.CommandDispatchException",2,1,"axon-common-5.0.0","org.axonframework.common.AxonNonTransientException",15,1,""
1,"axon-messaging-5.0.0","org.axonframework.messaging.commandhandling.CommandDispatchException",2,1,"axon-common-5.0.0","org.axonframework.common.AxonTransientException",8,1,""
1,"axon-messaging-5.0.0","org.axonframework.messaging.commandhandling.CommandDispatchException",2,1,"axon-common-5.0.0","org.axonframework.common.ProcessRetriesExhaustedException",1,1,""
1,"axon-messaging-5.0.0","org.axonframework.messaging.commandhandling.CommandExecutionException",2,1,"axon-messaging-5.0.0","org.axonframework.messaging.queryhandling.QueryExecutionException",3,1,""
1,"axon-messaging-5.0.0","org.axonframework.messaging.commandhandling.CommandHandler",22,5,"axon-modelling-5.0.0","org.axonframework.modelling.entity.EntityCommandHandler",5,5,""
1,"axon-messaging-5.0.0","org.axonframework.messaging.commandhandling.CommandMessage",70,3,"axon-messaging-5.0.0","org.axonframework.messaging.core.ResultMessage",7,3,""
1,"axon-messaging-5.0.0","org.axonframework.messaging.commandhandling.CommandMessage",70,3,"axon-messaging-5.0.0","org.axonframework.messaging.eventhandling.EventMessage",136,3,""
1,"axon-messaging-5.0.0","org.axonframework.messaging.commandhandling.CommandMessage",70,3,"axon-messaging-5.0.0","org.axonframework.messaging.queryhandling.QueryMessage",46,3,""
1,"axon-messaging-5.0.0","org.axonframework.messaging.commandhandling.CommandPriorityCalculator",2,1,"axon-modelling-5.0.0","org.axonframework.modelling.entity.EntityAlreadyExistsForCreationalCommandHandlerException",2,1,""
1,"axon-messaging-5.0.0","org.axonframework.messaging.commandhandling.CommandPriorityCalculator",2,1,"axon-modelling-5.0.0","org.axonframework.modelling.entity.EntityMissingForInstanceCommandHandlerException",2,1,""
1,"axon-messaging-5.0.0","org.axonframework.messaging.commandhandling.CommandPriorityCalculator",2,1,"axon-modelling-5.0.0","org.axonframework.modelling.entity.WrongPolymorphicEntityTypeException",1,1,""
1,"axon-messaging-5.0.0","org.axonframework.messaging.commandhandling.CommandResultMessage",37,4,"axon-messaging-5.0.0","org.axonframework.messaging.queryhandling.QueryResponseMessage",29,4,""
1,"axon-messaging-5.0.0","org.axonframework.messaging.commandhandling.annotation.CommandHandlingMember",3,2,"axon-messaging-5.0.0","org.axonframework.messaging.core.interception.annotation.MessageInterceptingMember",3,2,""
1,"axon-messaging-5.0.0","org.axonframework.messaging.commandhandling.annotation.CommandHandlingMember",3,2,"axon-messaging-5.0.0","org.axonframework.messaging.eventhandling.annotation.EventHandlingMember",2,2,""
1,"axon-messaging-5.0.0","org.axonframework.messaging.commandhandling.annotation.CommandHandlingMember",3,2,"axon-messaging-5.0.0","org.axonframework.messaging.queryhandling.annotation.QueryHandlingMember",2,2,""
1,"axon-messaging-5.0.0","org.axonframework.messaging.core.EventPublicationFailedException",1,1,"axon-messaging-5.0.0","org.axonframework.messaging.core.HandlerExecutionException",3,1,""
1,"axon-messaging-5.0.0","org.axonframework.messaging.core.EventPublicationFailedException",1,1,"axon-messaging-5.0.0","org.axonframework.messaging.core.MessageTypeNotResolvedException",1,1,""
1,"axon-messaging-5.0.0","org.axonframework.messaging.core.EventPublicationFailedException",1,1,"axon-messaging-5.0.0","org.axonframework.messaging.eventhandling.TransactionMethodExecutionException",,1,""
1,"axon-messaging-5.0.0","org.axonframework.messaging.core.ExecutionException",,1,"axon-common-5.0.0","org.axonframework.common.jdbc.JdbcException",2,1,""
1,"axon-messaging-5.0.0","org.axonframework.messaging.core.ExecutionException",,1,"axon-messaging-5.0.0","org.axonframework.messaging.eventhandling.processing.streaming.token.store.UnableToRetrieveIdentifierException",2,1,""
1,"axon-messaging-5.0.0","org.axonframework.messaging.core.HandlerExecutionException",3,1,"axon-messaging-5.0.0","org.axonframework.messaging.core.MessageTypeNotResolvedException",1,1,""
1,"axon-messaging-5.0.0","org.axonframework.messaging.core.HandlerExecutionException",3,1,"axon-messaging-5.0.0","org.axonframework.messaging.eventhandling.TransactionMethodExecutionException",,1,""
1,"axon-messaging-5.0.0","org.axonframework.messaging.core.HandlerExecutionException",3,1,"axon-messaging-5.0.0","org.axonframework.messaging.eventhandling.processing.EventProcessingException",3,1,""
1,"axon-messaging-5.0.0","org.axonframework.messaging.core.IllegalPayloadAccessException",,1,"axon-common-5.0.0","org.axonframework.common.AxonConfigurationException",23,1,""
1,"axon-messaging-5.0.0","org.axonframework.messaging.core.IllegalPayloadAccessException",,1,"axon-common-5.0.0","org.axonframework.common.infra.ComponentDescriptorException",2,1,""
1,"axon-messaging-5.0.0","org.axonframework.messaging.core.IllegalPayloadAccessException",,1,"axon-conversion-5.0.0","org.axonframework.conversion.ConversionException",16,1,""
1,"axon-messaging-5.0.0","org.axonframework.messaging.core.MessageDispatchInterceptorChain",9,3,"axon-messaging-5.0.0","org.axonframework.messaging.core.MessageHandlerInterceptorChain",18,3,""
1,"axon-messaging-5.0.0","org.axonframework.messaging.core.MessageHandlerInterceptorChain",18,3,"axon-messaging-5.0.0","org.axonframework.messaging.core.MessageDispatchInterceptorChain",9,3,""
1,"axon-messaging-5.0.0","org.axonframework.messaging.core.MessageTypeNotResolvedException",1,1,"axon-messaging-5.0.0","org.axonframework.messaging.core.HandlerExecutionException",3,1,""
1,"axon-messaging-5.0.0","org.axonframework.messaging.core.MessageTypeNotResolvedException",1,1,"axon-messaging-5.0.0","org.axonframework.messaging.eventhandling.TransactionMethodExecutionException",,1,""
1,"axon-messaging-5.0.0","org.axonframework.messaging.core.MessageTypeNotResolvedException",1,1,"axon-messaging-5.0.0","org.axonframework.messaging.eventhandling.processing.EventProcessingException",3,1,""
1,"axon-messaging-5.0.0","org.axonframework.messaging.core.ResultMessage",7,3,"axon-messaging-5.0.0","org.axonframework.messaging.commandhandling.CommandMessage",70,3,""
1,"axon-messaging-5.0.0","org.axonframework.messaging.core.ResultMessage",7,3,"axon-messaging-5.0.0","org.axonframework.messaging.eventhandling.EventMessage",136,3,""
1,"axon-messaging-5.0.0","org.axonframework.messaging.core.ResultMessage",7,3,"axon-messaging-5.0.0","org.axonframework.messaging.queryhandling.QueryMessage",46,3,""
1,"axon-messaging-5.0.0","org.axonframework.messaging.core.annotation.MessageHandlerInvocationException",1,1,"axon-messaging-5.0.0","org.axonframework.messaging.core.HandlerExecutionException",3,1,""
1,"axon-messaging-5.0.0","org.axonframework.messaging.core.annotation.MessageHandlerInvocationException",1,1,"axon-messaging-5.0.0","org.axonframework.messaging.core.MessageTypeNotResolvedException",1,1,""
1,"axon-messaging-5.0.0","org.axonframework.messaging.core.annotation.MessageHandlerInvocationException",1,1,"axon-messaging-5.0.0","org.axonframework.messaging.eventhandling.TransactionMethodExecutionException",,1,""
1,"axon-messaging-5.0.0","org.axonframework.messaging.core.annotation.MessageHandlerTimeout",,1,"axon-messaging-5.0.0","org.axonframework.messaging.core.interception.annotation.ResultHandler",2,1,""
1,"axon-messaging-5.0.0","org.axonframework.messaging.core.annotation.MessageHandlerTimeout",,1,"axon-messaging-5.0.0","org.axonframework.messaging.eventhandling.replay.annotation.AllowReplay",2,1,""
1,"axon-messaging-5.0.0","org.axonframework.messaging.core.annotation.ParameterResolver",47,1,"axon-messaging-5.0.0","org.axonframework.messaging.eventhandling.gateway.EventGateway",2,1,""
1,"axon-messaging-5.0.0","org.axonframework.messaging.core.annotation.SourceIdParameterResolverFactory$SourceIdParameterResolver",1,4,"axon-messaging-5.0.0","org.axonframework.messaging.eventhandling.annotation.SequenceNumberParameterResolverFactory$SequenceNumberParameterResolver",1,4,""
1,"axon-messaging-5.0.0","org.axonframework.messaging.core.annotation.UnsupportedHandlerException",4,1,"axon-common-5.0.0","org.axonframework.common.annotation.AnnotationUtils",15,1,""
1,"axon-messaging-5.0.0","org.axonframework.messaging.core.annotation.UnsupportedHandlerException",4,1,"axon-common-5.0.0","org.axonframework.common.property.PropertyAccessException",2,1,""
1,"axon-messaging-5.0.0","org.axonframework.messaging.core.correlation.CorrelationDataProvider",9,1,"axon-messaging-5.0.0","org.axonframework.messaging.tracing.SpanAttributesProvider",11,1,""
1,"axon-messaging-5.0.0","org.axonframework.messaging.core.interception.JSR303ViolationException",1,1,"axon-common-5.0.0","org.axonframework.common.lifecycle.ShutdownInProgressException",1,1,""
1,"axon-messaging-5.0.0","org.axonframework.messaging.core.interception.JSR303ViolationException",1,1,"axon-messaging-5.0.0","org.axonframework.messaging.queryhandling.CompletedEmitterException",,1,""
1,"axon-messaging-5.0.0","org.axonframework.messaging.core.interception.annotation.MessageInterceptingMember",3,2,"axon-messaging-5.0.0","org.axonframework.messaging.commandhandling.annotation.CommandHandlingMember",3,2,""
1,"axon-messaging-5.0.0","org.axonframework.messaging.core.interception.annotation.MessageInterceptingMember",3,2,"axon-messaging-5.0.0","org.axonframework.messaging.eventhandling.annotation.EventHandlingMember",2,2,""
1,"axon-messaging-5.0.0","org.axonframework.messaging.core.interception.annotation.MessageInterceptingMember",3,2,"axon-messaging-5.0.0","org.axonframework.messaging.queryhandling.annotation.QueryHandlingMember",2,2,""
1,"axon-messaging-5.0.0","org.axonframework.messaging.core.interception.annotation.ResultHandler",2,1,"axon-messaging-5.0.0","org.axonframework.messaging.core.annotation.MessageHandlerTimeout",,1,""
1,"axon-messaging-5.0.0","org.axonframework.messaging.core.interception.annotation.ResultHandler",2,1,"axon-messaging-5.0.0","org.axonframework.messaging.eventhandling.replay.annotation.AllowReplay",2,1,""
1,"axon-messaging-5.0.0","org.axonframework.messaging.core.retry.DoNotRetryOutcome",1,1,"axon-messaging-5.0.0","org.axonframework.messaging.core.retry.RetryOutcome",1,1,""
1,"axon-messaging-5.0.0","org.axonframework.messaging.core.retry.FilteringRetryPolicy",,4,"axon-messaging-5.0.0","org.axonframework.messaging.core.retry.MaxAttemptsPolicy",,4,""
1,"axon-messaging-5.0.0","org.axonframework.messaging.core.retry.MaxAttemptsPolicy",,4,"axon-messaging-5.0.0","org.axonframework.messaging.core.retry.FilteringRetryPolicy",,4,""
1,"axon-messaging-5.0.0","org.axonframework.messaging.core.retry.RetryOutcome",1,1,"axon-messaging-5.0.0","org.axonframework.messaging.core.retry.DoNotRetryOutcome",1,1,""
1,"axon-messaging-5.0.0","org.axonframework.messaging.eventhandling.EventMessage",136,3,"axon-messaging-5.0.0","org.axonframework.messaging.commandhandling.CommandMessage",70,3,""
1,"axon-messaging-5.0.0","org.axonframework.messaging.eventhandling.EventMessage",136,3,"axon-messaging-5.0.0","org.axonframework.messaging.core.ResultMessage",7,3,""
1,"axon-messaging-5.0.0","org.axonframework.messaging.eventhandling.EventMessage",136,3,"axon-messaging-5.0.0","org.axonframework.messaging.queryhandling.QueryMessage",46,3,""
1,"axon-messaging-5.0.0","org.axonframework.messaging.eventhandling.TransactionMethodExecutionException",,1,"axon-messaging-5.0.0","org.axonframework.messaging.core.HandlerExecutionException",3,1,""
1,"axon-messaging-5.0.0","org.axonframework.messaging.eventhandling.TransactionMethodExecutionException",,1,"axon-messaging-5.0.0","org.axonframework.messaging.core.MessageTypeNotResolvedException",1,1,""
1,"axon-messaging-5.0.0","org.axonframework.messaging.eventhandling.TransactionMethodExecutionException",,1,"axon-messaging-5.0.0","org.axonframework.messaging.eventhandling.processing.EventProcessingException",3,1,""
1,"axon-messaging-5.0.0","org.axonframework.messaging.eventhandling.annotation.EventHandlingMember",2,2,"axon-messaging-5.0.0","org.axonframework.messaging.commandhandling.annotation.CommandHandlingMember",3,2,""
1,"axon-messaging-5.0.0","org.axonframework.messaging.eventhandling.annotation.EventHandlingMember",2,2,"axon-messaging-5.0.0","org.axonframework.messaging.core.interception.annotation.MessageInterceptingMember",3,2,""
1,"axon-messaging-5.0.0","org.axonframework.messaging.eventhandling.annotation.EventHandlingMember",2,2,"axon-messaging-5.0.0","org.axonframework.messaging.queryhandling.annotation.QueryHandlingMember",2,2,""
1,"axon-messaging-5.0.0","org.axonframework.messaging.eventhandling.annotation.SequenceNumberParameterResolverFactory$SequenceNumberParameterResolver",1,4,"axon-messaging-5.0.0","org.axonframework.messaging.core.annotation.SourceIdParameterResolverFactory$SourceIdParameterResolver",1,4,""
1,"axon-messaging-5.0.0","org.axonframework.messaging.eventhandling.gateway.EventGateway",2,1,"axon-messaging-5.0.0","org.axonframework.messaging.core.annotation.ParameterResolver",47,1,""
1,"axon-messaging-5.0.0","org.axonframework.messaging.eventhandling.processing.EventProcessingException",3,1,"axon-messaging-5.0.0","org.axonframework.messaging.core.HandlerExecutionException",3,1,""
1,"axon-messaging-5.0.0","org.axonframework.messaging.eventhandling.processing.EventProcessingException",3,1,"axon-messaging-5.0.0","org.axonframework.messaging.core.MessageTypeNotResolvedException",1,1,""
1,"axon-messaging-5.0.0","org.axonframework.messaging.eventhandling.processing.EventProcessingException",3,1,"axon-messaging-5.0.0","org.axonframework.messaging.eventhandling.TransactionMethodExecutionException",,1,""
1,"axon-messaging-5.0.0","org.axonframework.messaging.eventhandling.processing.EventProcessor",6,1,"axon-conversion-5.0.0","org.axonframework.conversion.Converter",37,1,""
1,"axon-messaging-5.0.0","org.axonframework.messaging.eventhandling.processing.streaming.segmenting.AddedTrackerStatus",,2,"axon-messaging-5.0.0","org.axonframework.messaging.eventhandling.processing.streaming.segmenting.RemovedTrackerStatus",,2,""
1,"axon-messaging-5.0.0","org.axonframework.messaging.eventhandling.processing.streaming.segmenting.RemovedTrackerStatus",,2,"axon-messaging-5.0.0","org.axonframework.messaging.eventhandling.processing.streaming.segmenting.AddedTrackerStatus",,2,""
1,"axon-messaging-5.0.0","org.axonframework.messaging.eventhandling.processing.streaming.token.FirstTrackingToken",1,1,"axon-messaging-5.0.0","org.axonframework.messaging.eventhandling.processing.streaming.token.LatestTrackingToken",1,1,""
1,"axon-messaging-5.0.0","org.axonframework.messaging.eventhandling.processing.streaming.token.FirstTrackingToken",1,1,"axon-messaging-5.0.0","org.axonframework.messaging.eventhandling.processing.streaming.token.store.ConfigToken",2,1,""
1,"axon-messaging-5.0.0","org.axonframework.messaging.eventhandling.processing.streaming.token.LatestTrackingToken",1,1,"axon-messaging-5.0.0","org.axonframework.messaging.eventhandling.processing.streaming.token.FirstTrackingToken",1,1,""
1,"axon-messaging-5.0.0","org.axonframework.messaging.eventhandling.processing.streaming.token.LatestTrackingToken",1,1,"axon-messaging-5.0.0","org.axonframework.messaging.eventhandling.processing.streaming.token.store.ConfigToken",2,1,""
1,"axon-messaging-5.0.0","org.axonframework.messaging.eventhandling.processing.streaming.token.store.ConfigToken",2,1,"axon-messaging-5.0.0","org.axonframework.messaging.eventhandling.processing.streaming.token.FirstTrackingToken",1,1,""
1,"axon-messaging-5.0.0","org.axonframework.messaging.eventhandling.processing.streaming.token.store.ConfigToken",2,1,"axon-messaging-5.0.0","org.axonframework.messaging.eventhandling.processing.streaming.token.LatestTrackingToken",1,1,""
1,"axon-messaging-5.0.0","org.axonframework.messaging.eventhandling.processing.streaming.token.store.UnableToClaimTokenException",4,1,"axon-common-5.0.0","org.axonframework.common.lock.LockAcquisitionFailedException",2,1,""
1,"axon-messaging-5.0.0","org.axonframework.messaging.eventhandling.processing.streaming.token.store.UnableToClaimTokenException",4,1,"axon-messaging-5.0.0","org.axonframework.messaging.eventhandling.processing.streaming.token.store.UnableToInitializeTokenException",3,1,""
1,"axon-messaging-5.0.0","org.axonframework.messaging.eventhandling.processing.streaming.token.store.UnableToClaimTokenException",4,1,"axon-modelling-5.0.0","org.axonframework.modelling.ConcurrencyException",1,1,""
1,"axon-messaging-5.0.0","org.axonframework.messaging.eventhandling.processing.streaming.token.store.UnableToInitializeTokenException",3,1,"axon-common-5.0.0","org.axonframework.common.lock.LockAcquisitionFailedException",2,1,""
1,"axon-messaging-5.0.0","org.axonframework.messaging.eventhandling.processing.streaming.token.store.UnableToInitializeTokenException",3,1,"axon-messaging-5.0.0","org.axonframework.messaging.eventhandling.processing.streaming.token.store.UnableToClaimTokenException",4,1,""
1,"axon-messaging-5.0.0","org.axonframework.messaging.eventhandling.processing.streaming.token.store.UnableToInitializeTokenException",3,1,"axon-modelling-5.0.0","org.axonframework.modelling.ConcurrencyException",1,1,""
1,"axon-messaging-5.0.0","org.axonframework.messaging.eventhandling.processing.streaming.token.store.UnableToRetrieveIdentifierException",2,1,"axon-common-5.0.0","org.axonframework.common.jdbc.JdbcException",2,1,""
1,"axon-messaging-5.0.0","org.axonframework.messaging.eventhandling.processing.streaming.token.store.UnableToRetrieveIdentifierException",2,1,"axon-messaging-5.0.0","org.axonframework.messaging.core.ExecutionException",,1,""
1,"axon-messaging-5.0.0","org.axonframework.messaging.eventhandling.processing.streaming.token.store.jdbc.GenericTokenTableFactory",1,2,"axon-messaging-5.0.0","org.axonframework.messaging.eventhandling.processing.streaming.token.store.jdbc.Oracle11TokenTableFactory",,2,""
1,"axon-messaging-5.0.0","org.axonframework.messaging.eventhandling.processing.streaming.token.store.jdbc.Oracle11TokenTableFactory",,2,"axon-messaging-5.0.0","org.axonframework.messaging.eventhandling.processing.streaming.token.store.jdbc.GenericTokenTableFactory",1,2,""
1,"axon-messaging-5.0.0","org.axonframework.messaging.eventhandling.replay.ResetContext",2,3,"axon-messaging-5.0.0","org.axonframework.messaging.commandhandling.CommandMessage",70,3,""
1,"axon-messaging-5.0.0","org.axonframework.messaging.eventhandling.replay.ResetContext",2,3,"axon-messaging-5.0.0","org.axonframework.messaging.eventhandling.EventMessage",136,3,""
1,"axon-messaging-5.0.0","org.axonframework.messaging.eventhandling.replay.ResetContext",2,3,"axon-messaging-5.0.0","org.axonframework.messaging.queryhandling.QueryMessage",46,3,""
1,"axon-messaging-5.0.0","org.axonframework.messaging.eventhandling.replay.ResetNotSupportedException",1,1,"axon-common-5.0.0","org.axonframework.common.AxonConfigurationException",23,1,""
1,"axon-messaging-5.0.0","org.axonframework.messaging.eventhandling.replay.ResetNotSupportedException",1,1,"axon-common-5.0.0","org.axonframework.common.infra.ComponentDescriptorException",2,1,""
1,"axon-messaging-5.0.0","org.axonframework.messaging.eventhandling.replay.ResetNotSupportedException",1,1,"axon-conversion-5.0.0","org.axonframework.conversion.ConversionException",16,1,""
1,"axon-messaging-5.0.0","org.axonframework.messaging.eventhandling.replay.annotation.AllowReplay",2,1,"axon-messaging-5.0.0","org.axonframework.messaging.core.annotation.MessageHandlerTimeout",,1,""
1,"axon-messaging-5.0.0","org.axonframework.messaging.eventhandling.replay.annotation.AllowReplay",2,1,"axon-messaging-5.0.0","org.axonframework.messaging.core.interception.annotation.ResultHandler",2,1,""
1,"axon-messaging-5.0.0","org.axonframework.messaging.eventhandling.sequencing.SequencingPolicy",13,2,"axon-modelling-5.0.0","org.axonframework.modelling.EntityEvolver",13,2,""
1,"axon-messaging-5.0.0","org.axonframework.messaging.queryhandling.CompletedEmitterException",,1,"axon-common-5.0.0","org.axonframework.common.lifecycle.ShutdownInProgressException",1,1,""
1,"axon-messaging-5.0.0","org.axonframework.messaging.queryhandling.CompletedEmitterException",,1,"axon-messaging-5.0.0","org.axonframework.messaging.core.interception.JSR303ViolationException",1,1,""
1,"axon-messaging-5.0.0","org.axonframework.messaging.queryhandling.QueryExecutionException",3,1,"axon-messaging-5.0.0","org.axonframework.messaging.commandhandling.CommandExecutionException",2,1,""
1,"axon-messaging-5.0.0","org.axonframework.messaging.queryhandling.QueryMessage",46,3,"axon-messaging-5.0.0","org.axonframework.messaging.commandhandling.CommandMessage",70,3,""
1,"axon-messaging-5.0.0","org.axonframework.messaging.queryhandling.QueryMessage",46,3,"axon-messaging-5.0.0","org.axonframework.messaging.core.ResultMessage",7,3,""
1,"axon-messaging-5.0.0","org.axonframework.messaging.queryhandling.QueryMessage",46,3,"axon-messaging-5.0.0","org.axonframework.messaging.eventhandling.EventMessage",136,3,""
1,"axon-messaging-5.0.0","org.axonframework.messaging.queryhandling.QueryResponseMessage",29,4,"axon-messaging-5.0.0","org.axonframework.messaging.commandhandling.CommandResultMessage",37,4,""
1,"axon-messaging-5.0.0","org.axonframework.messaging.queryhandling.annotation.QueryHandlingMember",2,2,"axon-messaging-5.0.0","org.axonframework.messaging.commandhandling.annotation.CommandHandlingMember",3,2,""
1,"axon-messaging-5.0.0","org.axonframework.messaging.queryhandling.annotation.QueryHandlingMember",2,2,"axon-messaging-5.0.0","org.axonframework.messaging.core.interception.annotation.MessageInterceptingMember",3,2,""
1,"axon-messaging-5.0.0","org.axonframework.messaging.queryhandling.annotation.QueryHandlingMember",2,2,"axon-messaging-5.0.0","org.axonframework.messaging.eventhandling.annotation.EventHandlingMember",2,2,""
1,"axon-messaging-5.0.0","org.axonframework.messaging.tracing.NoOpSpanFactory$NoOpSpan",2,2,"axon-tracing-opentelemetry-5.0.0","org.axonframework.extension.tracing.opentelemetry.OpenTelemetrySpan",1,2,""
1,"axon-messaging-5.0.0","org.axonframework.messaging.tracing.SpanAttributesProvider",11,1,"axon-messaging-5.0.0","org.axonframework.messaging.core.correlation.CorrelationDataProvider",9,1,""
1,"axon-messaging-5.0.0","org.axonframework.messaging.tracing.attributes.MessageIdSpanAttributesProvider",,2,"axon-messaging-5.0.0","org.axonframework.messaging.tracing.attributes.MessageTypeSpanAttributesProvider",,2,""
1,"axon-messaging-5.0.0","org.axonframework.messaging.tracing.attributes.MessageIdSpanAttributesProvider",,2,"axon-messaging-5.0.0","org.axonframework.messaging.tracing.attributes.PayloadTypeSpanAttributesProvider",,2,""
1,"axon-messaging-5.0.0","org.axonframework.messaging.tracing.attributes.MessageTypeSpanAttributesProvider",,2,"axon-messaging-5.0.0","org.axonframework.messaging.tracing.attributes.MessageIdSpanAttributesProvider",,2,""
1,"axon-messaging-5.0.0","org.axonframework.messaging.tracing.attributes.MessageTypeSpanAttributesProvider",,2,"axon-messaging-5.0.0","org.axonframework.messaging.tracing.attributes.PayloadTypeSpanAttributesProvider",,2,""
1,"axon-messaging-5.0.0","org.axonframework.messaging.tracing.attributes.PayloadTypeSpanAttributesProvider",,2,"axon-messaging-5.0.0","org.axonframework.messaging.tracing.attributes.MessageIdSpanAttributesProvider",,2,""
1,"axon-messaging-5.0.0","org.axonframework.messaging.tracing.attributes.PayloadTypeSpanAttributesProvider",,2,"axon-messaging-5.0.0","org.axonframework.messaging.tracing.attributes.MessageTypeSpanAttributesProvider",,2,""
1,"axon-modelling-5.0.0","org.axonframework.modelling.ConcurrencyException",1,1,"axon-common-5.0.0","org.axonframework.common.lock.LockAcquisitionFailedException",2,1,""
1,"axon-modelling-5.0.0","org.axonframework.modelling.ConcurrencyException",1,1,"axon-messaging-5.0.0","org.axonframework.messaging.eventhandling.processing.streaming.token.store.UnableToClaimTokenException",4,1,""
1,"axon-modelling-5.0.0","org.axonframework.modelling.ConcurrencyException",1,1,"axon-messaging-5.0.0","org.axonframework.messaging.eventhandling.processing.streaming.token.store.UnableToInitializeTokenException",3,1,""
1,"axon-modelling-5.0.0","org.axonframework.modelling.EntityEvolver",13,2,"axon-messaging-5.0.0","org.axonframework.messaging.eventhandling.sequencing.SequencingPolicy",13,2,""
1,"axon-modelling-5.0.0","org.axonframework.modelling.configuration.EntityModule",4,1,"axon-common-5.0.0","org.axonframework.common.configuration.ModuleBuilder",14,1,""
1,"axon-modelling-5.0.0","org.axonframework.modelling.entity.ChildEntityNotFoundException",2,1,"axon-modelling-5.0.0","org.axonframework.modelling.entity.EntityAlreadyExistsForCreationalCommandHandlerException",2,1,""
1,"axon-modelling-5.0.0","org.axonframework.modelling.entity.ChildEntityNotFoundException",2,1,"axon-modelling-5.0.0","org.axonframework.modelling.entity.EntityMissingForInstanceCommandHandlerException",2,1,""
1,"axon-modelling-5.0.0","org.axonframework.modelling.entity.ChildEntityNotFoundException",2,1,"axon-modelling-5.0.0","org.axonframework.modelling.entity.WrongPolymorphicEntityTypeException",1,1,""
1,"axon-modelling-5.0.0","org.axonframework.modelling.entity.EntityAlreadyExistsForCreationalCommandHandlerException",2,1,"axon-modelling-5.0.0","org.axonframework.modelling.entity.ChildEntityNotFoundException",2,1,""
1,"axon-modelling-5.0.0","org.axonframework.modelling.entity.EntityAlreadyExistsForCreationalCommandHandlerException",2,1,"axon-modelling-5.0.0","org.axonframework.modelling.entity.EntityMissingForInstanceCommandHandlerException",2,1,""
1,"axon-modelling-5.0.0","org.axonframework.modelling.entity.EntityAlreadyExistsForCreationalCommandHandlerException",2,1,"axon-modelling-5.0.0","org.axonframework.modelling.entity.WrongPolymorphicEntityTypeException",1,1,""
1,"axon-modelling-5.0.0","org.axonframework.modelling.entity.EntityCommandHandler",5,5,"axon-messaging-5.0.0","org.axonframework.messaging.commandhandling.CommandHandler",22,5,""
1,"axon-modelling-5.0.0","org.axonframework.modelling.entity.EntityMissingForInstanceCommandHandlerException",2,1,"axon-modelling-5.0.0","org.axonframework.modelling.entity.ChildEntityNotFoundException",2,1,""
1,"axon-modelling-5.0.0","org.axonframework.modelling.entity.EntityMissingForInstanceCommandHandlerException",2,1,"axon-modelling-5.0.0","org.axonframework.modelling.entity.EntityAlreadyExistsForCreationalCommandHandlerException",2,1,""
1,"axon-modelling-5.0.0","org.axonframework.modelling.entity.EntityMissingForInstanceCommandHandlerException",2,1,"axon-modelling-5.0.0","org.axonframework.modelling.entity.WrongPolymorphicEntityTypeException",1,1,""
1,"axon-modelling-5.0.0","org.axonframework.modelling.entity.WrongPolymorphicEntityTypeException",1,1,"axon-modelling-5.0.0","org.axonframework.modelling.entity.ChildEntityNotFoundException",2,1,""
1,"axon-modelling-5.0.0","org.axonframework.modelling.entity.WrongPolymorphicEntityTypeException",1,1,"axon-modelling-5.0.0","org.axonframework.modelling.entity.EntityAlreadyExistsForCreationalCommandHandlerException",2,1,""
1,"axon-modelling-5.0.0","org.axonframework.modelling.entity.WrongPolymorphicEntityTypeException",1,1,"axon-modelling-5.0.0","org.axonframework.modelling.entity.EntityMissingForInstanceCommandHandlerException",2,1,""
1,"axon-modelling-5.0.0","org.axonframework.modelling.entity.child.GetterEvolverChildEntityFieldDefinition",1,1,"axon-modelling-5.0.0","org.axonframework.modelling.entity.child.GetterSetterChildEntityFieldDefinition",1,1,""
1,"axon-modelling-5.0.0","org.axonframework.modelling.entity.child.GetterSetterChildEntityFieldDefinition",1,1,"axon-modelling-5.0.0","org.axonframework.modelling.entity.child.GetterEvolverChildEntityFieldDefinition",1,1,""
1,"axon-modelling-5.0.0","org.axonframework.modelling.repository.SimpleRepositoryEntityLoader",4,1,"axon-modelling-5.0.0","org.axonframework.modelling.repository.SimpleRepositoryEntityPersister",4,1,""
1,"axon-modelling-5.0.0","org.axonframework.modelling.repository.SimpleRepositoryEntityPersister",4,1,"axon-modelling-5.0.0","org.axonframework.modelling.repository.SimpleRepositoryEntityLoader",4,1,""
1,"axon-test-5.0.0","org.axonframework.test.FixtureExecutionException",3,1,"axon-common-5.0.0","org.axonframework.common.AxonConfigurationException",23,1,""
1,"axon-test-5.0.0","org.axonframework.test.FixtureExecutionException",3,1,"axon-common-5.0.0","org.axonframework.common.infra.ComponentDescriptorException",2,1,""
1,"axon-test-5.0.0","org.axonframework.test.FixtureExecutionException",3,1,"axon-conversion-5.0.0","org.axonframework.conversion.ConversionException",16,1,""
1,"axon-test-5.0.0","org.axonframework.test.fixture.AxonTestPhase$Then$Event",5,2,"axon-test-5.0.0","org.axonframework.test.fixture.AxonTestPhase$Then$Nothing",7,2,""
1,"axon-test-5.0.0","org.axonframework.test.fixture.AxonTestPhase$Then$Nothing",7,2,"axon-test-5.0.0","org.axonframework.test.fixture.AxonTestPhase$Then$Event",5,2,""
1,"axon-test-5.0.0","org.axonframework.test.matchers.AllFieldsFilter",2,1,"axon-test-5.0.0","org.axonframework.test.matchers.NonStaticFieldsFilter",,1,""
1,"axon-test-5.0.0","org.axonframework.test.matchers.ExactSequenceMatcher",1,1,"axon-test-5.0.0","org.axonframework.test.matchers.ListWithAllOfMatcher",1,1,""
1,"axon-test-5.0.0","org.axonframework.test.matchers.ExactSequenceMatcher",1,1,"axon-test-5.0.0","org.axonframework.test.matchers.ListWithAnyOfMatcher",1,1,""
1,"axon-test-5.0.0","org.axonframework.test.matchers.ExactSequenceMatcher",1,1,"axon-test-5.0.0","org.axonframework.test.matchers.SequenceMatcher",1,1,""
1,"axon-test-5.0.0","org.axonframework.test.matchers.ListWithAllOfMatcher",1,1,"axon-test-5.0.0","org.axonframework.test.matchers.ExactSequenceMatcher",1,1,""
1,"axon-test-5.0.0","org.axonframework.test.matchers.ListWithAllOfMatcher",1,1,"axon-test-5.0.0","org.axonframework.test.matchers.ListWithAnyOfMatcher",1,1,""
1,"axon-test-5.0.0","org.axonframework.test.matchers.ListWithAllOfMatcher",1,1,"axon-test-5.0.0","org.axonframework.test.matchers.SequenceMatcher",1,1,""
1,"axon-test-5.0.0","org.axonframework.test.matchers.ListWithAnyOfMatcher",1,1,"axon-test-5.0.0","org.axonframework.test.matchers.ExactSequenceMatcher",1,1,""
1,"axon-test-5.0.0","org.axonframework.test.matchers.ListWithAnyOfMatcher",1,1,"axon-test-5.0.0","org.axonframework.test.matchers.ListWithAllOfMatcher",1,1,""
1,"axon-test-5.0.0","org.axonframework.test.matchers.ListWithAnyOfMatcher",1,1,"axon-test-5.0.0","org.axonframework.test.matchers.SequenceMatcher",1,1,""
1,"axon-test-5.0.0","org.axonframework.test.matchers.MatcherExecutionException",1,1,"axon-common-5.0.0","org.axonframework.common.AxonConfigurationException",23,1,""
1,"axon-test-5.0.0","org.axonframework.test.matchers.MatcherExecutionException",1,1,"axon-common-5.0.0","org.axonframework.common.infra.ComponentDescriptorException",2,1,""
1,"axon-test-5.0.0","org.axonframework.test.matchers.MatcherExecutionException",1,1,"axon-conversion-5.0.0","org.axonframework.conversion.ConversionException",16,1,""
1,"axon-test-5.0.0","org.axonframework.test.matchers.NonStaticFieldsFilter",,1,"axon-test-5.0.0","org.axonframework.test.matchers.AllFieldsFilter",2,1,""
1,"axon-test-5.0.0","org.axonframework.test.matchers.PayloadMatcher",2,1,"axon-test-5.0.0","org.axonframework.test.matchers.PayloadsMatcher",1,1,""
1,"axon-test-5.0.0","org.axonframework.test.matchers.PayloadsMatcher",1,1,"axon-test-5.0.0","org.axonframework.test.matchers.PayloadMatcher",2,1,""
1,"axon-test-5.0.0","org.axonframework.test.matchers.SequenceMatcher",1,1,"axon-test-5.0.0","org.axonframework.test.matchers.ExactSequenceMatcher",1,1,""
1,"axon-test-5.0.0","org.axonframework.test.matchers.SequenceMatcher",1,1,"axon-test-5.0.0","org.axonframework.test.matchers.ListWithAllOfMatcher",1,1,""
1,"axon-test-5.0.0","org.axonframework.test.matchers.SequenceMatcher",1,1,"axon-test-5.0.0","org.axonframework.test.matchers.ListWithAnyOfMatcher",1,1,""
1,"axon-test-5.0.0","org.axonframework.test.util.MessageMonitorReport$Report$Failure",3,2,"axon-test-5.0.0","org.axonframework.test.util.MessageMonitorReport$Report$Ignored",3,2,""
1,"axon-test-5.0.0","org.axonframework.test.util.MessageMonitorReport$Report$Failure",3,2,"axon-test-5.0.0","org.axonframework.test.util.MessageMonitorReport$Report$Success",3,2,""
1,"axon-test-5.0.0","org.axonframework.test.util.MessageMonitorReport$Report$Ignored",3,2,"axon-test-5.0.0","org.axonframework.test.util.MessageMonitorReport$Report$Failure",3,2,""
1,"axon-test-5.0.0","org.axonframework.test.util.MessageMonitorReport$Report$Ignored",3,2,"axon-test-5.0.0","org.axonframework.test.util.MessageMonitorReport$Report$Success",3,2,""
1,"axon-test-5.0.0","org.axonframework.test.util.MessageMonitorReport$Report$Success",3,2,"axon-test-5.0.0","org.axonframework.test.util.MessageMonitorReport$Report$Failure",3,2,""
1,"axon-test-5.0.0","org.axonframework.test.util.MessageMonitorReport$Report$Success",3,2,"axon-test-5.0.0","org.axonframework.test.util.MessageMonitorReport$Report$Ignored",3,2,""
1,"axon-update-5.0.0","org.axonframework.update.api.Artifact",3,1,"axon-common-5.0.0","org.axonframework.common.jdbc.ConnectionProvider",2,1,""
1,"axon-update-5.0.0","org.axonframework.update.api.Artifact",3,1,"axon-common-5.0.0","org.axonframework.common.jpa.EntityManagerProvider",8,1,""
1,"axon-update-5.0.0","org.axonframework.update.api.Artifact",3,1,"axon-update-5.0.0","org.axonframework.update.detection.MachineId",1,1,""
1,"axon-update-5.0.0","org.axonframework.update.api.ArtifactAvailableUpgrade",2,1,"axon-common-5.0.0","org.axonframework.common.jdbc.ConnectionProvider",2,1,""
1,"axon-update-5.0.0","org.axonframework.update.api.ArtifactAvailableUpgrade",2,1,"axon-common-5.0.0","org.axonframework.common.jpa.EntityManagerProvider",8,1,""
1,"axon-update-5.0.0","org.axonframework.update.api.ArtifactAvailableUpgrade",2,1,"axon-update-5.0.0","org.axonframework.update.detection.MachineId",1,1,""
1,"axon-update-5.0.0","org.axonframework.update.api.DetectedVulnerabilitySeverity",3,1,"axon-common-5.0.0","org.axonframework.common.jdbc.ConnectionProvider",2,1,""
1,"axon-update-5.0.0","org.axonframework.update.api.DetectedVulnerabilitySeverity",3,1,"axon-common-5.0.0","org.axonframework.common.jpa.EntityManagerProvider",8,1,""
1,"axon-update-5.0.0","org.axonframework.update.api.DetectedVulnerabilitySeverity",3,1,"axon-update-5.0.0","org.axonframework.update.detection.MachineId",1,1,""
1,"axon-update-5.0.0","org.axonframework.update.common.DelayedTask",1,1,"axon-common-5.0.0","org.axonframework.common.jdbc.ConnectionProvider",2,1,""
1,"axon-update-5.0.0","org.axonframework.update.common.DelayedTask",1,1,"axon-common-5.0.0","org.axonframework.common.jpa.EntityManagerProvider",8,1,""
1,"axon-update-5.0.0","org.axonframework.update.common.DelayedTask",1,1,"axon-update-5.0.0","org.axonframework.update.detection.MachineId",1,1,""
1,"axon-update-5.0.0","org.axonframework.update.configuration.CommandLineUsagePropertyProvider",1,2,"axon-update-5.0.0","org.axonframework.update.configuration.DefaultUsagePropertyProvider",2,2,""
1,"axon-update-5.0.0","org.axonframework.update.configuration.DefaultUsagePropertyProvider",2,2,"axon-update-5.0.0","org.axonframework.update.configuration.CommandLineUsagePropertyProvider",1,2,""
1,"axon-update-5.0.0","org.axonframework.update.detection.KotlinVersion",1,1,"axon-common-5.0.0","org.axonframework.common.jdbc.ConnectionProvider",2,1,""
1,"axon-update-5.0.0","org.axonframework.update.detection.KotlinVersion",1,1,"axon-common-5.0.0","org.axonframework.common.jpa.EntityManagerProvider",8,1,""
1,"axon-update-5.0.0","org.axonframework.update.detection.KotlinVersion",1,1,"axon-update-5.0.0","org.axonframework.update.detection.MachineId",1,1,""
1,"axon-update-5.0.0","org.axonframework.update.detection.MachineId",1,1,"axon-common-5.0.0","org.axonframework.common.jdbc.ConnectionProvider",2,1,""
1,"axon-update-5.0.0","org.axonframework.update.detection.MachineId",1,1,"axon-common-5.0.0","org.axonframework.common.jpa.EntityManagerProvider",8,1,""
1,"axon-update-5.0.0","org.axonframework.update.detection.MachineId",1,1,"axon-update-5.0.0","org.axonframework.update.detection.KotlinVersion",1,1,""
1,"axon-update-5.0.0","org.axonframework.update.detection.TestEnvironmentDetector",1,1,"axon-common-5.0.0","org.axonframework.common.jdbc.ConnectionProvider",2,1,""
1,"axon-update-5.0.0","org.axonframework.update.detection.TestEnvironmentDetector",1,1,"axon-common-5.0.0","org.axonframework.common.jpa.EntityManagerProvider",8,1,""
1,"axon-update-5.0.0","org.axonframework.update.detection.TestEnvironmentDetector",1,1,"axon-update-5.0.0","org.axonframework.update.detection.MachineId",1,1,""
0.9090909090909091,"axon-common-5.0.0","org.axonframework.common.configuration.DecoratorDefinition$1",1,5,"axon-common-5.0.0","org.axonframework.common.configuration.DecoratorDefinition$2",1,5,""
0.9090909090909091,"axon-common-5.0.0","org.axonframework.common.configuration.DecoratorDefinition$2",1,5,"axon-common-5.0.0","org.axonframework.common.configuration.DecoratorDefinition$1",1,5,""
0.9090909090909091,"axon-spring-boot-autoconfigure-5.0.0","org.axonframework.extension.springboot.TimeoutProperties$TransactionTimeoutProperties",3,1,"axon-messaging-5.0.0","org.axonframework.messaging.core.timeout.HandlerTimeoutConfiguration",2,1,""
0.9090909090909091,"axon-messaging-5.0.0","org.axonframework.messaging.core.FluxUtils$FluxStreamAdapter",1,3,"axon-messaging-5.0.0","org.axonframework.messaging.core.MessageStreamUtils$FirstResult",1,3,""
0.9090909090909091,"axon-messaging-5.0.0","org.axonframework.messaging.core.MessageStreamUtils$FirstResult",1,3,"axon-messaging-5.0.0","org.axonframework.messaging.core.FluxUtils$FluxStreamAdapter",1,3,""
0.9090909090909091,"axon-messaging-5.0.0","org.axonframework.messaging.core.timeout.HandlerTimeoutConfiguration",2,1,"axon-spring-boot-autoconfigure-5.0.0","org.axonframework.extension.springboot.TimeoutProperties$TransactionTimeoutProperties",3,1,""
0.9090909090909091,"axon-messaging-5.0.0","org.axonframework.messaging.eventhandling.processing.streaming.segmenting.Segment",23,4,"axon-messaging-5.0.0","org.axonframework.messaging.eventstreaming.Tag",20,3,""
0.9090909090909091,"axon-messaging-5.0.0","org.axonframework.messaging.eventstreaming.Tag",20,3,"axon-messaging-5.0.0","org.axonframework.messaging.eventhandling.processing.streaming.segmenting.Segment",23,4,""
0.8888888888888888,"axon-server-connector-5.0.0","org.axonframework.axonserver.connector.query.QueryResponseMessageStream",1,6,"axon-server-connector-5.0.0","org.axonframework.axonserver.connector.query.QueryUpdateMessageStream",1,5,""
0.8888888888888888,"axon-server-connector-5.0.0","org.axonframework.axonserver.connector.query.QueryUpdateMessageStream",1,5,"axon-server-connector-5.0.0","org.axonframework.axonserver.connector.query.QueryResponseMessageStream",1,6,""
0.8888888888888888,"axon-messaging-5.0.0","org.axonframework.messaging.core.annotation.AggregateTypeParameterResolverFactory$AggregateTypeParameterResolver",1,5,"axon-messaging-5.0.0","org.axonframework.messaging.core.annotation.SourceIdParameterResolverFactory$SourceIdParameterResolver",1,4,""
0.8888888888888888,"axon-messaging-5.0.0","org.axonframework.messaging.core.annotation.AggregateTypeParameterResolverFactory$AggregateTypeParameterResolver",1,5,"axon-messaging-5.0.0","org.axonframework.messaging.eventhandling.annotation.SequenceNumberParameterResolverFactory$SequenceNumberParameterResolver",1,4,""
0.8888888888888888,"axon-messaging-5.0.0","org.axonframework.messaging.core.annotation.SourceIdParameterResolverFactory$SourceIdParameterResolver",1,4,"axon-messaging-5.0.0","org.axonframework.messaging.core.annotation.AggregateTypeParameterResolverFactory$AggregateTypeParameterResolver",1,5,""
0.8888888888888888,"axon-messaging-5.0.0","org.axonframework.messaging.eventhandling.annotation.SequenceNumberParameterResolverFactory$SequenceNumberParameterResolver",1,4,"axon-messaging-5.0.0","org.axonframework.messaging.core.annotation.AggregateTypeParameterResolverFactory$AggregateTypeParameterResolver",1,5,""
0.875,"axon-eventsourcing-5.0.0","org.axonframework.eventsourcing.eventstore.ConsistencyMarkers$InfinityConsistencyMarker",2,2,"axon-eventsourcing-5.0.0","org.axonframework.eventsourcing.eventstore.ConsistencyMarkers$OriginConsistencyMarker",2,2,""
0.875,"axon-eventsourcing-5.0.0","org.axonframework.eventsourcing.eventstore.ConsistencyMarkers$OriginConsistencyMarker",2,2,"axon-eventsourcing-5.0.0","org.axonframework.eventsourcing.eventstore.ConsistencyMarkers$InfinityConsistencyMarker",2,2,""
0.875,"axon-messaging-5.0.0","org.axonframework.messaging.core.annotation.DefaultParameterResolverFactory$MessageParameterResolver",1,3,"axon-messaging-5.0.0","org.axonframework.messaging.core.annotation.PayloadParameterResolver",2,3,""
0.875,"axon-messaging-5.0.0","org.axonframework.messaging.core.annotation.PayloadParameterResolver",2,3,"axon-messaging-5.0.0","org.axonframework.messaging.core.annotation.DefaultParameterResolverFactory$MessageParameterResolver",1,3,""
0.8695652173913043,"axon-spring-boot-autoconfigure-5.0.0","org.axonframework.extension.springboot.TimeoutProperties$MessageHandlerTimeoutProperties",2,2,"axon-messaging-5.0.0","org.axonframework.messaging.core.timeout.HandlerTimeoutConfiguration",2,1,""
0.8695652173913043,"axon-messaging-5.0.0","org.axonframework.messaging.core.timeout.HandlerTimeoutConfiguration",2,1,"axon-spring-boot-autoconfigure-5.0.0","org.axonframework.extension.springboot.TimeoutProperties$MessageHandlerTimeoutProperties",2,2,""
0.8688524590163934,"axon-messaging-5.0.0","org.axonframework.messaging.eventhandling.processing.streaming.token.MergedTrackingToken",2,2,"axon-messaging-5.0.0","org.axonframework.messaging.eventhandling.processing.streaming.token.ReplayToken",5,2,""
0.8688524590163934,"axon-messaging-5.0.0","org.axonframework.messaging.eventhandling.processing.streaming.token.ReplayToken",5,2,"axon-messaging-5.0.0","org.axonframework.messaging.eventhandling.processing.streaming.token.MergedTrackingToken",2,2,""
0.8571428571428571,"axon-messaging-5.0.0","org.axonframework.messaging.core.annotation.MessageIdentifierParameterResolverFactory$MessageIdentifierParameterResolver",1,3,"axon-messaging-5.0.0","org.axonframework.messaging.core.annotation.PayloadParameterResolver",2,3,""
0.8571428571428571,"axon-messaging-5.0.0","org.axonframework.messaging.core.annotation.PayloadParameterResolver",2,3,"axon-messaging-5.0.0","org.axonframework.messaging.core.annotation.MessageIdentifierParameterResolverFactory$MessageIdentifierParameterResolver",1,3,""
0.8571428571428571,"axon-messaging-5.0.0","org.axonframework.messaging.eventhandling.processing.streaming.pooled.Coordinator$NoToken",2,1,"axon-messaging-5.0.0","org.axonframework.messaging.eventhandling.processing.streaming.token.FirstTrackingToken",1,1,""
0.8571428571428571,"axon-messaging-5.0.0","org.axonframework.messaging.eventhandling.processing.streaming.pooled.Coordinator$NoToken",2,1,"axon-messaging-5.0.0","org.axonframework.messaging.eventhandling.processing.streaming.token.LatestTrackingToken",1,1,""
0.8571428571428571,"axon-messaging-5.0.0","org.axonframework.messaging.eventhandling.processing.streaming.pooled.Coordinator$NoToken",2,1,"axon-messaging-5.0.0","org.axonframework.messaging.eventhandling.processing.streaming.token.store.ConfigToken",2,1,""
0.8571428571428571,"axon-messaging-5.0.0","org.axonframework.messaging.eventhandling.processing.streaming.token.FirstTrackingToken",1,1,"axon-messaging-5.0.0","org.axonframework.messaging.eventhandling.processing.streaming.pooled.Coordinator$NoToken",2,1,""
0.8571428571428571,"axon-messaging-5.0.0","org.axonframework.messaging.eventhandling.processing.streaming.token.LatestTrackingToken",1,1,"axon-messaging-5.0.0","org.axonframework.messaging.eventhandling.processing.streaming.pooled.Coordinator$NoToken",2,1,""
0.8571428571428571,"axon-messaging-5.0.0","org.axonframework.messaging.eventhandling.processing.streaming.token.store.ConfigToken",2,1,"axon-messaging-5.0.0","org.axonframework.messaging.eventhandling.processing.streaming.pooled.Coordinator$NoToken",2,1,""
0.8461538461538461,"axon-messaging-5.0.0","org.axonframework.messaging.eventhandling.sequencing.FallbackSequencingPolicy",,3,"axon-messaging-5.0.0","org.axonframework.messaging.eventhandling.sequencing.HierarchicalSequencingPolicy",1,3,""
0.8461538461538461,"axon-messaging-5.0.0","org.axonframework.messaging.eventhandling.sequencing.HierarchicalSequencingPolicy",1,3,"axon-messaging-5.0.0","org.axonframework.messaging.eventhandling.sequencing.FallbackSequencingPolicy",,3,""
0.8421052631578947,"axon-messaging-5.0.0","org.axonframework.messaging.queryhandling.interception.InterceptingQueryBus$SubscribeToUpdatesInterceptingDispatcher",1,7,"axon-messaging-5.0.0","org.axonframework.messaging.queryhandling.interception.InterceptingQueryBus$SubscriptionQueryInterceptingDispatcher",1,7,""
0.8421052631578947,"axon-messaging-5.0.0","org.axonframework.messaging.queryhandling.interception.InterceptingQueryBus$SubscriptionQueryInterceptingDispatcher",1,7,"axon-messaging-5.0.0","org.axonframework.messaging.queryhandling.interception.InterceptingQueryBus$SubscribeToUpdatesInterceptingDispatcher",1,7,""
0.8333333333333334,"axon-messaging-5.0.0","org.axonframework.messaging.eventhandling.EventHandler",8,5,"axon-messaging-5.0.0","org.axonframework.messaging.eventhandling.processing.streaming.pooled.WorkPackage$BatchProcessor",3,4,""
0.8333333333333334,"axon-messaging-5.0.0","org.axonframework.messaging.eventhandling.processing.streaming.pooled.WorkPackage$BatchProcessor",3,4,"axon-messaging-5.0.0","org.axonframework.messaging.eventhandling.EventHandler",8,5,""
0.8235294117647058,"axon-common-5.0.0","org.axonframework.common.configuration.ComponentDefinition$1",1,6,"axon-common-5.0.0","org.axonframework.common.configuration.ComponentDefinition$2",1,7,""
0.8235294117647058,"axon-common-5.0.0","org.axonframework.common.configuration.ComponentDefinition$2",1,7,"axon-common-5.0.0","org.axonframework.common.configuration.ComponentDefinition$1",1,6,""
0.8,"axon-server-connector-5.0.0","org.axonframework.axonserver.connector.AxonServerException",1,2,"axon-server-connector-5.0.0","org.axonframework.axonserver.connector.query.AxonServerQueryDispatchException",1,2,""
0.8,"axon-server-connector-5.0.0","org.axonframework.axonserver.connector.query.AxonServerQueryDispatchException",1,2,"axon-server-connector-5.0.0","org.axonframework.axonserver.connector.AxonServerException",1,2,""
0.8,"axon-spring-boot-autoconfigure-5.0.0","org.axonframework.extension.springboot.TimeoutProperties$MessageHandlerTimeoutProperties",2,2,"axon-spring-boot-autoconfigure-5.0.0","org.axonframework.extension.springboot.TimeoutProperties$TransactionTimeoutProperties",3,1,""
0.8,"axon-spring-boot-autoconfigure-5.0.0","org.axonframework.extension.springboot.TimeoutProperties$TransactionTimeoutProperties",3,1,"axon-spring-boot-autoconfigure-5.0.0","org.axonframework.extension.springboot.TimeoutProperties$MessageHandlerTimeoutProperties",2,2,""
0.8,"axon-messaging-5.0.0","org.axonframework.messaging.core.conversion.MessageConverter",21,2,"axon-test-5.0.0","org.axonframework.test.matchers.PayloadMatcher",2,1,""
0.8,"axon-messaging-5.0.0","org.axonframework.messaging.core.conversion.MessageConverter",21,2,"axon-test-5.0.0","org.axonframework.test.matchers.PayloadsMatcher",1,1,""
0.8,"axon-messaging-5.0.0","org.axonframework.messaging.eventhandling.EventSink",11,3,"axon-modelling-5.0.0","org.axonframework.modelling.entity.child.EventTargetMatcher",12,2,""
0.8,"axon-messaging-5.0.0","org.axonframework.messaging.eventhandling.tracing.EventBusSpanFactory",1,2,"axon-messaging-5.0.0","org.axonframework.messaging.eventhandling.tracing.EventProcessorSpanFactory",4,2,""
0.8,"axon-messaging-5.0.0","org.axonframework.messaging.eventhandling.tracing.EventProcessorSpanFactory",4,2,"axon-messaging-5.0.0","org.axonframework.messaging.eventhandling.tracing.EventBusSpanFactory",1,2,""
0.8,"axon-modelling-5.0.0","org.axonframework.modelling.entity.child.EventTargetMatcher",12,2,"axon-messaging-5.0.0","org.axonframework.messaging.eventhandling.EventSink",11,3,""
0.8,"axon-test-5.0.0","org.axonframework.test.matchers.PayloadMatcher",2,1,"axon-messaging-5.0.0","org.axonframework.messaging.core.conversion.MessageConverter",21,2,""
0.8,"axon-test-5.0.0","org.axonframework.test.matchers.PayloadsMatcher",1,1,"axon-messaging-5.0.0","org.axonframework.messaging.core.conversion.MessageConverter",21,2,""
0.7857142857142857,"axon-messaging-5.0.0","org.axonframework.messaging.queryhandling.GenericQueryResponseMessage",2,9,"axon-messaging-5.0.0","org.axonframework.messaging.queryhandling.GenericSubscriptionQueryUpdateMessage",2,10,""
0.7857142857142857,"axon-messaging-5.0.0","org.axonframework.messaging.queryhandling.GenericSubscriptionQueryUpdateMessage",2,10,"axon-messaging-5.0.0","org.axonframework.messaging.queryhandling.GenericQueryResponseMessage",2,9,""
0.7777777777777778,"axon-common-5.0.0","org.axonframework.common.caching.EhCacheAdapter$CacheEventListenerAdapter",1,2,"axon-common-5.0.0","org.axonframework.common.caching.JCacheAdapter$JCacheListenerAdapter",1,1,""
0.7777777777777778,"axon-common-5.0.0","org.axonframework.common.caching.JCacheAdapter$JCacheListenerAdapter",1,1,"axon-common-5.0.0","org.axonframework.common.caching.EhCacheAdapter$CacheEventListenerAdapter",1,2,""
0.7777777777777778,"axon-metrics-micrometer-5.0.0","org.axonframework.extension.metrics.micrometer.TagsUtil",1,2,"axon-tracing-opentelemetry-5.0.0","org.axonframework.extension.tracing.opentelemetry.MetadataContextGetter",1,2,""
0.7777777777777778,"axon-tracing-opentelemetry-5.0.0","org.axonframework.extension.tracing.opentelemetry.MetadataContextGetter",1,2,"axon-metrics-micrometer-5.0.0","org.axonframework.extension.metrics.micrometer.TagsUtil",1,2,""
0.7714285714285715,"axon-messaging-5.0.0","org.axonframework.messaging.monitoring.interception.MonitoringEventDispatchInterceptor",1,10,"axon-messaging-5.0.0","org.axonframework.messaging.monitoring.interception.MonitoringEventHandlerInterceptor",1,10,""
0.7714285714285715,"axon-messaging-5.0.0","org.axonframework.messaging.monitoring.interception.MonitoringEventHandlerInterceptor",1,10,"axon-messaging-5.0.0","org.axonframework.messaging.monitoring.interception.MonitoringEventDispatchInterceptor",1,10,""
0.7692307692307693,"axon-messaging-5.0.0","org.axonframework.messaging.eventstreaming.TagAndTypeFilteredEventCriteria",2,6,"axon-messaging-5.0.0","org.axonframework.messaging.eventstreaming.TagFilteredEventCriteria",2,8,""
0.7692307692307693,"axon-messaging-5.0.0","org.axonframework.messaging.eventstreaming.TagFilteredEventCriteria",2,8,"axon-messaging-5.0.0","org.axonframework.messaging.eventstreaming.TagAndTypeFilteredEventCriteria",2,6,""
0.75,"axon-conversion-5.0.0","org.axonframework.conversion.avro.GenericRecordToByteArrayConverter",,3,"axon-conversion-5.0.0","org.axonframework.conversion.converter.BlobToInputStreamConverter",,2,""
0.75,"axon-conversion-5.0.0","org.axonframework.conversion.avro.GenericRecordToByteArrayConverter",,3,"axon-conversion-5.0.0","org.axonframework.conversion.converter.InputStreamToByteArrayConverter",,2,""
0.75,"axon-conversion-5.0.0","org.axonframework.conversion.avro.GenericRecordToByteArrayConverter",,3,"axon-conversion-5.0.0","org.axonframework.conversion.json.JsonNodeToByteArrayConverter",1,2,""
0.75,"axon-messaging-5.0.0","org.axonframework.messaging.core.MessageDispatchInterceptor",30,4,"axon-messaging-5.0.0","org.axonframework.messaging.core.MessageDispatchInterceptorChain",9,3,""
0.75,"axon-messaging-5.0.0","org.axonframework.messaging.core.MessageDispatchInterceptor",30,4,"axon-messaging-5.0.0","org.axonframework.messaging.core.MessageHandlerInterceptorChain",18,3,""
0.75,"axon-messaging-5.0.0","org.axonframework.messaging.core.MessageDispatchInterceptorChain",9,3,"axon-messaging-5.0.0","org.axonframework.messaging.core.MessageDispatchInterceptor",30,4,""
0.75,"axon-messaging-5.0.0","org.axonframework.messaging.core.MessageDispatchInterceptorChain",9,3,"axon-messaging-5.0.0","org.axonframework.messaging.core.MessageHandlerInterceptor",32,4,""
0.75,"axon-messaging-5.0.0","org.axonframework.messaging.core.MessageHandlerInterceptor",32,4,"axon-messaging-5.0.0","org.axonframework.messaging.core.MessageDispatchInterceptorChain",9,3,""
0.75,"axon-messaging-5.0.0","org.axonframework.messaging.core.MessageHandlerInterceptor",32,4,"axon-messaging-5.0.0","org.axonframework.messaging.core.MessageHandlerInterceptorChain",18,3,""
0.75,"axon-messaging-5.0.0","org.axonframework.messaging.core.MessageHandlerInterceptorChain",18,3,"axon-messaging-5.0.0","org.axonframework.messaging.core.MessageDispatchInterceptor",30,4,""
0.75,"axon-messaging-5.0.0","org.axonframework.messaging.core.MessageHandlerInterceptorChain",18,3,"axon-messaging-5.0.0","org.axonframework.messaging.core.MessageHandlerInterceptor",32,4,""
0.75,"axon-messaging-5.0.0","org.axonframework.messaging.core.annotation.DefaultParameterResolverFactory$MessageParameterResolver",1,3,"axon-messaging-5.0.0","org.axonframework.messaging.core.annotation.MessageIdentifierParameterResolverFactory$MessageIdentifierParameterResolver",1,3,""
0.75,"axon-messaging-5.0.0","org.axonframework.messaging.core.annotation.DefaultParameterResolverFactory$MetadataParameterResolver",1,4,"axon-messaging-5.0.0","org.axonframework.messaging.core.annotation.MessageIdentifierParameterResolverFactory$MessageIdentifierParameterResolver",1,3,""
0.75,"axon-messaging-5.0.0","org.axonframework.messaging.core.annotation.MessageIdentifierParameterResolverFactory$MessageIdentifierParameterResolver",1,3,"axon-messaging-5.0.0","org.axonframework.messaging.core.annotation.DefaultParameterResolverFactory$MessageParameterResolver",1,3,""
0.75,"axon-messaging-5.0.0","org.axonframework.messaging.core.annotation.MessageIdentifierParameterResolverFactory$MessageIdentifierParameterResolver",1,3,"axon-messaging-5.0.0","org.axonframework.messaging.core.annotation.DefaultParameterResolverFactory$MetadataParameterResolver",1,4,""
0.75,"axon-messaging-5.0.0","org.axonframework.messaging.core.retry.RetryScheduler$Dispatcher",3,3,"axon-messaging-5.0.0","org.axonframework.messaging.core.MessageDispatchInterceptorChain",9,3,""
0.75,"axon-messaging-5.0.0","org.axonframework.messaging.core.retry.RetryScheduler$Dispatcher",3,3,"axon-messaging-5.0.0","org.axonframework.messaging.core.MessageHandlerInterceptorChain",18,3,""
0.75,"axon-messaging-5.0.0","org.axonframework.messaging.eventstreaming.EventCriterion",8,3,"axon-messaging-5.0.0","org.axonframework.messaging.eventstreaming.EventsCondition",7,3,""
0.75,"axon-messaging-5.0.0","org.axonframework.messaging.eventstreaming.EventsCondition",7,3,"axon-messaging-5.0.0","org.axonframework.messaging.eventstreaming.EventCriterion",8,3,""
0.75,"axon-messaging-5.0.0","org.axonframework.messaging.tracing.SpanUtils",1,2,"axon-messaging-5.0.0","org.axonframework.messaging.tracing.attributes.MessageNameSpanAttributesProvider",,3,""
0.75,"axon-messaging-5.0.0","org.axonframework.messaging.tracing.attributes.MessageIdSpanAttributesProvider",,2,"axon-messaging-5.0.0","org.axonframework.messaging.tracing.attributes.MessageNameSpanAttributesProvider",,3,""
0.75,"axon-messaging-5.0.0","org.axonframework.messaging.tracing.attributes.MessageNameSpanAttributesProvider",,3,"axon-messaging-5.0.0","org.axonframework.messaging.tracing.attributes.MessageIdSpanAttributesProvider",,2,""
0.75,"axon-messaging-5.0.0","org.axonframework.messaging.tracing.attributes.MessageNameSpanAttributesProvider",,3,"axon-messaging-5.0.0","org.axonframework.messaging.tracing.attributes.MessageTypeSpanAttributesProvider",,2,""
0.75,"axon-messaging-5.0.0","org.axonframework.messaging.tracing.attributes.MessageNameSpanAttributesProvider",,3,"axon-messaging-5.0.0","org.axonframework.messaging.tracing.attributes.PayloadTypeSpanAttributesProvider",,2,""
0.75,"axon-messaging-5.0.0","org.axonframework.messaging.tracing.attributes.MessageTypeSpanAttributesProvider",,2,"axon-messaging-5.0.0","org.axonframework.messaging.tracing.attributes.MessageNameSpanAttributesProvider",,3,""
0.75,"axon-messaging-5.0.0","org.axonframework.messaging.tracing.attributes.MetadataSpanAttributesProvider",,3,"axon-messaging-5.0.0","org.axonframework.messaging.tracing.attributes.MessageIdSpanAttributesProvider",,2,""
0.75,"axon-messaging-5.0.0","org.axonframework.messaging.tracing.attributes.MetadataSpanAttributesProvider",,3,"axon-messaging-5.0.0","org.axonframework.messaging.tracing.attributes.MessageTypeSpanAttributesProvider",,2,""
0.75,"axon-messaging-5.0.0","org.axonframework.messaging.tracing.attributes.MetadataSpanAttributesProvider",,3,"axon-messaging-5.0.0","org.axonframework.messaging.tracing.attributes.PayloadTypeSpanAttributesProvider",,2,""
0.75,"axon-messaging-5.0.0","org.axonframework.messaging.tracing.attributes.PayloadTypeSpanAttributesProvider",,2,"axon-messaging-5.0.0","org.axonframework.messaging.tracing.attributes.MessageNameSpanAttributesProvider",,3,""
0.75,"axon-test-5.0.0","org.axonframework.test.fixture.AxonTestPhase$Then$Command",5,3,"axon-test-5.0.0","org.axonframework.test.fixture.AxonTestPhase$Then$Event",5,2,""
0.75,"axon-test-5.0.0","org.axonframework.test.fixture.AxonTestPhase$Then$Command",5,3,"axon-test-5.0.0","org.axonframework.test.fixture.AxonTestPhase$Then$Nothing",7,2,""
0.75,"axon-test-5.0.0","org.axonframework.test.fixture.AxonTestPhase$Then$Event",5,2,"axon-test-5.0.0","org.axonframework.test.fixture.AxonTestPhase$Then$Command",5,3,""
0.75,"axon-test-5.0.0","org.axonframework.test.fixture.AxonTestPhase$Then$Nothing",7,2,"axon-test-5.0.0","org.axonframework.test.fixture.AxonTestPhase$Then$Command",5,3,""
0.7419354838709677,"axon-messaging-5.0.0","org.axonframework.messaging.core.unitofwork.LegacyMessageSupportingContext",1,7,"axon-messaging-5.0.0","org.axonframework.messaging.eventhandling.processing.streaming.pooled.EventSchedulingProcessingContext",2,7,""
0.7419354838709677,"axon-messaging-5.0.0","org.axonframework.messaging.eventhandling.processing.streaming.pooled.EventSchedulingProcessingContext",2,7,"axon-messaging-5.0.0","org.axonframework.messaging.core.unitofwork.LegacyMessageSupportingContext",1,7,""
0.7368421052631579,"axon-messaging-5.0.0","org.axonframework.messaging.queryhandling.interception.InterceptingQueryBus$QueryInterceptingDispatcher",1,6,"axon-messaging-5.0.0","org.axonframework.messaging.queryhandling.interception.InterceptingQueryBus$SubscriptionQueryInterceptingDispatcher",1,7,""
0.7368421052631579,"axon-messaging-5.0.0","org.axonframework.messaging.queryhandling.interception.InterceptingQueryBus$SubscriptionQueryInterceptingDispatcher",1,7,"axon-messaging-5.0.0","org.axonframework.messaging.queryhandling.interception.InterceptingQueryBus$QueryInterceptingDispatcher",1,6,""
0.7333333333333333,"axon-messaging-5.0.0","org.axonframework.messaging.core.FluxUtils$FluxStreamAdapter",1,3,"axon-messaging-5.0.0","org.axonframework.messaging.core.MessageStreamUtils$Reducer",1,3,""
0.7333333333333333,"axon-messaging-5.0.0","org.axonframework.messaging.core.MessageStreamUtils$Reducer",1,3,"axon-messaging-5.0.0","org.axonframework.messaging.core.FluxUtils$FluxStreamAdapter",1,3,""
0.7272727272727273,"axon-messaging-5.0.0","org.axonframework.messaging.core.annotation.DefaultParameterResolverFactory$AnnotatedMetadataParameterResolver",1,4,"axon-messaging-5.0.0","org.axonframework.messaging.core.annotation.DefaultParameterResolverFactory$MessageParameterResolver",1,3,""
0.7272727272727273,"axon-messaging-5.0.0","org.axonframework.messaging.core.annotation.DefaultParameterResolverFactory$AnnotatedMetadataParameterResolver",1,4,"axon-messaging-5.0.0","org.axonframework.messaging.core.annotation.DefaultParameterResolverFactory$MetadataParameterResolver",1,4,""
0.7272727272727273,"axon-messaging-5.0.0","org.axonframework.messaging.core.annotation.DefaultParameterResolverFactory$MessageParameterResolver",1,3,"axon-messaging-5.0.0","org.axonframework.messaging.core.annotation.DefaultParameterResolverFactory$AnnotatedMetadataParameterResolver",1,4,""
0.7272727272727273,"axon-messaging-5.0.0","org.axonframework.messaging.core.annotation.DefaultParameterResolverFactory$MetadataParameterResolver",1,4,"axon-messaging-5.0.0","org.axonframework.messaging.core.annotation.DefaultParameterResolverFactory$AnnotatedMetadataParameterResolver",1,4,""
0.7142857142857143,"axon-spring-boot-autoconfigure-5.0.0","org.axonframework.extension.springboot.ConverterProperties",3,1,"axon-spring-boot-autoconfigure-5.0.0","org.axonframework.extension.springboot.autoconfig.ConverterAutoConfiguration$1",1,2,""
0.7142857142857143,"axon-spring-boot-autoconfigure-5.0.0","org.axonframework.extension.springboot.autoconfig.ConverterAutoConfiguration$1",1,2,"axon-spring-boot-autoconfigure-5.0.0","org.axonframework.extension.springboot.ConverterProperties",3,1,""
0.7058823529411765,"axon-messaging-5.0.0","org.axonframework.messaging.core.MappedMessageStream",2,5,"axon-messaging-5.0.0","org.axonframework.messaging.core.OnNextMessageStream",2,5,""
0.7058823529411765,"axon-messaging-5.0.0","org.axonframework.messaging.core.OnNextMessageStream",2,5,"axon-messaging-5.0.0","org.axonframework.messaging.core.MappedMessageStream",2,5,""
0.7037037037037037,"axon-messaging-5.0.0","org.axonframework.messaging.core.annotation.ChainedMessageHandlerInterceptorMember",1,6,"axon-messaging-5.0.0","org.axonframework.messaging.core.annotation.WrappedMessageHandlingMember",9,4,""
0.7037037037037037,"axon-messaging-5.0.0","org.axonframework.messaging.core.annotation.WrappedMessageHandlingMember",9,4,"axon-messaging-5.0.0","org.axonframework.messaging.core.annotation.ChainedMessageHandlerInterceptorMember",1,6,""
0.7,"axon-server-connector-5.0.0","org.axonframework.axonserver.connector.event.SourcingEventMessageStream",1,13,"axon-server-connector-5.0.0","org.axonframework.axonserver.connector.event.StreamingEventMessageStream",1,10,""
0.7,"axon-server-connector-5.0.0","org.axonframework.axonserver.connector.event.StreamingEventMessageStream",1,10,"axon-server-connector-5.0.0","org.axonframework.axonserver.connector.event.SourcingEventMessageStream",1,13,""
0.7,"axon-eventsourcing-5.0.0","org.axonframework.eventsourcing.eventstore.DefaultAppendCondition",1,3,"axon-eventsourcing-5.0.0","org.axonframework.eventsourcing.eventstore.NoAppendCondition",1,3,""
0.7,"axon-eventsourcing-5.0.0","org.axonframework.eventsourcing.eventstore.NoAppendCondition",1,3,"axon-eventsourcing-5.0.0","org.axonframework.eventsourcing.eventstore.DefaultAppendCondition",1,3,""
0.7,"axon-messaging-5.0.0","org.axonframework.messaging.core.LegacyResources",7,1,"axon-messaging-5.0.0","org.axonframework.messaging.core.SimpleContext",1,2,""
0.7,"axon-messaging-5.0.0","org.axonframework.messaging.core.SimpleContext",1,2,"axon-messaging-5.0.0","org.axonframework.messaging.core.LegacyResources",7,1,""
0.6923076923076923,"axon-messaging-5.0.0","org.axonframework.messaging.core.IteratorMessageStream",1,3,"axon-messaging-5.0.0","org.axonframework.messaging.core.QueueMessageStream",1,5,""
0.6923076923076923,"axon-messaging-5.0.0","org.axonframework.messaging.core.QueueMessageStream",1,5,"axon-messaging-5.0.0","org.axonframework.messaging.core.IteratorMessageStream",1,3,""
0.6923076923076923,"axon-update-5.0.0","org.axonframework.update.api.UpdateCheckRequest",4,2,"axon-update-5.0.0","org.axonframework.update.detection.AxonVersionDetector",1,2,""
0.6923076923076923,"axon-update-5.0.0","org.axonframework.update.detection.AxonVersionDetector",1,2,"axon-update-5.0.0","org.axonframework.update.api.UpdateCheckRequest",4,2,""
0.6818181818181818,"axon-messaging-5.0.0","org.axonframework.messaging.core.FilteringMessageStream",2,4,"axon-messaging-5.0.0","org.axonframework.messaging.core.MessageStreamUtils$Reducer",1,3,""
0.6818181818181818,"axon-messaging-5.0.0","org.axonframework.messaging.core.MessageStreamUtils$Reducer",1,3,"axon-messaging-5.0.0","org.axonframework.messaging.core.FilteringMessageStream",2,4,""
0.6764705882352942,"axon-messaging-5.0.0","org.axonframework.messaging.commandhandling.CommandResultMessage",37,4,"axon-messaging-5.0.0","org.axonframework.messaging.queryhandling.SubscriptionQueryUpdateMessage",24,5,""
0.6764705882352942,"axon-messaging-5.0.0","org.axonframework.messaging.queryhandling.QueryResponseMessage",29,4,"axon-messaging-5.0.0","org.axonframework.messaging.queryhandling.SubscriptionQueryUpdateMessage",24,5,""
0.6764705882352942,"axon-messaging-5.0.0","org.axonframework.messaging.queryhandling.SubscriptionQueryUpdateMessage",24,5,"axon-messaging-5.0.0","org.axonframework.messaging.commandhandling.CommandResultMessage",37,4,""
0.6764705882352942,"axon-messaging-5.0.0","org.axonframework.messaging.queryhandling.SubscriptionQueryUpdateMessage",24,5,"axon-messaging-5.0.0","org.axonframework.messaging.queryhandling.QueryResponseMessage",29,4,""
0.6756756756756757,"axon-messaging-5.0.0","org.axonframework.messaging.monitoring.interception.MonitoringCommandHandlerInterceptor",1,10,"axon-messaging-5.0.0","org.axonframework.messaging.monitoring.interception.MonitoringEventHandlerInterceptor",1,10,""
0.6756756756756757,"axon-messaging-5.0.0","org.axonframework.messaging.monitoring.interception.MonitoringCommandHandlerInterceptor",1,10,"axon-messaging-5.0.0","org.axonframework.messaging.monitoring.interception.MonitoringQueryHandlerInterceptor",1,10,""
0.6756756756756757,"axon-messaging-5.0.0","org.axonframework.messaging.monitoring.interception.MonitoringEventDispatchInterceptor",1,10,"axon-messaging-5.0.0","org.axonframework.messaging.monitoring.interception.MonitoringSubscriptionQueryUpdateDispatchInterceptor",1,10,""
0.6756756756756757,"axon-messaging-5.0.0","org.axonframework.messaging.monitoring.interception.MonitoringEventHandlerInterceptor",1,10,"axon-messaging-5.0.0","org.axonframework.messaging.monitoring.interception.MonitoringCommandHandlerInterceptor",1,10,""
0.6756756756756757,"axon-messaging-5.0.0","org.axonframework.messaging.monitoring.interception.MonitoringEventHandlerInterceptor",1,10,"axon-messaging-5.0.0","org.axonframework.messaging.monitoring.interception.MonitoringQueryHandlerInterceptor",1,10,""
0.6756756756756757,"axon-messaging-5.0.0","org.axonframework.messaging.monitoring.interception.MonitoringQueryHandlerInterceptor",1,10,"axon-messaging-5.0.0","org.axonframework.messaging.monitoring.interception.MonitoringCommandHandlerInterceptor",1,10,""
0.6756756756756757,"axon-messaging-5.0.0","org.axonframework.messaging.monitoring.interception.MonitoringQueryHandlerInterceptor",1,10,"axon-messaging-5.0.0","org.axonframework.messaging.monitoring.interception.MonitoringEventHandlerInterceptor",1,10,""
0.6756756756756757,"axon-messaging-5.0.0","org.axonframework.messaging.monitoring.interception.MonitoringSubscriptionQueryUpdateDispatchInterceptor",1,10,"axon-messaging-5.0.0","org.axonframework.messaging.monitoring.interception.MonitoringEventDispatchInterceptor",1,10,""
0.6666666666666666,"axon-server-connector-5.0.0","org.axonframework.axonserver.connector.TargetContextResolver",,2,"axon-test-5.0.0","org.axonframework.test.matchers.PayloadMatcher",2,1,""
0.6666666666666666,"axon-server-connector-5.0.0","org.axonframework.axonserver.connector.TargetContextResolver",,2,"axon-test-5.0.0","org.axonframework.test.matchers.PayloadsMatcher",1,1,""
0.6666666666666666,"axon-common-5.0.0","org.axonframework.common.jdbc.JdbcException",2,1,"axon-common-5.0.0","org.axonframework.common.lock.LockAcquisitionFailedException",2,1,""
0.6666666666666666,"axon-common-5.0.0","org.axonframework.common.lifecycle.ShutdownInProgressException",1,1,"axon-conversion-5.0.0","org.axonframework.conversion.ConversionException",16,1,""
0.6666666666666666,"axon-conversion-5.0.0","org.axonframework.conversion.avro.ByteArrayToGenericRecordConverter",1,3,"axon-conversion-5.0.0","org.axonframework.conversion.avro.GenericRecordToByteArrayConverter",,3,""
0.6666666666666666,"axon-eventsourcing-5.0.0","org.axonframework.eventsourcing.configuration.SimpleEventSourcedEntityModule$1",1,3,"axon-eventsourcing-5.0.0","org.axonframework.eventsourcing.configuration.SimpleEventSourcedEntityModule$2",1,3,""
0.6666666666666666,"axon-eventsourcing-5.0.0","org.axonframework.eventsourcing.configuration.SimpleEventSourcedEntityModule$1",1,3,"axon-eventsourcing-5.0.0","org.axonframework.eventsourcing.configuration.SimpleEventSourcedEntityModule$3",1,3,""
0.6666666666666666,"axon-eventsourcing-5.0.0","org.axonframework.eventsourcing.configuration.SimpleEventSourcedEntityModule$1",1,3,"axon-eventsourcing-5.0.0","org.axonframework.eventsourcing.configuration.SimpleEventSourcedEntityModule$4",1,3,""
0.6666666666666666,"axon-eventsourcing-5.0.0","org.axonframework.eventsourcing.configuration.SimpleEventSourcedEntityModule$2",1,3,"axon-eventsourcing-5.0.0","org.axonframework.eventsourcing.configuration.SimpleEventSourcedEntityModule$1",1,3,""
0.6666666666666666,"axon-eventsourcing-5.0.0","org.axonframework.eventsourcing.configuration.SimpleEventSourcedEntityModule$2",1,3,"axon-eventsourcing-5.0.0","org.axonframework.eventsourcing.configuration.SimpleEventSourcedEntityModule$3",1,3,""
0.6666666666666666,"axon-eventsourcing-5.0.0","org.axonframework.eventsourcing.configuration.SimpleEventSourcedEntityModule$2",1,3,"axon-eventsourcing-5.0.0","org.axonframework.eventsourcing.configuration.SimpleEventSourcedEntityModule$4",1,3,""
0.6666666666666666,"axon-eventsourcing-5.0.0","org.axonframework.eventsourcing.configuration.SimpleEventSourcedEntityModule$3",1,3,"axon-eventsourcing-5.0.0","org.axonframework.eventsourcing.configuration.SimpleEventSourcedEntityModule$1",1,3,""
0.6666666666666666,"axon-eventsourcing-5.0.0","org.axonframework.eventsourcing.configuration.SimpleEventSourcedEntityModule$3",1,3,"axon-eventsourcing-5.0.0","org.axonframework.eventsourcing.configuration.SimpleEventSourcedEntityModule$2",1,3,""
0.6666666666666666,"axon-eventsourcing-5.0.0","org.axonframework.eventsourcing.configuration.SimpleEventSourcedEntityModule$3",1,3,"axon-eventsourcing-5.0.0","org.axonframework.eventsourcing.configuration.SimpleEventSourcedEntityModule$4",1,3,""
0.6666666666666666,"axon-eventsourcing-5.0.0","org.axonframework.eventsourcing.configuration.SimpleEventSourcedEntityModule$4",1,3,"axon-eventsourcing-5.0.0","org.axonframework.eventsourcing.configuration.SimpleEventSourcedEntityModule$1",1,3,""
0.6666666666666666,"axon-eventsourcing-5.0.0","org.axonframework.eventsourcing.configuration.SimpleEventSourcedEntityModule$4",1,3,"axon-eventsourcing-5.0.0","org.axonframework.eventsourcing.configuration.SimpleEventSourcedEntityModule$2",1,3,""
0.6666666666666666,"axon-eventsourcing-5.0.0","org.axonframework.eventsourcing.configuration.SimpleEventSourcedEntityModule$4",1,3,"axon-eventsourcing-5.0.0","org.axonframework.eventsourcing.configuration.SimpleEventSourcedEntityModule$3",1,3,""
0.6666666666666666,"axon-eventsourcing-5.0.0","org.axonframework.eventsourcing.configuration.SimpleEventSourcedEntityModule$5",1,3,"axon-eventsourcing-5.0.0","org.axonframework.eventsourcing.configuration.SimpleEventSourcedEntityModule$1",1,3,""
0.6666666666666666,"axon-eventsourcing-5.0.0","org.axonframework.eventsourcing.configuration.SimpleEventSourcedEntityModule$5",1,3,"axon-eventsourcing-5.0.0","org.axonframework.eventsourcing.configuration.SimpleEventSourcedEntityModule$2",1,3,""
0.6666666666666666,"axon-eventsourcing-5.0.0","org.axonframework.eventsourcing.configuration.SimpleEventSourcedEntityModule$5",1,3,"axon-eventsourcing-5.0.0","org.axonframework.eventsourcing.configuration.SimpleEventSourcedEntityModule$3",1,3,""
0.6666666666666666,"axon-eventsourcing-5.0.0","org.axonframework.eventsourcing.eventstore.AppendEventsTransactionRejectedException",4,2,"axon-common-5.0.0","org.axonframework.common.lifecycle.ShutdownInProgressException",1,1,""
0.6666666666666666,"axon-eventsourcing-5.0.0","org.axonframework.eventsourcing.eventstore.AppendEventsTransactionRejectedException",4,2,"axon-messaging-5.0.0","org.axonframework.messaging.core.interception.JSR303ViolationException",1,1,""
0.6666666666666666,"axon-eventsourcing-5.0.0","org.axonframework.eventsourcing.eventstore.AppendEventsTransactionRejectedException",4,2,"axon-messaging-5.0.0","org.axonframework.messaging.queryhandling.CompletedEmitterException",,1,""
0.6666666666666666,"axon-eventsourcing-5.0.0","org.axonframework.eventsourcing.eventstore.TaggedEventMessage",15,2,"axon-eventsourcing-5.0.0","org.axonframework.eventsourcing.eventstore.TooManyTagsOnEventMessageException",1,2,""
0.6666666666666666,"axon-eventsourcing-5.0.0","org.axonframework.eventsourcing.eventstore.TooManyTagsOnEventMessageException",1,2,"axon-eventsourcing-5.0.0","org.axonframework.eventsourcing.eventstore.TaggedEventMessage",15,2,""
0.6666666666666666,"axon-metrics-micrometer-5.0.0","org.axonframework.extension.metrics.micrometer.MessageCountingMonitor$1",1,2,"axon-messaging-5.0.0","org.axonframework.messaging.monitoring.NoOpMessageMonitorCallback",2,1,""
0.6666666666666666,"axon-messaging-5.0.0","org.axonframework.messaging.commandhandling.CommandHandlingComponent",8,2,"axon-messaging-5.0.0","org.axonframework.messaging.commandhandling.DuplicateCommandHandlerSubscriptionException",3,2,""
0.6666666666666666,"axon-messaging-5.0.0","org.axonframework.messaging.commandhandling.DuplicateCommandHandlerSubscriptionException",3,2,"axon-messaging-5.0.0","org.axonframework.messaging.commandhandling.CommandHandlingComponent",8,2,""
0.6666666666666666,"axon-messaging-5.0.0","org.axonframework.messaging.commandhandling.GenericCommandMessage",4,8,"axon-messaging-5.0.0","org.axonframework.messaging.eventhandling.GenericEventMessage",13,10,""
0.6666666666666666,"axon-messaging-5.0.0","org.axonframework.messaging.core.CloseCallbackMessageStream",1,6,"axon-messaging-5.0.0","org.axonframework.messaging.core.TruncateFirstMessageStream",1,5,""
0.6666666666666666,"axon-messaging-5.0.0","org.axonframework.messaging.core.ExecutionException",,1,"axon-common-5.0.0","org.axonframework.common.lock.LockAcquisitionFailedException",2,1,""
0.6666666666666666,"axon-messaging-5.0.0","org.axonframework.messaging.core.MessageStreamUtils$FirstResult",1,3,"axon-messaging-5.0.0","org.axonframework.messaging.core.MessageStreamUtils$Reducer",1,3,""
0.6666666666666666,"axon-messaging-5.0.0","org.axonframework.messaging.core.MessageStreamUtils$Reducer",1,3,"axon-messaging-5.0.0","org.axonframework.messaging.core.MessageStreamUtils$FirstResult",1,3,""
0.6666666666666666,"axon-messaging-5.0.0","org.axonframework.messaging.core.SimpleContext",1,2,"axon-messaging-5.0.0","org.axonframework.messaging.core.unitofwork.ProcessingContext",229,5,""
0.6666666666666666,"axon-messaging-5.0.0","org.axonframework.messaging.core.SubscribableEventSource",5,3,"axon-messaging-5.0.0","org.axonframework.messaging.eventhandling.sequencing.SequencingPolicy",13,2,""
0.6666666666666666,"axon-messaging-5.0.0","org.axonframework.messaging.core.SubscribableEventSource",5,3,"axon-modelling-5.0.0","org.axonframework.modelling.EntityEvolver",13,2,""
0.6666666666666666,"axon-messaging-5.0.0","org.axonframework.messaging.core.TruncateFirstMessageStream",1,5,"axon-messaging-5.0.0","org.axonframework.messaging.core.CloseCallbackMessageStream",1,6,""
0.6666666666666666,"axon-messaging-5.0.0","org.axonframework.messaging.core.annotation.DefaultParameterResolverFactory$MetadataParameterResolver",1,4,"axon-messaging-5.0.0","org.axonframework.messaging.core.annotation.PayloadParameterResolver",2,3,""
0.6666666666666666,"axon-messaging-5.0.0","org.axonframework.messaging.core.annotation.FixedValueParameterResolver",2,2,"axon-messaging-5.0.0","org.axonframework.messaging.core.annotation.ParameterResolver",47,1,""
0.6666666666666666,"axon-messaging-5.0.0","org.axonframework.messaging.core.annotation.FixedValueParameterResolver",2,2,"axon-messaging-5.0.0","org.axonframework.messaging.eventhandling.gateway.EventGateway",2,1,""
0.6666666666666666,"axon-messaging-5.0.0","org.axonframework.messaging.core.annotation.ParameterResolver",47,1,"axon-messaging-5.0.0","org.axonframework.messaging.core.annotation.FixedValueParameterResolver",2,2,""
0.6666666666666666,"axon-messaging-5.0.0","org.axonframework.messaging.core.annotation.PayloadParameterResolver",2,3,"axon-messaging-5.0.0","org.axonframework.messaging.core.annotation.DefaultParameterResolverFactory$MetadataParameterResolver",1,4,""
0.6666666666666666,"axon-messaging-5.0.0","org.axonframework.messaging.core.correlation.MessageOriginProvider",1,3,"axon-test-5.0.0","org.axonframework.test.matchers.PayloadMatcher",2,1,""
0.6666666666666666,"axon-messaging-5.0.0","org.axonframework.messaging.core.correlation.MessageOriginProvider",1,3,"axon-test-5.0.0","org.axonframework.test.matchers.PayloadsMatcher",1,1,""
0.6666666666666666,"axon-messaging-5.0.0","org.axonframework.messaging.core.interception.DefaultDispatchInterceptorRegistry$1",1,4,"axon-messaging-5.0.0","org.axonframework.messaging.core.interception.DefaultDispatchInterceptorRegistry$2",1,4,""
0.6666666666666666,"axon-messaging-5.0.0","org.axonframework.messaging.core.interception.DefaultDispatchInterceptorRegistry$1",1,4,"axon-messaging-5.0.0","org.axonframework.messaging.core.interception.DefaultDispatchInterceptorRegistry$4",1,4,""
0.6666666666666666,"axon-messaging-5.0.0","org.axonframework.messaging.core.interception.DefaultDispatchInterceptorRegistry$1",1,4,"axon-messaging-5.0.0","org.axonframework.messaging.core.interception.DefaultDispatchInterceptorRegistry$5",1,4,""
0.6666666666666666,"axon-messaging-5.0.0","org.axonframework.messaging.core.interception.DefaultDispatchInterceptorRegistry$2",1,4,"axon-messaging-5.0.0","org.axonframework.messaging.core.interception.DefaultDispatchInterceptorRegistry$1",1,4,""
0.6666666666666666,"axon-messaging-5.0.0","org.axonframework.messaging.core.interception.DefaultDispatchInterceptorRegistry$2",1,4,"axon-messaging-5.0.0","org.axonframework.messaging.core.interception.DefaultDispatchInterceptorRegistry$4",1,4,""
0.6666666666666666,"axon-messaging-5.0.0","org.axonframework.messaging.core.interception.DefaultDispatchInterceptorRegistry$2",1,4,"axon-messaging-5.0.0","org.axonframework.messaging.core.interception.DefaultDispatchInterceptorRegistry$5",1,4,""
0.6666666666666666,"axon-messaging-5.0.0","org.axonframework.messaging.core.interception.DefaultDispatchInterceptorRegistry$3",1,4,"axon-messaging-5.0.0","org.axonframework.messaging.core.interception.DefaultDispatchInterceptorRegistry$1",1,4,""
0.6666666666666666,"axon-messaging-5.0.0","org.axonframework.messaging.core.interception.DefaultDispatchInterceptorRegistry$3",1,4,"axon-messaging-5.0.0","org.axonframework.messaging.core.interception.DefaultDispatchInterceptorRegistry$2",1,4,""
0.6666666666666666,"axon-messaging-5.0.0","org.axonframework.messaging.core.interception.DefaultDispatchInterceptorRegistry$3",1,4,"axon-messaging-5.0.0","org.axonframework.messaging.core.interception.DefaultDispatchInterceptorRegistry$5",1,4,""
0.6666666666666666,"axon-messaging-5.0.0","org.axonframework.messaging.core.interception.DefaultDispatchInterceptorRegistry$4",1,4,"axon-messaging-5.0.0","org.axonframework.messaging.core.interception.DefaultDispatchInterceptorRegistry$1",1,4,""
0.6666666666666666,"axon-messaging-5.0.0","org.axonframework.messaging.core.interception.DefaultDispatchInterceptorRegistry$4",1,4,"axon-messaging-5.0.0","org.axonframework.messaging.core.interception.DefaultDispatchInterceptorRegistry$2",1,4,""
0.6666666666666666,"axon-messaging-5.0.0","org.axonframework.messaging.core.interception.DefaultDispatchInterceptorRegistry$4",1,4,"axon-messaging-5.0.0","org.axonframework.messaging.core.interception.DefaultDispatchInterceptorRegistry$5",1,4,""
0.6666666666666666,"axon-messaging-5.0.0","org.axonframework.messaging.core.interception.DefaultDispatchInterceptorRegistry$5",1,4,"axon-messaging-5.0.0","org.axonframework.messaging.core.interception.DefaultDispatchInterceptorRegistry$1",1,4,""
0.6666666666666666,"axon-messaging-5.0.0","org.axonframework.messaging.core.interception.DefaultDispatchInterceptorRegistry$5",1,4,"axon-messaging-5.0.0","org.axonframework.messaging.core.interception.DefaultDispatchInterceptorRegistry$2",1,4,""
0.6666666666666666,"axon-messaging-5.0.0","org.axonframework.messaging.core.interception.DefaultDispatchInterceptorRegistry$5",1,4,"axon-messaging-5.0.0","org.axonframework.messaging.core.interception.DefaultDispatchInterceptorRegistry$4",1,4,""
0.6666666666666666,"axon-messaging-5.0.0","org.axonframework.messaging.core.interception.DefaultHandlerInterceptorRegistry$1",1,4,"axon-messaging-5.0.0","org.axonframework.messaging.core.interception.DefaultHandlerInterceptorRegistry$2",1,4,""
0.6666666666666666,"axon-messaging-5.0.0","org.axonframework.messaging.core.interception.DefaultHandlerInterceptorRegistry$1",1,4,"axon-messaging-5.0.0","org.axonframework.messaging.core.interception.DefaultHandlerInterceptorRegistry$3",1,4,""
0.6666666666666666,"axon-messaging-5.0.0","org.axonframework.messaging.core.interception.DefaultHandlerInterceptorRegistry$1",1,4,"axon-messaging-5.0.0","org.axonframework.messaging.core.interception.DefaultHandlerInterceptorRegistry$4",1,4,""
0.6666666666666666,"axon-messaging-5.0.0","org.axonframework.messaging.core.interception.DefaultHandlerInterceptorRegistry$2",1,4,"axon-messaging-5.0.0","org.axonframework.messaging.core.interception.DefaultHandlerInterceptorRegistry$1",1,4,""
0.6666666666666666,"axon-messaging-5.0.0","org.axonframework.messaging.core.interception.DefaultHandlerInterceptorRegistry$2",1,4,"axon-messaging-5.0.0","org.axonframework.messaging.core.interception.DefaultHandlerInterceptorRegistry$3",1,4,""
0.6666666666666666,"axon-messaging-5.0.0","org.axonframework.messaging.core.interception.DefaultHandlerInterceptorRegistry$2",1,4,"axon-messaging-5.0.0","org.axonframework.messaging.core.interception.DefaultHandlerInterceptorRegistry$4",1,4,""
0.6666666666666666,"axon-messaging-5.0.0","org.axonframework.messaging.core.interception.DefaultHandlerInterceptorRegistry$3",1,4,"axon-messaging-5.0.0","org.axonframework.messaging.core.interception.DefaultHandlerInterceptorRegistry$1",1,4,""
0.6666666666666666,"axon-messaging-5.0.0","org.axonframework.messaging.core.interception.DefaultHandlerInterceptorRegistry$3",1,4,"axon-messaging-5.0.0","org.axonframework.messaging.core.interception.DefaultHandlerInterceptorRegistry$2",1,4,""
0.6666666666666666,"axon-messaging-5.0.0","org.axonframework.messaging.core.interception.DefaultHandlerInterceptorRegistry$3",1,4,"axon-messaging-5.0.0","org.axonframework.messaging.core.interception.DefaultHandlerInterceptorRegistry$4",1,4,""
0.6666666666666666,"axon-messaging-5.0.0","org.axonframework.messaging.core.interception.DefaultHandlerInterceptorRegistry$4",1,4,"axon-messaging-5.0.0","org.axonframework.messaging.core.interception.DefaultHandlerInterceptorRegistry$1",1,4,""
0.6666666666666666,"axon-messaging-5.0.0","org.axonframework.messaging.core.interception.DefaultHandlerInterceptorRegistry$4",1,4,"axon-messaging-5.0.0","org.axonframework.messaging.core.interception.DefaultHandlerInterceptorRegistry$2",1,4,""
0.6666666666666666,"axon-messaging-5.0.0","org.axonframework.messaging.core.interception.DefaultHandlerInterceptorRegistry$4",1,4,"axon-messaging-5.0.0","org.axonframework.messaging.core.interception.DefaultHandlerInterceptorRegistry$3",1,4,""
0.6666666666666666,"axon-messaging-5.0.0","org.axonframework.messaging.core.interception.JSR303ViolationException",1,1,"axon-conversion-5.0.0","org.axonframework.conversion.ConversionException",16,1,""
0.6666666666666666,"axon-messaging-5.0.0","org.axonframework.messaging.core.retry.RetryScheduler",2,4,"axon-messaging-5.0.0","org.axonframework.messaging.core.retry.RetryScheduler$Dispatcher",3,3,""
0.6666666666666666,"axon-messaging-5.0.0","org.axonframework.messaging.core.retry.RetryScheduler$Dispatcher",3,3,"axon-messaging-5.0.0","org.axonframework.messaging.core.retry.RetryScheduler",2,4,""
0.6666666666666666,"axon-messaging-5.0.0","org.axonframework.messaging.core.unitofwork.ProcessingContext",229,5,"axon-messaging-5.0.0","org.axonframework.messaging.core.SimpleContext",1,2,""
0.6666666666666666,"axon-messaging-5.0.0","org.axonframework.messaging.core.unitofwork.ProcessingLifecycle$DefaultPhases",1,1,"axon-messaging-5.0.0","org.axonframework.messaging.core.unitofwork.ProcessingLifecycle$ErrorHandler",16,2,""
0.6666666666666666,"axon-messaging-5.0.0","org.axonframework.messaging.core.unitofwork.ProcessingLifecycle$ErrorHandler",16,2,"axon-messaging-5.0.0","org.axonframework.messaging.core.unitofwork.ProcessingLifecycle$DefaultPhases",1,1,""
0.6666666666666666,"axon-messaging-5.0.0","org.axonframework.messaging.eventhandling.GenericEventMessage",13,10,"axon-messaging-5.0.0","org.axonframework.messaging.commandhandling.GenericCommandMessage",4,8,""
0.6666666666666666,"axon-messaging-5.0.0","org.axonframework.messaging.eventhandling.gateway.EventGateway",2,1,"axon-messaging-5.0.0","org.axonframework.messaging.core.annotation.FixedValueParameterResolver",2,2,""
0.6666666666666666,"axon-messaging-5.0.0","org.axonframework.messaging.eventhandling.processing.streaming.pooled.WorkPackage$EventFilter",4,3,"axon-messaging-5.0.0","org.axonframework.messaging.eventhandling.sequencing.SequencingPolicy",13,2,""
0.6666666666666666,"axon-messaging-5.0.0","org.axonframework.messaging.eventhandling.processing.streaming.pooled.WorkPackage$EventFilter",4,3,"axon-modelling-5.0.0","org.axonframework.modelling.EntityEvolver",13,2,""
0.6666666666666666,"axon-messaging-5.0.0","org.axonframework.messaging.eventhandling.processing.streaming.token.TrackingToken",56,4,"axon-messaging-5.0.0","org.axonframework.messaging.eventstreaming.Tag",20,3,""
0.6666666666666666,"axon-messaging-5.0.0","org.axonframework.messaging.eventhandling.processing.streaming.token.store.UnableToRetrieveIdentifierException",2,1,"axon-common-5.0.0","org.axonframework.common.lock.LockAcquisitionFailedException",2,1,""
0.6666666666666666,"axon-messaging-5.0.0","org.axonframework.messaging.eventhandling.processing.streaming.token.store.jdbc.JdbcTokenEntry",1,5,"axon-messaging-5.0.0","org.axonframework.messaging.eventhandling.processing.streaming.token.store.jpa.TokenEntry",1,6,""
0.6666666666666666,"axon-messaging-5.0.0","org.axonframework.messaging.eventhandling.processing.streaming.token.store.jpa.TokenEntry",1,6,"axon-messaging-5.0.0","org.axonframework.messaging.eventhandling.processing.streaming.token.store.jdbc.JdbcTokenEntry",1,5,""
0.6666666666666666,"axon-messaging-5.0.0","org.axonframework.messaging.eventhandling.sequencing.FullConcurrencyPolicy",,3,"axon-messaging-5.0.0","org.axonframework.messaging.eventhandling.sequencing.MetadataSequencingPolicy",,5,""
0.6666666666666666,"axon-messaging-5.0.0","org.axonframework.messaging.eventhandling.sequencing.MetadataSequencingPolicy",,5,"axon-messaging-5.0.0","org.axonframework.messaging.eventhandling.sequencing.FullConcurrencyPolicy",,3,""
0.6666666666666666,"axon-messaging-5.0.0","org.axonframework.messaging.eventhandling.sequencing.SequencingPolicy",13,2,"axon-messaging-5.0.0","org.axonframework.messaging.core.SubscribableEventSource",5,3,""
0.6666666666666666,"axon-messaging-5.0.0","org.axonframework.messaging.eventhandling.sequencing.SequencingPolicy",13,2,"axon-messaging-5.0.0","org.axonframework.messaging.eventhandling.processing.streaming.pooled.WorkPackage$EventFilter",4,3,""
0.6666666666666666,"axon-messaging-5.0.0","org.axonframework.messaging.eventstreaming.Tag",20,3,"axon-messaging-5.0.0","org.axonframework.messaging.eventhandling.processing.streaming.token.TrackingToken",56,4,""
0.6666666666666666,"axon-messaging-5.0.0","org.axonframework.messaging.monitoring.NoOpMessageMonitorCallback",2,1,"axon-metrics-micrometer-5.0.0","org.axonframework.extension.metrics.micrometer.MessageCountingMonitor$1",1,2,""
0.6666666666666666,"axon-messaging-5.0.0","org.axonframework.messaging.monitoring.configuration.DefaultMessageMonitorRegistry$1",1,4,"axon-messaging-5.0.0","org.axonframework.messaging.monitoring.configuration.DefaultMessageMonitorRegistry$2",1,4,""
0.6666666666666666,"axon-messaging-5.0.0","org.axonframework.messaging.monitoring.configuration.DefaultMessageMonitorRegistry$1",1,4,"axon-messaging-5.0.0","org.axonframework.messaging.monitoring.configuration.DefaultMessageMonitorRegistry$3",1,4,""
0.6666666666666666,"axon-messaging-5.0.0","org.axonframework.messaging.monitoring.configuration.DefaultMessageMonitorRegistry$1",1,4,"axon-messaging-5.0.0","org.axonframework.messaging.monitoring.configuration.DefaultMessageMonitorRegistry$4",1,4,""
0.6666666666666666,"axon-messaging-5.0.0","org.axonframework.messaging.monitoring.configuration.DefaultMessageMonitorRegistry$2",1,4,"axon-messaging-5.0.0","org.axonframework.messaging.monitoring.configuration.DefaultMessageMonitorRegistry$3",1,4,""
0.6666666666666666,"axon-messaging-5.0.0","org.axonframework.messaging.monitoring.configuration.DefaultMessageMonitorRegistry$2",1,4,"axon-messaging-5.0.0","org.axonframework.messaging.monitoring.configuration.DefaultMessageMonitorRegistry$4",1,4,""
0.6666666666666666,"axon-messaging-5.0.0","org.axonframework.messaging.monitoring.configuration.DefaultMessageMonitorRegistry$2",1,4,"axon-messaging-5.0.0","org.axonframework.messaging.monitoring.configuration.DefaultMessageMonitorRegistry$5",1,4,""
0.6666666666666666,"axon-messaging-5.0.0","org.axonframework.messaging.monitoring.configuration.DefaultMessageMonitorRegistry$3",1,4,"axon-messaging-5.0.0","org.axonframework.messaging.monitoring.configuration.DefaultMessageMonitorRegistry$2",1,4,""
0.6666666666666666,"axon-messaging-5.0.0","org.axonframework.messaging.monitoring.configuration.DefaultMessageMonitorRegistry$3",1,4,"axon-messaging-5.0.0","org.axonframework.messaging.monitoring.configuration.DefaultMessageMonitorRegistry$4",1,4,""
0.6666666666666666,"axon-messaging-5.0.0","org.axonframework.messaging.monitoring.configuration.DefaultMessageMonitorRegistry$3",1,4,"axon-messaging-5.0.0","org.axonframework.messaging.monitoring.configuration.DefaultMessageMonitorRegistry$5",1,4,""
0.6666666666666666,"axon-messaging-5.0.0","org.axonframework.messaging.monitoring.configuration.DefaultMessageMonitorRegistry$4",1,4,"axon-messaging-5.0.0","org.axonframework.messaging.monitoring.configuration.DefaultMessageMonitorRegistry$2",1,4,""
0.6666666666666666,"axon-messaging-5.0.0","org.axonframework.messaging.monitoring.configuration.DefaultMessageMonitorRegistry$4",1,4,"axon-messaging-5.0.0","org.axonframework.messaging.monitoring.configuration.DefaultMessageMonitorRegistry$3",1,4,""
0.6666666666666666,"axon-messaging-5.0.0","org.axonframework.messaging.monitoring.configuration.DefaultMessageMonitorRegistry$4",1,4,"axon-messaging-5.0.0","org.axonframework.messaging.monitoring.configuration.DefaultMessageMonitorRegistry$5",1,4,""
0.6666666666666666,"axon-messaging-5.0.0","org.axonframework.messaging.monitoring.configuration.DefaultMessageMonitorRegistry$5",1,4,"axon-messaging-5.0.0","org.axonframework.messaging.monitoring.configuration.DefaultMessageMonitorRegistry$2",1,4,""
0.6666666666666666,"axon-messaging-5.0.0","org.axonframework.messaging.monitoring.configuration.DefaultMessageMonitorRegistry$5",1,4,"axon-messaging-5.0.0","org.axonframework.messaging.monitoring.configuration.DefaultMessageMonitorRegistry$3",1,4,""
0.6666666666666666,"axon-messaging-5.0.0","org.axonframework.messaging.monitoring.configuration.DefaultMessageMonitorRegistry$5",1,4,"axon-messaging-5.0.0","org.axonframework.messaging.monitoring.configuration.DefaultMessageMonitorRegistry$4",1,4,""
0.6666666666666666,"axon-messaging-5.0.0","org.axonframework.messaging.queryhandling.CompletedEmitterException",,1,"axon-conversion-5.0.0","org.axonframework.conversion.ConversionException",16,1,""
0.6666666666666666,"axon-messaging-5.0.0","org.axonframework.messaging.queryhandling.DuplicateQueryHandlerSubscriptionException",1,2,"axon-messaging-5.0.0","org.axonframework.messaging.queryhandling.QueryHandlingComponent",5,2,""
0.6666666666666666,"axon-messaging-5.0.0","org.axonframework.messaging.queryhandling.QueryHandlingComponent",5,2,"axon-messaging-5.0.0","org.axonframework.messaging.queryhandling.DuplicateQueryHandlerSubscriptionException",1,2,""
0.6666666666666666,"axon-messaging-5.0.0","org.axonframework.messaging.tracing.attributes.AggregateIdentifierSpanAttributesProvider",,2,"axon-messaging-5.0.0","org.axonframework.messaging.tracing.attributes.MessageIdSpanAttributesProvider",,2,""
0.6666666666666666,"axon-messaging-5.0.0","org.axonframework.messaging.tracing.attributes.AggregateIdentifierSpanAttributesProvider",,2,"axon-messaging-5.0.0","org.axonframework.messaging.tracing.attributes.MessageTypeSpanAttributesProvider",,2,""
0.6666666666666666,"axon-messaging-5.0.0","org.axonframework.messaging.tracing.attributes.AggregateIdentifierSpanAttributesProvider",,2,"axon-messaging-5.0.0","org.axonframework.messaging.tracing.attributes.PayloadTypeSpanAttributesProvider",,2,""
0.6666666666666666,"axon-modelling-5.0.0","org.axonframework.modelling.EntityEvolver",13,2,"axon-messaging-5.0.0","org.axonframework.messaging.core.SubscribableEventSource",5,3,""
0.6666666666666666,"axon-modelling-5.0.0","org.axonframework.modelling.EntityEvolver",13,2,"axon-messaging-5.0.0","org.axonframework.messaging.eventhandling.processing.streaming.pooled.WorkPackage$EventFilter",4,3,""
0.6666666666666666,"axon-modelling-5.0.0","org.axonframework.modelling.configuration.SimpleStateBasedEntityModule$1",1,3,"axon-modelling-5.0.0","org.axonframework.modelling.configuration.SimpleStateBasedEntityModule$2",1,3,""
0.6666666666666666,"axon-modelling-5.0.0","org.axonframework.modelling.configuration.SimpleStateBasedEntityModule$1",1,3,"axon-modelling-5.0.0","org.axonframework.modelling.configuration.SimpleStateBasedEntityModule$3",1,3,""
0.6666666666666666,"axon-modelling-5.0.0","org.axonframework.modelling.configuration.SimpleStateBasedEntityModule$2",1,3,"axon-modelling-5.0.0","org.axonframework.modelling.configuration.SimpleStateBasedEntityModule$1",1,3,""
0.6666666666666666,"axon-modelling-5.0.0","org.axonframework.modelling.configuration.SimpleStateBasedEntityModule$2",1,3,"axon-modelling-5.0.0","org.axonframework.modelling.configuration.SimpleStateBasedEntityModule$3",1,3,""
0.6666666666666666,"axon-modelling-5.0.0","org.axonframework.modelling.configuration.SimpleStateBasedEntityModule$3",1,3,"axon-modelling-5.0.0","org.axonframework.modelling.configuration.SimpleStateBasedEntityModule$1",1,3,""
0.6666666666666666,"axon-modelling-5.0.0","org.axonframework.modelling.configuration.SimpleStateBasedEntityModule$3",1,3,"axon-modelling-5.0.0","org.axonframework.modelling.configuration.SimpleStateBasedEntityModule$2",1,3,""
0.6666666666666666,"axon-test-5.0.0","org.axonframework.test.matchers.PayloadMatcher",2,1,"axon-server-connector-5.0.0","org.axonframework.axonserver.connector.TargetContextResolver",,2,""
0.6666666666666666,"axon-test-5.0.0","org.axonframework.test.matchers.PayloadsMatcher",1,1,"axon-server-connector-5.0.0","org.axonframework.axonserver.connector.TargetContextResolver",,2,""
0.6470588235294118,"axon-messaging-5.0.0","org.axonframework.messaging.commandhandling.GenericCommandMessage",4,8,"axon-messaging-5.0.0","org.axonframework.messaging.queryhandling.GenericQueryMessage",2,8,""
0.6470588235294118,"axon-messaging-5.0.0","org.axonframework.messaging.queryhandling.GenericQueryMessage",2,8,"axon-messaging-5.0.0","org.axonframework.messaging.commandhandling.GenericCommandMessage",4,8,""
0.6451612903225806,"axon-messaging-5.0.0","org.axonframework.messaging.eventhandling.replay.GenericResetContext",,8,"axon-messaging-5.0.0","org.axonframework.messaging.queryhandling.GenericQueryMessage",2,8,""
0.6451612903225806,"axon-messaging-5.0.0","org.axonframework.messaging.queryhandling.GenericQueryMessage",2,8,"axon-messaging-5.0.0","org.axonframework.messaging.eventhandling.replay.GenericResetContext",,8,""
0.6428571428571429,"axon-common-5.0.0","org.axonframework.common.configuration.InstantiatedComponentDefinition",3,5,"axon-common-5.0.0","org.axonframework.common.configuration.LazyInitializedComponentDefinition",7,6,""
0.6428571428571429,"axon-common-5.0.0","org.axonframework.common.configuration.LazyInitializedComponentDefinition",7,6,"axon-common-5.0.0","org.axonframework.common.configuration.InstantiatedComponentDefinition",3,5,""
0.64,"axon-eventsourcing-5.0.0","org.axonframework.eventsourcing.eventstore.InterceptingEventStore$InterceptingAppender",2,7,"axon-messaging-5.0.0","org.axonframework.messaging.eventhandling.InterceptingEventSink$InterceptingPublisher",1,7,""
0.64,"axon-messaging-5.0.0","org.axonframework.messaging.eventhandling.InterceptingEventSink$InterceptingPublisher",1,7,"axon-eventsourcing-5.0.0","org.axonframework.eventsourcing.eventstore.InterceptingEventStore$InterceptingAppender",2,7,""
0.6363636363636364,"axon-messaging-5.0.0","org.axonframework.messaging.core.CompletionCallbackMessageStream",3,6,"axon-messaging-5.0.0","org.axonframework.messaging.core.MessageStreamUtils$Reducer",1,3,""
0.6363636363636364,"axon-messaging-5.0.0","org.axonframework.messaging.core.EmptyContext",1,2,"axon-messaging-5.0.0","org.axonframework.messaging.core.SimpleContext",1,2,""
0.6363636363636364,"axon-messaging-5.0.0","org.axonframework.messaging.core.SimpleContext",1,2,"axon-messaging-5.0.0","org.axonframework.messaging.core.EmptyContext",1,2,""
0.6363636363636364,"axon-messaging-5.0.0","org.axonframework.messaging.core.annotation.DefaultParameterResolverFactory$AnnotatedMetadataParameterResolver",1,4,"axon-messaging-5.0.0","org.axonframework.messaging.core.annotation.PayloadParameterResolver",2,3,""
0.631578947368421,"axon-messaging-5.0.0","org.axonframework.messaging.eventhandling.processing.streaming.token.GlobalSequenceTrackingToken",8,2,"axon-messaging-5.0.0","org.axonframework.messaging.eventhandling.processing.streaming.token.WrappedToken",6,1,""
0.631578947368421,"axon-messaging-5.0.0","org.axonframework.messaging.eventhandling.processing.streaming.token.WrappedToken",6,1,"axon-messaging-5.0.0","org.axonframework.messaging.eventhandling.processing.streaming.token.GlobalSequenceTrackingToken",8,2,""
0.627906976744186,"axon-messaging-5.0.0","org.axonframework.messaging.core.ConcatenatingMessageStream",1,3,"axon-messaging-5.0.0","org.axonframework.messaging.core.OnErrorContinueMessageStream",1,3,""
0.627906976744186,"axon-messaging-5.0.0","org.axonframework.messaging.core.OnErrorContinueMessageStream",1,3,"axon-messaging-5.0.0","org.axonframework.messaging.core.ConcatenatingMessageStream",1,3,""
0.625,"axon-server-connector-5.0.0","org.axonframework.axonserver.connector.TargetContextResolver",,2,"axon-metrics-micrometer-5.0.0","org.axonframework.extension.metrics.micrometer.TagsUtil",1,2,""
0.625,"axon-eventsourcing-5.0.0","org.axonframework.eventsourcing.eventstore.MetadataBasedTagResolver",,4,"axon-eventsourcing-5.0.0","org.axonframework.eventsourcing.eventstore.TooManyTagsOnEventMessageException",1,2,""
0.625,"axon-eventsourcing-5.0.0","org.axonframework.eventsourcing.eventstore.TooManyTagsOnEventMessageException",1,2,"axon-eventsourcing-5.0.0","org.axonframework.eventsourcing.eventstore.MetadataBasedTagResolver",,4,""
0.625,"axon-metrics-micrometer-5.0.0","org.axonframework.extension.metrics.micrometer.TagsUtil",1,2,"axon-server-connector-5.0.0","org.axonframework.axonserver.connector.TargetContextResolver",,2,""
0.625,"axon-metrics-micrometer-5.0.0","org.axonframework.extension.metrics.micrometer.TagsUtil",1,2,"axon-messaging-5.0.0","org.axonframework.messaging.core.correlation.MessageOriginProvider",1,3,""
0.625,"axon-messaging-5.0.0","org.axonframework.messaging.core.DelegatingMessageStream",6,2,"axon-messaging-5.0.0","org.axonframework.messaging.core.MessageStreamUtils$Reducer",1,3,""
0.625,"axon-messaging-5.0.0","org.axonframework.messaging.core.annotation.SourceIdParameterResolverFactory$SourceIdParameterResolver",1,4,"axon-messaging-5.0.0","org.axonframework.messaging.core.unitofwork.annotation.ProcessingContextParameterResolverFactory$ProcessingContextParameterResolver",1,2,""
0.625,"axon-messaging-5.0.0","org.axonframework.messaging.core.correlation.MessageOriginProvider",1,3,"axon-metrics-micrometer-5.0.0","org.axonframework.extension.metrics.micrometer.TagsUtil",1,2,""
0.625,"axon-messaging-5.0.0","org.axonframework.messaging.core.unitofwork.annotation.ProcessingContextParameterResolverFactory$ProcessingContextParameterResolver",1,2,"axon-messaging-5.0.0","org.axonframework.messaging.core.annotation.SourceIdParameterResolverFactory$SourceIdParameterResolver",1,4,""
0.625,"axon-messaging-5.0.0","org.axonframework.messaging.core.unitofwork.annotation.ProcessingContextParameterResolverFactory$ProcessingContextParameterResolver",1,2,"axon-messaging-5.0.0","org.axonframework.messaging.eventhandling.annotation.SequenceNumberParameterResolverFactory$SequenceNumberParameterResolver",1,4,""
0.625,"axon-messaging-5.0.0","org.axonframework.messaging.eventhandling.annotation.SequenceNumberParameterResolverFactory$SequenceNumberParameterResolver",1,4,"axon-messaging-5.0.0","org.axonframework.messaging.core.unitofwork.annotation.ProcessingContextParameterResolverFactory$ProcessingContextParameterResolver",1,2,""
0.6206896551724138,"axon-modelling-5.0.0","org.axonframework.modelling.entity.ConcreteEntityMetamodel$Builder",1,9,"axon-modelling-5.0.0","org.axonframework.modelling.entity.PolymorphicEntityMetamodelBuilder",4,7,""
0.6206896551724138,"axon-modelling-5.0.0","org.axonframework.modelling.entity.PolymorphicEntityMetamodelBuilder",4,7,"axon-modelling-5.0.0","org.axonframework.modelling.entity.ConcreteEntityMetamodel$Builder",1,9,""
0.6190476190476191,"axon-modelling-5.0.0","org.axonframework.modelling.entity.child.ListEntityChildMetamodel$Builder",3,6,"axon-modelling-5.0.0","org.axonframework.modelling.entity.child.SingleEntityChildMetamodel$Builder",3,6,""
0.6190476190476191,"axon-modelling-5.0.0","org.axonframework.modelling.entity.child.SingleEntityChildMetamodel$Builder",3,6,"axon-modelling-5.0.0","org.axonframework.modelling.entity.child.ListEntityChildMetamodel$Builder",3,6,""
0.6176470588235294,"axon-messaging-5.0.0","org.axonframework.messaging.commandhandling.GenericCommandMessage",4,8,"axon-messaging-5.0.0","org.axonframework.messaging.eventhandling.replay.GenericResetContext",,8,""
0.6176470588235294,"axon-messaging-5.0.0","org.axonframework.messaging.eventhandling.replay.GenericResetContext",,8,"axon-messaging-5.0.0","org.axonframework.messaging.commandhandling.GenericCommandMessage",4,8,""
0.6153846153846154,"axon-messaging-5.0.0","org.axonframework.messaging.eventhandling.processing.streaming.segmenting.Segment",23,4,"axon-messaging-5.0.0","org.axonframework.messaging.eventhandling.processing.streaming.token.TrackingToken",56,4,""
0.6153846153846154,"axon-messaging-5.0.0","org.axonframework.messaging.eventhandling.processing.streaming.token.TrackingToken",56,4,"axon-messaging-5.0.0","org.axonframework.messaging.eventhandling.processing.streaming.segmenting.Segment",23,4,""
0.6111111111111112,"axon-messaging-5.0.0","org.axonframework.messaging.commandhandling.annotation.MethodCommandHandlerDefinition$MethodCommandHandlingMember",1,6,"axon-messaging-5.0.0","org.axonframework.messaging.core.interception.annotation.MessageHandlerInterceptorDefinition$InterceptedMessageHandlingMember",1,7,""
0.6111111111111112,"axon-messaging-5.0.0","org.axonframework.messaging.core.interception.annotation.MessageHandlerInterceptorDefinition$InterceptedMessageHandlingMember",1,7,"axon-messaging-5.0.0","org.axonframework.messaging.commandhandling.annotation.MethodCommandHandlerDefinition$MethodCommandHandlingMember",1,6,""
0.6071428571428571,"axon-messaging-5.0.0","org.axonframework.messaging.core.EmptyMessageStream",1,6,"axon-messaging-5.0.0","org.axonframework.messaging.core.FailedMessageStream",1,5,""
0.6071428571428571,"axon-messaging-5.0.0","org.axonframework.messaging.core.FailedMessageStream",1,5,"axon-messaging-5.0.0","org.axonframework.messaging.core.EmptyMessageStream",1,6,""
0.6046511627906976,"axon-messaging-5.0.0","org.axonframework.messaging.commandhandling.GenericCommandResultMessage",4,8,"axon-messaging-5.0.0","org.axonframework.messaging.queryhandling.GenericQueryResponseMessage",2,9,""
0.6046511627906976,"axon-messaging-5.0.0","org.axonframework.messaging.queryhandling.GenericQueryResponseMessage",2,9,"axon-messaging-5.0.0","org.axonframework.messaging.commandhandling.GenericCommandResultMessage",4,8,""
0.6,"axon-server-connector-5.0.0","org.axonframework.axonserver.connector.AxonServerException",1,2,"axon-common-5.0.0","org.axonframework.common.AxonNonTransientException",15,1,""
0.6,"axon-server-connector-5.0.0","org.axonframework.axonserver.connector.AxonServerException",1,2,"axon-common-5.0.0","org.axonframework.common.ProcessRetriesExhaustedException",1,1,""
0.6,"axon-common-5.0.0","org.axonframework.common.caching.Cache",3,3,"axon-common-5.0.0","org.axonframework.common.caching.NoCache",,3,""
0.6,"axon-common-5.0.0","org.axonframework.common.caching.NoCache",,3,"axon-common-5.0.0","org.axonframework.common.caching.Cache",3,3,""
0.6,"axon-eventsourcing-5.0.0","org.axonframework.eventsourcing.eventstore.EventCoordinator$1",1,3,"axon-eventsourcing-5.0.0","org.axonframework.eventsourcing.eventstore.jpa.JpaPollingEventCoordinator$1",1,3,""
0.6,"axon-eventsourcing-5.0.0","org.axonframework.eventsourcing.eventstore.jpa.JpaPollingEventCoordinator$1",1,3,"axon-eventsourcing-5.0.0","org.axonframework.eventsourcing.eventstore.EventCoordinator$1",1,3,""
0.6,"axon-messaging-5.0.0","org.axonframework.messaging.commandhandling.gateway.FutureCommandResult",1,2,"axon-test-5.0.0","org.axonframework.test.matchers.PayloadMatcher",2,1,""
0.6,"axon-messaging-5.0.0","org.axonframework.messaging.commandhandling.gateway.FutureCommandResult",1,2,"axon-test-5.0.0","org.axonframework.test.matchers.PayloadsMatcher",1,1,""
0.6,"axon-messaging-5.0.0","org.axonframework.messaging.core.FilteringMessageStream$Single",2,4,"axon-messaging-5.0.0","org.axonframework.messaging.core.OnNextMessageStream$Single",2,4,""
0.6,"axon-messaging-5.0.0","org.axonframework.messaging.core.MessageDispatchInterceptor",30,4,"axon-messaging-5.0.0","org.axonframework.messaging.core.MessageHandlerInterceptor",32,4,""
0.6,"axon-messaging-5.0.0","org.axonframework.messaging.core.MessageHandlerInterceptor",32,4,"axon-messaging-5.0.0","org.axonframework.messaging.core.MessageDispatchInterceptor",30,4,""
0.6,"axon-messaging-5.0.0","org.axonframework.messaging.core.OnNextMessageStream$Single",2,4,"axon-messaging-5.0.0","org.axonframework.messaging.core.FilteringMessageStream$Single",2,4,""
0.6,"axon-messaging-5.0.0","org.axonframework.messaging.core.annotation.FixedValueParameterResolver",2,2,"axon-messaging-5.0.0","org.axonframework.messaging.core.unitofwork.annotation.ProcessingContextParameterResolverFactory$ProcessingContextParameterResolver",1,2,""
0.6,"axon-messaging-5.0.0","org.axonframework.messaging.core.configuration.reflection.ConfigurationParameterResolverConfigurationEnhancer",,4,"axon-modelling-5.0.0","org.axonframework.modelling.annotation.InjectEntityParameterResolverFactoryConfigurationEnhancer",,4,""
0.6,"axon-messaging-5.0.0","org.axonframework.messaging.core.unitofwork.annotation.ProcessingContextParameterResolverFactory$ProcessingContextParameterResolver",1,2,"axon-messaging-5.0.0","org.axonframework.messaging.core.annotation.FixedValueParameterResolver",2,2,""
0.6,"axon-messaging-5.0.0","org.axonframework.messaging.eventhandling.DelegatingEventHandlingComponent",4,8,"axon-messaging-5.0.0","org.axonframework.messaging.eventhandling.processing.streaming.segmenting.SequenceOverridingEventHandlingComponent",,10,""
0.6,"axon-messaging-5.0.0","org.axonframework.messaging.eventhandling.processing.streaming.segmenting.SequenceOverridingEventHandlingComponent",,10,"axon-messaging-5.0.0","org.axonframework.messaging.eventhandling.DelegatingEventHandlingComponent",4,8,""
0.6,"axon-messaging-5.0.0","org.axonframework.messaging.eventhandling.sequencing.FullConcurrencyPolicy",,3,"axon-messaging-5.0.0","org.axonframework.messaging.eventhandling.sequencing.SequentialPolicy",2,4,""
0.6,"axon-messaging-5.0.0","org.axonframework.messaging.eventhandling.sequencing.FullConcurrencyPolicy",,3,"axon-modelling-5.0.0","org.axonframework.modelling.entity.child.EventTargetMatcher",12,2,""
0.6,"axon-messaging-5.0.0","org.axonframework.messaging.eventhandling.sequencing.SequentialPolicy",2,4,"axon-messaging-5.0.0","org.axonframework.messaging.eventhandling.sequencing.FullConcurrencyPolicy",,3,""
0.6,"axon-messaging-5.0.0","org.axonframework.messaging.queryhandling.interception.InterceptingQueryBus$QueryInterceptingDispatcher",1,6,"axon-messaging-5.0.0","org.axonframework.messaging.queryhandling.interception.InterceptingQueryBus$SubscribeToUpdatesInterceptingDispatcher",1,7,""
0.6,"axon-messaging-5.0.0","org.axonframework.messaging.queryhandling.interception.InterceptingQueryBus$SubscribeToUpdatesInterceptingDispatcher",1,7,"axon-messaging-5.0.0","org.axonframework.messaging.queryhandling.interception.InterceptingQueryBus$QueryInterceptingDispatcher",1,6,""
0.6,"axon-modelling-5.0.0","org.axonframework.modelling.annotation.InjectEntityParameterResolverFactoryConfigurationEnhancer",,4,"axon-messaging-5.0.0","org.axonframework.messaging.core.configuration.reflection.ConfigurationParameterResolverConfigurationEnhancer",,4,""
0.6,"axon-modelling-5.0.0","org.axonframework.modelling.entity.child.EventTargetMatcher",12,2,"axon-messaging-5.0.0","org.axonframework.messaging.eventhandling.sequencing.FullConcurrencyPolicy",,3,""
0.6,"axon-test-5.0.0","org.axonframework.test.FixtureResourceParameterResolverFactory$FailingParameterResolver",1,3,"axon-messaging-5.0.0","org.axonframework.messaging.core.annotation.FixedValueParameterResolver",2,2,""
0.5925925925925926,"axon-messaging-5.0.0","org.axonframework.messaging.core.CompletionCallbackMessageStream",3,6,"axon-messaging-5.0.0","org.axonframework.messaging.core.FilteringMessageStream",2,4,""
0.5925925925925926,"axon-messaging-5.0.0","org.axonframework.messaging.core.FilteringMessageStream",2,4,"axon-messaging-5.0.0","org.axonframework.messaging.core.CompletionCallbackMessageStream",3,6,""
0.5833333333333334,"axon-messaging-5.0.0","org.axonframework.messaging.core.retry.ExponentialBackOffRetryPolicy",,4,"axon-messaging-5.0.0","org.axonframework.messaging.core.retry.FilteringRetryPolicy",,4,""
0.5833333333333334,"axon-messaging-5.0.0","org.axonframework.messaging.core.retry.ExponentialBackOffRetryPolicy",,4,"axon-messaging-5.0.0","org.axonframework.messaging.core.retry.MaxAttemptsPolicy",,4,""
0.5833333333333334,"axon-messaging-5.0.0","org.axonframework.messaging.core.retry.FilteringRetryPolicy",,4,"axon-messaging-5.0.0","org.axonframework.messaging.core.retry.ExponentialBackOffRetryPolicy",,4,""
0.5833333333333334,"axon-messaging-5.0.0","org.axonframework.messaging.core.retry.MaxAttemptsPolicy",,4,"axon-messaging-5.0.0","org.axonframework.messaging.core.retry.ExponentialBackOffRetryPolicy",,4,""
0.5806451612903226,"axon-messaging-5.0.0","org.axonframework.messaging.eventhandling.interception.EventMessageHandlerInterceptorChain",1,10,"axon-messaging-5.0.0","org.axonframework.messaging.eventhandling.interception.EventMessageHandlerInterceptorChain$InterceptingHandler",1,8,""
0.5806451612903226,"axon-messaging-5.0.0","org.axonframework.messaging.eventhandling.interception.EventMessageHandlerInterceptorChain$InterceptingHandler",1,8,"axon-messaging-5.0.0","org.axonframework.messaging.eventhandling.interception.EventMessageHandlerInterceptorChain",1,10,""
0.5769230769230769,"axon-messaging-5.0.0","org.axonframework.messaging.core.DefaultMessageDispatchInterceptorChain",7,8,"axon-messaging-5.0.0","org.axonframework.messaging.core.DefaultMessageDispatchInterceptorChain$InterceptingDispatcher",1,6,""
0.5769230769230769,"axon-messaging-5.0.0","org.axonframework.messaging.core.DefaultMessageDispatchInterceptorChain$InterceptingDispatcher",1,6,"axon-messaging-5.0.0","org.axonframework.messaging.core.DefaultMessageDispatchInterceptorChain",7,8,""
0.5714285714285714,"axon-common-5.0.0","org.axonframework.common.BuilderUtils",32,3,"axon-common-5.0.0","org.axonframework.common.digest.Digester",,1,""
0.5714285714285714,"axon-common-5.0.0","org.axonframework.common.digest.Digester",,1,"axon-common-5.0.0","org.axonframework.common.BuilderUtils",32,3,""
0.5714285714285714,"axon-eventsourcing-5.0.0","org.axonframework.eventsourcing.eventstore.MetadataBasedTagResolver",,4,"axon-eventsourcing-5.0.0","org.axonframework.eventsourcing.eventstore.TaggedEventMessage",15,2,""
0.5714285714285714,"axon-eventsourcing-5.0.0","org.axonframework.eventsourcing.eventstore.TaggedEventMessage",15,2,"axon-eventsourcing-5.0.0","org.axonframework.eventsourcing.eventstore.MetadataBasedTagResolver",,4,""
0.5714285714285714,"axon-messaging-5.0.0","org.axonframework.messaging.commandhandling.distributed.DistributedCommandBusConfiguration",3,3,"axon-messaging-5.0.0","org.axonframework.messaging.queryhandling.distributed.DistributedQueryBusConfiguration",3,3,""
0.5714285714285714,"axon-messaging-5.0.0","org.axonframework.messaging.core.DelegatingMessageStream",6,2,"axon-messaging-5.0.0","org.axonframework.messaging.core.FluxUtils$FluxStreamAdapter",1,3,""
0.5714285714285714,"axon-messaging-5.0.0","org.axonframework.messaging.core.FluxUtils$FluxStreamAdapter",1,3,"axon-messaging-5.0.0","org.axonframework.messaging.core.DelegatingMessageStream",6,2,""
0.5714285714285714,"axon-messaging-5.0.0","org.axonframework.messaging.core.conversion.MessageConverter",21,2,"axon-server-connector-5.0.0","org.axonframework.axonserver.connector.TargetContextResolver",,2,""
0.5714285714285714,"axon-messaging-5.0.0","org.axonframework.messaging.core.correlation.SimpleCorrelationDataProvider",,3,"axon-messaging-5.0.0","org.axonframework.messaging.core.correlation.MessageOriginProvider",1,3,""
0.5714285714285714,"axon-messaging-5.0.0","org.axonframework.messaging.eventhandling.sequencing.ExtractionSequencingPolicy",1,4,"axon-messaging-5.0.0","org.axonframework.messaging.eventhandling.sequencing.FullConcurrencyPolicy",,3,""
0.5714285714285714,"axon-messaging-5.0.0","org.axonframework.messaging.eventhandling.sequencing.ExtractionSequencingPolicy",1,4,"axon-modelling-5.0.0","org.axonframework.modelling.entity.child.EventTargetMatcher",12,2,""
0.5714285714285714,"axon-messaging-5.0.0","org.axonframework.messaging.queryhandling.distributed.DistributedQueryBusConfiguration",3,3,"axon-messaging-5.0.0","org.axonframework.messaging.commandhandling.distributed.DistributedCommandBusConfiguration",3,3,""
0.5714285714285714,"axon-modelling-5.0.0","org.axonframework.modelling.entity.child.EventTargetMatcher",12,2,"axon-messaging-5.0.0","org.axonframework.messaging.eventhandling.sequencing.ExtractionSequencingPolicy",1,4,""
0.5714285714285714,"axon-modelling-5.0.0","org.axonframework.modelling.entity.child.ListEntityChildMetamodel",3,6,"axon-modelling-5.0.0","org.axonframework.modelling.entity.child.SingleEntityChildMetamodel",3,6,""
0.5714285714285714,"axon-modelling-5.0.0","org.axonframework.modelling.entity.child.SingleEntityChildMetamodel",3,6,"axon-modelling-5.0.0","org.axonframework.modelling.entity.child.ListEntityChildMetamodel",3,6,""
0.5714285714285714,"axon-test-5.0.0","org.axonframework.test.fixture.AxonTestFixture$Customization",10,2,"axon-test-5.0.0","org.axonframework.test.matchers.MatchAllFieldFilter",1,1,""
0.5714285714285714,"axon-test-5.0.0","org.axonframework.test.matchers.MatchAllFieldFilter",1,1,"axon-test-5.0.0","org.axonframework.test.fixture.AxonTestFixture$Customization",10,2,""
0.5666666666666667,"axon-messaging-5.0.0","org.axonframework.messaging.queryhandling.interception.QueryMessageHandlerInterceptorChain",1,10,"axon-messaging-5.0.0","org.axonframework.messaging.queryhandling.interception.QueryMessageHandlerInterceptorChain$InterceptingHandler",1,8,""
0.5666666666666667,"axon-messaging-5.0.0","org.axonframework.messaging.queryhandling.interception.QueryMessageHandlerInterceptorChain$InterceptingHandler",1,8,"axon-messaging-5.0.0","org.axonframework.messaging.queryhandling.interception.QueryMessageHandlerInterceptorChain",1,10,""
0.5652173913043478,"axon-messaging-5.0.0","org.axonframework.messaging.core.FailedMessageStream",1,5,"axon-messaging-5.0.0","org.axonframework.messaging.core.MappedMessageStream",2,5,""
0.5652173913043478,"axon-messaging-5.0.0","org.axonframework.messaging.core.MappedMessageStream",2,5,"axon-messaging-5.0.0","org.axonframework.messaging.core.FailedMessageStream",1,5,""
0.5641025641025641,"axon-messaging-5.0.0","org.axonframework.messaging.eventhandling.GenericEventMessage",13,10,"axon-messaging-5.0.0","org.axonframework.messaging.queryhandling.GenericQueryMessage",2,8,""
0.5641025641025641,"axon-messaging-5.0.0","org.axonframework.messaging.queryhandling.GenericQueryMessage",2,8,"axon-messaging-5.0.0","org.axonframework.messaging.eventhandling.GenericEventMessage",13,10,""
0.5625,"axon-metrics-micrometer-5.0.0","org.axonframework.extension.metrics.micrometer.EventProcessorLatencyMonitor$Builder",2,3,"axon-metrics-micrometer-5.0.0","org.axonframework.extension.metrics.micrometer.MessageTimerMonitor$Builder",2,3,""
0.5625,"axon-metrics-micrometer-5.0.0","org.axonframework.extension.metrics.micrometer.MessageTimerMonitor$Builder",2,3,"axon-metrics-micrometer-5.0.0","org.axonframework.extension.metrics.micrometer.EventProcessorLatencyMonitor$Builder",2,3,""
0.5625,"axon-messaging-5.0.0","org.axonframework.messaging.commandhandling.interception.CommandMessageHandlerInterceptorChain",1,11,"axon-messaging-5.0.0","org.axonframework.messaging.commandhandling.interception.CommandMessageHandlerInterceptorChain$InterceptingHandler",1,9,""
0.5625,"axon-messaging-5.0.0","org.axonframework.messaging.commandhandling.interception.CommandMessageHandlerInterceptorChain$InterceptingHandler",1,9,"axon-messaging-5.0.0","org.axonframework.messaging.commandhandling.interception.CommandMessageHandlerInterceptorChain",1,11,""
0.5609756097560976,"axon-messaging-5.0.0","org.axonframework.messaging.core.GenericResultMessage",3,8,"axon-messaging-5.0.0","org.axonframework.messaging.commandhandling.GenericCommandMessage",4,8,""
0.56,"axon-messaging-5.0.0","org.axonframework.messaging.commandhandling.CommandResultMessage",37,4,"axon-messaging-5.0.0","org.axonframework.messaging.commandhandling.CommandMessage",70,3,""
0.56,"axon-messaging-5.0.0","org.axonframework.messaging.queryhandling.QueryResponseMessage",29,4,"axon-messaging-5.0.0","org.axonframework.messaging.commandhandling.CommandMessage",70,3,""
0.5573770491803278,"axon-messaging-5.0.0","org.axonframework.messaging.core.ConcatenatingMessageStream",1,3,"axon-messaging-5.0.0","org.axonframework.messaging.core.DelayedMessageStream",7,7,""
0.5573770491803278,"axon-messaging-5.0.0","org.axonframework.messaging.core.DelayedMessageStream",7,7,"axon-messaging-5.0.0","org.axonframework.messaging.core.ConcatenatingMessageStream",1,3,""
0.5555555555555556,"axon-messaging-5.0.0","org.axonframework.messaging.commandhandling.annotation.CommandDispatcherParameterResolverFactoryConfigurationEnhancer",,6,"axon-messaging-5.0.0","org.axonframework.messaging.core.reflection.ClasspathParameterResolverConfigurationEnhancer",,6,""
0.5555555555555556,"axon-messaging-5.0.0","org.axonframework.messaging.commandhandling.annotation.CommandDispatcherParameterResolverFactoryConfigurationEnhancer",,6,"axon-messaging-5.0.0","org.axonframework.messaging.eventhandling.annotation.EventAppenderParameterResolverFactoryConfigurationEnhancer",,6,""
0.5555555555555556,"axon-messaging-5.0.0","org.axonframework.messaging.core.OnNextMessageStream",2,5,"axon-messaging-5.0.0","org.axonframework.messaging.core.MessageStreamUtils$Reducer",1,3,""
0.5555555555555556,"axon-messaging-5.0.0","org.axonframework.messaging.core.annotation.AggregateTypeParameterResolverFactory$AggregateTypeParameterResolver",1,5,"axon-messaging-5.0.0","org.axonframework.messaging.core.unitofwork.annotation.ProcessingContextParameterResolverFactory$ProcessingContextParameterResolver",1,2,""
0.5555555555555556,"axon-messaging-5.0.0","org.axonframework.messaging.core.reflection.ClasspathParameterResolverConfigurationEnhancer",,6,"axon-messaging-5.0.0","org.axonframework.messaging.commandhandling.annotation.CommandDispatcherParameterResolverFactoryConfigurationEnhancer",,6,""
0.5555555555555556,"axon-messaging-5.0.0","org.axonframework.messaging.core.reflection.ClasspathParameterResolverConfigurationEnhancer",,6,"axon-messaging-5.0.0","org.axonframework.messaging.eventhandling.annotation.EventAppenderParameterResolverFactoryConfigurationEnhancer",,6,""
0.5555555555555556,"axon-messaging-5.0.0","org.axonframework.messaging.eventhandling.annotation.EventAppenderParameterResolverFactoryConfigurationEnhancer",,6,"axon-messaging-5.0.0","org.axonframework.messaging.commandhandling.annotation.CommandDispatcherParameterResolverFactoryConfigurationEnhancer",,6,""
0.5555555555555556,"axon-messaging-5.0.0","org.axonframework.messaging.eventhandling.annotation.EventAppenderParameterResolverFactoryConfigurationEnhancer",,6,"axon-messaging-5.0.0","org.axonframework.messaging.core.reflection.ClasspathParameterResolverConfigurationEnhancer",,6,""
0.5555555555555556,"axon-messaging-5.0.0","org.axonframework.messaging.eventhandling.processing.streaming.token.GapAwareTrackingToken",3,3,"axon-messaging-5.0.0","org.axonframework.messaging.eventhandling.processing.streaming.token.GlobalSequenceTrackingToken",8,2,""
0.5555555555555556,"axon-messaging-5.0.0","org.axonframework.messaging.eventhandling.processing.streaming.token.GlobalSequenceTrackingToken",8,2,"axon-messaging-5.0.0","org.axonframework.messaging.eventhandling.processing.streaming.token.GapAwareTrackingToken",3,3,""
0.5526315789473685,"axon-messaging-5.0.0","org.axonframework.messaging.core.GenericResultMessage",3,8,"axon-messaging-5.0.0","org.axonframework.messaging.eventhandling.replay.GenericResetContext",,8,""
0.5526315789473685,"axon-messaging-5.0.0","org.axonframework.messaging.eventhandling.replay.GenericResetContext",,8,"axon-messaging-5.0.0","org.axonframework.messaging.core.GenericResultMessage",3,8,""
0.5490196078431373,"axon-server-connector-5.0.0","org.axonframework.axonserver.connector.AxonServerConfiguration$Builder",1,2,"axon-server-connector-5.0.0","org.axonframework.axonserver.connector.AxonServerConnectionManager$Builder",2,8,""
0.5490196078431373,"axon-server-connector-5.0.0","org.axonframework.axonserver.connector.AxonServerConnectionManager$Builder",2,8,"axon-server-connector-5.0.0","org.axonframework.axonserver.connector.AxonServerConfiguration$Builder",1,2,""
0.5454545454545454,"axon-messaging-5.0.0","org.axonframework.messaging.core.Context",24,4,"axon-messaging-5.0.0","org.axonframework.messaging.core.LegacyResources",7,1,""
0.5454545454545454,"axon-messaging-5.0.0","org.axonframework.messaging.core.LegacyResources",7,1,"axon-messaging-5.0.0","org.axonframework.messaging.core.Context",24,4,""
0.5454545454545454,"axon-messaging-5.0.0","org.axonframework.messaging.core.annotation.MessageHandlingMember",38,4,"axon-messaging-5.0.0","org.axonframework.messaging.core.annotation.PayloadParameterResolver",2,3,""
0.5454545454545454,"axon-modelling-5.0.0","org.axonframework.modelling.annotation.AnnotationBasedEntityIdResolverDefinition",,5,"axon-modelling-5.0.0","org.axonframework.modelling.entity.annotation.AnnotatedEntityIdResolverDefinition",1,7,""
0.5454545454545454,"axon-modelling-5.0.0","org.axonframework.modelling.entity.annotation.AnnotatedEntityIdResolverDefinition",1,7,"axon-modelling-5.0.0","org.axonframework.modelling.annotation.AnnotationBasedEntityIdResolverDefinition",,5,""
0.5384615384615384,"axon-tracing-opentelemetry-5.0.0","org.axonframework.extension.tracing.opentelemetry.MetadataContextGetter",1,2,"axon-messaging-5.0.0","org.axonframework.messaging.core.annotation.DefaultParameterResolverFactory$AnnotatedMetadataParameterResolver",1,4,""
0.5384615384615384,"axon-messaging-5.0.0","org.axonframework.messaging.core.CloseCallbackMessageStream",1,6,"axon-messaging-5.0.0","org.axonframework.messaging.core.FailedMessageStream",1,5,""
0.5384615384615384,"axon-messaging-5.0.0","org.axonframework.messaging.core.FailedMessageStream",1,5,"axon-messaging-5.0.0","org.axonframework.messaging.core.CloseCallbackMessageStream",1,6,""
0.5384615384615384,"axon-messaging-5.0.0","org.axonframework.messaging.core.GenericResultMessage",3,8,"axon-messaging-5.0.0","org.axonframework.messaging.queryhandling.GenericQueryMessage",2,8,""
0.5384615384615384,"axon-messaging-5.0.0","org.axonframework.messaging.core.annotation.ClasspathParameterResolverFactory",5,2,"axon-messaging-5.0.0","org.axonframework.messaging.core.annotation.HierarchicalParameterResolverFactory",1,3,""
0.5384615384615384,"axon-messaging-5.0.0","org.axonframework.messaging.core.annotation.HierarchicalParameterResolverFactory",1,3,"axon-messaging-5.0.0","org.axonframework.messaging.core.annotation.ClasspathParameterResolverFactory",5,2,""
0.5384615384615384,"axon-messaging-5.0.0","org.axonframework.messaging.eventhandling.GenericEventMessage",13,10,"axon-messaging-5.0.0","org.axonframework.messaging.eventhandling.replay.GenericResetContext",,8,""
0.5384615384615384,"axon-messaging-5.0.0","org.axonframework.messaging.eventhandling.processing.streaming.token.GapAwareTrackingToken",3,3,"axon-messaging-5.0.0","org.axonframework.messaging.eventhandling.processing.streaming.pooled.Coordinator$NoToken",2,1,""
0.5384615384615384,"axon-messaging-5.0.0","org.axonframework.messaging.eventhandling.processing.streaming.token.annotation.TrackingTokenParameterResolverFactory$TrackingTokenParameterResolver",1,5,"axon-messaging-5.0.0","org.axonframework.messaging.eventhandling.processing.streaming.pooled.Coordinator$NoToken",2,1,""
0.5333333333333333,"axon-messaging-5.0.0","org.axonframework.messaging.core.MessageStreamUtils$FirstResult",1,3,"axon-messaging-5.0.0","org.axonframework.messaging.core.OnNextMessageStream",2,5,""
0.5333333333333333,"axon-messaging-5.0.0","org.axonframework.messaging.core.OnNextMessageStream",2,5,"axon-messaging-5.0.0","org.axonframework.messaging.core.MessageStreamUtils$FirstResult",1,3,""
0.5333333333333333,"axon-messaging-5.0.0","org.axonframework.messaging.eventhandling.replay.annotation.ReplayContextParameterResolverFactory$ReplayContextParameterResolver",1,6,"axon-messaging-5.0.0","org.axonframework.messaging.eventhandling.replay.annotation.ReplayParameterResolverFactory$ReplayParameterResolver",1,7,""
0.5333333333333333,"axon-messaging-5.0.0","org.axonframework.messaging.eventhandling.replay.annotation.ReplayParameterResolverFactory$ReplayParameterResolver",1,7,"axon-messaging-5.0.0","org.axonframework.messaging.eventhandling.replay.annotation.ReplayContextParameterResolverFactory$ReplayContextParameterResolver",1,6,""
0.5294117647058824,"axon-conversion-5.0.0","org.axonframework.conversion.ChainedConverter",1,5,"axon-conversion-5.0.0","org.axonframework.conversion.ChainingContentTypeConverter",3,5,""
0.5294117647058824,"axon-conversion-5.0.0","org.axonframework.conversion.ChainingContentTypeConverter",3,5,"axon-conversion-5.0.0","org.axonframework.conversion.ChainedConverter",1,5,""
0.5294117647058824,"axon-messaging-5.0.0","org.axonframework.messaging.core.IteratorMessageStream",1,3,"axon-messaging-5.0.0","org.axonframework.messaging.core.MappedMessageStream",2,5,""
0.5294117647058824,"axon-messaging-5.0.0","org.axonframework.messaging.core.MappedMessageStream",2,5,"axon-messaging-5.0.0","org.axonframework.messaging.core.IteratorMessageStream",1,3,""
0.5294117647058824,"axon-messaging-5.0.0","org.axonframework.messaging.core.interception.DefaultDispatchInterceptorRegistry$GenericInterceptorDefinition",1,6,"axon-messaging-5.0.0","org.axonframework.messaging.core.interception.DefaultHandlerInterceptorRegistry$GenericInterceptorDefinition",1,6,""
0.5294117647058824,"axon-messaging-5.0.0","org.axonframework.messaging.core.interception.DefaultDispatchInterceptorRegistry$GenericInterceptorDefinition",1,6,"axon-messaging-5.0.0","org.axonframework.messaging.monitoring.configuration.DefaultMessageMonitorRegistry$GenericMonitorDefinition",1,6,""
0.5294117647058824,"axon-messaging-5.0.0","org.axonframework.messaging.core.interception.DefaultHandlerInterceptorRegistry$GenericInterceptorDefinition",1,6,"axon-messaging-5.0.0","org.axonframework.messaging.core.interception.DefaultDispatchInterceptorRegistry$GenericInterceptorDefinition",1,6,""
0.5294117647058824,"axon-messaging-5.0.0","org.axonframework.messaging.core.interception.DefaultHandlerInterceptorRegistry$GenericInterceptorDefinition",1,6,"axon-messaging-5.0.0","org.axonframework.messaging.monitoring.configuration.DefaultMessageMonitorRegistry$GenericMonitorDefinition",1,6,""
0.5294117647058824,"axon-messaging-5.0.0","org.axonframework.messaging.monitoring.configuration.DefaultMessageMonitorRegistry$GenericMonitorDefinition",1,6,"axon-messaging-5.0.0","org.axonframework.messaging.core.interception.DefaultDispatchInterceptorRegistry$GenericInterceptorDefinition",1,6,""
0.5294117647058824,"axon-messaging-5.0.0","org.axonframework.messaging.monitoring.configuration.DefaultMessageMonitorRegistry$GenericMonitorDefinition",1,6,"axon-messaging-5.0.0","org.axonframework.messaging.core.interception.DefaultHandlerInterceptorRegistry$GenericInterceptorDefinition",1,6,""
0.5263157894736842,"axon-messaging-5.0.0","org.axonframework.messaging.core.annotation.HierarchicalParameterResolverFactory",1,3,"axon-messaging-5.0.0","org.axonframework.messaging.core.annotation.MultiParameterResolverFactory",2,3,""
0.5263157894736842,"axon-messaging-5.0.0","org.axonframework.messaging.core.annotation.MultiParameterResolverFactory",2,3,"axon-messaging-5.0.0","org.axonframework.messaging.core.annotation.HierarchicalParameterResolverFactory",1,3,""
0.5263157894736842,"axon-messaging-5.0.0","org.axonframework.messaging.core.conversion.DelegatingMessageConverter",3,5,"axon-messaging-5.0.0","org.axonframework.messaging.commandhandling.CommandMessage",70,3,""
0.5263157894736842,"axon-messaging-5.0.0","org.axonframework.messaging.core.conversion.DelegatingMessageConverter",3,5,"axon-messaging-5.0.0","org.axonframework.messaging.eventhandling.EventMessage",136,3,""
0.5263157894736842,"axon-messaging-5.0.0","org.axonframework.messaging.core.conversion.DelegatingMessageConverter",3,5,"axon-messaging-5.0.0","org.axonframework.messaging.queryhandling.QueryMessage",46,3,""
0.5263157894736842,"axon-messaging-5.0.0","org.axonframework.messaging.eventhandling.gateway.DefaultEventGateway",1,6,"axon-messaging-5.0.0","org.axonframework.messaging.eventhandling.gateway.ProcessingContextEventAppender",1,8,""
0.5263157894736842,"axon-messaging-5.0.0","org.axonframework.messaging.eventhandling.gateway.ProcessingContextEventAppender",1,8,"axon-messaging-5.0.0","org.axonframework.messaging.eventhandling.gateway.DefaultEventGateway",1,6,""
0.5238095238095238,"axon-messaging-5.0.0","org.axonframework.messaging.core.CompletionCallbackMessageStream",3,6,"axon-messaging-5.0.0","org.axonframework.messaging.core.FluxUtils$FluxStreamAdapter",1,3,""
0.5217391304347826,"axon-messaging-5.0.0","org.axonframework.messaging.commandhandling.GenericCommandResultMessage",4,8,"axon-messaging-5.0.0","org.axonframework.messaging.queryhandling.GenericSubscriptionQueryUpdateMessage",2,10,""
0.5217391304347826,"axon-messaging-5.0.0","org.axonframework.messaging.commandhandling.gateway.CommandResult",7,3,"axon-messaging-5.0.0","org.axonframework.messaging.core.MessageDecorator",5,4,""
0.5217391304347826,"axon-messaging-5.0.0","org.axonframework.messaging.core.CloseCallbackMessageStream",1,6,"axon-messaging-5.0.0","org.axonframework.messaging.core.IgnoredEntriesMessageStream",1,5,""
0.5217391304347826,"axon-messaging-5.0.0","org.axonframework.messaging.core.IgnoredEntriesMessageStream",1,5,"axon-messaging-5.0.0","org.axonframework.messaging.core.CloseCallbackMessageStream",1,6,""
0.5217391304347826,"axon-messaging-5.0.0","org.axonframework.messaging.core.MessageDecorator",5,4,"axon-messaging-5.0.0","org.axonframework.messaging.commandhandling.gateway.CommandResult",7,3,""
0.5217391304347826,"axon-messaging-5.0.0","org.axonframework.messaging.queryhandling.GenericSubscriptionQueryUpdateMessage",2,10,"axon-messaging-5.0.0","org.axonframework.messaging.commandhandling.GenericCommandResultMessage",4,8,""
0.52,"axon-messaging-5.0.0","org.axonframework.messaging.core.FluxMessageStream",2,5,"axon-messaging-5.0.0","org.axonframework.messaging.core.MappedMessageStream",2,5,""
0.5192307692307693,"axon-messaging-5.0.0","org.axonframework.messaging.core.DelayedMessageStream",7,7,"axon-messaging-5.0.0","org.axonframework.messaging.core.OnErrorContinueMessageStream",1,3,""
0.5192307692307693,"axon-messaging-5.0.0","org.axonframework.messaging.core.OnErrorContinueMessageStream",1,3,"axon-messaging-5.0.0","org.axonframework.messaging.core.DelayedMessageStream",7,7,""
0.5172413793103449,"axon-messaging-5.0.0","org.axonframework.messaging.commandhandling.interception.InterceptingCommandBus$InterceptingDispatcher",1,8,"axon-messaging-5.0.0","org.axonframework.messaging.queryhandling.interception.InterceptingQueryBus$InterceptingResponseUpdateDispatcher",1,7,""
0.5172413793103449,"axon-messaging-5.0.0","org.axonframework.messaging.core.FilteringMessageStream",2,4,"axon-messaging-5.0.0","org.axonframework.messaging.core.FluxMessageStream",2,5,""
0.5172413793103449,"axon-messaging-5.0.0","org.axonframework.messaging.core.FluxMessageStream",2,5,"axon-messaging-5.0.0","org.axonframework.messaging.core.FilteringMessageStream",2,4,""
0.5172413793103449,"axon-messaging-5.0.0","org.axonframework.messaging.queryhandling.interception.InterceptingQueryBus$InterceptingResponseUpdateDispatcher",1,7,"axon-messaging-5.0.0","org.axonframework.messaging.commandhandling.interception.InterceptingCommandBus$InterceptingDispatcher",1,8,""
0.5161290322580645,"axon-server-connector-5.0.0","org.axonframework.axonserver.connector.event.AxonServerMessageStream",1,10,"axon-server-connector-5.0.0","org.axonframework.axonserver.connector.event.StreamingEventMessageStream",1,10,""
0.5161290322580645,"axon-server-connector-5.0.0","org.axonframework.axonserver.connector.event.StreamingEventMessageStream",1,10,"axon-server-connector-5.0.0","org.axonframework.axonserver.connector.event.AxonServerMessageStream",1,10,""
0.5151515151515151,"axon-common-5.0.0","org.axonframework.common.infra.FilesystemStyleComponentDescriptor",1,8,"axon-common-5.0.0","org.axonframework.common.infra.JacksonComponentDescriptor",,5,""
0.5151515151515151,"axon-common-5.0.0","org.axonframework.common.infra.JacksonComponentDescriptor",,5,"axon-common-5.0.0","org.axonframework.common.infra.FilesystemStyleComponentDescriptor",1,8,""
0.5121951219512195,"axon-messaging-5.0.0","org.axonframework.messaging.monitoring.interception.MonitoringCommandHandlerInterceptor",1,10,"axon-messaging-5.0.0","org.axonframework.messaging.monitoring.interception.MonitoringSubscriptionQueryUpdateDispatchInterceptor",1,10,""
0.5121951219512195,"axon-messaging-5.0.0","org.axonframework.messaging.monitoring.interception.MonitoringEventDispatchInterceptor",1,10,"axon-messaging-5.0.0","org.axonframework.messaging.monitoring.interception.MonitoringQueryHandlerInterceptor",1,10,""
0.5121951219512195,"axon-messaging-5.0.0","org.axonframework.messaging.monitoring.interception.MonitoringQueryHandlerInterceptor",1,10,"axon-messaging-5.0.0","org.axonframework.messaging.monitoring.interception.MonitoringSubscriptionQueryUpdateDispatchInterceptor",1,10,""
0.5121951219512195,"axon-messaging-5.0.0","org.axonframework.messaging.monitoring.interception.MonitoringSubscriptionQueryUpdateDispatchInterceptor",1,10,"axon-messaging-5.0.0","org.axonframework.messaging.monitoring.interception.MonitoringCommandHandlerInterceptor",1,10,""
0.5121951219512195,"axon-messaging-5.0.0","org.axonframework.messaging.monitoring.interception.MonitoringSubscriptionQueryUpdateDispatchInterceptor",1,10,"axon-messaging-5.0.0","org.axonframework.messaging.monitoring.interception.MonitoringQueryHandlerInterceptor",1,10,""
0.5106382978723404,"axon-messaging-5.0.0","org.axonframework.messaging.queryhandling.GenericQueryResponseMessage",2,9,"axon-messaging-5.0.0","org.axonframework.messaging.core.GenericResultMessage",3,8,""
0.5,"axon-server-connector-5.0.0","org.axonframework.axonserver.connector.ErrorCode$ExceptionBuilder",1,1,"axon-messaging-5.0.0","org.axonframework.messaging.core.HandlerExecutionException",3,1,""
0.5,"axon-server-connector-5.0.0","org.axonframework.axonserver.connector.ErrorCode$ExceptionBuilder",1,1,"axon-messaging-5.0.0","org.axonframework.messaging.core.MessageTypeNotResolvedException",1,1,""
0.5,"axon-server-connector-5.0.0","org.axonframework.axonserver.connector.ErrorCode$ExceptionBuilder",1,1,"axon-messaging-5.0.0","org.axonframework.messaging.eventhandling.TransactionMethodExecutionException",,1,""
0.5,"axon-server-connector-5.0.0","org.axonframework.axonserver.connector.InstructionAckSource",1,1,"axon-server-connector-5.0.0","org.axonframework.axonserver.connector.query.AxonServerQueryDispatchException",1,2,""
0.5,"axon-server-connector-5.0.0","org.axonframework.axonserver.connector.query.AxonServerQueryDispatchException",1,2,"axon-messaging-5.0.0","org.axonframework.messaging.core.HandlerExecutionException",3,1,""
0.5,"axon-server-connector-5.0.0","org.axonframework.axonserver.connector.query.AxonServerQueryDispatchException",1,2,"axon-messaging-5.0.0","org.axonframework.messaging.eventhandling.TransactionMethodExecutionException",,1,""
0.5,"axon-server-connector-5.0.0","org.axonframework.axonserver.connector.query.FlowControlledResponseSender",1,7,"axon-messaging-5.0.0","org.axonframework.messaging.core.MessageStreamUtils$Reducer",1,3,""
0.5,"axon-server-connector-5.0.0","org.axonframework.axonserver.connector.util.GrpcExceptionParser",,1,"axon-server-connector-5.0.0","org.axonframework.axonserver.connector.query.AxonServerQueryDispatchException",1,2,""
0.5,"axon-common-5.0.0","org.axonframework.common.AxonThreadFactory",4,1,"axon-common-5.0.0","org.axonframework.common.jpa.SimpleEntityManagerProvider",,2,""
0.5,"axon-common-5.0.0","org.axonframework.common.ConstructorUtils",3,1,"axon-common-5.0.0","org.axonframework.common.IdentifierValidator",,1,""
0.5,"axon-common-5.0.0","org.axonframework.common.ExceptionUtils",4,1,"axon-common-5.0.0","org.axonframework.common.lifecycle.ShutdownInProgressException",1,1,""
0.5,"axon-common-5.0.0","org.axonframework.common.ExceptionUtils",4,1,"axon-messaging-5.0.0","org.axonframework.messaging.core.interception.JSR303ViolationException",1,1,""
0.5,"axon-common-5.0.0","org.axonframework.common.ExceptionUtils",4,1,"axon-messaging-5.0.0","org.axonframework.messaging.queryhandling.CompletedEmitterException",,1,""
0.5,"axon-common-5.0.0","org.axonframework.common.IdentifierValidator",,1,"axon-common-5.0.0","org.axonframework.common.ConstructorUtils",3,1,""
0.5,"axon-common-5.0.0","org.axonframework.common.IdentifierValidator",,1,"axon-test-5.0.0","org.axonframework.test.matchers.NonTransientFieldsFilter",,2,""
0.5,"axon-common-5.0.0","org.axonframework.common.TypeReference$1",1,1,"axon-eventsourcing-5.0.0","org.axonframework.eventsourcing.eventstore.jpa.AggregateBasedJpaEventStorageEngine$1",1,2,""
0.5,"axon-common-5.0.0","org.axonframework.common.TypeReference$2",1,1,"axon-eventsourcing-5.0.0","org.axonframework.eventsourcing.eventstore.jpa.AggregateBasedJpaEventStorageEngine$1",1,2,""
0.5,"axon-common-5.0.0","org.axonframework.common.annotation.AnnotationUtils",15,1,"axon-common-5.0.0","org.axonframework.common.digest.Digester",,1,""
0.5,"axon-common-5.0.0","org.axonframework.common.caching.Cache",3,3,"axon-common-5.0.0","org.axonframework.common.caching.Cache$EntryListenerAdapter",1,1,""
0.5,"axon-common-5.0.0","org.axonframework.common.caching.Cache$EntryListenerAdapter",1,1,"axon-common-5.0.0","org.axonframework.common.caching.Cache",3,3,""
0.5,"axon-common-5.0.0","org.axonframework.common.caching.Cache$EntryListenerAdapter",1,1,"axon-common-5.0.0","org.axonframework.common.caching.NoCache",,3,""
0.5,"axon-common-5.0.0","org.axonframework.common.caching.EhCacheAdapter",1,5,"axon-common-5.0.0","org.axonframework.common.caching.JCacheAdapter",,4,""
0.5,"axon-common-5.0.0","org.axonframework.common.caching.JCacheAdapter",,4,"axon-common-5.0.0","org.axonframework.common.caching.EhCacheAdapter",1,5,""
0.5,"axon-common-5.0.0","org.axonframework.common.caching.NoCache",,3,"axon-common-5.0.0","org.axonframework.common.caching.Cache$EntryListenerAdapter",1,1,""
0.5,"axon-common-5.0.0","org.axonframework.common.configuration.Component",16,4,"axon-common-5.0.0","org.axonframework.common.configuration.Module",15,2,""
0.5,"axon-common-5.0.0","org.axonframework.common.configuration.DuplicateModuleRegistrationException",1,1,"axon-common-5.0.0","org.axonframework.common.configuration.ModuleBuilder",14,1,""
0.5,"axon-common-5.0.0","org.axonframework.common.configuration.DuplicateModuleRegistrationException",1,1,"axon-modelling-5.0.0","org.axonframework.modelling.configuration.EntityModule",4,1,""
0.5,"axon-common-5.0.0","org.axonframework.common.configuration.Module",15,2,"axon-common-5.0.0","org.axonframework.common.configuration.Component",16,4,""
0.5,"axon-common-5.0.0","org.axonframework.common.configuration.ModuleBuilder",14,1,"axon-common-5.0.0","org.axonframework.common.configuration.DuplicateModuleRegistrationException",1,1,""
0.5,"axon-common-5.0.0","org.axonframework.common.digest.Digester",,1,"axon-common-5.0.0","org.axonframework.common.annotation.AnnotationUtils",15,1,""
0.5,"axon-common-5.0.0","org.axonframework.common.digest.Digester",,1,"axon-common-5.0.0","org.axonframework.common.property.PropertyAccessException",2,1,""
0.5,"axon-common-5.0.0","org.axonframework.common.infra.DescribableComponent",45,1,"axon-conversion-5.0.0","org.axonframework.conversion.PassThroughConverter",,2,""
0.5,"axon-common-5.0.0","org.axonframework.common.jpa.SimpleEntityManagerProvider",,2,"axon-common-5.0.0","org.axonframework.common.AxonThreadFactory",4,1,""
0.5,"axon-common-5.0.0","org.axonframework.common.jpa.SimpleEntityManagerProvider",,2,"axon-spring-boot-autoconfigure-5.0.0","org.axonframework.extension.springboot.util.jpa.ContainerManagedEntityManagerProvider",1,1,""
0.5,"axon-common-5.0.0","org.axonframework.common.lock.LockFactory",2,1,"axon-common-5.0.0","org.axonframework.common.lock.NoOpLock",1,1,""
0.5,"axon-common-5.0.0","org.axonframework.common.lock.NoOpLock",1,1,"axon-common-5.0.0","org.axonframework.common.lock.LockFactory",2,1,""
0.5,"axon-common-5.0.0","org.axonframework.common.lock.PessimisticLockFactory$Builder",1,2,"axon-test-5.0.0","org.axonframework.test.server.AxonServerContainerUtils",1,1,""
0.5,"axon-common-5.0.0","org.axonframework.common.property.DirectlyAccessedProperty",1,2,"axon-common-5.0.0","org.axonframework.common.property.MethodAccessedProperty",1,3,""
0.5,"axon-common-5.0.0","org.axonframework.common.property.MethodAccessedProperty",1,3,"axon-common-5.0.0","org.axonframework.common.property.DirectlyAccessedProperty",1,2,""
0.5,"axon-common-5.0.0","org.axonframework.common.property.PropertyAccessException",2,1,"axon-common-5.0.0","org.axonframework.common.digest.Digester",,1,""
0.5,"axon-conversion-5.0.0","org.axonframework.conversion.Converter",37,1,"axon-conversion-5.0.0","org.axonframework.conversion.avro.AvroConverterStrategy",4,2,""
0.5,"axon-conversion-5.0.0","org.axonframework.conversion.PassThroughConverter",,2,"axon-common-5.0.0","org.axonframework.common.infra.DescribableComponent",45,1,""
0.5,"axon-conversion-5.0.0","org.axonframework.conversion.avro.AvroConverterStrategy",4,2,"axon-conversion-5.0.0","org.axonframework.conversion.Converter",37,1,""
0.5,"axon-conversion-5.0.0","org.axonframework.conversion.avro.AvroConverterStrategy",4,2,"axon-messaging-5.0.0","org.axonframework.messaging.eventhandling.processing.EventProcessor",6,1,""
0.5,"axon-conversion-5.0.0","org.axonframework.conversion.avro.ByteArrayToGenericRecordConverter",1,3,"axon-conversion-5.0.0","org.axonframework.conversion.avro.SchemaIncompatibilityChecker",3,1,""
0.5,"axon-conversion-5.0.0","org.axonframework.conversion.avro.ByteArrayToGenericRecordConverter",1,3,"axon-conversion-5.0.0","org.axonframework.conversion.converter.BlobToInputStreamConverter",,2,""
0.5,"axon-conversion-5.0.0","org.axonframework.conversion.avro.SchemaIncompatibilityChecker",3,1,"axon-conversion-5.0.0","org.axonframework.conversion.avro.ByteArrayToGenericRecordConverter",1,3,""
0.5,"axon-eventsourcing-5.0.0","org.axonframework.eventsourcing.CriteriaResolver",8,2,"axon-modelling-5.0.0","org.axonframework.modelling.repository.SimpleRepositoryEntityLoader",4,1,""
0.5,"axon-eventsourcing-5.0.0","org.axonframework.eventsourcing.CriteriaResolver",8,2,"axon-modelling-5.0.0","org.axonframework.modelling.repository.SimpleRepositoryEntityPersister",4,1,""
0.5,"axon-eventsourcing-5.0.0","org.axonframework.eventsourcing.EventSourcedEntityFactory",8,2,"axon-messaging-5.0.0","org.axonframework.messaging.eventhandling.EventSubscribers",1,6,""
0.5,"axon-eventsourcing-5.0.0","org.axonframework.eventsourcing.annotation.CriteriaResolverDefinition",3,2,"axon-common-5.0.0","org.axonframework.common.configuration.AxonConfiguration",14,1,""
0.5,"axon-eventsourcing-5.0.0","org.axonframework.eventsourcing.annotation.CriteriaResolverDefinition",3,2,"axon-common-5.0.0","org.axonframework.common.configuration.ComponentBuilder",36,1,""
0.5,"axon-eventsourcing-5.0.0","org.axonframework.eventsourcing.annotation.CriteriaResolverDefinition",3,2,"axon-common-5.0.0","org.axonframework.common.configuration.LifecycleHandler",4,1,""
0.5,"axon-eventsourcing-5.0.0","org.axonframework.eventsourcing.annotation.EventSourcedEntityFactoryDefinition",3,2,"axon-common-5.0.0","org.axonframework.common.configuration.AxonConfiguration",14,1,""
0.5,"axon-eventsourcing-5.0.0","org.axonframework.eventsourcing.annotation.EventSourcedEntityFactoryDefinition",3,2,"axon-common-5.0.0","org.axonframework.common.configuration.ComponentBuilder",36,1,""
0.5,"axon-eventsourcing-5.0.0","org.axonframework.eventsourcing.annotation.EventSourcedEntityFactoryDefinition",3,2,"axon-common-5.0.0","org.axonframework.common.configuration.LifecycleHandler",4,1,""
0.5,"axon-eventsourcing-5.0.0","org.axonframework.eventsourcing.annotation.reflection.AnnotationBasedEventSourcedEntityFactory$IdTypeParameterResolver",1,4,"axon-messaging-5.0.0","org.axonframework.messaging.core.annotation.SourceIdParameterResolverFactory$SourceIdParameterResolver",1,4,""
0.5,"axon-eventsourcing-5.0.0","org.axonframework.eventsourcing.annotation.reflection.AnnotationBasedEventSourcedEntityFactory$IdTypeParameterResolver",1,4,"axon-messaging-5.0.0","org.axonframework.messaging.core.unitofwork.annotation.ProcessingContextParameterResolverFactory$ProcessingContextParameterResolver",1,2,""
0.5,"axon-eventsourcing-5.0.0","org.axonframework.eventsourcing.annotation.reflection.AnnotationBasedEventSourcedEntityFactory$IdTypeParameterResolver",1,4,"axon-messaging-5.0.0","org.axonframework.messaging.eventhandling.annotation.SequenceNumberParameterResolverFactory$SequenceNumberParameterResolver",1,4,""
0.5,"axon-eventsourcing-5.0.0","org.axonframework.eventsourcing.eventstore.ConsistencyMarkers$InfinityConsistencyMarker",2,2,"axon-eventsourcing-5.0.0","org.axonframework.eventsourcing.eventstore.GlobalIndexConsistencyMarker",6,4,""
0.5,"axon-eventsourcing-5.0.0","org.axonframework.eventsourcing.eventstore.EventStorageEngine$AppendTransaction",12,2,"axon-messaging-5.0.0","org.axonframework.messaging.core.annotation.ParameterResolver",47,1,""
0.5,"axon-eventsourcing-5.0.0","org.axonframework.eventsourcing.eventstore.EventStorageEngine$AppendTransaction",12,2,"axon-messaging-5.0.0","org.axonframework.messaging.core.unitofwork.annotation.ProcessingContextParameterResolverFactory$ProcessingContextParameterResolver",1,2,""
0.5,"axon-eventsourcing-5.0.0","org.axonframework.eventsourcing.eventstore.EventStorageEngine$AppendTransaction",12,2,"axon-messaging-5.0.0","org.axonframework.messaging.eventhandling.gateway.EventGateway",2,1,""
0.5,"axon-eventsourcing-5.0.0","org.axonframework.eventsourcing.eventstore.GlobalIndexConsistencyMarker",6,4,"axon-eventsourcing-5.0.0","org.axonframework.eventsourcing.eventstore.ConsistencyMarkers$InfinityConsistencyMarker",2,2,""
0.5,"axon-eventsourcing-5.0.0","org.axonframework.eventsourcing.eventstore.TagResolver",7,2,"axon-eventsourcing-5.0.0","org.axonframework.eventsourcing.eventstore.TaggedEventMessage",15,2,""
0.5,"axon-eventsourcing-5.0.0","org.axonframework.eventsourcing.eventstore.TaggedEventMessage",15,2,"axon-eventsourcing-5.0.0","org.axonframework.eventsourcing.eventstore.TagResolver",7,2,""
0.5,"axon-eventsourcing-5.0.0","org.axonframework.eventsourcing.eventstore.jpa.AggregateBasedJpaEventStorageEngine$1",1,2,"axon-common-5.0.0","org.axonframework.common.TypeReference$1",1,1,""
0.5,"axon-eventsourcing-5.0.0","org.axonframework.eventsourcing.eventstore.jpa.AggregateBasedJpaEventStorageEngine$1",1,2,"axon-common-5.0.0","org.axonframework.common.TypeReference$2",1,1,""
0.5,"axon-eventsourcing-5.0.0","org.axonframework.eventsourcing.eventstore.jpa.SQLErrorCodesResolver",1,4,"axon-common-5.0.0","org.axonframework.common.digest.Digester",,1,""
0.5,"axon-eventsourcing-5.0.0","org.axonframework.eventsourcing.eventstore.jpa.SQLStateResolver",,2,"axon-messaging-5.0.0","org.axonframework.messaging.core.RemoteExceptionDescription",6,1,""
0.5,"axon-spring-boot-autoconfigure-5.0.0","org.axonframework.extension.springboot.util.OnMissingQualifiedBeanCondition",1,2,"axon-spring-boot-autoconfigure-5.0.0","org.axonframework.extension.springboot.util.OnQualifiedBeanCondition",1,2,""
0.5,"axon-spring-boot-autoconfigure-5.0.0","org.axonframework.extension.springboot.util.OnQualifiedBeanCondition",1,2,"axon-spring-boot-autoconfigure-5.0.0","org.axonframework.extension.springboot.util.OnMissingQualifiedBeanCondition",1,2,""
0.5,"axon-spring-boot-autoconfigure-5.0.0","org.axonframework.extension.springboot.util.jpa.ContainerManagedEntityManagerProvider",1,1,"axon-common-5.0.0","org.axonframework.common.jpa.SimpleEntityManagerProvider",,2,""
0.5,"axon-tracing-opentelemetry-5.0.0","org.axonframework.extension.tracing.opentelemetry.MetadataContextGetter",1,2,"axon-messaging-5.0.0","org.axonframework.messaging.core.correlation.MessageOriginProvider",1,3,""
0.5,"axon-messaging-5.0.0","org.axonframework.messaging.commandhandling.CommandHandlingComponent",8,2,"axon-messaging-5.0.0","org.axonframework.messaging.eventhandling.NoHandlerForEventException",1,1,""
0.5,"axon-messaging-5.0.0","org.axonframework.messaging.commandhandling.MetadataRoutingStrategy",,3,"axon-modelling-5.0.0","org.axonframework.modelling.entity.EntityAlreadyExistsForCreationalCommandHandlerException",2,1,""
0.5,"axon-messaging-5.0.0","org.axonframework.messaging.commandhandling.MetadataRoutingStrategy",,3,"axon-modelling-5.0.0","org.axonframework.modelling.entity.EntityMissingForInstanceCommandHandlerException",2,1,""
0.5,"axon-messaging-5.0.0","org.axonframework.messaging.commandhandling.MetadataRoutingStrategy",,3,"axon-modelling-5.0.0","org.axonframework.modelling.entity.WrongPolymorphicEntityTypeException",1,1,""
0.5,"axon-messaging-5.0.0","org.axonframework.messaging.commandhandling.NoHandlerForCommandException",6,2,"axon-messaging-5.0.0","org.axonframework.messaging.commandhandling.tracing.CommandBusSpanFactory",3,2,""
0.5,"axon-messaging-5.0.0","org.axonframework.messaging.commandhandling.RoutingStrategy",5,1,"axon-modelling-5.0.0","org.axonframework.modelling.entity.EntityAlreadyExistsForCreationalCommandHandlerException",2,1,""
0.5,"axon-messaging-5.0.0","org.axonframework.messaging.commandhandling.RoutingStrategy",5,1,"axon-modelling-5.0.0","org.axonframework.modelling.entity.EntityMissingForInstanceCommandHandlerException",2,1,""
0.5,"axon-messaging-5.0.0","org.axonframework.messaging.commandhandling.RoutingStrategy",5,1,"axon-modelling-5.0.0","org.axonframework.modelling.entity.WrongPolymorphicEntityTypeException",1,1,""
0.5,"axon-messaging-5.0.0","org.axonframework.messaging.commandhandling.annotation.Command",1,2,"axon-messaging-5.0.0","org.axonframework.messaging.commandhandling.RoutingStrategy",5,1,""
0.5,"axon-messaging-5.0.0","org.axonframework.messaging.commandhandling.annotation.Command",1,2,"axon-messaging-5.0.0","org.axonframework.messaging.core.annotation.AnnotationMessageTypeResolver$AnnotationSpecification",1,1,""
0.5,"axon-messaging-5.0.0","org.axonframework.messaging.commandhandling.annotation.CommandHandler",1,2,"axon-messaging-5.0.0","org.axonframework.messaging.commandhandling.RoutingStrategy",5,1,""
0.5,"axon-messaging-5.0.0","org.axonframework.messaging.commandhandling.distributed.CommandBusConnector$ResultCallback",7,1,"axon-messaging-5.0.0","org.axonframework.messaging.monitoring.MessageMonitor$MonitorCallback",20,1,""
0.5,"axon-messaging-5.0.0","org.axonframework.messaging.commandhandling.gateway.ContextAwareCommandDispatcher",1,7,"axon-messaging-5.0.0","org.axonframework.messaging.commandhandling.gateway.ConvertingCommandGateway",1,7,""
0.5,"axon-messaging-5.0.0","org.axonframework.messaging.commandhandling.gateway.ConvertingCommandGateway",1,7,"axon-messaging-5.0.0","org.axonframework.messaging.commandhandling.gateway.ContextAwareCommandDispatcher",1,7,""
0.5,"axon-messaging-5.0.0","org.axonframework.messaging.commandhandling.gateway.FutureCommandResult",1,2,"axon-messaging-5.0.0","org.axonframework.messaging.core.conversion.MessageConverter",21,2,""
0.5,"axon-messaging-5.0.0","org.axonframework.messaging.commandhandling.tracing.CommandBusSpanFactory",3,2,"axon-messaging-5.0.0","org.axonframework.messaging.commandhandling.NoHandlerForCommandException",6,2,""
0.5,"axon-messaging-5.0.0","org.axonframework.messaging.core.CompletionCallbackMessageStream$Empty",2,3,"axon-messaging-5.0.0","org.axonframework.messaging.core.DelayedMessageStream$Empty",1,3,""
0.5,"axon-messaging-5.0.0","org.axonframework.messaging.core.CompletionCallbackMessageStream$Single",2,3,"axon-messaging-5.0.0","org.axonframework.messaging.core.DelayedMessageStream$Single",2,3,""
0.5,"axon-messaging-5.0.0","org.axonframework.messaging.core.DelayedMessageStream$Empty",1,3,"axon-messaging-5.0.0","org.axonframework.messaging.core.CompletionCallbackMessageStream$Empty",2,3,""
0.5,"axon-messaging-5.0.0","org.axonframework.messaging.core.DelayedMessageStream$Single",2,3,"axon-messaging-5.0.0","org.axonframework.messaging.core.CompletionCallbackMessageStream$Single",2,3,""
0.5,"axon-messaging-5.0.0","org.axonframework.messaging.core.DelegatingMessageStream",6,2,"axon-messaging-5.0.0","org.axonframework.messaging.core.MessageStreamUtils$FirstResult",1,3,""
0.5,"axon-messaging-5.0.0","org.axonframework.messaging.core.EmptyApplicationContext",3,2,"axon-common-5.0.0","org.axonframework.common.jdbc.ConnectionProvider",2,1,""
0.5,"axon-messaging-5.0.0","org.axonframework.messaging.core.EmptyApplicationContext",3,2,"axon-common-5.0.0","org.axonframework.common.jpa.EntityManagerProvider",8,1,""
0.5,"axon-messaging-5.0.0","org.axonframework.messaging.core.EmptyApplicationContext",3,2,"axon-update-5.0.0","org.axonframework.update.detection.MachineId",1,1,""
0.5,"axon-messaging-5.0.0","org.axonframework.messaging.core.EmptyContext",1,2,"axon-messaging-5.0.0","org.axonframework.messaging.core.LegacyResources",7,1,""
0.5,"axon-messaging-5.0.0","org.axonframework.messaging.core.EmptyContext",1,2,"axon-messaging-5.0.0","org.axonframework.messaging.eventhandling.processing.streaming.token.TrackingToken",56,4,""
0.5,"axon-messaging-5.0.0","org.axonframework.messaging.core.FilteringMessageStream$Single",2,4,"axon-messaging-5.0.0","org.axonframework.messaging.core.MappedMessageStream$Single",2,4,""
0.5,"axon-messaging-5.0.0","org.axonframework.messaging.core.FluxMessageStream",2,5,"axon-messaging-5.0.0","org.axonframework.messaging.core.SingleValueMessageStream",1,4,""
0.5,"axon-messaging-5.0.0","org.axonframework.messaging.core.IteratorMessageStream",1,3,"axon-messaging-5.0.0","org.axonframework.messaging.core.SingleValueMessageStream",1,4,""
0.5,"axon-messaging-5.0.0","org.axonframework.messaging.core.LegacyResources",7,1,"axon-messaging-5.0.0","org.axonframework.messaging.core.EmptyContext",1,2,""
0.5,"axon-messaging-5.0.0","org.axonframework.messaging.core.MappedMessageStream$Single",2,4,"axon-messaging-5.0.0","org.axonframework.messaging.core.FilteringMessageStream$Single",2,4,""
0.5,"axon-messaging-5.0.0","org.axonframework.messaging.core.MappedMessageStream$Single",2,4,"axon-messaging-5.0.0","org.axonframework.messaging.core.OnNextMessageStream$Single",2,4,""
0.5,"axon-messaging-5.0.0","org.axonframework.messaging.core.MessageDecorator",5,4,"axon-messaging-5.0.0","org.axonframework.messaging.queryhandling.GenericQueryMessage",2,8,""
0.5,"axon-messaging-5.0.0","org.axonframework.messaging.core.MessageStream$Entry",56,3,"axon-messaging-5.0.0","org.axonframework.messaging.core.EmptyContext",1,2,""
0.5,"axon-messaging-5.0.0","org.axonframework.messaging.core.OnErrorContinueMessageStream",1,3,"axon-messaging-5.0.0","org.axonframework.messaging.core.CompletionCallbackMessageStream",3,6,""
0.5,"axon-messaging-5.0.0","org.axonframework.messaging.core.OnNextMessageStream$Single",2,4,"axon-messaging-5.0.0","org.axonframework.messaging.core.MappedMessageStream$Single",2,4,""
0.5,"axon-messaging-5.0.0","org.axonframework.messaging.core.RemoteExceptionDescription",6,1,"axon-eventsourcing-5.0.0","org.axonframework.eventsourcing.eventstore.jpa.SQLStateResolver",,2,""
0.5,"axon-messaging-5.0.0","org.axonframework.messaging.core.SingleValueMessageStream",1,4,"axon-messaging-5.0.0","org.axonframework.messaging.core.FluxMessageStream",2,5,""
0.5,"axon-messaging-5.0.0","org.axonframework.messaging.core.SingleValueMessageStream",1,4,"axon-messaging-5.0.0","org.axonframework.messaging.core.IteratorMessageStream",1,3,""
0.5,"axon-messaging-5.0.0","org.axonframework.messaging.core.SubscribableEventSource",5,3,"axon-messaging-5.0.0","org.axonframework.messaging.eventhandling.processing.streaming.pooled.WorkPackage$EventFilter",4,3,""
0.5,"axon-messaging-5.0.0","org.axonframework.messaging.core.annotation.AnnotationMessageTypeResolver$AnnotationSpecification",1,1,"axon-messaging-5.0.0","org.axonframework.messaging.commandhandling.annotation.Command",1,2,""
0.5,"axon-messaging-5.0.0","org.axonframework.messaging.core.annotation.AnnotationMessageTypeResolver$AnnotationSpecification",1,1,"axon-messaging-5.0.0","org.axonframework.messaging.eventhandling.annotation.Event",,2,""
0.5,"axon-messaging-5.0.0","org.axonframework.messaging.core.annotation.AnnotationMessageTypeResolver$AnnotationSpecification",1,1,"axon-messaging-5.0.0","org.axonframework.messaging.queryhandling.annotation.Query",,2,""
0.5,"axon-messaging-5.0.0","org.axonframework.messaging.core.annotation.HandlerComparator",1,1,"axon-messaging-5.0.0","org.axonframework.messaging.core.annotation.WrappedMessageHandlingMember",9,4,""
0.5,"axon-messaging-5.0.0","org.axonframework.messaging.core.annotation.Message",5,2,"axon-common-5.0.0","org.axonframework.common.jdbc.ConnectionProvider",2,1,""
0.5,"axon-messaging-5.0.0","org.axonframework.messaging.core.annotation.Message",5,2,"axon-common-5.0.0","org.axonframework.common.jpa.EntityManagerProvider",8,1,""
0.5,"axon-messaging-5.0.0","org.axonframework.messaging.core.annotation.Message",5,2,"axon-messaging-5.0.0","org.axonframework.messaging.tracing.SpanAttributesProvider",11,1,""
0.5,"axon-messaging-5.0.0","org.axonframework.messaging.core.annotation.MessageHandler",7,2,"axon-messaging-5.0.0","org.axonframework.messaging.core.interception.annotation.MessageHandlerInterceptor",2,2,""
0.5,"axon-messaging-5.0.0","org.axonframework.messaging.core.annotation.MessageHandler",7,2,"axon-messaging-5.0.0","org.axonframework.messaging.tracing.attributes.MessageIdSpanAttributesProvider",,2,""
0.5,"axon-messaging-5.0.0","org.axonframework.messaging.core.annotation.MessageHandler",7,2,"axon-messaging-5.0.0","org.axonframework.messaging.tracing.attributes.MessageTypeSpanAttributesProvider",,2,""
0.5,"axon-messaging-5.0.0","org.axonframework.messaging.core.annotation.MessageHandlingMember",38,4,"axon-messaging-5.0.0","org.axonframework.messaging.core.annotation.DefaultParameterResolverFactory$MessageParameterResolver",1,3,""
0.5,"axon-messaging-5.0.0","org.axonframework.messaging.core.annotation.ParameterResolver",47,1,"axon-modelling-5.0.0","org.axonframework.modelling.repository.SimpleRepositoryEntityLoader",4,1,""
0.5,"axon-messaging-5.0.0","org.axonframework.messaging.core.annotation.UnsupportedHandlerException",4,1,"axon-common-5.0.0","org.axonframework.common.digest.Digester",,1,""
0.5,"axon-messaging-5.0.0","org.axonframework.messaging.core.annotation.WrappedMessageHandlingMember",9,4,"axon-messaging-5.0.0","org.axonframework.messaging.core.annotation.HandlerComparator",1,1,""
0.5,"axon-messaging-5.0.0","org.axonframework.messaging.core.correlation.CorrelationDataProvider",9,1,"axon-messaging-5.0.0","org.axonframework.messaging.core.annotation.Message",5,2,""
0.5,"axon-messaging-5.0.0","org.axonframework.messaging.core.correlation.CorrelationDataProvider",9,1,"axon-messaging-5.0.0","org.axonframework.messaging.tracing.attributes.AggregateIdentifierSpanAttributesProvider",,2,""
0.5,"axon-messaging-5.0.0","org.axonframework.messaging.core.correlation.SimpleCorrelationDataProvider",,3,"axon-messaging-5.0.0","org.axonframework.messaging.tracing.attributes.MetadataSpanAttributesProvider",,3,""
0.5,"axon-messaging-5.0.0","org.axonframework.messaging.core.interception.DispatchInterceptorRegistry",6,10,"axon-messaging-5.0.0","org.axonframework.messaging.monitoring.configuration.MessageMonitorRegistry",4,9,""
0.5,"axon-messaging-5.0.0","org.axonframework.messaging.core.interception.annotation.MessageHandlerInterceptor",2,2,"axon-messaging-5.0.0","org.axonframework.messaging.core.annotation.MessageHandler",7,2,""
0.5,"axon-messaging-5.0.0","org.axonframework.messaging.core.interception.annotation.MessageHandlerInterceptor",2,2,"axon-messaging-5.0.0","org.axonframework.messaging.tracing.attributes.MessageIdSpanAttributesProvider",,2,""
0.5,"axon-messaging-5.0.0","org.axonframework.messaging.core.interception.annotation.MessageHandlerInterceptor",2,2,"axon-messaging-5.0.0","org.axonframework.messaging.tracing.attributes.MessageTypeSpanAttributesProvider",,2,""
0.5,"axon-messaging-5.0.0","org.axonframework.messaging.core.interception.annotation.ResultParameterResolverFactory$ExceptionResultParameterResolver",1,3,"axon-messaging-5.0.0","org.axonframework.messaging.core.annotation.FixedValueParameterResolver",2,2,""
0.5,"axon-messaging-5.0.0","org.axonframework.messaging.core.retry.DoNotRetryOutcome",1,1,"axon-messaging-5.0.0","org.axonframework.messaging.core.retry.RetryPolicy",5,3,""
0.5,"axon-messaging-5.0.0","org.axonframework.messaging.core.retry.RetryOutcome",1,1,"axon-messaging-5.0.0","org.axonframework.messaging.core.retry.RetryPolicy",5,3,""
0.5,"axon-messaging-5.0.0","org.axonframework.messaging.core.retry.RetryPolicy",5,3,"axon-messaging-5.0.0","org.axonframework.messaging.core.retry.DoNotRetryOutcome",1,1,""
0.5,"axon-messaging-5.0.0","org.axonframework.messaging.core.retry.RetryPolicy",5,3,"axon-messaging-5.0.0","org.axonframework.messaging.core.retry.RetryOutcome",1,1,""
0.5,"axon-messaging-5.0.0","org.axonframework.messaging.core.retry.RetryScheduler",2,4,"axon-messaging-5.0.0","org.axonframework.messaging.core.MessageDispatchInterceptorChain",9,3,""
0.5,"axon-messaging-5.0.0","org.axonframework.messaging.core.retry.RetryScheduler",2,4,"axon-messaging-5.0.0","org.axonframework.messaging.core.MessageHandlerInterceptorChain",18,3,""
0.5,"axon-messaging-5.0.0","org.axonframework.messaging.eventhandling.DelegatingEventBus",,6,"axon-test-5.0.0","org.axonframework.test.fixture.RecordingEventBus",1,8,""
0.5,"axon-messaging-5.0.0","org.axonframework.messaging.eventhandling.EventSink",11,3,"axon-messaging-5.0.0","org.axonframework.messaging.eventhandling.sequencing.ExtractionSequencingPolicy",1,4,""
0.5,"axon-messaging-5.0.0","org.axonframework.messaging.eventhandling.EventSink",11,3,"axon-messaging-5.0.0","org.axonframework.messaging.eventhandling.sequencing.FullConcurrencyPolicy",,3,""
0.5,"axon-messaging-5.0.0","org.axonframework.messaging.eventhandling.EventSubscribers",1,6,"axon-eventsourcing-5.0.0","org.axonframework.eventsourcing.EventSourcedEntityFactory",8,2,""
0.5,"axon-messaging-5.0.0","org.axonframework.messaging.eventhandling.NoHandlerForEventException",1,1,"axon-messaging-5.0.0","org.axonframework.messaging.commandhandling.CommandHandlingComponent",8,2,""
0.5,"axon-messaging-5.0.0","org.axonframework.messaging.eventhandling.NoHandlerForEventException",1,1,"axon-messaging-5.0.0","org.axonframework.messaging.queryhandling.QueryHandlingComponent",5,2,""
0.5,"axon-messaging-5.0.0","org.axonframework.messaging.eventhandling.NoHandlerForEventException",1,1,"axon-modelling-5.0.0","org.axonframework.modelling.EntityEvolvingComponent",2,2,""
0.5,"axon-messaging-5.0.0","org.axonframework.messaging.eventhandling.annotation.Event",,2,"axon-messaging-5.0.0","org.axonframework.messaging.core.annotation.AnnotationMessageTypeResolver$AnnotationSpecification",1,1,""
0.5,"axon-messaging-5.0.0","org.axonframework.messaging.eventhandling.configuration.SubscribableEventSourceDefinition",,2,"axon-common-5.0.0","org.axonframework.common.configuration.AxonConfiguration",14,1,""
0.5,"axon-messaging-5.0.0","org.axonframework.messaging.eventhandling.configuration.SubscribableEventSourceDefinition",,2,"axon-common-5.0.0","org.axonframework.common.configuration.ComponentBuilder",36,1,""
0.5,"axon-messaging-5.0.0","org.axonframework.messaging.eventhandling.configuration.SubscribableEventSourceDefinition",,2,"axon-common-5.0.0","org.axonframework.common.configuration.LifecycleHandler",4,1,""
0.5,"axon-messaging-5.0.0","org.axonframework.messaging.eventhandling.gateway.EventGateway",2,1,"axon-modelling-5.0.0","org.axonframework.modelling.repository.SimpleRepositoryEntityLoader",4,1,""
0.5,"axon-messaging-5.0.0","org.axonframework.messaging.eventhandling.processing.EventProcessor",6,1,"axon-conversion-5.0.0","org.axonframework.conversion.avro.AvroConverterStrategy",4,2,""
0.5,"axon-messaging-5.0.0","org.axonframework.messaging.eventhandling.processing.streaming.pooled.WorkPackage$EventFilter",4,3,"axon-messaging-5.0.0","org.axonframework.messaging.core.SubscribableEventSource",5,3,""
0.5,"axon-messaging-5.0.0","org.axonframework.messaging.eventhandling.processing.streaming.token.TrackingToken",56,4,"axon-messaging-5.0.0","org.axonframework.messaging.core.EmptyContext",1,2,""
0.5,"axon-messaging-5.0.0","org.axonframework.messaging.eventhandling.sequencing.ExtractionSequencingPolicy",1,4,"axon-messaging-5.0.0","org.axonframework.messaging.eventhandling.EventSink",11,3,""
0.5,"axon-messaging-5.0.0","org.axonframework.messaging.eventhandling.sequencing.SequentialPolicy",2,4,"axon-messaging-5.0.0","org.axonframework.messaging.eventhandling.sequencing.SequencingPolicy",13,2,""
0.5,"axon-messaging-5.0.0","org.axonframework.messaging.eventhandling.sequencing.SequentialPolicy",2,4,"axon-modelling-5.0.0","org.axonframework.modelling.EntityEvolver",13,2,""
0.5,"axon-messaging-5.0.0","org.axonframework.messaging.eventstreaming.DefaultStreamingCondition",2,3,"axon-messaging-5.0.0","org.axonframework.messaging.eventstreaming.StartingFrom",1,4,""
0.5,"axon-messaging-5.0.0","org.axonframework.messaging.eventstreaming.StartingFrom",1,4,"axon-messaging-5.0.0","org.axonframework.messaging.eventstreaming.DefaultStreamingCondition",2,3,""
0.5,"axon-messaging-5.0.0","org.axonframework.messaging.eventstreaming.Tag",20,3,"axon-messaging-5.0.0","org.axonframework.messaging.core.EmptyContext",1,2,""
0.5,"axon-messaging-5.0.0","org.axonframework.messaging.monitoring.MessageMonitor",26,2,"axon-messaging-5.0.0","org.axonframework.messaging.monitoring.NoOpMessageMonitor",4,4,""
0.5,"axon-messaging-5.0.0","org.axonframework.messaging.monitoring.MessageMonitor$MonitorCallback",20,1,"axon-messaging-5.0.0","org.axonframework.messaging.commandhandling.distributed.CommandBusConnector$ResultCallback",7,1,""
0.5,"axon-messaging-5.0.0","org.axonframework.messaging.monitoring.NoOpMessageMonitor",4,4,"axon-messaging-5.0.0","org.axonframework.messaging.monitoring.MessageMonitor",26,2,""
0.5,"axon-messaging-5.0.0","org.axonframework.messaging.monitoring.configuration.MessageMonitorRegistry",4,9,"axon-messaging-5.0.0","org.axonframework.messaging.core.interception.DispatchInterceptorRegistry",6,10,""
0.5,"axon-messaging-5.0.0","org.axonframework.messaging.queryhandling.QueryHandlingComponent",5,2,"axon-messaging-5.0.0","org.axonframework.messaging.eventhandling.NoHandlerForEventException",1,1,""
0.5,"axon-messaging-5.0.0","org.axonframework.messaging.queryhandling.annotation.Query",,2,"axon-messaging-5.0.0","org.axonframework.messaging.core.annotation.AnnotationMessageTypeResolver$AnnotationSpecification",1,1,""
0.5,"axon-messaging-5.0.0","org.axonframework.messaging.queryhandling.annotation.QueryResponse",,2,"axon-messaging-5.0.0","org.axonframework.messaging.core.annotation.AnnotationMessageTypeResolver$AnnotationSpecification",1,1,""
0.5,"axon-messaging-5.0.0","org.axonframework.messaging.tracing.SpanAttributesProvider",11,1,"axon-messaging-5.0.0","org.axonframework.messaging.core.annotation.Message",5,2,""
0.5,"axon-messaging-5.0.0","org.axonframework.messaging.tracing.SpanAttributesProvider",11,1,"axon-messaging-5.0.0","org.axonframework.messaging.tracing.attributes.AggregateIdentifierSpanAttributesProvider",,2,""
0.5,"axon-messaging-5.0.0","org.axonframework.messaging.tracing.SpanUtils",1,2,"axon-messaging-5.0.0","org.axonframework.messaging.core.interception.annotation.MessageHandlerInterceptor",2,2,""
0.5,"axon-messaging-5.0.0","org.axonframework.messaging.tracing.SpanUtils",1,2,"axon-messaging-5.0.0","org.axonframework.messaging.tracing.attributes.MessageIdSpanAttributesProvider",,2,""
0.5,"axon-modelling-5.0.0","org.axonframework.modelling.EntityEvolvingComponent",2,2,"axon-messaging-5.0.0","org.axonframework.messaging.eventhandling.NoHandlerForEventException",1,1,""
0.5,"axon-modelling-5.0.0","org.axonframework.modelling.EntityIdResolver",17,3,"axon-messaging-5.0.0","org.axonframework.messaging.core.MessageDispatchInterceptorChain",9,3,""
0.5,"axon-modelling-5.0.0","org.axonframework.modelling.EntityIdResolver",17,3,"axon-messaging-5.0.0","org.axonframework.messaging.core.MessageHandlerInterceptorChain",18,3,""
0.5,"axon-modelling-5.0.0","org.axonframework.modelling.PayloadBasedEntityEvolver",,3,"axon-messaging-5.0.0","org.axonframework.messaging.eventhandling.sequencing.FullConcurrencyPolicy",,3,""
0.5,"axon-modelling-5.0.0","org.axonframework.modelling.PayloadBasedEntityEvolver",,3,"axon-modelling-5.0.0","org.axonframework.modelling.entity.child.EventTargetMatcher",12,2,""
0.5,"axon-modelling-5.0.0","org.axonframework.modelling.annotation.AnnotationBasedEntityIdResolverDefinition",,5,"axon-modelling-5.0.0","org.axonframework.modelling.annotation.EntityIdResolverDefinition",4,3,""
0.5,"axon-modelling-5.0.0","org.axonframework.modelling.annotation.EntityIdResolverDefinition",4,3,"axon-modelling-5.0.0","org.axonframework.modelling.annotation.AnnotationBasedEntityIdResolverDefinition",,5,""
0.5,"axon-modelling-5.0.0","org.axonframework.modelling.configuration.EntityModule",4,1,"axon-common-5.0.0","org.axonframework.common.configuration.DuplicateModuleRegistrationException",1,1,""
0.5,"axon-modelling-5.0.0","org.axonframework.modelling.entity.annotation.AnnotatedEntityMetamodelFactory",2,2,"axon-common-5.0.0","org.axonframework.common.jdbc.ConnectionProvider",2,1,""
0.5,"axon-modelling-5.0.0","org.axonframework.modelling.entity.annotation.AnnotatedEntityMetamodelFactory",2,2,"axon-common-5.0.0","org.axonframework.common.jpa.EntityManagerProvider",8,1,""
0.5,"axon-modelling-5.0.0","org.axonframework.modelling.entity.annotation.AnnotatedEntityMetamodelFactory",2,2,"axon-update-5.0.0","org.axonframework.update.detection.MachineId",1,1,""
0.5,"axon-modelling-5.0.0","org.axonframework.modelling.repository.SimpleRepositoryEntityLoader",4,1,"axon-messaging-5.0.0","org.axonframework.messaging.core.annotation.ParameterResolver",47,1,""
0.5,"axon-modelling-5.0.0","org.axonframework.modelling.repository.SimpleRepositoryEntityLoader",4,1,"axon-modelling-5.0.0","org.axonframework.modelling.EntityEvolver",13,2,""
0.5,"axon-modelling-5.0.0","org.axonframework.modelling.repository.SimpleRepositoryEntityPersister",4,1,"axon-messaging-5.0.0","org.axonframework.messaging.core.annotation.ParameterResolver",47,1,""
0.5,"axon-modelling-5.0.0","org.axonframework.modelling.repository.SimpleRepositoryEntityPersister",4,1,"axon-modelling-5.0.0","org.axonframework.modelling.EntityEvolver",13,2,""
0.5,"axon-test-5.0.0","org.axonframework.test.fixture.RecordingEventBus",1,8,"axon-messaging-5.0.0","org.axonframework.messaging.eventhandling.DelegatingEventBus",,6,""
0.5,"axon-test-5.0.0","org.axonframework.test.matchers.AllFieldsFilter",2,1,"axon-test-5.0.0","org.axonframework.test.matchers.NonTransientFieldsFilter",,2,""
0.5,"axon-test-5.0.0","org.axonframework.test.matchers.NonStaticFieldsFilter",,1,"axon-test-5.0.0","org.axonframework.test.matchers.NonTransientFieldsFilter",,2,""
0.5,"axon-test-5.0.0","org.axonframework.test.matchers.NonTransientFieldsFilter",,2,"axon-common-5.0.0","org.axonframework.common.IdentifierValidator",,1,""
0.5,"axon-test-5.0.0","org.axonframework.test.matchers.NonTransientFieldsFilter",,2,"axon-test-5.0.0","org.axonframework.test.matchers.AllFieldsFilter",2,1,""
0.5,"axon-test-5.0.0","org.axonframework.test.matchers.NonTransientFieldsFilter",,2,"axon-test-5.0.0","org.axonframework.test.matchers.NonStaticFieldsFilter",,1,""
0.5,"axon-test-5.0.0","org.axonframework.test.server.AxonServerContainerUtils",1,1,"axon-common-5.0.0","org.axonframework.common.lock.PessimisticLockFactory$Builder",1,2,""
0.5,"axon-test-5.0.0","org.axonframework.test.util.CallbackBehavior",2,1,"axon-test-5.0.0","org.axonframework.test.util.DefaultCallbackBehavior",1,2,""
0.5,"axon-test-5.0.0","org.axonframework.test.util.DefaultCallbackBehavior",1,2,"axon-test-5.0.0","org.axonframework.test.util.CallbackBehavior",2,1,""
0.5,"axon-test-5.0.0","org.axonframework.test.util.MessageMonitorReport$Report$Failure",3,2,"axon-test-5.0.0","org.axonframework.test.matchers.PayloadMatcher",2,1,""
0.5,"axon-test-5.0.0","org.axonframework.test.util.MessageMonitorReport$Report$Ignored",3,2,"axon-test-5.0.0","org.axonframework.test.matchers.PayloadMatcher",2,1,""
0.5,"axon-test-5.0.0","org.axonframework.test.util.MessageMonitorReport$Report$Success",3,2,"axon-test-5.0.0","org.axonframework.test.matchers.PayloadMatcher",2,1,""
0.5,"axon-update-5.0.0","org.axonframework.update.configuration.CommandLineUsagePropertyProvider",1,2,"axon-common-5.0.0","org.axonframework.common.jpa.EntityManagerProvider",8,1,""
0.5,"axon-update-5.0.0","org.axonframework.update.configuration.CommandLineUsagePropertyProvider",1,2,"axon-update-5.0.0","org.axonframework.update.detection.MachineId",1,1,""
0.5,"axon-update-5.0.0","org.axonframework.update.configuration.DefaultUsagePropertyProvider",2,2,"axon-common-5.0.0","org.axonframework.common.jpa.EntityManagerProvider",8,1,""
0.5,"axon-update-5.0.0","org.axonframework.update.configuration.DefaultUsagePropertyProvider",2,2,"axon-update-5.0.0","org.axonframework.update.detection.MachineId",1,1,""
0.4864864864864865,"axon-messaging-5.0.0","org.axonframework.messaging.core.MessageStream$Single",45,8,"axon-messaging-5.0.0","org.axonframework.messaging.core.FilteringMessageStream",2,4,""
0.4857142857142857,"axon-server-connector-5.0.0","org.axonframework.axonserver.connector.event.AggregateBasedAxonServerEventStorageEngine$1",1,7,"axon-eventsourcing-5.0.0","org.axonframework.eventsourcing.eventstore.jpa.AggregateBasedJpaEventStorageEngine$2",1,12,""
0.4857142857142857,"axon-eventsourcing-5.0.0","org.axonframework.eventsourcing.eventstore.jpa.AggregateBasedJpaEventStorageEngine$2",1,12,"axon-server-connector-5.0.0","org.axonframework.axonserver.connector.event.AggregateBasedAxonServerEventStorageEngine$1",1,7,""
0.48148148148148145,"axon-messaging-5.0.0","org.axonframework.messaging.core.EmptyMessageStream",1,6,"axon-messaging-5.0.0","org.axonframework.messaging.core.IgnoredEntriesMessageStream",1,5,""
0.48148148148148145,"axon-messaging-5.0.0","org.axonframework.messaging.core.IgnoredEntriesMessageStream",1,5,"axon-messaging-5.0.0","org.axonframework.messaging.core.EmptyMessageStream",1,6,""
0.48148148148148145,"axon-messaging-5.0.0","org.axonframework.messaging.core.SingleValueMessageStream",1,4,"axon-messaging-5.0.0","org.axonframework.messaging.core.FailedMessageStream",1,5,""
0.48,"axon-messaging-5.0.0","org.axonframework.messaging.queryhandling.distributed.DelegatingQueryBusConnector",1,8,"axon-messaging-5.0.0","org.axonframework.messaging.queryhandling.distributed.QueryBusConnector",6,8,""
0.48,"axon-messaging-5.0.0","org.axonframework.messaging.queryhandling.distributed.QueryBusConnector",6,8,"axon-messaging-5.0.0","org.axonframework.messaging.queryhandling.distributed.DelegatingQueryBusConnector",1,8,""
0.48,"axon-messaging-5.0.0","org.axonframework.messaging.tracing.NoOpSpanFactory",1,5,"axon-messaging-5.0.0","org.axonframework.messaging.tracing.SpanFactory",16,3,""
0.48,"axon-messaging-5.0.0","org.axonframework.messaging.tracing.SpanFactory",16,3,"axon-messaging-5.0.0","org.axonframework.messaging.tracing.NoOpSpanFactory",1,5,""
0.4782608695652174,"axon-messaging-5.0.0","org.axonframework.messaging.queryhandling.GenericSubscriptionQueryUpdateMessage",2,10,"axon-messaging-5.0.0","org.axonframework.messaging.commandhandling.GenericCommandMessage",4,8,""
0.47619047619047616,"axon-messaging-5.0.0","org.axonframework.messaging.core.IgnoredEntriesMessageStream",1,5,"axon-messaging-5.0.0","org.axonframework.messaging.core.MappedMessageStream",2,5,""
0.47619047619047616,"axon-messaging-5.0.0","org.axonframework.messaging.eventhandling.gateway.ProcessingContextEventAppender",1,8,"axon-test-5.0.0","org.axonframework.test.fixture.RecordingEventSink",9,5,""
0.47619047619047616,"axon-test-5.0.0","org.axonframework.test.fixture.RecordingEventSink",9,5,"axon-messaging-5.0.0","org.axonframework.messaging.eventhandling.gateway.ProcessingContextEventAppender",1,8,""
0.475,"axon-messaging-5.0.0","org.axonframework.messaging.core.interception.BeanValidationInterceptor",,9,"axon-messaging-5.0.0","org.axonframework.messaging.core.interception.LoggingInterceptor",,10,""
0.475,"axon-messaging-5.0.0","org.axonframework.messaging.core.interception.LoggingInterceptor",,10,"axon-messaging-5.0.0","org.axonframework.messaging.core.interception.BeanValidationInterceptor",,9,""
0.47368421052631576,"axon-server-connector-5.0.0","org.axonframework.axonserver.connector.event.AxonServerMessageStream",1,10,"axon-server-connector-5.0.0","org.axonframework.axonserver.connector.event.SourcingEventMessageStream",1,13,""
0.47368421052631576,"axon-server-connector-5.0.0","org.axonframework.axonserver.connector.event.SourcingEventMessageStream",1,13,"axon-server-connector-5.0.0","org.axonframework.axonserver.connector.event.AxonServerMessageStream",1,10,""
0.47368421052631576,"axon-eventsourcing-5.0.0","org.axonframework.eventsourcing.eventstore.AbstractConsistencyMarker",2,1,"axon-eventsourcing-5.0.0","org.axonframework.eventsourcing.eventstore.GlobalIndexConsistencyMarker",6,4,""
0.47368421052631576,"axon-eventsourcing-5.0.0","org.axonframework.eventsourcing.eventstore.GlobalIndexConsistencyMarker",6,4,"axon-eventsourcing-5.0.0","org.axonframework.eventsourcing.eventstore.AbstractConsistencyMarker",2,1,""
0.47368421052631576,"axon-messaging-5.0.0","org.axonframework.messaging.core.QueueMessageStream",1,5,"axon-messaging-5.0.0","org.axonframework.messaging.core.MappedMessageStream",2,5,""
0.47368421052631576,"axon-messaging-5.0.0","org.axonframework.messaging.core.TruncateFirstMessageStream",1,5,"axon-messaging-5.0.0","org.axonframework.messaging.core.OnNextMessageStream",2,5,""
0.47058823529411764,"axon-messaging-5.0.0","org.axonframework.messaging.core.MessageDecorator",5,4,"axon-tracing-opentelemetry-5.0.0","org.axonframework.extension.tracing.opentelemetry.MetadataContextGetter",1,2,""
0.4666666666666667,"axon-eventsourcing-5.0.0","org.axonframework.eventsourcing.eventstore.ConsistencyMarkers$OriginConsistencyMarker",2,2,"axon-eventsourcing-5.0.0","org.axonframework.eventsourcing.eventstore.GlobalIndexConsistencyMarker",6,4,""
0.4666666666666667,"axon-eventsourcing-5.0.0","org.axonframework.eventsourcing.eventstore.GlobalIndexConsistencyMarker",6,4,"axon-eventsourcing-5.0.0","org.axonframework.eventsourcing.eventstore.ConsistencyMarkers$OriginConsistencyMarker",2,2,""
0.4666666666666667,"axon-messaging-5.0.0","org.axonframework.messaging.commandhandling.GenericCommandResultMessage",4,8,"axon-messaging-5.0.0","org.axonframework.messaging.core.GenericResultMessage",3,8,""
0.4666666666666667,"axon-messaging-5.0.0","org.axonframework.messaging.core.AbstractMessage",1,3,"axon-messaging-5.0.0","org.axonframework.messaging.core.annotation.DefaultParameterResolverFactory$AnnotatedMetadataParameterResolver",1,4,""
0.4666666666666667,"axon-messaging-5.0.0","org.axonframework.messaging.core.unitofwork.ProcessingContext",229,5,"axon-messaging-5.0.0","org.axonframework.messaging.core.LegacyResources",7,1,""
0.4666666666666667,"axon-messaging-5.0.0","org.axonframework.messaging.eventhandling.annotation.MethodEventHandlerDefinition",,4,"axon-messaging-5.0.0","org.axonframework.messaging.queryhandling.annotation.MethodQueryHandlerDefinition",,3,""
0.4666666666666667,"axon-messaging-5.0.0","org.axonframework.messaging.eventhandling.processing.streaming.token.GlobalSequenceTrackingToken",8,2,"axon-messaging-5.0.0","org.axonframework.messaging.eventhandling.processing.streaming.pooled.Coordinator$NoToken",2,1,""
0.4666666666666667,"axon-messaging-5.0.0","org.axonframework.messaging.eventstreaming.DefaultStreamingCondition",2,3,"axon-messaging-5.0.0","org.axonframework.messaging.eventstreaming.StreamingCondition",13,5,""
0.4666666666666667,"axon-messaging-5.0.0","org.axonframework.messaging.eventstreaming.StreamingCondition",13,5,"axon-messaging-5.0.0","org.axonframework.messaging.eventstreaming.DefaultStreamingCondition",2,3,""
0.4666666666666667,"axon-messaging-5.0.0","org.axonframework.messaging.queryhandling.annotation.MethodQueryHandlerDefinition",,3,"axon-messaging-5.0.0","org.axonframework.messaging.eventhandling.annotation.MethodEventHandlerDefinition",,4,""
0.46153846153846156,"axon-eventsourcing-5.0.0","org.axonframework.eventsourcing.EventSourcedEntityFactory",8,2,"axon-messaging-5.0.0","org.axonframework.messaging.eventhandling.annotation.TimestampParameterResolverFactory$TimestampParameterResolver",1,5,""
0.46153846153846156,"axon-eventsourcing-5.0.0","org.axonframework.eventsourcing.eventstore.ConsistencyMarker",24,5,"axon-messaging-5.0.0","org.axonframework.messaging.core.EmptyContext",1,2,""
0.46153846153846156,"axon-metrics-micrometer-5.0.0","org.axonframework.extension.metrics.micrometer.MessageCountingMonitor",2,4,"axon-metrics-micrometer-5.0.0","org.axonframework.extension.metrics.micrometer.TagsUtil",1,2,""
0.46153846153846156,"axon-messaging-5.0.0","org.axonframework.messaging.eventhandling.DelegatingEventBus",,6,"axon-messaging-5.0.0","org.axonframework.messaging.eventhandling.InterceptingEventBus",2,8,""
0.46153846153846156,"axon-messaging-5.0.0","org.axonframework.messaging.eventhandling.InterceptingEventBus",2,8,"axon-messaging-5.0.0","org.axonframework.messaging.eventhandling.DelegatingEventBus",,6,""
0.46153846153846156,"axon-messaging-5.0.0","org.axonframework.messaging.eventhandling.annotation.TimestampParameterResolverFactory$TimestampParameterResolver",1,5,"axon-eventsourcing-5.0.0","org.axonframework.eventsourcing.EventSourcedEntityFactory",8,2,""
0.46153846153846156,"axon-messaging-5.0.0","org.axonframework.messaging.eventhandling.processing.streaming.segmenting.Segment",23,4,"axon-messaging-5.0.0","org.axonframework.messaging.core.EmptyContext",1,2,""
0.46153846153846156,"axon-messaging-5.0.0","org.axonframework.messaging.eventhandling.processing.streaming.token.GapAwareTrackingToken",3,3,"axon-messaging-5.0.0","org.axonframework.messaging.eventhandling.processing.streaming.token.LatestTrackingToken",1,1,""
0.46153846153846156,"axon-messaging-5.0.0","org.axonframework.messaging.eventhandling.processing.streaming.token.annotation.TrackingTokenParameterResolverFactory$TrackingTokenParameterResolver",1,5,"axon-messaging-5.0.0","org.axonframework.messaging.eventhandling.processing.streaming.token.LatestTrackingToken",1,1,""
0.46153846153846156,"axon-messaging-5.0.0","org.axonframework.messaging.eventhandling.processing.streaming.token.annotation.TrackingTokenParameterResolverFactory$TrackingTokenParameterResolver",1,5,"axon-messaging-5.0.0","org.axonframework.messaging.eventhandling.processing.streaming.token.store.ConfigToken",2,1,""
0.46153846153846156,"axon-messaging-5.0.0","org.axonframework.messaging.eventstreaming.TrackingTokenSource",6,2,"axon-messaging-5.0.0","org.axonframework.messaging.eventhandling.processing.streaming.token.annotation.TrackingTokenParameterResolverFactory$TrackingTokenParameterResolver",1,5,""
0.4605263157894737,"axon-modelling-5.0.0","org.axonframework.modelling.repository.AccessSerializingRepository",,9,"axon-modelling-5.0.0","org.axonframework.modelling.repository.SimpleRepository",3,8,""
0.4605263157894737,"axon-modelling-5.0.0","org.axonframework.modelling.repository.SimpleRepository",3,8,"axon-modelling-5.0.0","org.axonframework.modelling.repository.AccessSerializingRepository",,9,""
0.4583333333333333,"axon-messaging-5.0.0","org.axonframework.messaging.eventstreaming.AnyEvent",4,6,"axon-messaging-5.0.0","org.axonframework.messaging.eventstreaming.TagFilteredEventCriteria",2,8,""
0.4583333333333333,"axon-messaging-5.0.0","org.axonframework.messaging.eventstreaming.TagFilteredEventCriteria",2,8,"axon-messaging-5.0.0","org.axonframework.messaging.eventstreaming.AnyEvent",4,6,""
0.45544554455445546,"axon-test-5.0.0","org.axonframework.test.fixture.AxonTestGiven",1,20,"axon-test-5.0.0","org.axonframework.test.fixture.AxonTestWhen",5,21,""
0.45544554455445546,"axon-test-5.0.0","org.axonframework.test.fixture.AxonTestWhen",5,21,"axon-test-5.0.0","org.axonframework.test.fixture.AxonTestGiven",1,20,""
0.45454545454545453,"axon-server-connector-5.0.0","org.axonframework.axonserver.connector.query.FlowControlledResponseSender",1,7,"axon-messaging-5.0.0","org.axonframework.messaging.core.FluxUtils$FluxStreamAdapter",1,3,""
0.45454545454545453,"axon-messaging-5.0.0","org.axonframework.messaging.core.annotation.MessageHandlingMember",38,4,"axon-messaging-5.0.0","org.axonframework.messaging.core.annotation.MessageIdentifierParameterResolverFactory$MessageIdentifierParameterResolver",1,3,""
0.45454545454545453,"axon-messaging-5.0.0","org.axonframework.messaging.core.configuration.reflection.ParameterResolverFactoryUtils",7,5,"axon-messaging-5.0.0","org.axonframework.messaging.core.reflection.HierarchicalParameterResolverFactoryConfigurationEnhancer",,5,""
0.45454545454545453,"axon-messaging-5.0.0","org.axonframework.messaging.core.reflection.HierarchicalParameterResolverFactoryConfigurationEnhancer",,5,"axon-messaging-5.0.0","org.axonframework.messaging.core.configuration.reflection.ParameterResolverFactoryUtils",7,5,""
0.45454545454545453,"axon-messaging-5.0.0","org.axonframework.messaging.eventhandling.annotation.TimestampParameterResolverFactory$TimestampParameterResolver",1,5,"axon-messaging-5.0.0","org.axonframework.messaging.core.annotation.MessageIdentifierParameterResolverFactory$MessageIdentifierParameterResolver",1,3,""
0.45454545454545453,"axon-test-5.0.0","org.axonframework.test.fixture.AxonTestWhen$Event",1,7,"axon-test-5.0.0","org.axonframework.test.fixture.AxonTestWhen$Nothing",1,7,""
0.45454545454545453,"axon-test-5.0.0","org.axonframework.test.fixture.AxonTestWhen$Nothing",1,7,"axon-test-5.0.0","org.axonframework.test.fixture.AxonTestWhen$Event",1,7,""
0.45161290322580644,"axon-messaging-5.0.0","org.axonframework.messaging.core.EmptyMessageStream",1,6,"axon-messaging-5.0.0","org.axonframework.messaging.core.CloseCallbackMessageStream",1,6,""
0.4489795918367347,"axon-messaging-5.0.0","org.axonframework.messaging.commandhandling.interception.InterceptingCommandBus",1,15,"axon-test-5.0.0","org.axonframework.test.fixture.RecordingCommandBus",8,10,""
0.4489795918367347,"axon-messaging-5.0.0","org.axonframework.messaging.commandhandling.retry.RetryingCommandBus",,14,"axon-test-5.0.0","org.axonframework.test.fixture.RecordingCommandBus",8,10,""
0.4489795918367347,"axon-test-5.0.0","org.axonframework.test.fixture.RecordingCommandBus",8,10,"axon-messaging-5.0.0","org.axonframework.messaging.commandhandling.interception.InterceptingCommandBus",1,15,""
0.4489795918367347,"axon-test-5.0.0","org.axonframework.test.fixture.RecordingCommandBus",8,10,"axon-messaging-5.0.0","org.axonframework.messaging.commandhandling.retry.RetryingCommandBus",,14,""
0.4482758620689655,"axon-server-connector-5.0.0","org.axonframework.axonserver.connector.query.FlowControlledResponseSender",1,7,"axon-messaging-5.0.0","org.axonframework.messaging.core.CompletionCallbackMessageStream",3,6,""
0.44642857142857145,"axon-messaging-5.0.0","org.axonframework.messaging.eventhandling.processing.ProcessorEventHandlingComponents",3,10,"axon-messaging-5.0.0","org.axonframework.messaging.eventhandling.processing.streaming.segmenting.SequenceOverridingEventHandlingComponent",,10,""
0.44642857142857145,"axon-messaging-5.0.0","org.axonframework.messaging.eventhandling.processing.streaming.segmenting.SequenceOverridingEventHandlingComponent",,10,"axon-messaging-5.0.0","org.axonframework.messaging.eventhandling.processing.ProcessorEventHandlingComponents",3,10,""
0.4444444444444444,"axon-conversion-5.0.0","org.axonframework.conversion.ChainedConverter",1,5,"axon-conversion-5.0.0","org.axonframework.conversion.ChainedConverter$Route",2,2,""
0.4444444444444444,"axon-conversion-5.0.0","org.axonframework.conversion.ChainedConverter$Route",2,2,"axon-conversion-5.0.0","org.axonframework.conversion.ChainedConverter",1,5,""
0.4444444444444444,"axon-eventsourcing-5.0.0","org.axonframework.eventsourcing.EventSourcedEntityFactory",8,2,"axon-modelling-5.0.0","org.axonframework.modelling.entity.child.EventTargetMatcher",12,2,""
0.4444444444444444,"axon-eventsourcing-5.0.0","org.axonframework.eventsourcing.eventstore.EmptyAppendTransaction",3,3,"axon-eventsourcing-5.0.0","org.axonframework.eventsourcing.eventstore.EventStorageEngine$AppendTransaction",12,2,""
0.4444444444444444,"axon-eventsourcing-5.0.0","org.axonframework.eventsourcing.eventstore.inmemory.InMemoryEventStorageEngine$MapBackedSourcingEventMessageStream",1,11,"axon-eventsourcing-5.0.0","org.axonframework.eventsourcing.eventstore.inmemory.InMemoryEventStorageEngine$MapBackedStreamingEventMessageStream",1,5,""
0.4444444444444444,"axon-eventsourcing-5.0.0","org.axonframework.eventsourcing.eventstore.inmemory.InMemoryEventStorageEngine$MapBackedStreamingEventMessageStream",1,5,"axon-eventsourcing-5.0.0","org.axonframework.eventsourcing.eventstore.inmemory.InMemoryEventStorageEngine$MapBackedSourcingEventMessageStream",1,11,""
0.4444444444444444,"axon-spring-boot-autoconfigure-5.0.0","org.axonframework.extension.springboot.autoconfig.ObjectMapperAutoConfiguration",,8,"axon-spring-boot-autoconfigure-5.0.0","org.axonframework.extension.springboot.autoconfig.ObjectMapperAutoConfiguration$JacksonConfiguredCondition",5,4,""
0.4444444444444444,"axon-spring-boot-autoconfigure-5.0.0","org.axonframework.extension.springboot.autoconfig.ObjectMapperAutoConfiguration$JacksonConfiguredCondition",5,4,"axon-spring-boot-autoconfigure-5.0.0","org.axonframework.extension.springboot.autoconfig.ObjectMapperAutoConfiguration",,8,""
0.4444444444444444,"axon-messaging-5.0.0","org.axonframework.messaging.commandhandling.configuration.CommandHandlingModule$CommandHandlerPhase",3,10,"axon-messaging-5.0.0","org.axonframework.messaging.queryhandling.configuration.QueryHandlingModule$QueryHandlerPhase",3,11,""
0.4444444444444444,"axon-messaging-5.0.0","org.axonframework.messaging.core.ClassBasedMessageTypeResolver",3,2,"axon-messaging-5.0.0","org.axonframework.messaging.core.NamespaceMessageTypeResolver",1,3,""
0.4444444444444444,"axon-messaging-5.0.0","org.axonframework.messaging.core.NamespaceMessageTypeResolver",1,3,"axon-messaging-5.0.0","org.axonframework.messaging.core.ClassBasedMessageTypeResolver",3,2,""
0.4444444444444444,"axon-messaging-5.0.0","org.axonframework.messaging.core.correlation.SimpleCorrelationDataProvider",,3,"axon-messaging-5.0.0","org.axonframework.messaging.core.annotation.DefaultParameterResolverFactory$MetadataParameterResolver",1,4,""
0.4444444444444444,"axon-messaging-5.0.0","org.axonframework.messaging.core.interception.DispatchInterceptorRegistry",6,10,"axon-messaging-5.0.0","org.axonframework.messaging.core.interception.HandlerInterceptorRegistry",6,9,""
0.4444444444444444,"axon-messaging-5.0.0","org.axonframework.messaging.core.interception.HandlerInterceptorRegistry",6,9,"axon-messaging-5.0.0","org.axonframework.messaging.core.interception.DispatchInterceptorRegistry",6,10,""
0.4444444444444444,"axon-messaging-5.0.0","org.axonframework.messaging.eventhandling.processing.streaming.token.store.jpa.JpaTokenStoreConfiguration",2,1,"axon-messaging-5.0.0","org.axonframework.messaging.eventhandling.tracing.DefaultEventProcessorSpanFactory$Builder",2,3,""
0.4444444444444444,"axon-messaging-5.0.0","org.axonframework.messaging.eventhandling.sequencing.MetadataSequencingPolicy",,5,"axon-messaging-5.0.0","org.axonframework.messaging.eventhandling.sequencing.ExtractionSequencingPolicy",1,4,""
0.4444444444444444,"axon-messaging-5.0.0","org.axonframework.messaging.eventhandling.sequencing.SequentialPerAggregatePolicy",1,5,"axon-messaging-5.0.0","org.axonframework.messaging.eventhandling.sequencing.ExtractionSequencingPolicy",1,4,""
0.4444444444444444,"axon-messaging-5.0.0","org.axonframework.messaging.eventhandling.tracing.DefaultEventProcessorSpanFactory$Builder",2,3,"axon-messaging-5.0.0","org.axonframework.messaging.eventhandling.processing.streaming.token.store.jpa.JpaTokenStoreConfiguration",2,1,""
0.4444444444444444,"axon-messaging-5.0.0","org.axonframework.messaging.queryhandling.configuration.QueryHandlingModule$QueryHandlerPhase",3,11,"axon-messaging-5.0.0","org.axonframework.messaging.commandhandling.configuration.CommandHandlingModule$CommandHandlerPhase",3,10,""
0.4444444444444444,"axon-messaging-5.0.0","org.axonframework.messaging.queryhandling.distributed.DelegatingQueryBusConnector",1,8,"axon-messaging-5.0.0","org.axonframework.messaging.queryhandling.distributed.PayloadConvertingQueryBusConnector",3,11,""
0.4444444444444444,"axon-messaging-5.0.0","org.axonframework.messaging.queryhandling.distributed.PayloadConvertingQueryBusConnector",3,11,"axon-messaging-5.0.0","org.axonframework.messaging.queryhandling.distributed.DelegatingQueryBusConnector",1,8,""
0.4411764705882353,"axon-messaging-5.0.0","org.axonframework.messaging.core.retry.AsyncRetryScheduler$RetryTask",1,9,"axon-messaging-5.0.0","org.axonframework.messaging.core.CompletionCallbackMessageStream",3,6,""
0.43859649122807015,"axon-messaging-5.0.0","org.axonframework.messaging.commandhandling.interception.InterceptingCommandBus",1,15,"axon-messaging-5.0.0","org.axonframework.messaging.commandhandling.retry.RetryingCommandBus",,14,""
0.43859649122807015,"axon-messaging-5.0.0","org.axonframework.messaging.commandhandling.retry.RetryingCommandBus",,14,"axon-messaging-5.0.0","org.axonframework.messaging.commandhandling.interception.InterceptingCommandBus",1,15,""
0.4375,"axon-server-connector-5.0.0","org.axonframework.axonserver.connector.event.AxonServerEventStorageEngine$AxonServerAppendTransaction",1,6,"axon-eventsourcing-5.0.0","org.axonframework.eventsourcing.eventstore.EmptyAppendTransaction",3,3,""
0.4375,"axon-eventsourcing-5.0.0","org.axonframework.eventsourcing.eventstore.EmptyAppendTransaction",3,3,"axon-server-connector-5.0.0","org.axonframework.axonserver.connector.event.AxonServerEventStorageEngine$AxonServerAppendTransaction",1,6,""
0.4375,"axon-messaging-5.0.0","org.axonframework.messaging.core.unitofwork.ProcessingContext",229,5,"axon-messaging-5.0.0","org.axonframework.messaging.core.EmptyContext",1,2,""
0.4375,"axon-messaging-5.0.0","org.axonframework.messaging.eventhandling.processing.streaming.token.WrappedToken",6,1,"axon-messaging-5.0.0","org.axonframework.messaging.eventhandling.processing.streaming.pooled.Coordinator$NoToken",2,1,""
0.4358974358974359,"axon-messaging-5.0.0","org.axonframework.messaging.core.interception.LoggingInterceptor",,10,"axon-messaging-5.0.0","org.axonframework.messaging.core.EmptyMessageStream",1,6,""
0.43478260869565216,"axon-test-5.0.0","org.axonframework.test.fixture.AxonTestWhen$Command",1,7,"axon-test-5.0.0","org.axonframework.test.fixture.AxonTestWhen$Event",1,7,""
0.43478260869565216,"axon-test-5.0.0","org.axonframework.test.fixture.AxonTestWhen$Command",1,7,"axon-test-5.0.0","org.axonframework.test.fixture.AxonTestWhen$Nothing",1,7,""
0.43478260869565216,"axon-test-5.0.0","org.axonframework.test.fixture.AxonTestWhen$Event",1,7,"axon-test-5.0.0","org.axonframework.test.fixture.AxonTestWhen$Command",1,7,""
0.43478260869565216,"axon-test-5.0.0","org.axonframework.test.fixture.AxonTestWhen$Nothing",1,7,"axon-test-5.0.0","org.axonframework.test.fixture.AxonTestWhen$Command",1,7,""
0.43333333333333335,"axon-messaging-5.0.0","org.axonframework.messaging.eventhandling.InterceptingEventSink",1,11,"axon-test-5.0.0","org.axonframework.test.fixture.RecordingEventSink",9,5,""
0.43333333333333335,"axon-test-5.0.0","org.axonframework.test.fixture.RecordingEventSink",9,5,"axon-messaging-5.0.0","org.axonframework.messaging.eventhandling.InterceptingEventSink",1,11,""
0.4329896907216495,"axon-messaging-5.0.0","org.axonframework.messaging.eventhandling.processing.streaming.pooled.PooledStreamingEventProcessorModule",2,26,"axon-messaging-5.0.0","org.axonframework.messaging.eventhandling.processing.subscribing.SubscribingEventProcessorModule",2,22,""
0.4329896907216495,"axon-messaging-5.0.0","org.axonframework.messaging.eventhandling.processing.subscribing.SubscribingEventProcessorModule",2,22,"axon-messaging-5.0.0","org.axonframework.messaging.eventhandling.processing.streaming.pooled.PooledStreamingEventProcessorModule",2,26,""
0.42857142857142855,"axon-server-connector-5.0.0","org.axonframework.axonserver.connector.util.ExceptionConverter",6,3,"axon-server-connector-5.0.0","org.axonframework.axonserver.connector.query.AxonServerQueryDispatchException",1,2,""
0.42857142857142855,"axon-common-5.0.0","org.axonframework.common.configuration.Component",16,4,"axon-common-5.0.0","org.axonframework.common.configuration.ComponentFactory",4,4,""
0.42857142857142855,"axon-common-5.0.0","org.axonframework.common.configuration.ComponentFactory",4,4,"axon-common-5.0.0","org.axonframework.common.configuration.Component",16,4,""
0.42857142857142855,"axon-common-5.0.0","org.axonframework.common.property.AbstractMethodPropertyAccessStrategy",2,3,"axon-common-5.0.0","org.axonframework.common.property.DirectPropertyAccessStrategy",,3,""
0.42857142857142855,"axon-common-5.0.0","org.axonframework.common.property.DirectPropertyAccessStrategy",,3,"axon-common-5.0.0","org.axonframework.common.property.AbstractMethodPropertyAccessStrategy",2,3,""
0.42857142857142855,"axon-eventsourcing-5.0.0","org.axonframework.eventsourcing.configuration.EventSourcedEntityModule$EntityIdResolverPhase",4,4,"axon-modelling-5.0.0","org.axonframework.modelling.configuration.StateBasedEntityModule$EntityIdResolverPhase",3,4,""
0.42857142857142855,"axon-eventsourcing-5.0.0","org.axonframework.eventsourcing.eventstore.AggregateSequenceNumberPosition",3,1,"axon-eventsourcing-5.0.0","org.axonframework.eventsourcing.eventstore.StartPosition",1,1,""
0.42857142857142855,"axon-eventsourcing-5.0.0","org.axonframework.eventsourcing.eventstore.GlobalIndexPosition",3,1,"axon-eventsourcing-5.0.0","org.axonframework.eventsourcing.eventstore.StartPosition",1,1,""
0.42857142857142855,"axon-eventsourcing-5.0.0","org.axonframework.eventsourcing.eventstore.PayloadBasedTagResolver",,3,"axon-eventsourcing-5.0.0","org.axonframework.eventsourcing.eventstore.TooManyTagsOnEventMessageException",1,2,""
0.42857142857142855,"axon-eventsourcing-5.0.0","org.axonframework.eventsourcing.eventstore.StartPosition",1,1,"axon-eventsourcing-5.0.0","org.axonframework.eventsourcing.eventstore.AggregateSequenceNumberPosition",3,1,""
0.42857142857142855,"axon-eventsourcing-5.0.0","org.axonframework.eventsourcing.eventstore.StartPosition",1,1,"axon-eventsourcing-5.0.0","org.axonframework.eventsourcing.eventstore.GlobalIndexPosition",3,1,""
0.42857142857142855,"axon-eventsourcing-5.0.0","org.axonframework.eventsourcing.eventstore.TooManyTagsOnEventMessageException",1,2,"axon-eventsourcing-5.0.0","org.axonframework.eventsourcing.eventstore.PayloadBasedTagResolver",,3,""
0.42857142857142855,"axon-messaging-5.0.0","org.axonframework.messaging.commandhandling.tracing.TracingCommandBus",1,11,"axon-test-5.0.0","org.axonframework.test.fixture.RecordingCommandBus",8,10,""
0.42857142857142855,"axon-messaging-5.0.0","org.axonframework.messaging.core.AbstractMessage",1,3,"axon-tracing-opentelemetry-5.0.0","org.axonframework.extension.tracing.opentelemetry.MetadataContextGetter",1,2,""
0.42857142857142855,"axon-messaging-5.0.0","org.axonframework.messaging.core.Context",24,4,"axon-messaging-5.0.0","org.axonframework.messaging.core.SimpleContext",1,2,""
0.42857142857142855,"axon-messaging-5.0.0","org.axonframework.messaging.core.DefaultMessageDispatchInterceptorChain",7,8,"axon-messaging-5.0.0","org.axonframework.messaging.core.interception.BeanValidationInterceptor",,9,""
0.42857142857142855,"axon-messaging-5.0.0","org.axonframework.messaging.core.annotation.HierarchicalParameterResolverFactory",1,3,"axon-messaging-5.0.0","org.axonframework.messaging.core.configuration.reflection.ParameterResolverFactoryUtils",7,5,""
0.42857142857142855,"axon-messaging-5.0.0","org.axonframework.messaging.core.configuration.reflection.ParameterResolverFactoryUtils",7,5,"axon-messaging-5.0.0","org.axonframework.messaging.core.annotation.HierarchicalParameterResolverFactory",1,3,""
0.42857142857142855,"axon-messaging-5.0.0","org.axonframework.messaging.core.interception.BeanValidationInterceptor",,9,"axon-messaging-5.0.0","org.axonframework.messaging.core.DefaultMessageDispatchInterceptorChain",7,8,""
0.42857142857142855,"axon-messaging-5.0.0","org.axonframework.messaging.eventhandling.conversion.EventConverter",16,2,"axon-messaging-5.0.0","org.axonframework.messaging.eventhandling.tracing.EventBusSpanFactory",1,2,""
0.42857142857142855,"axon-messaging-5.0.0","org.axonframework.messaging.eventhandling.conversion.EventConverter",16,2,"axon-modelling-5.0.0","org.axonframework.modelling.PayloadBasedEntityEvolver",,3,""
0.42857142857142855,"axon-messaging-5.0.0","org.axonframework.messaging.eventhandling.sequencing.MetadataSequencingPolicy",,5,"axon-messaging-5.0.0","org.axonframework.messaging.eventhandling.sequencing.SequentialPolicy",2,4,""
0.42857142857142855,"axon-messaging-5.0.0","org.axonframework.messaging.eventhandling.sequencing.SequentialPerAggregatePolicy",1,5,"axon-messaging-5.0.0","org.axonframework.messaging.eventhandling.sequencing.FullConcurrencyPolicy",,3,""
0.42857142857142855,"axon-messaging-5.0.0","org.axonframework.messaging.eventhandling.sequencing.SequentialPerAggregatePolicy",1,5,"axon-messaging-5.0.0","org.axonframework.messaging.eventhandling.sequencing.SequentialPolicy",2,4,""
0.42857142857142855,"axon-messaging-5.0.0","org.axonframework.messaging.eventhandling.tracing.EventBusSpanFactory",1,2,"axon-messaging-5.0.0","org.axonframework.messaging.eventhandling.conversion.EventConverter",16,2,""
0.42857142857142855,"axon-messaging-5.0.0","org.axonframework.messaging.eventhandling.tracing.EventBusSpanFactory",1,2,"axon-modelling-5.0.0","org.axonframework.modelling.PayloadBasedEntityEvolver",,3,""
0.42857142857142855,"axon-messaging-5.0.0","org.axonframework.messaging.eventstreaming.StartingFrom",1,4,"axon-messaging-5.0.0","org.axonframework.messaging.eventstreaming.StreamingCondition",13,5,""
0.42857142857142855,"axon-messaging-5.0.0","org.axonframework.messaging.eventstreaming.StreamingCondition",13,5,"axon-messaging-5.0.0","org.axonframework.messaging.eventstreaming.StartingFrom",1,4,""
0.42857142857142855,"axon-messaging-5.0.0","org.axonframework.messaging.eventstreaming.TrackingTokenSource",6,2,"axon-eventsourcing-5.0.0","org.axonframework.eventsourcing.eventstore.EventStorageEngine$AppendTransaction",12,2,""
0.42857142857142855,"axon-messaging-5.0.0","org.axonframework.messaging.monitoring.MessageMonitor",26,2,"axon-messaging-5.0.0","org.axonframework.messaging.commandhandling.gateway.FutureCommandResult",1,2,""
0.42857142857142855,"axon-messaging-5.0.0","org.axonframework.messaging.monitoring.MessageMonitor",26,2,"axon-test-5.0.0","org.axonframework.test.matchers.PayloadMatcher",2,1,""
0.42857142857142855,"axon-modelling-5.0.0","org.axonframework.modelling.PayloadBasedEntityEvolver",,3,"axon-messaging-5.0.0","org.axonframework.messaging.eventhandling.EventSink",11,3,""
0.42857142857142855,"axon-modelling-5.0.0","org.axonframework.modelling.configuration.SimpleStateBasedEntityModule$1",1,3,"axon-eventsourcing-5.0.0","org.axonframework.eventsourcing.configuration.SimpleEventSourcedEntityModule$3",1,3,""
0.42857142857142855,"axon-modelling-5.0.0","org.axonframework.modelling.configuration.SimpleStateBasedEntityModule$2",1,3,"axon-eventsourcing-5.0.0","org.axonframework.eventsourcing.configuration.SimpleEventSourcedEntityModule$1",1,3,""
0.42857142857142855,"axon-modelling-5.0.0","org.axonframework.modelling.configuration.SimpleStateBasedEntityModule$3",1,3,"axon-eventsourcing-5.0.0","org.axonframework.eventsourcing.configuration.SimpleEventSourcedEntityModule$2",1,3,""
0.42857142857142855,"axon-modelling-5.0.0","org.axonframework.modelling.configuration.StateBasedEntityModule$EntityIdResolverPhase",3,4,"axon-eventsourcing-5.0.0","org.axonframework.eventsourcing.configuration.EventSourcedEntityModule$EntityIdResolverPhase",4,4,""
0.42857142857142855,"axon-modelling-5.0.0","org.axonframework.modelling.entity.annotation.RoutingKeyCommandTargetResolver",1,6,"axon-modelling-5.0.0","org.axonframework.modelling.entity.annotation.RoutingKeyEventTargetMatcher",1,5,""
0.42857142857142855,"axon-modelling-5.0.0","org.axonframework.modelling.entity.annotation.RoutingKeyCommandTargetResolver",1,6,"axon-modelling-5.0.0","org.axonframework.modelling.entity.child.CommandTargetResolver",12,3,""
0.42857142857142855,"axon-modelling-5.0.0","org.axonframework.modelling.entity.annotation.RoutingKeyEventTargetMatcher",1,5,"axon-modelling-5.0.0","org.axonframework.modelling.entity.annotation.RoutingKeyCommandTargetResolver",1,6,""
0.42857142857142855,"axon-modelling-5.0.0","org.axonframework.modelling.entity.child.CommandTargetResolver",12,3,"axon-modelling-5.0.0","org.axonframework.modelling.entity.annotation.RoutingKeyCommandTargetResolver",1,6,""
0.42857142857142855,"axon-test-5.0.0","org.axonframework.test.FixtureResourceParameterResolverFactory$FailingParameterResolver",1,3,"axon-messaging-5.0.0","org.axonframework.messaging.core.unitofwork.annotation.ProcessingContextParameterResolverFactory$ProcessingContextParameterResolver",1,2,""
0.42857142857142855,"axon-test-5.0.0","org.axonframework.test.fixture.RecordingCommandBus",8,10,"axon-messaging-5.0.0","org.axonframework.messaging.commandhandling.tracing.TracingCommandBus",1,11,""
0.42424242424242425,"axon-messaging-5.0.0","org.axonframework.messaging.core.DefaultMessageDispatchInterceptorChain$InterceptingDispatcher",1,6,"axon-messaging-5.0.0","org.axonframework.messaging.core.interception.BeanValidationInterceptor",,9,""
0.42424242424242425,"axon-messaging-5.0.0","org.axonframework.messaging.core.interception.BeanValidationInterceptor",,9,"axon-messaging-5.0.0","org.axonframework.messaging.core.DefaultMessageDispatchInterceptorChain$InterceptingDispatcher",1,6,""
0.4230769230769231,"axon-conversion-5.0.0","org.axonframework.conversion.ChainedConverter$Route",2,2,"axon-conversion-5.0.0","org.axonframework.conversion.ChainingContentTypeConverter",3,5,""
0.4230769230769231,"axon-conversion-5.0.0","org.axonframework.conversion.ChainingContentTypeConverter",3,5,"axon-conversion-5.0.0","org.axonframework.conversion.ChainedConverter$Route",2,2,""
0.4230769230769231,"axon-messaging-5.0.0","org.axonframework.messaging.core.MessageStream$Empty",48,5,"axon-messaging-5.0.0","org.axonframework.messaging.core.FluxUtils$FluxStreamAdapter",1,3,""
0.4230769230769231,"axon-messaging-5.0.0","org.axonframework.messaging.core.annotation.ChainedMessageHandlerInterceptorMember",1,6,"axon-messaging-5.0.0","org.axonframework.messaging.core.interception.annotation.NoMoreInterceptors",2,5,""
0.4230769230769231,"axon-messaging-5.0.0","org.axonframework.messaging.core.interception.annotation.NoMoreInterceptors",2,5,"axon-messaging-5.0.0","org.axonframework.messaging.core.annotation.ChainedMessageHandlerInterceptorMember",1,6,""
0.4230769230769231,"axon-messaging-5.0.0","org.axonframework.messaging.eventhandling.configuration.DefaultEventHandlingComponentsConfigurer",2,7,"axon-messaging-5.0.0","org.axonframework.messaging.eventhandling.configuration.EventHandlingComponentsConfigurer$CompletePhase",8,3,""
0.4230769230769231,"axon-messaging-5.0.0","org.axonframework.messaging.eventhandling.configuration.EventHandlingComponentsConfigurer$CompletePhase",8,3,"axon-messaging-5.0.0","org.axonframework.messaging.eventhandling.configuration.DefaultEventHandlingComponentsConfigurer",2,7,""
0.42134831460674155,"axon-eventsourcing-5.0.0","org.axonframework.eventsourcing.configuration.SimpleEventSourcedEntityModule",6,32,"axon-modelling-5.0.0","org.axonframework.modelling.configuration.SimpleStateBasedEntityModule",4,28,""
0.42134831460674155,"axon-modelling-5.0.0","org.axonframework.modelling.configuration.SimpleStateBasedEntityModule",4,28,"axon-eventsourcing-5.0.0","org.axonframework.eventsourcing.configuration.SimpleEventSourcedEntityModule",6,32,""
0.42105263157894735,"axon-server-connector-5.0.0","org.axonframework.axonserver.connector.query.AbstractQueryResponseMessageStream",2,7,"axon-messaging-5.0.0","org.axonframework.messaging.core.QueueMessageStream",1,5,""
0.42105263157894735,"axon-messaging-5.0.0","org.axonframework.messaging.core.QueueMessageStream",1,5,"axon-server-connector-5.0.0","org.axonframework.axonserver.connector.query.AbstractQueryResponseMessageStream",2,7,""
0.42105263157894735,"axon-messaging-5.0.0","org.axonframework.messaging.core.interception.CorrelationDataInterceptor",1,10,"axon-messaging-5.0.0","org.axonframework.messaging.core.interception.BeanValidationInterceptor",,9,""
0.41935483870967744,"axon-messaging-5.0.0","org.axonframework.messaging.eventhandling.SimpleEventHandlingComponent",1,15,"axon-messaging-5.0.0","org.axonframework.messaging.eventhandling.processing.streaming.segmenting.SequenceOverridingEventHandlingComponent",,10,""
0.41935483870967744,"axon-messaging-5.0.0","org.axonframework.messaging.eventhandling.annotation.MethodEventHandlerDefinition$MethodEventMessageHandlingMember",2,9,"axon-messaging-5.0.0","org.axonframework.messaging.queryhandling.annotation.MethodQueryHandlerDefinition$MethodQueryHandlingMember",1,10,""
0.41935483870967744,"axon-messaging-5.0.0","org.axonframework.messaging.eventhandling.processing.streaming.segmenting.SequenceOverridingEventHandlingComponent",,10,"axon-messaging-5.0.0","org.axonframework.messaging.eventhandling.SimpleEventHandlingComponent",1,15,""
0.41935483870967744,"axon-messaging-5.0.0","org.axonframework.messaging.queryhandling.annotation.MethodQueryHandlerDefinition$MethodQueryHandlingMember",1,10,"axon-messaging-5.0.0","org.axonframework.messaging.eventhandling.annotation.MethodEventHandlerDefinition$MethodEventMessageHandlingMember",2,9,""
0.4166666666666667,"axon-common-5.0.0","org.axonframework.common.caching.AbstractCacheAdapter",2,3,"axon-common-5.0.0","org.axonframework.common.caching.JCacheAdapter$JCacheListenerAdapter",1,1,""
0.4166666666666667,"axon-common-5.0.0","org.axonframework.common.caching.JCacheAdapter$JCacheListenerAdapter",1,1,"axon-common-5.0.0","org.axonframework.common.caching.AbstractCacheAdapter",2,3,""
0.4166666666666667,"axon-eventsourcing-5.0.0","org.axonframework.eventsourcing.eventstore.ConsistencyMarkers$InfinityConsistencyMarker",2,2,"axon-eventsourcing-5.0.0","org.axonframework.eventsourcing.eventstore.DefaultAppendCondition",1,3,""
0.4166666666666667,"axon-eventsourcing-5.0.0","org.axonframework.eventsourcing.eventstore.DefaultAppendCondition",1,3,"axon-eventsourcing-5.0.0","org.axonframework.eventsourcing.eventstore.ConsistencyMarkers$InfinityConsistencyMarker",2,2,""
0.4166666666666667,"axon-messaging-5.0.0","org.axonframework.messaging.core.AbstractMessage",1,3,"axon-messaging-5.0.0","org.axonframework.messaging.core.correlation.MessageOriginProvider",1,3,""
0.4166666666666667,"axon-messaging-5.0.0","org.axonframework.messaging.core.MessageStream$Entry",56,3,"axon-messaging-5.0.0","org.axonframework.messaging.core.SimpleContext",1,2,""
0.4166666666666667,"axon-messaging-5.0.0","org.axonframework.messaging.core.MessageStream$Entry",56,3,"axon-messaging-5.0.0","org.axonframework.messaging.eventhandling.processing.streaming.token.TrackingToken",56,4,""
0.4166666666666667,"axon-messaging-5.0.0","org.axonframework.messaging.core.interception.HandlerInterceptorRegistry",6,9,"axon-messaging-5.0.0","org.axonframework.messaging.monitoring.configuration.MessageMonitorRegistry",4,9,""
0.4166666666666667,"axon-messaging-5.0.0","org.axonframework.messaging.eventhandling.EventSubscribers",1,6,"axon-messaging-5.0.0","org.axonframework.messaging.eventhandling.EventSink",11,3,""
0.4166666666666667,"axon-messaging-5.0.0","org.axonframework.messaging.eventhandling.annotation.TimestampParameterResolverFactory$TimestampParameterResolver",1,5,"axon-messaging-5.0.0","org.axonframework.messaging.core.annotation.PayloadParameterResolver",2,3,""
0.4166666666666667,"axon-messaging-5.0.0","org.axonframework.messaging.eventhandling.configuration.EventProcessorCustomization",3,2,"axon-messaging-5.0.0","org.axonframework.messaging.eventhandling.configuration.EventProcessorModule$CustomizationPhase",6,3,""
0.4166666666666667,"axon-messaging-5.0.0","org.axonframework.messaging.eventhandling.configuration.EventProcessorModule$CustomizationPhase",6,3,"axon-messaging-5.0.0","org.axonframework.messaging.eventhandling.configuration.EventProcessorCustomization",3,2,""
0.4166666666666667,"axon-messaging-5.0.0","org.axonframework.messaging.eventhandling.processing.streaming.pooled.MergeTask",1,10,"axon-messaging-5.0.0","org.axonframework.messaging.eventhandling.processing.streaming.pooled.SplitTask",1,10,""
0.4166666666666667,"axon-messaging-5.0.0","org.axonframework.messaging.eventhandling.processing.streaming.pooled.SplitTask",1,10,"axon-messaging-5.0.0","org.axonframework.messaging.eventhandling.processing.streaming.pooled.MergeTask",1,10,""
0.4166666666666667,"axon-messaging-5.0.0","org.axonframework.messaging.monitoring.configuration.MessageMonitorRegistry",4,9,"axon-messaging-5.0.0","org.axonframework.messaging.core.interception.HandlerInterceptorRegistry",6,9,""
0.4166666666666667,"axon-messaging-5.0.0","org.axonframework.messaging.tracing.SpanFactory",16,3,"axon-messaging-5.0.0","org.axonframework.messaging.core.MessageDecorator",5,4,""
0.4166666666666667,"axon-test-5.0.0","org.axonframework.test.fixture.AxonTestPhase",,12,"axon-test-5.0.0","org.axonframework.test.fixture.AxonTestPhase$Then",18,5,""
0.4166666666666667,"axon-test-5.0.0","org.axonframework.test.fixture.AxonTestPhase$Then",18,5,"axon-test-5.0.0","org.axonframework.test.fixture.AxonTestPhase",,12,""
0.41379310344827586,"axon-messaging-5.0.0","org.axonframework.messaging.core.MessageStream$Empty",48,5,"axon-messaging-5.0.0","org.axonframework.messaging.core.MessageStreamUtils$Reducer",1,3,""
0.4117647058823529,"axon-messaging-5.0.0","org.axonframework.messaging.commandhandling.distributed.DelegatingCommandBusConnector",1,7,"axon-messaging-5.0.0","org.axonframework.messaging.commandhandling.distributed.DistributedCommandBus",2,13,""
0.4117647058823529,"axon-messaging-5.0.0","org.axonframework.messaging.commandhandling.distributed.DistributedCommandBus",2,13,"axon-messaging-5.0.0","org.axonframework.messaging.commandhandling.distributed.DelegatingCommandBusConnector",1,7,""
0.4117647058823529,"axon-messaging-5.0.0","org.axonframework.messaging.eventhandling.processing.streaming.segmenting.SegmentMatcher",1,5,"axon-messaging-5.0.0","org.axonframework.messaging.eventhandling.sequencing.HierarchicalSequencingPolicy",1,3,""
0.4117647058823529,"axon-messaging-5.0.0","org.axonframework.messaging.eventhandling.sequencing.HierarchicalSequencingPolicy",1,3,"axon-messaging-5.0.0","org.axonframework.messaging.eventhandling.processing.streaming.segmenting.SegmentMatcher",1,5,""
0.4117647058823529,"axon-messaging-5.0.0","org.axonframework.messaging.queryhandling.SubscriptionQueryUpdateMessage",24,5,"axon-messaging-5.0.0","org.axonframework.messaging.commandhandling.CommandMessage",70,3,""
0.41025641025641024,"axon-messaging-5.0.0","org.axonframework.messaging.core.MessageStream$Single",45,8,"axon-messaging-5.0.0","org.axonframework.messaging.core.FluxMessageStream",2,5,""
0.4090909090909091,"axon-messaging-5.0.0","org.axonframework.messaging.core.TruncateFirstMessageStream",1,5,"axon-messaging-5.0.0","org.axonframework.messaging.core.MappedMessageStream",2,5,""
0.4090909090909091,"axon-messaging-5.0.0","org.axonframework.messaging.core.annotation.WrappedMessageHandlingMember",9,4,"axon-messaging-5.0.0","org.axonframework.messaging.core.interception.annotation.NoMoreInterceptors",2,5,""
0.4090909090909091,"axon-messaging-5.0.0","org.axonframework.messaging.core.interception.annotation.NoMoreInterceptors",2,5,"axon-messaging-5.0.0","org.axonframework.messaging.core.annotation.WrappedMessageHandlingMember",9,4,""
0.40625,"axon-messaging-5.0.0","org.axonframework.messaging.queryhandling.QueryBus",15,7,"axon-messaging-5.0.0","org.axonframework.messaging.queryhandling.interception.QueryMessageHandlerInterceptorChain$InterceptingHandler",1,8,""
0.40625,"axon-messaging-5.0.0","org.axonframework.messaging.queryhandling.interception.QueryMessageHandlerInterceptorChain$InterceptingHandler",1,8,"axon-messaging-5.0.0","org.axonframework.messaging.queryhandling.QueryBus",15,7,""
0.40350877192982454,"axon-modelling-5.0.0","org.axonframework.modelling.entity.ConcreteEntityMetamodel$Builder",1,9,"axon-modelling-5.0.0","org.axonframework.modelling.entity.PolymorphicEntityMetamodel$Builder",1,10,""
0.40350877192982454,"axon-modelling-5.0.0","org.axonframework.modelling.entity.PolymorphicEntityMetamodel$Builder",1,10,"axon-modelling-5.0.0","org.axonframework.modelling.entity.ConcreteEntityMetamodel$Builder",1,9,""
0.4,"axon-server-connector-5.0.0","org.axonframework.axonserver.connector.AxonServerRegistration",,1,"axon-common-5.0.0","org.axonframework.common.caching.AbstractCacheAdapter",2,3,""
0.4,"axon-server-connector-5.0.0","org.axonframework.axonserver.connector.InstructionAckSource",1,1,"axon-server-connector-5.0.0","org.axonframework.axonserver.connector.AxonServerException",1,2,""
0.4,"axon-server-connector-5.0.0","org.axonframework.axonserver.connector.util.GrpcExceptionParser",,1,"axon-server-connector-5.0.0","org.axonframework.axonserver.connector.AxonServerException",1,2,""
0.4,"axon-common-5.0.0","org.axonframework.common.caching.AbstractCacheAdapter",2,3,"axon-server-connector-5.0.0","org.axonframework.axonserver.connector.AxonServerRegistration",,1,""
0.4,"axon-common-5.0.0","org.axonframework.common.caching.AbstractCacheAdapter",2,3,"axon-common-5.0.0","org.axonframework.common.caching.NoCache",,3,""
0.4,"axon-common-5.0.0","org.axonframework.common.caching.NoCache",,3,"axon-common-5.0.0","org.axonframework.common.caching.AbstractCacheAdapter",2,3,""
0.4,"axon-common-5.0.0","org.axonframework.common.configuration.ComponentFactory",4,4,"axon-common-5.0.0","org.axonframework.common.configuration.Module",15,2,""
0.4,"axon-common-5.0.0","org.axonframework.common.configuration.Module",15,2,"axon-common-5.0.0","org.axonframework.common.configuration.ComponentFactory",4,4,""
0.4,"axon-conversion-5.0.0","org.axonframework.conversion.avro.DefaultSchemaIncompatibilityChecker",1,2,"axon-conversion-5.0.0","org.axonframework.conversion.avro.SchemaIncompatibilityChecker",3,1,""
0.4,"axon-conversion-5.0.0","org.axonframework.conversion.avro.SchemaIncompatibilityChecker",3,1,"axon-conversion-5.0.0","org.axonframework.conversion.avro.DefaultSchemaIncompatibilityChecker",1,2,""
0.4,"axon-eventsourcing-5.0.0","org.axonframework.eventsourcing.annotation.AnnotationBasedEventCriteriaResolverDefinition",1,4,"axon-eventsourcing-5.0.0","org.axonframework.eventsourcing.annotation.CriteriaResolverDefinition",3,2,""
0.4,"axon-eventsourcing-5.0.0","org.axonframework.eventsourcing.eventstore.AbstractConsistencyMarker",2,1,"axon-eventsourcing-5.0.0","org.axonframework.eventsourcing.eventstore.ConsistencyMarkers$InfinityConsistencyMarker",2,2,""
0.4,"axon-eventsourcing-5.0.0","org.axonframework.eventsourcing.eventstore.ConsistencyMarker",24,5,"axon-messaging-5.0.0","org.axonframework.messaging.eventhandling.processing.streaming.token.TrackingToken",56,4,""
0.4,"axon-eventsourcing-5.0.0","org.axonframework.eventsourcing.eventstore.ConsistencyMarker",24,5,"axon-messaging-5.0.0","org.axonframework.messaging.eventstreaming.Tag",20,3,""
0.4,"axon-eventsourcing-5.0.0","org.axonframework.eventsourcing.eventstore.EmptyAppendTransaction",3,3,"axon-messaging-5.0.0","org.axonframework.messaging.core.unitofwork.annotation.ProcessingContextParameterResolverFactory$ProcessingContextParameterResolver",1,2,""
0.4,"axon-eventsourcing-5.0.0","org.axonframework.eventsourcing.eventstore.GenericTaggedEventMessage",1,4,"axon-eventsourcing-5.0.0","org.axonframework.eventsourcing.eventstore.TaggedEventMessage",15,2,""
0.4,"axon-eventsourcing-5.0.0","org.axonframework.eventsourcing.eventstore.InterceptingEventStore$InterceptingAppender",2,7,"axon-messaging-5.0.0","org.axonframework.messaging.queryhandling.interception.InterceptingQueryBus$QueryInterceptingDispatcher",1,6,""
0.4,"axon-eventsourcing-5.0.0","org.axonframework.eventsourcing.eventstore.MetadataBasedTagResolver",,4,"axon-eventsourcing-5.0.0","org.axonframework.eventsourcing.eventstore.PayloadBasedTagResolver",,3,""
0.4,"axon-eventsourcing-5.0.0","org.axonframework.eventsourcing.eventstore.PayloadBasedTagResolver",,3,"axon-eventsourcing-5.0.0","org.axonframework.eventsourcing.eventstore.MetadataBasedTagResolver",,4,""
0.4,"axon-metrics-micrometer-5.0.0","org.axonframework.extension.metrics.micrometer.MessageCountingMonitor",2,4,"axon-tracing-opentelemetry-5.0.0","org.axonframework.extension.tracing.opentelemetry.MetadataContextGetter",1,2,""
0.4,"axon-metrics-micrometer-5.0.0","org.axonframework.extension.metrics.micrometer.MessageCountingMonitor",2,4,"axon-test-5.0.0","org.axonframework.test.util.RecordingMessageMonitor",1,5,""
0.4,"axon-messaging-5.0.0","org.axonframework.messaging.commandhandling.CommandBus",19,5,"axon-messaging-5.0.0","org.axonframework.messaging.commandhandling.distributed.CommandBusConnector",6,7,""
0.4,"axon-messaging-5.0.0","org.axonframework.messaging.commandhandling.NoHandlerForCommandException",6,2,"axon-modelling-5.0.0","org.axonframework.modelling.entity.child.CommandTargetResolver",12,3,""
0.4,"axon-messaging-5.0.0","org.axonframework.messaging.commandhandling.annotation.MethodCommandHandlerDefinition$MethodCommandHandlingMember",1,6,"axon-messaging-5.0.0","org.axonframework.messaging.eventhandling.annotation.MethodEventHandlerDefinition$MethodEventMessageHandlingMember",2,9,""
0.4,"axon-messaging-5.0.0","org.axonframework.messaging.commandhandling.distributed.CommandBusConnector",6,7,"axon-messaging-5.0.0","org.axonframework.messaging.commandhandling.CommandBus",19,5,""
0.4,"axon-messaging-5.0.0","org.axonframework.messaging.commandhandling.tracing.CommandBusSpanFactory",3,2,"axon-modelling-5.0.0","org.axonframework.modelling.entity.child.CommandTargetResolver",12,3,""
0.4,"axon-messaging-5.0.0","org.axonframework.messaging.commandhandling.tracing.DefaultCommandBusSpanFactory$Builder",1,3,"axon-messaging-5.0.0","org.axonframework.messaging.eventhandling.tracing.DefaultEventBusSpanFactory$Builder",1,3,""
0.4,"axon-messaging-5.0.0","org.axonframework.messaging.commandhandling.tracing.DefaultCommandBusSpanFactory$Builder",1,3,"axon-messaging-5.0.0","org.axonframework.messaging.queryhandling.tracing.DefaultQueryBusSpanFactory$Builder",1,3,""
0.4,"axon-messaging-5.0.0","org.axonframework.messaging.commandhandling.tracing.DefaultCommandBusSpanFactory$Builder",1,3,"axon-messaging-5.0.0","org.axonframework.messaging.queryhandling.tracing.DefaultQueryUpdateEmitterSpanFactory$Builder",1,3,""
0.4,"axon-messaging-5.0.0","org.axonframework.messaging.core.ClassBasedMessageTypeResolver",3,2,"axon-messaging-5.0.0","org.axonframework.messaging.core.NamespaceMessageTypeResolver$Builder",1,4,""
0.4,"axon-messaging-5.0.0","org.axonframework.messaging.core.CompletionCallbackMessageStream$Single",2,3,"axon-messaging-5.0.0","org.axonframework.messaging.core.FilteringMessageStream$Single",2,4,""
0.4,"axon-messaging-5.0.0","org.axonframework.messaging.core.CompletionCallbackMessageStream$Single",2,3,"axon-messaging-5.0.0","org.axonframework.messaging.core.OnNextMessageStream$Single",2,4,""
0.4,"axon-messaging-5.0.0","org.axonframework.messaging.core.DelayedMessageStream$Single",2,3,"axon-messaging-5.0.0","org.axonframework.messaging.core.FilteringMessageStream$Single",2,4,""
0.4,"axon-messaging-5.0.0","org.axonframework.messaging.core.DelayedMessageStream$Single",2,3,"axon-messaging-5.0.0","org.axonframework.messaging.core.OnNextMessageStream$Single",2,4,""
0.4,"axon-messaging-5.0.0","org.axonframework.messaging.core.FilteringMessageStream$Single",2,4,"axon-messaging-5.0.0","org.axonframework.messaging.core.CompletionCallbackMessageStream$Single",2,3,""
0.4,"axon-messaging-5.0.0","org.axonframework.messaging.core.MessageStream$Single",45,8,"axon-messaging-5.0.0","org.axonframework.messaging.core.MappedMessageStream",2,5,""
0.4,"axon-messaging-5.0.0","org.axonframework.messaging.core.MonoUtils",1,4,"axon-messaging-5.0.0","org.axonframework.messaging.core.CompletionCallbackMessageStream$Single",2,3,""
0.4,"axon-messaging-5.0.0","org.axonframework.messaging.core.MonoUtils",1,4,"axon-messaging-5.0.0","org.axonframework.messaging.core.DelayedMessageStream$Single",2,3,""
0.4,"axon-messaging-5.0.0","org.axonframework.messaging.core.NamespaceMessageTypeResolver$Builder",1,4,"axon-messaging-5.0.0","org.axonframework.messaging.core.ClassBasedMessageTypeResolver",3,2,""
0.4,"axon-messaging-5.0.0","org.axonframework.messaging.core.OnNextMessageStream$Single",2,4,"axon-messaging-5.0.0","org.axonframework.messaging.core.DelayedMessageStream$Single",2,3,""
0.4,"axon-messaging-5.0.0","org.axonframework.messaging.core.RemoteNonTransientHandlingException",2,2,"axon-common-5.0.0","org.axonframework.common.lifecycle.ShutdownInProgressException",1,1,""
0.4,"axon-messaging-5.0.0","org.axonframework.messaging.core.RemoteNonTransientHandlingException",2,2,"axon-messaging-5.0.0","org.axonframework.messaging.core.interception.JSR303ViolationException",1,1,""
0.4,"axon-messaging-5.0.0","org.axonframework.messaging.core.RemoteNonTransientHandlingException",2,2,"axon-messaging-5.0.0","org.axonframework.messaging.queryhandling.CompletedEmitterException",,1,""
0.4,"axon-messaging-5.0.0","org.axonframework.messaging.core.annotation.ClasspathParameterResolverFactory",5,2,"axon-messaging-5.0.0","org.axonframework.messaging.core.configuration.reflection.ParameterResolverFactoryUtils",7,5,""
0.4,"axon-messaging-5.0.0","org.axonframework.messaging.core.annotation.SimpleResourceParameterResolverFactory",,4,"axon-messaging-5.0.0","org.axonframework.messaging.core.configuration.reflection.ConfigurationParameterResolverFactory",1,5,""
0.4,"axon-messaging-5.0.0","org.axonframework.messaging.core.configuration.reflection.ConfigurationParameterResolverFactory",1,5,"axon-messaging-5.0.0","org.axonframework.messaging.core.annotation.SimpleResourceParameterResolverFactory",,4,""
0.4,"axon-messaging-5.0.0","org.axonframework.messaging.core.configuration.reflection.ParameterResolverFactoryUtils",7,5,"axon-messaging-5.0.0","org.axonframework.messaging.core.annotation.ClasspathParameterResolverFactory",5,2,""
0.4,"axon-messaging-5.0.0","org.axonframework.messaging.core.interception.annotation.ExceptionHandler",,3,"axon-messaging-5.0.0","org.axonframework.messaging.core.annotation.MessageHandler",7,2,""
0.4,"axon-messaging-5.0.0","org.axonframework.messaging.core.interception.annotation.ExceptionHandler",,3,"axon-messaging-5.0.0","org.axonframework.messaging.core.interception.annotation.MessageHandlerInterceptor",2,2,""
0.4,"axon-messaging-5.0.0","org.axonframework.messaging.core.interception.annotation.ExceptionHandler",,3,"axon-messaging-5.0.0","org.axonframework.messaging.tracing.attributes.MessageIdSpanAttributesProvider",,2,""
0.4,"axon-messaging-5.0.0","org.axonframework.messaging.core.unitofwork.ProcessingLifecycle$DefaultPhases",1,1,"axon-messaging-5.0.0","org.axonframework.messaging.core.unitofwork.UnitOfWork$UnitOfWorkProcessingContext$CauseAndPhase",2,2,""
0.4,"axon-messaging-5.0.0","org.axonframework.messaging.core.unitofwork.UnitOfWork$UnitOfWorkProcessingContext$CauseAndPhase",2,2,"axon-messaging-5.0.0","org.axonframework.messaging.core.unitofwork.ProcessingLifecycle$DefaultPhases",1,1,""
0.4,"axon-messaging-5.0.0","org.axonframework.messaging.eventhandling.annotation.MethodEventHandlerDefinition$MethodEventMessageHandlingMember",2,9,"axon-messaging-5.0.0","org.axonframework.messaging.commandhandling.annotation.MethodCommandHandlerDefinition$MethodCommandHandlingMember",1,6,""
0.4,"axon-messaging-5.0.0","org.axonframework.messaging.eventhandling.conversion.EventConverter",16,2,"axon-eventsourcing-5.0.0","org.axonframework.eventsourcing.EventSourcedEntityFactory",8,2,""
0.4,"axon-messaging-5.0.0","org.axonframework.messaging.eventhandling.processing.streaming.pooled.WorkPackage$BatchProcessor",3,4,"axon-messaging-5.0.0","org.axonframework.messaging.eventhandling.sequencing.SequencingPolicy",13,2,""
0.4,"axon-messaging-5.0.0","org.axonframework.messaging.eventhandling.processing.streaming.pooled.WorkPackage$BatchProcessor",3,4,"axon-modelling-5.0.0","org.axonframework.modelling.EntityEvolver",13,2,""
0.4,"axon-messaging-5.0.0","org.axonframework.messaging.eventhandling.processing.streaming.token.store.jdbc.JdbcTokenStoreConfiguration",1,2,"axon-messaging-5.0.0","org.axonframework.messaging.eventhandling.processing.streaming.token.store.jpa.JpaTokenStoreConfiguration",2,1,""
0.4,"axon-messaging-5.0.0","org.axonframework.messaging.eventhandling.processing.streaming.token.store.jpa.JpaTokenStoreConfiguration",2,1,"axon-messaging-5.0.0","org.axonframework.messaging.eventhandling.processing.streaming.token.store.jdbc.JdbcTokenStoreConfiguration",1,2,""
0.4,"axon-messaging-5.0.0","org.axonframework.messaging.eventhandling.replay.annotation.ReplayAwareMessageHandlerWrapper",,5,"axon-messaging-5.0.0","org.axonframework.messaging.queryhandling.annotation.MethodQueryHandlerDefinition",,3,""
0.4,"axon-messaging-5.0.0","org.axonframework.messaging.eventhandling.replay.annotation.ReplayContextParameterResolverFactory$ReplayContextParameterResolver",1,6,"axon-messaging-5.0.0","org.axonframework.messaging.core.annotation.MessageIdentifierParameterResolverFactory$MessageIdentifierParameterResolver",1,3,""
0.4,"axon-messaging-5.0.0","org.axonframework.messaging.eventhandling.replay.annotation.ReplayContextParameterResolverFactory$ReplayContextParameterResolver",1,6,"axon-messaging-5.0.0","org.axonframework.messaging.eventstreaming.TrackingTokenSource",6,2,""
0.4,"axon-messaging-5.0.0","org.axonframework.messaging.eventhandling.tracing.DefaultEventBusSpanFactory$Builder",1,3,"axon-messaging-5.0.0","org.axonframework.messaging.commandhandling.tracing.DefaultCommandBusSpanFactory$Builder",1,3,""
0.4,"axon-messaging-5.0.0","org.axonframework.messaging.eventhandling.tracing.DefaultEventBusSpanFactory$Builder",1,3,"axon-messaging-5.0.0","org.axonframework.messaging.queryhandling.tracing.DefaultQueryBusSpanFactory$Builder",1,3,""
0.4,"axon-messaging-5.0.0","org.axonframework.messaging.eventhandling.tracing.DefaultEventBusSpanFactory$Builder",1,3,"axon-messaging-5.0.0","org.axonframework.messaging.queryhandling.tracing.DefaultQueryUpdateEmitterSpanFactory$Builder",1,3,""
0.4,"axon-messaging-5.0.0","org.axonframework.messaging.eventstreaming.AnyEvent",4,6,"axon-messaging-5.0.0","org.axonframework.messaging.eventstreaming.OrEventCriteria",4,5,""
0.4,"axon-messaging-5.0.0","org.axonframework.messaging.eventstreaming.OrEventCriteria",4,5,"axon-messaging-5.0.0","org.axonframework.messaging.eventstreaming.AnyEvent",4,6,""
0.4,"axon-messaging-5.0.0","org.axonframework.messaging.eventstreaming.StreamableEventSource",7,5,"axon-messaging-5.0.0","org.axonframework.messaging.eventhandling.sequencing.SequencingPolicy",13,2,""
0.4,"axon-messaging-5.0.0","org.axonframework.messaging.eventstreaming.StreamableEventSource",7,5,"axon-modelling-5.0.0","org.axonframework.modelling.EntityEvolver",13,2,""
0.4,"axon-messaging-5.0.0","org.axonframework.messaging.eventstreaming.TrackingTokenSource",6,2,"axon-messaging-5.0.0","org.axonframework.messaging.eventhandling.replay.annotation.ReplayContextParameterResolverFactory$ReplayContextParameterResolver",1,6,""
0.4,"axon-messaging-5.0.0","org.axonframework.messaging.queryhandling.QueryBus",15,7,"axon-messaging-5.0.0","org.axonframework.messaging.queryhandling.interception.InterceptingQueryBus$QueryInterceptingDispatcher",1,6,""
0.4,"axon-messaging-5.0.0","org.axonframework.messaging.queryhandling.annotation.MethodQueryHandlerDefinition",,3,"axon-messaging-5.0.0","org.axonframework.messaging.eventhandling.replay.annotation.ReplayAwareMessageHandlerWrapper",,5,""
0.4,"axon-messaging-5.0.0","org.axonframework.messaging.queryhandling.interception.InterceptingQueryBus$QueryInterceptingDispatcher",1,6,"axon-messaging-5.0.0","org.axonframework.messaging.queryhandling.QueryBus",15,7,""
0.4,"axon-messaging-5.0.0","org.axonframework.messaging.queryhandling.tracing.DefaultQueryBusSpanFactory$Builder",1,3,"axon-messaging-5.0.0","org.axonframework.messaging.commandhandling.tracing.DefaultCommandBusSpanFactory$Builder",1,3,""
0.4,"axon-messaging-5.0.0","org.axonframework.messaging.queryhandling.tracing.DefaultQueryBusSpanFactory$Builder",1,3,"axon-messaging-5.0.0","org.axonframework.messaging.eventhandling.tracing.DefaultEventBusSpanFactory$Builder",1,3,""
0.4,"axon-messaging-5.0.0","org.axonframework.messaging.queryhandling.tracing.DefaultQueryBusSpanFactory$Builder",1,3,"axon-messaging-5.0.0","org.axonframework.messaging.queryhandling.tracing.DefaultQueryUpdateEmitterSpanFactory$Builder",1,3,""
0.4,"axon-messaging-5.0.0","org.axonframework.messaging.queryhandling.tracing.DefaultQueryUpdateEmitterSpanFactory$Builder",1,3,"axon-messaging-5.0.0","org.axonframework.messaging.commandhandling.tracing.DefaultCommandBusSpanFactory$Builder",1,3,""
0.4,"axon-messaging-5.0.0","org.axonframework.messaging.queryhandling.tracing.DefaultQueryUpdateEmitterSpanFactory$Builder",1,3,"axon-messaging-5.0.0","org.axonframework.messaging.eventhandling.tracing.DefaultEventBusSpanFactory$Builder",1,3,""
0.4,"axon-messaging-5.0.0","org.axonframework.messaging.queryhandling.tracing.DefaultQueryUpdateEmitterSpanFactory$Builder",1,3,"axon-messaging-5.0.0","org.axonframework.messaging.queryhandling.tracing.DefaultQueryBusSpanFactory$Builder",1,3,""
0.4,"axon-modelling-5.0.0","org.axonframework.modelling.EntityIdResolver",17,3,"axon-messaging-5.0.0","org.axonframework.messaging.core.MessageDispatchInterceptor",30,4,""
0.4,"axon-modelling-5.0.0","org.axonframework.modelling.StateManager",7,6,"axon-modelling-5.0.0","org.axonframework.modelling.repository.Repository$LifecycleManagement",5,3,""
0.4,"axon-modelling-5.0.0","org.axonframework.modelling.entity.child.CommandTargetResolver",12,3,"axon-messaging-5.0.0","org.axonframework.messaging.commandhandling.NoHandlerForCommandException",6,2,""
0.4,"axon-modelling-5.0.0","org.axonframework.modelling.entity.child.CommandTargetResolver",12,3,"axon-messaging-5.0.0","org.axonframework.messaging.commandhandling.tracing.CommandBusSpanFactory",3,2,""
0.4,"axon-modelling-5.0.0","org.axonframework.modelling.repository.Repository$LifecycleManagement",5,3,"axon-modelling-5.0.0","org.axonframework.modelling.StateManager",7,6,""
0.4,"axon-test-5.0.0","org.axonframework.test.FixtureResourceParameterResolverFactory$FailingParameterResolver",1,3,"axon-messaging-5.0.0","org.axonframework.messaging.eventhandling.gateway.EventGateway",2,1,""
0.4,"axon-test-5.0.0","org.axonframework.test.util.RecordingMessageMonitor",1,5,"axon-metrics-micrometer-5.0.0","org.axonframework.extension.metrics.micrometer.MessageCountingMonitor",2,4,""
0.3958333333333333,"axon-messaging-5.0.0","org.axonframework.messaging.eventhandling.DelegatingEventHandlingComponent",4,8,"axon-messaging-5.0.0","org.axonframework.messaging.eventhandling.processing.ProcessorEventHandlingComponents",3,10,""
0.3958333333333333,"axon-messaging-5.0.0","org.axonframework.messaging.eventhandling.processing.ProcessorEventHandlingComponents",3,10,"axon-messaging-5.0.0","org.axonframework.messaging.eventhandling.DelegatingEventHandlingComponent",4,8,""
0.3939393939393939,"axon-messaging-5.0.0","org.axonframework.messaging.core.MessageStream$Empty",48,5,"axon-messaging-5.0.0","org.axonframework.messaging.core.FailedMessageStream",1,5,""
0.3939393939393939,"axon-messaging-5.0.0","org.axonframework.messaging.eventhandling.tracing.TracingEventHandlingComponent",,9,"axon-messaging-5.0.0","org.axonframework.messaging.tracing.MultiSpanFactory$MultiSpan",1,2,""
0.3939393939393939,"axon-messaging-5.0.0","org.axonframework.messaging.eventstreaming.EventCriteria",28,8,"axon-messaging-5.0.0","org.axonframework.messaging.eventstreaming.TagFilteredEventCriteria",2,8,""
0.3939393939393939,"axon-messaging-5.0.0","org.axonframework.messaging.eventstreaming.TagFilteredEventCriteria",2,8,"axon-messaging-5.0.0","org.axonframework.messaging.eventstreaming.EventCriteria",28,8,""
0.3939393939393939,"axon-messaging-5.0.0","org.axonframework.messaging.tracing.MultiSpanFactory$MultiSpan",1,2,"axon-messaging-5.0.0","org.axonframework.messaging.eventhandling.tracing.TracingEventHandlingComponent",,9,""
0.39285714285714285,"axon-messaging-5.0.0","org.axonframework.messaging.core.retry.AsyncRetryScheduler$RetryTask",1,9,"axon-messaging-5.0.0","org.axonframework.messaging.core.DelegatingMessageStream",6,2,""
0.39215686274509803,"axon-messaging-5.0.0","org.axonframework.messaging.commandhandling.interception.InterceptingCommandBus",1,15,"axon-messaging-5.0.0","org.axonframework.messaging.commandhandling.tracing.TracingCommandBus",1,11,""
0.39215686274509803,"axon-messaging-5.0.0","org.axonframework.messaging.commandhandling.retry.RetryingCommandBus",,14,"axon-messaging-5.0.0","org.axonframework.messaging.commandhandling.tracing.TracingCommandBus",1,11,""
0.39215686274509803,"axon-messaging-5.0.0","org.axonframework.messaging.commandhandling.tracing.TracingCommandBus",1,11,"axon-messaging-5.0.0","org.axonframework.messaging.commandhandling.interception.InterceptingCommandBus",1,15,""
0.39215686274509803,"axon-messaging-5.0.0","org.axonframework.messaging.commandhandling.tracing.TracingCommandBus",1,11,"axon-messaging-5.0.0","org.axonframework.messaging.commandhandling.retry.RetryingCommandBus",,14,""
0.3888888888888889,"axon-messaging-5.0.0","org.axonframework.messaging.core.retry.AsyncRetryScheduler$RetryTask",1,9,"axon-messaging-5.0.0","org.axonframework.messaging.core.FilteringMessageStream",2,4,""
0.3888888888888889,"axon-messaging-5.0.0","org.axonframework.messaging.eventhandling.EventSubscribers",1,6,"axon-test-5.0.0","org.axonframework.test.fixture.RecordingEventSink",9,5,""
0.3888888888888889,"axon-messaging-5.0.0","org.axonframework.messaging.eventhandling.replay.annotation.ReplayParameterResolverFactory$ReplayParameterResolver",1,7,"axon-messaging-5.0.0","org.axonframework.messaging.eventhandling.annotation.TimestampParameterResolverFactory$TimestampParameterResolver",1,5,""
0.3888888888888889,"axon-modelling-5.0.0","org.axonframework.modelling.entity.EntityMetamodelBuilder",8,6,"axon-modelling-5.0.0","org.axonframework.modelling.entity.PolymorphicEntityMetamodelBuilder",4,7,""
0.3888888888888889,"axon-modelling-5.0.0","org.axonframework.modelling.entity.PolymorphicEntityMetamodelBuilder",4,7,"axon-modelling-5.0.0","org.axonframework.modelling.entity.EntityMetamodelBuilder",8,6,""
0.3888888888888889,"axon-test-5.0.0","org.axonframework.test.fixture.RecordingEventSink",9,5,"axon-messaging-5.0.0","org.axonframework.messaging.eventhandling.EventSubscribers",1,6,""
0.3870967741935484,"axon-messaging-5.0.0","org.axonframework.messaging.eventhandling.InterceptingEventSink$InterceptingPublisher",1,7,"axon-messaging-5.0.0","org.axonframework.messaging.queryhandling.interception.InterceptingQueryBus$InterceptingResponseUpdateDispatcher",1,7,""
0.3870967741935484,"axon-messaging-5.0.0","org.axonframework.messaging.eventhandling.interception.InterceptingEventHandlingComponent",2,10,"axon-messaging-5.0.0","org.axonframework.messaging.eventhandling.processing.streaming.segmenting.SequencingEventHandlingComponent",1,10,""
0.3870967741935484,"axon-messaging-5.0.0","org.axonframework.messaging.eventhandling.processing.streaming.segmenting.SequencingEventHandlingComponent",1,10,"axon-messaging-5.0.0","org.axonframework.messaging.eventhandling.interception.InterceptingEventHandlingComponent",2,10,""
0.3870967741935484,"axon-messaging-5.0.0","org.axonframework.messaging.queryhandling.interception.InterceptingQueryBus$InterceptingResponseUpdateDispatcher",1,7,"axon-messaging-5.0.0","org.axonframework.messaging.eventhandling.InterceptingEventSink$InterceptingPublisher",1,7,""
0.38636363636363635,"axon-messaging-5.0.0","org.axonframework.messaging.commandhandling.distributed.DistributedCommandBus",2,13,"axon-messaging-5.0.0","org.axonframework.messaging.commandhandling.tracing.TracingCommandBus",1,11,""
0.38461538461538464,"axon-eventsourcing-5.0.0","org.axonframework.eventsourcing.eventstore.ConsistencyMarkers$OriginConsistencyMarker",2,2,"axon-eventsourcing-5.0.0","org.axonframework.eventsourcing.eventstore.DefaultAppendCondition",1,3,""
0.38461538461538464,"axon-eventsourcing-5.0.0","org.axonframework.eventsourcing.eventstore.DefaultAppendCondition",1,3,"axon-eventsourcing-5.0.0","org.axonframework.eventsourcing.eventstore.ConsistencyMarkers$OriginConsistencyMarker",2,2,""
0.38461538461538464,"axon-messaging-5.0.0","org.axonframework.messaging.commandhandling.annotation.MethodCommandHandlerDefinition",,3,"axon-messaging-5.0.0","org.axonframework.messaging.queryhandling.annotation.MethodQueryHandlerDefinition",,3,""
0.38461538461538464,"axon-messaging-5.0.0","org.axonframework.messaging.core.Context",24,4,"axon-messaging-5.0.0","org.axonframework.messaging.core.EmptyContext",1,2,""
0.38461538461538464,"axon-messaging-5.0.0","org.axonframework.messaging.core.MappedMessageStream$Single",2,4,"axon-messaging-5.0.0","org.axonframework.messaging.core.MonoUtils",1,4,""
0.38461538461538464,"axon-messaging-5.0.0","org.axonframework.messaging.core.MonoUtils",1,4,"axon-messaging-5.0.0","org.axonframework.messaging.core.MappedMessageStream$Single",2,4,""
0.38461538461538464,"axon-messaging-5.0.0","org.axonframework.messaging.eventhandling.InterceptingEventSink$InterceptingPublisher",1,7,"axon-messaging-5.0.0","org.axonframework.messaging.queryhandling.interception.InterceptingQueryBus$QueryInterceptingDispatcher",1,6,""
0.38461538461538464,"axon-messaging-5.0.0","org.axonframework.messaging.eventhandling.processing.streaming.segmenting.SegmentMatcher",1,5,"axon-messaging-5.0.0","org.axonframework.messaging.eventhandling.sequencing.ExtractionSequencingPolicy",1,4,""
0.38461538461538464,"axon-messaging-5.0.0","org.axonframework.messaging.eventhandling.replay.annotation.ReplayAwareMessageHandlerWrapper$ReplayBlockingMessageHandlingMember",1,6,"axon-messaging-5.0.0","org.axonframework.messaging.eventhandling.replay.annotation.ReplayContextParameterResolverFactory$ReplayContextParameterResolver",1,6,""
0.38461538461538464,"axon-messaging-5.0.0","org.axonframework.messaging.monitoring.NoOpMessageMonitor",4,4,"axon-metrics-micrometer-5.0.0","org.axonframework.extension.metrics.micrometer.MessageCountingMonitor",2,4,""
0.38461538461538464,"axon-messaging-5.0.0","org.axonframework.messaging.queryhandling.annotation.MethodQueryHandlerDefinition",,3,"axon-messaging-5.0.0","org.axonframework.messaging.commandhandling.annotation.MethodCommandHandlerDefinition",,3,""
0.38181818181818183,"axon-test-5.0.0","org.axonframework.test.util.RecordingCommandBus",1,15,"axon-test-5.0.0","org.axonframework.test.fixture.RecordingCommandBus",8,10,""
0.38095238095238093,"axon-messaging-5.0.0","org.axonframework.messaging.core.MessageStreamUtils",2,5,"axon-messaging-5.0.0","org.axonframework.messaging.core.MessageStreamUtils$FirstResult",1,3,""
0.38095238095238093,"axon-messaging-5.0.0","org.axonframework.messaging.eventhandling.annotation.MethodEventHandlerDefinition",,4,"axon-messaging-5.0.0","org.axonframework.messaging.eventhandling.annotation.MethodSequencingPolicyEventHandlerDefinition",,4,""
0.38095238095238093,"axon-messaging-5.0.0","org.axonframework.messaging.eventhandling.annotation.MethodSequencingPolicyEventHandlerDefinition",,4,"axon-messaging-5.0.0","org.axonframework.messaging.eventhandling.annotation.MethodEventHandlerDefinition",,4,""
0.38095238095238093,"axon-messaging-5.0.0","org.axonframework.messaging.eventstreaming.EventTypeRestrictableEventCriteria",6,4,"axon-messaging-5.0.0","org.axonframework.messaging.eventstreaming.OrEventCriteria",4,5,""
0.38095238095238093,"axon-messaging-5.0.0","org.axonframework.messaging.eventstreaming.EventTypeRestrictableOrEventCriteria",1,4,"axon-messaging-5.0.0","org.axonframework.messaging.eventstreaming.OrEventCriteriaBuilder",1,5,""
0.38095238095238093,"axon-messaging-5.0.0","org.axonframework.messaging.eventstreaming.OrEventCriteria",4,5,"axon-messaging-5.0.0","org.axonframework.messaging.eventstreaming.EventTypeRestrictableEventCriteria",6,4,""
0.38095238095238093,"axon-messaging-5.0.0","org.axonframework.messaging.eventstreaming.OrEventCriteriaBuilder",1,5,"axon-messaging-5.0.0","org.axonframework.messaging.eventstreaming.EventTypeRestrictableOrEventCriteria",1,4,""
0.38,"axon-messaging-5.0.0","org.axonframework.messaging.eventhandling.processing.streaming.pooled.ClaimTask",1,8,"axon-messaging-5.0.0","org.axonframework.messaging.eventhandling.processing.streaming.pooled.SplitTask",1,10,""
0.38,"axon-messaging-5.0.0","org.axonframework.messaging.eventhandling.processing.streaming.pooled.SplitTask",1,10,"axon-messaging-5.0.0","org.axonframework.messaging.eventhandling.processing.streaming.pooled.ClaimTask",1,8,""
0.3793103448275862,"axon-messaging-5.0.0","org.axonframework.messaging.eventhandling.configuration.DefaultEventHandlingComponentsConfigurer",2,7,"axon-messaging-5.0.0","org.axonframework.messaging.eventhandling.configuration.EventHandlingComponentsConfigurer$ComponentsPhase",3,6,""
0.3793103448275862,"axon-messaging-5.0.0","org.axonframework.messaging.eventhandling.configuration.EventHandlingComponentsConfigurer$ComponentsPhase",3,6,"axon-messaging-5.0.0","org.axonframework.messaging.eventhandling.configuration.DefaultEventHandlingComponentsConfigurer",2,7,""
0.375,"axon-server-connector-5.0.0","org.axonframework.axonserver.connector.util.ExceptionConverter",6,3,"axon-server-connector-5.0.0","org.axonframework.axonserver.connector.AxonServerException",1,2,""
0.375,"axon-common-5.0.0","org.axonframework.common.ReflectionUtils",25,4,"axon-test-5.0.0","org.axonframework.test.server.AxonServerContainerUtils",1,1,""
0.375,"axon-eventsourcing-5.0.0","org.axonframework.eventsourcing.eventstore.AbstractConsistencyMarker",2,1,"axon-eventsourcing-5.0.0","org.axonframework.eventsourcing.eventstore.ConsistencyMarkers$OriginConsistencyMarker",2,2,""
0.375,"axon-eventsourcing-5.0.0","org.axonframework.eventsourcing.eventstore.AppendCondition",13,5,"axon-eventsourcing-5.0.0","org.axonframework.eventsourcing.eventstore.DefaultAppendCondition",1,3,""
0.375,"axon-eventsourcing-5.0.0","org.axonframework.eventsourcing.eventstore.DefaultSourcingCondition",1,3,"axon-eventsourcing-5.0.0","org.axonframework.eventsourcing.eventstore.SourcingCondition",11,4,""
0.375,"axon-eventsourcing-5.0.0","org.axonframework.eventsourcing.eventstore.EventStoreTransaction",8,4,"axon-messaging-5.0.0","org.axonframework.messaging.eventhandling.conversion.EventConverter",16,2,""
0.375,"axon-eventsourcing-5.0.0","org.axonframework.eventsourcing.eventstore.EventStoreTransaction",8,4,"axon-messaging-5.0.0","org.axonframework.messaging.eventhandling.tracing.EventBusSpanFactory",1,2,""
0.375,"axon-eventsourcing-5.0.0","org.axonframework.eventsourcing.eventstore.EventStoreTransaction",8,4,"axon-modelling-5.0.0","org.axonframework.modelling.PayloadBasedEntityEvolver",,3,""
0.375,"axon-eventsourcing-5.0.0","org.axonframework.eventsourcing.eventstore.SourcingCondition",11,4,"axon-eventsourcing-5.0.0","org.axonframework.eventsourcing.eventstore.DefaultSourcingCondition",1,3,""
0.375,"axon-messaging-5.0.0","org.axonframework.messaging.commandhandling.CommandBus",19,5,"axon-messaging-5.0.0","org.axonframework.messaging.commandhandling.CommandHandler",22,5,""
0.375,"axon-messaging-5.0.0","org.axonframework.messaging.commandhandling.CommandBus",19,5,"axon-modelling-5.0.0","org.axonframework.modelling.entity.EntityCommandHandler",5,5,""
0.375,"axon-messaging-5.0.0","org.axonframework.messaging.commandhandling.CommandHandler",22,5,"axon-messaging-5.0.0","org.axonframework.messaging.commandhandling.CommandBus",19,5,""
0.375,"axon-messaging-5.0.0","org.axonframework.messaging.commandhandling.CommandHandlerRegistry",9,3,"axon-messaging-5.0.0","org.axonframework.messaging.commandhandling.DuplicateCommandHandlerSubscriptionException",3,2,""
0.375,"axon-messaging-5.0.0","org.axonframework.messaging.commandhandling.DuplicateCommandHandlerSubscriptionException",3,2,"axon-messaging-5.0.0","org.axonframework.messaging.commandhandling.CommandHandlerRegistry",9,3,""
0.375,"axon-messaging-5.0.0","org.axonframework.messaging.commandhandling.annotation.CommandDispatcherParameterResolverFactory$1",1,4,"axon-messaging-5.0.0","org.axonframework.messaging.core.annotation.FixedValueParameterResolver",2,2,""
0.375,"axon-messaging-5.0.0","org.axonframework.messaging.commandhandling.annotation.CommandDispatcherParameterResolverFactoryConfigurationEnhancer",,6,"axon-modelling-5.0.0","org.axonframework.modelling.annotation.InjectEntityParameterResolverFactoryConfigurationEnhancer",,4,""
0.375,"axon-messaging-5.0.0","org.axonframework.messaging.commandhandling.annotation.MethodCommandHandlerDefinition$MethodCommandHandlingMember",1,6,"axon-messaging-5.0.0","org.axonframework.messaging.eventhandling.replay.annotation.ReplayAwareMessageHandlerWrapper$ReplayBlockingMessageHandlingMember",1,6,""
0.375,"axon-messaging-5.0.0","org.axonframework.messaging.commandhandling.interception.InterceptingCommandBus$InterceptingHandler",1,8,"axon-messaging-5.0.0","org.axonframework.messaging.commandhandling.tracing.TracingCommandBus$TracingHandler",1,8,""
0.375,"axon-messaging-5.0.0","org.axonframework.messaging.commandhandling.tracing.TracingCommandBus$TracingHandler",1,8,"axon-messaging-5.0.0","org.axonframework.messaging.commandhandling.interception.InterceptingCommandBus$InterceptingHandler",1,8,""
0.375,"axon-messaging-5.0.0","org.axonframework.messaging.core.CompletionCallbackMessageStream$Empty",2,3,"axon-messaging-5.0.0","org.axonframework.messaging.eventhandling.processing.streaming.pooled.WorkPackage$BatchProcessor",3,4,""
0.375,"axon-messaging-5.0.0","org.axonframework.messaging.core.DelayedMessageStream$Empty",1,3,"axon-messaging-5.0.0","org.axonframework.messaging.eventhandling.processing.streaming.pooled.WorkPackage$BatchProcessor",3,4,""
0.375,"axon-messaging-5.0.0","org.axonframework.messaging.core.MessageTypeResolver",26,4,"axon-server-connector-5.0.0","org.axonframework.axonserver.connector.TargetContextResolver",,2,""
0.375,"axon-messaging-5.0.0","org.axonframework.messaging.core.RemoteHandlingException",2,2,"axon-messaging-5.0.0","org.axonframework.messaging.core.RemoteNonTransientHandlingException",2,2,""
0.375,"axon-messaging-5.0.0","org.axonframework.messaging.core.annotation.SimpleResourceParameterResolverFactory",,4,"axon-test-5.0.0","org.axonframework.test.FixtureResourceParameterResolverFactory",,4,""
0.375,"axon-messaging-5.0.0","org.axonframework.messaging.core.configuration.reflection.ConfigurationParameterResolverConfigurationEnhancer",,4,"axon-messaging-5.0.0","org.axonframework.messaging.commandhandling.annotation.CommandDispatcherParameterResolverFactoryConfigurationEnhancer",,6,""
0.375,"axon-messaging-5.0.0","org.axonframework.messaging.core.configuration.reflection.ConfigurationParameterResolverConfigurationEnhancer",,4,"axon-messaging-5.0.0","org.axonframework.messaging.eventhandling.annotation.EventAppenderParameterResolverFactoryConfigurationEnhancer",,6,""
0.375,"axon-messaging-5.0.0","org.axonframework.messaging.core.interception.annotation.MessageHandlerInterceptorDefinition$InterceptedMessageHandlingMember",1,7,"axon-messaging-5.0.0","org.axonframework.messaging.eventhandling.annotation.MethodEventHandlerDefinition$MethodEventMessageHandlingMember",2,9,""
0.375,"axon-messaging-5.0.0","org.axonframework.messaging.core.interception.annotation.ResultParameterResolverFactory$ExceptionResultParameterResolver",1,3,"axon-messaging-5.0.0","org.axonframework.messaging.core.unitofwork.annotation.ProcessingContextParameterResolverFactory$ProcessingContextParameterResolver",1,2,""
0.375,"axon-messaging-5.0.0","org.axonframework.messaging.core.interception.annotation.ResultParameterResolverFactory$ExceptionResultParameterResolver",1,3,"axon-test-5.0.0","org.axonframework.test.FixtureResourceParameterResolverFactory$FailingParameterResolver",1,3,""
0.375,"axon-messaging-5.0.0","org.axonframework.messaging.core.reflection.ClasspathParameterResolverConfigurationEnhancer",,6,"axon-modelling-5.0.0","org.axonframework.modelling.annotation.InjectEntityParameterResolverFactoryConfigurationEnhancer",,4,""
0.375,"axon-messaging-5.0.0","org.axonframework.messaging.eventhandling.annotation.EventAppenderParameterResolverFactory$1",1,4,"axon-messaging-5.0.0","org.axonframework.messaging.core.annotation.FixedValueParameterResolver",2,2,""
0.375,"axon-messaging-5.0.0","org.axonframework.messaging.eventhandling.annotation.EventAppenderParameterResolverFactoryConfigurationEnhancer",,6,"axon-modelling-5.0.0","org.axonframework.modelling.annotation.InjectEntityParameterResolverFactoryConfigurationEnhancer",,4,""
0.375,"axon-messaging-5.0.0","org.axonframework.messaging.eventhandling.annotation.MethodEventHandlerDefinition$MethodEventMessageHandlingMember",2,9,"axon-messaging-5.0.0","org.axonframework.messaging.core.interception.annotation.MessageHandlerInterceptorDefinition$InterceptedMessageHandlingMember",1,7,""
0.375,"axon-messaging-5.0.0","org.axonframework.messaging.eventhandling.gateway.EventAppender",3,6,"axon-messaging-5.0.0","org.axonframework.messaging.queryhandling.QueryUpdateEmitter",4,8,""
0.375,"axon-messaging-5.0.0","org.axonframework.messaging.eventhandling.processing.errorhandling.ErrorContext",5,2,"axon-messaging-5.0.0","org.axonframework.messaging.eventhandling.conversion.EventConverter",16,2,""
0.375,"axon-messaging-5.0.0","org.axonframework.messaging.eventhandling.processing.errorhandling.ErrorContext",5,2,"axon-messaging-5.0.0","org.axonframework.messaging.eventhandling.tracing.EventBusSpanFactory",1,2,""
0.375,"axon-messaging-5.0.0","org.axonframework.messaging.eventhandling.processing.errorhandling.ErrorContext",5,2,"axon-modelling-5.0.0","org.axonframework.modelling.PayloadBasedEntityEvolver",,3,""
0.375,"axon-messaging-5.0.0","org.axonframework.messaging.eventhandling.processing.streaming.token.WrappedToken",6,1,"axon-messaging-5.0.0","org.axonframework.messaging.eventhandling.processing.streaming.token.LatestTrackingToken",1,1,""
0.375,"axon-messaging-5.0.0","org.axonframework.messaging.eventhandling.processing.streaming.token.store.jdbc.GenericTokenTableFactory",1,2,"axon-messaging-5.0.0","org.axonframework.messaging.eventhandling.processing.streaming.token.store.jdbc.JdbcTokenStoreConfiguration",1,2,""
0.375,"axon-messaging-5.0.0","org.axonframework.messaging.eventhandling.processing.streaming.token.store.jdbc.JdbcTokenStoreConfiguration",1,2,"axon-messaging-5.0.0","org.axonframework.messaging.eventhandling.processing.streaming.token.store.jdbc.GenericTokenTableFactory",1,2,""
0.375,"axon-messaging-5.0.0","org.axonframework.messaging.eventhandling.processing.streaming.token.store.jdbc.JdbcTokenStoreConfiguration",1,2,"axon-messaging-5.0.0","org.axonframework.messaging.eventhandling.processing.streaming.token.store.jdbc.Oracle11TokenTableFactory",,2,""
0.375,"axon-messaging-5.0.0","org.axonframework.messaging.eventhandling.processing.streaming.token.store.jdbc.Oracle11TokenTableFactory",,2,"axon-messaging-5.0.0","org.axonframework.messaging.eventhandling.processing.streaming.token.store.jdbc.JdbcTokenStoreConfiguration",1,2,""
0.375,"axon-messaging-5.0.0","org.axonframework.messaging.eventhandling.replay.annotation.ReplayAwareMessageHandlerWrapper$ReplayBlockingMessageHandlingMember",1,6,"axon-messaging-5.0.0","org.axonframework.messaging.commandhandling.annotation.MethodCommandHandlerDefinition$MethodCommandHandlingMember",1,6,""
0.375,"axon-messaging-5.0.0","org.axonframework.messaging.eventstreaming.AnyEvent",4,6,"axon-messaging-5.0.0","org.axonframework.messaging.eventstreaming.EventTypeRestrictableOrEventCriteria",1,4,""
0.375,"axon-messaging-5.0.0","org.axonframework.messaging.eventstreaming.EventCriteria",28,8,"axon-messaging-5.0.0","org.axonframework.messaging.eventstreaming.TagAndTypeFilteredEventCriteria",2,6,""
0.375,"axon-messaging-5.0.0","org.axonframework.messaging.eventstreaming.EventTypeRestrictableOrEventCriteria",1,4,"axon-messaging-5.0.0","org.axonframework.messaging.eventstreaming.AnyEvent",4,6,""
0.375,"axon-messaging-5.0.0","org.axonframework.messaging.eventstreaming.TagAndTypeFilteredEventCriteria",2,6,"axon-messaging-5.0.0","org.axonframework.messaging.eventstreaming.EventCriteria",28,8,""
0.375,"axon-messaging-5.0.0","org.axonframework.messaging.queryhandling.DuplicateQueryHandlerSubscriptionException",1,2,"axon-messaging-5.0.0","org.axonframework.messaging.queryhandling.QueryHandlerRegistry",5,3,""
0.375,"axon-messaging-5.0.0","org.axonframework.messaging.queryhandling.QueryHandlerRegistry",5,3,"axon-messaging-5.0.0","org.axonframework.messaging.queryhandling.DuplicateQueryHandlerSubscriptionException",1,2,""
0.375,"axon-messaging-5.0.0","org.axonframework.messaging.queryhandling.QueryUpdateEmitter",4,8,"axon-messaging-5.0.0","org.axonframework.messaging.eventhandling.gateway.EventAppender",3,6,""
0.375,"axon-messaging-5.0.0","org.axonframework.messaging.queryhandling.QueryUpdateEmitterParameterResolverFactory$1",1,4,"axon-messaging-5.0.0","org.axonframework.messaging.core.annotation.FixedValueParameterResolver",2,2,""
0.375,"axon-modelling-5.0.0","org.axonframework.modelling.annotation.InjectEntityParameterResolverFactoryConfigurationEnhancer",,4,"axon-messaging-5.0.0","org.axonframework.messaging.core.reflection.ClasspathParameterResolverConfigurationEnhancer",,6,""
0.375,"axon-modelling-5.0.0","org.axonframework.modelling.annotation.InjectEntityParameterResolverFactoryConfigurationEnhancer",,4,"axon-messaging-5.0.0","org.axonframework.messaging.eventhandling.annotation.EventAppenderParameterResolverFactoryConfigurationEnhancer",,6,""
0.375,"axon-modelling-5.0.0","org.axonframework.modelling.entity.EntityCommandHandler",5,5,"axon-messaging-5.0.0","org.axonframework.messaging.commandhandling.CommandBus",19,5,""
0.375,"axon-test-5.0.0","org.axonframework.test.FixtureResourceParameterResolverFactory",,4,"axon-messaging-5.0.0","org.axonframework.messaging.core.annotation.SimpleResourceParameterResolverFactory",,4,""
0.375,"axon-test-5.0.0","org.axonframework.test.server.AxonServerContainerUtils",1,1,"axon-common-5.0.0","org.axonframework.common.ReflectionUtils",25,4,""
0.37037037037037035,"axon-messaging-5.0.0","org.axonframework.messaging.commandhandling.gateway.CommandResult",7,3,"axon-messaging-5.0.0","org.axonframework.messaging.tracing.SpanFactory",16,3,""
0.37037037037037035,"axon-messaging-5.0.0","org.axonframework.messaging.eventhandling.InterceptingEventBus",2,8,"axon-test-5.0.0","org.axonframework.test.fixture.RecordingEventBus",1,8,""
0.37037037037037035,"axon-messaging-5.0.0","org.axonframework.messaging.queryhandling.interception.InterceptingQueryBus$InterceptingResponseUpdateDispatcher",1,7,"axon-messaging-5.0.0","org.axonframework.messaging.queryhandling.interception.InterceptingQueryBus$QueryInterceptingDispatcher",1,6,""
0.37037037037037035,"axon-messaging-5.0.0","org.axonframework.messaging.tracing.SpanFactory",16,3,"axon-messaging-5.0.0","org.axonframework.messaging.commandhandling.gateway.CommandResult",7,3,""
0.37037037037037035,"axon-test-5.0.0","org.axonframework.test.fixture.RecordingEventBus",1,8,"axon-messaging-5.0.0","org.axonframework.messaging.eventhandling.InterceptingEventBus",2,8,""
0.3698630136986301,"axon-eventsourcing-5.0.0","org.axonframework.eventsourcing.eventstore.InterceptingEventStore",2,15,"axon-test-5.0.0","org.axonframework.test.fixture.RecordingEventStore",1,12,""
0.3698630136986301,"axon-test-5.0.0","org.axonframework.test.fixture.RecordingEventStore",1,12,"axon-eventsourcing-5.0.0","org.axonframework.eventsourcing.eventstore.InterceptingEventStore",2,15,""
0.3684210526315789,"axon-eventsourcing-5.0.0","org.axonframework.eventsourcing.eventstore.AggregateBasedEventStorageEngineUtils",4,5,"axon-eventsourcing-5.0.0","org.axonframework.eventsourcing.eventstore.GenericTaggedEventMessage",1,4,""
0.3684210526315789,"axon-eventsourcing-5.0.0","org.axonframework.eventsourcing.eventstore.GenericTaggedEventMessage",1,4,"axon-eventsourcing-5.0.0","org.axonframework.eventsourcing.eventstore.AggregateBasedEventStorageEngineUtils",4,5,""
0.3684210526315789,"axon-messaging-5.0.0","org.axonframework.messaging.commandhandling.distributed.CommandBusConnector",6,7,"axon-messaging-5.0.0","org.axonframework.messaging.commandhandling.distributed.DelegatingCommandBusConnector",1,7,""
0.3684210526315789,"axon-messaging-5.0.0","org.axonframework.messaging.commandhandling.distributed.DelegatingCommandBusConnector",1,7,"axon-messaging-5.0.0","org.axonframework.messaging.commandhandling.distributed.CommandBusConnector",6,7,""
0.3684210526315789,"axon-messaging-5.0.0","org.axonframework.messaging.core.DelayedMessageStream",7,7,"axon-messaging-5.0.0","org.axonframework.messaging.core.MessageStream$Empty",48,5,""
0.3684210526315789,"axon-messaging-5.0.0","org.axonframework.messaging.core.reflection.HierarchicalParameterResolverFactoryConfigurationEnhancer",,5,"axon-modelling-5.0.0","org.axonframework.modelling.HierarchicalStateManagerConfigurationEnhancer",,5,""
0.3684210526315789,"axon-messaging-5.0.0","org.axonframework.messaging.eventhandling.DelegatingEventBus",,6,"axon-messaging-5.0.0","org.axonframework.messaging.eventhandling.EventSubscribers",1,6,""
0.3684210526315789,"axon-modelling-5.0.0","org.axonframework.modelling.HierarchicalStateManagerConfigurationEnhancer",,5,"axon-messaging-5.0.0","org.axonframework.messaging.core.reflection.HierarchicalParameterResolverFactoryConfigurationEnhancer",,5,""
0.36363636363636365,"axon-server-connector-5.0.0","org.axonframework.axonserver.connector.event.AggregateBasedAxonServerEventStorageEngine$AggregateSource",1,3,"axon-eventsourcing-5.0.0","org.axonframework.eventsourcing.eventstore.EventStoreTransaction",8,4,""
0.36363636363636365,"axon-common-5.0.0","org.axonframework.common.BuilderUtils",32,3,"axon-eventsourcing-5.0.0","org.axonframework.eventsourcing.eventstore.jpa.SQLErrorCodesResolver",1,4,""
0.36363636363636365,"axon-common-5.0.0","org.axonframework.common.configuration.AmbiguousComponentMatchException",1,1,"axon-common-5.0.0","org.axonframework.common.configuration.DecoratorDefinition$2",1,5,""
0.36363636363636365,"axon-common-5.0.0","org.axonframework.common.configuration.DecoratorDefinition$2",1,5,"axon-common-5.0.0","org.axonframework.common.configuration.AmbiguousComponentMatchException",1,1,""
0.36363636363636365,"axon-eventsourcing-5.0.0","org.axonframework.eventsourcing.eventstore.jpa.AggregateBasedJpaEventStorageEngine$AggregateSource",1,3,"axon-eventsourcing-5.0.0","org.axonframework.eventsourcing.eventstore.EventStoreTransaction",8,4,""
0.36363636363636365,"axon-eventsourcing-5.0.0","org.axonframework.eventsourcing.eventstore.jpa.SQLErrorCodesResolver",1,4,"axon-common-5.0.0","org.axonframework.common.BuilderUtils",32,3,""
0.36363636363636365,"axon-messaging-5.0.0","org.axonframework.messaging.core.ConfigurationApplicationContext",2,3,"axon-messaging-5.0.0","org.axonframework.messaging.core.configuration.reflection.ConfigurationParameterResolverFactory",1,5,""
0.36363636363636365,"axon-messaging-5.0.0","org.axonframework.messaging.core.DefaultMessageDispatchInterceptorChain$InterceptingDispatcher",1,6,"axon-messaging-5.0.0","org.axonframework.messaging.core.DelegatingMessageStream",6,2,""
0.36363636363636365,"axon-messaging-5.0.0","org.axonframework.messaging.core.MessageStreamUtils",2,5,"axon-messaging-5.0.0","org.axonframework.messaging.core.FluxUtils$FluxStreamAdapter",1,3,""
0.36363636363636365,"axon-messaging-5.0.0","org.axonframework.messaging.core.configuration.reflection.ConfigurationParameterResolverFactory",1,5,"axon-messaging-5.0.0","org.axonframework.messaging.core.ConfigurationApplicationContext",2,3,""
0.36363636363636365,"axon-messaging-5.0.0","org.axonframework.messaging.core.interception.annotation.NoMoreInterceptors",2,5,"axon-messaging-5.0.0","org.axonframework.messaging.core.retry.RetryScheduler$Dispatcher",3,3,""
0.36363636363636365,"axon-messaging-5.0.0","org.axonframework.messaging.eventhandling.processing.streaming.segmenting.SegmentMatcher",1,5,"axon-messaging-5.0.0","org.axonframework.messaging.eventhandling.sequencing.SequentialPolicy",2,4,""
0.36363636363636365,"axon-messaging-5.0.0","org.axonframework.messaging.eventstreaming.EventsCondition",7,3,"axon-messaging-5.0.0","org.axonframework.messaging.eventstreaming.AnyEvent",4,6,""
0.36363636363636365,"axon-test-5.0.0","org.axonframework.test.fixture.AxonTestPhase$Then$MessageAssertions",6,4,"axon-messaging-5.0.0","org.axonframework.messaging.eventhandling.conversion.EventConverter",16,2,""
0.3626373626373626,"axon-server-connector-5.0.0","org.axonframework.axonserver.connector.event.AggregateBasedAxonServerEventStorageEngine",1,34,"axon-eventsourcing-5.0.0","org.axonframework.eventsourcing.eventstore.jpa.AggregateBasedJpaEventStorageEngine",3,50,""
0.3626373626373626,"axon-eventsourcing-5.0.0","org.axonframework.eventsourcing.eventstore.jpa.AggregateBasedJpaEventStorageEngine",3,50,"axon-server-connector-5.0.0","org.axonframework.axonserver.connector.event.AggregateBasedAxonServerEventStorageEngine",1,34,""
0.3625,"axon-eventsourcing-5.0.0","org.axonframework.eventsourcing.eventstore.StorageEngineBackedEventStore",1,19,"axon-messaging-5.0.0","org.axonframework.messaging.eventhandling.SimpleEventBus",2,8,""
0.3625,"axon-messaging-5.0.0","org.axonframework.messaging.eventhandling.SimpleEventBus",2,8,"axon-eventsourcing-5.0.0","org.axonframework.eventsourcing.eventstore.StorageEngineBackedEventStore",1,19,""
0.36231884057971014,"axon-messaging-5.0.0","org.axonframework.messaging.queryhandling.tracing.DefaultQueryBusSpanFactory",1,7,"axon-messaging-5.0.0","org.axonframework.messaging.tracing.MultiSpanFactory",,5,""
0.36231884057971014,"axon-messaging-5.0.0","org.axonframework.messaging.tracing.MultiSpanFactory",,5,"axon-messaging-5.0.0","org.axonframework.messaging.queryhandling.tracing.DefaultQueryBusSpanFactory",1,7,""
0.3619047619047619,"axon-eventsourcing-5.0.0","org.axonframework.eventsourcing.eventstore.InterceptingEventStore",2,15,"axon-eventsourcing-5.0.0","org.axonframework.eventsourcing.eventstore.StorageEngineBackedEventStore",1,19,""
0.3619047619047619,"axon-eventsourcing-5.0.0","org.axonframework.eventsourcing.eventstore.StorageEngineBackedEventStore",1,19,"axon-eventsourcing-5.0.0","org.axonframework.eventsourcing.eventstore.InterceptingEventStore",2,15,""
0.3617021276595745,"axon-messaging-5.0.0","org.axonframework.messaging.core.ConcatenatingMessageStream",1,3,"axon-messaging-5.0.0","org.axonframework.messaging.core.CompletionCallbackMessageStream",3,6,""
0.3614457831325301,"axon-messaging-5.0.0","org.axonframework.messaging.commandhandling.SimpleCommandBus",1,17,"axon-test-5.0.0","org.axonframework.test.util.RecordingCommandBus",1,15,""
0.3614457831325301,"axon-test-5.0.0","org.axonframework.test.util.RecordingCommandBus",1,15,"axon-messaging-5.0.0","org.axonframework.messaging.commandhandling.SimpleCommandBus",1,17,""
0.36,"axon-server-connector-5.0.0","org.axonframework.axonserver.connector.event.SourcingEventMessageStream",1,13,"axon-eventsourcing-5.0.0","org.axonframework.eventsourcing.eventstore.inmemory.InMemoryEventStorageEngine$MapBackedMessageStream",4,10,""
0.36,"axon-eventsourcing-5.0.0","org.axonframework.eventsourcing.eventstore.inmemory.InMemoryEventStorageEngine$MapBackedMessageStream",4,10,"axon-server-connector-5.0.0","org.axonframework.axonserver.connector.event.SourcingEventMessageStream",1,13,""
0.36,"axon-metrics-micrometer-5.0.0","org.axonframework.extension.metrics.micrometer.CapacityMonitor",2,5,"axon-metrics-micrometer-5.0.0","org.axonframework.extension.metrics.micrometer.MessageCountingMonitor",2,4,""
0.36,"axon-messaging-5.0.0","org.axonframework.messaging.commandhandling.gateway.CommandDispatcher",3,7,"axon-messaging-5.0.0","org.axonframework.messaging.commandhandling.gateway.CommandGateway",5,4,""
0.36,"axon-messaging-5.0.0","org.axonframework.messaging.commandhandling.gateway.CommandGateway",5,4,"axon-messaging-5.0.0","org.axonframework.messaging.commandhandling.gateway.CommandDispatcher",3,7,""
0.36,"axon-messaging-5.0.0","org.axonframework.messaging.commandhandling.interception.CommandMessageHandlerInterceptorChain$InterceptingHandler",1,9,"axon-messaging-5.0.0","org.axonframework.messaging.commandhandling.interception.InterceptingCommandBus",1,15,""
0.36,"axon-messaging-5.0.0","org.axonframework.messaging.queryhandling.QueryBus",15,7,"axon-messaging-5.0.0","org.axonframework.messaging.queryhandling.distributed.QueryBusConnector",6,8,""
0.36,"axon-messaging-5.0.0","org.axonframework.messaging.queryhandling.distributed.QueryBusConnector",6,8,"axon-messaging-5.0.0","org.axonframework.messaging.queryhandling.QueryBus",15,7,""
0.358974358974359,"axon-conversion-5.0.0","org.axonframework.conversion.avro.AvroConverterConfiguration",2,4,"axon-conversion-5.0.0","org.axonframework.conversion.avro.SpecificRecordBaseConverterStrategy",1,7,""
0.358974358974359,"axon-conversion-5.0.0","org.axonframework.conversion.avro.SpecificRecordBaseConverterStrategy",1,7,"axon-conversion-5.0.0","org.axonframework.conversion.avro.AvroConverterConfiguration",2,4,""
0.35714285714285715,"axon-common-5.0.0","org.axonframework.common.caching.EhCacheAdapter$CacheEventListenerAdapter",1,2,"axon-common-5.0.0","org.axonframework.common.caching.AbstractCacheAdapter",2,3,""
0.35714285714285715,"axon-eventsourcing-5.0.0","org.axonframework.eventsourcing.eventstore.AppendCondition",13,5,"axon-eventsourcing-5.0.0","org.axonframework.eventsourcing.eventstore.NoAppendCondition",1,3,""
0.35714285714285715,"axon-eventsourcing-5.0.0","org.axonframework.eventsourcing.eventstore.NoAppendCondition",1,3,"axon-eventsourcing-5.0.0","org.axonframework.eventsourcing.eventstore.AppendCondition",13,5,""
0.35714285714285715,"axon-messaging-5.0.0","org.axonframework.messaging.commandhandling.annotation.MethodCommandHandlerDefinition",,3,"axon-messaging-5.0.0","org.axonframework.messaging.eventhandling.replay.annotation.ReplayAwareMessageHandlerWrapper",,5,""
0.35714285714285715,"axon-messaging-5.0.0","org.axonframework.messaging.core.FluxUtils",3,7,"axon-messaging-5.0.0","org.axonframework.messaging.core.MessageStream$Empty",48,5,""
0.35714285714285715,"axon-messaging-5.0.0","org.axonframework.messaging.eventhandling.replay.annotation.ReplayAwareMessageHandlerWrapper",,5,"axon-messaging-5.0.0","org.axonframework.messaging.commandhandling.annotation.MethodCommandHandlerDefinition",,3,""
0.35714285714285715,"axon-messaging-5.0.0","org.axonframework.messaging.queryhandling.interception.InterceptingQueryBus$SubscriptionQueryInterceptingDispatcher",1,7,"axon-messaging-5.0.0","org.axonframework.messaging.queryhandling.QueryBus",15,7,""
0.35714285714285715,"axon-update-5.0.0","org.axonframework.update.UpdateCheckerHttpClient",2,4,"axon-update-5.0.0","org.axonframework.update.configuration.HierarchicalUsagePropertyProvider",1,2,""
0.35714285714285715,"axon-update-5.0.0","org.axonframework.update.configuration.HierarchicalUsagePropertyProvider",1,2,"axon-update-5.0.0","org.axonframework.update.UpdateCheckerHttpClient",2,4,""
0.35555555555555557,"axon-tracing-opentelemetry-5.0.0","org.axonframework.extension.tracing.opentelemetry.OpenTelemetrySpanFactory",1,7,"axon-messaging-5.0.0","org.axonframework.messaging.tracing.SpanFactory",16,3,""
0.3548387096774194,"axon-messaging-5.0.0","org.axonframework.messaging.core.FluxUtils",3,7,"axon-messaging-5.0.0","org.axonframework.messaging.core.FluxUtils$FluxStreamAdapter",1,3,""
0.3548387096774194,"axon-messaging-5.0.0","org.axonframework.messaging.core.annotation.ChainedMessageHandlerInterceptorMember",1,6,"axon-messaging-5.0.0","org.axonframework.messaging.core.annotation.HandlerComparator",1,1,""
0.3548387096774194,"axon-messaging-5.0.0","org.axonframework.messaging.core.annotation.HandlerComparator",1,1,"axon-messaging-5.0.0","org.axonframework.messaging.core.annotation.ChainedMessageHandlerInterceptorMember",1,6,""
0.3548387096774194,"axon-messaging-5.0.0","org.axonframework.messaging.eventhandling.processing.streaming.pooled.EventSchedulingProcessingContext",2,7,"axon-messaging-5.0.0","org.axonframework.messaging.core.unitofwork.ProcessingContext",229,5,""
0.35294117647058826,"axon-messaging-5.0.0","org.axonframework.messaging.core.FluxUtils",3,7,"axon-messaging-5.0.0","org.axonframework.messaging.core.MessageStreamUtils$Reducer",1,3,""
0.35294117647058826,"axon-messaging-5.0.0","org.axonframework.messaging.core.MessageTypeResolver",26,4,"axon-metrics-micrometer-5.0.0","org.axonframework.extension.metrics.micrometer.TagsUtil",1,2,""
0.35294117647058826,"axon-messaging-5.0.0","org.axonframework.messaging.core.interception.LoggingInterceptor",,10,"axon-messaging-5.0.0","org.axonframework.messaging.core.IgnoredEntriesMessageStream",1,5,""
0.35294117647058826,"axon-messaging-5.0.0","org.axonframework.messaging.eventhandling.annotation.MethodEventHandlerDefinition",,4,"axon-messaging-5.0.0","org.axonframework.messaging.eventhandling.replay.annotation.ReplayAwareMessageHandlerWrapper",,5,""
0.35294117647058826,"axon-messaging-5.0.0","org.axonframework.messaging.eventhandling.configuration.EventBusConfigurationDefaults",2,7,"axon-test-5.0.0","org.axonframework.test.fixture.MessagesRecordingConfigurationEnhancer",1,9,""
0.35294117647058826,"axon-messaging-5.0.0","org.axonframework.messaging.eventhandling.replay.annotation.ReplayAwareMessageHandlerWrapper",,5,"axon-messaging-5.0.0","org.axonframework.messaging.eventhandling.annotation.MethodEventHandlerDefinition",,4,""
0.35294117647058826,"axon-messaging-5.0.0","org.axonframework.messaging.eventstreaming.EventTypeRestrictableEventCriteria",6,4,"axon-messaging-5.0.0","org.axonframework.messaging.eventstreaming.AnyEvent",4,6,""
0.35294117647058826,"axon-messaging-5.0.0","org.axonframework.messaging.tracing.MultiSpanFactory",,5,"axon-messaging-5.0.0","org.axonframework.messaging.tracing.SpanFactory",16,3,""
0.35294117647058826,"axon-modelling-5.0.0","org.axonframework.modelling.HierarchicalStateManagerConfigurationEnhancer",,5,"axon-modelling-5.0.0","org.axonframework.modelling.configuration.ModellingConfigurationDefaults",1,7,""
0.35294117647058826,"axon-modelling-5.0.0","org.axonframework.modelling.configuration.ModellingConfigurationDefaults",1,7,"axon-modelling-5.0.0","org.axonframework.modelling.HierarchicalStateManagerConfigurationEnhancer",,5,""
0.35294117647058826,"axon-modelling-5.0.0","org.axonframework.modelling.entity.PolymorphicEntityMetamodel$Builder",1,10,"axon-modelling-5.0.0","org.axonframework.modelling.entity.PolymorphicEntityMetamodelBuilder",4,7,""
0.35294117647058826,"axon-modelling-5.0.0","org.axonframework.modelling.entity.PolymorphicEntityMetamodelBuilder",4,7,"axon-modelling-5.0.0","org.axonframework.modelling.entity.PolymorphicEntityMetamodel$Builder",1,10,""
0.35294117647058826,"axon-test-5.0.0","org.axonframework.test.fixture.MessagesRecordingConfigurationEnhancer",1,9,"axon-messaging-5.0.0","org.axonframework.messaging.eventhandling.configuration.EventBusConfigurationDefaults",2,7,""
0.35185185185185186,"axon-server-connector-5.0.0","org.axonframework.axonserver.connector.event.AxonServerEventStorageEngine",2,19,"axon-eventsourcing-5.0.0","org.axonframework.eventsourcing.eventstore.EventStorageEngine",11,11,""
0.35185185185185186,"axon-eventsourcing-5.0.0","org.axonframework.eventsourcing.eventstore.EventStorageEngine",11,11,"axon-server-connector-5.0.0","org.axonframework.axonserver.connector.event.AxonServerEventStorageEngine",2,19,""
0.35185185185185186,"axon-messaging-5.0.0","org.axonframework.messaging.queryhandling.distributed.DistributedQueryBus",2,18,"axon-messaging-5.0.0","org.axonframework.messaging.queryhandling.interception.InterceptingQueryBus",1,18,""
0.35185185185185186,"axon-messaging-5.0.0","org.axonframework.messaging.queryhandling.interception.InterceptingQueryBus",1,18,"axon-messaging-5.0.0","org.axonframework.messaging.queryhandling.distributed.DistributedQueryBus",2,18,""
0.35,"axon-messaging-5.0.0","org.axonframework.messaging.core.MessageTypeResolver",26,4,"axon-messaging-5.0.0","org.axonframework.messaging.core.AbstractMessage",1,3,""
0.35,"axon-messaging-5.0.0","org.axonframework.messaging.core.annotation.ClasspathParameterResolverFactory",5,2,"axon-messaging-5.0.0","org.axonframework.messaging.core.annotation.MultiParameterResolverFactory",2,3,""
0.35,"axon-messaging-5.0.0","org.axonframework.messaging.core.annotation.MultiParameterResolverFactory",2,3,"axon-messaging-5.0.0","org.axonframework.messaging.core.annotation.ClasspathParameterResolverFactory",5,2,""
0.35,"axon-messaging-5.0.0","org.axonframework.messaging.eventhandling.annotation.MethodSequencingPolicyEventHandlerDefinition",,4,"axon-messaging-5.0.0","org.axonframework.messaging.queryhandling.annotation.MethodQueryHandlerDefinition",,3,""
0.35,"axon-messaging-5.0.0","org.axonframework.messaging.eventhandling.configuration.EventHandlingComponentsConfigurer$CompletePhase",8,3,"axon-messaging-5.0.0","org.axonframework.messaging.eventhandling.configuration.EventHandlingComponentsConfigurer$ComponentsPhase",3,6,""
0.35,"axon-messaging-5.0.0","org.axonframework.messaging.eventhandling.configuration.EventHandlingComponentsConfigurer$ComponentsPhase",3,6,"axon-messaging-5.0.0","org.axonframework.messaging.eventhandling.configuration.EventHandlingComponentsConfigurer$CompletePhase",8,3,""
0.35,"axon-modelling-5.0.0","org.axonframework.modelling.PropertyBasedEntityIdResolver",1,8,"axon-modelling-5.0.0","org.axonframework.modelling.annotation.AnnotationBasedEntityIdResolver",3,6,""
0.35,"axon-modelling-5.0.0","org.axonframework.modelling.annotation.AnnotationBasedEntityIdResolver",3,6,"axon-modelling-5.0.0","org.axonframework.modelling.PropertyBasedEntityIdResolver",1,8,""
0.34831460674157305,"axon-messaging-5.0.0","org.axonframework.messaging.commandhandling.configuration.SimpleCommandHandlingModule",1,16,"axon-messaging-5.0.0","org.axonframework.messaging.queryhandling.configuration.SimpleQueryHandlingModule",1,16,""
0.34831460674157305,"axon-messaging-5.0.0","org.axonframework.messaging.queryhandling.configuration.SimpleQueryHandlingModule",1,16,"axon-messaging-5.0.0","org.axonframework.messaging.commandhandling.configuration.SimpleCommandHandlingModule",1,16,""
0.34782608695652173,"axon-eventsourcing-5.0.0","org.axonframework.eventsourcing.eventstore.ContinuousMessageStream",1,5,"axon-messaging-5.0.0","org.axonframework.messaging.core.IteratorMessageStream",1,3,""
0.34782608695652173,"axon-messaging-5.0.0","org.axonframework.messaging.core.SimpleEntry",10,5,"axon-messaging-5.0.0","org.axonframework.messaging.core.EmptyContext",1,2,""
0.34782608695652173,"axon-messaging-5.0.0","org.axonframework.messaging.core.interception.annotation.MessageHandlerInterceptorMemberChain",7,10,"axon-messaging-5.0.0","org.axonframework.messaging.core.annotation.MessageHandlingMember",38,4,""
0.34782608695652173,"axon-messaging-5.0.0","org.axonframework.messaging.core.timeout.TimeoutWrappedMessageHandlingMember",1,6,"axon-messaging-5.0.0","org.axonframework.messaging.eventhandling.annotation.MethodEventHandlerDefinition$MethodEventMessageHandlingMember",2,9,""
0.3475177304964539,"axon-modelling-5.0.0","org.axonframework.modelling.entity.ConcreteEntityMetamodel",3,23,"axon-modelling-5.0.0","org.axonframework.modelling.entity.PolymorphicEntityMetamodel",3,18,""
0.3475177304964539,"axon-modelling-5.0.0","org.axonframework.modelling.entity.PolymorphicEntityMetamodel",3,18,"axon-modelling-5.0.0","org.axonframework.modelling.entity.ConcreteEntityMetamodel",3,23,""
0.34615384615384615,"axon-messaging-5.0.0","org.axonframework.messaging.core.MessageStreamUtils",2,5,"axon-messaging-5.0.0","org.axonframework.messaging.core.MappedMessageStream",2,5,""
0.3448275862068966,"axon-common-5.0.0","org.axonframework.common.configuration.HierarchicalConfiguration",1,3,"axon-common-5.0.0","org.axonframework.common.configuration.LifecycleRegistry",16,3,""
0.3448275862068966,"axon-common-5.0.0","org.axonframework.common.configuration.LifecycleRegistry",16,3,"axon-common-5.0.0","org.axonframework.common.configuration.HierarchicalConfiguration",1,3,""
0.3442622950819672,"axon-messaging-5.0.0","org.axonframework.messaging.core.interception.annotation.MessageHandlerInterceptorDefinition$ResultHandlingInterceptorMember",1,12,"axon-messaging-5.0.0","org.axonframework.messaging.core.interception.LoggingInterceptor",,10,""
0.34375,"axon-messaging-5.0.0","org.axonframework.messaging.commandhandling.interception.InterceptingCommandBus$InterceptingDispatcher",1,8,"axon-messaging-5.0.0","org.axonframework.messaging.eventhandling.InterceptingEventSink$InterceptingPublisher",1,7,""
0.34285714285714286,"axon-eventsourcing-5.0.0","org.axonframework.eventsourcing.eventstore.InterceptingEventStore$InterceptingAppender",2,7,"axon-messaging-5.0.0","org.axonframework.messaging.eventhandling.interception.EventMessageHandlerInterceptorChain$InterceptingHandler",1,8,""
0.34285714285714286,"axon-messaging-5.0.0","org.axonframework.messaging.eventhandling.interception.EventMessageHandlerInterceptorChain$InterceptingHandler",1,8,"axon-eventsourcing-5.0.0","org.axonframework.eventsourcing.eventstore.InterceptingEventStore$InterceptingAppender",2,7,""
0.34146341463414637,"axon-eventsourcing-5.0.0","org.axonframework.eventsourcing.eventstore.EventStorageEngine",11,11,"axon-test-5.0.0","org.axonframework.test.fixture.RecordingEventStore",1,12,""
0.34146341463414637,"axon-test-5.0.0","org.axonframework.test.fixture.RecordingEventStore",1,12,"axon-eventsourcing-5.0.0","org.axonframework.eventsourcing.eventstore.EventStorageEngine",11,11,""
0.3409090909090909,"axon-server-connector-5.0.0","org.axonframework.axonserver.connector.event.StreamingEventMessageStream",1,10,"axon-eventsourcing-5.0.0","org.axonframework.eventsourcing.eventstore.inmemory.InMemoryEventStorageEngine$MapBackedMessageStream",4,10,""
0.3409090909090909,"axon-eventsourcing-5.0.0","org.axonframework.eventsourcing.eventstore.inmemory.InMemoryEventStorageEngine$MapBackedMessageStream",4,10,"axon-server-connector-5.0.0","org.axonframework.axonserver.connector.event.StreamingEventMessageStream",1,10,""
0.33783783783783783,"axon-messaging-5.0.0","org.axonframework.messaging.eventhandling.SimpleEventHandlingComponent",1,15,"axon-messaging-5.0.0","org.axonframework.messaging.eventhandling.processing.ProcessorEventHandlingComponents",3,10,""
0.33783783783783783,"axon-messaging-5.0.0","org.axonframework.messaging.eventhandling.processing.ProcessorEventHandlingComponents",3,10,"axon-messaging-5.0.0","org.axonframework.messaging.eventhandling.SimpleEventHandlingComponent",1,15,""
0.3333333333333333,"axon-server-connector-5.0.0","org.axonframework.axonserver.connector.MetadataConverter",4,2,"axon-common-5.0.0","org.axonframework.common.jdbc.ConnectionProvider",2,1,""
0.3333333333333333,"axon-server-connector-5.0.0","org.axonframework.axonserver.connector.MetadataConverter",4,2,"axon-common-5.0.0","org.axonframework.common.jpa.EntityManagerProvider",8,1,""
0.3333333333333333,"axon-server-connector-5.0.0","org.axonframework.axonserver.connector.MetadataConverter",4,2,"axon-update-5.0.0","org.axonframework.update.detection.MachineId",1,1,""
0.3333333333333333,"axon-server-connector-5.0.0","org.axonframework.axonserver.connector.TopologyChange$1",1,1,"axon-server-connector-5.0.0","org.axonframework.axonserver.connector.TopologyChangeListener",2,1,""
0.3333333333333333,"axon-server-connector-5.0.0","org.axonframework.axonserver.connector.TopologyChangeListener",2,1,"axon-server-connector-5.0.0","org.axonframework.axonserver.connector.TopologyChange$1",1,1,""
0.3333333333333333,"axon-server-connector-5.0.0","org.axonframework.axonserver.connector.command.AxonServerCommandBusConnector",2,15,"axon-server-connector-5.0.0","org.axonframework.axonserver.connector.query.AxonServerQueryBusConnector",3,17,""
0.3333333333333333,"axon-server-connector-5.0.0","org.axonframework.axonserver.connector.command.AxonServerNonTransientRemoteCommandHandlingException",1,2,"axon-server-connector-5.0.0","org.axonframework.axonserver.connector.command.AxonServerRemoteCommandHandlingException",1,2,""
0.3333333333333333,"axon-server-connector-5.0.0","org.axonframework.axonserver.connector.command.AxonServerNonTransientRemoteCommandHandlingException",1,2,"axon-server-connector-5.0.0","org.axonframework.axonserver.connector.query.AxonServerRemoteQueryHandlingException",1,2,""
0.3333333333333333,"axon-server-connector-5.0.0","org.axonframework.axonserver.connector.command.AxonServerRemoteCommandHandlingException",1,2,"axon-server-connector-5.0.0","org.axonframework.axonserver.connector.command.AxonServerNonTransientRemoteCommandHandlingException",1,2,""
0.3333333333333333,"axon-server-connector-5.0.0","org.axonframework.axonserver.connector.command.AxonServerRemoteCommandHandlingException",1,2,"axon-server-connector-5.0.0","org.axonframework.axonserver.connector.query.AxonServerNonTransientRemoteQueryHandlingException",1,2,""
0.3333333333333333,"axon-server-connector-5.0.0","org.axonframework.axonserver.connector.event.AggregateBasedAxonServerEventStorageEngine$1",1,7,"axon-eventsourcing-5.0.0","org.axonframework.eventsourcing.eventstore.EmptyAppendTransaction",3,3,""
0.3333333333333333,"axon-server-connector-5.0.0","org.axonframework.axonserver.connector.event.AxonServerMessageStream",1,10,"axon-eventsourcing-5.0.0","org.axonframework.eventsourcing.eventstore.inmemory.InMemoryEventStorageEngine$MapBackedMessageStream",4,10,""
0.3333333333333333,"axon-server-connector-5.0.0","org.axonframework.axonserver.connector.query.AxonServerNonTransientRemoteQueryHandlingException",1,2,"axon-server-connector-5.0.0","org.axonframework.axonserver.connector.command.AxonServerRemoteCommandHandlingException",1,2,""
0.3333333333333333,"axon-server-connector-5.0.0","org.axonframework.axonserver.connector.query.AxonServerNonTransientRemoteQueryHandlingException",1,2,"axon-server-connector-5.0.0","org.axonframework.axonserver.connector.query.AxonServerRemoteQueryHandlingException",1,2,""
0.3333333333333333,"axon-server-connector-5.0.0","org.axonframework.axonserver.connector.query.AxonServerQueryBusConnector",3,17,"axon-server-connector-5.0.0","org.axonframework.axonserver.connector.command.AxonServerCommandBusConnector",2,15,""
0.3333333333333333,"axon-server-connector-5.0.0","org.axonframework.axonserver.connector.query.AxonServerRemoteQueryHandlingException",1,2,"axon-server-connector-5.0.0","org.axonframework.axonserver.connector.command.AxonServerNonTransientRemoteCommandHandlingException",1,2,""
0.3333333333333333,"axon-server-connector-5.0.0","org.axonframework.axonserver.connector.query.AxonServerRemoteQueryHandlingException",1,2,"axon-server-connector-5.0.0","org.axonframework.axonserver.connector.query.AxonServerNonTransientRemoteQueryHandlingException",1,2,""
0.3333333333333333,"axon-server-connector-5.0.0","org.axonframework.axonserver.connector.util.ExceptionConverter",6,3,"axon-server-connector-5.0.0","org.axonframework.axonserver.connector.InstructionAckSource",1,1,""
0.3333333333333333,"axon-common-5.0.0","org.axonframework.common.AxonThreadFactory",4,1,"axon-test-5.0.0","org.axonframework.test.server.AxonServerContainerUtils",1,1,""
0.3333333333333333,"axon-common-5.0.0","org.axonframework.common.ConstructorUtils",3,1,"axon-test-5.0.0","org.axonframework.test.matchers.NonTransientFieldsFilter",,2,""
0.3333333333333333,"axon-common-5.0.0","org.axonframework.common.IdentifierValidator",,1,"axon-messaging-5.0.0","org.axonframework.messaging.commandhandling.annotation.AnnotationRoutingStrategy$RoutingKeyResolver",1,2,""
0.3333333333333333,"axon-common-5.0.0","org.axonframework.common.TypeReference$1",1,1,"axon-modelling-5.0.0","org.axonframework.modelling.configuration.SimpleStateBasedEntityModule$2",1,3,""
0.3333333333333333,"axon-common-5.0.0","org.axonframework.common.TypeReference$2",1,1,"axon-modelling-5.0.0","org.axonframework.modelling.configuration.SimpleStateBasedEntityModule$2",1,3,""
0.3333333333333333,"axon-common-5.0.0","org.axonframework.common.caching.JCacheAdapter",,4,"axon-common-5.0.0","org.axonframework.common.caching.AbstractCacheAdapter",2,3,""
0.3333333333333333,"axon-common-5.0.0","org.axonframework.common.configuration.ApplicationConfigurer",5,3,"axon-spring-boot-autoconfigure-5.0.0","org.axonframework.extension.springboot.autoconfig.AxonAutoConfiguration",5,2,""
0.3333333333333333,"axon-common-5.0.0","org.axonframework.common.configuration.Module",15,2,"axon-common-5.0.0","org.axonframework.common.configuration.AxonConfiguration",14,1,""
0.3333333333333333,"axon-common-5.0.0","org.axonframework.common.lock.LockFactory",2,1,"axon-common-5.0.0","org.axonframework.common.lock.NullLockFactory",,3,""
0.3333333333333333,"axon-common-5.0.0","org.axonframework.common.lock.NullLockFactory",,3,"axon-common-5.0.0","org.axonframework.common.lock.LockFactory",2,1,""
0.3333333333333333,"axon-common-5.0.0","org.axonframework.common.property.PropertyAccessStrategy",5,1,"axon-messaging-5.0.0","org.axonframework.messaging.eventhandling.sequencing.PropertySequencingPolicy",,4,""
0.3333333333333333,"axon-conversion-5.0.0","org.axonframework.conversion.Converter",37,1,"axon-messaging-5.0.0","org.axonframework.messaging.eventhandling.EventBus",9,3,""
0.3333333333333333,"axon-eventsourcing-5.0.0","org.axonframework.eventsourcing.CriteriaResolver",8,2,"axon-modelling-5.0.0","org.axonframework.modelling.EntityEvolver",13,2,""
0.3333333333333333,"axon-eventsourcing-5.0.0","org.axonframework.eventsourcing.eventstore.AggregateSequenceNumberPosition",3,1,"axon-eventsourcing-5.0.0","org.axonframework.eventsourcing.eventstore.SourcingCondition",11,4,""
0.3333333333333333,"axon-eventsourcing-5.0.0","org.axonframework.eventsourcing.eventstore.GenericTaggedEventMessage",1,4,"axon-eventsourcing-5.0.0","org.axonframework.eventsourcing.eventstore.TooManyTagsOnEventMessageException",1,2,""
0.3333333333333333,"axon-eventsourcing-5.0.0","org.axonframework.eventsourcing.eventstore.GlobalIndexPosition",3,1,"axon-eventsourcing-5.0.0","org.axonframework.eventsourcing.eventstore.SourcingCondition",11,4,""
0.3333333333333333,"axon-eventsourcing-5.0.0","org.axonframework.eventsourcing.eventstore.PayloadBasedTagResolver",,3,"axon-eventsourcing-5.0.0","org.axonframework.eventsourcing.eventstore.GenericTaggedEventMessage",1,4,""
0.3333333333333333,"axon-eventsourcing-5.0.0","org.axonframework.eventsourcing.eventstore.SourcingCondition",11,4,"axon-eventsourcing-5.0.0","org.axonframework.eventsourcing.eventstore.AggregateSequenceNumberPosition",3,1,""
0.3333333333333333,"axon-eventsourcing-5.0.0","org.axonframework.eventsourcing.eventstore.SourcingCondition",11,4,"axon-eventsourcing-5.0.0","org.axonframework.eventsourcing.eventstore.GlobalIndexPosition",3,1,""
0.3333333333333333,"axon-eventsourcing-5.0.0","org.axonframework.eventsourcing.eventstore.StartPosition",1,1,"axon-eventsourcing-5.0.0","org.axonframework.eventsourcing.eventstore.SourcingCondition",11,4,""
0.3333333333333333,"axon-eventsourcing-5.0.0","org.axonframework.eventsourcing.eventstore.TagResolver",7,2,"axon-messaging-5.0.0","org.axonframework.messaging.eventhandling.annotation.EventHandler",3,2,""
0.3333333333333333,"axon-eventsourcing-5.0.0","org.axonframework.eventsourcing.eventstore.TagResolver",7,2,"axon-messaging-5.0.0","org.axonframework.messaging.eventhandling.sequencing.SequencingPolicy",13,2,""
0.3333333333333333,"axon-eventsourcing-5.0.0","org.axonframework.eventsourcing.eventstore.inmemory.InMemoryEventStorageEngine$MapBackedMessageStream",4,10,"axon-server-connector-5.0.0","org.axonframework.axonserver.connector.event.AxonServerMessageStream",1,10,""
0.3333333333333333,"axon-eventsourcing-5.0.0","org.axonframework.eventsourcing.eventstore.jpa.AggregateBasedJpaEventStorageEngine$1",1,2,"axon-modelling-5.0.0","org.axonframework.modelling.configuration.SimpleStateBasedEntityModule$2",1,3,""
0.3333333333333333,"axon-metrics-micrometer-5.0.0","org.axonframework.extension.metrics.micrometer.EventProcessorLatencyMonitor$Builder",2,3,"axon-messaging-5.0.0","org.axonframework.messaging.eventhandling.processing.streaming.token.store.jpa.JpaTokenStoreConfiguration",2,1,""
0.3333333333333333,"axon-spring-boot-autoconfigure-5.0.0","org.axonframework.extension.springboot.EventProcessorProperties",1,4,"axon-spring-boot-autoconfigure-5.0.0","org.axonframework.extension.springboot.autoconfig.EventProcessingAutoConfiguration",,2,""
0.3333333333333333,"axon-spring-boot-autoconfigure-5.0.0","org.axonframework.extension.springboot.autoconfig.AxonAutoConfiguration",5,2,"axon-common-5.0.0","org.axonframework.common.configuration.ApplicationConfigurer",5,3,""
0.3333333333333333,"axon-spring-boot-autoconfigure-5.0.0","org.axonframework.extension.springboot.autoconfig.AxonAutoConfiguration",5,2,"axon-common-5.0.0","org.axonframework.common.configuration.AxonConfiguration",14,1,""
0.3333333333333333,"axon-spring-boot-autoconfigure-5.0.0","org.axonframework.extension.springboot.autoconfig.AxonAutoConfiguration",5,2,"axon-common-5.0.0","org.axonframework.common.configuration.ComponentBuilder",36,1,""
0.3333333333333333,"axon-spring-boot-autoconfigure-5.0.0","org.axonframework.extension.springboot.autoconfig.EventProcessingAutoConfiguration",,2,"axon-spring-boot-autoconfigure-5.0.0","org.axonframework.extension.springboot.EventProcessorProperties",1,4,""
0.3333333333333333,"axon-tracing-opentelemetry-5.0.0","org.axonframework.extension.tracing.opentelemetry.OpenTelemetrySpan",1,2,"axon-messaging-5.0.0","org.axonframework.messaging.tracing.MultiSpanFactory$MultiSpan",1,2,""
0.3333333333333333,"axon-messaging-5.0.0","org.axonframework.messaging.commandhandling.CommandHandlingComponent",8,2,"axon-modelling-5.0.0","org.axonframework.modelling.EntityEvolvingComponent",2,2,""
0.3333333333333333,"axon-messaging-5.0.0","org.axonframework.messaging.commandhandling.DuplicateCommandHandlerSubscriptionException",3,2,"axon-messaging-5.0.0","org.axonframework.messaging.eventhandling.NoHandlerForEventException",1,1,""
0.3333333333333333,"axon-messaging-5.0.0","org.axonframework.messaging.commandhandling.NoHandlerForCommandException",6,2,"axon-modelling-5.0.0","org.axonframework.modelling.entity.EntityAlreadyExistsForCreationalCommandHandlerException",2,1,""
0.3333333333333333,"axon-messaging-5.0.0","org.axonframework.messaging.commandhandling.UnresolvedRoutingKeyPolicy",,3,"axon-messaging-5.0.0","org.axonframework.messaging.commandhandling.NoHandlerForCommandException",6,2,""
0.3333333333333333,"axon-messaging-5.0.0","org.axonframework.messaging.commandhandling.UnresolvedRoutingKeyPolicy",,3,"axon-messaging-5.0.0","org.axonframework.messaging.commandhandling.tracing.CommandBusSpanFactory",3,2,""
0.3333333333333333,"axon-messaging-5.0.0","org.axonframework.messaging.commandhandling.annotation.AnnotationRoutingStrategy$RoutingKeyResolver",1,2,"axon-common-5.0.0","org.axonframework.common.IdentifierValidator",,1,""
0.3333333333333333,"axon-messaging-5.0.0","org.axonframework.messaging.commandhandling.annotation.Command",1,2,"axon-modelling-5.0.0","org.axonframework.modelling.entity.EntityAlreadyExistsForCreationalCommandHandlerException",2,1,""
0.3333333333333333,"axon-messaging-5.0.0","org.axonframework.messaging.commandhandling.annotation.CommandHandler",1,2,"axon-modelling-5.0.0","org.axonframework.modelling.entity.EntityAlreadyExistsForCreationalCommandHandlerException",2,1,""
0.3333333333333333,"axon-messaging-5.0.0","org.axonframework.messaging.commandhandling.annotation.CommandHandler",1,2,"axon-modelling-5.0.0","org.axonframework.modelling.entity.EntityMissingForInstanceCommandHandlerException",2,1,""
0.3333333333333333,"axon-messaging-5.0.0","org.axonframework.messaging.commandhandling.annotation.MethodCommandHandlerDefinition",,3,"axon-messaging-5.0.0","org.axonframework.messaging.eventhandling.annotation.MethodEventHandlerDefinition",,4,""
0.3333333333333333,"axon-messaging-5.0.0","org.axonframework.messaging.commandhandling.distributed.CommandBusConnector$Handler",6,2,"axon-messaging-5.0.0","org.axonframework.messaging.commandhandling.RoutingStrategy",5,1,""
0.3333333333333333,"axon-messaging-5.0.0","org.axonframework.messaging.commandhandling.gateway.CommandResult",7,3,"axon-tracing-opentelemetry-5.0.0","org.axonframework.extension.tracing.opentelemetry.MetadataContextGetter",1,2,""
0.3333333333333333,"axon-messaging-5.0.0","org.axonframework.messaging.commandhandling.gateway.ConvertingCommandGateway$ConvertingCommandResult",1,3,"axon-metrics-micrometer-5.0.0","org.axonframework.extension.metrics.micrometer.TagsUtil",1,2,""
0.3333333333333333,"axon-messaging-5.0.0","org.axonframework.messaging.commandhandling.tracing.CommandBusSpanFactory",3,2,"axon-modelling-5.0.0","org.axonframework.modelling.entity.WrongPolymorphicEntityTypeException",1,1,""
0.3333333333333333,"axon-messaging-5.0.0","org.axonframework.messaging.core.CompletionCallbackMessageStream$Empty",2,3,"axon-messaging-5.0.0","org.axonframework.messaging.eventhandling.EventHandler",8,5,""
0.3333333333333333,"axon-messaging-5.0.0","org.axonframework.messaging.core.ConfigurationApplicationContext",2,3,"axon-messaging-5.0.0","org.axonframework.messaging.core.EmptyApplicationContext",3,2,""
0.3333333333333333,"axon-messaging-5.0.0","org.axonframework.messaging.core.DelayedMessageStream$Empty",1,3,"axon-messaging-5.0.0","org.axonframework.messaging.eventhandling.EventHandler",8,5,""
0.3333333333333333,"axon-messaging-5.0.0","org.axonframework.messaging.core.Metadata$MetadataCollector",1,1,"axon-messaging-5.0.0","org.axonframework.messaging.core.correlation.SimpleCorrelationDataProvider",,3,""
0.3333333333333333,"axon-messaging-5.0.0","org.axonframework.messaging.core.Metadata$MetadataCollector",1,1,"axon-test-5.0.0","org.axonframework.test.util.CallbackBehavior",2,1,""
0.3333333333333333,"axon-messaging-5.0.0","org.axonframework.messaging.core.RemoteHandlingException",2,2,"axon-messaging-5.0.0","org.axonframework.messaging.core.HandlerExecutionException",3,1,""
0.3333333333333333,"axon-messaging-5.0.0","org.axonframework.messaging.core.RemoteHandlingException",2,2,"axon-messaging-5.0.0","org.axonframework.messaging.eventhandling.TransactionMethodExecutionException",,1,""
0.3333333333333333,"axon-messaging-5.0.0","org.axonframework.messaging.core.annotation.AggregateTypeParameterResolverFactory",,5,"axon-messaging-5.0.0","org.axonframework.messaging.core.annotation.SourceIdParameterResolverFactory",,5,""
0.3333333333333333,"axon-messaging-5.0.0","org.axonframework.messaging.core.annotation.AggregateTypeParameterResolverFactory",,5,"axon-messaging-5.0.0","org.axonframework.messaging.eventhandling.annotation.SequenceNumberParameterResolverFactory",,5,""
0.3333333333333333,"axon-messaging-5.0.0","org.axonframework.messaging.core.annotation.AggregateTypeParameterResolverFactory",,5,"axon-messaging-5.0.0","org.axonframework.messaging.eventhandling.annotation.TimestampParameterResolverFactory",,5,""
0.3333333333333333,"axon-messaging-5.0.0","org.axonframework.messaging.core.annotation.HandlerComparator",1,1,"axon-messaging-5.0.0","org.axonframework.messaging.eventhandling.annotation.MethodEventHandlerDefinition",,4,""
0.3333333333333333,"axon-messaging-5.0.0","org.axonframework.messaging.core.annotation.HandlerEnhancerDefinition",12,1,"axon-messaging-5.0.0","org.axonframework.messaging.commandhandling.annotation.CommandHandlingMember",3,2,""
0.3333333333333333,"axon-messaging-5.0.0","org.axonframework.messaging.core.annotation.HandlerEnhancerDefinition",12,1,"axon-messaging-5.0.0","org.axonframework.messaging.core.interception.annotation.MessageInterceptingMember",3,2,""
0.3333333333333333,"axon-messaging-5.0.0","org.axonframework.messaging.core.annotation.HandlerEnhancerDefinition",12,1,"axon-messaging-5.0.0","org.axonframework.messaging.eventhandling.annotation.EventHandlingMember",2,2,""
0.3333333333333333,"axon-messaging-5.0.0","org.axonframework.messaging.core.annotation.MessageHandlerTimeout",,1,"axon-messaging-5.0.0","org.axonframework.messaging.core.annotation.MessageHandler",7,2,""
0.3333333333333333,"axon-messaging-5.0.0","org.axonframework.messaging.core.annotation.MessageIdentifierParameterResolverFactory",,5,"axon-messaging-5.0.0","org.axonframework.messaging.core.annotation.SourceIdParameterResolverFactory",,5,""
0.3333333333333333,"axon-messaging-5.0.0","org.axonframework.messaging.core.annotation.MessageIdentifierParameterResolverFactory",,5,"axon-messaging-5.0.0","org.axonframework.messaging.eventhandling.annotation.SequenceNumberParameterResolverFactory",,5,""
0.3333333333333333,"axon-messaging-5.0.0","org.axonframework.messaging.core.annotation.MessageIdentifierParameterResolverFactory",,5,"axon-messaging-5.0.0","org.axonframework.messaging.eventhandling.annotation.TimestampParameterResolverFactory",,5,""
0.3333333333333333,"axon-messaging-5.0.0","org.axonframework.messaging.core.annotation.ParameterResolverFactory",40,1,"axon-messaging-5.0.0","org.axonframework.messaging.core.annotation.FixedValueParameterResolver",2,2,""
0.3333333333333333,"axon-messaging-5.0.0","org.axonframework.messaging.core.annotation.SourceIdParameterResolverFactory",,5,"axon-messaging-5.0.0","org.axonframework.messaging.core.annotation.MessageIdentifierParameterResolverFactory",,5,""
0.3333333333333333,"axon-messaging-5.0.0","org.axonframework.messaging.core.annotation.SourceIdParameterResolverFactory",,5,"axon-messaging-5.0.0","org.axonframework.messaging.eventhandling.annotation.SequenceNumberParameterResolverFactory",,5,""
0.3333333333333333,"axon-messaging-5.0.0","org.axonframework.messaging.core.annotation.SourceIdParameterResolverFactory",,5,"axon-messaging-5.0.0","org.axonframework.messaging.eventhandling.annotation.TimestampParameterResolverFactory",,5,""
0.3333333333333333,"axon-messaging-5.0.0","org.axonframework.messaging.core.interception.annotation.MessageHandlerInterceptorDefinition",,5,"axon-messaging-5.0.0","org.axonframework.messaging.commandhandling.annotation.MethodCommandHandlerDefinition",,3,""
0.3333333333333333,"axon-messaging-5.0.0","org.axonframework.messaging.core.interception.annotation.MessageHandlerInterceptorDefinition$InterceptedMessageHandlingMember",1,7,"axon-messaging-5.0.0","org.axonframework.messaging.core.interception.annotation.MessageHandlerInterceptorDefinition$ResultHandlingInterceptorMember",1,12,""
0.3333333333333333,"axon-messaging-5.0.0","org.axonframework.messaging.core.interception.annotation.MessageHandlerInterceptorDefinition$ResultHandlingInterceptorMember",1,12,"axon-messaging-5.0.0","org.axonframework.messaging.core.interception.annotation.MessageHandlerInterceptorDefinition$InterceptedMessageHandlingMember",1,7,""
0.3333333333333333,"axon-messaging-5.0.0","org.axonframework.messaging.core.interception.annotation.MessageHandlerInterceptorMemberChain",7,10,"axon-messaging-5.0.0","org.axonframework.messaging.core.interception.annotation.NoMoreInterceptors",2,5,""
0.3333333333333333,"axon-messaging-5.0.0","org.axonframework.messaging.core.interception.annotation.ResultHandler",2,1,"axon-messaging-5.0.0","org.axonframework.messaging.core.annotation.MessageHandler",7,2,""
0.3333333333333333,"axon-messaging-5.0.0","org.axonframework.messaging.core.reflection.HierarchicalParameterResolverFactoryConfigurationEnhancer",,5,"axon-messaging-5.0.0","org.axonframework.messaging.core.reflection.ClasspathParameterResolverConfigurationEnhancer",,6,""
0.3333333333333333,"axon-messaging-5.0.0","org.axonframework.messaging.core.retry.AxonNonTransientExceptionClassesPredicate",,2,"axon-common-5.0.0","org.axonframework.common.ExceptionUtils",4,1,""
0.3333333333333333,"axon-messaging-5.0.0","org.axonframework.messaging.core.retry.ExponentialBackOffRetryPolicy",,4,"axon-messaging-5.0.0","org.axonframework.messaging.core.retry.RetryPolicy",5,3,""
0.3333333333333333,"axon-messaging-5.0.0","org.axonframework.messaging.core.retry.RetryPolicy",5,3,"axon-messaging-5.0.0","org.axonframework.messaging.core.retry.ExponentialBackOffRetryPolicy",,4,""
0.3333333333333333,"axon-messaging-5.0.0","org.axonframework.messaging.core.unitofwork.ProcessingLifecycle$ErrorHandler",16,2,"axon-messaging-5.0.0","org.axonframework.messaging.core.unitofwork.UnitOfWork$UnitOfWorkProcessingContext$CauseAndPhase",2,2,""
0.3333333333333333,"axon-messaging-5.0.0","org.axonframework.messaging.core.unitofwork.ProcessingLifecycle$ErrorHandler",16,2,"axon-modelling-5.0.0","org.axonframework.modelling.repository.SimpleRepositoryEntityPersister",4,1,""
0.3333333333333333,"axon-messaging-5.0.0","org.axonframework.messaging.core.unitofwork.SimpleUnitOfWorkFactory",2,4,"axon-messaging-5.0.0","org.axonframework.messaging.core.unitofwork.UnitOfWorkFactory",25,2,""
0.3333333333333333,"axon-messaging-5.0.0","org.axonframework.messaging.core.unitofwork.UnitOfWork$UnitOfWorkProcessingContext$CauseAndPhase",2,2,"axon-messaging-5.0.0","org.axonframework.messaging.core.unitofwork.ProcessingLifecycle$ErrorHandler",16,2,""
0.3333333333333333,"axon-messaging-5.0.0","org.axonframework.messaging.core.unitofwork.UnitOfWorkFactory",25,2,"axon-messaging-5.0.0","org.axonframework.messaging.core.unitofwork.SimpleUnitOfWorkFactory",2,4,""
0.3333333333333333,"axon-messaging-5.0.0","org.axonframework.messaging.core.unitofwork.annotation.ProcessingContextParameterResolverFactory",,5,"axon-messaging-5.0.0","org.axonframework.messaging.core.annotation.FixedValueParameterResolver",2,2,""
0.3333333333333333,"axon-messaging-5.0.0","org.axonframework.messaging.eventhandling.EventBus",9,3,"axon-conversion-5.0.0","org.axonframework.conversion.Converter",37,1,""
0.3333333333333333,"axon-messaging-5.0.0","org.axonframework.messaging.eventhandling.EventBus",9,3,"axon-messaging-5.0.0","org.axonframework.messaging.eventhandling.processing.EventProcessor",6,1,""
0.3333333333333333,"axon-messaging-5.0.0","org.axonframework.messaging.eventhandling.EventHandler",8,5,"axon-messaging-5.0.0","org.axonframework.messaging.core.CompletionCallbackMessageStream$Empty",2,3,""
0.3333333333333333,"axon-messaging-5.0.0","org.axonframework.messaging.eventhandling.EventHandler",8,5,"axon-messaging-5.0.0","org.axonframework.messaging.eventhandling.sequencing.SequencingPolicy",13,2,""
0.3333333333333333,"axon-messaging-5.0.0","org.axonframework.messaging.eventhandling.EventHandlingComponent",17,5,"axon-messaging-5.0.0","org.axonframework.messaging.eventhandling.sequencing.SequencingPolicy",13,2,""
0.3333333333333333,"axon-messaging-5.0.0","org.axonframework.messaging.eventhandling.EventHandlingComponent",17,5,"axon-modelling-5.0.0","org.axonframework.modelling.EntityEvolver",13,2,""
0.3333333333333333,"axon-messaging-5.0.0","org.axonframework.messaging.eventhandling.InterceptingEventBus",2,8,"axon-messaging-5.0.0","org.axonframework.messaging.eventhandling.EventSubscribers",1,6,""
0.3333333333333333,"axon-messaging-5.0.0","org.axonframework.messaging.eventhandling.annotation.Event",,2,"axon-messaging-5.0.0","org.axonframework.messaging.commandhandling.annotation.Command",1,2,""
0.3333333333333333,"axon-messaging-5.0.0","org.axonframework.messaging.eventhandling.annotation.Event",,2,"axon-messaging-5.0.0","org.axonframework.messaging.eventhandling.sequencing.SequencingPolicy",13,2,""
0.3333333333333333,"axon-messaging-5.0.0","org.axonframework.messaging.eventhandling.annotation.EventHandler",3,2,"axon-messaging-5.0.0","org.axonframework.messaging.commandhandling.annotation.CommandHandler",1,2,""
0.3333333333333333,"axon-messaging-5.0.0","org.axonframework.messaging.eventhandling.annotation.EventHandler",3,2,"axon-messaging-5.0.0","org.axonframework.messaging.eventhandling.sequencing.SequencingPolicy",13,2,""
0.3333333333333333,"axon-messaging-5.0.0","org.axonframework.messaging.eventhandling.annotation.EventHandler",3,2,"axon-modelling-5.0.0","org.axonframework.modelling.EntityEvolver",13,2,""
0.3333333333333333,"axon-messaging-5.0.0","org.axonframework.messaging.eventhandling.annotation.SequenceNumberParameterResolverFactory",,5,"axon-messaging-5.0.0","org.axonframework.messaging.core.annotation.MessageIdentifierParameterResolverFactory",,5,""
0.3333333333333333,"axon-messaging-5.0.0","org.axonframework.messaging.eventhandling.annotation.SequenceNumberParameterResolverFactory",,5,"axon-messaging-5.0.0","org.axonframework.messaging.core.annotation.SourceIdParameterResolverFactory",,5,""
0.3333333333333333,"axon-messaging-5.0.0","org.axonframework.messaging.eventhandling.annotation.SequenceNumberParameterResolverFactory",,5,"axon-messaging-5.0.0","org.axonframework.messaging.eventhandling.annotation.TimestampParameterResolverFactory",,5,""
0.3333333333333333,"axon-messaging-5.0.0","org.axonframework.messaging.eventhandling.annotation.TimestampParameterResolverFactory",,5,"axon-messaging-5.0.0","org.axonframework.messaging.core.annotation.MessageIdentifierParameterResolverFactory",,5,""
0.3333333333333333,"axon-messaging-5.0.0","org.axonframework.messaging.eventhandling.annotation.TimestampParameterResolverFactory",,5,"axon-messaging-5.0.0","org.axonframework.messaging.core.annotation.SourceIdParameterResolverFactory",,5,""
0.3333333333333333,"axon-messaging-5.0.0","org.axonframework.messaging.eventhandling.annotation.TimestampParameterResolverFactory",,5,"axon-messaging-5.0.0","org.axonframework.messaging.eventhandling.annotation.SequenceNumberParameterResolverFactory",,5,""
0.3333333333333333,"axon-messaging-5.0.0","org.axonframework.messaging.eventhandling.configuration.EventHandlingComponentsConfigurer",,4,"axon-messaging-5.0.0","org.axonframework.messaging.eventhandling.configuration.EventHandlingComponentsConfigurer$AdditionalComponentPhase",4,2,""
0.3333333333333333,"axon-messaging-5.0.0","org.axonframework.messaging.eventhandling.configuration.EventHandlingComponentsConfigurer",,4,"axon-messaging-5.0.0","org.axonframework.messaging.eventhandling.configuration.EventHandlingComponentsConfigurer$RequiredComponentPhase",7,2,""
0.3333333333333333,"axon-messaging-5.0.0","org.axonframework.messaging.eventhandling.configuration.EventHandlingComponentsConfigurer$AdditionalComponentPhase",4,2,"axon-messaging-5.0.0","org.axonframework.messaging.eventhandling.configuration.EventHandlingComponentsConfigurer",,4,""
0.3333333333333333,"axon-messaging-5.0.0","org.axonframework.messaging.eventhandling.configuration.EventHandlingComponentsConfigurer$AdditionalComponentPhase",4,2,"axon-messaging-5.0.0","org.axonframework.messaging.eventhandling.configuration.EventHandlingComponentsConfigurer$RequiredComponentPhase",7,2,""
0.3333333333333333,"axon-messaging-5.0.0","org.axonframework.messaging.eventhandling.configuration.EventHandlingComponentsConfigurer$RequiredComponentPhase",7,2,"axon-messaging-5.0.0","org.axonframework.messaging.eventhandling.configuration.EventHandlingComponentsConfigurer",,4,""
0.3333333333333333,"axon-messaging-5.0.0","org.axonframework.messaging.eventhandling.configuration.EventHandlingComponentsConfigurer$RequiredComponentPhase",7,2,"axon-messaging-5.0.0","org.axonframework.messaging.eventhandling.configuration.EventHandlingComponentsConfigurer$AdditionalComponentPhase",4,2,""
0.3333333333333333,"axon-messaging-5.0.0","org.axonframework.messaging.eventhandling.gateway.DefaultEventGateway",1,6,"axon-test-5.0.0","org.axonframework.test.fixture.RecordingEventSink",9,5,""
0.3333333333333333,"axon-messaging-5.0.0","org.axonframework.messaging.eventhandling.gateway.EventAppender",3,6,"axon-messaging-5.0.0","org.axonframework.messaging.eventhandling.gateway.ProcessingContextEventAppender",1,8,""
0.3333333333333333,"axon-messaging-5.0.0","org.axonframework.messaging.eventhandling.gateway.ProcessingContextEventAppender",1,8,"axon-messaging-5.0.0","org.axonframework.messaging.eventhandling.gateway.EventAppender",3,6,""
0.3333333333333333,"axon-messaging-5.0.0","org.axonframework.messaging.eventhandling.interception.EventMessageHandlerInterceptorChain",1,10,"axon-messaging-5.0.0","org.axonframework.messaging.queryhandling.interception.QueryMessageHandlerInterceptorChain",1,10,""
0.3333333333333333,"axon-messaging-5.0.0","org.axonframework.messaging.eventhandling.interception.EventMessageHandlerInterceptorChain$InterceptingHandler",1,8,"axon-messaging-5.0.0","org.axonframework.messaging.eventhandling.InterceptingEventSink$InterceptingPublisher",1,7,""
0.3333333333333333,"axon-messaging-5.0.0","org.axonframework.messaging.eventhandling.processing.EventProcessor",6,1,"axon-messaging-5.0.0","org.axonframework.messaging.eventhandling.EventBus",9,3,""
0.3333333333333333,"axon-messaging-5.0.0","org.axonframework.messaging.eventhandling.processing.streaming.pooled.WorkPackage$ProcessingEntry",3,2,"axon-messaging-5.0.0","org.axonframework.messaging.eventhandling.annotation.EventHandler",3,2,""
0.3333333333333333,"axon-messaging-5.0.0","org.axonframework.messaging.eventhandling.processing.streaming.pooled.WorkPackage$ProcessingEntry",3,2,"axon-messaging-5.0.0","org.axonframework.messaging.eventhandling.sequencing.SequencingPolicy",13,2,""
0.3333333333333333,"axon-messaging-5.0.0","org.axonframework.messaging.eventhandling.processing.streaming.pooled.WorkPackage$ProcessingEntry",3,2,"axon-modelling-5.0.0","org.axonframework.modelling.EntityEvolver",13,2,""
0.3333333333333333,"axon-messaging-5.0.0","org.axonframework.messaging.eventhandling.processing.streaming.segmenting.AddedTrackerStatus",,2,"axon-messaging-5.0.0","org.axonframework.messaging.eventhandling.processing.streaming.segmenting.EventTrackerStatusChangeListener",,1,""
0.3333333333333333,"axon-messaging-5.0.0","org.axonframework.messaging.eventhandling.processing.streaming.segmenting.EventTrackerStatus",8,2,"axon-messaging-5.0.0","org.axonframework.messaging.eventhandling.processing.streaming.pooled.WorkPackage$ProcessingEntry",3,2,""
0.3333333333333333,"axon-messaging-5.0.0","org.axonframework.messaging.eventhandling.processing.streaming.segmenting.EventTrackerStatus",8,2,"axon-messaging-5.0.0","org.axonframework.messaging.eventhandling.processing.streaming.token.store.inmemory.InMemoryTokenStore$SegmentAndToken",1,2,""
0.3333333333333333,"axon-messaging-5.0.0","org.axonframework.messaging.eventhandling.processing.streaming.segmenting.EventTrackerStatusChangeListener",,1,"axon-messaging-5.0.0","org.axonframework.messaging.eventhandling.processing.streaming.segmenting.AddedTrackerStatus",,2,""
0.3333333333333333,"axon-messaging-5.0.0","org.axonframework.messaging.eventhandling.processing.streaming.segmenting.EventTrackerStatusChangeListener",,1,"axon-messaging-5.0.0","org.axonframework.messaging.eventhandling.processing.streaming.segmenting.RemovedTrackerStatus",,2,""
0.3333333333333333,"axon-messaging-5.0.0","org.axonframework.messaging.eventhandling.processing.streaming.segmenting.RemovedTrackerStatus",,2,"axon-messaging-5.0.0","org.axonframework.messaging.eventhandling.processing.streaming.segmenting.EventTrackerStatusChangeListener",,1,""
0.3333333333333333,"axon-messaging-5.0.0","org.axonframework.messaging.eventhandling.processing.streaming.segmenting.SequencingEventHandlingComponent",1,10,"axon-messaging-5.0.0","org.axonframework.messaging.eventhandling.processing.ProcessorEventHandlingComponents",3,10,""
0.3333333333333333,"axon-messaging-5.0.0","org.axonframework.messaging.eventhandling.processing.streaming.token.store.inmemory.InMemoryTokenStore$SegmentAndToken",1,2,"axon-messaging-5.0.0","org.axonframework.messaging.eventhandling.processing.streaming.token.FirstTrackingToken",1,1,""
0.3333333333333333,"axon-messaging-5.0.0","org.axonframework.messaging.eventhandling.processing.streaming.token.store.inmemory.InMemoryTokenStore$SegmentAndToken",1,2,"axon-messaging-5.0.0","org.axonframework.messaging.eventhandling.processing.streaming.token.LatestTrackingToken",1,1,""
0.3333333333333333,"axon-messaging-5.0.0","org.axonframework.messaging.eventhandling.processing.streaming.token.store.inmemory.InMemoryTokenStore$SegmentAndToken",1,2,"axon-messaging-5.0.0","org.axonframework.messaging.eventhandling.processing.streaming.token.store.ConfigToken",2,1,""
0.3333333333333333,"axon-messaging-5.0.0","org.axonframework.messaging.eventhandling.processing.streaming.token.store.jdbc.JdbcTokenEntry",1,5,"axon-messaging-5.0.0","org.axonframework.messaging.eventhandling.processing.streaming.token.store.inmemory.InMemoryTokenStore$SegmentAndToken",1,2,""
0.3333333333333333,"axon-messaging-5.0.0","org.axonframework.messaging.eventhandling.processing.streaming.token.store.jdbc.TokenSchema$Builder",1,1,"axon-messaging-5.0.0","org.axonframework.messaging.eventhandling.processing.streaming.token.store.jdbc.TokenTableFactory",3,1,""
0.3333333333333333,"axon-messaging-5.0.0","org.axonframework.messaging.eventhandling.processing.streaming.token.store.jdbc.TokenTableFactory",3,1,"axon-messaging-5.0.0","org.axonframework.messaging.eventhandling.processing.streaming.token.store.jdbc.TokenSchema$Builder",1,1,""
0.3333333333333333,"axon-messaging-5.0.0","org.axonframework.messaging.eventhandling.processing.streaming.token.store.jpa.JpaTokenStoreConfiguration",2,1,"axon-metrics-micrometer-5.0.0","org.axonframework.extension.metrics.micrometer.EventProcessorLatencyMonitor$Builder",2,3,""
0.3333333333333333,"axon-messaging-5.0.0","org.axonframework.messaging.eventhandling.replay.annotation.AllowReplay",2,1,"axon-messaging-5.0.0","org.axonframework.messaging.core.annotation.MessageHandler",7,2,""
0.3333333333333333,"axon-messaging-5.0.0","org.axonframework.messaging.eventhandling.replay.annotation.ResetHandler",,2,"axon-messaging-5.0.0","org.axonframework.messaging.commandhandling.annotation.CommandHandler",1,2,""
0.3333333333333333,"axon-messaging-5.0.0","org.axonframework.messaging.eventhandling.replay.annotation.ResetHandler",,2,"axon-messaging-5.0.0","org.axonframework.messaging.eventhandling.annotation.EventHandler",3,2,""
0.3333333333333333,"axon-messaging-5.0.0","org.axonframework.messaging.eventhandling.replay.annotation.ResetHandler",,2,"axon-messaging-5.0.0","org.axonframework.messaging.queryhandling.annotation.QueryHandler",1,2,""
0.3333333333333333,"axon-messaging-5.0.0","org.axonframework.messaging.eventhandling.sequencing.HierarchicalSequencingPolicy",1,3,"axon-messaging-5.0.0","org.axonframework.messaging.eventhandling.sequencing.ExtractionSequencingPolicy",1,4,""
0.3333333333333333,"axon-messaging-5.0.0","org.axonframework.messaging.eventhandling.sequencing.PropertySequencingPolicy",,4,"axon-common-5.0.0","org.axonframework.common.property.PropertyAccessStrategy",5,1,""
0.3333333333333333,"axon-messaging-5.0.0","org.axonframework.messaging.eventhandling.tracing.DefaultEventProcessorSpanFactory$Builder",2,3,"axon-messaging-5.0.0","org.axonframework.messaging.commandhandling.tracing.DefaultCommandBusSpanFactory$Builder",1,3,""
0.3333333333333333,"axon-messaging-5.0.0","org.axonframework.messaging.eventhandling.tracing.DefaultEventProcessorSpanFactory$Builder",2,3,"axon-messaging-5.0.0","org.axonframework.messaging.eventhandling.tracing.DefaultEventBusSpanFactory$Builder",1,3,""
0.3333333333333333,"axon-messaging-5.0.0","org.axonframework.messaging.eventhandling.tracing.EventProcessorSpanFactory",4,2,"axon-messaging-5.0.0","org.axonframework.messaging.eventhandling.sequencing.FullConcurrencyPolicy",,3,""
0.3333333333333333,"axon-messaging-5.0.0","org.axonframework.messaging.eventhandling.tracing.EventProcessorSpanFactory",4,2,"axon-modelling-5.0.0","org.axonframework.modelling.entity.child.EventTargetMatcher",12,2,""
0.3333333333333333,"axon-messaging-5.0.0","org.axonframework.messaging.eventstreaming.EventCriterion",8,3,"axon-messaging-5.0.0","org.axonframework.messaging.eventhandling.NoHandlerForEventException",1,1,""
0.3333333333333333,"axon-messaging-5.0.0","org.axonframework.messaging.eventstreaming.StreamableEventSource",7,5,"axon-messaging-5.0.0","org.axonframework.messaging.core.MessageDispatchInterceptorChain",9,3,""
0.3333333333333333,"axon-messaging-5.0.0","org.axonframework.messaging.monitoring.NoOpMessageMonitor",4,4,"axon-messaging-5.0.0","org.axonframework.messaging.monitoring.NoOpMessageMonitorCallback",2,1,""
0.3333333333333333,"axon-messaging-5.0.0","org.axonframework.messaging.monitoring.NoOpMessageMonitorCallback",2,1,"axon-messaging-5.0.0","org.axonframework.messaging.monitoring.MessageMonitor",26,2,""
0.3333333333333333,"axon-messaging-5.0.0","org.axonframework.messaging.monitoring.NoOpMessageMonitorCallback",2,1,"axon-messaging-5.0.0","org.axonframework.messaging.monitoring.NoOpMessageMonitor",4,4,""
0.3333333333333333,"axon-messaging-5.0.0","org.axonframework.messaging.queryhandling.DuplicateQueryHandlerSubscriptionException",1,2,"axon-messaging-5.0.0","org.axonframework.messaging.eventhandling.NoHandlerForEventException",1,1,""
0.3333333333333333,"axon-messaging-5.0.0","org.axonframework.messaging.queryhandling.NoHandlerForQueryException",3,2,"axon-messaging-5.0.0","org.axonframework.messaging.core.HandlerExecutionException",3,1,""
0.3333333333333333,"axon-messaging-5.0.0","org.axonframework.messaging.queryhandling.NoHandlerForQueryException",3,2,"axon-messaging-5.0.0","org.axonframework.messaging.core.MessageTypeNotResolvedException",1,1,""
0.3333333333333333,"axon-messaging-5.0.0","org.axonframework.messaging.queryhandling.NoHandlerForQueryException",3,2,"axon-messaging-5.0.0","org.axonframework.messaging.eventhandling.TransactionMethodExecutionException",,1,""
0.3333333333333333,"axon-messaging-5.0.0","org.axonframework.messaging.queryhandling.QueryHandler",13,5,"axon-messaging-5.0.0","org.axonframework.messaging.core.MessageDispatchInterceptorChain",9,3,""
0.3333333333333333,"axon-messaging-5.0.0","org.axonframework.messaging.queryhandling.QueryHandler",13,5,"axon-messaging-5.0.0","org.axonframework.messaging.core.MessageHandlerInterceptorChain",18,3,""
0.3333333333333333,"axon-messaging-5.0.0","org.axonframework.messaging.queryhandling.QueryHandler",13,5,"axon-messaging-5.0.0","org.axonframework.messaging.queryhandling.distributed.QueryBusConnector$Handler",8,5,""
0.3333333333333333,"axon-messaging-5.0.0","org.axonframework.messaging.queryhandling.QueryHandlingComponent",5,2,"axon-messaging-5.0.0","org.axonframework.messaging.commandhandling.CommandHandlingComponent",8,2,""
0.3333333333333333,"axon-messaging-5.0.0","org.axonframework.messaging.queryhandling.QueryPriorityCalculator",2,1,"axon-messaging-5.0.0","org.axonframework.messaging.queryhandling.NoHandlerForQueryException",3,2,""
0.3333333333333333,"axon-messaging-5.0.0","org.axonframework.messaging.queryhandling.QueryPriorityCalculator",2,1,"axon-messaging-5.0.0","org.axonframework.messaging.queryhandling.annotation.Query",,2,""
0.3333333333333333,"axon-messaging-5.0.0","org.axonframework.messaging.queryhandling.QueryPriorityCalculator",2,1,"axon-messaging-5.0.0","org.axonframework.messaging.queryhandling.annotation.QueryHandler",1,2,""
0.3333333333333333,"axon-messaging-5.0.0","org.axonframework.messaging.queryhandling.annotation.Query",,2,"axon-messaging-5.0.0","org.axonframework.messaging.eventhandling.annotation.Event",,2,""
0.3333333333333333,"axon-messaging-5.0.0","org.axonframework.messaging.queryhandling.annotation.Query",,2,"axon-messaging-5.0.0","org.axonframework.messaging.queryhandling.annotation.QueryHandler",1,2,""
0.3333333333333333,"axon-messaging-5.0.0","org.axonframework.messaging.queryhandling.annotation.QueryHandler",1,2,"axon-messaging-5.0.0","org.axonframework.messaging.commandhandling.annotation.CommandHandler",1,2,""
0.3333333333333333,"axon-messaging-5.0.0","org.axonframework.messaging.queryhandling.annotation.QueryHandler",1,2,"axon-messaging-5.0.0","org.axonframework.messaging.eventhandling.annotation.EventHandler",3,2,""
0.3333333333333333,"axon-messaging-5.0.0","org.axonframework.messaging.queryhandling.annotation.QueryHandler",1,2,"axon-messaging-5.0.0","org.axonframework.messaging.eventhandling.replay.annotation.ResetHandler",,2,""
0.3333333333333333,"axon-messaging-5.0.0","org.axonframework.messaging.queryhandling.annotation.QueryResponse",,2,"axon-messaging-5.0.0","org.axonframework.messaging.eventhandling.annotation.Event",,2,""
0.3333333333333333,"axon-messaging-5.0.0","org.axonframework.messaging.queryhandling.annotation.QueryResponse",,2,"axon-messaging-5.0.0","org.axonframework.messaging.queryhandling.annotation.Query",,2,""
0.3333333333333333,"axon-messaging-5.0.0","org.axonframework.messaging.queryhandling.distributed.QueryBusConnector$Handler",8,5,"axon-messaging-5.0.0","org.axonframework.messaging.queryhandling.QueryHandler",13,5,""
0.3333333333333333,"axon-messaging-5.0.0","org.axonframework.messaging.queryhandling.interception.QueryMessageHandlerInterceptorChain",1,10,"axon-messaging-5.0.0","org.axonframework.messaging.eventhandling.interception.EventMessageHandlerInterceptorChain",1,10,""
0.3333333333333333,"axon-messaging-5.0.0","org.axonframework.messaging.queryhandling.interception.QueryMessageHandlerInterceptorChain$InterceptingHandler",1,8,"axon-messaging-5.0.0","org.axonframework.messaging.queryhandling.interception.InterceptingQueryBus$QueryInterceptingDispatcher",1,6,""
0.3333333333333333,"axon-messaging-5.0.0","org.axonframework.messaging.tracing.MultiSpanFactory$MultiSpan",1,2,"axon-tracing-opentelemetry-5.0.0","org.axonframework.extension.tracing.opentelemetry.OpenTelemetrySpan",1,2,""
0.3333333333333333,"axon-messaging-5.0.0","org.axonframework.messaging.tracing.MultiSpanFactory$MultiSpan",1,2,"axon-messaging-5.0.0","org.axonframework.messaging.tracing.NoOpSpanFactory$NoOpSpan",2,2,""
0.3333333333333333,"axon-messaging-5.0.0","org.axonframework.messaging.tracing.NoOpSpanFactory$NoOpSpan",2,2,"axon-messaging-5.0.0","org.axonframework.messaging.tracing.MultiSpanFactory$MultiSpan",1,2,""
0.3333333333333333,"axon-modelling-5.0.0","org.axonframework.modelling.EntityEvolvingComponent",2,2,"axon-messaging-5.0.0","org.axonframework.messaging.commandhandling.CommandHandlingComponent",8,2,""
0.3333333333333333,"axon-modelling-5.0.0","org.axonframework.modelling.EntityEvolvingComponent",2,2,"axon-messaging-5.0.0","org.axonframework.messaging.queryhandling.QueryHandlingComponent",5,2,""
0.3333333333333333,"axon-modelling-5.0.0","org.axonframework.modelling.HierarchicalStateManagerConfigurationEnhancer",,5,"axon-modelling-5.0.0","org.axonframework.modelling.annotation.InjectEntityParameterResolver",1,7,""
0.3333333333333333,"axon-modelling-5.0.0","org.axonframework.modelling.annotation.AnnotationBasedEntityIdResolverDefinition",,5,"axon-modelling-5.0.0","org.axonframework.modelling.annotation.InjectEntity",1,2,""
0.3333333333333333,"axon-modelling-5.0.0","org.axonframework.modelling.annotation.EntityIdResolverDefinition",4,3,"axon-common-5.0.0","org.axonframework.common.configuration.AxonConfiguration",14,1,""
0.3333333333333333,"axon-modelling-5.0.0","org.axonframework.modelling.annotation.EntityIdResolverDefinition",4,3,"axon-common-5.0.0","org.axonframework.common.configuration.ComponentBuilder",36,1,""
0.3333333333333333,"axon-modelling-5.0.0","org.axonframework.modelling.annotation.InjectEntity",1,2,"axon-modelling-5.0.0","org.axonframework.modelling.annotation.AnnotationBasedEntityIdResolverDefinition",,5,""
0.3333333333333333,"axon-modelling-5.0.0","org.axonframework.modelling.annotation.InjectEntityParameterResolver",1,7,"axon-modelling-5.0.0","org.axonframework.modelling.HierarchicalStateManagerConfigurationEnhancer",,5,""
0.3333333333333333,"axon-modelling-5.0.0","org.axonframework.modelling.configuration.EntityMetamodelConfigurationBuilder",4,3,"axon-common-5.0.0","org.axonframework.common.configuration.AxonConfiguration",14,1,""
0.3333333333333333,"axon-modelling-5.0.0","org.axonframework.modelling.configuration.EntityMetamodelConfigurationBuilder",4,3,"axon-common-5.0.0","org.axonframework.common.configuration.ComponentBuilder",36,1,""
0.3333333333333333,"axon-modelling-5.0.0","org.axonframework.modelling.configuration.EntityMetamodelConfigurationBuilder",4,3,"axon-common-5.0.0","org.axonframework.common.configuration.LifecycleHandler",4,1,""
0.3333333333333333,"axon-modelling-5.0.0","org.axonframework.modelling.configuration.StateBasedEntityModule$PersisterPhase",3,3,"axon-modelling-5.0.0","org.axonframework.modelling.configuration.StateBasedEntityModule$RepositoryPhase",2,5,""
0.3333333333333333,"axon-modelling-5.0.0","org.axonframework.modelling.configuration.StateBasedEntityModule$RepositoryPhase",2,5,"axon-modelling-5.0.0","org.axonframework.modelling.configuration.StateBasedEntityModule$PersisterPhase",3,3,""
0.3333333333333333,"axon-modelling-5.0.0","org.axonframework.modelling.entity.EntityMetamodel",24,11,"axon-modelling-5.0.0","org.axonframework.modelling.entity.child.EntityChildMetamodel",11,11,""
0.3333333333333333,"axon-modelling-5.0.0","org.axonframework.modelling.entity.annotation.CommandTargetResolverDefinition",3,2,"axon-modelling-5.0.0","org.axonframework.modelling.entity.annotation.AnnotatedEntityMetamodelFactory",2,2,""
0.3333333333333333,"axon-modelling-5.0.0","org.axonframework.modelling.entity.annotation.CommandTargetResolverDefinition",3,2,"axon-modelling-5.0.0","org.axonframework.modelling.entity.annotation.EventTargetMatcherDefinition",3,2,""
0.3333333333333333,"axon-modelling-5.0.0","org.axonframework.modelling.entity.annotation.EventTargetMatcherDefinition",3,2,"axon-modelling-5.0.0","org.axonframework.modelling.entity.annotation.AnnotatedEntityMetamodelFactory",2,2,""
0.3333333333333333,"axon-modelling-5.0.0","org.axonframework.modelling.entity.annotation.EventTargetMatcherDefinition",3,2,"axon-modelling-5.0.0","org.axonframework.modelling.entity.annotation.CommandTargetResolverDefinition",3,2,""
0.3333333333333333,"axon-modelling-5.0.0","org.axonframework.modelling.entity.annotation.RoutingKeyCommandTargetResolverDefinition",1,7,"axon-modelling-5.0.0","org.axonframework.modelling.entity.annotation.RoutingKeyEventTargetMatcherDefinition",1,7,""
0.3333333333333333,"axon-modelling-5.0.0","org.axonframework.modelling.entity.annotation.RoutingKeyEventTargetMatcherDefinition",1,7,"axon-modelling-5.0.0","org.axonframework.modelling.entity.annotation.RoutingKeyCommandTargetResolverDefinition",1,7,""
0.3333333333333333,"axon-modelling-5.0.0","org.axonframework.modelling.entity.child.EntityChildMetamodel",11,11,"axon-modelling-5.0.0","org.axonframework.modelling.entity.EntityMetamodel",24,11,""
0.3333333333333333,"axon-modelling-5.0.0","org.axonframework.modelling.repository.Repository",11,4,"axon-eventsourcing-5.0.0","org.axonframework.eventsourcing.eventstore.EventStorageEngine$AppendTransaction",12,2,""
0.3333333333333333,"axon-modelling-5.0.0","org.axonframework.modelling.repository.Repository",11,4,"axon-modelling-5.0.0","org.axonframework.modelling.repository.Repository$LifecycleManagement",5,3,""
0.3333333333333333,"axon-modelling-5.0.0","org.axonframework.modelling.repository.Repository",11,4,"axon-modelling-5.0.0","org.axonframework.modelling.repository.SimpleRepository$SimpleEntity",1,1,""
0.3333333333333333,"axon-modelling-5.0.0","org.axonframework.modelling.repository.Repository$LifecycleManagement",5,3,"axon-modelling-5.0.0","org.axonframework.modelling.repository.Repository",11,4,""
0.3333333333333333,"axon-modelling-5.0.0","org.axonframework.modelling.repository.Repository$LifecycleManagement",5,3,"axon-modelling-5.0.0","org.axonframework.modelling.repository.SimpleRepository$SimpleEntity",1,1,""
0.3333333333333333,"axon-modelling-5.0.0","org.axonframework.modelling.repository.SimpleRepository$SimpleEntity",1,1,"axon-modelling-5.0.0","org.axonframework.modelling.repository.Repository",11,4,""
0.3333333333333333,"axon-modelling-5.0.0","org.axonframework.modelling.repository.SimpleRepository$SimpleEntity",1,1,"axon-modelling-5.0.0","org.axonframework.modelling.repository.Repository$LifecycleManagement",5,3,""
0.3333333333333333,"axon-test-5.0.0","org.axonframework.test.fixture.AxonTestPhase$When$Command",4,3,"axon-test-5.0.0","org.axonframework.test.fixture.AxonTestPhase$When$Event",4,3,""
0.3333333333333333,"axon-test-5.0.0","org.axonframework.test.fixture.AxonTestPhase$When$Command",4,3,"axon-test-5.0.0","org.axonframework.test.fixture.AxonTestPhase$When$Nothing",4,3,""
0.3333333333333333,"axon-test-5.0.0","org.axonframework.test.fixture.AxonTestPhase$When$Event",4,3,"axon-test-5.0.0","org.axonframework.test.fixture.AxonTestPhase$When$Command",4,3,""
0.3333333333333333,"axon-test-5.0.0","org.axonframework.test.fixture.AxonTestPhase$When$Event",4,3,"axon-test-5.0.0","org.axonframework.test.fixture.AxonTestPhase$When$Nothing",4,3,""
0.3333333333333333,"axon-test-5.0.0","org.axonframework.test.fixture.AxonTestPhase$When$Nothing",4,3,"axon-test-5.0.0","org.axonframework.test.fixture.AxonTestPhase$When$Command",4,3,""
0.3333333333333333,"axon-test-5.0.0","org.axonframework.test.fixture.AxonTestPhase$When$Nothing",4,3,"axon-test-5.0.0","org.axonframework.test.fixture.AxonTestPhase$When$Event",4,3,""
0.3333333333333333,"axon-test-5.0.0","org.axonframework.test.matchers.AllFieldsFilter",2,1,"axon-test-5.0.0","org.axonframework.test.matchers.IgnoreField",1,2,""
0.3333333333333333,"axon-test-5.0.0","org.axonframework.test.matchers.IgnoreField",1,2,"axon-test-5.0.0","org.axonframework.test.FixtureResourceParameterResolverFactory$FailingParameterResolver",1,3,""
0.3333333333333333,"axon-test-5.0.0","org.axonframework.test.matchers.IgnoreField",1,2,"axon-test-5.0.0","org.axonframework.test.matchers.AllFieldsFilter",2,1,""
0.3333333333333333,"axon-test-5.0.0","org.axonframework.test.matchers.IgnoreField",1,2,"axon-test-5.0.0","org.axonframework.test.matchers.NonStaticFieldsFilter",,1,""
0.3333333333333333,"axon-test-5.0.0","org.axonframework.test.matchers.NonStaticFieldsFilter",,1,"axon-test-5.0.0","org.axonframework.test.matchers.IgnoreField",1,2,""
0.3333333333333333,"axon-test-5.0.0","org.axonframework.test.server.AxonServerContainerUtils",1,1,"axon-common-5.0.0","org.axonframework.common.AxonThreadFactory",4,1,""
0.3333333333333333,"axon-test-5.0.0","org.axonframework.test.util.CallbackBehavior",2,1,"axon-messaging-5.0.0","org.axonframework.messaging.core.Metadata$MetadataCollector",1,1,""
0.3333333333333333,"axon-update-5.0.0","org.axonframework.update.configuration.PropertyFileUsagePropertyProvider",1,3,"axon-update-5.0.0","org.axonframework.update.configuration.CommandLineUsagePropertyProvider",1,2,""
0.3333333333333333,"axon-update-5.0.0","org.axonframework.update.configuration.PropertyFileUsagePropertyProvider",1,3,"axon-update-5.0.0","org.axonframework.update.configuration.DefaultUsagePropertyProvider",2,2,""
0.32941176470588235,"axon-messaging-5.0.0","org.axonframework.messaging.core.annotation.MethodInvokingMessageHandlingMember",1,15,"axon-messaging-5.0.0","org.axonframework.messaging.core.interception.annotation.MessageHandlerInterceptorDefinition$ResultHandlingInterceptorMember",1,12,""
0.32941176470588235,"axon-messaging-5.0.0","org.axonframework.messaging.core.interception.annotation.MessageHandlerInterceptorDefinition$ResultHandlingInterceptorMember",1,12,"axon-messaging-5.0.0","org.axonframework.messaging.core.annotation.MethodInvokingMessageHandlingMember",1,15,""
0.32608695652173914,"axon-messaging-5.0.0","org.axonframework.messaging.commandhandling.distributed.DistributedCommandBus",2,13,"axon-test-5.0.0","org.axonframework.test.fixture.RecordingCommandBus",8,10,""
0.32558139534883723,"axon-messaging-5.0.0","org.axonframework.messaging.eventhandling.processing.streaming.segmenting.SequencingEventHandlingComponent",1,10,"axon-messaging-5.0.0","org.axonframework.messaging.eventhandling.tracing.TracingEventHandlingComponent",,9,""
0.32558139534883723,"axon-messaging-5.0.0","org.axonframework.messaging.eventhandling.tracing.TracingEventHandlingComponent",,9,"axon-messaging-5.0.0","org.axonframework.messaging.eventhandling.processing.streaming.segmenting.SequencingEventHandlingComponent",1,10,""
0.32558139534883723,"axon-messaging-5.0.0","org.axonframework.messaging.queryhandling.tracing.DefaultQueryBusSpanFactory",1,7,"axon-messaging-5.0.0","org.axonframework.messaging.queryhandling.tracing.QueryBusSpanFactory",1,3,""
0.32558139534883723,"axon-messaging-5.0.0","org.axonframework.messaging.queryhandling.tracing.QueryBusSpanFactory",1,3,"axon-messaging-5.0.0","org.axonframework.messaging.queryhandling.tracing.DefaultQueryBusSpanFactory",1,7,""
0.325,"axon-eventsourcing-5.0.0","org.axonframework.eventsourcing.eventstore.InterceptingEventStore",2,15,"axon-messaging-5.0.0","org.axonframework.messaging.eventhandling.SimpleEventBus",2,8,""
0.325,"axon-messaging-5.0.0","org.axonframework.messaging.eventhandling.SimpleEventBus",2,8,"axon-eventsourcing-5.0.0","org.axonframework.eventsourcing.eventstore.InterceptingEventStore",2,15,""
0.32432432432432434,"axon-messaging-5.0.0","org.axonframework.messaging.commandhandling.SimpleCommandHandlingComponent",2,16,"axon-test-5.0.0","org.axonframework.test.util.RecordingCommandBus",1,15,""
0.32432432432432434,"axon-test-5.0.0","org.axonframework.test.util.RecordingCommandBus",1,15,"axon-messaging-5.0.0","org.axonframework.messaging.commandhandling.SimpleCommandHandlingComponent",2,16,""
0.3235294117647059,"axon-messaging-5.0.0","org.axonframework.messaging.commandhandling.interception.CommandMessageHandlerInterceptorChain",1,11,"axon-messaging-5.0.0","org.axonframework.messaging.eventhandling.interception.EventMessageHandlerInterceptorChain",1,10,""
0.3235294117647059,"axon-messaging-5.0.0","org.axonframework.messaging.commandhandling.interception.CommandMessageHandlerInterceptorChain",1,11,"axon-messaging-5.0.0","org.axonframework.messaging.queryhandling.interception.QueryMessageHandlerInterceptorChain",1,10,""
0.3235294117647059,"axon-messaging-5.0.0","org.axonframework.messaging.commandhandling.interception.CommandMessageHandlerInterceptorChain$InterceptingHandler",1,9,"axon-messaging-5.0.0","org.axonframework.messaging.commandhandling.tracing.TracingCommandBus$TracingHandler",1,8,""
0.3235294117647059,"axon-messaging-5.0.0","org.axonframework.messaging.commandhandling.tracing.TracingCommandBus$TracingHandler",1,8,"axon-messaging-5.0.0","org.axonframework.messaging.commandhandling.interception.CommandMessageHandlerInterceptorChain$InterceptingHandler",1,9,""
0.3235294117647059,"axon-messaging-5.0.0","org.axonframework.messaging.eventhandling.interception.EventMessageHandlerInterceptorChain",1,10,"axon-messaging-5.0.0","org.axonframework.messaging.commandhandling.interception.CommandMessageHandlerInterceptorChain",1,11,""
0.3235294117647059,"axon-messaging-5.0.0","org.axonframework.messaging.eventhandling.processing.streaming.segmenting.SequenceCachingEventHandlingComponent",2,7,"axon-messaging-5.0.0","org.axonframework.messaging.eventhandling.processing.streaming.segmenting.SequencingEventHandlingComponent",1,10,""
0.3235294117647059,"axon-messaging-5.0.0","org.axonframework.messaging.queryhandling.interception.QueryMessageHandlerInterceptorChain",1,10,"axon-messaging-5.0.0","org.axonframework.messaging.commandhandling.interception.CommandMessageHandlerInterceptorChain",1,11,""
0.3225806451612903,"axon-messaging-5.0.0","org.axonframework.messaging.core.retry.AsyncRetryScheduler",1,12,"axon-messaging-5.0.0","org.axonframework.messaging.core.retry.FilteringRetryPolicy",,4,""
0.3225806451612903,"axon-messaging-5.0.0","org.axonframework.messaging.core.retry.AsyncRetryScheduler",1,12,"axon-messaging-5.0.0","org.axonframework.messaging.core.retry.MaxAttemptsPolicy",,4,""
0.3225806451612903,"axon-messaging-5.0.0","org.axonframework.messaging.core.retry.FilteringRetryPolicy",,4,"axon-messaging-5.0.0","org.axonframework.messaging.core.retry.AsyncRetryScheduler",1,12,""
0.3225806451612903,"axon-messaging-5.0.0","org.axonframework.messaging.core.retry.MaxAttemptsPolicy",,4,"axon-messaging-5.0.0","org.axonframework.messaging.core.retry.AsyncRetryScheduler",1,12,""
0.3225806451612903,"axon-messaging-5.0.0","org.axonframework.messaging.eventstreaming.OrEventCriteria",4,5,"axon-messaging-5.0.0","org.axonframework.messaging.eventstreaming.TagFilteredEventCriteria",2,8,""
0.32222222222222224,"axon-messaging-5.0.0","org.axonframework.messaging.commandhandling.SimpleCommandBus",1,17,"axon-messaging-5.0.0","org.axonframework.messaging.commandhandling.SimpleCommandHandlingComponent",2,16,""
0.32222222222222224,"axon-messaging-5.0.0","org.axonframework.messaging.commandhandling.SimpleCommandHandlingComponent",2,16,"axon-messaging-5.0.0","org.axonframework.messaging.commandhandling.SimpleCommandBus",1,17,""
0.32142857142857145,"axon-messaging-5.0.0","org.axonframework.messaging.commandhandling.interception.InterceptingCommandBus$InterceptingDispatcher",1,8,"axon-messaging-5.0.0","org.axonframework.messaging.queryhandling.interception.InterceptingQueryBus$QueryInterceptingDispatcher",1,6,""
0.32142857142857145,"axon-messaging-5.0.0","org.axonframework.messaging.core.Message",214,6,"axon-messaging-5.0.0","org.axonframework.messaging.commandhandling.CommandMessage",70,3,""
0.32142857142857145,"axon-messaging-5.0.0","org.axonframework.messaging.core.Message",214,6,"axon-messaging-5.0.0","org.axonframework.messaging.eventhandling.EventMessage",136,3,""
0.32142857142857145,"axon-messaging-5.0.0","org.axonframework.messaging.core.Message",214,6,"axon-messaging-5.0.0","org.axonframework.messaging.queryhandling.QueryMessage",46,3,""
0.32142857142857145,"axon-messaging-5.0.0","org.axonframework.messaging.core.annotation.MultiParameterResolverFactory",2,3,"axon-messaging-5.0.0","org.axonframework.messaging.core.configuration.reflection.ParameterResolverFactoryUtils",7,5,""
0.32142857142857145,"axon-messaging-5.0.0","org.axonframework.messaging.queryhandling.distributed.PayloadConvertingQueryBusConnector$1",2,8,"axon-messaging-5.0.0","org.axonframework.messaging.queryhandling.distributed.QueryBusConnector",6,8,""
0.32142857142857145,"axon-messaging-5.0.0","org.axonframework.messaging.queryhandling.distributed.QueryBusConnector",6,8,"axon-messaging-5.0.0","org.axonframework.messaging.queryhandling.distributed.PayloadConvertingQueryBusConnector$1",2,8,""
0.32142857142857145,"axon-messaging-5.0.0","org.axonframework.messaging.queryhandling.interception.InterceptingQueryBus$SubscribeToUpdatesInterceptingDispatcher",1,7,"axon-messaging-5.0.0","org.axonframework.messaging.queryhandling.QueryBus",15,7,""
0.32,"axon-eventsourcing-5.0.0","org.axonframework.eventsourcing.eventstore.ContinuousMessageStream",1,5,"axon-messaging-5.0.0","org.axonframework.messaging.core.QueueMessageStream",1,5,""
0.32,"axon-messaging-5.0.0","org.axonframework.messaging.core.DefaultMessageDispatchInterceptorChain",7,8,"axon-messaging-5.0.0","org.axonframework.messaging.core.DelegatingMessageStream",6,2,""
0.32,"axon-messaging-5.0.0","org.axonframework.messaging.core.SimpleEntry",10,5,"axon-messaging-5.0.0","org.axonframework.messaging.core.SimpleContext",1,2,""
0.32,"axon-messaging-5.0.0","org.axonframework.messaging.core.SimpleEntry",10,5,"axon-messaging-5.0.0","org.axonframework.messaging.eventhandling.processing.streaming.token.TrackingToken",56,4,""
0.32,"axon-messaging-5.0.0","org.axonframework.messaging.eventhandling.gateway.DefaultEventGateway",1,6,"axon-messaging-5.0.0","org.axonframework.messaging.eventhandling.gateway.EventAppender",3,6,""
0.32,"axon-messaging-5.0.0","org.axonframework.messaging.eventhandling.gateway.EventAppender",3,6,"axon-messaging-5.0.0","org.axonframework.messaging.eventhandling.gateway.DefaultEventGateway",1,6,""
0.32,"axon-messaging-5.0.0","org.axonframework.messaging.eventstreaming.TagAndTypeFilteredEventCriteria",2,6,"axon-messaging-5.0.0","org.axonframework.messaging.eventstreaming.AnyEvent",4,6,""
0.3173076923076923,"axon-messaging-5.0.0","org.axonframework.messaging.queryhandling.SimpleQueryUpdateEmitter",1,12,"axon-messaging-5.0.0","org.axonframework.messaging.queryhandling.interception.InterceptingQueryBus",1,18,""
0.3173076923076923,"axon-messaging-5.0.0","org.axonframework.messaging.queryhandling.interception.InterceptingQueryBus",1,18,"axon-messaging-5.0.0","org.axonframework.messaging.queryhandling.SimpleQueryUpdateEmitter",1,12,""
0.3170731707317073,"axon-messaging-5.0.0","org.axonframework.messaging.commandhandling.annotation.AnnotatedCommandHandlingComponent",1,22,"axon-modelling-5.0.0","org.axonframework.modelling.annotation.AnnotationBasedEntityEvolvingComponent",1,17,""
0.3170731707317073,"axon-modelling-5.0.0","org.axonframework.modelling.annotation.AnnotationBasedEntityEvolvingComponent",1,17,"axon-messaging-5.0.0","org.axonframework.messaging.commandhandling.annotation.AnnotatedCommandHandlingComponent",1,22,""
0.31645569620253167,"axon-common-5.0.0","org.axonframework.common.configuration.Components",2,6,"axon-common-5.0.0","org.axonframework.common.configuration.DefaultComponentRegistry$LocalConfiguration",1,9,""
0.31645569620253167,"axon-common-5.0.0","org.axonframework.common.configuration.DefaultComponentRegistry$LocalConfiguration",1,9,"axon-common-5.0.0","org.axonframework.common.configuration.Components",2,6,""
0.3157894736842105,"axon-server-connector-5.0.0","org.axonframework.axonserver.connector.event.AxonServerEventStorageEngine",2,19,"axon-eventsourcing-5.0.0","org.axonframework.eventsourcing.eventstore.inmemory.InMemoryEventStorageEngine",5,22,""
0.3157894736842105,"axon-eventsourcing-5.0.0","org.axonframework.eventsourcing.eventstore.InterceptingEventStore$InterceptingEventStoreTransaction",1,8,"axon-eventsourcing-5.0.0","org.axonframework.eventsourcing.eventstore.EventStoreTransaction",8,4,""
0.3157894736842105,"axon-eventsourcing-5.0.0","org.axonframework.eventsourcing.eventstore.inmemory.InMemoryEventStorageEngine",5,22,"axon-server-connector-5.0.0","org.axonframework.axonserver.connector.event.AxonServerEventStorageEngine",2,19,""
0.3157894736842105,"axon-metrics-micrometer-5.0.0","org.axonframework.extension.metrics.micrometer.EventProcessorLatencyMonitor$Builder",2,3,"axon-tracing-opentelemetry-5.0.0","org.axonframework.extension.tracing.opentelemetry.OpenTelemetrySpanFactory$Builder",1,6,""
0.3157894736842105,"axon-tracing-opentelemetry-5.0.0","org.axonframework.extension.tracing.opentelemetry.OpenTelemetrySpanFactory$Builder",1,6,"axon-metrics-micrometer-5.0.0","org.axonframework.extension.metrics.micrometer.EventProcessorLatencyMonitor$Builder",2,3,""
0.3157894736842105,"axon-messaging-5.0.0","org.axonframework.messaging.core.timeout.TimeoutWrappedMessageHandlingMember",1,6,"axon-messaging-5.0.0","org.axonframework.messaging.eventhandling.replay.annotation.ReplayAwareMessageHandlerWrapper$ReplayBlockingMessageHandlingMember",1,6,""
0.3157894736842105,"axon-messaging-5.0.0","org.axonframework.messaging.eventhandling.replay.annotation.ReplayAwareMessageHandlerWrapper$ReplayBlockingMessageHandlingMember",1,6,"axon-messaging-5.0.0","org.axonframework.messaging.core.timeout.TimeoutWrappedMessageHandlingMember",1,6,""
0.3157894736842105,"axon-messaging-5.0.0","org.axonframework.messaging.tracing.TracingHandlerEnhancerDefinition$1",1,7,"axon-messaging-5.0.0","org.axonframework.messaging.eventhandling.replay.annotation.ReplayAwareMessageHandlerWrapper$ReplayBlockingMessageHandlingMember",1,6,""
0.3157894736842105,"axon-test-5.0.0","org.axonframework.test.fixture.RecordingEventBus",1,8,"axon-messaging-5.0.0","org.axonframework.messaging.eventhandling.EventSubscribers",1,6,""
0.3125,"axon-common-5.0.0","org.axonframework.common.caching.EhCacheAdapter",1,5,"axon-common-5.0.0","org.axonframework.common.caching.AbstractCacheAdapter",2,3,""
0.3125,"axon-eventsourcing-5.0.0","org.axonframework.eventsourcing.EventSourcingRepository$EventSourcedEntity",1,5,"axon-modelling-5.0.0","org.axonframework.modelling.repository.Repository",11,4,""
0.3125,"axon-messaging-5.0.0","org.axonframework.messaging.commandhandling.CommandHandler",22,5,"axon-messaging-5.0.0","org.axonframework.messaging.commandhandling.interception.InterceptingCommandBus$InterceptingHandler",1,8,""
0.3125,"axon-messaging-5.0.0","org.axonframework.messaging.commandhandling.interception.InterceptingCommandBus$InterceptingHandler",1,8,"axon-messaging-5.0.0","org.axonframework.messaging.commandhandling.interception.CommandMessageHandlerInterceptorChain$InterceptingHandler",1,9,""
0.3125,"axon-messaging-5.0.0","org.axonframework.messaging.commandhandling.interception.InterceptingCommandBus$InterceptingHandler",1,8,"axon-modelling-5.0.0","org.axonframework.modelling.entity.EntityCommandHandler",5,5,""
0.3125,"axon-messaging-5.0.0","org.axonframework.messaging.core.unitofwork.LegacyMessageSupportingContext",1,7,"axon-messaging-5.0.0","org.axonframework.messaging.core.unitofwork.ProcessingContext",229,5,""
0.3125,"axon-messaging-5.0.0","org.axonframework.messaging.eventhandling.replay.annotation.ReplayParameterResolverFactory$ReplayParameterResolver",1,7,"axon-messaging-5.0.0","org.axonframework.messaging.core.annotation.MessageIdentifierParameterResolverFactory$MessageIdentifierParameterResolver",1,3,""
0.3125,"axon-messaging-5.0.0","org.axonframework.messaging.queryhandling.distributed.QueryBusConnector$Handler",8,5,"axon-messaging-5.0.0","org.axonframework.messaging.queryhandling.distributed.QueryBusConnector",6,8,""
0.3125,"axon-modelling-5.0.0","org.axonframework.modelling.entity.EntityCommandHandler",5,5,"axon-messaging-5.0.0","org.axonframework.messaging.commandhandling.interception.InterceptingCommandBus$InterceptingHandler",1,8,""
0.3125,"axon-test-5.0.0","org.axonframework.test.fixture.RecordingEventStore",1,12,"axon-messaging-5.0.0","org.axonframework.messaging.eventhandling.EventSubscribers",1,6,""
0.3125,"axon-update-5.0.0","org.axonframework.update.LoggingUpdateCheckerReporter",1,7,"axon-update-5.0.0","org.axonframework.update.api.UpdateCheckResponse",4,4,""
0.3125,"axon-update-5.0.0","org.axonframework.update.api.UpdateCheckResponse",4,4,"axon-update-5.0.0","org.axonframework.update.LoggingUpdateCheckerReporter",1,7,""
0.3114754098360656,"axon-messaging-5.0.0","org.axonframework.messaging.eventhandling.SimpleEventHandlingComponent",1,15,"axon-messaging-5.0.0","org.axonframework.messaging.eventhandling.interception.EventMessageHandlerInterceptorChain$InterceptingHandler",1,8,""
0.3108108108108108,"axon-messaging-5.0.0","org.axonframework.messaging.core.unitofwork.ProcessingLifecycle",9,5,"axon-modelling-5.0.0","org.axonframework.modelling.repository.AccessSerializingRepository",,9,""
0.3108108108108108,"axon-modelling-5.0.0","org.axonframework.modelling.repository.AccessSerializingRepository",,9,"axon-messaging-5.0.0","org.axonframework.messaging.core.unitofwork.ProcessingLifecycle",9,5,""
0.3106796116504854,"axon-messaging-5.0.0","org.axonframework.messaging.eventhandling.annotation.AnnotatedEventHandlingComponent",1,23,"axon-messaging-5.0.0","org.axonframework.messaging.eventhandling.SimpleEventHandlingComponent",1,15,""
0.3103448275862069,"axon-messaging-5.0.0","org.axonframework.messaging.eventhandling.processing.streaming.token.store.TokenStore",17,3,"axon-messaging-5.0.0","org.axonframework.messaging.queryhandling.gateway.QueryGateway",2,3,""
0.3103448275862069,"axon-messaging-5.0.0","org.axonframework.messaging.queryhandling.gateway.QueryGateway",2,3,"axon-messaging-5.0.0","org.axonframework.messaging.eventhandling.processing.streaming.token.store.TokenStore",17,3,""
0.3103448275862069,"axon-messaging-5.0.0","org.axonframework.messaging.queryhandling.interception.InterceptingQueryBus$InterceptingHandler",1,7,"axon-messaging-5.0.0","org.axonframework.messaging.queryhandling.interception.QueryMessageHandlerInterceptorChain$InterceptingHandler",1,8,""
0.3103448275862069,"axon-modelling-5.0.0","org.axonframework.modelling.entity.annotation.ListEntityChildModelDefinition",,11,"axon-modelling-5.0.0","org.axonframework.modelling.entity.annotation.SingleEntityChildModelDefinition",,10,""
0.3103448275862069,"axon-modelling-5.0.0","org.axonframework.modelling.entity.annotation.SingleEntityChildModelDefinition",,10,"axon-modelling-5.0.0","org.axonframework.modelling.entity.annotation.ListEntityChildModelDefinition",,11,""
0.30927835051546393,"axon-messaging-5.0.0","org.axonframework.messaging.commandhandling.annotation.AnnotatedCommandHandlingComponent",1,22,"axon-messaging-5.0.0","org.axonframework.messaging.queryhandling.annotation.AnnotatedQueryHandlingComponent",1,21,""
0.30927835051546393,"axon-messaging-5.0.0","org.axonframework.messaging.queryhandling.annotation.AnnotatedQueryHandlingComponent",1,21,"axon-messaging-5.0.0","org.axonframework.messaging.commandhandling.annotation.AnnotatedCommandHandlingComponent",1,22,""
0.3076923076923077,"axon-eventsourcing-5.0.0","org.axonframework.eventsourcing.EventSourcingRepository$EventSourcedEntity",1,5,"axon-modelling-5.0.0","org.axonframework.modelling.entity.child.EventTargetMatcher",12,2,""
0.3076923076923077,"axon-eventsourcing-5.0.0","org.axonframework.eventsourcing.EventSourcingRepository$EventSourcedEntity",1,5,"axon-modelling-5.0.0","org.axonframework.modelling.repository.SimpleRepository$SimpleEntity",1,1,""
0.3076923076923077,"axon-eventsourcing-5.0.0","org.axonframework.eventsourcing.eventstore.ContinuousMessageStream",1,5,"axon-messaging-5.0.0","org.axonframework.messaging.eventhandling.processing.streaming.pooled.WorkPackage$DefaultProcessingEntry",1,4,""
0.3076923076923077,"axon-metrics-micrometer-5.0.0","org.axonframework.extension.metrics.micrometer.MessageTimerMonitor$Builder",2,3,"axon-messaging-5.0.0","org.axonframework.messaging.eventhandling.processing.streaming.token.store.jpa.JpaTokenStoreConfiguration",2,1,""
0.3076923076923077,"axon-tracing-opentelemetry-5.0.0","org.axonframework.extension.tracing.opentelemetry.OpenTelemetrySpanFactory$Builder",1,6,"axon-messaging-5.0.0","org.axonframework.messaging.eventhandling.processing.streaming.token.store.jpa.JpaTokenStoreConfiguration",2,1,""
0.3076923076923077,"axon-messaging-5.0.0","org.axonframework.messaging.commandhandling.gateway.CommandDispatcher",3,7,"axon-messaging-5.0.0","org.axonframework.messaging.commandhandling.gateway.ContextAwareCommandDispatcher",1,7,""
0.3076923076923077,"axon-messaging-5.0.0","org.axonframework.messaging.commandhandling.gateway.ContextAwareCommandDispatcher",1,7,"axon-messaging-5.0.0","org.axonframework.messaging.commandhandling.gateway.CommandDispatcher",3,7,""
0.3076923076923077,"axon-messaging-5.0.0","org.axonframework.messaging.eventhandling.processing.streaming.StreamingEventProcessor",4,4,"axon-messaging-5.0.0","org.axonframework.messaging.eventhandling.processing.streaming.token.FirstTrackingToken",1,1,""
0.3076923076923077,"axon-messaging-5.0.0","org.axonframework.messaging.eventhandling.processing.streaming.StreamingEventProcessor",4,4,"axon-messaging-5.0.0","org.axonframework.messaging.eventhandling.processing.streaming.token.LatestTrackingToken",1,1,""
0.3076923076923077,"axon-messaging-5.0.0","org.axonframework.messaging.eventhandling.processing.streaming.StreamingEventProcessor",4,4,"axon-messaging-5.0.0","org.axonframework.messaging.eventhandling.processing.streaming.token.store.ConfigToken",2,1,""
0.3076923076923077,"axon-messaging-5.0.0","org.axonframework.messaging.eventhandling.processing.streaming.pooled.PooledStreamingEventProcessorsConfigurer",1,16,"axon-messaging-5.0.0","org.axonframework.messaging.eventhandling.processing.subscribing.SubscribingEventProcessorsConfigurer",1,14,""
0.3076923076923077,"axon-messaging-5.0.0","org.axonframework.messaging.eventhandling.processing.streaming.pooled.WorkPackage$DefaultProcessingEntry",1,4,"axon-server-connector-5.0.0","org.axonframework.axonserver.connector.event.StreamingEventMessageStream",1,10,""
0.3076923076923077,"axon-messaging-5.0.0","org.axonframework.messaging.eventhandling.processing.streaming.pooled.WorkPackage$DefaultProcessingEntry",1,4,"axon-eventsourcing-5.0.0","org.axonframework.eventsourcing.eventstore.ContinuousMessageStream",1,5,""
0.3076923076923077,"axon-messaging-5.0.0","org.axonframework.messaging.eventhandling.processing.subscribing.SubscribingEventProcessorsConfigurer",1,14,"axon-messaging-5.0.0","org.axonframework.messaging.eventhandling.processing.streaming.pooled.PooledStreamingEventProcessorsConfigurer",1,16,""
0.3076923076923077,"axon-messaging-5.0.0","org.axonframework.messaging.queryhandling.gateway.QueryGateway",2,3,"axon-messaging-5.0.0","org.axonframework.messaging.queryhandling.QueryBus",15,7,""
0.3076923076923077,"axon-modelling-5.0.0","org.axonframework.modelling.entity.EntityCommandHandlingComponent",2,17,"axon-modelling-5.0.0","org.axonframework.modelling.entity.child.AbstractEntityChildMetamodel",2,15,""
0.3076923076923077,"axon-modelling-5.0.0","org.axonframework.modelling.entity.annotation.SingleEntityChildModelDefinition",,10,"axon-modelling-5.0.0","org.axonframework.modelling.entity.child.SingleEntityChildMetamodel",3,6,""
0.3076923076923077,"axon-modelling-5.0.0","org.axonframework.modelling.entity.child.AbstractEntityChildMetamodel",2,15,"axon-modelling-5.0.0","org.axonframework.modelling.entity.EntityCommandHandlingComponent",2,17,""
0.3076923076923077,"axon-modelling-5.0.0","org.axonframework.modelling.entity.child.SingleEntityChildMetamodel",3,6,"axon-modelling-5.0.0","org.axonframework.modelling.entity.annotation.SingleEntityChildModelDefinition",,10,""
0.3076923076923077,"axon-modelling-5.0.0","org.axonframework.modelling.repository.SimpleRepository$SimpleEntity",1,1,"axon-eventsourcing-5.0.0","org.axonframework.eventsourcing.EventSourcingRepository$EventSourcedEntity",1,5,""
0.30612244897959184,"axon-messaging-5.0.0","org.axonframework.messaging.eventhandling.annotation.MethodSequencingPolicyEventHandlerDefinition$SequencingPolicyEventMessageHandlingMember",2,6,"axon-messaging-5.0.0","org.axonframework.messaging.queryhandling.annotation.MethodQueryHandlerDefinition$MethodQueryHandlingMember",1,10,""
0.30612244897959184,"axon-messaging-5.0.0","org.axonframework.messaging.queryhandling.annotation.MethodQueryHandlerDefinition$MethodQueryHandlingMember",1,10,"axon-messaging-5.0.0","org.axonframework.messaging.eventhandling.annotation.MethodSequencingPolicyEventHandlerDefinition$SequencingPolicyEventMessageHandlingMember",2,6,""
0.3055555555555556,"axon-server-connector-5.0.0","org.axonframework.axonserver.connector.event.EventProcessorControlService$AxonProcessorInstructionHandler",1,3,"axon-server-connector-5.0.0","org.axonframework.axonserver.connector.event.EventProcessorInfoUtils",1,7,""
0.3055555555555556,"axon-server-connector-5.0.0","org.axonframework.axonserver.connector.event.EventProcessorInfoUtils",1,7,"axon-server-connector-5.0.0","org.axonframework.axonserver.connector.event.EventProcessorControlService$AxonProcessorInstructionHandler",1,3,""
0.30522088353413657,"axon-messaging-5.0.0","org.axonframework.messaging.core.interception.DefaultDispatchInterceptorRegistry",7,25,"axon-messaging-5.0.0","org.axonframework.messaging.core.interception.DefaultHandlerInterceptorRegistry",6,23,""
0.30522088353413657,"axon-messaging-5.0.0","org.axonframework.messaging.core.interception.DefaultHandlerInterceptorRegistry",6,23,"axon-messaging-5.0.0","org.axonframework.messaging.core.interception.DefaultDispatchInterceptorRegistry",7,25,""
0.30434782608695654,"axon-messaging-5.0.0","org.axonframework.messaging.core.timeout.TimeoutWrappedMessageHandlingMember",1,6,"axon-messaging-5.0.0","org.axonframework.messaging.tracing.TracingHandlerEnhancerDefinition$1",1,7,""
0.30434782608695654,"axon-messaging-5.0.0","org.axonframework.messaging.queryhandling.distributed.PayloadConvertingQueryBusConnector$1",2,8,"axon-messaging-5.0.0","org.axonframework.messaging.queryhandling.distributed.QueryBusConnector$Handler",8,5,""
0.30434782608695654,"axon-messaging-5.0.0","org.axonframework.messaging.queryhandling.distributed.QueryBusConnector$Handler",8,5,"axon-messaging-5.0.0","org.axonframework.messaging.queryhandling.distributed.PayloadConvertingQueryBusConnector$1",2,8,""
0.30434782608695654,"axon-messaging-5.0.0","org.axonframework.messaging.tracing.TracingHandlerEnhancerDefinition$1",1,7,"axon-messaging-5.0.0","org.axonframework.messaging.core.timeout.TimeoutWrappedMessageHandlingMember",1,6,""
0.30357142857142855,"axon-messaging-5.0.0","org.axonframework.messaging.core.timeout.UnitOfWorkTimeoutInterceptorBuilder",1,14,"axon-messaging-5.0.0","org.axonframework.messaging.monitoring.interception.MonitoringCommandHandlerInterceptor",1,10,""
0.30357142857142855,"axon-messaging-5.0.0","org.axonframework.messaging.core.timeout.UnitOfWorkTimeoutInterceptorBuilder",1,14,"axon-messaging-5.0.0","org.axonframework.messaging.monitoring.interception.MonitoringEventHandlerInterceptor",1,10,""
0.30357142857142855,"axon-messaging-5.0.0","org.axonframework.messaging.core.timeout.UnitOfWorkTimeoutInterceptorBuilder",1,14,"axon-messaging-5.0.0","org.axonframework.messaging.monitoring.interception.MonitoringQueryHandlerInterceptor",1,10,""
0.30303030303030304,"axon-server-connector-5.0.0","org.axonframework.axonserver.connector.event.EventProcessorInfoUtils",1,7,"axon-messaging-5.0.0","org.axonframework.messaging.eventhandling.processing.streaming.segmenting.WrappedTrackerStatus",2,3,""
0.30303030303030304,"axon-messaging-5.0.0","org.axonframework.messaging.commandhandling.distributed.DelegatingCommandBusConnector",1,7,"axon-messaging-5.0.0","org.axonframework.messaging.commandhandling.distributed.PayloadConvertingCommandBusConnector",2,10,""
0.30303030303030304,"axon-messaging-5.0.0","org.axonframework.messaging.commandhandling.distributed.PayloadConvertingCommandBusConnector",2,10,"axon-messaging-5.0.0","org.axonframework.messaging.commandhandling.distributed.DelegatingCommandBusConnector",1,7,""
0.30303030303030304,"axon-messaging-5.0.0","org.axonframework.messaging.eventhandling.processing.streaming.segmenting.WrappedTrackerStatus",2,3,"axon-server-connector-5.0.0","org.axonframework.axonserver.connector.event.EventProcessorInfoUtils",1,7,""
0.30303030303030304,"axon-messaging-5.0.0","org.axonframework.messaging.queryhandling.distributed.PayloadConvertingQueryBusConnector",3,11,"axon-messaging-5.0.0","org.axonframework.messaging.queryhandling.distributed.QueryBusConnector",6,8,""
0.3026315789473684,"axon-test-5.0.0","org.axonframework.test.fixture.AxonTestThenCommand",1,13,"axon-test-5.0.0","org.axonframework.test.fixture.AxonTestThenEvent",1,11,""
0.3026315789473684,"axon-test-5.0.0","org.axonframework.test.fixture.AxonTestThenEvent",1,11,"axon-test-5.0.0","org.axonframework.test.fixture.AxonTestThenCommand",1,13,""
0.3023255813953488,"axon-messaging-5.0.0","org.axonframework.messaging.eventhandling.InterceptingEventSink",1,11,"axon-messaging-5.0.0","org.axonframework.messaging.eventhandling.processing.streaming.segmenting.SequencingEventHandlingComponent",1,10,""
0.3018867924528302,"axon-modelling-5.0.0","org.axonframework.modelling.entity.EntityCommandHandlingComponent",2,17,"axon-modelling-5.0.0","org.axonframework.modelling.entity.PolymorphicEntityMetamodel",3,18,""
0.3018867924528302,"axon-modelling-5.0.0","org.axonframework.modelling.entity.PolymorphicEntityMetamodel",3,18,"axon-modelling-5.0.0","org.axonframework.modelling.entity.EntityCommandHandlingComponent",2,17,""
0.3,"axon-eventsourcing-5.0.0","org.axonframework.eventsourcing.eventstore.InterceptingEventStore$InterceptingEventStoreTransaction",1,8,"axon-eventsourcing-5.0.0","org.axonframework.eventsourcing.eventstore.InterceptingEventStore$InterceptingAppender",2,7,""
0.3,"axon-metrics-micrometer-5.0.0","org.axonframework.extension.metrics.micrometer.MessageTimerMonitor$Builder",2,3,"axon-tracing-opentelemetry-5.0.0","org.axonframework.extension.tracing.opentelemetry.OpenTelemetrySpanFactory$Builder",1,6,""
0.3,"axon-tracing-opentelemetry-5.0.0","org.axonframework.extension.tracing.opentelemetry.OpenTelemetrySpanFactory$Builder",1,6,"axon-metrics-micrometer-5.0.0","org.axonframework.extension.metrics.micrometer.MessageTimerMonitor$Builder",2,3,""
0.3,"axon-messaging-5.0.0","org.axonframework.messaging.commandhandling.annotation.CommandDispatcherParameterResolverFactory$1",1,4,"axon-messaging-5.0.0","org.axonframework.messaging.core.unitofwork.annotation.ProcessingContextParameterResolverFactory$ProcessingContextParameterResolver",1,2,""
0.3,"axon-messaging-5.0.0","org.axonframework.messaging.commandhandling.annotation.CommandDispatcherParameterResolverFactory$1",1,4,"axon-test-5.0.0","org.axonframework.test.FixtureResourceParameterResolverFactory$FailingParameterResolver",1,3,""
0.3,"axon-messaging-5.0.0","org.axonframework.messaging.commandhandling.gateway.ConvertingCommandGateway$ConvertingCommandResult",1,3,"axon-tracing-opentelemetry-5.0.0","org.axonframework.extension.tracing.opentelemetry.MetadataContextGetter",1,2,""
0.3,"axon-messaging-5.0.0","org.axonframework.messaging.core.ConversionCache",1,3,"axon-messaging-5.0.0","org.axonframework.messaging.core.ConversionCache$Target",1,1,""
0.3,"axon-messaging-5.0.0","org.axonframework.messaging.core.ConversionCache$Target",1,1,"axon-messaging-5.0.0","org.axonframework.messaging.core.ConversionCache",1,3,""
0.3,"axon-messaging-5.0.0","org.axonframework.messaging.core.QualifiedName",68,3,"axon-messaging-5.0.0","org.axonframework.messaging.core.annotation.AbstractAnnotatedParameterResolverFactory",5,5,""
0.3,"axon-messaging-5.0.0","org.axonframework.messaging.core.annotation.AbstractAnnotatedParameterResolverFactory",5,5,"axon-messaging-5.0.0","org.axonframework.messaging.core.QualifiedName",68,3,""
0.3,"axon-messaging-5.0.0","org.axonframework.messaging.core.interception.annotation.ResultParameterResolverFactory",2,8,"axon-messaging-5.0.0","org.axonframework.messaging.core.annotation.SourceIdParameterResolverFactory$SourceIdParameterResolver",1,4,""
0.3,"axon-messaging-5.0.0","org.axonframework.messaging.core.interception.annotation.ResultParameterResolverFactory",2,8,"axon-messaging-5.0.0","org.axonframework.messaging.eventhandling.annotation.SequenceNumberParameterResolverFactory$SequenceNumberParameterResolver",1,4,""
0.3,"axon-messaging-5.0.0","org.axonframework.messaging.eventhandling.annotation.AnnotatedEventHandlingComponent",1,23,"axon-messaging-5.0.0","org.axonframework.messaging.eventhandling.processing.streaming.segmenting.SequenceOverridingEventHandlingComponent",,10,""
0.3,"axon-messaging-5.0.0","org.axonframework.messaging.eventhandling.annotation.EventAppenderParameterResolverFactory$1",1,4,"axon-messaging-5.0.0","org.axonframework.messaging.core.unitofwork.annotation.ProcessingContextParameterResolverFactory$ProcessingContextParameterResolver",1,2,""
0.3,"axon-messaging-5.0.0","org.axonframework.messaging.eventhandling.annotation.EventAppenderParameterResolverFactory$1",1,4,"axon-test-5.0.0","org.axonframework.test.FixtureResourceParameterResolverFactory$FailingParameterResolver",1,3,""
0.3,"axon-messaging-5.0.0","org.axonframework.messaging.eventhandling.annotation.MethodSequencingPolicyEventHandlerDefinition$SequencingPolicyEventMessageHandlingMember",2,6,"axon-messaging-5.0.0","org.axonframework.messaging.core.annotation.HandlerComparator",1,1,""
0.3,"axon-messaging-5.0.0","org.axonframework.messaging.eventhandling.processing.streaming.pooled.PooledStreamingEventProcessorConfiguration",5,27,"axon-messaging-5.0.0","org.axonframework.messaging.eventhandling.processing.subscribing.SubscribingEventProcessorConfiguration",5,13,""
0.3,"axon-messaging-5.0.0","org.axonframework.messaging.eventhandling.processing.streaming.token.store.jdbc.TokenSchema$Builder",1,1,"axon-messaging-5.0.0","org.axonframework.messaging.eventhandling.processing.streaming.token.store.jdbc.JdbcTokenStoreConfiguration",1,2,""
0.3,"axon-messaging-5.0.0","org.axonframework.messaging.eventhandling.processing.subscribing.SubscribingEventProcessorConfiguration",5,13,"axon-messaging-5.0.0","org.axonframework.messaging.eventhandling.processing.streaming.pooled.PooledStreamingEventProcessorConfiguration",5,27,""
0.3,"axon-messaging-5.0.0","org.axonframework.messaging.monitoring.MultiMessageMonitor$1",1,2,"axon-messaging-5.0.0","org.axonframework.messaging.monitoring.MessageMonitor",26,2,""
0.3,"axon-messaging-5.0.0","org.axonframework.messaging.queryhandling.QueryUpdateEmitterParameterResolverFactory$1",1,4,"axon-messaging-5.0.0","org.axonframework.messaging.core.unitofwork.annotation.ProcessingContextParameterResolverFactory$ProcessingContextParameterResolver",1,2,""
0.3,"axon-messaging-5.0.0","org.axonframework.messaging.queryhandling.QueryUpdateEmitterParameterResolverFactory$1",1,4,"axon-test-5.0.0","org.axonframework.test.FixtureResourceParameterResolverFactory$FailingParameterResolver",1,3,""
0.3,"axon-messaging-5.0.0","org.axonframework.messaging.tracing.NoOpSpanFactory",1,5,"axon-metrics-micrometer-5.0.0","org.axonframework.extension.metrics.micrometer.TagsUtil",1,2,""
0.3,"axon-messaging-5.0.0","org.axonframework.messaging.tracing.TracingHandlerEnhancerDefinition$Builder",1,3,"axon-messaging-5.0.0","org.axonframework.messaging.commandhandling.tracing.DefaultCommandBusSpanFactory$Builder",1,3,""
0.3,"axon-messaging-5.0.0","org.axonframework.messaging.tracing.TracingHandlerEnhancerDefinition$Builder",1,3,"axon-messaging-5.0.0","org.axonframework.messaging.eventhandling.tracing.DefaultEventBusSpanFactory$Builder",1,3,""
0.3,"axon-messaging-5.0.0","org.axonframework.messaging.tracing.TracingHandlerEnhancerDefinition$Builder",1,3,"axon-messaging-5.0.0","org.axonframework.messaging.queryhandling.tracing.DefaultQueryBusSpanFactory$Builder",1,3,""
0.2992125984251969,"axon-eventsourcing-5.0.0","org.axonframework.eventsourcing.EventSourcingRepository",1,16,"axon-modelling-5.0.0","org.axonframework.modelling.repository.AccessSerializingRepository",,9,""
0.2992125984251969,"axon-modelling-5.0.0","org.axonframework.modelling.repository.AccessSerializingRepository",,9,"axon-eventsourcing-5.0.0","org.axonframework.eventsourcing.EventSourcingRepository",1,16,""
0.2982456140350877,"axon-messaging-5.0.0","org.axonframework.messaging.core.annotation.AnnotatedHandlerInspector",5,13,"axon-messaging-5.0.0","org.axonframework.messaging.core.annotation.ChainedMessageHandlerInterceptorMember",1,6,""
0.2982456140350877,"axon-messaging-5.0.0","org.axonframework.messaging.eventhandling.DelegatingEventHandlingComponent",4,8,"axon-messaging-5.0.0","org.axonframework.messaging.eventhandling.SimpleEventHandlingComponent",1,15,""
0.2972972972972973,"axon-server-connector-5.0.0","org.axonframework.axonserver.connector.event.ConditionConverter",1,11,"axon-messaging-5.0.0","org.axonframework.messaging.eventstreaming.TagAndTypeFilteredEventCriteria",2,6,""
0.2972972972972973,"axon-eventsourcing-5.0.0","org.axonframework.eventsourcing.eventstore.inmemory.InMemoryEventStorageEngine$MapBackedSourcingEventMessageStream",1,11,"axon-server-connector-5.0.0","org.axonframework.axonserver.connector.event.SourcingEventMessageStream",1,13,""
0.2972972972972973,"axon-messaging-5.0.0","org.axonframework.messaging.core.interception.CorrelationDataInterceptor",1,10,"axon-messaging-5.0.0","org.axonframework.messaging.core.DefaultMessageDispatchInterceptorChain",7,8,""
0.2972972972972973,"axon-messaging-5.0.0","org.axonframework.messaging.eventhandling.InterceptingEventSink",1,11,"axon-messaging-5.0.0","org.axonframework.messaging.eventhandling.gateway.ProcessingContextEventAppender",1,8,""
0.2972972972972973,"axon-messaging-5.0.0","org.axonframework.messaging.eventhandling.interception.InterceptingEventHandlingComponent",2,10,"axon-messaging-5.0.0","org.axonframework.messaging.eventhandling.tracing.TracingEventHandlingComponent",,9,""
0.2972972972972973,"axon-messaging-5.0.0","org.axonframework.messaging.eventhandling.tracing.TracingEventHandlingComponent",,9,"axon-messaging-5.0.0","org.axonframework.messaging.eventhandling.interception.InterceptingEventHandlingComponent",2,10,""
0.2972972972972973,"axon-messaging-5.0.0","org.axonframework.messaging.queryhandling.annotation.MethodQueryHandlerDefinition$MethodQueryHandlingMember",1,10,"axon-messaging-5.0.0","org.axonframework.messaging.core.annotation.WrappedMessageHandlingMember",9,4,""
0.2962962962962963,"axon-messaging-5.0.0","org.axonframework.messaging.core.timeout.HandlerTimeoutHandlerEnhancerDefinition",1,8,"axon-messaging-5.0.0","org.axonframework.messaging.eventhandling.annotation.MethodEventHandlerDefinition",,4,""
0.2962962962962963,"axon-messaging-5.0.0","org.axonframework.messaging.eventstreaming.EventTypeRestrictableOrEventCriteria",1,4,"axon-messaging-5.0.0","org.axonframework.messaging.eventstreaming.TagFilteredEventCriteria",2,8,""
0.2962962962962963,"axon-messaging-5.0.0","org.axonframework.messaging.queryhandling.interception.InterceptingQueryBus$InterceptingHandler",1,7,"axon-messaging-5.0.0","org.axonframework.messaging.queryhandling.interception.QueryMessageHandlerInterceptorChain",1,10,""
0.29545454545454547,"axon-messaging-5.0.0","org.axonframework.messaging.core.interception.CorrelationDataInterceptor",1,10,"axon-messaging-5.0.0","org.axonframework.messaging.core.interception.LoggingInterceptor",,10,""
0.29411764705882354,"axon-messaging-5.0.0","org.axonframework.messaging.core.GenericMessage",12,9,"axon-messaging-5.0.0","org.axonframework.messaging.core.AbstractMessage",1,3,""
0.29411764705882354,"axon-messaging-5.0.0","org.axonframework.messaging.core.configuration.reflection.ConfigurationParameterResolverFactory",1,5,"axon-messaging-5.0.0","org.axonframework.messaging.core.reflection.HierarchicalParameterResolverFactoryConfigurationEnhancer",,5,""
0.29411764705882354,"axon-messaging-5.0.0","org.axonframework.messaging.core.interception.annotation.MessageHandlerInterceptorDefinition",,5,"axon-messaging-5.0.0","org.axonframework.messaging.queryhandling.annotation.MethodQueryHandlerDefinition",,3,""
0.29411764705882354,"axon-messaging-5.0.0","org.axonframework.messaging.eventhandling.interception.InterceptingEventHandlingComponent",2,10,"axon-messaging-5.0.0","org.axonframework.messaging.eventhandling.processing.streaming.pooled.WorkPackage$BatchProcessor",3,4,""
0.29411764705882354,"axon-messaging-5.0.0","org.axonframework.messaging.eventhandling.sequencing.FallbackSequencingPolicy",,3,"axon-messaging-5.0.0","org.axonframework.messaging.eventhandling.processing.streaming.segmenting.SegmentMatcher",1,5,""
0.29411764705882354,"axon-messaging-5.0.0","org.axonframework.messaging.eventstreaming.DefaultStreamingCondition",2,3,"axon-messaging-5.0.0","org.axonframework.messaging.eventstreaming.EventTypeRestrictableEventCriteria",6,4,""
0.29411764705882354,"axon-messaging-5.0.0","org.axonframework.messaging.eventstreaming.EventTypeRestrictableEventCriteria",6,4,"axon-messaging-5.0.0","org.axonframework.messaging.eventstreaming.DefaultStreamingCondition",2,3,""
0.29411764705882354,"axon-messaging-5.0.0","org.axonframework.messaging.monitoring.MultiMessageMonitor",3,5,"axon-messaging-5.0.0","org.axonframework.messaging.monitoring.MessageMonitor",26,2,""
0.29411764705882354,"axon-messaging-5.0.0","org.axonframework.messaging.monitoring.MultiMessageMonitor",3,5,"axon-messaging-5.0.0","org.axonframework.messaging.monitoring.NoOpMessageMonitor",4,4,""
0.29411764705882354,"axon-test-5.0.0","org.axonframework.test.util.RecordingMessageMonitor",1,5,"axon-messaging-5.0.0","org.axonframework.messaging.monitoring.MessageMonitor",26,2,""
0.29411764705882354,"axon-test-5.0.0","org.axonframework.test.util.RecordingMessageMonitor",1,5,"axon-messaging-5.0.0","org.axonframework.messaging.monitoring.NoOpMessageMonitor",4,4,""
0.2923076923076923,"axon-messaging-5.0.0","org.axonframework.messaging.queryhandling.distributed.DistributedQueryBus",2,18,"axon-messaging-5.0.0","org.axonframework.messaging.queryhandling.QueryBus",15,7,""
0.2916666666666667,"axon-eventsourcing-5.0.0","org.axonframework.eventsourcing.configuration.EventSourcingConfigurationDefaults",1,13,"axon-messaging-5.0.0","org.axonframework.messaging.eventhandling.configuration.EventBusConfigurationDefaults",2,7,""
0.2916666666666667,"axon-metrics-micrometer-5.0.0","org.axonframework.extension.metrics.micrometer.CapacityMonitor",2,5,"axon-tracing-opentelemetry-5.0.0","org.axonframework.extension.tracing.opentelemetry.MetadataContextGetter",1,2,""
0.2916666666666667,"axon-messaging-5.0.0","org.axonframework.messaging.eventhandling.configuration.EventBusConfigurationDefaults",2,7,"axon-eventsourcing-5.0.0","org.axonframework.eventsourcing.configuration.EventSourcingConfigurationDefaults",1,13,""
0.2916666666666667,"axon-messaging-5.0.0","org.axonframework.messaging.tracing.TracingHandlerEnhancerDefinition$1",1,7,"axon-messaging-5.0.0","org.axonframework.messaging.eventhandling.annotation.MethodEventHandlerDefinition$MethodEventMessageHandlingMember",2,9,""
0.2903225806451613,"axon-modelling-5.0.0","org.axonframework.modelling.entity.EntityMetamodel",24,11,"axon-messaging-5.0.0","org.axonframework.messaging.commandhandling.interception.InterceptingCommandBus$InterceptingDispatcher",1,8,""
0.28888888888888886,"axon-messaging-5.0.0","org.axonframework.messaging.core.retry.AsyncRetryScheduler",1,12,"axon-messaging-5.0.0","org.axonframework.messaging.core.retry.AsyncRetryScheduler$RetryTask",1,9,""
0.2875,"axon-messaging-5.0.0","org.axonframework.messaging.commandhandling.annotation.AnnotatedCommandHandlingComponent",1,22,"axon-modelling-5.0.0","org.axonframework.modelling.entity.annotation.AnnotatedEntityMetamodel",13,29,""
0.2875,"axon-modelling-5.0.0","org.axonframework.modelling.entity.annotation.AnnotatedEntityMetamodel",13,29,"axon-messaging-5.0.0","org.axonframework.messaging.commandhandling.annotation.AnnotatedCommandHandlingComponent",1,22,""
0.2857142857142857,"axon-server-connector-5.0.0","org.axonframework.axonserver.connector.command.AxonServerCommandBusConnector$FutureResultCallback",1,4,"axon-messaging-5.0.0","org.axonframework.messaging.commandhandling.distributed.CommandBusConnector$Handler",6,2,""
0.2857142857142857,"axon-server-connector-5.0.0","org.axonframework.axonserver.connector.event.AxonServerEventStorageEngine$AxonServerAppendTransaction",1,6,"axon-eventsourcing-5.0.0","org.axonframework.eventsourcing.eventstore.EventStorageEngine$AppendTransaction",12,2,""
0.2857142857142857,"axon-server-connector-5.0.0","org.axonframework.axonserver.connector.query.AbstractQueryResponseMessageStream",2,7,"axon-server-connector-5.0.0","org.axonframework.axonserver.connector.event.StreamingEventMessageStream",1,10,""
0.2857142857142857,"axon-server-connector-5.0.0","org.axonframework.axonserver.connector.query.AbstractQueryResponseMessageStream",2,7,"axon-server-connector-5.0.0","org.axonframework.axonserver.connector.query.FlowControlledResponseSender",1,7,""
0.2857142857142857,"axon-server-connector-5.0.0","org.axonframework.axonserver.connector.util.GrpcMessageSizeInterceptor$1",2,4,"axon-server-connector-5.0.0","org.axonframework.axonserver.connector.util.GrpcMessageSizeInterceptor$1$1",2,3,""
0.2857142857142857,"axon-server-connector-5.0.0","org.axonframework.axonserver.connector.util.GrpcMessageSizeInterceptor$1$1",2,3,"axon-server-connector-5.0.0","org.axonframework.axonserver.connector.util.GrpcMessageSizeInterceptor$1",2,4,""
0.2857142857142857,"axon-common-5.0.0","org.axonframework.common.BuilderUtils",32,3,"axon-common-5.0.0","org.axonframework.common.property.PropertyAccessException",2,1,""
0.2857142857142857,"axon-common-5.0.0","org.axonframework.common.caching.Cache$EntryListenerAdapter",1,1,"axon-common-5.0.0","org.axonframework.common.caching.JCacheAdapter$JCacheListenerAdapter",1,1,""
0.2857142857142857,"axon-common-5.0.0","org.axonframework.common.caching.JCacheAdapter$JCacheListenerAdapter",1,1,"axon-common-5.0.0","org.axonframework.common.caching.Cache$EntryListenerAdapter",1,1,""
0.2857142857142857,"axon-common-5.0.0","org.axonframework.common.configuration.AmbiguousComponentMatchException",1,1,"axon-common-5.0.0","org.axonframework.common.configuration.DecoratorDefinition$CompletedDecoratorDefinition",3,3,""
0.2857142857142857,"axon-common-5.0.0","org.axonframework.common.configuration.DecoratorDefinition$CompletedDecoratorDefinition",3,3,"axon-common-5.0.0","org.axonframework.common.configuration.AmbiguousComponentMatchException",1,1,""
0.2857142857142857,"axon-common-5.0.0","org.axonframework.common.configuration.LifecycleRegistry",16,3,"axon-messaging-5.0.0","org.axonframework.messaging.core.ConfigurationApplicationContext",2,3,""
0.2857142857142857,"axon-eventsourcing-5.0.0","org.axonframework.eventsourcing.annotation.reflection.AnnotationBasedEventSourcedEntityFactoryDefinition",1,7,"axon-messaging-5.0.0","org.axonframework.messaging.core.reflection.HierarchicalParameterResolverFactoryConfigurationEnhancer",,5,""
0.2857142857142857,"axon-metrics-micrometer-5.0.0","org.axonframework.extension.metrics.micrometer.EventProcessorLatencyMonitor",2,6,"axon-messaging-5.0.0","org.axonframework.messaging.monitoring.NoOpMessageMonitor",4,4,""
0.2857142857142857,"axon-metrics-micrometer-5.0.0","org.axonframework.extension.metrics.micrometer.MessageCountingMonitor$1",1,2,"axon-messaging-5.0.0","org.axonframework.messaging.monitoring.MessageMonitor",26,2,""
0.2857142857142857,"axon-metrics-micrometer-5.0.0","org.axonframework.extension.metrics.micrometer.MessageCountingMonitor$1",1,2,"axon-messaging-5.0.0","org.axonframework.messaging.monitoring.NoOpMessageMonitor",4,4,""
0.2857142857142857,"axon-metrics-micrometer-5.0.0","org.axonframework.extension.metrics.micrometer.MessageTimerMonitor$1",1,2,"axon-messaging-5.0.0","org.axonframework.messaging.monitoring.NoOpMessageMonitorCallback",2,1,""
0.2857142857142857,"axon-metrics-micrometer-5.0.0","org.axonframework.extension.metrics.micrometer.MetricsConfigurerModule",,3,"axon-messaging-5.0.0","org.axonframework.messaging.core.configuration.reflection.ConfigurationParameterResolverConfigurationEnhancer",,4,""
0.2857142857142857,"axon-metrics-micrometer-5.0.0","org.axonframework.extension.metrics.micrometer.MetricsConfigurerModule",,3,"axon-modelling-5.0.0","org.axonframework.modelling.annotation.InjectEntityParameterResolverFactoryConfigurationEnhancer",,4,""
0.2857142857142857,"axon-spring-boot-autoconfigure-5.0.0","org.axonframework.extension.springboot.service.connection.AxonServerDockerComposeConnectionDetailsFactory",,1,"axon-spring-boot-autoconfigure-5.0.0","org.axonframework.extension.springboot.service.connection.AxonServerTestContainerConnectionDetailsFactory",,3,""
0.2857142857142857,"axon-spring-boot-autoconfigure-5.0.0","org.axonframework.extension.springboot.service.connection.AxonServerTestContainerConnectionDetailsFactory",,3,"axon-spring-boot-autoconfigure-5.0.0","org.axonframework.extension.springboot.service.connection.AxonServerDockerComposeConnectionDetailsFactory",,1,""
0.2857142857142857,"axon-tracing-opentelemetry-5.0.0","org.axonframework.extension.tracing.opentelemetry.OpenTelemetrySpan",1,2,"axon-messaging-5.0.0","org.axonframework.messaging.eventhandling.tracing.EventProcessorSpanFactory",4,2,""
0.2857142857142857,"axon-messaging-5.0.0","org.axonframework.messaging.commandhandling.SimpleCommandBus",1,17,"axon-messaging-5.0.0","org.axonframework.messaging.commandhandling.retry.RetryingCommandBus",,14,""
0.2857142857142857,"axon-messaging-5.0.0","org.axonframework.messaging.commandhandling.UnresolvedRoutingKeyPolicy",,3,"axon-modelling-5.0.0","org.axonframework.modelling.entity.child.CommandTargetResolver",12,3,""
0.2857142857142857,"axon-messaging-5.0.0","org.axonframework.messaging.commandhandling.distributed.CommandBusConnector",6,7,"axon-modelling-5.0.0","org.axonframework.modelling.entity.EntityMetamodel",24,11,""
0.2857142857142857,"axon-messaging-5.0.0","org.axonframework.messaging.commandhandling.distributed.CommandBusConnector$Handler",6,2,"axon-server-connector-5.0.0","org.axonframework.axonserver.connector.command.AxonServerCommandBusConnector$FutureResultCallback",1,4,""
0.2857142857142857,"axon-messaging-5.0.0","org.axonframework.messaging.commandhandling.tracing.TracingCommandBus$TracingHandler",1,8,"axon-modelling-5.0.0","org.axonframework.modelling.entity.EntityMetamodel",24,11,""
0.2857142857142857,"axon-messaging-5.0.0","org.axonframework.messaging.core.ConfigurationApplicationContext",2,3,"axon-common-5.0.0","org.axonframework.common.configuration.LifecycleRegistry",16,3,""
0.2857142857142857,"axon-messaging-5.0.0","org.axonframework.messaging.core.HierarchicalMessageTypeResolver",1,2,"axon-messaging-5.0.0","org.axonframework.messaging.core.NamespaceMessageTypeResolver$Builder",1,4,""
0.2857142857142857,"axon-messaging-5.0.0","org.axonframework.messaging.core.NamespaceMessageTypeResolver$Builder",1,4,"axon-messaging-5.0.0","org.axonframework.messaging.core.HierarchicalMessageTypeResolver",1,2,""
0.2857142857142857,"axon-messaging-5.0.0","org.axonframework.messaging.core.QualifiedName",68,3,"axon-test-5.0.0","org.axonframework.test.server.AxonServerContainerUtils",1,1,""
0.2857142857142857,"axon-messaging-5.0.0","org.axonframework.messaging.core.annotation.InterceptorChainParameterResolverFactory",1,9,"axon-messaging-5.0.0","org.axonframework.messaging.core.interception.CorrelationDataInterceptor",1,10,""
0.2857142857142857,"axon-messaging-5.0.0","org.axonframework.messaging.core.interception.annotation.ResultParameterResolverFactory",2,8,"axon-messaging-5.0.0","org.axonframework.messaging.core.annotation.AggregateTypeParameterResolverFactory$AggregateTypeParameterResolver",1,5,""
0.2857142857142857,"axon-messaging-5.0.0","org.axonframework.messaging.eventhandling.EventHandlingComponent",17,5,"axon-messaging-5.0.0","org.axonframework.messaging.core.SubscribableEventSource",5,3,""
0.2857142857142857,"axon-messaging-5.0.0","org.axonframework.messaging.eventhandling.configuration.EventProcessorModule$CustomizationPhase",6,3,"axon-common-5.0.0","org.axonframework.common.configuration.Module",15,2,""
0.2857142857142857,"axon-messaging-5.0.0","org.axonframework.messaging.eventhandling.processing.streaming.pooled.ClaimTask",1,8,"axon-messaging-5.0.0","org.axonframework.messaging.eventhandling.processing.streaming.pooled.MergeTask",1,10,""
0.2857142857142857,"axon-messaging-5.0.0","org.axonframework.messaging.eventhandling.processing.streaming.pooled.MergeTask",1,10,"axon-messaging-5.0.0","org.axonframework.messaging.eventhandling.processing.streaming.pooled.ClaimTask",1,8,""
0.2857142857142857,"axon-messaging-5.0.0","org.axonframework.messaging.eventhandling.processing.streaming.pooled.WorkPackage$DefaultProcessingEntry",1,4,"axon-messaging-5.0.0","org.axonframework.messaging.eventhandling.conversion.EventConverter",16,2,""
0.2857142857142857,"axon-messaging-5.0.0","org.axonframework.messaging.eventhandling.processing.streaming.token.MergedTrackingToken",2,2,"axon-messaging-5.0.0","org.axonframework.messaging.eventhandling.processing.streaming.token.WrappedToken",6,1,""
0.2857142857142857,"axon-messaging-5.0.0","org.axonframework.messaging.monitoring.MultiMessageMonitor$1",1,2,"axon-messaging-5.0.0","org.axonframework.messaging.monitoring.NoOpMessageMonitorCallback",2,1,""
0.2857142857142857,"axon-messaging-5.0.0","org.axonframework.messaging.queryhandling.interception.InterceptingQueryBus$InterceptingHandler",1,7,"axon-messaging-5.0.0","org.axonframework.messaging.queryhandling.QueryHandler",13,5,""
0.2857142857142857,"axon-messaging-5.0.0","org.axonframework.messaging.queryhandling.tracing.QueryUpdateEmitterSpanFactory",1,2,"axon-messaging-5.0.0","org.axonframework.messaging.eventhandling.tracing.EventProcessorSpanFactory",4,2,""
0.2857142857142857,"axon-messaging-5.0.0","org.axonframework.messaging.tracing.NoOpSpanFactory$NoOpSpan",2,2,"axon-messaging-5.0.0","org.axonframework.messaging.eventhandling.tracing.EventProcessorSpanFactory",4,2,""
0.2857142857142857,"axon-modelling-5.0.0","org.axonframework.modelling.SimpleEntityEvolvingComponent",,8,"axon-messaging-5.0.0","org.axonframework.messaging.eventhandling.EventSubscribers",1,6,""
0.2857142857142857,"axon-modelling-5.0.0","org.axonframework.modelling.StateManager",7,6,"axon-modelling-5.0.0","org.axonframework.modelling.repository.Repository",11,4,""
0.2857142857142857,"axon-modelling-5.0.0","org.axonframework.modelling.entity.EntityMetamodel",24,11,"axon-messaging-5.0.0","org.axonframework.messaging.commandhandling.distributed.CommandBusConnector",6,7,""
0.2857142857142857,"axon-modelling-5.0.0","org.axonframework.modelling.entity.EntityMetamodelBuilder",8,6,"axon-messaging-5.0.0","org.axonframework.messaging.commandhandling.CommandHandlingComponent",8,2,""
0.2857142857142857,"axon-modelling-5.0.0","org.axonframework.modelling.entity.EntityMetamodelBuilder",8,6,"axon-modelling-5.0.0","org.axonframework.modelling.EntityEvolvingComponent",2,2,""
0.2857142857142857,"axon-update-5.0.0","org.axonframework.update.configuration.HierarchicalUsagePropertyProvider",1,2,"axon-update-5.0.0","org.axonframework.update.configuration.CommandLineUsagePropertyProvider",1,2,""
0.2857142857142857,"axon-update-5.0.0","org.axonframework.update.configuration.HierarchicalUsagePropertyProvider",1,2,"axon-update-5.0.0","org.axonframework.update.configuration.DefaultUsagePropertyProvider",2,2,""
0.28205128205128205,"axon-server-connector-5.0.0","org.axonframework.axonserver.connector.event.ConditionConverter",1,11,"axon-messaging-5.0.0","org.axonframework.messaging.eventstreaming.TagFilteredEventCriteria",2,8,""
0.2815533980582524,"axon-messaging-5.0.0","org.axonframework.messaging.queryhandling.SimpleQueryUpdateEmitter",1,12,"axon-messaging-5.0.0","org.axonframework.messaging.queryhandling.gateway.DefaultQueryGateway",1,16,""
0.2815533980582524,"axon-messaging-5.0.0","org.axonframework.messaging.queryhandling.gateway.DefaultQueryGateway",1,16,"axon-messaging-5.0.0","org.axonframework.messaging.queryhandling.SimpleQueryUpdateEmitter",1,12,""
0.28125,"axon-messaging-5.0.0","org.axonframework.messaging.core.interception.annotation.MessageHandlerInterceptorMemberChain",7,10,"axon-messaging-5.0.0","org.axonframework.messaging.core.annotation.WrappedMessageHandlingMember",9,4,""
0.28,"axon-eventsourcing-5.0.0","org.axonframework.eventsourcing.annotation.reflection.AnnotationBasedEventSourcedEntityFactory$ScannedEntityCreator",1,8,"axon-messaging-5.0.0","org.axonframework.messaging.core.annotation.MethodInvokingMessageHandlingMember",1,15,""
0.28,"axon-eventsourcing-5.0.0","org.axonframework.eventsourcing.eventstore.AggregateBasedConsistencyMarker",7,8,"axon-eventsourcing-5.0.0","org.axonframework.eventsourcing.eventstore.DefaultAppendCondition",1,3,""
0.28,"axon-messaging-5.0.0","org.axonframework.messaging.core.annotation.MethodInvokingMessageHandlingMember",1,15,"axon-eventsourcing-5.0.0","org.axonframework.eventsourcing.annotation.reflection.AnnotationBasedEventSourcedEntityFactory$ScannedEntityCreator",1,8,""
0.28,"axon-messaging-5.0.0","org.axonframework.messaging.eventhandling.annotation.AnnotatedEventHandlingComponent",1,23,"axon-messaging-5.0.0","org.axonframework.messaging.eventhandling.processing.ProcessorEventHandlingComponents",3,10,""
0.27941176470588236,"axon-messaging-5.0.0","org.axonframework.messaging.core.annotation.MethodInvokingMessageHandlingMember",1,15,"axon-messaging-5.0.0","org.axonframework.messaging.core.EmptyMessageStream",1,6,""
0.27941176470588236,"axon-messaging-5.0.0","org.axonframework.messaging.queryhandling.distributed.DelegatingQueryBusConnector",1,8,"axon-messaging-5.0.0","org.axonframework.messaging.queryhandling.distributed.DistributedQueryBus",2,18,""
0.27941176470588236,"axon-messaging-5.0.0","org.axonframework.messaging.queryhandling.distributed.DistributedQueryBus",2,18,"axon-messaging-5.0.0","org.axonframework.messaging.queryhandling.distributed.DelegatingQueryBusConnector",1,8,""
0.27906976744186046,"axon-eventsourcing-5.0.0","org.axonframework.eventsourcing.eventstore.AnnotationBasedTagResolver",1,7,"axon-eventsourcing-5.0.0","org.axonframework.eventsourcing.eventstore.PayloadBasedTagResolver",,3,""
0.27906976744186046,"axon-messaging-5.0.0","org.axonframework.messaging.commandhandling.tracing.DefaultCommandBusSpanFactory",1,6,"axon-messaging-5.0.0","org.axonframework.messaging.eventhandling.tracing.DefaultEventProcessorSpanFactory",2,7,""
0.27906976744186046,"axon-messaging-5.0.0","org.axonframework.messaging.eventhandling.tracing.DefaultEventProcessorSpanFactory",2,7,"axon-messaging-5.0.0","org.axonframework.messaging.commandhandling.tracing.DefaultCommandBusSpanFactory",1,6,""
0.2777777777777778,"axon-eventsourcing-5.0.0","org.axonframework.eventsourcing.annotation.reflection.AnnotationBasedEventSourcedEntityFactoryDefinition",1,7,"axon-messaging-5.0.0","org.axonframework.messaging.core.configuration.reflection.ConfigurationParameterResolverFactory",1,5,""
0.2777777777777778,"axon-messaging-5.0.0","org.axonframework.messaging.commandhandling.gateway.ConvertingCommandGateway$ConvertingCommandResult",1,3,"axon-server-connector-5.0.0","org.axonframework.axonserver.connector.TargetContextResolver",,2,""
0.2777777777777778,"axon-messaging-5.0.0","org.axonframework.messaging.core.interception.annotation.MessageHandlerInterceptorDefinition",,5,"axon-messaging-5.0.0","org.axonframework.messaging.eventhandling.replay.annotation.ReplayAwareMessageHandlerWrapper",,5,""
0.2777777777777778,"axon-messaging-5.0.0","org.axonframework.messaging.eventhandling.gateway.EventPublishingUtils",2,5,"axon-messaging-5.0.0","org.axonframework.messaging.eventhandling.annotation.TimestampParameterResolverFactory$TimestampParameterResolver",1,5,""
0.2777777777777778,"axon-messaging-5.0.0","org.axonframework.messaging.eventhandling.processing.streaming.pooled.ClaimTask",1,8,"axon-messaging-5.0.0","org.axonframework.messaging.eventhandling.processing.streaming.pooled.WorkPackage$Builder",2,12,""
0.2777777777777778,"axon-messaging-5.0.0","org.axonframework.messaging.eventhandling.processing.streaming.pooled.WorkPackage$Builder",2,12,"axon-messaging-5.0.0","org.axonframework.messaging.eventhandling.processing.streaming.pooled.ClaimTask",1,8,""
0.27586206896551724,"axon-common-5.0.0","org.axonframework.common.configuration.DecoratedComponent",1,8,"axon-common-5.0.0","org.axonframework.common.configuration.InstantiatedComponentDefinition",3,5,""
0.27586206896551724,"axon-common-5.0.0","org.axonframework.common.configuration.InstantiatedComponentDefinition",3,5,"axon-common-5.0.0","org.axonframework.common.configuration.DecoratedComponent",1,8,""
0.27586206896551724,"axon-eventsourcing-5.0.0","org.axonframework.eventsourcing.eventstore.EventStorageEngine",11,11,"axon-messaging-5.0.0","org.axonframework.messaging.eventhandling.EventSubscribers",1,6,""
0.27586206896551724,"axon-messaging-5.0.0","org.axonframework.messaging.commandhandling.gateway.DefaultCommandGateway",1,13,"axon-test-5.0.0","org.axonframework.test.fixture.RecordingCommandBus",8,10,""
0.27586206896551724,"axon-messaging-5.0.0","org.axonframework.messaging.core.unitofwork.LegacyMessageSupportingContext",1,7,"axon-messaging-5.0.0","org.axonframework.messaging.core.SimpleContext",1,2,""
0.27586206896551724,"axon-messaging-5.0.0","org.axonframework.messaging.eventhandling.processing.streaming.pooled.EventSchedulingProcessingContext",2,7,"axon-messaging-5.0.0","org.axonframework.messaging.core.SimpleContext",1,2,""
0.27586206896551724,"axon-messaging-5.0.0","org.axonframework.messaging.eventhandling.processing.streaming.token.ReplayToken",5,2,"axon-messaging-5.0.0","org.axonframework.messaging.eventhandling.processing.streaming.token.WrappedToken",6,1,""
0.27586206896551724,"axon-messaging-5.0.0","org.axonframework.messaging.eventhandling.processing.streaming.token.store.TokenStore",17,3,"axon-messaging-5.0.0","org.axonframework.messaging.eventhandling.processing.streaming.token.annotation.TrackingTokenParameterResolverFactory$TrackingTokenParameterResolver",1,5,""
0.27586206896551724,"axon-modelling-5.0.0","org.axonframework.modelling.entity.annotation.ListEntityChildModelDefinition",,11,"axon-modelling-5.0.0","org.axonframework.modelling.entity.child.ListEntityChildMetamodel",3,6,""
0.27586206896551724,"axon-modelling-5.0.0","org.axonframework.modelling.entity.child.ListEntityChildMetamodel",3,6,"axon-modelling-5.0.0","org.axonframework.modelling.entity.annotation.ListEntityChildModelDefinition",,11,""
0.27586206896551724,"axon-test-5.0.0","org.axonframework.test.util.RecordingMessageMonitor$1",1,8,"axon-test-5.0.0","org.axonframework.test.util.RecordingMessageMonitor",1,5,""
0.2753623188405797,"axon-eventsourcing-5.0.0","org.axonframework.eventsourcing.configuration.EventSourcingConfigurer",,15,"axon-modelling-5.0.0","org.axonframework.modelling.configuration.ModellingConfigurer",1,10,""
0.2753623188405797,"axon-messaging-5.0.0","org.axonframework.messaging.eventhandling.SimpleEventBus",2,8,"axon-modelling-5.0.0","org.axonframework.modelling.repository.SimpleRepository",3,8,""
0.2753623188405797,"axon-modelling-5.0.0","org.axonframework.modelling.configuration.ModellingConfigurer",1,10,"axon-eventsourcing-5.0.0","org.axonframework.eventsourcing.configuration.EventSourcingConfigurer",,15,""
0.2753623188405797,"axon-modelling-5.0.0","org.axonframework.modelling.repository.SimpleRepository",3,8,"axon-messaging-5.0.0","org.axonframework.messaging.eventhandling.SimpleEventBus",2,8,""
0.275,"axon-eventsourcing-5.0.0","org.axonframework.eventsourcing.eventstore.inmemory.InMemoryEventStorageEngine",5,22,"axon-eventsourcing-5.0.0","org.axonframework.eventsourcing.eventstore.EventStorageEngine",11,11,""
0.275,"axon-messaging-5.0.0","org.axonframework.messaging.eventhandling.processing.streaming.token.store.TokenStore",17,3,"axon-messaging-5.0.0","org.axonframework.messaging.eventhandling.processing.streaming.token.store.jpa.TokenEntry",1,6,""
0.275,"axon-messaging-5.0.0","org.axonframework.messaging.eventhandling.processing.streaming.token.store.jpa.TokenEntry",1,6,"axon-messaging-5.0.0","org.axonframework.messaging.eventhandling.processing.streaming.token.store.TokenStore",17,3,""
0.27419354838709675,"axon-messaging-5.0.0","org.axonframework.messaging.core.annotation.InterceptorChainParameterResolverFactory",1,9,"axon-messaging-5.0.0","org.axonframework.messaging.core.timeout.UnitOfWorkTimeoutInterceptorBuilder",1,14,""
0.27419354838709675,"axon-modelling-5.0.0","org.axonframework.modelling.repository.InMemoryRepository",,6,"axon-modelling-5.0.0","org.axonframework.modelling.repository.SimpleRepository",3,8,""
0.27419354838709675,"axon-modelling-5.0.0","org.axonframework.modelling.repository.SimpleRepository",3,8,"axon-modelling-5.0.0","org.axonframework.modelling.repository.InMemoryRepository",,6,""
0.2727272727272727,"axon-server-connector-5.0.0","org.axonframework.axonserver.connector.event.AggregateBasedAxonServerEventStorageEngine$AggregateSource",1,3,"axon-modelling-5.0.0","org.axonframework.modelling.PayloadBasedEntityEvolver",,3,""
0.2727272727272727,"axon-common-5.0.0","org.axonframework.common.ReflectionUtils",25,4,"axon-common-5.0.0","org.axonframework.common.lock.PessimisticLockFactory$Builder",1,2,""
0.2727272727272727,"axon-common-5.0.0","org.axonframework.common.caching.Cache",3,3,"axon-common-5.0.0","org.axonframework.common.caching.JCacheAdapter",,4,""
0.2727272727272727,"axon-common-5.0.0","org.axonframework.common.caching.JCacheAdapter",,4,"axon-common-5.0.0","org.axonframework.common.caching.Cache",3,3,""
0.2727272727272727,"axon-common-5.0.0","org.axonframework.common.configuration.AmbiguousComponentMatchException",1,1,"axon-common-5.0.0","org.axonframework.common.configuration.DecoratorDefinition$1",1,5,""
0.2727272727272727,"axon-common-5.0.0","org.axonframework.common.configuration.Component$Identifier",21,2,"axon-common-5.0.0","org.axonframework.common.TypeReference$1",1,1,""
0.2727272727272727,"axon-common-5.0.0","org.axonframework.common.configuration.Component$Identifier",21,2,"axon-common-5.0.0","org.axonframework.common.TypeReference$2",1,1,""
0.2727272727272727,"axon-common-5.0.0","org.axonframework.common.configuration.ComponentDefinition$1",1,6,"axon-messaging-5.0.0","org.axonframework.messaging.core.interception.DefaultHandlerInterceptorRegistry$GenericInterceptorDefinition",1,6,""
0.2727272727272727,"axon-common-5.0.0","org.axonframework.common.configuration.ComponentDefinition$1",1,6,"axon-messaging-5.0.0","org.axonframework.messaging.monitoring.configuration.DefaultMessageMonitorRegistry$GenericMonitorDefinition",1,6,""
0.2727272727272727,"axon-common-5.0.0","org.axonframework.common.configuration.DecoratedComponent",1,8,"axon-common-5.0.0","org.axonframework.common.configuration.LazyInitializedComponentDefinition",7,6,""
0.2727272727272727,"axon-common-5.0.0","org.axonframework.common.configuration.DecoratorDefinition$1",1,5,"axon-common-5.0.0","org.axonframework.common.configuration.AmbiguousComponentMatchException",1,1,""
0.2727272727272727,"axon-common-5.0.0","org.axonframework.common.configuration.LazyInitializedComponentDefinition",7,6,"axon-common-5.0.0","org.axonframework.common.configuration.DecoratedComponent",1,8,""
0.2727272727272727,"axon-common-5.0.0","org.axonframework.common.lock.PessimisticLockFactory$Builder",1,2,"axon-common-5.0.0","org.axonframework.common.ReflectionUtils",25,4,""
0.2727272727272727,"axon-eventsourcing-5.0.0","org.axonframework.eventsourcing.eventstore.AggregateBasedConsistencyMarker$AggregateSequencer",5,1,"axon-server-connector-5.0.0","org.axonframework.axonserver.connector.event.AggregateBasedAxonServerEventStorageEngine$AggregateSource",1,3,""
0.2727272727272727,"axon-eventsourcing-5.0.0","org.axonframework.eventsourcing.eventstore.AggregateBasedConsistencyMarker$AggregateSequencer",5,1,"axon-eventsourcing-5.0.0","org.axonframework.eventsourcing.eventstore.jpa.AggregateBasedJpaEventStorageEngine$AggregateSource",1,3,""
0.2727272727272727,"axon-eventsourcing-5.0.0","org.axonframework.eventsourcing.eventstore.NoAppendCondition",1,3,"axon-eventsourcing-5.0.0","org.axonframework.eventsourcing.eventstore.ConsistencyMarkers$InfinityConsistencyMarker",2,2,""
0.2727272727272727,"axon-eventsourcing-5.0.0","org.axonframework.eventsourcing.eventstore.jpa.AggregateBasedJpaEventStorageEngine$AggregateSource",1,3,"axon-modelling-5.0.0","org.axonframework.modelling.PayloadBasedEntityEvolver",,3,""
0.2727272727272727,"axon-spring-boot-autoconfigure-5.0.0","org.axonframework.extension.springboot.service.connection.AxonServerTestContainerConnectionDetailsFactory",,3,"axon-spring-boot-autoconfigure-5.0.0","org.axonframework.extension.springboot.service.connection.AxonServerTestContainerConnectionDetailsFactory$AxonServerContainerConnectionDetails",1,2,""
0.2727272727272727,"axon-spring-boot-autoconfigure-5.0.0","org.axonframework.extension.springboot.service.connection.AxonServerTestContainerConnectionDetailsFactory$AxonServerContainerConnectionDetails",1,2,"axon-spring-boot-autoconfigure-5.0.0","org.axonframework.extension.springboot.service.connection.AxonServerTestContainerConnectionDetailsFactory",,3,""
0.2727272727272727,"axon-messaging-5.0.0","org.axonframework.messaging.commandhandling.gateway.ContextAwareCommandDispatcher",1,7,"axon-messaging-5.0.0","org.axonframework.messaging.eventhandling.EventSubscribers",1,6,""
0.2727272727272727,"axon-messaging-5.0.0","org.axonframework.messaging.core.Metadata$MetadataCollector",1,1,"axon-messaging-5.0.0","org.axonframework.messaging.core.annotation.DefaultParameterResolverFactory$AnnotatedMetadataParameterResolver",1,4,""
0.2727272727272727,"axon-messaging-5.0.0","org.axonframework.messaging.core.annotation.AnnotatedMessageHandlingMemberDefinition",,8,"axon-messaging-5.0.0","org.axonframework.messaging.core.annotation.HandlerDefinition",7,3,""
0.2727272727272727,"axon-messaging-5.0.0","org.axonframework.messaging.core.annotation.HandlerDefinition",7,3,"axon-messaging-5.0.0","org.axonframework.messaging.core.annotation.AnnotatedMessageHandlingMemberDefinition",,8,""
0.2727272727272727,"axon-messaging-5.0.0","org.axonframework.messaging.core.annotation.SimpleResourceParameterResolverFactory",,4,"axon-messaging-5.0.0","org.axonframework.messaging.core.unitofwork.annotation.ProcessingContextParameterResolverFactory",,5,""
0.2727272727272727,"axon-messaging-5.0.0","org.axonframework.messaging.core.interception.DefaultDispatchInterceptorRegistry$GenericInterceptorDefinition",1,6,"axon-common-5.0.0","org.axonframework.common.configuration.ComponentDefinition$1",1,6,""
0.2727272727272727,"axon-messaging-5.0.0","org.axonframework.messaging.core.interception.DefaultHandlerInterceptorRegistry$GenericInterceptorDefinition",1,6,"axon-common-5.0.0","org.axonframework.common.configuration.ComponentDefinition$1",1,6,""
0.2727272727272727,"axon-messaging-5.0.0","org.axonframework.messaging.core.unitofwork.annotation.ProcessingContextParameterResolverFactory",,5,"axon-messaging-5.0.0","org.axonframework.messaging.core.annotation.SimpleResourceParameterResolverFactory",,4,""
0.2727272727272727,"axon-messaging-5.0.0","org.axonframework.messaging.core.unitofwork.annotation.ProcessingContextParameterResolverFactory",,5,"axon-messaging-5.0.0","org.axonframework.messaging.core.unitofwork.annotation.ProcessingContextParameterResolverFactory$ProcessingContextParameterResolver",1,2,""
0.2727272727272727,"axon-messaging-5.0.0","org.axonframework.messaging.eventhandling.EventHandlerRegistry",5,3,"axon-messaging-5.0.0","org.axonframework.messaging.eventhandling.EventHandlingComponent",17,5,""
0.2727272727272727,"axon-messaging-5.0.0","org.axonframework.messaging.eventhandling.annotation.MethodSequencingPolicyEventHandlerDefinition",,4,"axon-messaging-5.0.0","org.axonframework.messaging.eventhandling.replay.annotation.ReplayAwareMessageHandlerWrapper",,5,""
0.2727272727272727,"axon-messaging-5.0.0","org.axonframework.messaging.eventhandling.annotation.MethodSequencingPolicyEventHandlerDefinition$SequencingPolicyEventMessageHandlingMember",2,6,"axon-messaging-5.0.0","org.axonframework.messaging.core.annotation.WrappedMessageHandlingMember",9,4,""
0.2727272727272727,"axon-messaging-5.0.0","org.axonframework.messaging.eventstreaming.EventCriterion",8,3,"axon-messaging-5.0.0","org.axonframework.messaging.eventstreaming.AnyEvent",4,6,""
0.2727272727272727,"axon-messaging-5.0.0","org.axonframework.messaging.eventstreaming.StartingFrom",1,4,"axon-messaging-5.0.0","org.axonframework.messaging.eventhandling.processing.streaming.token.LatestTrackingToken",1,1,""
0.2727272727272727,"axon-messaging-5.0.0","org.axonframework.messaging.monitoring.configuration.DefaultMessageMonitorRegistry$GenericMonitorDefinition",1,6,"axon-common-5.0.0","org.axonframework.common.configuration.ComponentDefinition$1",1,6,""
0.2727272727272727,"axon-messaging-5.0.0","org.axonframework.messaging.tracing.NoOpSpanFactory",1,5,"axon-tracing-opentelemetry-5.0.0","org.axonframework.extension.tracing.opentelemetry.MetadataContextGetter",1,2,""
0.2727272727272727,"axon-modelling-5.0.0","org.axonframework.modelling.SimpleEntityEvolvingComponent",,8,"axon-eventsourcing-5.0.0","org.axonframework.eventsourcing.EventSourcingRepository$EventSourcedEntity",1,5,""
0.2727272727272727,"axon-modelling-5.0.0","org.axonframework.modelling.entity.annotation.AnnotatedEntityIdResolverDefinition",1,7,"axon-modelling-5.0.0","org.axonframework.modelling.annotation.EntityIdResolverDefinition",4,3,""
0.2727272727272727,"axon-test-5.0.0","org.axonframework.test.matchers.DeepEqualsMatcher",1,5,"axon-test-5.0.0","org.axonframework.test.matchers.MatchAllFieldFilter",1,1,""
0.2727272727272727,"axon-test-5.0.0","org.axonframework.test.matchers.MatchAllFieldFilter",1,1,"axon-test-5.0.0","org.axonframework.test.matchers.DeepEqualsMatcher",1,5,""
0.2708333333333333,"axon-messaging-5.0.0","org.axonframework.messaging.eventhandling.processing.streaming.pooled.Coordinator$Builder",2,14,"axon-messaging-5.0.0","org.axonframework.messaging.eventhandling.processing.streaming.pooled.WorkPackage$Builder",2,12,""
0.2708333333333333,"axon-messaging-5.0.0","org.axonframework.messaging.eventhandling.processing.streaming.pooled.WorkPackage$Builder",2,12,"axon-messaging-5.0.0","org.axonframework.messaging.eventhandling.processing.streaming.pooled.Coordinator$Builder",2,14,""
0.2708333333333333,"axon-messaging-5.0.0","org.axonframework.messaging.queryhandling.tracing.DefaultQueryBusSpanFactory",1,7,"axon-messaging-5.0.0","org.axonframework.messaging.tracing.SpanFactory",16,3,""
0.2702702702702703,"axon-messaging-5.0.0","org.axonframework.messaging.eventhandling.tracing.DefaultEventBusSpanFactory",1,6,"axon-messaging-5.0.0","org.axonframework.messaging.eventhandling.tracing.DefaultEventProcessorSpanFactory",2,7,""
0.2702702702702703,"axon-messaging-5.0.0","org.axonframework.messaging.eventhandling.tracing.DefaultEventProcessorSpanFactory",2,7,"axon-messaging-5.0.0","org.axonframework.messaging.eventhandling.tracing.DefaultEventBusSpanFactory",1,6,""
0.2692307692307692,"axon-server-connector-5.0.0","org.axonframework.axonserver.connector.event.AggregateBasedAxonServerEventStorageEngine$1",1,7,"axon-server-connector-5.0.0","org.axonframework.axonserver.connector.event.AxonServerEventStorageEngine$AxonServerAppendTransaction",1,6,""
0.2692307692307692,"axon-server-connector-5.0.0","org.axonframework.axonserver.connector.event.AxonServerEventStorageEngine$AxonServerAppendTransaction",1,6,"axon-server-connector-5.0.0","org.axonframework.axonserver.connector.event.AggregateBasedAxonServerEventStorageEngine$1",1,7,""
0.2692307692307692,"axon-server-connector-5.0.0","org.axonframework.axonserver.connector.query.AxonServerQueryBusConnector$AxonServerUpdateCallback",2,6,"axon-server-connector-5.0.0","org.axonframework.axonserver.connector.query.AxonServerQueryBusConnector$LocalSegmentAdapter",1,9,""
0.2692307692307692,"axon-server-connector-5.0.0","org.axonframework.axonserver.connector.query.AxonServerQueryBusConnector$LocalSegmentAdapter",1,9,"axon-server-connector-5.0.0","org.axonframework.axonserver.connector.query.AxonServerQueryBusConnector$AxonServerUpdateCallback",2,6,""
0.2692307692307692,"axon-messaging-5.0.0","org.axonframework.messaging.commandhandling.CommandHandlerRegistry",9,3,"axon-messaging-5.0.0","org.axonframework.messaging.commandhandling.configuration.CommandHandlingModule$CommandHandlerPhase",3,10,""
0.2692307692307692,"axon-messaging-5.0.0","org.axonframework.messaging.commandhandling.configuration.CommandHandlingModule$CommandHandlerPhase",3,10,"axon-messaging-5.0.0","org.axonframework.messaging.commandhandling.CommandHandlerRegistry",9,3,""
0.2692307692307692,"axon-messaging-5.0.0","org.axonframework.messaging.core.timeout.HandlerTimeoutHandlerEnhancerDefinition",1,8,"axon-messaging-5.0.0","org.axonframework.messaging.queryhandling.annotation.MethodQueryHandlerDefinition",,3,""
0.2692307692307692,"axon-messaging-5.0.0","org.axonframework.messaging.eventstreaming.EventCriteria",28,8,"axon-messaging-5.0.0","org.axonframework.messaging.eventstreaming.EventTypeRestrictableOrEventCriteria",1,4,""
0.2692307692307692,"axon-messaging-5.0.0","org.axonframework.messaging.queryhandling.distributed.DistributedQueryBus$DistributedHandler",1,10,"axon-messaging-5.0.0","org.axonframework.messaging.queryhandling.distributed.QueryBusConnector$Handler",8,5,""
0.2670807453416149,"axon-server-connector-5.0.0","org.axonframework.axonserver.connector.event.AggregateBasedAxonServerEventStorageEngine",1,34,"axon-eventsourcing-5.0.0","org.axonframework.eventsourcing.eventstore.inmemory.InMemoryEventStorageEngine",5,22,""
0.2670807453416149,"axon-eventsourcing-5.0.0","org.axonframework.eventsourcing.eventstore.inmemory.InMemoryEventStorageEngine",5,22,"axon-server-connector-5.0.0","org.axonframework.axonserver.connector.event.AggregateBasedAxonServerEventStorageEngine",1,34,""
0.26666666666666666,"axon-common-5.0.0","org.axonframework.common.configuration.BaseModule",7,6,"axon-messaging-5.0.0","org.axonframework.messaging.core.ConfigurationApplicationContext",2,3,""
0.26666666666666666,"axon-metrics-micrometer-5.0.0","org.axonframework.extension.metrics.micrometer.CapacityMonitor",2,5,"axon-messaging-5.0.0","org.axonframework.messaging.core.MessageDecorator",5,4,""
0.26666666666666666,"axon-messaging-5.0.0","org.axonframework.messaging.commandhandling.distributed.DistributedCommandBusConfigurationEnhancer",,12,"axon-messaging-5.0.0","org.axonframework.messaging.queryhandling.distributed.DistributedQueryBusConfigurationEnhancer",,12,""
0.26666666666666666,"axon-messaging-5.0.0","org.axonframework.messaging.core.NamespaceMessageTypeResolver",1,3,"axon-messaging-5.0.0","org.axonframework.messaging.core.NamespaceMessageTypeResolver$Builder",1,4,""
0.26666666666666666,"axon-messaging-5.0.0","org.axonframework.messaging.core.NamespaceMessageTypeResolver$Builder",1,4,"axon-messaging-5.0.0","org.axonframework.messaging.core.NamespaceMessageTypeResolver",1,3,""
0.26666666666666666,"axon-messaging-5.0.0","org.axonframework.messaging.eventhandling.processing.streaming.pooled.DefaultWorkPackageEventFilter",1,10,"axon-messaging-5.0.0","org.axonframework.messaging.eventhandling.processing.streaming.segmenting.SegmentMatcher",1,5,""
0.26666666666666666,"axon-messaging-5.0.0","org.axonframework.messaging.eventhandling.processing.streaming.token.store.inmemory.InMemoryTokenStore",1,11,"axon-messaging-5.0.0","org.axonframework.messaging.eventhandling.processing.streaming.token.store.TokenStore",17,3,""
0.26666666666666666,"axon-messaging-5.0.0","org.axonframework.messaging.queryhandling.distributed.DistributedQueryBusConfigurationEnhancer",,12,"axon-messaging-5.0.0","org.axonframework.messaging.commandhandling.distributed.DistributedCommandBusConfigurationEnhancer",,12,""
0.26666666666666666,"axon-messaging-5.0.0","org.axonframework.messaging.queryhandling.gateway.QueryGateway",2,3,"axon-messaging-5.0.0","org.axonframework.messaging.core.unitofwork.annotation.ProcessingContextParameterResolverFactory$ProcessingContextParameterResolver",1,2,""
0.26666666666666666,"axon-messaging-5.0.0","org.axonframework.messaging.queryhandling.tracing.QueryBusSpanFactory",1,3,"axon-tracing-opentelemetry-5.0.0","org.axonframework.extension.tracing.opentelemetry.OpenTelemetrySpan",1,2,""
0.26666666666666666,"axon-messaging-5.0.0","org.axonframework.messaging.queryhandling.tracing.QueryBusSpanFactory",1,3,"axon-messaging-5.0.0","org.axonframework.messaging.tracing.NoOpSpanFactory$NoOpSpan",2,2,""
0.26666666666666666,"axon-test-5.0.0","org.axonframework.test.fixture.AxonTestPhase$Given",4,7,"axon-test-5.0.0","org.axonframework.test.fixture.AxonTestPhase$When$Nothing",4,3,""
0.26666666666666666,"axon-test-5.0.0","org.axonframework.test.fixture.AxonTestPhase$Then$MessageAssertions",6,4,"axon-eventsourcing-5.0.0","org.axonframework.eventsourcing.EventSourcedEntityFactory",8,2,""
0.26666666666666666,"axon-test-5.0.0","org.axonframework.test.fixture.AxonTestPhase$When$Nothing",4,3,"axon-test-5.0.0","org.axonframework.test.fixture.AxonTestPhase$Given",4,7,""
0.26595744680851063,"axon-messaging-5.0.0","org.axonframework.messaging.queryhandling.SimpleQueryUpdateEmitter",1,12,"axon-messaging-5.0.0","org.axonframework.messaging.queryhandling.distributed.DistributedQueryBus",2,18,""
0.2653061224489796,"axon-tracing-opentelemetry-5.0.0","org.axonframework.extension.tracing.opentelemetry.OpenTelemetrySpanFactory",1,7,"axon-messaging-5.0.0","org.axonframework.messaging.tracing.NoOpSpanFactory",1,5,""
0.2631578947368421,"axon-eventsourcing-5.0.0","org.axonframework.eventsourcing.eventstore.AggregateBasedConsistencyMarker$AggregateSequencer",5,1,"axon-server-connector-5.0.0","org.axonframework.axonserver.connector.event.AggregateBasedAxonServerEventStorageEngine$1",1,7,""
0.2631578947368421,"axon-messaging-5.0.0","org.axonframework.messaging.core.ConversionCache",1,3,"axon-messaging-5.0.0","org.axonframework.messaging.core.conversion.DelegatingMessageConverter",3,5,""
0.2631578947368421,"axon-messaging-5.0.0","org.axonframework.messaging.core.annotation.MultiHandlerDefinition",1,8,"axon-messaging-5.0.0","org.axonframework.messaging.core.annotation.MultiHandlerEnhancerDefinition",2,3,""
0.2631578947368421,"axon-messaging-5.0.0","org.axonframework.messaging.core.annotation.MultiHandlerEnhancerDefinition",2,3,"axon-messaging-5.0.0","org.axonframework.messaging.core.annotation.MultiHandlerDefinition",1,8,""
0.2631578947368421,"axon-messaging-5.0.0","org.axonframework.messaging.eventhandling.processing.streaming.token.store.jdbc.JdbcTokenEntry",1,5,"axon-messaging-5.0.0","org.axonframework.messaging.eventhandling.processing.streaming.token.LatestTrackingToken",1,1,""
0.2631578947368421,"axon-messaging-5.0.0","org.axonframework.messaging.eventhandling.tracing.DefaultEventBusSpanFactory",1,6,"axon-messaging-5.0.0","org.axonframework.messaging.eventhandling.tracing.EventBusSpanFactory",1,2,""
0.2631578947368421,"axon-messaging-5.0.0","org.axonframework.messaging.queryhandling.tracing.DefaultQueryUpdateEmitterSpanFactory",1,6,"axon-messaging-5.0.0","org.axonframework.messaging.queryhandling.tracing.QueryUpdateEmitterSpanFactory",1,2,""
0.2631578947368421,"axon-messaging-5.0.0","org.axonframework.messaging.queryhandling.tracing.QueryUpdateEmitterSpanFactory",1,2,"axon-messaging-5.0.0","org.axonframework.messaging.queryhandling.tracing.DefaultQueryUpdateEmitterSpanFactory",1,6,""
0.2631578947368421,"axon-modelling-5.0.0","org.axonframework.modelling.entity.ConcreteEntityMetamodel",3,23,"axon-messaging-5.0.0","org.axonframework.messaging.commandhandling.SimpleCommandBus",1,17,""
0.2631578947368421,"axon-modelling-5.0.0","org.axonframework.modelling.entity.child.EntityChildMetamodel",11,11,"axon-messaging-5.0.0","org.axonframework.messaging.commandhandling.CommandHandler",22,5,""
0.2631578947368421,"axon-modelling-5.0.0","org.axonframework.modelling.entity.child.EntityChildMetamodel",11,11,"axon-modelling-5.0.0","org.axonframework.modelling.entity.EntityCommandHandler",5,5,""
0.2625,"axon-messaging-5.0.0","org.axonframework.messaging.commandhandling.SimpleCommandHandlingComponent",2,16,"axon-modelling-5.0.0","org.axonframework.modelling.entity.EntityCommandHandlingComponent",2,17,""
0.2625,"axon-modelling-5.0.0","org.axonframework.modelling.entity.EntityCommandHandlingComponent",2,17,"axon-messaging-5.0.0","org.axonframework.messaging.commandhandling.SimpleCommandHandlingComponent",2,16,""
0.26222222222222225,"axon-messaging-5.0.0","org.axonframework.messaging.core.interception.DefaultDispatchInterceptorRegistry",7,25,"axon-messaging-5.0.0","org.axonframework.messaging.monitoring.configuration.DefaultMessageMonitorRegistry",7,24,""
0.26222222222222225,"axon-messaging-5.0.0","org.axonframework.messaging.monitoring.configuration.DefaultMessageMonitorRegistry",7,24,"axon-messaging-5.0.0","org.axonframework.messaging.core.interception.DefaultDispatchInterceptorRegistry",7,25,""
0.2620689655172414,"axon-messaging-5.0.0","org.axonframework.messaging.eventhandling.processing.subscribing.SubscribingEventProcessorModule",2,22,"axon-messaging-5.0.0","org.axonframework.messaging.eventhandling.processing.subscribing.SubscribingEventProcessorsConfigurer",1,14,""
0.2620689655172414,"axon-messaging-5.0.0","org.axonframework.messaging.eventhandling.processing.subscribing.SubscribingEventProcessorsConfigurer",1,14,"axon-messaging-5.0.0","org.axonframework.messaging.eventhandling.processing.subscribing.SubscribingEventProcessorModule",2,22,""
0.2619047619047619,"axon-common-5.0.0","org.axonframework.common.configuration.DecoratedComponent",1,8,"axon-common-5.0.0","org.axonframework.common.configuration.DefaultDecoratorDefinition",2,8,""
0.2619047619047619,"axon-common-5.0.0","org.axonframework.common.configuration.DefaultDecoratorDefinition",2,8,"axon-common-5.0.0","org.axonframework.common.configuration.DecoratedComponent",1,8,""
0.2619047619047619,"axon-messaging-5.0.0","org.axonframework.messaging.eventhandling.processing.subscribing.SubscribingEventProcessor",3,19,"axon-messaging-5.0.0","org.axonframework.messaging.eventhandling.processing.ProcessorEventHandlingComponents",3,10,""
0.2608695652173913,"axon-common-5.0.0","org.axonframework.common.configuration.ComponentDefinition$2",1,7,"axon-messaging-5.0.0","org.axonframework.messaging.core.interception.DefaultHandlerInterceptorRegistry$GenericInterceptorDefinition",1,6,""
0.2608695652173913,"axon-common-5.0.0","org.axonframework.common.configuration.ComponentDefinition$2",1,7,"axon-messaging-5.0.0","org.axonframework.messaging.monitoring.configuration.DefaultMessageMonitorRegistry$GenericMonitorDefinition",1,6,""
0.2608695652173913,"axon-eventsourcing-5.0.0","org.axonframework.eventsourcing.eventstore.AggregateBasedConsistencyMarker",7,8,"axon-eventsourcing-5.0.0","org.axonframework.eventsourcing.eventstore.NoAppendCondition",1,3,""
0.2608695652173913,"axon-messaging-5.0.0","org.axonframework.messaging.eventhandling.EventHandlerRegistry",5,3,"axon-messaging-5.0.0","org.axonframework.messaging.eventhandling.DelegatingEventHandlingComponent",4,8,""
0.2608695652173913,"axon-messaging-5.0.0","org.axonframework.messaging.eventstreaming.OrEventCriteriaBuilder",1,5,"axon-messaging-5.0.0","org.axonframework.messaging.eventstreaming.AnyEvent",4,6,""
0.2608695652173913,"axon-messaging-5.0.0","org.axonframework.messaging.queryhandling.configuration.QueryHandlingModule$QueryHandlerPhase",3,11,"axon-messaging-5.0.0","org.axonframework.messaging.queryhandling.configuration.SimpleQueryHandlingModule",1,16,""
0.2608695652173913,"axon-messaging-5.0.0","org.axonframework.messaging.queryhandling.configuration.SimpleQueryHandlingModule",1,16,"axon-messaging-5.0.0","org.axonframework.messaging.queryhandling.configuration.QueryHandlingModule$QueryHandlerPhase",3,11,""
0.2608695652173913,"axon-messaging-5.0.0","org.axonframework.messaging.tracing.TracingHandlerEnhancerDefinition",2,6,"axon-messaging-5.0.0","org.axonframework.messaging.queryhandling.annotation.MethodQueryHandlerDefinition",,3,""
0.2608695652173913,"axon-modelling-5.0.0","org.axonframework.modelling.entity.PolymorphicEntityMetamodel",3,18,"axon-modelling-5.0.0","org.axonframework.modelling.entity.annotation.AnnotatedEntityMetamodel",13,29,""
0.2608695652173913,"axon-modelling-5.0.0","org.axonframework.modelling.entity.annotation.AnnotatedEntityMetamodel",13,29,"axon-modelling-5.0.0","org.axonframework.modelling.entity.PolymorphicEntityMetamodel",3,18,""
0.26,"axon-eventsourcing-5.0.0","org.axonframework.eventsourcing.eventstore.DefaultEventStoreTransaction",1,15,"axon-eventsourcing-5.0.0","org.axonframework.eventsourcing.eventstore.StorageEngineBackedEventStore",1,19,""
0.26,"axon-eventsourcing-5.0.0","org.axonframework.eventsourcing.eventstore.StorageEngineBackedEventStore",1,19,"axon-eventsourcing-5.0.0","org.axonframework.eventsourcing.eventstore.DefaultEventStoreTransaction",1,15,""
0.25925925925925924,"axon-messaging-5.0.0","org.axonframework.messaging.queryhandling.SimpleQueryBus",1,22,"axon-messaging-5.0.0","org.axonframework.messaging.queryhandling.interception.InterceptingQueryBus",1,18,""
0.25925925925925924,"axon-messaging-5.0.0","org.axonframework.messaging.queryhandling.interception.InterceptingQueryBus",1,18,"axon-messaging-5.0.0","org.axonframework.messaging.queryhandling.SimpleQueryBus",1,22,""
0.25806451612903225,"axon-eventsourcing-5.0.0","org.axonframework.eventsourcing.eventstore.inmemory.InMemoryEventStorageEngine$1",1,10,"axon-eventsourcing-5.0.0","org.axonframework.eventsourcing.eventstore.inmemory.InMemoryEventStorageEngine$MapBackedMessageStream",4,10,""
0.25806451612903225,"axon-messaging-5.0.0","org.axonframework.messaging.core.timeout.HandlerTimeoutHandlerEnhancerDefinition",1,8,"axon-messaging-5.0.0","org.axonframework.messaging.core.annotation.HandlerComparator",1,1,""
0.25806451612903225,"axon-update-5.0.0","org.axonframework.update.UpdateChecker",1,10,"axon-update-5.0.0","org.axonframework.update.UpdateCheckerHttpClient",2,4,""
0.25806451612903225,"axon-update-5.0.0","org.axonframework.update.UpdateCheckerHttpClient",2,4,"axon-update-5.0.0","org.axonframework.update.UpdateChecker",1,10,""
0.2571428571428571,"axon-eventsourcing-5.0.0","org.axonframework.eventsourcing.annotation.reflection.AnnotationBasedEventSourcedEntityFactory$ScannedEntityCreator",1,8,"axon-eventsourcing-5.0.0","org.axonframework.eventsourcing.annotation.reflection.AnnotationBasedEventSourcedEntityFactory$IdTypeParameterResolver",1,4,""
0.2571428571428571,"axon-messaging-5.0.0","org.axonframework.messaging.queryhandling.distributed.PayloadConvertingQueryBusConnector",3,11,"axon-messaging-5.0.0","org.axonframework.messaging.queryhandling.interception.InterceptingQueryBus$QueryInterceptingDispatcher",1,6,""
0.2564102564102564,"axon-messaging-5.0.0","org.axonframework.messaging.core.GenericMessage",12,9,"axon-messaging-5.0.0","org.axonframework.messaging.core.MessageTypeResolver",26,4,""
0.2558139534883721,"axon-modelling-5.0.0","org.axonframework.modelling.entity.child.AbstractEntityChildMetamodel",2,15,"axon-modelling-5.0.0","org.axonframework.modelling.entity.child.EntityChildMetamodel",11,11,""
0.2553191489361702,"axon-server-connector-5.0.0","org.axonframework.axonserver.connector.event.AxonServerEventStorageEngineFactory",1,10,"axon-common-5.0.0","org.axonframework.common.configuration.DecoratedComponent",1,8,""
0.2553191489361702,"axon-tracing-opentelemetry-5.0.0","org.axonframework.extension.tracing.opentelemetry.OpenTelemetrySpanFactory",1,7,"axon-messaging-5.0.0","org.axonframework.messaging.core.MessageDecorator",5,4,""
0.2553191489361702,"axon-messaging-5.0.0","org.axonframework.messaging.core.unitofwork.UnitOfWork",17,10,"axon-messaging-5.0.0","org.axonframework.messaging.eventhandling.processing.streaming.pooled.EventSchedulingProcessingContext",2,7,""
0.2552083333333333,"axon-spring-boot-autoconfigure-5.0.0","org.axonframework.extension.springboot.autoconfig.InterceptorAutoConfiguration",,12,"axon-messaging-5.0.0","org.axonframework.messaging.core.interception.DefaultHandlerInterceptorRegistry",6,23,""
0.2552083333333333,"axon-messaging-5.0.0","org.axonframework.messaging.core.interception.DefaultHandlerInterceptorRegistry",6,23,"axon-spring-boot-autoconfigure-5.0.0","org.axonframework.extension.springboot.autoconfig.InterceptorAutoConfiguration",,12,""
0.2549019607843137,"axon-messaging-5.0.0","org.axonframework.messaging.core.annotation.AnnotatedHandlerInspector",5,13,"axon-messaging-5.0.0","org.axonframework.messaging.core.annotation.HandlerComparator",1,1,""
0.2549019607843137,"axon-messaging-5.0.0","org.axonframework.messaging.core.unitofwork.UnitOfWork",17,10,"axon-messaging-5.0.0","org.axonframework.messaging.core.unitofwork.transaction.TransactionManager",8,6,""
0.2549019607843137,"axon-messaging-5.0.0","org.axonframework.messaging.core.unitofwork.transaction.TransactionManager",8,6,"axon-messaging-5.0.0","org.axonframework.messaging.core.unitofwork.UnitOfWork",17,10,""
0.2542372881355932,"axon-messaging-5.0.0","org.axonframework.messaging.core.unitofwork.ProcessingLifecycle",9,5,"axon-messaging-5.0.0","org.axonframework.messaging.eventhandling.SimpleEventBus",2,8,""
0.25396825396825395,"axon-eventsourcing-5.0.0","org.axonframework.eventsourcing.EventSourcingRepository",1,16,"axon-modelling-5.0.0","org.axonframework.modelling.repository.SimpleRepository",3,8,""
0.25333333333333335,"axon-messaging-5.0.0","org.axonframework.messaging.tracing.MultiSpanFactory",,5,"axon-tracing-opentelemetry-5.0.0","org.axonframework.extension.tracing.opentelemetry.OpenTelemetrySpanFactory",1,7,""
0.25316455696202533,"axon-messaging-5.0.0","org.axonframework.messaging.queryhandling.gateway.DefaultQueryGateway",1,16,"axon-messaging-5.0.0","org.axonframework.messaging.core.FilteringMessageStream",2,4,""
0.25217391304347825,"axon-messaging-5.0.0","org.axonframework.messaging.core.unitofwork.ResourceOverridingProcessingContext",3,5,"axon-modelling-5.0.0","org.axonframework.modelling.repository.AccessSerializingRepository",,9,""
0.25,"axon-server-connector-5.0.0","org.axonframework.axonserver.connector.query.QueryUpdateMessageStream",1,5,"axon-messaging-5.0.0","org.axonframework.messaging.core.HandlerExecutionException",3,1,""
0.25,"axon-server-connector-5.0.0","org.axonframework.axonserver.connector.query.QueryUpdateMessageStream",1,5,"axon-messaging-5.0.0","org.axonframework.messaging.eventhandling.TransactionMethodExecutionException",,1,""
0.25,"axon-common-5.0.0","org.axonframework.common.ConstructorUtils",3,1,"axon-messaging-5.0.0","org.axonframework.messaging.commandhandling.annotation.AnnotationRoutingStrategy$RoutingKeyResolver",1,2,""
0.25,"axon-common-5.0.0","org.axonframework.common.ReflectionUtils",25,4,"axon-common-5.0.0","org.axonframework.common.BuilderUtils",32,3,""
0.25,"axon-common-5.0.0","org.axonframework.common.caching.EhCacheAdapter",1,5,"axon-common-5.0.0","org.axonframework.common.caching.Cache",3,3,""
0.25,"axon-common-5.0.0","org.axonframework.common.caching.EhCacheAdapter$CacheEventListenerAdapter",1,2,"axon-common-5.0.0","org.axonframework.common.caching.EhCacheAdapter",1,5,""
0.25,"axon-common-5.0.0","org.axonframework.common.configuration.Component",16,4,"axon-common-5.0.0","org.axonframework.common.configuration.InstantiatedComponentDefinition",3,5,""
0.25,"axon-common-5.0.0","org.axonframework.common.configuration.ComponentDefinition$ComponentCreator",7,2,"axon-common-5.0.0","org.axonframework.common.configuration.ComponentDefinition$IncompleteComponentDefinition",17,2,""
0.25,"axon-common-5.0.0","org.axonframework.common.configuration.ComponentDefinition$IncompleteComponentDefinition",17,2,"axon-common-5.0.0","org.axonframework.common.configuration.ComponentDefinition$ComponentCreator",7,2,""
0.25,"axon-common-5.0.0","org.axonframework.common.configuration.ComponentFactory",4,4,"axon-common-5.0.0","org.axonframework.common.configuration.AxonConfiguration",14,1,""
0.25,"axon-common-5.0.0","org.axonframework.common.configuration.Configuration",93,2,"axon-conversion-5.0.0","org.axonframework.conversion.Converter",37,1,""
0.25,"axon-common-5.0.0","org.axonframework.common.configuration.Configuration",93,2,"axon-messaging-5.0.0","org.axonframework.messaging.eventhandling.processing.EventProcessor",6,1,""
0.25,"axon-common-5.0.0","org.axonframework.common.configuration.ConfigurationEnhancer",25,1,"axon-messaging-5.0.0","org.axonframework.messaging.core.configuration.reflection.ConfigurationParameterResolverConfigurationEnhancer",,4,""
0.25,"axon-common-5.0.0","org.axonframework.common.configuration.ConfigurationEnhancer",25,1,"axon-modelling-5.0.0","org.axonframework.modelling.annotation.InjectEntityParameterResolverFactoryConfigurationEnhancer",,4,""
0.25,"axon-common-5.0.0","org.axonframework.common.configuration.DecoratorDefinition$1",1,5,"axon-common-5.0.0","org.axonframework.common.configuration.DecoratorDefinition$CompletedDecoratorDefinition",3,3,""
0.25,"axon-common-5.0.0","org.axonframework.common.configuration.DecoratorDefinition$CompletedDecoratorDefinition",3,3,"axon-common-5.0.0","org.axonframework.common.configuration.DecoratorDefinition$1",1,5,""
0.25,"axon-common-5.0.0","org.axonframework.common.configuration.InstantiatedComponentDefinition",3,5,"axon-common-5.0.0","org.axonframework.common.configuration.Component",16,4,""
0.25,"axon-common-5.0.0","org.axonframework.common.jpa.SimpleEntityManagerProvider",,2,"axon-test-5.0.0","org.axonframework.test.server.AxonServerContainerUtils",1,1,""
0.25,"axon-common-5.0.0","org.axonframework.common.lock.NoOpLock",1,1,"axon-common-5.0.0","org.axonframework.common.lock.NullLockFactory",,3,""
0.25,"axon-common-5.0.0","org.axonframework.common.lock.NullLockFactory",,3,"axon-common-5.0.0","org.axonframework.common.lock.NoOpLock",1,1,""
0.25,"axon-common-5.0.0","org.axonframework.common.property.DirectlyAccessedProperty",1,2,"axon-common-5.0.0","org.axonframework.common.property.PropertyAccessStrategy",5,1,""
0.25,"axon-common-5.0.0","org.axonframework.common.property.PropertyAccessStrategy",5,1,"axon-common-5.0.0","org.axonframework.common.property.DirectlyAccessedProperty",1,2,""
0.25,"axon-common-5.0.0","org.axonframework.common.util.MavenArtifactVersionResolver",,1,"axon-eventsourcing-5.0.0","org.axonframework.eventsourcing.eventstore.jpa.SQLErrorCodesResolver",1,4,""
0.25,"axon-conversion-5.0.0","org.axonframework.conversion.ChainedConverter",1,5,"axon-conversion-5.0.0","org.axonframework.conversion.ChainedConverter$RouteCalculator",1,2,""
0.25,"axon-conversion-5.0.0","org.axonframework.conversion.ChainedConverter$Route",2,2,"axon-conversion-5.0.0","org.axonframework.conversion.ChainedConverter$RouteCalculator",1,2,""
0.25,"axon-conversion-5.0.0","org.axonframework.conversion.ChainedConverter$RouteCalculator",1,2,"axon-conversion-5.0.0","org.axonframework.conversion.ChainedConverter",1,5,""
0.25,"axon-conversion-5.0.0","org.axonframework.conversion.ChainedConverter$RouteCalculator",1,2,"axon-conversion-5.0.0","org.axonframework.conversion.ChainedConverter$Route",2,2,""
0.25,"axon-conversion-5.0.0","org.axonframework.conversion.PassThroughConverter",,2,"axon-messaging-5.0.0","org.axonframework.messaging.core.ConversionCache$Target",1,1,""
0.25,"axon-conversion-5.0.0","org.axonframework.conversion.avro.AvroConverterStrategy",4,2,"axon-messaging-5.0.0","org.axonframework.messaging.eventhandling.EventBus",9,3,""
0.25,"axon-conversion-5.0.0","org.axonframework.conversion.avro.AvroUtil",5,1,"axon-conversion-5.0.0","org.axonframework.conversion.avro.SpecificRecordBaseConverterStrategy",1,7,""
0.25,"axon-conversion-5.0.0","org.axonframework.conversion.avro.DefaultSchemaIncompatibilityChecker",1,2,"axon-conversion-5.0.0","org.axonframework.conversion.avro.ByteArrayToGenericRecordConverter",1,3,""
0.25,"axon-conversion-5.0.0","org.axonframework.conversion.avro.SpecificRecordBaseConverterStrategy",1,7,"axon-conversion-5.0.0","org.axonframework.conversion.avro.AvroUtil",5,1,""
0.25,"axon-eventsourcing-5.0.0","org.axonframework.eventsourcing.annotation.AnnotationBasedEventCriteriaResolver$WrappedEventCriteriaBuilderMethod",1,4,"axon-modelling-5.0.0","org.axonframework.modelling.entity.child.FieldChildEntityFieldDefinition",1,5,""
0.25,"axon-eventsourcing-5.0.0","org.axonframework.eventsourcing.annotation.reflection.AnnotationBasedEventSourcedEntityFactoryDefinition",1,7,"axon-messaging-5.0.0","org.axonframework.messaging.core.ConfigurationApplicationContext",2,3,""
0.25,"axon-eventsourcing-5.0.0","org.axonframework.eventsourcing.eventstore.AggregateBasedEventStorageEngineUtils",4,5,"axon-eventsourcing-5.0.0","org.axonframework.eventsourcing.eventstore.PayloadBasedTagResolver",,3,""
0.25,"axon-eventsourcing-5.0.0","org.axonframework.eventsourcing.eventstore.DefaultSourcingCondition",1,3,"axon-eventsourcing-5.0.0","org.axonframework.eventsourcing.eventstore.AggregateSequenceNumberPosition",3,1,""
0.25,"axon-eventsourcing-5.0.0","org.axonframework.eventsourcing.eventstore.DefaultSourcingCondition",1,3,"axon-eventsourcing-5.0.0","org.axonframework.eventsourcing.eventstore.GlobalIndexPosition",3,1,""
0.25,"axon-eventsourcing-5.0.0","org.axonframework.eventsourcing.eventstore.EventCoordinator$1",1,3,"axon-eventsourcing-5.0.0","org.axonframework.eventsourcing.eventstore.EventCoordinator$Handle",6,1,""
0.25,"axon-eventsourcing-5.0.0","org.axonframework.eventsourcing.eventstore.EventCoordinator$1",1,3,"axon-eventsourcing-5.0.0","org.axonframework.eventsourcing.eventstore.jpa.JpaPollingEventCoordinator",2,5,""
0.25,"axon-eventsourcing-5.0.0","org.axonframework.eventsourcing.eventstore.EventCoordinator$Handle",6,1,"axon-eventsourcing-5.0.0","org.axonframework.eventsourcing.eventstore.EventCoordinator$1",1,3,""
0.25,"axon-eventsourcing-5.0.0","org.axonframework.eventsourcing.eventstore.EventCoordinator$Handle",6,1,"axon-eventsourcing-5.0.0","org.axonframework.eventsourcing.eventstore.jpa.JpaPollingEventCoordinator$1",1,3,""
0.25,"axon-eventsourcing-5.0.0","org.axonframework.eventsourcing.eventstore.EventStore",9,5,"axon-messaging-5.0.0","org.axonframework.messaging.commandhandling.CommandBus",19,5,""
0.25,"axon-eventsourcing-5.0.0","org.axonframework.eventsourcing.eventstore.EventStore",9,5,"axon-messaging-5.0.0","org.axonframework.messaging.eventhandling.EventSink",11,3,""
0.25,"axon-eventsourcing-5.0.0","org.axonframework.eventsourcing.eventstore.MultiTagResolver",,3,"axon-eventsourcing-5.0.0","org.axonframework.eventsourcing.eventstore.MetadataBasedTagResolver",,4,""
0.25,"axon-eventsourcing-5.0.0","org.axonframework.eventsourcing.eventstore.MultiTagResolver",,3,"axon-eventsourcing-5.0.0","org.axonframework.eventsourcing.eventstore.TagResolver",7,2,""
0.25,"axon-eventsourcing-5.0.0","org.axonframework.eventsourcing.eventstore.jpa.JpaPollingEventCoordinator",2,5,"axon-eventsourcing-5.0.0","org.axonframework.eventsourcing.eventstore.EventCoordinator$1",1,3,""
0.25,"axon-eventsourcing-5.0.0","org.axonframework.eventsourcing.eventstore.jpa.JpaPollingEventCoordinator$1",1,3,"axon-eventsourcing-5.0.0","org.axonframework.eventsourcing.eventstore.EventCoordinator$Handle",6,1,""
0.25,"axon-eventsourcing-5.0.0","org.axonframework.eventsourcing.eventstore.jpa.SQLErrorCodesResolver",1,4,"axon-common-5.0.0","org.axonframework.common.util.MavenArtifactVersionResolver",,1,""
0.25,"axon-eventsourcing-5.0.0","org.axonframework.eventsourcing.eventstore.jpa.SQLStateResolver",,2,"axon-eventsourcing-5.0.0","org.axonframework.eventsourcing.eventstore.jpa.SQLErrorCodesResolver",1,4,""
0.25,"axon-metrics-micrometer-5.0.0","org.axonframework.extension.metrics.micrometer.MessageTimerMonitor$1",1,2,"axon-metrics-micrometer-5.0.0","org.axonframework.extension.metrics.micrometer.MessageCountingMonitor$1",1,2,""
0.25,"axon-spring-boot-autoconfigure-5.0.0","org.axonframework.extension.springboot.actuator.axonserver.AxonServerHealthIndicator",1,2,"axon-spring-boot-autoconfigure-5.0.0","org.axonframework.extension.springboot.actuator.axonserver.AxonServerStatusAggregator",1,1,""
0.25,"axon-spring-boot-autoconfigure-5.0.0","org.axonframework.extension.springboot.actuator.axonserver.AxonServerStatusAggregator",1,1,"axon-spring-boot-autoconfigure-5.0.0","org.axonframework.extension.springboot.actuator.axonserver.AxonServerHealthIndicator",1,2,""
0.25,"axon-spring-boot-autoconfigure-5.0.0","org.axonframework.extension.springboot.autoconfig.AxonServerAutoConfiguration$1",1,4,"axon-messaging-5.0.0","org.axonframework.messaging.core.configuration.reflection.ConfigurationParameterResolverConfigurationEnhancer",,4,""
0.25,"axon-spring-boot-autoconfigure-5.0.0","org.axonframework.extension.springboot.autoconfig.AxonServerAutoConfiguration$1",1,4,"axon-modelling-5.0.0","org.axonframework.modelling.annotation.InjectEntityParameterResolverFactoryConfigurationEnhancer",,4,""
0.25,"axon-spring-boot-autoconfigure-5.0.0","org.axonframework.extension.springboot.autoconfig.NoOpTransactionAutoConfiguration",,3,"axon-spring-boot-autoconfigure-5.0.0","org.axonframework.extension.springboot.autoconfig.TransactionAutoConfiguration",1,1,""
0.25,"axon-spring-boot-autoconfigure-5.0.0","org.axonframework.extension.springboot.autoconfig.TransactionAutoConfiguration",1,1,"axon-spring-boot-autoconfigure-5.0.0","org.axonframework.extension.springboot.autoconfig.NoOpTransactionAutoConfiguration",,3,""
0.25,"axon-messaging-5.0.0","org.axonframework.messaging.commandhandling.CommandHandlerRegistry",9,3,"axon-messaging-5.0.0","org.axonframework.messaging.commandhandling.CommandHandlingComponent",8,2,""
0.25,"axon-messaging-5.0.0","org.axonframework.messaging.commandhandling.annotation.AnnotationRoutingStrategy$RoutingKeyResolver",1,2,"axon-common-5.0.0","org.axonframework.common.ConstructorUtils",3,1,""
0.25,"axon-messaging-5.0.0","org.axonframework.messaging.commandhandling.annotation.AnnotationRoutingStrategy$RoutingKeyResolver",1,2,"axon-test-5.0.0","org.axonframework.test.matchers.NonTransientFieldsFilter",,2,""
0.25,"axon-messaging-5.0.0","org.axonframework.messaging.commandhandling.configuration.CommandHandlingModule$CommandHandlerPhase",3,10,"axon-messaging-5.0.0","org.axonframework.messaging.eventhandling.configuration.EventHandlingComponentsConfigurer$ComponentsPhase",3,6,""
0.25,"axon-messaging-5.0.0","org.axonframework.messaging.commandhandling.configuration.SimpleCommandHandlingModule",1,16,"axon-messaging-5.0.0","org.axonframework.messaging.commandhandling.configuration.CommandHandlingModule$CommandHandlerPhase",3,10,""
0.25,"axon-messaging-5.0.0","org.axonframework.messaging.commandhandling.distributed.CommandBusConnector$Handler",6,2,"axon-modelling-5.0.0","org.axonframework.modelling.entity.EntityAlreadyExistsForCreationalCommandHandlerException",2,1,""
0.25,"axon-messaging-5.0.0","org.axonframework.messaging.commandhandling.distributed.CommandBusConnector$ResultCallback",7,1,"axon-test-5.0.0","org.axonframework.test.fixture.AxonTestPhase$Then$Command",5,3,""
0.25,"axon-messaging-5.0.0","org.axonframework.messaging.commandhandling.distributed.DistributedCommandBus$DistributedHandler",1,7,"axon-test-5.0.0","org.axonframework.test.fixture.CommandValidator",1,7,""
0.25,"axon-messaging-5.0.0","org.axonframework.messaging.commandhandling.distributed.DistributedCommandBusConfiguration",3,3,"axon-messaging-5.0.0","org.axonframework.messaging.core.timeout.AxonTaskJanitor",2,1,""
0.25,"axon-messaging-5.0.0","org.axonframework.messaging.commandhandling.gateway.CommandDispatcher",3,7,"axon-messaging-5.0.0","org.axonframework.messaging.queryhandling.QueryUpdateEmitter",4,8,""
0.25,"axon-messaging-5.0.0","org.axonframework.messaging.commandhandling.gateway.CommandGateway",5,4,"axon-messaging-5.0.0","org.axonframework.messaging.queryhandling.gateway.QueryGateway",2,3,""
0.25,"axon-messaging-5.0.0","org.axonframework.messaging.core.ClassBasedMessageTypeResolver",3,2,"axon-messaging-5.0.0","org.axonframework.messaging.eventhandling.TerminalEventMessage",4,4,""
0.25,"axon-messaging-5.0.0","org.axonframework.messaging.core.ConversionCache$Target",1,1,"axon-conversion-5.0.0","org.axonframework.conversion.PassThroughConverter",,2,""
0.25,"axon-messaging-5.0.0","org.axonframework.messaging.core.annotation.AbstractAnnotatedParameterResolverFactory",5,5,"axon-test-5.0.0","org.axonframework.test.server.AxonServerContainerUtils",1,1,""
0.25,"axon-messaging-5.0.0","org.axonframework.messaging.core.annotation.HandlerDefinition",7,3,"axon-messaging-5.0.0","org.axonframework.messaging.core.annotation.HandlerEnhancerDefinition",12,1,""
0.25,"axon-messaging-5.0.0","org.axonframework.messaging.core.annotation.HandlerDefinition",7,3,"axon-messaging-5.0.0","org.axonframework.messaging.core.interception.annotation.MessageInterceptingMember",3,2,""
0.25,"axon-messaging-5.0.0","org.axonframework.messaging.core.annotation.InterceptorChainParameterResolverFactory",1,9,"axon-messaging-5.0.0","org.axonframework.messaging.core.interception.annotation.ResultParameterResolverFactory",2,8,""
0.25,"axon-messaging-5.0.0","org.axonframework.messaging.core.correlation.CorrelationDataProviderRegistry",4,4,"axon-messaging-5.0.0","org.axonframework.messaging.core.correlation.DefaultCorrelationDataProviderRegistry",1,9,""
0.25,"axon-messaging-5.0.0","org.axonframework.messaging.core.correlation.DefaultCorrelationDataProviderRegistry",1,9,"axon-messaging-5.0.0","org.axonframework.messaging.core.correlation.CorrelationDataProviderRegistry",4,4,""
0.25,"axon-messaging-5.0.0","org.axonframework.messaging.core.retry.AxonNonTransientExceptionClassesPredicate",,2,"axon-common-5.0.0","org.axonframework.common.lifecycle.ShutdownInProgressException",1,1,""
0.25,"axon-messaging-5.0.0","org.axonframework.messaging.core.retry.AxonNonTransientExceptionClassesPredicate",,2,"axon-messaging-5.0.0","org.axonframework.messaging.queryhandling.CompletedEmitterException",,1,""
0.25,"axon-messaging-5.0.0","org.axonframework.messaging.core.retry.DoNotRetryOutcome",1,1,"axon-messaging-5.0.0","org.axonframework.messaging.core.retry.ExponentialBackOffRetryPolicy",,4,""
0.25,"axon-messaging-5.0.0","org.axonframework.messaging.core.retry.RetryOutcome",1,1,"axon-messaging-5.0.0","org.axonframework.messaging.core.retry.ExponentialBackOffRetryPolicy",,4,""
0.25,"axon-messaging-5.0.0","org.axonframework.messaging.core.timeout.AxonTaskJanitor",2,1,"axon-messaging-5.0.0","org.axonframework.messaging.commandhandling.distributed.DistributedCommandBusConfiguration",3,3,""
0.25,"axon-messaging-5.0.0","org.axonframework.messaging.core.unitofwork.ProcessingLifecycle",9,5,"axon-messaging-5.0.0","org.axonframework.messaging.core.unitofwork.transaction.TransactionManager",8,6,""
0.25,"axon-messaging-5.0.0","org.axonframework.messaging.core.unitofwork.TransactionalUnitOfWorkFactory",1,9,"axon-messaging-5.0.0","org.axonframework.messaging.core.unitofwork.transaction.TransactionManager",8,6,""
0.25,"axon-messaging-5.0.0","org.axonframework.messaging.core.unitofwork.UnitOfWork$UnitOfWorkProcessingContext",3,10,"axon-messaging-5.0.0","org.axonframework.messaging.eventhandling.processing.streaming.pooled.EventSchedulingProcessingContext",2,7,""
0.25,"axon-messaging-5.0.0","org.axonframework.messaging.core.unitofwork.transaction.TransactionManager",8,6,"axon-messaging-5.0.0","org.axonframework.messaging.core.unitofwork.ProcessingLifecycle",9,5,""
0.25,"axon-messaging-5.0.0","org.axonframework.messaging.core.unitofwork.transaction.TransactionManager",8,6,"axon-messaging-5.0.0","org.axonframework.messaging.core.unitofwork.TransactionalUnitOfWorkFactory",1,9,""
0.25,"axon-messaging-5.0.0","org.axonframework.messaging.eventhandling.EventBus",9,3,"axon-conversion-5.0.0","org.axonframework.conversion.avro.AvroConverterStrategy",4,2,""
0.25,"axon-messaging-5.0.0","org.axonframework.messaging.eventhandling.TerminalEventMessage",4,4,"axon-messaging-5.0.0","org.axonframework.messaging.core.ClassBasedMessageTypeResolver",3,2,""
0.25,"axon-messaging-5.0.0","org.axonframework.messaging.eventhandling.TerminalEventMessage",4,4,"axon-messaging-5.0.0","org.axonframework.messaging.eventhandling.sequencing.SequentialPolicy",2,4,""
0.25,"axon-messaging-5.0.0","org.axonframework.messaging.eventhandling.annotation.EventAppenderParameterResolverFactory",2,4,"axon-messaging-5.0.0","org.axonframework.messaging.eventhandling.annotation.EventAppenderParameterResolverFactory$1",1,4,""
0.25,"axon-messaging-5.0.0","org.axonframework.messaging.eventhandling.configuration.EventBusConfigurationDefaults",2,7,"axon-messaging-5.0.0","org.axonframework.messaging.core.configuration.reflection.ParameterResolverFactoryUtils",7,5,""
0.25,"axon-messaging-5.0.0","org.axonframework.messaging.eventhandling.configuration.EventHandlingComponentsConfigurer$ComponentsPhase",3,6,"axon-messaging-5.0.0","org.axonframework.messaging.commandhandling.configuration.CommandHandlingModule$CommandHandlerPhase",3,10,""
0.25,"axon-messaging-5.0.0","org.axonframework.messaging.eventhandling.configuration.EventProcessingConfigurer",3,9,"axon-messaging-5.0.0","org.axonframework.messaging.eventhandling.configuration.EventProcessorCustomization",3,2,""
0.25,"axon-messaging-5.0.0","org.axonframework.messaging.eventhandling.configuration.EventProcessorCustomization",3,2,"axon-messaging-5.0.0","org.axonframework.messaging.eventhandling.configuration.EventProcessingConfigurer",3,9,""
0.25,"axon-messaging-5.0.0","org.axonframework.messaging.eventhandling.processing.streaming.pooled.SplitTask",1,10,"axon-messaging-5.0.0","org.axonframework.messaging.eventhandling.processing.streaming.pooled.WorkPackage$Builder",2,12,""
0.25,"axon-messaging-5.0.0","org.axonframework.messaging.eventhandling.processing.streaming.pooled.WorkPackage$Builder",2,12,"axon-messaging-5.0.0","org.axonframework.messaging.eventhandling.processing.streaming.pooled.SplitTask",1,10,""
0.25,"axon-messaging-5.0.0","org.axonframework.messaging.eventhandling.processing.streaming.segmenting.EventTrackerStatus",8,2,"axon-messaging-5.0.0","org.axonframework.messaging.eventhandling.processing.streaming.pooled.WorkPackage$EventFilter",4,3,""
0.25,"axon-messaging-5.0.0","org.axonframework.messaging.eventhandling.processing.streaming.token.store.jdbc.GenericTokenTableFactory",1,2,"axon-messaging-5.0.0","org.axonframework.messaging.eventhandling.processing.streaming.token.store.jdbc.TokenSchema$Builder",1,1,""
0.25,"axon-messaging-5.0.0","org.axonframework.messaging.eventhandling.processing.streaming.token.store.jdbc.Oracle11TokenTableFactory",,2,"axon-messaging-5.0.0","org.axonframework.messaging.eventhandling.processing.streaming.token.store.jdbc.TokenSchema$Builder",1,1,""
0.25,"axon-messaging-5.0.0","org.axonframework.messaging.eventhandling.processing.streaming.token.store.jdbc.TokenSchema$Builder",1,1,"axon-messaging-5.0.0","org.axonframework.messaging.eventhandling.processing.streaming.token.store.jdbc.GenericTokenTableFactory",1,2,""
0.25,"axon-messaging-5.0.0","org.axonframework.messaging.eventhandling.sequencing.FallbackSequencingPolicy",,3,"axon-messaging-5.0.0","org.axonframework.messaging.eventhandling.sequencing.FullConcurrencyPolicy",,3,""
0.25,"axon-messaging-5.0.0","org.axonframework.messaging.eventstreaming.EventsCondition",7,3,"axon-messaging-5.0.0","org.axonframework.messaging.eventhandling.NoHandlerForEventException",1,1,""
0.25,"axon-messaging-5.0.0","org.axonframework.messaging.eventstreaming.OrEventCriteriaBuilder",1,5,"axon-messaging-5.0.0","org.axonframework.messaging.eventstreaming.OrEventCriteria",4,5,""
0.25,"axon-messaging-5.0.0","org.axonframework.messaging.monitoring.MultiMessageMonitor$1",1,2,"axon-metrics-micrometer-5.0.0","org.axonframework.extension.metrics.micrometer.MessageCountingMonitor$1",1,2,""
0.25,"axon-messaging-5.0.0","org.axonframework.messaging.queryhandling.QueryHandlerRegistry",5,3,"axon-messaging-5.0.0","org.axonframework.messaging.queryhandling.QueryHandlingComponent",5,2,""
0.25,"axon-messaging-5.0.0","org.axonframework.messaging.queryhandling.QueryHandlerRegistry",5,3,"axon-messaging-5.0.0","org.axonframework.messaging.queryhandling.configuration.QueryHandlingModule$QueryHandlerPhase",3,11,""
0.25,"axon-messaging-5.0.0","org.axonframework.messaging.queryhandling.QueryUpdateEmitter",4,8,"axon-messaging-5.0.0","org.axonframework.messaging.commandhandling.gateway.CommandDispatcher",3,7,""
0.25,"axon-messaging-5.0.0","org.axonframework.messaging.queryhandling.configuration.QueryHandlingModule$QueryHandlerPhase",3,11,"axon-messaging-5.0.0","org.axonframework.messaging.queryhandling.QueryHandlerRegistry",5,3,""
0.25,"axon-messaging-5.0.0","org.axonframework.messaging.queryhandling.tracing.QueryUpdateEmitterSpanFactory",1,2,"axon-messaging-5.0.0","org.axonframework.messaging.tracing.NoOpSpanFactory$NoOpSpan",2,2,""
0.25,"axon-messaging-5.0.0","org.axonframework.messaging.tracing.TracingHandlerEnhancerDefinition",2,6,"axon-messaging-5.0.0","org.axonframework.messaging.eventhandling.replay.annotation.ReplayAwareMessageHandlerWrapper",,5,""
0.25,"axon-modelling-5.0.0","org.axonframework.modelling.SimpleEntityEvolvingComponent",,8,"axon-messaging-5.0.0","org.axonframework.messaging.eventhandling.EventSink",11,3,""
0.25,"axon-modelling-5.0.0","org.axonframework.modelling.annotation.AnnotationBasedEntityIdResolver",3,6,"axon-modelling-5.0.0","org.axonframework.modelling.EntityIdResolver",17,3,""
0.25,"axon-modelling-5.0.0","org.axonframework.modelling.annotation.InjectEntity",1,2,"axon-modelling-5.0.0","org.axonframework.modelling.annotation.EntityIdResolverDefinition",4,3,""
0.25,"axon-modelling-5.0.0","org.axonframework.modelling.annotation.InjectEntityParameterResolver",1,7,"axon-messaging-5.0.0","org.axonframework.messaging.core.annotation.MessageIdentifierParameterResolverFactory$MessageIdentifierParameterResolver",1,3,""
0.25,"axon-modelling-5.0.0","org.axonframework.modelling.configuration.StateBasedEntityModule$EntityIdResolverPhase",3,4,"axon-modelling-5.0.0","org.axonframework.modelling.configuration.StateBasedEntityModule$MessagingMetamodelPhase",4,4,""
0.25,"axon-modelling-5.0.0","org.axonframework.modelling.configuration.StateBasedEntityModule$MessagingMetamodelPhase",4,4,"axon-modelling-5.0.0","org.axonframework.modelling.configuration.StateBasedEntityModule$EntityIdResolverPhase",3,4,""
0.25,"axon-modelling-5.0.0","org.axonframework.modelling.entity.annotation.CommandTargetResolverDefinition",3,2,"axon-modelling-5.0.0","org.axonframework.modelling.annotation.EntityIdResolverDefinition",4,3,""
0.25,"axon-modelling-5.0.0","org.axonframework.modelling.entity.annotation.EventTargetMatcherDefinition",3,2,"axon-modelling-5.0.0","org.axonframework.modelling.entity.annotation.RoutingKeyEventTargetMatcher",1,5,""
0.25,"axon-modelling-5.0.0","org.axonframework.modelling.entity.annotation.RoutingKeyEventTargetMatcher",1,5,"axon-modelling-5.0.0","org.axonframework.modelling.EntityEvolver",13,2,""
0.25,"axon-modelling-5.0.0","org.axonframework.modelling.entity.annotation.RoutingKeyEventTargetMatcher",1,5,"axon-modelling-5.0.0","org.axonframework.modelling.entity.annotation.EventTargetMatcherDefinition",3,2,""
0.25,"axon-modelling-5.0.0","org.axonframework.modelling.entity.child.FieldChildEntityFieldDefinition",1,5,"axon-eventsourcing-5.0.0","org.axonframework.eventsourcing.annotation.AnnotationBasedEventCriteriaResolver$WrappedEventCriteriaBuilderMethod",1,4,""
0.25,"axon-modelling-5.0.0","org.axonframework.modelling.repository.InMemoryRepository",,6,"axon-modelling-5.0.0","org.axonframework.modelling.repository.Repository",11,4,""
0.25,"axon-test-5.0.0","org.axonframework.test.FixtureResourceParameterResolverFactory",,4,"axon-messaging-5.0.0","org.axonframework.messaging.core.configuration.reflection.ConfigurationParameterResolverFactory",1,5,""
0.25,"axon-test-5.0.0","org.axonframework.test.FixtureResourceParameterResolverFactory",,4,"axon-messaging-5.0.0","org.axonframework.messaging.core.unitofwork.annotation.ProcessingContextParameterResolverFactory",,5,""
0.25,"axon-test-5.0.0","org.axonframework.test.fixture.AxonTestFixture$Customization",10,2,"axon-test-5.0.0","org.axonframework.test.matchers.DeepEqualsMatcher",1,5,""
0.25,"axon-test-5.0.0","org.axonframework.test.fixture.AxonTestPhase$Given",4,7,"axon-test-5.0.0","org.axonframework.test.fixture.AxonTestPhase$Then$MessageAssertions",6,4,""
0.25,"axon-test-5.0.0","org.axonframework.test.fixture.AxonTestPhase$Then$Command",5,3,"axon-messaging-5.0.0","org.axonframework.messaging.commandhandling.distributed.CommandBusConnector$ResultCallback",7,1,""
0.25,"axon-test-5.0.0","org.axonframework.test.fixture.AxonTestPhase$Then$MessageAssertions",6,4,"axon-messaging-5.0.0","org.axonframework.messaging.eventhandling.annotation.TimestampParameterResolverFactory$TimestampParameterResolver",1,5,""
0.25,"axon-test-5.0.0","org.axonframework.test.fixture.AxonTestPhase$When$Event",4,3,"axon-test-5.0.0","org.axonframework.test.fixture.AxonTestWhen$Event",1,7,""
0.25,"axon-test-5.0.0","org.axonframework.test.fixture.AxonTestThenNothing",2,7,"axon-test-5.0.0","org.axonframework.test.fixture.AxonTestPhase$When$Nothing",4,3,""
0.25,"axon-test-5.0.0","org.axonframework.test.fixture.AxonTestWhen$Event",1,7,"axon-test-5.0.0","org.axonframework.test.fixture.AxonTestPhase$When$Event",4,3,""
0.25,"axon-test-5.0.0","org.axonframework.test.fixture.AxonTestWhen$Nothing",1,7,"axon-test-5.0.0","org.axonframework.test.fixture.AxonTestPhase$When$Nothing",4,3,""
0.25,"axon-test-5.0.0","org.axonframework.test.fixture.CommandValidator",1,7,"axon-messaging-5.0.0","org.axonframework.messaging.commandhandling.distributed.DistributedCommandBus$DistributedHandler",1,7,""
0.25,"axon-test-5.0.0","org.axonframework.test.matchers.DeepEqualsMatcher",1,5,"axon-test-5.0.0","org.axonframework.test.fixture.AxonTestFixture$Customization",10,2,""
0.25,"axon-test-5.0.0","org.axonframework.test.matchers.ExactClassMatcher",1,1,"axon-messaging-5.0.0","org.axonframework.messaging.eventhandling.processing.streaming.token.store.jpa.JpaTokenStoreConfiguration",2,1,""
0.25,"axon-test-5.0.0","org.axonframework.test.util.CallbackBehavior",2,1,"axon-messaging-5.0.0","org.axonframework.messaging.tracing.attributes.MetadataSpanAttributesProvider",,3,""
0.25,"axon-test-5.0.0","org.axonframework.test.util.DefaultCallbackBehavior",1,2,"axon-messaging-5.0.0","org.axonframework.messaging.core.Metadata$MetadataCollector",1,1,""
0.25,"axon-test-5.0.0","org.axonframework.test.util.MessageMonitorReport$Report",5,4,"axon-messaging-5.0.0","org.axonframework.messaging.core.correlation.CorrelationDataProvider",9,1,""
0.25,"axon-test-5.0.0","org.axonframework.test.util.MessageMonitorReport$Report",5,4,"axon-messaging-5.0.0","org.axonframework.messaging.tracing.SpanAttributesProvider",11,1,""
0.25,"axon-update-5.0.0","org.axonframework.update.api.DetectedVulnerability",2,2,"axon-common-5.0.0","org.axonframework.common.jdbc.ConnectionProvider",2,1,""
0.25,"axon-update-5.0.0","org.axonframework.update.api.DetectedVulnerability",2,2,"axon-common-5.0.0","org.axonframework.common.jpa.EntityManagerProvider",8,1,""
0.25,"axon-update-5.0.0","org.axonframework.update.api.DetectedVulnerability",2,2,"axon-update-5.0.0","org.axonframework.update.detection.MachineId",1,1,""
0.25,"axon-update-5.0.0","org.axonframework.update.configuration.EnvironmentVariableUsagePropertyProvider",1,3,"axon-update-5.0.0","org.axonframework.update.configuration.CommandLineUsagePropertyProvider",1,2,""
0.25,"axon-update-5.0.0","org.axonframework.update.configuration.EnvironmentVariableUsagePropertyProvider",1,3,"axon-update-5.0.0","org.axonframework.update.configuration.DefaultUsagePropertyProvider",2,2,""
0.2483221476510067,"axon-messaging-5.0.0","org.axonframework.messaging.queryhandling.SimpleQueryBus",1,22,"axon-messaging-5.0.0","org.axonframework.messaging.queryhandling.distributed.DistributedQueryBus",2,18,""
0.24778761061946902,"axon-messaging-5.0.0","org.axonframework.messaging.queryhandling.gateway.DefaultQueryGateway",1,16,"axon-messaging-5.0.0","org.axonframework.messaging.queryhandling.distributed.DistributedQueryBus",2,18,""
0.24528301886792453,"axon-eventsourcing-5.0.0","org.axonframework.eventsourcing.configuration.EventSourcingConfigurationDefaults",1,13,"axon-test-5.0.0","org.axonframework.test.fixture.MessagesRecordingConfigurationEnhancer",1,9,""
0.24528301886792453,"axon-test-5.0.0","org.axonframework.test.fixture.MessagesRecordingConfigurationEnhancer",1,9,"axon-eventsourcing-5.0.0","org.axonframework.eventsourcing.configuration.EventSourcingConfigurationDefaults",1,13,""
0.24444444444444444,"axon-messaging-5.0.0","org.axonframework.messaging.core.unitofwork.ResourceOverridingProcessingContext",3,5,"axon-messaging-5.0.0","org.axonframework.messaging.core.unitofwork.LegacyMessageSupportingContext",1,7,""
0.24444444444444444,"axon-messaging-5.0.0","org.axonframework.messaging.core.unitofwork.ResourceOverridingProcessingContext",3,5,"axon-messaging-5.0.0","org.axonframework.messaging.eventhandling.processing.streaming.pooled.EventSchedulingProcessingContext",2,7,""
0.24390243902439024,"axon-modelling-5.0.0","org.axonframework.modelling.entity.ConcreteEntityMetamodel",3,23,"axon-messaging-5.0.0","org.axonframework.messaging.commandhandling.SimpleCommandHandlingComponent",2,16,""
0.24324324324324326,"axon-messaging-5.0.0","org.axonframework.messaging.eventhandling.processing.streaming.token.store.inmemory.InMemoryTokenStore",1,11,"axon-messaging-5.0.0","org.axonframework.messaging.eventhandling.processing.streaming.token.store.jpa.JpaTokenStore",1,17,""
0.24324324324324326,"axon-messaging-5.0.0","org.axonframework.messaging.eventhandling.processing.streaming.token.store.jpa.JpaTokenStore",1,17,"axon-messaging-5.0.0","org.axonframework.messaging.eventhandling.processing.streaming.token.store.inmemory.InMemoryTokenStore",1,11,""
0.24242424242424243,"axon-common-5.0.0","org.axonframework.common.configuration.AbstractComponent",3,9,"axon-common-5.0.0","org.axonframework.common.configuration.DecoratedComponent",1,8,""
0.24193548387096775,"axon-messaging-5.0.0","org.axonframework.messaging.eventhandling.processing.streaming.pooled.PooledStreamingEventProcessorModule",2,26,"axon-messaging-5.0.0","org.axonframework.messaging.eventhandling.processing.streaming.pooled.PooledStreamingEventProcessorsConfigurer",1,16,""
0.24193548387096775,"axon-messaging-5.0.0","org.axonframework.messaging.eventhandling.processing.streaming.pooled.PooledStreamingEventProcessorsConfigurer",1,16,"axon-messaging-5.0.0","org.axonframework.messaging.eventhandling.processing.streaming.pooled.PooledStreamingEventProcessorModule",2,26,""
0.2413793103448276,"axon-common-5.0.0","org.axonframework.common.configuration.DecoratorDefinition$2",1,5,"axon-common-5.0.0","org.axonframework.common.configuration.DefaultDecoratorDefinition",2,8,""
0.2413793103448276,"axon-common-5.0.0","org.axonframework.common.configuration.DefaultDecoratorDefinition",2,8,"axon-common-5.0.0","org.axonframework.common.configuration.DecoratorDefinition$2",1,5,""
0.2413793103448276,"axon-eventsourcing-5.0.0","org.axonframework.eventsourcing.eventstore.AggregateBasedConsistencyMarker",7,8,"axon-eventsourcing-5.0.0","org.axonframework.eventsourcing.eventstore.GlobalIndexConsistencyMarker",6,4,""
0.2413793103448276,"axon-messaging-5.0.0","org.axonframework.messaging.eventhandling.processing.streaming.pooled.DefaultWorkPackageEventFilter",1,10,"axon-eventsourcing-5.0.0","org.axonframework.eventsourcing.EventSourcedEntityFactory",8,2,""
0.2413793103448276,"axon-messaging-5.0.0","org.axonframework.messaging.eventhandling.processing.streaming.segmenting.SequenceCachingEventHandlingComponent",2,7,"axon-messaging-5.0.0","org.axonframework.messaging.eventhandling.interception.InterceptingEventHandlingComponent",2,10,""
0.2413793103448276,"axon-messaging-5.0.0","org.axonframework.messaging.queryhandling.QueryUpdateEmitter",4,8,"axon-messaging-5.0.0","org.axonframework.messaging.queryhandling.gateway.QueryGateway",2,3,""
0.2413793103448276,"axon-modelling-5.0.0","org.axonframework.modelling.entity.ConcreteEntityMetamodel$Builder",1,9,"axon-modelling-5.0.0","org.axonframework.modelling.entity.EntityMetamodelBuilder",8,6,""
0.24107142857142858,"axon-messaging-5.0.0","org.axonframework.messaging.monitoring.configuration.DefaultMessageMonitorRegistry",7,24,"axon-messaging-5.0.0","org.axonframework.messaging.monitoring.configuration.MessageMonitorRegistry",4,9,""
0.24107142857142858,"axon-messaging-5.0.0","org.axonframework.messaging.monitoring.configuration.MessageMonitorRegistry",4,9,"axon-messaging-5.0.0","org.axonframework.messaging.monitoring.configuration.DefaultMessageMonitorRegistry",7,24,""
0.24074074074074073,"axon-server-connector-5.0.0","org.axonframework.axonserver.connector.command.AxonServerCommandBusConnector",2,15,"axon-messaging-5.0.0","org.axonframework.messaging.commandhandling.distributed.PayloadConvertingCommandBusConnector",2,10,""
0.24074074074074073,"axon-messaging-5.0.0","org.axonframework.messaging.commandhandling.distributed.PayloadConvertingCommandBusConnector",2,10,"axon-server-connector-5.0.0","org.axonframework.axonserver.connector.command.AxonServerCommandBusConnector",2,15,""
0.24074074074074073,"axon-messaging-5.0.0","org.axonframework.messaging.core.GenericMessage",12,9,"axon-messaging-5.0.0","org.axonframework.messaging.core.GenericResultMessage",3,8,""
0.24,"axon-metrics-micrometer-5.0.0","org.axonframework.extension.metrics.micrometer.EventProcessorLatencyMonitor",2,6,"axon-messaging-5.0.0","org.axonframework.messaging.eventhandling.annotation.TimestampParameterResolverFactory$TimestampParameterResolver",1,5,""
0.24,"axon-messaging-5.0.0","org.axonframework.messaging.tracing.TracingHandlerEnhancerDefinition",2,6,"axon-messaging-5.0.0","org.axonframework.messaging.eventhandling.annotation.MethodEventHandlerDefinition",,4,""
0.24,"axon-modelling-5.0.0","org.axonframework.modelling.annotation.AnnotationBasedEntityIdResolver",3,6,"axon-modelling-5.0.0","org.axonframework.modelling.annotation.InjectEntityParameterResolver",1,7,""
0.24,"axon-modelling-5.0.0","org.axonframework.modelling.annotation.InjectEntityParameterResolver",1,7,"axon-modelling-5.0.0","org.axonframework.modelling.annotation.AnnotationBasedEntityIdResolver",3,6,""
0.23943661971830985,"axon-eventsourcing-5.0.0","org.axonframework.eventsourcing.EventSourcingRepository",1,16,"axon-eventsourcing-5.0.0","org.axonframework.eventsourcing.eventstore.InterceptingEventStore",2,15,""
0.2391304347826087,"axon-common-5.0.0","org.axonframework.common.configuration.DefaultAxonApplication",2,9,"axon-common-5.0.0","org.axonframework.common.configuration.HierarchicalConfiguration",1,3,""
0.2391304347826087,"axon-common-5.0.0","org.axonframework.common.configuration.HierarchicalConfiguration",1,3,"axon-common-5.0.0","org.axonframework.common.configuration.DefaultAxonApplication",2,9,""
0.2391304347826087,"axon-modelling-5.0.0","org.axonframework.modelling.entity.annotation.AnnotatedEntityIdResolver",1,10,"axon-modelling-5.0.0","org.axonframework.modelling.entity.annotation.AnnotatedEntityModelRoutingKeyMatcher",2,8,""
0.2391304347826087,"axon-modelling-5.0.0","org.axonframework.modelling.entity.annotation.AnnotatedEntityModelRoutingKeyMatcher",2,8,"axon-modelling-5.0.0","org.axonframework.modelling.entity.annotation.AnnotatedEntityIdResolver",1,10,""
0.23857868020304568,"axon-modelling-5.0.0","org.axonframework.modelling.entity.annotation.AnnotatedEntityMetamodel",13,29,"axon-modelling-5.0.0","org.axonframework.modelling.entity.ConcreteEntityMetamodel",3,23,""
0.23809523809523808,"axon-server-connector-5.0.0","org.axonframework.axonserver.connector.event.AxonServerEventStorageEngine",2,19,"axon-test-5.0.0","org.axonframework.test.fixture.RecordingEventStore",1,12,""
0.23809523809523808,"axon-common-5.0.0","org.axonframework.common.configuration.BaseModule",7,6,"axon-messaging-5.0.0","org.axonframework.messaging.core.reflection.HierarchicalParameterResolverFactoryConfigurationEnhancer",,5,""
0.23809523809523808,"axon-common-5.0.0","org.axonframework.common.configuration.BaseModule",7,6,"axon-modelling-5.0.0","org.axonframework.modelling.HierarchicalStateManagerConfigurationEnhancer",,5,""
0.23809523809523808,"axon-metrics-micrometer-5.0.0","org.axonframework.extension.metrics.micrometer.MessageTimerMonitor",3,5,"axon-messaging-5.0.0","org.axonframework.messaging.monitoring.MessageMonitor",26,2,""
0.23809523809523808,"axon-metrics-micrometer-5.0.0","org.axonframework.extension.metrics.micrometer.MessageTimerMonitor",3,5,"axon-messaging-5.0.0","org.axonframework.messaging.monitoring.NoOpMessageMonitor",4,4,""
0.23809523809523808,"axon-messaging-5.0.0","org.axonframework.messaging.core.correlation.DefaultCorrelationDataProviderRegistry",1,9,"axon-messaging-5.0.0","org.axonframework.messaging.core.correlation.MultiCorrelationDataProvider",,2,""
0.23809523809523808,"axon-messaging-5.0.0","org.axonframework.messaging.core.correlation.MultiCorrelationDataProvider",,2,"axon-messaging-5.0.0","org.axonframework.messaging.core.correlation.DefaultCorrelationDataProviderRegistry",1,9,""
0.23809523809523808,"axon-messaging-5.0.0","org.axonframework.messaging.eventhandling.processing.streaming.pooled.MergeTask",1,10,"axon-messaging-5.0.0","org.axonframework.messaging.eventhandling.processing.streaming.pooled.WorkPackage",8,22,""
0.23809523809523808,"axon-messaging-5.0.0","org.axonframework.messaging.eventhandling.processing.streaming.pooled.WorkPackage",8,22,"axon-messaging-5.0.0","org.axonframework.messaging.eventhandling.processing.streaming.pooled.MergeTask",1,10,""
0.23684210526315788,"axon-messaging-5.0.0","org.axonframework.messaging.eventhandling.tracing.DefaultEventProcessorSpanFactory",2,7,"axon-messaging-5.0.0","org.axonframework.messaging.tracing.NoOpSpanFactory",1,5,""
0.23684210526315788,"axon-modelling-5.0.0","org.axonframework.modelling.entity.child.AbstractEntityChildMetamodel",2,15,"axon-modelling-5.0.0","org.axonframework.modelling.entity.child.AbstractEntityChildMetamodel$Builder",5,4,""
0.23684210526315788,"axon-modelling-5.0.0","org.axonframework.modelling.entity.child.AbstractEntityChildMetamodel$Builder",5,4,"axon-modelling-5.0.0","org.axonframework.modelling.entity.child.AbstractEntityChildMetamodel",2,15,""
0.23636363636363636,"axon-messaging-5.0.0","org.axonframework.messaging.core.annotation.AnnotatedHandlerInspector",5,13,"axon-messaging-5.0.0","org.axonframework.messaging.core.annotation.WrappedMessageHandlingMember",9,4,""
0.23542116630669546,"axon-messaging-5.0.0","org.axonframework.messaging.core.configuration.MessagingConfigurationDefaults",1,59,"axon-messaging-5.0.0","org.axonframework.messaging.core.configuration.MessagingConfigurer",3,33,""
0.23542116630669546,"axon-messaging-5.0.0","org.axonframework.messaging.core.configuration.MessagingConfigurer",3,33,"axon-messaging-5.0.0","org.axonframework.messaging.core.configuration.MessagingConfigurationDefaults",1,59,""
0.23529411764705882,"axon-common-5.0.0","org.axonframework.common.configuration.LifecycleRegistry",16,3,"axon-messaging-5.0.0","org.axonframework.messaging.core.configuration.reflection.ConfigurationParameterResolverFactory",1,5,""
0.23529411764705882,"axon-messaging-5.0.0","org.axonframework.messaging.commandhandling.gateway.CommandGateway",5,4,"axon-messaging-5.0.0","org.axonframework.messaging.core.unitofwork.annotation.ProcessingContextParameterResolverFactory$ProcessingContextParameterResolver",1,2,""
0.23529411764705882,"axon-test-5.0.0","org.axonframework.test.fixture.AxonTestPhase$When$Command",4,3,"axon-test-5.0.0","org.axonframework.test.fixture.AxonTestWhen$Command",1,7,""
0.23529411764705882,"axon-test-5.0.0","org.axonframework.test.fixture.AxonTestWhen$Command",1,7,"axon-test-5.0.0","org.axonframework.test.fixture.AxonTestPhase$When$Command",4,3,""
0.23529411764705882,"axon-update-5.0.0","org.axonframework.update.api.UpdateCheckResponse",4,4,"axon-update-5.0.0","org.axonframework.update.api.DetectedVulnerability",2,2,""
0.2347417840375587,"axon-messaging-5.0.0","org.axonframework.messaging.core.interception.DefaultHandlerInterceptorRegistry",6,23,"axon-messaging-5.0.0","org.axonframework.messaging.monitoring.configuration.DefaultMessageMonitorRegistry",7,24,""
0.2347417840375587,"axon-messaging-5.0.0","org.axonframework.messaging.monitoring.configuration.DefaultMessageMonitorRegistry",7,24,"axon-messaging-5.0.0","org.axonframework.messaging.core.interception.DefaultHandlerInterceptorRegistry",6,23,""
0.234375,"axon-common-5.0.0","org.axonframework.common.configuration.AbstractComponent",3,9,"axon-common-5.0.0","org.axonframework.common.configuration.DefaultDecoratorDefinition",2,8,""
0.234375,"axon-common-5.0.0","org.axonframework.common.configuration.DefaultDecoratorDefinition",2,8,"axon-common-5.0.0","org.axonframework.common.configuration.AbstractComponent",3,9,""
0.23333333333333334,"axon-server-connector-5.0.0","org.axonframework.axonserver.connector.event.ConditionConverter",1,11,"axon-messaging-5.0.0","org.axonframework.messaging.eventstreaming.AnyEvent",4,6,""
0.23333333333333334,"axon-server-connector-5.0.0","org.axonframework.axonserver.connector.event.EventProcessorInfoUtils",1,7,"axon-messaging-5.0.0","org.axonframework.messaging.eventhandling.processing.streaming.StreamingEventProcessor",4,4,""
0.23333333333333334,"axon-spring-boot-autoconfigure-5.0.0","org.axonframework.extension.springboot.autoconfig.CorrelationDataProviderAutoConfiguration",,6,"axon-messaging-5.0.0","org.axonframework.messaging.core.correlation.DefaultCorrelationDataProviderRegistry",1,9,""
0.23333333333333334,"axon-messaging-5.0.0","org.axonframework.messaging.core.correlation.DefaultCorrelationDataProviderRegistry",1,9,"axon-spring-boot-autoconfigure-5.0.0","org.axonframework.extension.springboot.autoconfig.CorrelationDataProviderAutoConfiguration",,6,""
0.23300970873786409,"axon-modelling-5.0.0","org.axonframework.modelling.annotation.AnnotationBasedEntityEvolvingComponent",1,17,"axon-messaging-5.0.0","org.axonframework.messaging.eventhandling.annotation.AnnotatedEventHandlingComponent",1,23,""
0.23255813953488372,"axon-conversion-5.0.0","org.axonframework.conversion.avro.AvroConverter",1,10,"axon-conversion-5.0.0","org.axonframework.conversion.json.JacksonConverter",3,9,""
0.23255813953488372,"axon-conversion-5.0.0","org.axonframework.conversion.json.JacksonConverter",3,9,"axon-conversion-5.0.0","org.axonframework.conversion.avro.AvroConverter",1,10,""
0.23076923076923078,"axon-common-5.0.0","org.axonframework.common.configuration.DecoratorDefinition$CompletedDecoratorDefinition",3,3,"axon-common-5.0.0","org.axonframework.common.configuration.DecoratorDefinition$2",1,5,""
0.23076923076923078,"axon-eventsourcing-5.0.0","org.axonframework.eventsourcing.annotation.reflection.AnnotationBasedEventSourcedEntityFactory$ScannedEntityCreator",1,8,"axon-messaging-5.0.0","org.axonframework.messaging.queryhandling.gateway.QueryGateway",2,3,""
0.23076923076923078,"axon-metrics-micrometer-5.0.0","org.axonframework.extension.metrics.micrometer.MessageTimerMonitor",3,5,"axon-metrics-micrometer-5.0.0","org.axonframework.extension.metrics.micrometer.MessageCountingMonitor",2,4,""
0.23076923076923078,"axon-spring-boot-autoconfigure-5.0.0","org.axonframework.extension.springboot.autoconfig.AxonServerAutoConfiguration$1",1,4,"axon-modelling-5.0.0","org.axonframework.modelling.configuration.ModellingConfigurationDefaults",1,7,""
0.23076923076923078,"axon-messaging-5.0.0","org.axonframework.messaging.commandhandling.annotation.CommandDispatcherParameterResolverFactory",2,5,"axon-messaging-5.0.0","org.axonframework.messaging.commandhandling.annotation.CommandDispatcherParameterResolverFactory$1",1,4,""
0.23076923076923078,"axon-messaging-5.0.0","org.axonframework.messaging.commandhandling.annotation.CommandDispatcherParameterResolverFactory",2,5,"axon-messaging-5.0.0","org.axonframework.messaging.queryhandling.QueryUpdateEmitterParameterResolverFactory",2,5,""
0.23076923076923078,"axon-messaging-5.0.0","org.axonframework.messaging.commandhandling.configuration.SimpleCommandHandlingModule",1,16,"axon-modelling-5.0.0","org.axonframework.modelling.configuration.SimpleStateBasedEntityModule",4,28,""
0.23076923076923078,"axon-messaging-5.0.0","org.axonframework.messaging.core.HierarchicalMessageTypeResolver",1,2,"axon-messaging-5.0.0","org.axonframework.messaging.core.annotation.AnnotationMessageTypeResolver",1,6,""
0.23076923076923078,"axon-messaging-5.0.0","org.axonframework.messaging.core.annotation.AbstractAnnotatedParameterResolverFactory",5,5,"axon-messaging-5.0.0","org.axonframework.messaging.core.configuration.reflection.ConfigurationParameterResolverFactory",1,5,""
0.23076923076923078,"axon-messaging-5.0.0","org.axonframework.messaging.core.annotation.AnnotationMessageTypeResolver",1,6,"axon-messaging-5.0.0","org.axonframework.messaging.core.HierarchicalMessageTypeResolver",1,2,""
0.23076923076923078,"axon-messaging-5.0.0","org.axonframework.messaging.core.correlation.MultiCorrelationDataProvider",,2,"axon-messaging-5.0.0","org.axonframework.messaging.core.interception.CorrelationDataInterceptor",1,10,""
0.23076923076923078,"axon-messaging-5.0.0","org.axonframework.messaging.eventhandling.EventHandlerRegistry",5,3,"axon-messaging-5.0.0","org.axonframework.messaging.commandhandling.CommandHandlerRegistry",9,3,""
0.23076923076923078,"axon-messaging-5.0.0","org.axonframework.messaging.eventhandling.conversion.DelegatingEventConverter",2,7,"axon-messaging-5.0.0","org.axonframework.messaging.eventhandling.EventSubscribers",1,6,""
0.23076923076923078,"axon-messaging-5.0.0","org.axonframework.messaging.eventhandling.processing.streaming.token.annotation.TrackingTokenParameterResolverFactory",,4,"axon-messaging-5.0.0","org.axonframework.messaging.eventhandling.replay.annotation.ReplayContextParameterResolverFactory$ReplayContextParameterResolver",1,6,""
0.23076923076923078,"axon-messaging-5.0.0","org.axonframework.messaging.queryhandling.QueryUpdateEmitterParameterResolverFactory",2,5,"axon-messaging-5.0.0","org.axonframework.messaging.commandhandling.annotation.CommandDispatcherParameterResolverFactory",2,5,""
0.23076923076923078,"axon-messaging-5.0.0","org.axonframework.messaging.queryhandling.QueryUpdateEmitterParameterResolverFactory",2,5,"axon-messaging-5.0.0","org.axonframework.messaging.queryhandling.QueryUpdateEmitterParameterResolverFactory$1",1,4,""
0.23076923076923078,"axon-modelling-5.0.0","org.axonframework.modelling.configuration.ModellingConfigurationDefaults",1,7,"axon-spring-boot-autoconfigure-5.0.0","org.axonframework.extension.springboot.autoconfig.AxonServerAutoConfiguration$1",1,4,""
0.23076923076923078,"axon-modelling-5.0.0","org.axonframework.modelling.configuration.SimpleStateBasedEntityModule",4,28,"axon-messaging-5.0.0","org.axonframework.messaging.commandhandling.configuration.SimpleCommandHandlingModule",1,16,""
0.23076923076923078,"axon-modelling-5.0.0","org.axonframework.modelling.entity.child.ListEntityChildMetamodel",3,6,"axon-modelling-5.0.0","org.axonframework.modelling.entity.child.ListEntityChildMetamodel$Builder",3,6,""
0.23076923076923078,"axon-modelling-5.0.0","org.axonframework.modelling.entity.child.ListEntityChildMetamodel$Builder",3,6,"axon-modelling-5.0.0","org.axonframework.modelling.entity.child.ListEntityChildMetamodel",3,6,""
0.23076923076923078,"axon-test-5.0.0","org.axonframework.test.fixture.AxonTestPhase",,12,"axon-test-5.0.0","org.axonframework.test.fixture.AxonTestPhase$When$Command",4,3,""
0.23076923076923078,"axon-test-5.0.0","org.axonframework.test.fixture.AxonTestPhase",,12,"axon-test-5.0.0","org.axonframework.test.fixture.AxonTestPhase$When$Nothing",4,3,""
0.23,"axon-server-connector-5.0.0","org.axonframework.axonserver.connector.command.CommandConverter",2,12,"axon-server-connector-5.0.0","org.axonframework.axonserver.connector.query.QueryConverter",6,13,""
0.23,"axon-server-connector-5.0.0","org.axonframework.axonserver.connector.query.QueryConverter",6,13,"axon-server-connector-5.0.0","org.axonframework.axonserver.connector.command.CommandConverter",2,12,""
0.22857142857142856,"axon-messaging-5.0.0","org.axonframework.messaging.eventhandling.processing.subscribing.SubscribingEventProcessor",3,19,"axon-messaging-5.0.0","org.axonframework.messaging.eventhandling.processing.streaming.segmenting.SequencingEventHandlingComponent",1,10,""
0.22857142857142856,"axon-modelling-5.0.0","org.axonframework.modelling.repository.InMemoryRepository",,6,"axon-modelling-5.0.0","org.axonframework.modelling.repository.AccessSerializingRepository",,9,""
0.22807017543859648,"axon-messaging-5.0.0","org.axonframework.messaging.commandhandling.tracing.DefaultCommandBusSpanFactory",1,6,"axon-messaging-5.0.0","org.axonframework.messaging.queryhandling.tracing.DefaultQueryBusSpanFactory",1,7,""
0.22784810126582278,"axon-modelling-5.0.0","org.axonframework.modelling.entity.PolymorphicEntityMetamodel$Builder",1,10,"axon-modelling-5.0.0","org.axonframework.modelling.entity.annotation.AnnotatedEntityMetamodel",13,29,""
0.22727272727272727,"axon-eventsourcing-5.0.0","org.axonframework.eventsourcing.eventstore.inmemory.InMemoryEventStorageEngine$1",1,10,"axon-server-connector-5.0.0","org.axonframework.axonserver.connector.event.AxonServerEventStorageEngine$AxonServerAppendTransaction",1,6,""
0.22727272727272727,"axon-metrics-micrometer-5.0.0","org.axonframework.extension.metrics.micrometer.EventProcessorLatencyMonitor",2,6,"axon-messaging-5.0.0","org.axonframework.messaging.monitoring.MessageMonitor",26,2,""
0.22727272727272727,"axon-modelling-5.0.0","org.axonframework.modelling.entity.child.AbstractEntityChildMetamodel$Builder",5,4,"axon-modelling-5.0.0","org.axonframework.modelling.entity.child.ListEntityChildMetamodel",3,6,""
0.22674418604651161,"axon-eventsourcing-5.0.0","org.axonframework.eventsourcing.configuration.AnnotatedEventSourcedEntityModule",1,25,"axon-eventsourcing-5.0.0","org.axonframework.eventsourcing.configuration.SimpleEventSourcedEntityModule",6,32,""
0.22674418604651161,"axon-eventsourcing-5.0.0","org.axonframework.eventsourcing.configuration.SimpleEventSourcedEntityModule",6,32,"axon-eventsourcing-5.0.0","org.axonframework.eventsourcing.configuration.AnnotatedEventSourcedEntityModule",1,25,""
0.22641509433962265,"axon-eventsourcing-5.0.0","org.axonframework.eventsourcing.eventstore.inmemory.InMemoryEventStorageEngine$1",1,10,"axon-eventsourcing-5.0.0","org.axonframework.eventsourcing.eventstore.EventStorageEngine",11,11,""
0.22580645161290322,"axon-common-5.0.0","org.axonframework.common.configuration.AbstractComponent",3,9,"axon-common-5.0.0","org.axonframework.common.configuration.DefaultComponentRegistry$LocalConfiguration",1,9,""
0.22580645161290322,"axon-common-5.0.0","org.axonframework.common.configuration.DefaultComponentRegistry$LocalConfiguration",1,9,"axon-common-5.0.0","org.axonframework.common.configuration.AbstractComponent",3,9,""
0.22580645161290322,"axon-messaging-5.0.0","org.axonframework.messaging.eventhandling.tracing.DefaultEventBusSpanFactory",1,6,"axon-messaging-5.0.0","org.axonframework.messaging.queryhandling.tracing.DefaultQueryUpdateEmitterSpanFactory",1,6,""
0.22580645161290322,"axon-messaging-5.0.0","org.axonframework.messaging.queryhandling.tracing.DefaultQueryUpdateEmitterSpanFactory",1,6,"axon-messaging-5.0.0","org.axonframework.messaging.eventhandling.tracing.DefaultEventBusSpanFactory",1,6,""
0.225,"axon-messaging-5.0.0","org.axonframework.messaging.queryhandling.distributed.DistributedQueryBus$DistributedHandler",1,10,"axon-messaging-5.0.0","org.axonframework.messaging.queryhandling.distributed.PayloadConvertingQueryBusConnector$1",2,8,""
0.225,"axon-messaging-5.0.0","org.axonframework.messaging.queryhandling.distributed.PayloadConvertingQueryBusConnector$1",2,8,"axon-messaging-5.0.0","org.axonframework.messaging.queryhandling.distributed.DistributedQueryBus$DistributedHandler",1,10,""
0.22448979591836735,"axon-messaging-5.0.0","org.axonframework.messaging.core.unitofwork.TransactionalUnitOfWorkFactory",1,9,"axon-messaging-5.0.0","org.axonframework.messaging.core.unitofwork.LegacyMessageSupportingContext",1,7,""
0.22448979591836735,"axon-messaging-5.0.0","org.axonframework.messaging.core.unitofwork.TransactionalUnitOfWorkFactory",1,9,"axon-messaging-5.0.0","org.axonframework.messaging.eventhandling.processing.streaming.pooled.EventSchedulingProcessingContext",2,7,""
0.22388059701492538,"axon-server-connector-5.0.0","org.axonframework.axonserver.connector.query.AxonServerQueryBusConnector",3,17,"axon-messaging-5.0.0","org.axonframework.messaging.queryhandling.distributed.DelegatingQueryBusConnector",1,8,""
0.22377622377622378,"axon-server-connector-5.0.0","org.axonframework.axonserver.connector.event.AggregateBasedAxonServerEventStorageEngine",1,34,"axon-server-connector-5.0.0","org.axonframework.axonserver.connector.event.AxonServerEventStorageEngine",2,19,""
0.2222222222222222,"axon-server-connector-5.0.0","org.axonframework.axonserver.connector.query.QueryResponseMessageStream",1,6,"axon-messaging-5.0.0","org.axonframework.messaging.core.HandlerExecutionException",3,1,""
0.2222222222222222,"axon-server-connector-5.0.0","org.axonframework.axonserver.connector.query.QueryResponseMessageStream",1,6,"axon-messaging-5.0.0","org.axonframework.messaging.eventhandling.TransactionMethodExecutionException",,1,""
0.2222222222222222,"axon-common-5.0.0","org.axonframework.common.configuration.Component$Identifier",21,2,"axon-messaging-5.0.0","org.axonframework.messaging.core.Message",214,6,""
0.2222222222222222,"axon-common-5.0.0","org.axonframework.common.configuration.DefaultComponentRegistry",4,21,"axon-common-5.0.0","org.axonframework.common.configuration.DefaultComponentRegistry$LocalConfiguration",1,9,""
0.2222222222222222,"axon-common-5.0.0","org.axonframework.common.configuration.DefaultComponentRegistry$LocalConfiguration",1,9,"axon-common-5.0.0","org.axonframework.common.configuration.DefaultComponentRegistry",4,21,""
0.2222222222222222,"axon-common-5.0.0","org.axonframework.common.infra.JacksonComponentDescriptor",,5,"axon-common-5.0.0","org.axonframework.common.configuration.DecoratorDefinition$CompletedDecoratorDefinition",3,3,""
0.2222222222222222,"axon-common-5.0.0","org.axonframework.common.property.AbstractMethodPropertyAccessStrategy",2,3,"axon-messaging-5.0.0","org.axonframework.messaging.eventhandling.sequencing.PropertySequencingPolicy",,4,""
0.2222222222222222,"axon-common-5.0.0","org.axonframework.common.property.DirectPropertyAccessStrategy",,3,"axon-messaging-5.0.0","org.axonframework.messaging.eventhandling.sequencing.PropertySequencingPolicy",,4,""
0.2222222222222222,"axon-eventsourcing-5.0.0","org.axonframework.eventsourcing.eventstore.EventCoordinator",5,3,"axon-eventsourcing-5.0.0","org.axonframework.eventsourcing.eventstore.EventCoordinator$1",1,3,""
0.2222222222222222,"axon-eventsourcing-5.0.0","org.axonframework.eventsourcing.eventstore.EventCoordinator",5,3,"axon-eventsourcing-5.0.0","org.axonframework.eventsourcing.eventstore.jpa.JpaPollingEventCoordinator$1",1,3,""
0.2222222222222222,"axon-eventsourcing-5.0.0","org.axonframework.eventsourcing.eventstore.jpa.JpaPollingEventCoordinator$1",1,3,"axon-eventsourcing-5.0.0","org.axonframework.eventsourcing.eventstore.EventCoordinator",5,3,""
0.2222222222222222,"axon-metrics-micrometer-5.0.0","org.axonframework.extension.metrics.micrometer.CapacityMonitor$1",1,3,"axon-metrics-micrometer-5.0.0","org.axonframework.extension.metrics.micrometer.CapacityMonitor",2,5,""
0.2222222222222222,"axon-metrics-micrometer-5.0.0","org.axonframework.extension.metrics.micrometer.MetricsConfigurerModule",,3,"axon-spring-boot-autoconfigure-5.0.0","org.axonframework.extension.springboot.autoconfig.AxonServerAutoConfiguration$1",1,4,""
0.2222222222222222,"axon-messaging-5.0.0","org.axonframework.messaging.commandhandling.tracing.DefaultCommandBusSpanFactory",1,6,"axon-messaging-5.0.0","org.axonframework.messaging.commandhandling.tracing.CommandBusSpanFactory",3,2,""
0.2222222222222222,"axon-messaging-5.0.0","org.axonframework.messaging.core.annotation.AnnotatedMessageHandlingMemberDefinition",,8,"axon-messaging-5.0.0","org.axonframework.messaging.core.interception.annotation.NoMoreInterceptors",2,5,""
0.2222222222222222,"axon-messaging-5.0.0","org.axonframework.messaging.core.correlation.CorrelationDataProviderRegistry",4,4,"axon-messaging-5.0.0","org.axonframework.messaging.core.ConfigurationApplicationContext",2,3,""
0.2222222222222222,"axon-messaging-5.0.0","org.axonframework.messaging.core.correlation.CorrelationDataProviderRegistry",4,4,"axon-messaging-5.0.0","org.axonframework.messaging.core.correlation.MultiCorrelationDataProvider",,2,""
0.2222222222222222,"axon-messaging-5.0.0","org.axonframework.messaging.core.correlation.MultiCorrelationDataProvider",,2,"axon-messaging-5.0.0","org.axonframework.messaging.core.correlation.SimpleCorrelationDataProvider",,3,""
0.2222222222222222,"axon-messaging-5.0.0","org.axonframework.messaging.core.interception.HandlerInterceptorRegistry",6,9,"axon-test-5.0.0","org.axonframework.test.fixture.AxonTestPhase$Then$MessageAssertions",6,4,""
0.2222222222222222,"axon-messaging-5.0.0","org.axonframework.messaging.eventhandling.configuration.EventHandlingComponentsConfigurer$CompletePhase",8,3,"axon-messaging-5.0.0","org.axonframework.messaging.eventhandling.DelegatingEventHandlingComponent",4,8,""
0.2222222222222222,"axon-messaging-5.0.0","org.axonframework.messaging.eventhandling.conversion.DelegatingEventConverter",2,7,"axon-test-5.0.0","org.axonframework.test.fixture.RecordingEventSink",9,5,""
0.2222222222222222,"axon-messaging-5.0.0","org.axonframework.messaging.eventhandling.processing.streaming.segmenting.TrackerStatus",7,6,"axon-messaging-5.0.0","org.axonframework.messaging.eventhandling.processing.streaming.token.store.jpa.TokenEntry",1,6,""
0.2222222222222222,"axon-messaging-5.0.0","org.axonframework.messaging.eventhandling.processing.streaming.token.store.jpa.TokenEntry",1,6,"axon-messaging-5.0.0","org.axonframework.messaging.eventhandling.processing.streaming.token.LatestTrackingToken",1,1,""
0.2222222222222222,"axon-messaging-5.0.0","org.axonframework.messaging.eventhandling.replay.annotation.ReplayContextParameterResolverFactory",,4,"axon-messaging-5.0.0","org.axonframework.messaging.core.annotation.SimpleResourceParameterResolverFactory",,4,""
0.2222222222222222,"axon-messaging-5.0.0","org.axonframework.messaging.eventhandling.sequencing.PropertySequencingPolicy",,4,"axon-common-5.0.0","org.axonframework.common.property.AbstractMethodPropertyAccessStrategy",2,3,""
0.2222222222222222,"axon-messaging-5.0.0","org.axonframework.messaging.eventhandling.sequencing.PropertySequencingPolicy",,4,"axon-common-5.0.0","org.axonframework.common.property.DirectPropertyAccessStrategy",,3,""
0.2222222222222222,"axon-messaging-5.0.0","org.axonframework.messaging.monitoring.MultiMessageMonitor",3,5,"axon-messaging-5.0.0","org.axonframework.messaging.monitoring.configuration.MessageMonitorRegistry",4,9,""
0.2222222222222222,"axon-modelling-5.0.0","org.axonframework.modelling.entity.child.ListEntityChildMetamodel$Builder",3,6,"axon-modelling-5.0.0","org.axonframework.modelling.entity.child.SingleEntityChildMetamodel",3,6,""
0.2222222222222222,"axon-modelling-5.0.0","org.axonframework.modelling.entity.child.SingleEntityChildMetamodel",3,6,"axon-modelling-5.0.0","org.axonframework.modelling.entity.child.ListEntityChildMetamodel$Builder",3,6,""
0.2222222222222222,"axon-test-5.0.0","org.axonframework.test.fixture.CommandValidator",1,7,"axon-test-5.0.0","org.axonframework.test.fixture.Reporter",3,2,""
0.2222222222222222,"axon-test-5.0.0","org.axonframework.test.fixture.MessagesRecordingConfigurationEnhancer",1,9,"axon-messaging-5.0.0","org.axonframework.messaging.core.configuration.reflection.ParameterResolverFactoryUtils",7,5,""
0.2222222222222222,"axon-test-5.0.0","org.axonframework.test.fixture.Reporter",3,2,"axon-test-5.0.0","org.axonframework.test.fixture.CommandValidator",1,7,""
0.2222222222222222,"axon-test-5.0.0","org.axonframework.test.matchers.DeepEqualsMatcher",1,5,"axon-test-5.0.0","org.axonframework.test.matchers.NonTransientFieldsFilter",,2,""
0.22137404580152673,"axon-messaging-5.0.0","org.axonframework.messaging.eventhandling.processing.streaming.token.store.inmemory.InMemoryTokenStore",1,11,"axon-messaging-5.0.0","org.axonframework.messaging.eventhandling.processing.streaming.pooled.MergeTask",1,10,""
0.22077922077922077,"axon-messaging-5.0.0","org.axonframework.messaging.queryhandling.SimpleQueryHandlingComponent",2,14,"axon-messaging-5.0.0","org.axonframework.messaging.commandhandling.SimpleCommandHandlingComponent",2,16,""
0.22,"axon-messaging-5.0.0","org.axonframework.messaging.commandhandling.distributed.DistributedCommandBusConfigurationEnhancer",,12,"axon-test-5.0.0","org.axonframework.test.fixture.MessagesRecordingConfigurationEnhancer",1,9,""
0.21951219512195122,"axon-messaging-5.0.0","org.axonframework.messaging.eventhandling.configuration.EventProcessorCustomization",3,2,"axon-messaging-5.0.0","org.axonframework.messaging.eventhandling.processing.subscribing.SubscribingEventProcessorConfiguration",5,13,""
0.21951219512195122,"axon-messaging-5.0.0","org.axonframework.messaging.eventhandling.processing.subscribing.SubscribingEventProcessorConfiguration",5,13,"axon-messaging-5.0.0","org.axonframework.messaging.eventhandling.configuration.EventProcessorCustomization",3,2,""
0.21875,"axon-eventsourcing-5.0.0","org.axonframework.eventsourcing.eventstore.inmemory.InMemoryEventStorageEngine$MapBackedSourcingEventMessageStream",1,11,"axon-server-connector-5.0.0","org.axonframework.axonserver.connector.event.StreamingEventMessageStream",1,10,""
0.21875,"axon-messaging-5.0.0","org.axonframework.messaging.eventhandling.processing.streaming.pooled.DefaultWorkPackageEventFilter",1,10,"axon-messaging-5.0.0","org.axonframework.messaging.eventhandling.EventSubscribers",1,6,""
0.21818181818181817,"axon-messaging-5.0.0","org.axonframework.messaging.queryhandling.SimpleQueryHandlingComponent",2,14,"axon-messaging-5.0.0","org.axonframework.messaging.queryhandling.interception.QueryMessageHandlerInterceptorChain$InterceptingHandler",1,8,""
0.21794871794871795,"axon-messaging-5.0.0","org.axonframework.messaging.eventhandling.configuration.EventProcessorConfiguration",8,21,"axon-messaging-5.0.0","org.axonframework.messaging.eventhandling.processing.streaming.pooled.PooledStreamingEventProcessorConfiguration",5,27,""
0.21794871794871795,"axon-messaging-5.0.0","org.axonframework.messaging.eventhandling.processing.streaming.pooled.PooledStreamingEventProcessorConfiguration",5,27,"axon-messaging-5.0.0","org.axonframework.messaging.eventhandling.configuration.EventProcessorConfiguration",8,21,""
0.21739130434782608,"axon-eventsourcing-5.0.0","org.axonframework.eventsourcing.eventstore.InterceptingEventStore$InterceptingEventStoreTransaction",1,8,"axon-eventsourcing-5.0.0","org.axonframework.eventsourcing.EventSourcedEntityFactory",8,2,""
0.21739130434782608,"axon-messaging-5.0.0","org.axonframework.messaging.eventhandling.configuration.EventProcessorConfiguration",8,21,"axon-messaging-5.0.0","org.axonframework.messaging.eventhandling.processing.subscribing.SubscribingEventProcessorConfiguration",5,13,""
0.21739130434782608,"axon-messaging-5.0.0","org.axonframework.messaging.eventhandling.processing.streaming.segmenting.WrappedTrackerStatus",2,3,"axon-messaging-5.0.0","org.axonframework.messaging.eventhandling.processing.streaming.StreamingEventProcessor",4,4,""
0.21739130434782608,"axon-messaging-5.0.0","org.axonframework.messaging.eventhandling.processing.subscribing.SubscribingEventProcessorConfiguration",5,13,"axon-messaging-5.0.0","org.axonframework.messaging.eventhandling.configuration.EventProcessorConfiguration",8,21,""
0.21739130434782608,"axon-modelling-5.0.0","org.axonframework.modelling.entity.child.AbstractEntityChildMetamodel$Builder",5,4,"axon-modelling-5.0.0","org.axonframework.modelling.entity.child.SingleEntityChildMetamodel",3,6,""
0.21621621621621623,"axon-server-connector-5.0.0","org.axonframework.axonserver.connector.event.TaggedEventConverter",3,10,"axon-eventsourcing-5.0.0","org.axonframework.eventsourcing.eventstore.PayloadBasedTagResolver",,3,""
0.21505376344086022,"axon-server-connector-5.0.0","org.axonframework.axonserver.connector.AxonServerConnectionManager$Builder",2,8,"axon-spring-boot-autoconfigure-5.0.0","org.axonframework.extension.springboot.autoconfig.AxonServerAutoConfiguration",3,13,""
0.21505376344086022,"axon-spring-boot-autoconfigure-5.0.0","org.axonframework.extension.springboot.autoconfig.AxonServerAutoConfiguration",3,13,"axon-server-connector-5.0.0","org.axonframework.axonserver.connector.AxonServerConnectionManager$Builder",2,8,""
0.21495327102803738,"axon-messaging-5.0.0","org.axonframework.messaging.core.unitofwork.UnitOfWork$UnitOfWorkProcessingContext",3,10,"axon-messaging-5.0.0","org.axonframework.messaging.core.unitofwork.LegacyMessageSupportingContext",1,7,""
0.21428571428571427,"axon-common-5.0.0","org.axonframework.common.configuration.ComponentDefinition",20,7,"axon-common-5.0.0","org.axonframework.common.configuration.LifecycleRegistry",16,3,""
0.21428571428571427,"axon-messaging-5.0.0","org.axonframework.messaging.commandhandling.gateway.DefaultCommandGateway",1,13,"axon-messaging-5.0.0","org.axonframework.messaging.commandhandling.interception.InterceptingCommandBus",1,15,""
0.21428571428571427,"axon-messaging-5.0.0","org.axonframework.messaging.core.ConversionCache$Target",1,1,"axon-messaging-5.0.0","org.axonframework.messaging.core.conversion.DelegatingMessageConverter",3,5,""
0.21428571428571427,"axon-messaging-5.0.0","org.axonframework.messaging.core.annotation.AnnotationMessageTypeResolver",1,6,"axon-messaging-5.0.0","org.axonframework.messaging.core.NamespaceMessageTypeResolver$Builder",1,4,""
0.21428571428571427,"axon-messaging-5.0.0","org.axonframework.messaging.eventhandling.gateway.EventPublishingUtils",2,5,"axon-messaging-5.0.0","org.axonframework.messaging.tracing.attributes.MetadataSpanAttributesProvider",,3,""
0.21428571428571427,"axon-messaging-5.0.0","org.axonframework.messaging.eventhandling.processing.streaming.pooled.PooledStreamingEventProcessorModule$Customization",2,2,"axon-messaging-5.0.0","org.axonframework.messaging.core.ConfigurationApplicationContext",2,3,""
0.21428571428571427,"axon-messaging-5.0.0","org.axonframework.messaging.eventhandling.processing.subscribing.SubscribingEventProcessorModule$Customization",2,2,"axon-messaging-5.0.0","org.axonframework.messaging.core.ConfigurationApplicationContext",2,3,""
0.21428571428571427,"axon-modelling-5.0.0","org.axonframework.modelling.PropertyBasedEntityIdResolver",1,8,"axon-modelling-5.0.0","org.axonframework.modelling.annotation.InjectEntityParameterResolver",1,7,""
0.21428571428571427,"axon-modelling-5.0.0","org.axonframework.modelling.configuration.ModellingConfigurationDefaults",1,7,"axon-messaging-5.0.0","org.axonframework.messaging.eventhandling.annotation.EventAppenderParameterResolverFactoryConfigurationEnhancer",,6,""
0.21428571428571427,"axon-modelling-5.0.0","org.axonframework.modelling.entity.child.SingleEntityChildMetamodel$Builder",3,6,"axon-modelling-5.0.0","org.axonframework.modelling.entity.child.ListEntityChildMetamodel",3,6,""
0.2138728323699422,"axon-messaging-5.0.0","org.axonframework.messaging.eventhandling.processing.streaming.token.store.jpa.JpaTokenStore",1,17,"axon-messaging-5.0.0","org.axonframework.messaging.eventhandling.processing.streaming.pooled.MergeTask",1,10,""
0.2127659574468085,"axon-messaging-5.0.0","org.axonframework.messaging.commandhandling.distributed.PayloadConvertingCommandBusConnector",2,10,"axon-messaging-5.0.0","org.axonframework.messaging.commandhandling.distributed.DistributedCommandBus",2,13,""
0.21212121212121213,"axon-messaging-5.0.0","org.axonframework.messaging.queryhandling.distributed.DistributedQueryBus$DistributedHandler",1,10,"axon-messaging-5.0.0","org.axonframework.messaging.queryhandling.distributed.QueryBusConnector",6,8,""
0.21212121212121213,"axon-modelling-5.0.0","org.axonframework.modelling.entity.annotation.AnnotatedEntityModelRoutingKeyMatcher",2,8,"axon-messaging-5.0.0","org.axonframework.messaging.core.AbstractMessage",1,3,""
0.21153846153846154,"axon-messaging-5.0.0","org.axonframework.messaging.eventhandling.processing.streaming.segmenting.TrackerStatus",7,6,"axon-messaging-5.0.0","org.axonframework.messaging.eventhandling.processing.streaming.token.store.TokenStore",17,3,""
0.21052631578947367,"axon-spring-boot-autoconfigure-5.0.0","org.axonframework.extension.springboot.autoconfig.CorrelationDataProviderAutoConfiguration",,6,"axon-messaging-5.0.0","org.axonframework.messaging.core.correlation.MultiCorrelationDataProvider",,2,""
0.21052631578947367,"axon-messaging-5.0.0","org.axonframework.messaging.core.QualifiedName",68,3,"axon-modelling-5.0.0","org.axonframework.modelling.entity.child.FieldChildEntityFieldDefinition",1,5,""
0.21052631578947367,"axon-messaging-5.0.0","org.axonframework.messaging.eventhandling.configuration.DefaultEventHandlingComponentsConfigurer",2,7,"axon-messaging-5.0.0","org.axonframework.messaging.eventhandling.DelegatingEventHandlingComponent",4,8,""
0.21052631578947367,"axon-messaging-5.0.0","org.axonframework.messaging.eventhandling.processing.streaming.pooled.WorkPackage$BatchProcessingEntry",1,3,"axon-messaging-5.0.0","org.axonframework.messaging.eventhandling.processing.streaming.pooled.WorkPackage$DefaultProcessingEntry",1,4,""
0.21052631578947367,"axon-messaging-5.0.0","org.axonframework.messaging.eventhandling.processing.streaming.segmenting.SequenceCachingEventHandlingComponent",2,7,"axon-modelling-5.0.0","org.axonframework.modelling.entity.child.EventTargetMatcher",12,2,""
0.21052631578947367,"axon-messaging-5.0.0","org.axonframework.messaging.eventstreaming.StreamingCondition",13,5,"axon-messaging-5.0.0","org.axonframework.messaging.eventstreaming.AnyEvent",4,6,""
0.21052631578947367,"axon-modelling-5.0.0","org.axonframework.modelling.StateManager",7,6,"axon-eventsourcing-5.0.0","org.axonframework.eventsourcing.EventSourcingRepository$EventSourcedEntity",1,5,""
0.21052631578947367,"axon-modelling-5.0.0","org.axonframework.modelling.entity.child.FieldChildEntityFieldDefinition",1,5,"axon-messaging-5.0.0","org.axonframework.messaging.core.QualifiedName",68,3,""
0.21022727272727273,"axon-messaging-5.0.0","org.axonframework.messaging.eventhandling.processing.streaming.pooled.WorkPackage",8,22,"axon-messaging-5.0.0","org.axonframework.messaging.eventhandling.processing.streaming.pooled.SplitTask",1,10,""
0.20987654320987653,"axon-server-connector-5.0.0","org.axonframework.axonserver.connector.AxonServerConfiguration$Builder",1,2,"axon-spring-boot-autoconfigure-5.0.0","org.axonframework.extension.springboot.autoconfig.AxonServerAutoConfiguration",3,13,""
0.20987654320987653,"axon-spring-boot-autoconfigure-5.0.0","org.axonframework.extension.springboot.autoconfig.AxonServerAutoConfiguration",3,13,"axon-server-connector-5.0.0","org.axonframework.axonserver.connector.AxonServerConfiguration$Builder",1,2,""
0.2087912087912088,"axon-messaging-5.0.0","org.axonframework.messaging.commandhandling.distributed.DistributedCommandBus$DistributedHandler",1,7,"axon-messaging-5.0.0","org.axonframework.messaging.commandhandling.SimpleCommandBus",1,17,""
0.2085889570552147,"axon-eventsourcing-5.0.0","org.axonframework.eventsourcing.configuration.SimpleEventSourcedEntityModule",6,32,"axon-messaging-5.0.0","org.axonframework.messaging.commandhandling.configuration.SimpleCommandHandlingModule",1,16,""
0.20833333333333334,"axon-server-connector-5.0.0","org.axonframework.axonserver.connector.AxonServerConfigurationEnhancer",1,27,"axon-spring-boot-autoconfigure-5.0.0","org.axonframework.extension.springboot.autoconfig.AxonServerAutoConfiguration",3,13,""
0.20833333333333334,"axon-server-connector-5.0.0","org.axonframework.axonserver.connector.command.AxonServerCommandBusConnector",2,15,"axon-messaging-5.0.0","org.axonframework.messaging.commandhandling.distributed.DelegatingCommandBusConnector",1,7,""
0.20833333333333334,"axon-common-5.0.0","org.axonframework.common.configuration.LazyInitializedComponentDefinition",7,6,"axon-messaging-5.0.0","org.axonframework.messaging.eventhandling.configuration.EventHandlingComponentsConfigurer$ComponentsPhase",3,6,""
0.20833333333333334,"axon-spring-boot-autoconfigure-5.0.0","org.axonframework.extension.springboot.autoconfig.AxonServerAutoConfiguration",3,13,"axon-server-connector-5.0.0","org.axonframework.axonserver.connector.AxonServerConfigurationEnhancer",1,27,""
0.20833333333333334,"axon-messaging-5.0.0","org.axonframework.messaging.eventhandling.processing.subscribing.SubscribingEventProcessor",3,19,"axon-messaging-5.0.0","org.axonframework.messaging.eventhandling.processing.streaming.pooled.DefaultWorkPackageEventFilter",1,10,""
0.20833333333333334,"axon-modelling-5.0.0","org.axonframework.modelling.entity.child.SingleEntityChildMetamodel$Builder",3,6,"axon-modelling-5.0.0","org.axonframework.modelling.entity.child.AbstractEntityChildMetamodel$Builder",5,4,""
0.20786516853932585,"axon-messaging-5.0.0","org.axonframework.messaging.eventhandling.processing.streaming.pooled.PooledStreamingEventProcessor",1,35,"axon-messaging-5.0.0","org.axonframework.messaging.eventhandling.processing.subscribing.SubscribingEventProcessor",3,19,""
0.20754716981132076,"axon-messaging-5.0.0","org.axonframework.messaging.queryhandling.SimpleQueryHandlingComponent",2,14,"axon-messaging-5.0.0","org.axonframework.messaging.queryhandling.interception.QueryMessageHandlerInterceptorChain",1,10,""
0.2073732718894009,"axon-spring-boot-autoconfigure-5.0.0","org.axonframework.extension.springboot.autoconfig.InterceptorAutoConfiguration",,12,"axon-messaging-5.0.0","org.axonframework.messaging.core.interception.DefaultDispatchInterceptorRegistry",7,25,""
0.2073732718894009,"axon-messaging-5.0.0","org.axonframework.messaging.core.interception.DefaultDispatchInterceptorRegistry",7,25,"axon-spring-boot-autoconfigure-5.0.0","org.axonframework.extension.springboot.autoconfig.InterceptorAutoConfiguration",,12,""
0.20689655172413793,"axon-modelling-5.0.0","org.axonframework.modelling.entity.annotation.SingleEntityChildModelDefinition",,10,"axon-modelling-5.0.0","org.axonframework.modelling.entity.child.SingleEntityChildMetamodel$Builder",3,6,""
0.20588235294117646,"axon-server-connector-5.0.0","org.axonframework.axonserver.connector.event.TaggedEventConverter",3,10,"axon-eventsourcing-5.0.0","org.axonframework.eventsourcing.eventstore.GenericTaggedEventMessage",1,4,""
0.20588235294117646,"axon-messaging-5.0.0","org.axonframework.messaging.core.unitofwork.UnitOfWorkFactory",25,2,"axon-messaging-5.0.0","org.axonframework.messaging.core.unitofwork.TransactionalUnitOfWorkFactory",1,9,""
0.2054794520547945,"axon-server-connector-5.0.0","org.axonframework.axonserver.connector.query.AxonServerQueryBusConnector",3,17,"axon-messaging-5.0.0","org.axonframework.messaging.queryhandling.distributed.PayloadConvertingQueryBusConnector",3,11,""
0.20535714285714285,"axon-test-5.0.0","org.axonframework.test.fixture.AxonTestFixture",1,17,"axon-test-5.0.0","org.axonframework.test.fixture.AxonTestGiven",1,20,""
0.20535714285714285,"axon-test-5.0.0","org.axonframework.test.fixture.AxonTestGiven",1,20,"axon-test-5.0.0","org.axonframework.test.fixture.AxonTestFixture",1,17,""
0.20512820512820512,"axon-messaging-5.0.0","org.axonframework.messaging.core.unitofwork.UnitOfWork$UnitOfWorkProcessingContext",3,10,"axon-messaging-5.0.0","org.axonframework.messaging.core.unitofwork.ResourceOverridingProcessingContext",3,5,""
0.20512820512820512,"axon-messaging-5.0.0","org.axonframework.messaging.eventhandling.processing.streaming.pooled.Coordinator",3,23,"axon-messaging-5.0.0","org.axonframework.messaging.eventhandling.processing.streaming.pooled.PooledStreamingEventProcessor",1,35,""
0.20512820512820512,"axon-messaging-5.0.0","org.axonframework.messaging.eventhandling.processing.streaming.pooled.PooledStreamingEventProcessor",1,35,"axon-messaging-5.0.0","org.axonframework.messaging.eventhandling.processing.streaming.pooled.Coordinator",3,23,""
0.20512820512820512,"axon-modelling-5.0.0","org.axonframework.modelling.entity.annotation.AnnotatedEntityIdResolver",1,10,"axon-modelling-5.0.0","org.axonframework.modelling.annotation.InjectEntityParameterResolver",1,7,""
0.20454545454545456,"axon-messaging-5.0.0","org.axonframework.messaging.queryhandling.distributed.DistributedQueryBusConfigurationEnhancer",,12,"axon-spring-boot-autoconfigure-5.0.0","org.axonframework.extension.springboot.autoconfig.AxonServerAutoConfiguration",3,13,""
0.20408163265306123,"axon-spring-boot-autoconfigure-5.0.0","org.axonframework.extension.springboot.autoconfig.InterceptorAutoConfiguration",,12,"axon-messaging-5.0.0","org.axonframework.messaging.core.interception.DispatchInterceptorRegistry",6,10,""
0.20408163265306123,"axon-messaging-5.0.0","org.axonframework.messaging.core.interception.DispatchInterceptorRegistry",6,10,"axon-spring-boot-autoconfigure-5.0.0","org.axonframework.extension.springboot.autoconfig.InterceptorAutoConfiguration",,12,""
0.20408163265306123,"axon-messaging-5.0.0","org.axonframework.messaging.core.unitofwork.UnitOfWork",17,10,"axon-messaging-5.0.0","org.axonframework.messaging.core.unitofwork.LegacyMessageSupportingContext",1,7,""
0.2037735849056604,"axon-messaging-5.0.0","org.axonframework.messaging.eventhandling.processing.streaming.pooled.PooledStreamingEventProcessor",1,35,"axon-messaging-5.0.0","org.axonframework.messaging.eventhandling.processing.streaming.pooled.WorkPackage",8,22,""
0.2037735849056604,"axon-messaging-5.0.0","org.axonframework.messaging.eventhandling.processing.streaming.pooled.WorkPackage",8,22,"axon-messaging-5.0.0","org.axonframework.messaging.eventhandling.processing.streaming.pooled.PooledStreamingEventProcessor",1,35,""
0.2033898305084746,"axon-messaging-5.0.0","org.axonframework.messaging.eventhandling.processing.streaming.token.MergedTrackingToken",2,2,"axon-messaging-5.0.0","org.axonframework.messaging.eventhandling.processing.streaming.token.GlobalSequenceTrackingToken",8,2,""
0.203125,"axon-messaging-5.0.0","org.axonframework.messaging.core.annotation.MultiHandlerDefinition",1,8,"axon-messaging-5.0.0","org.axonframework.messaging.core.annotation.AnnotatedHandlerInspector",5,13,""
0.2,"axon-common-5.0.0","org.axonframework.common.configuration.ApplicationConfigurer",5,3,"axon-common-5.0.0","org.axonframework.common.configuration.ConfigurationEnhancer",25,1,""
0.2,"axon-common-5.0.0","org.axonframework.common.configuration.ComponentDefinition$ComponentCreator",7,2,"axon-common-5.0.0","org.axonframework.common.configuration.ComponentFactory",4,4,""
0.2,"axon-common-5.0.0","org.axonframework.common.configuration.ComponentDefinition$IncompleteComponentDefinition",17,2,"axon-common-5.0.0","org.axonframework.common.configuration.ComponentDefinition$1",1,6,""
0.2,"axon-common-5.0.0","org.axonframework.common.configuration.Components",2,6,"axon-common-5.0.0","org.axonframework.common.configuration.DecoratedComponent",1,8,""
0.2,"axon-common-5.0.0","org.axonframework.common.configuration.Configuration",93,2,"axon-conversion-5.0.0","org.axonframework.conversion.avro.AvroConverterStrategy",4,2,""
0.2,"axon-common-5.0.0","org.axonframework.common.configuration.ConfigurationEnhancer",25,1,"axon-metrics-micrometer-5.0.0","org.axonframework.extension.metrics.micrometer.MetricsConfigurerModule",,3,""
0.2,"axon-common-5.0.0","org.axonframework.common.configuration.DecoratorDefinition$PartialDecoratorDefinition",10,2,"axon-common-5.0.0","org.axonframework.common.configuration.DecoratorDefinition$1",1,5,""
0.2,"axon-common-5.0.0","org.axonframework.common.lock.PessimisticLockFactory$Builder",1,2,"axon-messaging-5.0.0","org.axonframework.messaging.core.QualifiedName",68,3,""
0.2,"axon-conversion-5.0.0","org.axonframework.conversion.avro.AvroUtil",5,1,"axon-conversion-5.0.0","org.axonframework.conversion.converter.BlobToInputStreamConverter",,2,""
0.2,"axon-conversion-5.0.0","org.axonframework.conversion.avro.AvroUtil",5,1,"axon-conversion-5.0.0","org.axonframework.conversion.converter.InputStreamToByteArrayConverter",,2,""
0.2,"axon-eventsourcing-5.0.0","org.axonframework.eventsourcing.annotation.AnnotationBasedEventCriteriaResolver$WrappedEventCriteriaBuilderMethod",1,4,"axon-eventsourcing-5.0.0","org.axonframework.eventsourcing.annotation.AnnotationBasedEventCriteriaResolverDefinition",1,4,""
0.2,"axon-eventsourcing-5.0.0","org.axonframework.eventsourcing.annotation.AnnotationBasedEventCriteriaResolverDefinition",1,4,"axon-common-5.0.0","org.axonframework.common.configuration.AxonConfiguration",14,1,""
0.2,"axon-eventsourcing-5.0.0","org.axonframework.eventsourcing.annotation.AnnotationBasedEventCriteriaResolverDefinition",1,4,"axon-common-5.0.0","org.axonframework.common.configuration.LifecycleHandler",4,1,""
0.2,"axon-eventsourcing-5.0.0","org.axonframework.eventsourcing.annotation.EventSourcingHandler",,1,"axon-messaging-5.0.0","org.axonframework.messaging.core.annotation.HandlerTypeResolver",,5,""
0.2,"axon-eventsourcing-5.0.0","org.axonframework.eventsourcing.configuration.EventSourcedEntityModule$CriteriaResolverPhase",4,3,"axon-eventsourcing-5.0.0","org.axonframework.eventsourcing.annotation.CriteriaResolverDefinition",3,2,""
0.2,"axon-eventsourcing-5.0.0","org.axonframework.eventsourcing.configuration.EventSourcedEntityModule$EntityFactoryPhase",4,3,"axon-eventsourcing-5.0.0","org.axonframework.eventsourcing.annotation.EventSourcedEntityFactoryDefinition",3,2,""
0.2,"axon-eventsourcing-5.0.0","org.axonframework.eventsourcing.eventstore.AppendCondition",13,5,"axon-messaging-5.0.0","org.axonframework.messaging.eventstreaming.StreamingCondition",13,5,""
0.2,"axon-eventsourcing-5.0.0","org.axonframework.eventsourcing.eventstore.EventCoordinator",5,3,"axon-eventsourcing-5.0.0","org.axonframework.eventsourcing.eventstore.jpa.JpaPollingEventCoordinator",2,5,""
0.2,"axon-eventsourcing-5.0.0","org.axonframework.eventsourcing.eventstore.EventStore",9,5,"axon-modelling-5.0.0","org.axonframework.modelling.repository.SimpleRepositoryEntityPersister",4,1,""
0.2,"axon-eventsourcing-5.0.0","org.axonframework.eventsourcing.eventstore.MultiTagResolver",,3,"axon-eventsourcing-5.0.0","org.axonframework.eventsourcing.eventstore.TaggedEventMessage",15,2,""
0.2,"axon-eventsourcing-5.0.0","org.axonframework.eventsourcing.eventstore.jpa.AggregateBasedJpaEventStorageEngine$2",1,12,"axon-eventsourcing-5.0.0","org.axonframework.eventsourcing.eventstore.EmptyAppendTransaction",3,3,""
0.2,"axon-eventsourcing-5.0.0","org.axonframework.eventsourcing.eventstore.jpa.AggregateBasedJpaEventStorageEngine$TokenAndEvent",1,2,"axon-eventsourcing-5.0.0","org.axonframework.eventsourcing.eventstore.jpa.GapAwareTrackingTokenOperations",1,4,""
0.2,"axon-eventsourcing-5.0.0","org.axonframework.eventsourcing.eventstore.jpa.AggregateBasedJpaEventStorageEngineConfiguration",2,4,"axon-messaging-5.0.0","org.axonframework.messaging.eventhandling.processing.streaming.token.store.jpa.JpaTokenStoreConfiguration",2,1,""
0.2,"axon-eventsourcing-5.0.0","org.axonframework.eventsourcing.eventstore.jpa.GapAwareTrackingTokenOperations",1,4,"axon-eventsourcing-5.0.0","org.axonframework.eventsourcing.eventstore.jpa.AggregateBasedJpaEventStorageEngine$TokenAndEvent",1,2,""
0.2,"axon-eventsourcing-5.0.0","org.axonframework.eventsourcing.eventstore.jpa.JpaPollingEventCoordinator",2,5,"axon-eventsourcing-5.0.0","org.axonframework.eventsourcing.eventstore.EventCoordinator",5,3,""
0.2,"axon-spring-boot-autoconfigure-5.0.0","org.axonframework.extension.springboot.autoconfig.AvroSchemaStoreAutoConfiguration",,6,"axon-spring-boot-autoconfigure-5.0.0","org.axonframework.extension.springboot.autoconfig.AvroSchemaStoreAutoConfiguration$AvroConfiguredCondition",3,2,""
0.2,"axon-spring-boot-autoconfigure-5.0.0","org.axonframework.extension.springboot.autoconfig.AvroSchemaStoreAutoConfiguration$AvroConfiguredCondition",3,2,"axon-spring-boot-autoconfigure-5.0.0","org.axonframework.extension.springboot.autoconfig.AvroSchemaStoreAutoConfiguration",,6,""
0.2,"axon-spring-boot-autoconfigure-5.0.0","org.axonframework.extension.springboot.autoconfig.NoOpTransactionAutoConfiguration",,3,"axon-messaging-5.0.0","org.axonframework.messaging.core.unitofwork.transaction.NoTransactionManager",3,4,""
0.2,"axon-spring-boot-autoconfigure-5.0.0","org.axonframework.extension.springboot.autoconfig.NoOpTransactionAutoConfiguration",,3,"axon-messaging-5.0.0","org.axonframework.messaging.core.unitofwork.transaction.NoTransactionManager$1",1,2,""
0.2,"axon-messaging-5.0.0","org.axonframework.messaging.commandhandling.distributed.CommandBusConnector$ResultCallback",7,1,"axon-messaging-5.0.0","org.axonframework.messaging.commandhandling.CommandBus",19,5,""
0.2,"axon-messaging-5.0.0","org.axonframework.messaging.commandhandling.distributed.DistributedCommandBusConfiguration",3,3,"axon-messaging-5.0.0","org.axonframework.messaging.eventhandling.processing.streaming.token.store.jpa.JpaTokenStoreConfiguration",2,1,""
0.2,"axon-messaging-5.0.0","org.axonframework.messaging.commandhandling.distributed.DistributedCommandBusConfigurationEnhancer",,12,"axon-spring-boot-autoconfigure-5.0.0","org.axonframework.extension.springboot.autoconfig.AxonServerAutoConfiguration",3,13,""
0.2,"axon-messaging-5.0.0","org.axonframework.messaging.core.HierarchicalMessageTypeResolver",1,2,"axon-messaging-5.0.0","org.axonframework.messaging.core.ClassBasedMessageTypeResolver",3,2,""
0.2,"axon-messaging-5.0.0","org.axonframework.messaging.core.annotation.HandlerTypeResolver",,5,"axon-common-5.0.0","org.axonframework.common.IdentifierValidator",,1,""
0.2,"axon-messaging-5.0.0","org.axonframework.messaging.core.annotation.HandlerTypeResolver",,5,"axon-eventsourcing-5.0.0","org.axonframework.eventsourcing.annotation.EventSourcingHandler",,1,""
0.2,"axon-messaging-5.0.0","org.axonframework.messaging.core.annotation.HandlerTypeResolver",,5,"axon-messaging-5.0.0","org.axonframework.messaging.core.annotation.AbstractAnnotatedParameterResolverFactory",5,5,""
0.2,"axon-messaging-5.0.0","org.axonframework.messaging.core.annotation.ParameterResolverFactory",40,1,"axon-messaging-5.0.0","org.axonframework.messaging.core.annotation.SimpleResourceParameterResolverFactory",,4,""
0.2,"axon-messaging-5.0.0","org.axonframework.messaging.core.annotation.ParameterResolverFactory",40,1,"axon-messaging-5.0.0","org.axonframework.messaging.core.unitofwork.annotation.ProcessingContextParameterResolverFactory$ProcessingContextParameterResolver",1,2,""
0.2,"axon-messaging-5.0.0","org.axonframework.messaging.core.unitofwork.UnitOfWork$UnitOfWorkProcessingContext$CauseAndPhase",2,2,"axon-messaging-5.0.0","org.axonframework.messaging.core.unitofwork.UnitOfWork$UnitOfWorkProcessingContext$Status",2,1,""
0.2,"axon-messaging-5.0.0","org.axonframework.messaging.core.unitofwork.UnitOfWork$UnitOfWorkProcessingContext$Status",2,1,"axon-messaging-5.0.0","org.axonframework.messaging.core.unitofwork.UnitOfWork$UnitOfWorkProcessingContext$CauseAndPhase",2,2,""
0.2,"axon-messaging-5.0.0","org.axonframework.messaging.core.unitofwork.transaction.NoTransactionManager",3,4,"axon-spring-boot-autoconfigure-5.0.0","org.axonframework.extension.springboot.autoconfig.NoOpTransactionAutoConfiguration",,3,""
0.2,"axon-messaging-5.0.0","org.axonframework.messaging.core.unitofwork.transaction.NoTransactionManager$1",1,2,"axon-spring-boot-autoconfigure-5.0.0","org.axonframework.extension.springboot.autoconfig.NoOpTransactionAutoConfiguration",,3,""
0.2,"axon-messaging-5.0.0","org.axonframework.messaging.eventhandling.annotation.EventAppenderParameterResolverFactory",2,4,"axon-messaging-5.0.0","org.axonframework.messaging.core.annotation.SimpleResourceParameterResolverFactory",,4,""
0.2,"axon-messaging-5.0.0","org.axonframework.messaging.eventhandling.annotation.SequencingPolicy",2,2,"axon-messaging-5.0.0","org.axonframework.messaging.eventhandling.sequencing.FullConcurrencyPolicy",,3,""
0.2,"axon-messaging-5.0.0","org.axonframework.messaging.eventhandling.annotation.SequencingPolicy",2,2,"axon-messaging-5.0.0","org.axonframework.messaging.eventhandling.sequencing.SequentialPolicy",2,4,""
0.2,"axon-messaging-5.0.0","org.axonframework.messaging.eventhandling.configuration.EventHandlingComponentsConfigurer",,4,"axon-messaging-5.0.0","org.axonframework.messaging.eventhandling.configuration.EventProcessorModule$EventHandlingPhase",5,5,""
0.2,"axon-messaging-5.0.0","org.axonframework.messaging.eventhandling.configuration.EventHandlingComponentsConfigurer$AdditionalComponentPhase",4,2,"axon-messaging-5.0.0","org.axonframework.messaging.eventhandling.configuration.EventProcessorModule$EventHandlingPhase",5,5,""
0.2,"axon-messaging-5.0.0","org.axonframework.messaging.eventhandling.configuration.EventProcessorModule$CustomizationPhase",6,3,"axon-messaging-5.0.0","org.axonframework.messaging.core.ConfigurationApplicationContext",2,3,""
0.2,"axon-messaging-5.0.0","org.axonframework.messaging.eventhandling.configuration.EventProcessorModule$EventHandlingPhase",5,5,"axon-messaging-5.0.0","org.axonframework.messaging.eventhandling.configuration.EventHandlingComponentsConfigurer",,4,""
0.2,"axon-messaging-5.0.0","org.axonframework.messaging.eventhandling.configuration.EventProcessorModule$EventHandlingPhase",5,5,"axon-messaging-5.0.0","org.axonframework.messaging.eventhandling.configuration.EventHandlingComponentsConfigurer$AdditionalComponentPhase",4,2,""
0.2,"axon-messaging-5.0.0","org.axonframework.messaging.eventhandling.gateway.EventPublishingUtils",2,5,"axon-modelling-5.0.0","org.axonframework.modelling.PayloadBasedEntityEvolver",,3,""
0.2,"axon-messaging-5.0.0","org.axonframework.messaging.eventhandling.processing.errorhandling.ErrorHandler",7,1,"axon-messaging-5.0.0","org.axonframework.messaging.eventhandling.processing.errorhandling.PropagatingErrorHandler",1,3,""
0.2,"axon-messaging-5.0.0","org.axonframework.messaging.eventhandling.processing.errorhandling.PropagatingErrorHandler",1,3,"axon-messaging-5.0.0","org.axonframework.messaging.eventhandling.processing.errorhandling.ErrorHandler",7,1,""
0.2,"axon-messaging-5.0.0","org.axonframework.messaging.eventhandling.processing.streaming.pooled.Coordinator$Builder",2,14,"axon-messaging-5.0.0","org.axonframework.messaging.eventhandling.processing.streaming.pooled.SplitTask",1,10,""
0.2,"axon-messaging-5.0.0","org.axonframework.messaging.eventhandling.processing.streaming.pooled.WorkPackage$BatchProcessingEntry",1,3,"axon-messaging-5.0.0","org.axonframework.messaging.eventhandling.processing.streaming.pooled.WorkPackage$ProcessingEntry",3,2,""
0.2,"axon-messaging-5.0.0","org.axonframework.messaging.eventhandling.processing.streaming.segmenting.TrackerStatus",7,6,"axon-messaging-5.0.0","org.axonframework.messaging.eventhandling.processing.streaming.token.GlobalSequenceTrackingToken",8,2,""
0.2,"axon-messaging-5.0.0","org.axonframework.messaging.eventhandling.replay.annotation.ReplayContextParameterResolverFactory",,4,"axon-test-5.0.0","org.axonframework.test.FixtureResourceParameterResolverFactory",,4,""
0.2,"axon-messaging-5.0.0","org.axonframework.messaging.eventhandling.replay.annotation.ReplayParameterResolverFactory",,4,"axon-messaging-5.0.0","org.axonframework.messaging.core.annotation.SimpleResourceParameterResolverFactory",,4,""
0.2,"axon-messaging-5.0.0","org.axonframework.messaging.monitoring.MessageMonitor$MonitorCallback",20,1,"axon-test-5.0.0","org.axonframework.test.fixture.AxonTestPhase$Then$Command",5,3,""
0.2,"axon-messaging-5.0.0","org.axonframework.messaging.queryhandling.distributed.QueryBusConnector$UpdateCallback",8,1,"axon-messaging-5.0.0","org.axonframework.messaging.core.interception.DefaultDispatchInterceptorRegistry$5",1,4,""
0.2,"axon-messaging-5.0.0","org.axonframework.messaging.queryhandling.distributed.QueryBusConnector$UpdateCallback",8,1,"axon-messaging-5.0.0","org.axonframework.messaging.monitoring.configuration.DefaultMessageMonitorRegistry$5",1,4,""
0.2,"axon-messaging-5.0.0","org.axonframework.messaging.queryhandling.distributed.QueryBusConnector$UpdateCallback",8,1,"axon-messaging-5.0.0","org.axonframework.messaging.queryhandling.tracing.QueryUpdateEmitterSpanFactory",1,2,""
0.2,"axon-modelling-5.0.0","org.axonframework.modelling.PropertyBasedEntityIdResolver",1,8,"axon-modelling-5.0.0","org.axonframework.modelling.EntityIdResolver",17,3,""
0.2,"axon-modelling-5.0.0","org.axonframework.modelling.annotation.TargetEntityId",1,1,"axon-modelling-5.0.0","org.axonframework.modelling.entity.annotation.RoutingKeyUtils",2,4,""
0.2,"axon-modelling-5.0.0","org.axonframework.modelling.entity.annotation.AnnotatedEntityIdResolver",1,10,"axon-messaging-5.0.0","org.axonframework.messaging.core.conversion.DelegatingMessageConverter",3,5,""
0.2,"axon-modelling-5.0.0","org.axonframework.modelling.entity.annotation.RoutingKeyCommandTargetResolver",1,6,"axon-messaging-5.0.0","org.axonframework.messaging.commandhandling.NoHandlerForCommandException",6,2,""
0.2,"axon-modelling-5.0.0","org.axonframework.modelling.entity.annotation.RoutingKeyUtils",2,4,"axon-common-5.0.0","org.axonframework.common.jdbc.ConnectionProvider",2,1,""
0.2,"axon-modelling-5.0.0","org.axonframework.modelling.entity.annotation.RoutingKeyUtils",2,4,"axon-common-5.0.0","org.axonframework.common.jpa.EntityManagerProvider",8,1,""
0.2,"axon-modelling-5.0.0","org.axonframework.modelling.entity.annotation.RoutingKeyUtils",2,4,"axon-modelling-5.0.0","org.axonframework.modelling.annotation.TargetEntityId",1,1,""
0.2,"axon-test-5.0.0","org.axonframework.test.fixture.AxonTestGiven",1,20,"axon-test-5.0.0","org.axonframework.test.fixture.AxonTestPhase$Given",4,7,""
0.2,"axon-test-5.0.0","org.axonframework.test.fixture.AxonTestPhase$Given",4,7,"axon-messaging-5.0.0","org.axonframework.messaging.core.Metadata$MetadataCollector",1,1,""
0.2,"axon-test-5.0.0","org.axonframework.test.fixture.AxonTestPhase$Then$Message",8,3,"axon-test-5.0.0","org.axonframework.test.fixture.AxonTestPhase",,12,""
0.2,"axon-test-5.0.0","org.axonframework.test.fixture.AxonTestThenEvent",1,11,"axon-test-5.0.0","org.axonframework.test.fixture.AxonTestThenNothing",2,7,""
0.2,"axon-test-5.0.0","org.axonframework.test.fixture.AxonTestThenNothing",2,7,"axon-test-5.0.0","org.axonframework.test.fixture.AxonTestThenEvent",1,11,""
0.2,"axon-test-5.0.0","org.axonframework.test.matchers.MatchAllFieldFilter",1,1,"axon-test-5.0.0","org.axonframework.test.matchers.AllFieldsFilter",2,1,""
0.2,"axon-test-5.0.0","org.axonframework.test.util.DefaultCallbackBehavior",1,2,"axon-messaging-5.0.0","org.axonframework.messaging.tracing.attributes.MetadataSpanAttributesProvider",,3,""
0.2,"axon-test-5.0.0","org.axonframework.test.util.MessageMonitorReport$Report",5,4,"axon-messaging-5.0.0","org.axonframework.messaging.core.annotation.Message",5,2,""
0.1991869918699187,"axon-messaging-5.0.0","org.axonframework.messaging.eventhandling.processing.streaming.pooled.PooledStreamingEventProcessorModule",2,26,"axon-eventsourcing-5.0.0","org.axonframework.eventsourcing.configuration.SimpleEventSourcedEntityModule",6,32,""
0.19887955182072828,"axon-messaging-5.0.0","org.axonframework.messaging.eventhandling.processing.streaming.token.store.jdbc.JdbcTokenStore",,21,"axon-messaging-5.0.0","org.axonframework.messaging.eventhandling.processing.streaming.token.store.jpa.JpaTokenStore",1,17,""
0.19887955182072828,"axon-messaging-5.0.0","org.axonframework.messaging.eventhandling.processing.streaming.token.store.jpa.JpaTokenStore",1,17,"axon-messaging-5.0.0","org.axonframework.messaging.eventhandling.processing.streaming.token.store.jdbc.JdbcTokenStore",,21,""
0.19879518072289157,"axon-messaging-5.0.0","org.axonframework.messaging.queryhandling.SimpleQueryBus",1,22,"axon-messaging-5.0.0","org.axonframework.messaging.queryhandling.gateway.DefaultQueryGateway",1,16,""
0.19875776397515527,"axon-eventsourcing-5.0.0","org.axonframework.eventsourcing.eventstore.DefaultEventStoreTransaction",1,15,"axon-eventsourcing-5.0.0","org.axonframework.eventsourcing.eventstore.inmemory.InMemoryEventStorageEngine",5,22,""
0.1978021978021978,"axon-messaging-5.0.0","org.axonframework.messaging.queryhandling.annotation.AnnotatedQueryHandlingComponent",1,21,"axon-modelling-5.0.0","org.axonframework.modelling.annotation.AnnotationBasedEntityEvolvingComponent",1,17,""
0.1978021978021978,"axon-modelling-5.0.0","org.axonframework.modelling.annotation.AnnotationBasedEntityEvolvingComponent",1,17,"axon-messaging-5.0.0","org.axonframework.messaging.queryhandling.annotation.AnnotatedQueryHandlingComponent",1,21,""
0.19718309859154928,"axon-server-connector-5.0.0","org.axonframework.axonserver.connector.event.AxonServerEventStorageEngineFactory",1,10,"axon-common-5.0.0","org.axonframework.common.configuration.AbstractComponent",3,9,""
0.19672131147540983,"axon-messaging-5.0.0","org.axonframework.messaging.eventhandling.processing.streaming.token.ReplayToken",5,2,"axon-messaging-5.0.0","org.axonframework.messaging.eventhandling.processing.streaming.token.GlobalSequenceTrackingToken",8,2,""
0.19672131147540983,"axon-messaging-5.0.0","org.axonframework.messaging.queryhandling.annotation.AnnotatedQueryHandlingComponent",1,21,"axon-messaging-5.0.0","org.axonframework.messaging.eventhandling.annotation.AnnotatedEventHandlingComponent",1,23,""
0.19607843137254902,"axon-messaging-5.0.0","org.axonframework.messaging.eventhandling.processing.streaming.pooled.Coordinator$CoordinationTask",1,22,"axon-messaging-5.0.0","org.axonframework.messaging.eventhandling.processing.streaming.pooled.WorkPackage",8,22,""
0.19444444444444445,"axon-server-connector-5.0.0","org.axonframework.axonserver.connector.event.TaggedEventConverter",3,10,"axon-messaging-5.0.0","org.axonframework.messaging.eventhandling.EventSubscribers",1,6,""
0.19444444444444445,"axon-common-5.0.0","org.axonframework.common.configuration.DefaultAxonApplication",2,9,"axon-common-5.0.0","org.axonframework.common.configuration.BaseModule",7,6,""
0.19444444444444445,"axon-messaging-5.0.0","org.axonframework.messaging.commandhandling.gateway.ConvertingCommandGateway",1,7,"axon-messaging-5.0.0","org.axonframework.messaging.commandhandling.distributed.PayloadConvertingCommandBusConnector",2,10,""
0.1935483870967742,"axon-eventsourcing-5.0.0","org.axonframework.eventsourcing.eventstore.DefaultEventStoreTransaction",1,15,"axon-eventsourcing-5.0.0","org.axonframework.eventsourcing.EventSourcingRepository",1,16,""
0.1935483870967742,"axon-messaging-5.0.0","org.axonframework.messaging.eventhandling.TerminalEventMessage",4,4,"axon-server-connector-5.0.0","org.axonframework.axonserver.connector.event.TaggedEventConverter",3,10,""
0.1935483870967742,"axon-modelling-5.0.0","org.axonframework.modelling.entity.annotation.ListEntityChildModelDefinition",,11,"axon-modelling-5.0.0","org.axonframework.modelling.entity.child.ListEntityChildMetamodel$Builder",3,6,""
0.19230769230769232,"axon-server-connector-5.0.0","org.axonframework.axonserver.connector.command.CommandConverter",2,12,"axon-messaging-5.0.0","org.axonframework.messaging.commandhandling.distributed.DistributedCommandBus$DistributedHandler",1,7,""
0.19230769230769232,"axon-messaging-5.0.0","org.axonframework.messaging.commandhandling.distributed.DistributedCommandBus$DistributedHandler",1,7,"axon-server-connector-5.0.0","org.axonframework.axonserver.connector.command.CommandConverter",2,12,""
0.19230769230769232,"axon-modelling-5.0.0","org.axonframework.modelling.annotation.InjectEntityParameterResolverFactory",1,9,"axon-messaging-5.0.0","org.axonframework.messaging.core.configuration.reflection.ConfigurationParameterResolverFactory",1,5,""
0.19230769230769232,"axon-test-5.0.0","org.axonframework.test.fixture.AxonTestPhase$When",12,5,"axon-test-5.0.0","org.axonframework.test.fixture.AxonTestPhase$Given",4,7,""
0.19117647058823528,"axon-common-5.0.0","org.axonframework.common.configuration.HierarchicalConfiguration",1,3,"axon-common-5.0.0","org.axonframework.common.configuration.AbstractComponent",3,9,""
0.19090909090909092,"axon-test-5.0.0","org.axonframework.test.fixture.AxonTestThenMessage",3,19,"axon-test-5.0.0","org.axonframework.test.fixture.Reporter",3,2,""
0.19090909090909092,"axon-test-5.0.0","org.axonframework.test.fixture.Reporter",3,2,"axon-test-5.0.0","org.axonframework.test.fixture.AxonTestThenMessage",3,19,""
0.19047619047619047,"axon-server-connector-5.0.0","org.axonframework.axonserver.connector.AxonServerRegistration",,1,"axon-eventsourcing-5.0.0","org.axonframework.eventsourcing.eventstore.ContinuousMessageStream",1,5,""
0.19047619047619047,"axon-messaging-5.0.0","org.axonframework.messaging.core.ConversionCache",1,3,"axon-messaging-5.0.0","org.axonframework.messaging.commandhandling.CommandMessage",70,3,""
0.19047619047619047,"axon-messaging-5.0.0","org.axonframework.messaging.core.NamespaceMessageTypeResolver",1,3,"axon-messaging-5.0.0","org.axonframework.messaging.core.MessageTypeResolver",26,4,""
0.19047619047619047,"axon-messaging-5.0.0","org.axonframework.messaging.eventhandling.conversion.DelegatingEventConverter",2,7,"axon-messaging-5.0.0","org.axonframework.messaging.eventhandling.conversion.EventConverter",16,2,""
0.19047619047619047,"axon-test-5.0.0","org.axonframework.test.util.RecordingMessageMonitor$1",1,8,"axon-test-5.0.0","org.axonframework.test.util.MessageMonitorReport$Report",5,4,""
0.18981481481481483,"axon-messaging-5.0.0","org.axonframework.messaging.eventhandling.processing.subscribing.SubscribingEventProcessorModule",2,22,"axon-eventsourcing-5.0.0","org.axonframework.eventsourcing.configuration.SimpleEventSourcedEntityModule",6,32,""
0.1891891891891892,"axon-server-connector-5.0.0","org.axonframework.axonserver.connector.query.AxonServerQueryBusConnector$LocalSegmentAdapter",1,9,"axon-messaging-5.0.0","org.axonframework.messaging.queryhandling.distributed.PayloadConvertingQueryBusConnector$1",2,8,""
0.1891891891891892,"axon-modelling-5.0.0","org.axonframework.modelling.entity.annotation.AnnotatedEntityModelRoutingKeyMatcher",2,8,"axon-modelling-5.0.0","org.axonframework.modelling.PropertyBasedEntityIdResolver",1,8,""
0.1875,"axon-common-5.0.0","org.axonframework.common.configuration.ComponentDefinition$IncompleteComponentDefinition",17,2,"axon-common-5.0.0","org.axonframework.common.configuration.ComponentDefinition$2",1,7,""
0.1875,"axon-messaging-5.0.0","org.axonframework.messaging.commandhandling.distributed.PayloadConvertingCommandBusConnector$ConvertingResultMessageCallback",1,3,"axon-messaging-5.0.0","org.axonframework.messaging.commandhandling.distributed.DistributedCommandBus$DistributedHandler",1,7,""
0.1875,"axon-messaging-5.0.0","org.axonframework.messaging.core.SimpleHandlerAttributes",1,1,"axon-messaging-5.0.0","org.axonframework.messaging.core.annotation.AnnotatedHandlerAttributes",1,4,""
0.1875,"axon-messaging-5.0.0","org.axonframework.messaging.core.annotation.AnnotatedHandlerAttributes",1,4,"axon-messaging-5.0.0","org.axonframework.messaging.core.SimpleHandlerAttributes",1,1,""
0.1875,"axon-test-5.0.0","org.axonframework.test.fixture.AxonTestPhase$When",12,5,"axon-messaging-5.0.0","org.axonframework.messaging.core.Metadata$MetadataCollector",1,1,""
0.18614718614718614,"axon-modelling-5.0.0","org.axonframework.modelling.configuration.SimpleStateBasedEntityModule",4,28,"axon-messaging-5.0.0","org.axonframework.messaging.eventhandling.processing.streaming.pooled.PooledStreamingEventProcessorModule",2,26,""
0.18604651162790697,"axon-messaging-5.0.0","org.axonframework.messaging.queryhandling.configuration.SimpleQueryHandlingModule",1,16,"axon-messaging-5.0.0","org.axonframework.messaging.queryhandling.SimpleQueryHandlingComponent",2,14,""
0.18571428571428572,"axon-messaging-5.0.0","org.axonframework.messaging.eventhandling.configuration.EventProcessingConfigurer",3,9,"axon-messaging-5.0.0","org.axonframework.messaging.eventhandling.processing.subscribing.SubscribingEventProcessorConfiguration",5,13,""
0.18518518518518517,"axon-server-connector-5.0.0","org.axonframework.axonserver.connector.command.CommandConverter",2,12,"axon-test-5.0.0","org.axonframework.test.util.RecordingCommandBus",1,15,""
0.18518518518518517,"axon-common-5.0.0","org.axonframework.common.configuration.DefaultComponentRegistry",4,21,"axon-common-5.0.0","org.axonframework.common.configuration.AbstractComponent",3,9,""
0.18518518518518517,"axon-eventsourcing-5.0.0","org.axonframework.eventsourcing.eventstore.jpa.AggregateBasedJpaEventStorageEngineConfiguration",2,4,"axon-metrics-micrometer-5.0.0","org.axonframework.extension.metrics.micrometer.EventProcessorLatencyMonitor$Builder",2,3,""
0.18421052631578946,"axon-messaging-5.0.0","org.axonframework.messaging.commandhandling.gateway.ConvertingCommandGateway",1,7,"axon-modelling-5.0.0","org.axonframework.modelling.entity.annotation.AnnotatedEntityIdResolver",1,10,""
0.18421052631578946,"axon-messaging-5.0.0","org.axonframework.messaging.commandhandling.gateway.DefaultCommandGateway",1,13,"axon-test-5.0.0","org.axonframework.test.util.RecordingCommandBus",1,15,""
0.1836734693877551,"axon-messaging-5.0.0","org.axonframework.messaging.core.annotation.MessageStreamResolverUtils",1,9,"axon-messaging-5.0.0","org.axonframework.messaging.core.DelegatingMessageStream",6,2,""
0.18333333333333332,"axon-common-5.0.0","org.axonframework.common.configuration.ComponentDefinition",20,7,"axon-update-5.0.0","org.axonframework.update.UpdateCheckerConfigurationEnhancer",,12,""
0.18333333333333332,"axon-update-5.0.0","org.axonframework.update.UpdateCheckerConfigurationEnhancer",,12,"axon-common-5.0.0","org.axonframework.common.configuration.ComponentDefinition",20,7,""
0.18181818181818182,"axon-server-connector-5.0.0","org.axonframework.axonserver.connector.command.AxonServerCommandDispatchException",1,1,"axon-messaging-5.0.0","org.axonframework.messaging.commandhandling.UnresolvedRoutingKeyPolicy",,3,""
0.18181818181818182,"axon-server-connector-5.0.0","org.axonframework.axonserver.connector.event.AxonServerEventStorageEngineFactory",1,10,"axon-common-5.0.0","org.axonframework.common.configuration.DefaultComponentRegistry$LocalConfiguration",1,9,""
0.18181818181818182,"axon-common-5.0.0","org.axonframework.common.configuration.DecoratorDefinition$PartialDecoratorDefinition",10,2,"axon-common-5.0.0","org.axonframework.common.configuration.DecoratorDefinition$2",1,5,""
0.18181818181818182,"axon-common-5.0.0","org.axonframework.common.jdbc.ConnectionWrapperFactory",,2,"axon-common-5.0.0","org.axonframework.common.jdbc.ConnectionWrapperFactory$NoOpCloseHandler",1,1,""
0.18181818181818182,"axon-common-5.0.0","org.axonframework.common.jdbc.ConnectionWrapperFactory$NoOpCloseHandler",1,1,"axon-common-5.0.0","org.axonframework.common.jdbc.ConnectionWrapperFactory",,2,""
0.18181818181818182,"axon-eventsourcing-5.0.0","org.axonframework.eventsourcing.eventstore.ConsistencyMarkers",,2,"axon-eventsourcing-5.0.0","org.axonframework.eventsourcing.eventstore.ConsistencyMarker",24,5,""
0.18181818181818182,"axon-metrics-micrometer-5.0.0","org.axonframework.extension.metrics.micrometer.CapacityMonitor$1",1,3,"axon-messaging-5.0.0","org.axonframework.messaging.monitoring.NoOpMessageMonitorCallback",2,1,""
0.18181818181818182,"axon-metrics-micrometer-5.0.0","org.axonframework.extension.metrics.micrometer.MessageTimerMonitor$1",1,2,"axon-messaging-5.0.0","org.axonframework.messaging.monitoring.MessageMonitor",26,2,""
0.18181818181818182,"axon-messaging-5.0.0","org.axonframework.messaging.commandhandling.annotation.CommandDispatcherParameterResolverFactory",2,5,"axon-messaging-5.0.0","org.axonframework.messaging.core.annotation.SimpleResourceParameterResolverFactory",,4,""
0.18181818181818182,"axon-messaging-5.0.0","org.axonframework.messaging.core.FluxMessageStream$1",1,2,"axon-messaging-5.0.0","org.axonframework.messaging.core.IteratorMessageStream",1,3,""
0.18181818181818182,"axon-messaging-5.0.0","org.axonframework.messaging.core.annotation.AnnotatedMessageHandlingMemberDefinition",,8,"axon-messaging-5.0.0","org.axonframework.messaging.core.annotation.HandlerEnhancerDefinition",12,1,""
0.18181818181818182,"axon-messaging-5.0.0","org.axonframework.messaging.eventhandling.annotation.EventAppenderParameterResolverFactory",2,4,"axon-messaging-5.0.0","org.axonframework.messaging.eventhandling.replay.annotation.ReplayContextParameterResolverFactory",,4,""
0.18181818181818182,"axon-messaging-5.0.0","org.axonframework.messaging.eventhandling.processing.streaming.token.annotation.TrackingTokenParameterResolverFactory",,4,"axon-messaging-5.0.0","org.axonframework.messaging.core.annotation.SimpleResourceParameterResolverFactory",,4,""
0.18181818181818182,"axon-messaging-5.0.0","org.axonframework.messaging.eventhandling.replay.annotation.ReplayContextParameterResolverFactory",,4,"axon-messaging-5.0.0","org.axonframework.messaging.eventhandling.annotation.EventAppenderParameterResolverFactory",2,4,""
0.18181818181818182,"axon-messaging-5.0.0","org.axonframework.messaging.eventhandling.replay.annotation.ReplayParameterResolverFactory",,4,"axon-messaging-5.0.0","org.axonframework.messaging.eventhandling.replay.annotation.ReplayContextParameterResolverFactory",,4,""
0.18181818181818182,"axon-messaging-5.0.0","org.axonframework.messaging.eventhandling.replay.annotation.ReplayParameterResolverFactory",,4,"axon-test-5.0.0","org.axonframework.test.FixtureResourceParameterResolverFactory",,4,""
0.18181818181818182,"axon-messaging-5.0.0","org.axonframework.messaging.queryhandling.QueryUpdateEmitterParameterResolverFactory",2,5,"axon-messaging-5.0.0","org.axonframework.messaging.core.annotation.SimpleResourceParameterResolverFactory",,4,""
0.18181818181818182,"axon-modelling-5.0.0","org.axonframework.modelling.annotation.InjectEntity",1,2,"axon-modelling-5.0.0","org.axonframework.modelling.entity.annotation.AnnotatedEntityIdResolverDefinition",1,7,""
0.18181818181818182,"axon-modelling-5.0.0","org.axonframework.modelling.configuration.StateBasedEntityModule",3,6,"axon-modelling-5.0.0","org.axonframework.modelling.configuration.SimpleStateBasedEntityModule$1",1,3,""
0.18181818181818182,"axon-modelling-5.0.0","org.axonframework.modelling.configuration.StateBasedEntityModule",3,6,"axon-modelling-5.0.0","org.axonframework.modelling.configuration.SimpleStateBasedEntityModule$2",1,3,""
0.18181818181818182,"axon-modelling-5.0.0","org.axonframework.modelling.configuration.StateBasedEntityModule",3,6,"axon-modelling-5.0.0","org.axonframework.modelling.configuration.SimpleStateBasedEntityModule$3",1,3,""
0.18181818181818182,"axon-modelling-5.0.0","org.axonframework.modelling.entity.annotation.AnnotatedEntityIdResolverDefinition",1,7,"axon-modelling-5.0.0","org.axonframework.modelling.annotation.InjectEntity",1,2,""
0.18181818181818182,"axon-test-5.0.0","org.axonframework.test.fixture.CommandValidator",1,7,"axon-messaging-5.0.0","org.axonframework.messaging.commandhandling.SimpleCommandBus",1,17,""
0.18181818181818182,"axon-update-5.0.0","org.axonframework.update.configuration.PropertyFileUsagePropertyProvider",1,3,"axon-update-5.0.0","org.axonframework.update.configuration.HierarchicalUsagePropertyProvider",1,2,""
0.18032786885245902,"axon-server-connector-5.0.0","org.axonframework.axonserver.connector.event.EventProcessorControlService",2,15,"axon-messaging-5.0.0","org.axonframework.messaging.eventhandling.processing.streaming.pooled.ClaimTask",1,8,""
0.18032786885245902,"axon-common-5.0.0","org.axonframework.common.configuration.DefaultAxonApplication$AxonConfigurationImpl",1,9,"axon-common-5.0.0","org.axonframework.common.configuration.LifecycleRegistry",16,3,""
0.18,"axon-messaging-5.0.0","org.axonframework.messaging.eventhandling.processing.streaming.pooled.Coordinator$Builder",2,14,"axon-messaging-5.0.0","org.axonframework.messaging.eventhandling.processing.streaming.token.store.TokenStore",17,3,""
0.18,"axon-test-5.0.0","org.axonframework.test.fixture.AxonTestThenMessage",3,19,"axon-test-5.0.0","org.axonframework.test.fixture.AxonTestGiven",1,20,""
0.1794871794871795,"axon-spring-boot-autoconfigure-5.0.0","org.axonframework.extension.springboot.TimeoutProperties$MessageHandlerTimeoutProperties",2,2,"axon-messaging-5.0.0","org.axonframework.messaging.core.timeout.HandlerTimeoutHandlerEnhancerDefinition",1,8,""
0.1794871794871795,"axon-messaging-5.0.0","org.axonframework.messaging.queryhandling.tracing.DefaultQueryUpdateEmitterSpanFactory",1,6,"axon-messaging-5.0.0","org.axonframework.messaging.commandhandling.tracing.DefaultCommandBusSpanFactory",1,6,""
0.17857142857142858,"axon-eventsourcing-5.0.0","org.axonframework.eventsourcing.eventstore.jpa.AggregateBasedJpaEventStorageEngineConfiguration",2,4,"axon-metrics-micrometer-5.0.0","org.axonframework.extension.metrics.micrometer.MessageTimerMonitor$Builder",2,3,""
0.17857142857142858,"axon-messaging-5.0.0","org.axonframework.messaging.core.annotation.AnnotationMessageTypeResolver",1,6,"axon-messaging-5.0.0","org.axonframework.messaging.core.NamespaceMessageTypeResolver",1,3,""
0.17647058823529413,"axon-server-connector-5.0.0","org.axonframework.axonserver.connector.command.AxonServerCommandBusConnector$FutureResultCallback",1,4,"axon-messaging-5.0.0","org.axonframework.messaging.commandhandling.distributed.PayloadConvertingCommandBusConnector$ConvertingResultMessageCallback",1,3,""
0.17647058823529413,"axon-eventsourcing-5.0.0","org.axonframework.eventsourcing.eventstore.AggregateBasedEventStorageEngineUtils",4,5,"axon-eventsourcing-5.0.0","org.axonframework.eventsourcing.eventstore.TaggedEventMessage",15,2,""
0.17647058823529413,"axon-messaging-5.0.0","org.axonframework.messaging.commandhandling.distributed.PayloadConvertingCommandBusConnector$ConvertingResultMessageCallback",1,3,"axon-server-connector-5.0.0","org.axonframework.axonserver.connector.command.AxonServerCommandBusConnector$FutureResultCallback",1,4,""
0.17647058823529413,"axon-messaging-5.0.0","org.axonframework.messaging.eventhandling.processing.streaming.pooled.PooledStreamingEventProcessorModule$Customization",2,2,"axon-messaging-5.0.0","org.axonframework.messaging.core.configuration.reflection.ConfigurationParameterResolverFactory",1,5,""
0.17647058823529413,"axon-messaging-5.0.0","org.axonframework.messaging.eventhandling.processing.subscribing.SubscribingEventProcessorModule$Customization",2,2,"axon-messaging-5.0.0","org.axonframework.messaging.core.configuration.reflection.ConfigurationParameterResolverFactory",1,5,""
0.175,"axon-eventsourcing-5.0.0","org.axonframework.eventsourcing.eventstore.jpa.AggregateBasedJpaEventStorageEngine$2",1,12,"axon-server-connector-5.0.0","org.axonframework.axonserver.connector.event.AxonServerEventStorageEngine$AxonServerAppendTransaction",1,6,""
0.1746031746031746,"axon-messaging-5.0.0","org.axonframework.messaging.eventhandling.processing.subscribing.SubscribingEventProcessorModule$Customization",2,2,"axon-messaging-5.0.0","org.axonframework.messaging.eventhandling.processing.subscribing.SubscribingEventProcessorsConfigurer",1,14,""
0.1746031746031746,"axon-messaging-5.0.0","org.axonframework.messaging.eventhandling.processing.subscribing.SubscribingEventProcessorsConfigurer",1,14,"axon-messaging-5.0.0","org.axonframework.messaging.eventhandling.processing.subscribing.SubscribingEventProcessorModule$Customization",2,2,""
0.17391304347826086,"axon-spring-boot-autoconfigure-5.0.0","org.axonframework.extension.springboot.autoconfig.CorrelationDataProviderAutoConfiguration",,6,"axon-common-5.0.0","org.axonframework.common.configuration.DecoratorDefinition$1",1,5,""
0.17391304347826086,"axon-test-5.0.0","org.axonframework.test.fixture.AxonTestPhase$When",12,5,"axon-messaging-5.0.0","org.axonframework.messaging.core.AbstractMessage",1,3,""
0.17391304347826086,"axon-test-5.0.0","org.axonframework.test.fixture.AxonTestThenNothing",2,7,"axon-test-5.0.0","org.axonframework.test.fixture.AxonTestWhen$Nothing",1,7,""
0.17346938775510204,"axon-messaging-5.0.0","org.axonframework.messaging.eventhandling.processing.streaming.pooled.Coordinator",3,23,"axon-messaging-5.0.0","org.axonframework.messaging.eventhandling.processing.streaming.pooled.Coordinator$Builder",2,14,""
0.17333333333333334,"axon-test-5.0.0","org.axonframework.test.fixture.AxonTestWhen",5,21,"axon-test-5.0.0","org.axonframework.test.fixture.AxonTestPhase$When",12,5,""
0.1724137931034483,"axon-messaging-5.0.0","org.axonframework.messaging.core.annotation.MessageStreamResolverUtils",1,9,"axon-server-connector-5.0.0","org.axonframework.axonserver.connector.query.FlowControlledResponseSender",1,7,""
0.17142857142857143,"axon-modelling-5.0.0","org.axonframework.modelling.annotation.InjectEntityParameterResolverFactory",1,9,"axon-modelling-5.0.0","org.axonframework.modelling.annotation.InjectEntityParameterResolver",1,7,""
0.17094017094017094,"axon-messaging-5.0.0","org.axonframework.messaging.core.MessageStream",132,21,"axon-messaging-5.0.0","org.axonframework.messaging.core.EmptyMessageStream",1,6,""
0.17073170731707318,"axon-eventsourcing-5.0.0","org.axonframework.eventsourcing.annotation.AnnotationBasedEventCriteriaResolver",2,12,"axon-modelling-5.0.0","org.axonframework.modelling.entity.child.FieldChildEntityFieldDefinition",1,5,""
0.17073170731707318,"axon-modelling-5.0.0","org.axonframework.modelling.entity.child.FieldChildEntityFieldDefinition",1,5,"axon-eventsourcing-5.0.0","org.axonframework.eventsourcing.annotation.AnnotationBasedEventCriteriaResolver",2,12,""
0.1702127659574468,"axon-update-5.0.0","org.axonframework.update.LoggingUpdateCheckerReporter",1,7,"axon-update-5.0.0","org.axonframework.update.detection.AxonVersionDetector",1,2,""
0.1702127659574468,"axon-update-5.0.0","org.axonframework.update.detection.AxonVersionDetector",1,2,"axon-update-5.0.0","org.axonframework.update.LoggingUpdateCheckerReporter",1,7,""
0.16981132075471697,"axon-messaging-5.0.0","org.axonframework.messaging.core.annotation.MessageStreamResolverUtils",1,9,"axon-messaging-5.0.0","org.axonframework.messaging.core.MessageStreamUtils$Reducer",1,3,""
0.16923076923076924,"axon-spring-boot-autoconfigure-5.0.0","org.axonframework.extension.springboot.autoconfig.AxonTimeoutAutoConfiguration$AxonTimeoutConfigurerModule",1,10,"axon-messaging-5.0.0","org.axonframework.messaging.core.timeout.HandlerTimeoutConfiguration",2,1,""
0.16923076923076924,"axon-messaging-5.0.0","org.axonframework.messaging.core.timeout.HandlerTimeoutConfiguration",2,1,"axon-spring-boot-autoconfigure-5.0.0","org.axonframework.extension.springboot.autoconfig.AxonTimeoutAutoConfiguration$AxonTimeoutConfigurerModule",1,10,""
0.16923076923076924,"axon-messaging-5.0.0","org.axonframework.messaging.eventhandling.processing.streaming.pooled.PooledStreamingEventProcessorConfiguration",5,27,"axon-messaging-5.0.0","org.axonframework.messaging.eventhandling.processing.streaming.pooled.Coordinator$Builder",2,14,""
0.16923076923076924,"axon-update-5.0.0","org.axonframework.update.UpdateChecker",1,10,"axon-update-5.0.0","org.axonframework.update.UpdateCheckerConfigurationEnhancer",,12,""
0.16923076923076924,"axon-update-5.0.0","org.axonframework.update.UpdateCheckerConfigurationEnhancer",,12,"axon-update-5.0.0","org.axonframework.update.UpdateChecker",1,10,""
0.16887417218543047,"axon-server-connector-5.0.0","org.axonframework.axonserver.connector.AxonServerConfigurationEnhancer",1,27,"axon-messaging-5.0.0","org.axonframework.messaging.eventhandling.processing.streaming.pooled.PooledStreamingEventProcessorModule",2,26,""
0.16883116883116883,"axon-eventsourcing-5.0.0","org.axonframework.eventsourcing.configuration.EventSourcingConfigurationDefaults",1,13,"axon-update-5.0.0","org.axonframework.update.UpdateCheckerConfigurationEnhancer",,12,""
0.16883116883116883,"axon-update-5.0.0","org.axonframework.update.UpdateCheckerConfigurationEnhancer",,12,"axon-eventsourcing-5.0.0","org.axonframework.eventsourcing.configuration.EventSourcingConfigurationDefaults",1,13,""
0.16842105263157894,"axon-server-connector-5.0.0","org.axonframework.axonserver.connector.query.QueryConverter",6,13,"axon-messaging-5.0.0","org.axonframework.messaging.queryhandling.GenericSubscriptionQueryUpdateMessage",2,10,""
0.168141592920354,"axon-test-5.0.0","org.axonframework.test.fixture.AxonTestFixture",1,17,"axon-test-5.0.0","org.axonframework.test.fixture.AxonTestWhen",5,21,""
0.168141592920354,"axon-test-5.0.0","org.axonframework.test.fixture.AxonTestWhen",5,21,"axon-test-5.0.0","org.axonframework.test.fixture.AxonTestFixture",1,17,""
0.16666666666666666,"axon-server-connector-5.0.0","org.axonframework.axonserver.connector.AxonServerRegistration",,1,"axon-messaging-5.0.0","org.axonframework.messaging.core.SubscribableEventSource",5,3,""
0.16666666666666666,"axon-server-connector-5.0.0","org.axonframework.axonserver.connector.command.AxonServerCommandBusConnector$FutureResultCallback",1,4,"axon-messaging-5.0.0","org.axonframework.messaging.commandhandling.distributed.CommandBusConnector$ResultCallback",7,1,""
0.16666666666666666,"axon-server-connector-5.0.0","org.axonframework.axonserver.connector.query.AxonServerQueryBusConnector$LocalSegmentAdapter",1,9,"axon-messaging-5.0.0","org.axonframework.messaging.queryhandling.distributed.QueryBusConnector",6,8,""
0.16666666666666666,"axon-common-5.0.0","org.axonframework.common.Assert",31,1,"axon-messaging-5.0.0","org.axonframework.messaging.core.QualifiedName",68,3,""
0.16666666666666666,"axon-common-5.0.0","org.axonframework.common.AxonThreadFactory",4,1,"axon-common-5.0.0","org.axonframework.common.lock.PessimisticLockFactory$Builder",1,2,""
0.16666666666666666,"axon-common-5.0.0","org.axonframework.common.annotation.PriorityAnnotationComparator",3,2,"axon-messaging-5.0.0","org.axonframework.messaging.core.annotation.HandlerTypeResolver",,5,""
0.16666666666666666,"axon-common-5.0.0","org.axonframework.common.annotation.PriorityAnnotationComparator",3,2,"axon-messaging-5.0.0","org.axonframework.messaging.core.annotation.SimpleResourceParameterResolverFactory",,4,""
0.16666666666666666,"axon-common-5.0.0","org.axonframework.common.annotation.PriorityAnnotationComparator",3,2,"axon-modelling-5.0.0","org.axonframework.modelling.entity.annotation.RoutingKeyUtils",2,4,""
0.16666666666666666,"axon-common-5.0.0","org.axonframework.common.configuration.ApplicationConfigurer",5,3,"axon-common-5.0.0","org.axonframework.common.configuration.DefaultAxonApplication",2,9,""
0.16666666666666666,"axon-common-5.0.0","org.axonframework.common.configuration.ComponentDefinition",20,7,"axon-messaging-5.0.0","org.axonframework.messaging.core.ConfigurationApplicationContext",2,3,""
0.16666666666666666,"axon-common-5.0.0","org.axonframework.common.configuration.ComponentDefinition$ComponentCreator",7,2,"axon-common-5.0.0","org.axonframework.common.configuration.DecoratorDefinition$CompletedDecoratorDefinition",3,3,""
0.16666666666666666,"axon-common-5.0.0","org.axonframework.common.configuration.DecoratorDefinition$PartialDecoratorDefinition",10,2,"axon-common-5.0.0","org.axonframework.common.configuration.DecoratorDefinition$CompletedDecoratorDefinition",3,3,""
0.16666666666666666,"axon-common-5.0.0","org.axonframework.common.configuration.DefaultAxonApplication",2,9,"axon-common-5.0.0","org.axonframework.common.configuration.ApplicationConfigurer",5,3,""
0.16666666666666666,"axon-common-5.0.0","org.axonframework.common.property.AbstractMethodPropertyAccessStrategy",2,3,"axon-common-5.0.0","org.axonframework.common.property.PropertyAccessStrategy",5,1,""
0.16666666666666666,"axon-common-5.0.0","org.axonframework.common.property.DirectPropertyAccessStrategy",,3,"axon-common-5.0.0","org.axonframework.common.property.PropertyAccessStrategy",5,1,""
0.16666666666666666,"axon-common-5.0.0","org.axonframework.common.property.MethodAccessedProperty",1,3,"axon-common-5.0.0","org.axonframework.common.IdentifierValidator",,1,""
0.16666666666666666,"axon-common-5.0.0","org.axonframework.common.property.PropertyAccessStrategy",5,1,"axon-common-5.0.0","org.axonframework.common.property.DirectPropertyAccessStrategy",,3,""
0.16666666666666666,"axon-conversion-5.0.0","org.axonframework.conversion.PassThroughConverter",,2,"axon-messaging-5.0.0","org.axonframework.messaging.eventhandling.conversion.EventConverter",16,2,""
0.16666666666666666,"axon-conversion-5.0.0","org.axonframework.conversion.avro.SchemaIncompatibilityChecker",3,1,"axon-conversion-5.0.0","org.axonframework.conversion.avro.GenericRecordToByteArrayConverter",,3,""
0.16666666666666666,"axon-eventsourcing-5.0.0","org.axonframework.eventsourcing.configuration.EventSourcedEntityModule$CriteriaResolverPhase",4,3,"axon-common-5.0.0","org.axonframework.common.configuration.ComponentDefinition$IncompleteComponentDefinition",17,2,""
0.16666666666666666,"axon-eventsourcing-5.0.0","org.axonframework.eventsourcing.configuration.EventSourcedEntityModule$EntityFactoryPhase",4,3,"axon-common-5.0.0","org.axonframework.common.configuration.ComponentDefinition$IncompleteComponentDefinition",17,2,""
0.16666666666666666,"axon-eventsourcing-5.0.0","org.axonframework.eventsourcing.configuration.EventSourcedEntityModule$EntityIdResolverPhase",4,4,"axon-modelling-5.0.0","org.axonframework.modelling.annotation.InjectEntity",1,2,""
0.16666666666666666,"axon-eventsourcing-5.0.0","org.axonframework.eventsourcing.eventstore.inmemory.InMemoryEventStorageEngine$MapBackedStreamingEventMessageStream",1,5,"axon-messaging-5.0.0","org.axonframework.messaging.eventhandling.processing.streaming.pooled.WorkPackage$DefaultProcessingEntry",1,4,""
0.16666666666666666,"axon-metrics-micrometer-5.0.0","org.axonframework.extension.metrics.micrometer.CapacityMonitor$1",1,3,"axon-metrics-micrometer-5.0.0","org.axonframework.extension.metrics.micrometer.MessageCountingMonitor$1",1,2,""
0.16666666666666666,"axon-messaging-5.0.0","org.axonframework.messaging.commandhandling.configuration.CommandHandlingModule",5,5,"axon-messaging-5.0.0","org.axonframework.messaging.queryhandling.configuration.QueryHandlingModule",5,5,""
0.16666666666666666,"axon-messaging-5.0.0","org.axonframework.messaging.core.FluxMessageStream$1",1,2,"axon-messaging-5.0.0","org.axonframework.messaging.core.QueueMessageStream",1,5,""
0.16666666666666666,"axon-messaging-5.0.0","org.axonframework.messaging.eventhandling.configuration.EventProcessorModule$EventHandlingPhase",5,5,"axon-messaging-5.0.0","org.axonframework.messaging.eventhandling.configuration.EventProcessorModule$CustomizationPhase",6,3,""
0.16666666666666666,"axon-messaging-5.0.0","org.axonframework.messaging.eventhandling.processing.streaming.pooled.PooledStreamingEventProcessorModule$Customization",2,2,"axon-common-5.0.0","org.axonframework.common.configuration.Module",15,2,""
0.16666666666666666,"axon-messaging-5.0.0","org.axonframework.messaging.eventhandling.processing.streaming.token.annotation.TrackingTokenParameterResolverFactory",,4,"axon-messaging-5.0.0","org.axonframework.messaging.eventhandling.processing.streaming.token.FirstTrackingToken",1,1,""
0.16666666666666666,"axon-messaging-5.0.0","org.axonframework.messaging.monitoring.MessageMonitor$MonitorCallback",20,1,"axon-messaging-5.0.0","org.axonframework.messaging.commandhandling.CommandBus",19,5,""
0.16666666666666666,"axon-messaging-5.0.0","org.axonframework.messaging.queryhandling.configuration.QueryHandlingModule",5,5,"axon-messaging-5.0.0","org.axonframework.messaging.commandhandling.configuration.CommandHandlingModule",5,5,""
0.16666666666666666,"axon-modelling-5.0.0","org.axonframework.modelling.configuration.StateBasedEntityModule$EntityIdResolverPhase",3,4,"axon-modelling-5.0.0","org.axonframework.modelling.annotation.InjectEntity",1,2,""
0.16666666666666666,"axon-modelling-5.0.0","org.axonframework.modelling.configuration.StateBasedEntityModule$PersisterPhase",3,3,"axon-common-5.0.0","org.axonframework.common.configuration.ComponentDefinition$IncompleteComponentDefinition",17,2,""
0.16666666666666666,"axon-modelling-5.0.0","org.axonframework.modelling.entity.annotation.AbstractEntityChildModelDefinition",2,13,"axon-modelling-5.0.0","org.axonframework.modelling.entity.annotation.ListEntityChildModelDefinition",,11,""
0.16666666666666666,"axon-test-5.0.0","org.axonframework.test.fixture.AxonTestFixture$Customization",10,2,"axon-test-5.0.0","org.axonframework.test.matchers.AllFieldsFilter",2,1,""
0.16666666666666666,"axon-test-5.0.0","org.axonframework.test.fixture.AxonTestPhase$Then$Event",5,2,"axon-test-5.0.0","org.axonframework.test.fixture.AxonTestPhase$When$Nothing",4,3,""
0.16666666666666666,"axon-test-5.0.0","org.axonframework.test.fixture.AxonTestPhase$Then$Nothing",7,2,"axon-test-5.0.0","org.axonframework.test.fixture.AxonTestPhase$When$Nothing",4,3,""
0.16666666666666666,"axon-test-5.0.0","org.axonframework.test.matchers.ExactClassMatcher",1,1,"axon-messaging-5.0.0","org.axonframework.messaging.eventhandling.sequencing.MetadataSequencingPolicy",,5,""
0.16666666666666666,"axon-test-5.0.0","org.axonframework.test.matchers.ExactClassMatcher",1,1,"axon-messaging-5.0.0","org.axonframework.messaging.eventhandling.sequencing.PropertySequencingPolicy",,4,""
0.16666666666666666,"axon-update-5.0.0","org.axonframework.update.UpdateCheckerHttpClient",2,4,"axon-update-5.0.0","org.axonframework.update.configuration.CommandLineUsagePropertyProvider",1,2,""
0.16666666666666666,"axon-update-5.0.0","org.axonframework.update.UpdateCheckerReporter",3,2,"axon-update-5.0.0","org.axonframework.update.UpdateCheckerHttpClient",2,4,""
0.16666666666666666,"axon-update-5.0.0","org.axonframework.update.configuration.EnvironmentVariableUsagePropertyProvider",1,3,"axon-update-5.0.0","org.axonframework.update.configuration.PropertyFileUsagePropertyProvider",1,3,""
0.16417910447761194,"axon-spring-boot-autoconfigure-5.0.0","org.axonframework.extension.springboot.TimeoutProperties$TransactionTimeoutProperties",3,1,"axon-spring-boot-autoconfigure-5.0.0","org.axonframework.extension.springboot.autoconfig.AxonTimeoutAutoConfiguration$AxonTimeoutConfigurerModule",1,10,""
0.16417910447761194,"axon-spring-boot-autoconfigure-5.0.0","org.axonframework.extension.springboot.autoconfig.AxonTimeoutAutoConfiguration$AxonTimeoutConfigurerModule",1,10,"axon-spring-boot-autoconfigure-5.0.0","org.axonframework.extension.springboot.TimeoutProperties$TransactionTimeoutProperties",3,1,""
0.16363636363636364,"axon-server-connector-5.0.0","org.axonframework.axonserver.connector.event.EventProcessorControlService",2,15,"axon-common-5.0.0","org.axonframework.common.configuration.LifecycleRegistry",16,3,""
0.16363636363636364,"axon-server-connector-5.0.0","org.axonframework.axonserver.connector.query.QueryConverter",6,13,"axon-messaging-5.0.0","org.axonframework.messaging.queryhandling.SimpleQueryUpdateEmitter",1,12,""
0.16352201257861634,"axon-common-5.0.0","org.axonframework.common.configuration.ComponentRegistry",41,12,"axon-eventsourcing-5.0.0","org.axonframework.eventsourcing.configuration.SimpleEventSourcedEntityModule",6,32,""
0.16279069767441862,"axon-messaging-5.0.0","org.axonframework.messaging.eventhandling.processing.streaming.pooled.Coordinator",3,23,"axon-messaging-5.0.0","org.axonframework.messaging.eventhandling.processing.streaming.pooled.ClaimTask",1,8,""
0.16267942583732056,"axon-server-connector-5.0.0","org.axonframework.axonserver.connector.AxonServerConfigurationEnhancer",1,27,"axon-common-5.0.0","org.axonframework.common.configuration.ComponentRegistry",41,12,""
0.16267942583732056,"axon-common-5.0.0","org.axonframework.common.configuration.ComponentRegistry",41,12,"axon-server-connector-5.0.0","org.axonframework.axonserver.connector.AxonServerConfigurationEnhancer",1,27,""
0.16243654822335024,"axon-metrics-micrometer-5.0.0","org.axonframework.extension.metrics.micrometer.GlobalMetricRegistry",1,19,"axon-messaging-5.0.0","org.axonframework.messaging.monitoring.configuration.DefaultMessageMonitorRegistry",7,24,""
0.16216216216216217,"axon-conversion-5.0.0","org.axonframework.conversion.ChainedConverter$RouteCalculator",1,2,"axon-conversion-5.0.0","org.axonframework.conversion.ChainingContentTypeConverter",3,5,""
0.16216216216216217,"axon-conversion-5.0.0","org.axonframework.conversion.ChainingContentTypeConverter",3,5,"axon-conversion-5.0.0","org.axonframework.conversion.ChainedConverter$RouteCalculator",1,2,""
0.16176470588235295,"axon-spring-boot-autoconfigure-5.0.0","org.axonframework.extension.springboot.autoconfig.AxonTimeoutAutoConfiguration$AxonTimeoutConfigurerModule",1,10,"axon-spring-boot-autoconfigure-5.0.0","org.axonframework.extension.springboot.TimeoutProperties$MessageHandlerTimeoutProperties",2,2,""
0.1611842105263158,"axon-messaging-5.0.0","org.axonframework.messaging.core.configuration.MessagingConfigurer",3,33,"axon-spring-boot-autoconfigure-5.0.0","org.axonframework.extension.springboot.autoconfig.InterceptorAutoConfiguration",,12,""
0.1602787456445993,"axon-messaging-5.0.0","org.axonframework.messaging.eventhandling.processing.streaming.pooled.Coordinator$CoordinationTask",1,22,"axon-messaging-5.0.0","org.axonframework.messaging.eventhandling.processing.streaming.pooled.MergeTask",1,10,""
0.16,"axon-messaging-5.0.0","org.axonframework.messaging.core.FluxMessageStream$1",1,2,"axon-messaging-5.0.0","org.axonframework.messaging.eventhandling.processing.streaming.pooled.WorkPackage$DefaultProcessingEntry",1,4,""
0.16,"axon-test-5.0.0","org.axonframework.test.fixture.AxonTestThenMessage",3,19,"axon-test-5.0.0","org.axonframework.test.fixture.AxonTestWhen",5,21,""
0.15789473684210525,"axon-server-connector-5.0.0","org.axonframework.axonserver.connector.util.GrpcMessageSizeInterceptor",3,2,"axon-server-connector-5.0.0","org.axonframework.axonserver.connector.util.GrpcMessageSizeInterceptor$1$1",2,3,""
0.15789473684210525,"axon-server-connector-5.0.0","org.axonframework.axonserver.connector.util.GrpcMessageSizeInterceptor$1$1",2,3,"axon-server-connector-5.0.0","org.axonframework.axonserver.connector.util.GrpcMessageSizeInterceptor",3,2,""
0.15789473684210525,"axon-eventsourcing-5.0.0","org.axonframework.eventsourcing.configuration.AnnotatedEventSourcedEntityModule",1,25,"axon-eventsourcing-5.0.0","org.axonframework.eventsourcing.annotation.reflection.AnnotationBasedEventSourcedEntityFactoryDefinition",1,7,""
0.15789473684210525,"axon-messaging-5.0.0","org.axonframework.messaging.core.MessageStream",132,21,"axon-messaging-5.0.0","org.axonframework.messaging.core.SingleValueMessageStream",1,4,""
0.1568627450980392,"axon-messaging-5.0.0","org.axonframework.messaging.queryhandling.distributed.DistributedQueryBusConfigurationEnhancer",,12,"axon-messaging-5.0.0","org.axonframework.messaging.core.configuration.reflection.ParameterResolverFactoryUtils",7,5,""
0.1568627450980392,"axon-update-5.0.0","org.axonframework.update.LoggingUpdateCheckerReporter",1,7,"axon-update-5.0.0","org.axonframework.update.api.UpdateCheckRequest",4,2,""
0.1568627450980392,"axon-update-5.0.0","org.axonframework.update.api.UpdateCheckRequest",4,2,"axon-update-5.0.0","org.axonframework.update.LoggingUpdateCheckerReporter",1,7,""
0.15625,"axon-conversion-5.0.0","org.axonframework.conversion.avro.SpecificRecordBaseConverterStrategy",1,7,"axon-conversion-5.0.0","org.axonframework.conversion.avro.ByteArrayToGenericRecordConverter",1,3,""
0.15625,"axon-test-5.0.0","org.axonframework.test.util.MessageMonitorReport",2,5,"axon-test-5.0.0","org.axonframework.test.util.MessageMonitorReport$Report$Failure",3,2,""
0.15625,"axon-test-5.0.0","org.axonframework.test.util.MessageMonitorReport",2,5,"axon-test-5.0.0","org.axonframework.test.util.MessageMonitorReport$Report$Ignored",3,2,""
0.15625,"axon-test-5.0.0","org.axonframework.test.util.MessageMonitorReport",2,5,"axon-test-5.0.0","org.axonframework.test.util.MessageMonitorReport$Report$Success",3,2,""
0.15568862275449102,"axon-messaging-5.0.0","org.axonframework.messaging.eventhandling.processing.streaming.pooled.PooledStreamingEventProcessorsConfigurer",1,16,"axon-messaging-5.0.0","org.axonframework.messaging.eventhandling.processing.subscribing.SubscribingEventProcessorModule",2,22,""
0.15517241379310345,"axon-eventsourcing-5.0.0","org.axonframework.eventsourcing.annotation.reflection.AnnotationBasedEventSourcedEntityFactory",3,19,"axon-modelling-5.0.0","org.axonframework.modelling.annotation.AnnotationBasedEntityEvolvingComponent",1,17,""
0.15492957746478872,"axon-test-5.0.0","org.axonframework.test.fixture.AxonTestThenCommand",1,13,"axon-test-5.0.0","org.axonframework.test.fixture.AxonTestThenMessage",3,19,""
0.15384615384615385,"axon-common-5.0.0","org.axonframework.common.TypeReflectionUtils",2,3,"axon-common-5.0.0","org.axonframework.common.TypeReflectionUtils$VarMap",3,3,""
0.15384615384615385,"axon-common-5.0.0","org.axonframework.common.TypeReflectionUtils$VarMap",3,3,"axon-common-5.0.0","org.axonframework.common.TypeReflectionUtils",2,3,""
0.15384615384615385,"axon-common-5.0.0","org.axonframework.common.infra.JacksonComponentDescriptor",,5,"axon-common-5.0.0","org.axonframework.common.configuration.DecoratedComponent",1,8,""
0.15384615384615385,"axon-eventsourcing-5.0.0","org.axonframework.eventsourcing.annotation.AnnotationBasedEventCriteriaResolver$WrappedEventCriteriaBuilderMethod",1,4,"axon-common-5.0.0","org.axonframework.common.ConstructorUtils",3,1,""
0.15384615384615385,"axon-eventsourcing-5.0.0","org.axonframework.eventsourcing.configuration.EventSourcedEntityModule",3,7,"axon-eventsourcing-5.0.0","org.axonframework.eventsourcing.configuration.SimpleEventSourcedEntityModule$1",1,3,""
0.15384615384615385,"axon-eventsourcing-5.0.0","org.axonframework.eventsourcing.configuration.EventSourcedEntityModule",3,7,"axon-eventsourcing-5.0.0","org.axonframework.eventsourcing.configuration.SimpleEventSourcedEntityModule$2",1,3,""
0.15384615384615385,"axon-eventsourcing-5.0.0","org.axonframework.eventsourcing.configuration.EventSourcedEntityModule",3,7,"axon-eventsourcing-5.0.0","org.axonframework.eventsourcing.configuration.SimpleEventSourcedEntityModule$3",1,3,""
0.15384615384615385,"axon-eventsourcing-5.0.0","org.axonframework.eventsourcing.eventstore.jpa.JpaPollingEventCoordinator",2,5,"axon-eventsourcing-5.0.0","org.axonframework.eventsourcing.eventstore.jpa.JpaPollingEventCoordinator$1",1,3,""
0.15384615384615385,"axon-messaging-5.0.0","org.axonframework.messaging.core.annotation.DefaultParameterResolverFactory",,12,"axon-messaging-5.0.0","org.axonframework.messaging.core.annotation.AnnotatedMessageHandlingMemberDefinition",,8,""
0.15217391304347827,"axon-common-5.0.0","org.axonframework.common.caching.WeakReferenceCache",1,6,"axon-common-5.0.0","org.axonframework.common.caching.JCacheAdapter$JCacheListenerAdapter",1,1,""
0.15217391304347827,"axon-messaging-5.0.0","org.axonframework.messaging.core.unitofwork.SimpleUnitOfWorkFactory",2,4,"axon-messaging-5.0.0","org.axonframework.messaging.core.unitofwork.TransactionalUnitOfWorkFactory",1,9,""
0.15151515151515152,"axon-modelling-5.0.0","org.axonframework.modelling.entity.annotation.AbstractEntityChildModelDefinition",2,13,"axon-modelling-5.0.0","org.axonframework.modelling.entity.annotation.SingleEntityChildModelDefinition",,10,""
0.14893617021276595,"axon-modelling-5.0.0","org.axonframework.modelling.SimpleStateManager",1,10,"axon-modelling-5.0.0","org.axonframework.modelling.entity.EntityCommandHandlingComponent",2,17,""
0.14705882352941177,"axon-modelling-5.0.0","org.axonframework.modelling.HierarchicalStateManager",1,5,"axon-modelling-5.0.0","org.axonframework.modelling.HierarchicalStateManagerConfigurationEnhancer",,5,""
0.14634146341463414,"axon-test-5.0.0","org.axonframework.test.fixture.AxonTestThenCommand",1,13,"axon-messaging-5.0.0","org.axonframework.messaging.commandhandling.GenericCommandResultMessage",4,8,""
0.14583333333333334,"axon-common-5.0.0","org.axonframework.common.caching.WeakReferenceCache",1,6,"axon-common-5.0.0","org.axonframework.common.caching.EhCacheAdapter$CacheEventListenerAdapter",1,2,""
0.14473684210526316,"axon-common-5.0.0","org.axonframework.common.configuration.DefaultAxonApplication$AxonConfigurationImpl",1,9,"axon-common-5.0.0","org.axonframework.common.configuration.HierarchicalConfiguration",1,3,""
0.14388489208633093,"axon-common-5.0.0","org.axonframework.common.configuration.ComponentRegistry",41,12,"axon-messaging-5.0.0","org.axonframework.messaging.monitoring.configuration.DefaultMessageMonitorRegistry",7,24,""
0.14285714285714285,"axon-common-5.0.0","org.axonframework.common.Assert",31,1,"axon-common-5.0.0","org.axonframework.common.BuilderUtils",32,3,""
0.14285714285714285,"axon-common-5.0.0","org.axonframework.common.TypeReflectionUtils",2,3,"axon-common-5.0.0","org.axonframework.common.TypeReflectionUtils$VarMap$ParameterizedTypeImpl",2,1,""
0.14285714285714285,"axon-common-5.0.0","org.axonframework.common.TypeReflectionUtils",2,3,"axon-common-5.0.0","org.axonframework.common.TypeReflectionUtils$VarMap$UnresolvedTypeVariableException",2,1,""
0.14285714285714285,"axon-common-5.0.0","org.axonframework.common.TypeReflectionUtils$VarMap$ParameterizedTypeImpl",2,1,"axon-common-5.0.0","org.axonframework.common.TypeReflectionUtils",2,3,""
0.14285714285714285,"axon-common-5.0.0","org.axonframework.common.TypeReflectionUtils$VarMap$UnresolvedTypeVariableException",2,1,"axon-common-5.0.0","org.axonframework.common.TypeReflectionUtils",2,3,""
0.14285714285714285,"axon-common-5.0.0","org.axonframework.common.caching.WeakReferenceCache",1,6,"axon-common-5.0.0","org.axonframework.common.caching.AbstractCacheAdapter",2,3,""
0.14285714285714285,"axon-common-5.0.0","org.axonframework.common.configuration.DecoratorDefinition",13,7,"axon-spring-boot-autoconfigure-5.0.0","org.axonframework.extension.springboot.autoconfig.CorrelationDataProviderAutoConfiguration",,6,""
0.14285714285714285,"axon-common-5.0.0","org.axonframework.common.configuration.ModuleBuilder",14,1,"axon-messaging-5.0.0","org.axonframework.messaging.queryhandling.configuration.QueryHandlingModule",5,5,""
0.14285714285714285,"axon-common-5.0.0","org.axonframework.common.property.DirectlyAccessedProperty",1,2,"axon-common-5.0.0","org.axonframework.common.property.AbstractMethodPropertyAccessStrategy",2,3,""
0.14285714285714285,"axon-common-5.0.0","org.axonframework.common.property.MethodAccessedProperty",1,3,"axon-common-5.0.0","org.axonframework.common.ConstructorUtils",3,1,""
0.14285714285714285,"axon-conversion-5.0.0","org.axonframework.conversion.avro.DefaultSchemaIncompatibilityChecker",1,2,"axon-conversion-5.0.0","org.axonframework.conversion.avro.GenericRecordToByteArrayConverter",,3,""
0.14285714285714285,"axon-eventsourcing-5.0.0","org.axonframework.eventsourcing.configuration.EventSourcedEntityModule$CriteriaResolverPhase",4,3,"axon-modelling-5.0.0","org.axonframework.modelling.configuration.StateBasedEntityModule$PersisterPhase",3,3,""
0.14285714285714285,"axon-eventsourcing-5.0.0","org.axonframework.eventsourcing.configuration.EventSourcedEntityModule$EntityFactoryPhase",4,3,"axon-modelling-5.0.0","org.axonframework.modelling.configuration.StateBasedEntityModule$PersisterPhase",3,3,""
0.14285714285714285,"axon-eventsourcing-5.0.0","org.axonframework.eventsourcing.configuration.EventSourcedEntityModule$EntityIdResolverPhase",4,4,"axon-modelling-5.0.0","org.axonframework.modelling.annotation.EntityIdResolverDefinition",4,3,""
0.14285714285714285,"axon-eventsourcing-5.0.0","org.axonframework.eventsourcing.configuration.EventSourcedEntityModule$MessagingModelPhase",3,2,"axon-modelling-5.0.0","org.axonframework.modelling.configuration.StateBasedEntityModule$MessagingMetamodelPhase",4,4,""
0.14285714285714285,"axon-eventsourcing-5.0.0","org.axonframework.eventsourcing.configuration.EventSourcingConfigurer",,15,"axon-eventsourcing-5.0.0","org.axonframework.eventsourcing.configuration.EventSourcingConfigurationDefaults",1,13,""
0.14285714285714285,"axon-eventsourcing-5.0.0","org.axonframework.eventsourcing.eventstore.AnnotationBasedTagResolver",1,7,"axon-eventsourcing-5.0.0","org.axonframework.eventsourcing.eventstore.MetadataBasedTagResolver",,4,""
0.14285714285714285,"axon-eventsourcing-5.0.0","org.axonframework.eventsourcing.eventstore.inmemory.InMemoryEventStorageEngine$MapBackedStreamingEventMessageStream",1,5,"axon-messaging-5.0.0","org.axonframework.messaging.core.OnNextMessageStream$Single",2,4,""
0.14285714285714285,"axon-messaging-5.0.0","org.axonframework.messaging.commandhandling.configuration.CommandHandlingModule",5,5,"axon-common-5.0.0","org.axonframework.common.configuration.ModuleBuilder",14,1,""
0.14285714285714285,"axon-messaging-5.0.0","org.axonframework.messaging.commandhandling.configuration.CommandHandlingModule",5,5,"axon-modelling-5.0.0","org.axonframework.modelling.configuration.EntityModule",4,1,""
0.14285714285714285,"axon-messaging-5.0.0","org.axonframework.messaging.commandhandling.distributed.PayloadConvertingCommandBusConnector$ConvertingResultMessageCallback",1,3,"axon-messaging-5.0.0","org.axonframework.messaging.monitoring.MessageMonitor$MonitorCallback",20,1,""
0.14285714285714285,"axon-messaging-5.0.0","org.axonframework.messaging.core.MessageType",54,3,"axon-messaging-5.0.0","org.axonframework.messaging.core.QualifiedName",68,3,""
0.14285714285714285,"axon-messaging-5.0.0","org.axonframework.messaging.core.MessageType",54,3,"axon-messaging-5.0.0","org.axonframework.messaging.eventstreaming.TagAndTypeFilteredEventCriteria",2,6,""
0.14285714285714285,"axon-messaging-5.0.0","org.axonframework.messaging.core.annotation.ClasspathHandlerEnhancerDefinition",1,2,"axon-messaging-5.0.0","org.axonframework.messaging.core.annotation.MultiHandlerEnhancerDefinition",2,3,""
0.14285714285714285,"axon-messaging-5.0.0","org.axonframework.messaging.core.annotation.DefaultParameterResolverFactory",,12,"axon-messaging-5.0.0","org.axonframework.messaging.core.annotation.SimpleResourceParameterResolverFactory",,4,""
0.14285714285714285,"axon-messaging-5.0.0","org.axonframework.messaging.core.annotation.MultiHandlerDefinition",1,8,"axon-messaging-5.0.0","org.axonframework.messaging.core.annotation.AnnotatedMessageHandlingMemberDefinition",,8,""
0.14285714285714285,"axon-messaging-5.0.0","org.axonframework.messaging.core.annotation.MultiHandlerEnhancerDefinition",2,3,"axon-messaging-5.0.0","org.axonframework.messaging.core.annotation.ClasspathHandlerEnhancerDefinition",1,2,""
0.14285714285714285,"axon-messaging-5.0.0","org.axonframework.messaging.core.timeout.AxonTaskJanitor",2,1,"axon-messaging-5.0.0","org.axonframework.messaging.queryhandling.distributed.DistributedQueryBusConfiguration",3,3,""
0.14285714285714285,"axon-messaging-5.0.0","org.axonframework.messaging.eventhandling.annotation.SequencingPolicy",2,2,"axon-messaging-5.0.0","org.axonframework.messaging.eventhandling.sequencing.SequentialPerAggregatePolicy",1,5,""
0.14285714285714285,"axon-messaging-5.0.0","org.axonframework.messaging.queryhandling.configuration.QueryHandlingModule",5,5,"axon-common-5.0.0","org.axonframework.common.configuration.ModuleBuilder",14,1,""
0.14285714285714285,"axon-messaging-5.0.0","org.axonframework.messaging.queryhandling.configuration.QueryHandlingModule",5,5,"axon-modelling-5.0.0","org.axonframework.modelling.configuration.EntityModule",4,1,""
0.14285714285714285,"axon-messaging-5.0.0","org.axonframework.messaging.queryhandling.distributed.DistributedQueryBusConfiguration",3,3,"axon-messaging-5.0.0","org.axonframework.messaging.core.timeout.AxonTaskJanitor",2,1,""
0.14285714285714285,"axon-modelling-5.0.0","org.axonframework.modelling.RepositoryAlreadyRegisteredException",1,1,"axon-modelling-5.0.0","org.axonframework.modelling.StateManager",7,6,""
0.14285714285714285,"axon-modelling-5.0.0","org.axonframework.modelling.configuration.EntityModule",4,1,"axon-messaging-5.0.0","org.axonframework.messaging.queryhandling.configuration.QueryHandlingModule",5,5,""
0.14285714285714285,"axon-modelling-5.0.0","org.axonframework.modelling.configuration.StateBasedEntityModule$MessagingMetamodelPhase",4,4,"axon-eventsourcing-5.0.0","org.axonframework.eventsourcing.configuration.EventSourcedEntityModule$MessagingModelPhase",3,2,""
0.14285714285714285,"axon-modelling-5.0.0","org.axonframework.modelling.configuration.StateBasedEntityModule$PersisterPhase",3,3,"axon-eventsourcing-5.0.0","org.axonframework.eventsourcing.configuration.EventSourcedEntityModule$EntityFactoryPhase",4,3,""
0.14285714285714285,"axon-modelling-5.0.0","org.axonframework.modelling.configuration.StateBasedEntityModule$RepositoryPhase",2,5,"axon-modelling-5.0.0","org.axonframework.modelling.configuration.StateBasedEntityModule",3,6,""
0.14285714285714285,"axon-modelling-5.0.0","org.axonframework.modelling.entity.annotation.RoutingKeyCommandTargetResolverDefinition",1,7,"axon-common-5.0.0","org.axonframework.common.annotation.AnnotationUtils",15,1,""
0.14285714285714285,"axon-modelling-5.0.0","org.axonframework.modelling.entity.annotation.RoutingKeyCommandTargetResolverDefinition",1,7,"axon-modelling-5.0.0","org.axonframework.modelling.entity.annotation.CommandTargetResolverDefinition",3,2,""
0.14285714285714285,"axon-modelling-5.0.0","org.axonframework.modelling.entity.annotation.RoutingKeyEventTargetMatcherDefinition",1,7,"axon-common-5.0.0","org.axonframework.common.annotation.AnnotationUtils",15,1,""
0.14285714285714285,"axon-modelling-5.0.0","org.axonframework.modelling.entity.annotation.RoutingKeyEventTargetMatcherDefinition",1,7,"axon-modelling-5.0.0","org.axonframework.modelling.entity.annotation.EventTargetMatcherDefinition",3,2,""
0.14285714285714285,"axon-test-5.0.0","org.axonframework.test.fixture.AxonTestPhase$Setup",4,2,"axon-test-5.0.0","org.axonframework.test.fixture.AxonTestPhase$When$Command",4,3,""
0.14285714285714285,"axon-test-5.0.0","org.axonframework.test.fixture.AxonTestPhase$Setup",4,2,"axon-test-5.0.0","org.axonframework.test.fixture.AxonTestPhase$When$Event",4,3,""
0.14285714285714285,"axon-test-5.0.0","org.axonframework.test.fixture.AxonTestPhase$Setup",4,2,"axon-test-5.0.0","org.axonframework.test.fixture.AxonTestPhase$When$Nothing",4,3,""
0.14285714285714285,"axon-test-5.0.0","org.axonframework.test.fixture.AxonTestPhase$Then",18,5,"axon-test-5.0.0","org.axonframework.test.fixture.AxonTestPhase$Then$Event",5,2,""
0.14285714285714285,"axon-test-5.0.0","org.axonframework.test.fixture.AxonTestPhase$Then",18,5,"axon-test-5.0.0","org.axonframework.test.fixture.AxonTestPhase$Then$Nothing",7,2,""
0.14285714285714285,"axon-update-5.0.0","org.axonframework.update.configuration.UsagePropertyProvider",8,6,"axon-update-5.0.0","org.axonframework.update.configuration.PropertyFileUsagePropertyProvider",1,3,""
0.13953488372093023,"axon-common-5.0.0","org.axonframework.common.configuration.Components",2,6,"axon-common-5.0.0","org.axonframework.common.configuration.AbstractComponent",3,9,""
0.13934426229508196,"axon-test-5.0.0","org.axonframework.test.fixture.AxonTestThenEvent",1,11,"axon-test-5.0.0","org.axonframework.test.fixture.AxonTestThenMessage",3,19,""
0.1388888888888889,"axon-eventsourcing-5.0.0","org.axonframework.eventsourcing.annotation.reflection.AnnotationBasedEventSourcedEntityFactory",3,19,"axon-eventsourcing-5.0.0","org.axonframework.eventsourcing.annotation.reflection.AnnotationBasedEventSourcedEntityFactory$ScannedEntityCreator",1,8,""
0.1388888888888889,"axon-messaging-5.0.0","org.axonframework.messaging.core.MessageStream",132,21,"axon-messaging-5.0.0","org.axonframework.messaging.core.DelayedMessageStream",7,7,""
0.1377245508982036,"axon-eventsourcing-5.0.0","org.axonframework.eventsourcing.configuration.AnnotatedEventSourcedEntityModule",1,25,"axon-modelling-5.0.0","org.axonframework.modelling.configuration.SimpleStateBasedEntityModule",4,28,""
0.13725490196078433,"axon-eventsourcing-5.0.0","org.axonframework.eventsourcing.annotation.reflection.AnnotationBasedEventSourcedEntityFactory",3,19,"axon-modelling-5.0.0","org.axonframework.modelling.entity.annotation.AnnotatedEntityMetamodel",13,29,""
0.13636363636363635,"axon-messaging-5.0.0","org.axonframework.messaging.core.annotation.DefaultParameterResolverFactory",,12,"axon-test-5.0.0","org.axonframework.test.FixtureResourceParameterResolverFactory",,4,""
0.13513513513513514,"axon-messaging-5.0.0","org.axonframework.messaging.core.annotation.ClasspathHandlerEnhancerDefinition",1,2,"axon-messaging-5.0.0","org.axonframework.messaging.core.annotation.MultiHandlerDefinition",1,8,""
0.1346153846153846,"axon-eventsourcing-5.0.0","org.axonframework.eventsourcing.annotation.AnnotationBasedEventCriteriaResolver",2,12,"axon-common-5.0.0","org.axonframework.common.configuration.DecoratedComponent",1,8,""
0.1346153846153846,"axon-eventsourcing-5.0.0","org.axonframework.eventsourcing.annotation.AnnotationBasedEventCriteriaResolver",2,12,"axon-modelling-5.0.0","org.axonframework.modelling.entity.annotation.AnnotatedEntityIdResolver",1,10,""
0.13454545454545455,"axon-messaging-5.0.0","org.axonframework.messaging.eventhandling.processing.streaming.pooled.Coordinator$CoordinationTask",1,22,"axon-messaging-5.0.0","org.axonframework.messaging.eventhandling.processing.streaming.pooled.SplitTask",1,10,""
0.13380281690140844,"axon-eventsourcing-5.0.0","org.axonframework.eventsourcing.eventstore.jpa.AggregateBasedJpaEventStorageEngine",3,50,"axon-eventsourcing-5.0.0","org.axonframework.eventsourcing.eventstore.inmemory.InMemoryEventStorageEngine",5,22,""
0.13333333333333333,"axon-eventsourcing-5.0.0","org.axonframework.eventsourcing.eventstore.AnnotationBasedTagResolver",1,7,"axon-eventsourcing-5.0.0","org.axonframework.eventsourcing.eventstore.GenericTaggedEventMessage",1,4,""
0.13333333333333333,"axon-modelling-5.0.0","org.axonframework.modelling.HierarchicalStateManager",1,5,"axon-modelling-5.0.0","org.axonframework.modelling.SimpleStateManager",1,10,""
0.13333333333333333,"axon-modelling-5.0.0","org.axonframework.modelling.SimpleStateManager",1,10,"axon-modelling-5.0.0","org.axonframework.modelling.HierarchicalStateManager",1,5,""
0.13291139240506328,"axon-messaging-5.0.0","org.axonframework.messaging.eventhandling.processing.streaming.token.store.jdbc.JdbcTokenStore",,21,"axon-messaging-5.0.0","org.axonframework.messaging.eventhandling.processing.streaming.pooled.MergeTask",1,10,""
0.1320754716981132,"axon-common-5.0.0","org.axonframework.common.configuration.DefaultAxonApplication$AxonConfigurationImpl",1,9,"axon-common-5.0.0","org.axonframework.common.configuration.DefaultComponentRegistry$LocalConfiguration",1,9,""
0.13043478260869565,"axon-eventsourcing-5.0.0","org.axonframework.eventsourcing.eventstore.jpa.AggregateBasedJpaEventStorageEngine$TokenAndEvent",1,2,"axon-eventsourcing-5.0.0","org.axonframework.eventsourcing.eventstore.jpa.AggregateBasedJpaEventStorageEngineConfiguration",2,4,""
0.13043478260869565,"axon-messaging-5.0.0","org.axonframework.messaging.core.MessageType",54,3,"axon-messaging-5.0.0","org.axonframework.messaging.eventhandling.EventHandlerRegistry",5,3,""
0.13043478260869565,"axon-modelling-5.0.0","org.axonframework.modelling.entity.annotation.AbstractEntityChildModelDefinition",2,13,"axon-modelling-5.0.0","org.axonframework.modelling.entity.annotation.RoutingKeyUtils",2,4,""
0.13,"axon-messaging-5.0.0","org.axonframework.messaging.eventhandling.processing.streaming.token.store.jdbc.JdbcTokenStore",,21,"axon-messaging-5.0.0","org.axonframework.messaging.eventhandling.processing.streaming.pooled.WorkPackage",8,22,""
0.12962962962962962,"axon-common-5.0.0","org.axonframework.common.infra.FilesystemStyleComponentDescriptor",1,8,"axon-common-5.0.0","org.axonframework.common.configuration.DecoratedComponent",1,8,""
0.12903225806451613,"axon-modelling-5.0.0","org.axonframework.modelling.annotation.InjectEntityParameterResolverFactory",1,9,"axon-messaging-5.0.0","org.axonframework.messaging.core.reflection.HierarchicalParameterResolverFactoryConfigurationEnhancer",,5,""
0.125,"axon-server-connector-5.0.0","org.axonframework.axonserver.connector.query.AxonServerQueryBusConnector$AxonServerUpdateCallback",2,6,"axon-messaging-5.0.0","org.axonframework.messaging.queryhandling.distributed.PayloadConvertingQueryBusConnector$1$1",2,4,""
0.125,"axon-common-5.0.0","org.axonframework.common.configuration.AbstractComponent$HandlerRegistration",3,1,"axon-common-5.0.0","org.axonframework.common.configuration.DecoratorDefinition",13,7,""
0.125,"axon-common-5.0.0","org.axonframework.common.configuration.DecoratorDefinition",13,7,"axon-common-5.0.0","org.axonframework.common.configuration.AbstractComponent$HandlerRegistration",3,1,""
0.125,"axon-common-5.0.0","org.axonframework.common.configuration.DecoratorDefinition",13,7,"axon-common-5.0.0","org.axonframework.common.configuration.Module",15,2,""
0.125,"axon-common-5.0.0","org.axonframework.common.configuration.DuplicateModuleRegistrationException",1,1,"axon-messaging-5.0.0","org.axonframework.messaging.commandhandling.configuration.CommandHandlingModule",5,5,""
0.125,"axon-common-5.0.0","org.axonframework.common.infra.DescribableComponent",45,1,"axon-messaging-5.0.0","org.axonframework.messaging.core.retry.ExponentialBackOffRetryPolicy",,4,""
0.125,"axon-eventsourcing-5.0.0","org.axonframework.eventsourcing.eventstore.jpa.GapAwareTrackingTokenOperations",1,4,"axon-messaging-5.0.0","org.axonframework.messaging.eventhandling.processing.streaming.token.LatestTrackingToken",1,1,""
0.125,"axon-eventsourcing-5.0.0","org.axonframework.eventsourcing.eventstore.jpa.GapAwareTrackingTokenOperations",1,4,"axon-messaging-5.0.0","org.axonframework.messaging.eventhandling.processing.streaming.token.store.inmemory.InMemoryTokenStore$SegmentAndToken",1,2,""
0.125,"axon-spring-boot-autoconfigure-5.0.0","org.axonframework.extension.springboot.TimeoutProperties",1,2,"axon-spring-boot-autoconfigure-5.0.0","org.axonframework.extension.springboot.autoconfig.AxonTimeoutAutoConfiguration",,6,""
0.125,"axon-spring-boot-autoconfigure-5.0.0","org.axonframework.extension.springboot.autoconfig.AxonTimeoutAutoConfiguration",,6,"axon-spring-boot-autoconfigure-5.0.0","org.axonframework.extension.springboot.TimeoutProperties",1,2,""
0.125,"axon-spring-boot-autoconfigure-5.0.0","org.axonframework.extension.springboot.autoconfig.SecurityAutoConfiguration",,1,"axon-messaging-5.0.0","org.axonframework.messaging.commandhandling.annotation.MethodCommandHandlerDefinition",,3,""
0.125,"axon-spring-boot-autoconfigure-5.0.0","org.axonframework.extension.springboot.autoconfig.TransactionAutoConfiguration",1,1,"axon-messaging-5.0.0","org.axonframework.messaging.core.unitofwork.transaction.NoTransactionManager",3,4,""
0.125,"axon-spring-boot-autoconfigure-5.0.0","org.axonframework.extension.springboot.service.connection.AxonServerDockerComposeConnectionDetailsFactory",,1,"axon-spring-boot-autoconfigure-5.0.0","org.axonframework.extension.springboot.service.connection.AxonServerTestContainerConnectionDetailsFactory$AxonServerContainerConnectionDetails",1,2,""
0.125,"axon-spring-boot-autoconfigure-5.0.0","org.axonframework.extension.springboot.service.connection.AxonServerTestContainerConnectionDetailsFactory$AxonServerContainerConnectionDetails",1,2,"axon-spring-boot-autoconfigure-5.0.0","org.axonframework.extension.springboot.service.connection.AxonServerDockerComposeConnectionDetailsFactory",,1,""
0.125,"axon-messaging-5.0.0","org.axonframework.messaging.commandhandling.annotation.AnnotationRoutingStrategy",2,8,"axon-eventsourcing-5.0.0","org.axonframework.eventsourcing.annotation.AnnotationBasedEventCriteriaResolver$WrappedEventCriteriaBuilderMethod",1,4,""
0.125,"axon-messaging-5.0.0","org.axonframework.messaging.core.RemoteExceptionDescription",6,1,"axon-eventsourcing-5.0.0","org.axonframework.eventsourcing.eventstore.jpa.SQLErrorCodesResolver",1,4,""
0.125,"axon-messaging-5.0.0","org.axonframework.messaging.core.annotation.MultiHandlerEnhancerDefinition",2,3,"axon-messaging-5.0.0","org.axonframework.messaging.commandhandling.annotation.MethodCommandHandlerDefinition",,3,""
0.125,"axon-messaging-5.0.0","org.axonframework.messaging.core.unitofwork.ProcessingLifecycleHandlerRegistrar",3,1,"axon-messaging-5.0.0","org.axonframework.messaging.core.unitofwork.transaction.NoTransactionManager",3,4,""
0.125,"axon-messaging-5.0.0","org.axonframework.messaging.core.unitofwork.transaction.NoTransactionManager",3,4,"axon-spring-boot-autoconfigure-5.0.0","org.axonframework.extension.springboot.autoconfig.TransactionAutoConfiguration",1,1,""
0.125,"axon-messaging-5.0.0","org.axonframework.messaging.core.unitofwork.transaction.NoTransactionManager",3,4,"axon-messaging-5.0.0","org.axonframework.messaging.core.unitofwork.ProcessingLifecycleHandlerRegistrar",3,1,""
0.125,"axon-messaging-5.0.0","org.axonframework.messaging.eventhandling.processing.streaming.pooled.WorkPackage$BatchProcessingEntry",1,3,"axon-messaging-5.0.0","org.axonframework.messaging.eventhandling.replay.annotation.ReplayContextParameterResolverFactory$ReplayContextParameterResolver",1,6,""
0.125,"axon-messaging-5.0.0","org.axonframework.messaging.queryhandling.distributed.DistributedQueryBusConfiguration",3,3,"axon-messaging-5.0.0","org.axonframework.messaging.eventhandling.processing.streaming.token.store.jpa.JpaTokenStoreConfiguration",2,1,""
0.125,"axon-messaging-5.0.0","org.axonframework.messaging.queryhandling.distributed.PayloadConvertingQueryBusConnector$1$1",2,4,"axon-server-connector-5.0.0","org.axonframework.axonserver.connector.query.AxonServerQueryBusConnector$AxonServerUpdateCallback",2,6,""
0.125,"axon-modelling-5.0.0","org.axonframework.modelling.HierarchicalStateManager",1,5,"axon-modelling-5.0.0","org.axonframework.modelling.StateManager",7,6,""
0.125,"axon-modelling-5.0.0","org.axonframework.modelling.configuration.StateBasedEntityModule$RepositoryPhase",2,5,"axon-modelling-5.0.0","org.axonframework.modelling.StateManager",7,6,""
0.125,"axon-modelling-5.0.0","org.axonframework.modelling.entity.annotation.EntityChildModelDefinition",2,2,"axon-modelling-5.0.0","org.axonframework.modelling.entity.EntityMetamodelBuilder",8,6,""
0.125,"axon-test-5.0.0","org.axonframework.test.fixture.AxonTestPhase$Then$Message",8,3,"axon-test-5.0.0","org.axonframework.test.fixture.AxonTestPhase$Then$Event",5,2,""
0.125,"axon-test-5.0.0","org.axonframework.test.fixture.AxonTestPhase$Then$Message",8,3,"axon-test-5.0.0","org.axonframework.test.fixture.AxonTestPhase$Then$Nothing",7,2,""
0.125,"axon-test-5.0.0","org.axonframework.test.util.RecordingMessageMonitor$1",1,8,"axon-messaging-5.0.0","org.axonframework.messaging.monitoring.MessageMonitor",26,2,""
0.1232876712328767,"axon-conversion-5.0.0","org.axonframework.conversion.avro.AvroConverter",1,10,"axon-conversion-5.0.0","org.axonframework.conversion.avro.AvroUtil",5,1,""
0.12307692307692308,"axon-server-connector-5.0.0","org.axonframework.axonserver.connector.event.EventProcessorControlService",2,15,"axon-server-connector-5.0.0","org.axonframework.axonserver.connector.event.EventProcessorControlService$AxonProcessorInstructionHandler",1,3,""
0.12307692307692308,"axon-server-connector-5.0.0","org.axonframework.axonserver.connector.event.EventProcessorControlService$AxonProcessorInstructionHandler",1,3,"axon-server-connector-5.0.0","org.axonframework.axonserver.connector.event.EventProcessorControlService",2,15,""
0.12307692307692308,"axon-metrics-micrometer-5.0.0","org.axonframework.extension.metrics.micrometer.GlobalMetricRegistry",1,19,"axon-messaging-5.0.0","org.axonframework.messaging.monitoring.configuration.MessageMonitorRegistry",4,9,""
0.12244897959183673,"axon-common-5.0.0","org.axonframework.common.configuration.DefaultComponentRegistry",4,21,"axon-common-5.0.0","org.axonframework.common.configuration.HierarchicalConfiguration",1,3,""
0.12222222222222222,"axon-messaging-5.0.0","org.axonframework.messaging.eventhandling.configuration.EventProcessorConfiguration",8,21,"axon-messaging-5.0.0","org.axonframework.messaging.eventhandling.tracing.DefaultEventProcessorSpanFactory",2,7,""
0.12195121951219512,"axon-metrics-micrometer-5.0.0","org.axonframework.extension.metrics.micrometer.GlobalMetricRegistry",1,19,"axon-metrics-micrometer-5.0.0","org.axonframework.extension.metrics.micrometer.MessageTimerMonitor",3,5,""
0.12048192771084337,"axon-messaging-5.0.0","org.axonframework.messaging.eventhandling.configuration.EventProcessingConfigurer",3,9,"axon-update-5.0.0","org.axonframework.update.UpdateCheckerConfigurationEnhancer",,12,""
0.12,"axon-common-5.0.0","org.axonframework.common.configuration.DefaultComponentRegistry$1",1,2,"axon-common-5.0.0","org.axonframework.common.configuration.ComponentRegistry",41,12,""
0.12,"axon-spring-boot-autoconfigure-5.0.0","org.axonframework.extension.springboot.autoconfig.JpaEventStoreAutoConfiguration",,10,"axon-spring-boot-autoconfigure-5.0.0","org.axonframework.extension.springboot.autoconfig.JpaEventStoreAutoConfiguration$AggregateBasedJpaEventStorageEngineConfigurationEnhancer",1,14,""
0.12,"axon-spring-boot-autoconfigure-5.0.0","org.axonframework.extension.springboot.autoconfig.JpaEventStoreAutoConfiguration$AggregateBasedJpaEventStorageEngineConfigurationEnhancer",1,14,"axon-spring-boot-autoconfigure-5.0.0","org.axonframework.extension.springboot.autoconfig.JpaEventStoreAutoConfiguration",,10,""
0.12,"axon-spring-boot-autoconfigure-5.0.0","org.axonframework.extension.springboot.autoconfig.JpaEventStoreAutoConfiguration$AggregateBasedJpaEventStorageEngineConfigurationEnhancer",1,14,"axon-messaging-5.0.0","org.axonframework.messaging.core.reflection.HierarchicalParameterResolverFactoryConfigurationEnhancer",,5,""
0.12,"axon-spring-boot-autoconfigure-5.0.0","org.axonframework.extension.springboot.autoconfig.JpaEventStoreAutoConfiguration$AggregateBasedJpaEventStorageEngineConfigurationEnhancer",1,14,"axon-modelling-5.0.0","org.axonframework.modelling.HierarchicalStateManagerConfigurationEnhancer",,5,""
0.11827956989247312,"axon-conversion-5.0.0","org.axonframework.conversion.avro.AvroConverter",1,10,"axon-conversion-5.0.0","org.axonframework.conversion.avro.SpecificRecordBaseConverterStrategy",1,7,""
0.11764705882352941,"axon-server-connector-5.0.0","org.axonframework.axonserver.connector.query.AxonServerQueryBusConnector$AxonServerUpdateCallback",2,6,"axon-messaging-5.0.0","org.axonframework.messaging.queryhandling.distributed.QueryBusConnector$Handler",8,5,""
0.11764705882352941,"axon-common-5.0.0","org.axonframework.common.infra.FilesystemStyleComponentDescriptor",1,8,"axon-common-5.0.0","org.axonframework.common.configuration.DecoratorDefinition$CompletedDecoratorDefinition",3,3,""
0.11764705882352941,"axon-spring-boot-autoconfigure-5.0.0","org.axonframework.extension.springboot.EventProcessorProperties",1,4,"axon-spring-boot-autoconfigure-5.0.0","org.axonframework.extension.springboot.EventProcessorProperties$ProcessorSettings",2,2,""
0.11764705882352941,"axon-spring-boot-autoconfigure-5.0.0","org.axonframework.extension.springboot.EventProcessorProperties$ProcessorSettings",2,2,"axon-spring-boot-autoconfigure-5.0.0","org.axonframework.extension.springboot.EventProcessorProperties",1,4,""
0.11764705882352941,"axon-spring-boot-autoconfigure-5.0.0","org.axonframework.extension.springboot.autoconfig.JpaEventStoreAutoConfiguration",,10,"axon-spring-boot-autoconfigure-5.0.0","org.axonframework.extension.springboot.autoconfig.AxonServerAutoConfiguration$1",1,4,""
0.11764705882352941,"axon-messaging-5.0.0","org.axonframework.messaging.core.annotation.AnnotatedHandlerAttributes",1,4,"axon-modelling-5.0.0","org.axonframework.modelling.entity.annotation.RoutingKeyUtils",2,4,""
0.11764705882352941,"axon-messaging-5.0.0","org.axonframework.messaging.eventhandling.configuration.EventHandlingComponentsConfigurer$RequiredComponentPhase",7,2,"axon-messaging-5.0.0","org.axonframework.messaging.eventhandling.configuration.EventHandlingComponentsConfigurer$ComponentsPhase",3,6,""
0.11764705882352941,"axon-messaging-5.0.0","org.axonframework.messaging.eventhandling.configuration.EventProcessorModule",6,7,"axon-messaging-5.0.0","org.axonframework.messaging.eventhandling.processing.subscribing.SubscribingEventProcessorsConfigurer",1,14,""
0.11764705882352941,"axon-messaging-5.0.0","org.axonframework.messaging.eventhandling.processing.streaming.segmenting.WrappedTrackerStatus",2,3,"axon-messaging-5.0.0","org.axonframework.messaging.eventhandling.processing.streaming.segmenting.EventTrackerStatus",8,2,""
0.11764705882352941,"axon-messaging-5.0.0","org.axonframework.messaging.queryhandling.distributed.PayloadConvertingQueryBusConnector$1$1",2,4,"axon-messaging-5.0.0","org.axonframework.messaging.queryhandling.distributed.PayloadConvertingQueryBusConnector$1",2,8,""
0.11688311688311688,"axon-modelling-5.0.0","org.axonframework.modelling.SimpleStateManager",1,10,"axon-modelling-5.0.0","org.axonframework.modelling.repository.InMemoryRepository",,6,""
0.11666666666666667,"axon-spring-boot-autoconfigure-5.0.0","org.axonframework.extension.springboot.autoconfig.ConverterAutoConfiguration",3,15,"axon-spring-boot-autoconfigure-5.0.0","org.axonframework.extension.springboot.autoconfig.ConverterAutoConfiguration$1",1,2,""
0.11666666666666667,"axon-spring-boot-autoconfigure-5.0.0","org.axonframework.extension.springboot.autoconfig.ConverterAutoConfiguration$1",1,2,"axon-spring-boot-autoconfigure-5.0.0","org.axonframework.extension.springboot.autoconfig.ConverterAutoConfiguration",3,15,""
0.11538461538461539,"axon-messaging-5.0.0","org.axonframework.messaging.commandhandling.annotation.AnnotationRoutingStrategy",2,8,"axon-modelling-5.0.0","org.axonframework.modelling.entity.child.FieldChildEntityFieldDefinition",1,5,""
0.11436950146627566,"axon-messaging-5.0.0","org.axonframework.messaging.core.configuration.MessagingConfigurer",3,33,"axon-modelling-5.0.0","org.axonframework.modelling.configuration.SimpleStateBasedEntityModule",4,28,""
0.11419753086419752,"axon-eventsourcing-5.0.0","org.axonframework.eventsourcing.eventstore.jpa.AggregateBasedJpaEventStorageEngine",3,50,"axon-eventsourcing-5.0.0","org.axonframework.eventsourcing.eventstore.DefaultEventStoreTransaction",1,15,""
0.11290322580645161,"axon-spring-boot-autoconfigure-5.0.0","org.axonframework.extension.springboot.ConverterProperties",3,1,"axon-spring-boot-autoconfigure-5.0.0","org.axonframework.extension.springboot.autoconfig.ConverterAutoConfiguration",3,15,""
0.11290322580645161,"axon-spring-boot-autoconfigure-5.0.0","org.axonframework.extension.springboot.autoconfig.ConverterAutoConfiguration",3,15,"axon-spring-boot-autoconfigure-5.0.0","org.axonframework.extension.springboot.ConverterProperties",3,1,""
0.11267605633802817,"axon-messaging-5.0.0","org.axonframework.messaging.queryhandling.distributed.PayloadConvertingQueryBusConnector$1$1",2,4,"axon-messaging-5.0.0","org.axonframework.messaging.queryhandling.distributed.DistributedQueryBus",2,18,""
0.1111111111111111,"axon-common-5.0.0","org.axonframework.common.infra.DescribableComponent",45,1,"axon-common-5.0.0","org.axonframework.common.configuration.InstantiatedComponentDefinition",3,5,""
0.1111111111111111,"axon-eventsourcing-5.0.0","org.axonframework.eventsourcing.eventstore.jpa.AggregateEventEntry",3,1,"axon-messaging-5.0.0","org.axonframework.messaging.eventhandling.processing.streaming.token.store.jdbc.JdbcTokenEntry",1,5,""
0.1111111111111111,"axon-spring-boot-autoconfigure-5.0.0","org.axonframework.extension.springboot.autoconfig.ObjectMapperAutoConfiguration",,8,"axon-spring-boot-autoconfigure-5.0.0","org.axonframework.extension.springboot.autoconfig.ObjectMapperAutoConfiguration$JacksonConfiguredCondition$EventsJacksonCondition",2,1,""
0.1111111111111111,"axon-spring-boot-autoconfigure-5.0.0","org.axonframework.extension.springboot.autoconfig.ObjectMapperAutoConfiguration",,8,"axon-spring-boot-autoconfigure-5.0.0","org.axonframework.extension.springboot.autoconfig.ObjectMapperAutoConfiguration$JacksonConfiguredCondition$GeneralDefaultCondition",2,1,""
0.1111111111111111,"axon-messaging-5.0.0","org.axonframework.messaging.core.unitofwork.transaction.NoTransactionManager$1",1,2,"axon-messaging-5.0.0","org.axonframework.messaging.core.unitofwork.transaction.NoTransactionManager",3,4,""
0.1111111111111111,"axon-messaging-5.0.0","org.axonframework.messaging.eventhandling.processing.streaming.pooled.Coordinator$RunState",2,1,"axon-messaging-5.0.0","org.axonframework.messaging.core.annotation.AggregateTypeParameterResolverFactory$AggregateTypeParameterResolver",1,5,""
0.1111111111111111,"axon-modelling-5.0.0","org.axonframework.modelling.RepositoryAlreadyRegisteredException",1,1,"axon-modelling-5.0.0","org.axonframework.modelling.repository.Repository$LifecycleManagement",5,3,""
0.1111111111111111,"axon-modelling-5.0.0","org.axonframework.modelling.configuration.StateBasedEntityModule$MessagingMetamodelPhase",4,4,"axon-eventsourcing-5.0.0","org.axonframework.eventsourcing.configuration.EventSourcedEntityModule$EntityIdResolverPhase",4,4,""
0.1111111111111111,"axon-update-5.0.0","org.axonframework.update.detection.AxonVersionDetector",1,2,"axon-common-5.0.0","org.axonframework.common.jpa.EntityManagerProvider",8,1,""
0.11009174311926606,"axon-server-connector-5.0.0","org.axonframework.axonserver.connector.AxonServerConnectionManager$Builder",2,8,"axon-server-connector-5.0.0","org.axonframework.axonserver.connector.AxonServerConfigurationEnhancer",1,27,""
0.10714285714285714,"axon-spring-boot-autoconfigure-5.0.0","org.axonframework.extension.springboot.autoconfig.JpaAutoConfiguration",1,10,"axon-spring-boot-autoconfigure-5.0.0","org.axonframework.extension.springboot.autoconfig.JpaEventStoreAutoConfiguration",,10,""
0.10714285714285714,"axon-spring-boot-autoconfigure-5.0.0","org.axonframework.extension.springboot.autoconfig.JpaEventStoreAutoConfiguration",,10,"axon-spring-boot-autoconfigure-5.0.0","org.axonframework.extension.springboot.autoconfig.JpaAutoConfiguration",1,10,""
0.10638297872340426,"axon-modelling-5.0.0","org.axonframework.modelling.configuration.ModellingConfigurer",1,10,"axon-messaging-5.0.0","org.axonframework.messaging.core.configuration.reflection.ParameterResolverFactoryUtils",7,5,""
0.10526315789473684,"axon-messaging-5.0.0","org.axonframework.messaging.core.annotation.ClasspathHandlerDefinition",6,2,"axon-messaging-5.0.0","org.axonframework.messaging.core.annotation.MultiHandlerDefinition",1,8,""
0.10526315789473684,"axon-modelling-5.0.0","org.axonframework.modelling.configuration.ModellingConfigurer",1,10,"axon-common-5.0.0","org.axonframework.common.configuration.DefaultAxonApplication",2,9,""
0.1044776119402985,"axon-server-connector-5.0.0","org.axonframework.axonserver.connector.AxonServerConfiguration",7,6,"axon-server-connector-5.0.0","org.axonframework.axonserver.connector.AxonServerConfiguration$Builder",1,2,""
0.1044776119402985,"axon-server-connector-5.0.0","org.axonframework.axonserver.connector.AxonServerConfiguration$Builder",1,2,"axon-server-connector-5.0.0","org.axonframework.axonserver.connector.AxonServerConfiguration",7,6,""
0.1038961038961039,"axon-test-5.0.0","org.axonframework.test.fixture.AxonTestFixture",1,17,"axon-test-5.0.0","org.axonframework.test.fixture.MessagesRecordingConfigurationEnhancer",1,9,""
0.10344827586206896,"axon-messaging-5.0.0","org.axonframework.messaging.eventhandling.processing.errorhandling.PropagatingErrorHandler",1,3,"axon-messaging-5.0.0","org.axonframework.messaging.eventhandling.processing.streaming.pooled.DefaultWorkPackageEventFilter",1,10,""
0.10344827586206896,"axon-modelling-5.0.0","org.axonframework.modelling.RepositoryAlreadyRegisteredException",1,1,"axon-modelling-5.0.0","org.axonframework.modelling.HierarchicalStateManager",1,5,""
0.10277777777777777,"axon-messaging-5.0.0","org.axonframework.messaging.core.configuration.MessagingConfigurationDefaults",1,59,"axon-spring-boot-autoconfigure-5.0.0","org.axonframework.extension.springboot.autoconfig.InterceptorAutoConfiguration",,12,""
0.10256410256410256,"axon-spring-boot-autoconfigure-5.0.0","org.axonframework.extension.springboot.autoconfig.ConverterAutoConfiguration",3,15,"axon-conversion-5.0.0","org.axonframework.conversion.avro.AvroConverter",1,10,""
0.10256410256410256,"axon-messaging-5.0.0","org.axonframework.messaging.eventhandling.configuration.EventProcessorModule",6,7,"axon-messaging-5.0.0","org.axonframework.messaging.eventhandling.processing.streaming.pooled.PooledStreamingEventProcessorsConfigurer",1,16,""
0.1016949152542373,"axon-common-5.0.0","org.axonframework.common.infra.FilesystemStyleComponentDescriptor$TreeRenderer",2,3,"axon-common-5.0.0","org.axonframework.common.infra.FilesystemStyleComponentDescriptor",1,8,""
0.1,"axon-eventsourcing-5.0.0","org.axonframework.eventsourcing.annotation.EventSourcedEntity",2,6,"axon-eventsourcing-5.0.0","org.axonframework.eventsourcing.annotation.AnnotationBasedEventCriteriaResolverDefinition",1,4,""
0.1,"axon-eventsourcing-5.0.0","org.axonframework.eventsourcing.eventstore.EventCoordinator$Handle",6,1,"axon-eventsourcing-5.0.0","org.axonframework.eventsourcing.eventstore.GenericTaggedEventMessage",1,4,""
0.1,"axon-spring-boot-autoconfigure-5.0.0","org.axonframework.extension.springboot.autoconfig.AvroSchemaStoreAutoConfiguration",,6,"axon-spring-boot-autoconfigure-5.0.0","org.axonframework.extension.springboot.autoconfig.AvroSchemaStoreAutoConfiguration$AvroConfiguredCondition$MessagesAvroCondition",2,1,""
0.1,"axon-spring-boot-autoconfigure-5.0.0","org.axonframework.extension.springboot.autoconfig.AvroSchemaStoreAutoConfiguration",,6,"axon-spring-boot-autoconfigure-5.0.0","org.axonframework.extension.springboot.autoconfig.AvroSchemaStoreAutoConfiguration$OnMissingDefaultSchemaStoreCondition",2,1,""
0.1,"axon-spring-boot-autoconfigure-5.0.0","org.axonframework.extension.springboot.autoconfig.AvroSchemaStoreAutoConfiguration$AvroConfiguredCondition$EventsAvroCondition",2,1,"axon-spring-boot-autoconfigure-5.0.0","org.axonframework.extension.springboot.autoconfig.AvroSchemaStoreAutoConfiguration",,6,""
0.1,"axon-spring-boot-autoconfigure-5.0.0","org.axonframework.extension.springboot.autoconfig.AvroSchemaStoreAutoConfiguration$AvroConfiguredCondition$MessagesAvroCondition",2,1,"axon-spring-boot-autoconfigure-5.0.0","org.axonframework.extension.springboot.autoconfig.AvroSchemaStoreAutoConfiguration",,6,""
0.1,"axon-spring-boot-autoconfigure-5.0.0","org.axonframework.extension.springboot.autoconfig.AvroSchemaStoreAutoConfiguration$OnMissingDefaultSchemaStoreCondition",2,1,"axon-spring-boot-autoconfigure-5.0.0","org.axonframework.extension.springboot.autoconfig.AvroSchemaStoreAutoConfiguration",,6,""
0.1,"axon-spring-boot-autoconfigure-5.0.0","org.axonframework.extension.springboot.autoconfig.AvroSchemaStoreAutoConfiguration$OnMissingDefaultSchemaStoreCondition$SchemaStoreIsMissingCondition",2,1,"axon-spring-boot-autoconfigure-5.0.0","org.axonframework.extension.springboot.autoconfig.AvroSchemaStoreAutoConfiguration",,6,""
0.1,"axon-spring-boot-autoconfigure-5.0.0","org.axonframework.extension.springboot.autoconfig.CBORMapperAutoConfiguration",1,2,"axon-spring-boot-autoconfigure-5.0.0","org.axonframework.extension.springboot.autoconfig.ObjectMapperAutoConfiguration",,8,""
0.1,"axon-spring-boot-autoconfigure-5.0.0","org.axonframework.extension.springboot.autoconfig.SecurityAutoConfiguration",,1,"axon-messaging-5.0.0","org.axonframework.messaging.queryhandling.annotation.MethodQueryHandlerDefinition",,3,""
0.1,"axon-messaging-5.0.0","org.axonframework.messaging.commandhandling.configuration.CommandHandlingModule$SetupPhase",2,1,"axon-messaging-5.0.0","org.axonframework.messaging.commandhandling.configuration.CommandHandlingModule",5,5,""
0.1,"axon-messaging-5.0.0","org.axonframework.messaging.eventhandling.processing.streaming.pooled.Coordinator$RunState",2,1,"axon-messaging-5.0.0","org.axonframework.messaging.eventhandling.annotation.TimestampParameterResolverFactory$TimestampParameterResolver",1,5,""
0.1,"axon-messaging-5.0.0","org.axonframework.messaging.eventhandling.processing.streaming.token.store.jdbc.TokenTableFactory",3,1,"axon-messaging-5.0.0","org.axonframework.messaging.eventhandling.processing.streaming.token.store.jdbc.JdbcTokenStoreConfiguration",1,2,""
0.1,"axon-messaging-5.0.0","org.axonframework.messaging.queryhandling.configuration.QueryHandlingModule$SetupPhase",2,1,"axon-messaging-5.0.0","org.axonframework.messaging.queryhandling.configuration.QueryHandlingModule",5,5,""
0.1,"axon-update-5.0.0","org.axonframework.update.configuration.UsagePropertyProvider",8,6,"axon-common-5.0.0","org.axonframework.common.jpa.EntityManagerProvider",8,1,""
0.1,"axon-update-5.0.0","org.axonframework.update.configuration.UsagePropertyProvider",8,6,"axon-update-5.0.0","org.axonframework.update.detection.MachineId",1,1,""
0.0982532751091703,"axon-messaging-5.0.0","org.axonframework.messaging.core.configuration.MessagingConfigurationDefaults",1,59,"axon-server-connector-5.0.0","org.axonframework.axonserver.connector.AxonServerConfigurationEnhancer",1,27,""
0.0975609756097561,"axon-common-5.0.0","org.axonframework.common.lifecycle.ShutdownLatch$ActivityHandle",3,1,"axon-server-connector-5.0.0","org.axonframework.axonserver.connector.command.AxonServerCommandBusConnector",2,15,""
0.0975609756097561,"axon-messaging-5.0.0","org.axonframework.messaging.commandhandling.annotation.AnnotationRoutingStrategy",2,8,"axon-common-5.0.0","org.axonframework.common.digest.Digester",,1,""
0.0967741935483871,"axon-spring-boot-autoconfigure-5.0.0","org.axonframework.extension.springboot.TimeoutProperties",1,2,"axon-spring-boot-autoconfigure-5.0.0","org.axonframework.extension.springboot.autoconfig.AxonTimeoutAutoConfiguration$AxonTimeoutConfigurerModule",1,10,""
0.0967741935483871,"axon-test-5.0.0","org.axonframework.test.fixture.Reporter",3,2,"axon-modelling-5.0.0","org.axonframework.modelling.PayloadBasedEntityEvolver",,3,""
0.0967741935483871,"axon-update-5.0.0","org.axonframework.update.UpdateChecker",1,10,"axon-update-5.0.0","org.axonframework.update.configuration.HierarchicalUsagePropertyProvider",1,2,""
0.09615384615384616,"axon-eventsourcing-5.0.0","org.axonframework.eventsourcing.configuration.EventSourcingConfigurer",,15,"axon-modelling-5.0.0","org.axonframework.modelling.configuration.SimpleStateBasedEntityModule",4,28,""
0.09523809523809523,"axon-conversion-5.0.0","org.axonframework.conversion.json.JacksonConverter",3,9,"axon-test-5.0.0","org.axonframework.test.fixture.RecordingEventSink",9,5,""
0.09523809523809523,"axon-modelling-5.0.0","org.axonframework.modelling.entity.annotation.EntityChildModelDefinition",2,2,"axon-modelling-5.0.0","org.axonframework.modelling.entity.annotation.AbstractEntityChildModelDefinition",2,13,""
0.09433962264150944,"axon-conversion-5.0.0","org.axonframework.conversion.json.JacksonConverter",3,9,"axon-conversion-5.0.0","org.axonframework.conversion.ChainingContentTypeConverter",3,5,""
0.09375,"axon-spring-boot-autoconfigure-5.0.0","org.axonframework.extension.springboot.actuator.axonserver.AxonServerHealthIndicator",1,2,"axon-server-connector-5.0.0","org.axonframework.axonserver.connector.event.AxonServerEventStorageEngineFactory",1,10,""
0.09090909090909091,"axon-eventsourcing-5.0.0","org.axonframework.eventsourcing.annotation.EventSourcedEntity",2,6,"axon-modelling-5.0.0","org.axonframework.modelling.annotation.AnnotationBasedEntityIdResolverDefinition",,5,""
0.09090909090909091,"axon-spring-boot-autoconfigure-5.0.0","org.axonframework.extension.springboot.EventProcessorProperties",1,4,"axon-spring-boot-autoconfigure-5.0.0","org.axonframework.extension.springboot.EventProcessorProperties$Dlq",2,1,""
0.09090909090909091,"axon-spring-boot-autoconfigure-5.0.0","org.axonframework.extension.springboot.EventProcessorProperties$Dlq",2,1,"axon-spring-boot-autoconfigure-5.0.0","org.axonframework.extension.springboot.EventProcessorProperties",1,4,""
0.09090909090909091,"axon-spring-boot-autoconfigure-5.0.0","org.axonframework.extension.springboot.autoconfig.CBORMapperAutoConfiguration",1,2,"axon-spring-boot-autoconfigure-5.0.0","org.axonframework.extension.springboot.autoconfig.AvroSchemaStoreAutoConfiguration",,6,""
0.09090909090909091,"axon-spring-boot-autoconfigure-5.0.0","org.axonframework.extension.springboot.autoconfig.SecurityAutoConfiguration",,1,"axon-messaging-5.0.0","org.axonframework.messaging.eventhandling.replay.annotation.ReplayAwareMessageHandlerWrapper",,5,""
0.09090909090909091,"axon-spring-boot-autoconfigure-5.0.0","org.axonframework.extension.springboot.util.jpa.ContainerManagedEntityManagerProvider",1,1,"axon-eventsourcing-5.0.0","org.axonframework.eventsourcing.eventstore.jpa.JpaPollingEventCoordinator",2,5,""
0.09090909090909091,"axon-messaging-5.0.0","org.axonframework.messaging.eventhandling.processing.streaming.segmenting.EventTrackerStatusChangeListener",,1,"axon-messaging-5.0.0","org.axonframework.messaging.eventhandling.processing.streaming.StreamingEventProcessor",4,4,""
0.09090909090909091,"axon-messaging-5.0.0","org.axonframework.messaging.eventhandling.replay.annotation.DisallowReplay",,1,"axon-messaging-5.0.0","org.axonframework.messaging.eventhandling.replay.annotation.ReplayAwareMessageHandlerWrapper",,5,""
0.08695652173913043,"axon-common-5.0.0","org.axonframework.common.configuration.AbstractComponent$HandlerRegistration",3,1,"axon-common-5.0.0","org.axonframework.common.configuration.ComponentDefinition",20,7,""
0.08695652173913043,"axon-common-5.0.0","org.axonframework.common.lifecycle.ShutdownLatch",3,2,"axon-server-connector-5.0.0","org.axonframework.axonserver.connector.command.AxonServerCommandBusConnector",2,15,""
0.08695652173913043,"axon-modelling-5.0.0","org.axonframework.modelling.entity.annotation.EntityMember",2,4,"axon-modelling-5.0.0","org.axonframework.modelling.entity.annotation.AbstractEntityChildModelDefinition",2,13,""
0.08333333333333333,"axon-conversion-5.0.0","org.axonframework.conversion.avro.AvroConverterConfiguration",2,4,"axon-conversion-5.0.0","org.axonframework.conversion.avro.DefaultSchemaIncompatibilityChecker",1,2,""
0.08333333333333333,"axon-eventsourcing-5.0.0","org.axonframework.eventsourcing.annotation.EventSourcingHandler",,1,"axon-messaging-5.0.0","org.axonframework.messaging.eventhandling.annotation.MethodEventHandlerDefinition",,4,""
0.08333333333333333,"axon-eventsourcing-5.0.0","org.axonframework.eventsourcing.configuration.EventSourcedEntityModule$MessagingModelPhase",3,2,"axon-eventsourcing-5.0.0","org.axonframework.eventsourcing.configuration.EventSourcedEntityModule",3,7,""
0.08333333333333333,"axon-spring-boot-autoconfigure-5.0.0","org.axonframework.extension.springboot.actuator.axonserver.AxonServerHealthIndicator",1,2,"axon-spring-boot-autoconfigure-5.0.0","org.axonframework.extension.springboot.autoconfig.AxonServerActuatorAutoConfiguration",,4,""
0.08333333333333333,"axon-spring-boot-autoconfigure-5.0.0","org.axonframework.extension.springboot.autoconfig.AxonServerActuatorAutoConfiguration",,4,"axon-spring-boot-autoconfigure-5.0.0","org.axonframework.extension.springboot.actuator.axonserver.AxonServerHealthIndicator",1,2,""
0.08333333333333333,"axon-spring-boot-autoconfigure-5.0.0","org.axonframework.extension.springboot.autoconfig.CBORMapperAutoConfiguration",1,2,"axon-spring-boot-autoconfigure-5.0.0","org.axonframework.extension.springboot.autoconfig.ConverterAutoConfiguration$1",1,2,""
0.08333333333333333,"axon-spring-boot-autoconfigure-5.0.0","org.axonframework.extension.springboot.autoconfig.ConverterAutoConfiguration$1",1,2,"axon-spring-boot-autoconfigure-5.0.0","org.axonframework.extension.springboot.autoconfig.CBORMapperAutoConfiguration",1,2,""
0.08333333333333333,"axon-messaging-5.0.0","org.axonframework.messaging.eventhandling.processing.errorhandling.PropagatingErrorHandler",1,3,"axon-messaging-5.0.0","org.axonframework.messaging.eventhandling.processing.subscribing.SubscribingEventProcessor",3,19,""
0.08333333333333333,"axon-messaging-5.0.0","org.axonframework.messaging.eventhandling.processing.streaming.pooled.Coordinator$RunState",2,1,"axon-messaging-5.0.0","org.axonframework.messaging.tracing.Span",21,2,""
0.08333333333333333,"axon-messaging-5.0.0","org.axonframework.messaging.eventhandling.processing.streaming.token.store.jdbc.TokenTableFactory",3,1,"axon-messaging-5.0.0","org.axonframework.messaging.eventhandling.processing.streaming.token.store.jdbc.GenericTokenTableFactory",1,2,""
0.08333333333333333,"axon-messaging-5.0.0","org.axonframework.messaging.tracing.Span",21,2,"axon-messaging-5.0.0","org.axonframework.messaging.eventhandling.processing.streaming.pooled.Coordinator$RunState",2,1,""
0.08108108108108109,"axon-messaging-5.0.0","org.axonframework.messaging.core.unitofwork.SimpleUnitOfWorkFactory",2,4,"axon-messaging-5.0.0","org.axonframework.messaging.eventhandling.processing.streaming.pooled.ClaimTask",1,8,""
0.08108108108108109,"axon-test-5.0.0","org.axonframework.test.matchers.Matchers",2,16,"axon-messaging-5.0.0","org.axonframework.messaging.eventhandling.annotation.TimestampParameterResolverFactory$TimestampParameterResolver",1,5,""
0.08,"axon-messaging-5.0.0","org.axonframework.messaging.tracing.Span",21,2,"axon-messaging-5.0.0","org.axonframework.messaging.tracing.MultiSpanFactory$MultiSpan",1,2,""
0.07692307692307693,"axon-server-connector-5.0.0","org.axonframework.axonserver.connector.AxonServerConfiguration",7,6,"axon-server-connector-5.0.0","org.axonframework.axonserver.connector.AxonServerConnectionManager",7,4,""
0.07692307692307693,"axon-server-connector-5.0.0","org.axonframework.axonserver.connector.AxonServerConnectionManager",7,4,"axon-server-connector-5.0.0","org.axonframework.axonserver.connector.AxonServerConfiguration",7,6,""
0.07692307692307693,"axon-common-5.0.0","org.axonframework.common.configuration.AbstractComponent$HandlerRegistration",3,1,"axon-common-5.0.0","org.axonframework.common.configuration.DefaultDecoratorDefinition",2,8,""
0.07692307692307693,"axon-common-5.0.0","org.axonframework.common.lock.NullLockFactory",,3,"axon-common-5.0.0","org.axonframework.common.lock.PessimisticLockFactory",2,6,""
0.07692307692307693,"axon-common-5.0.0","org.axonframework.common.lock.PessimisticLockFactory",2,6,"axon-common-5.0.0","org.axonframework.common.lock.NullLockFactory",,3,""
0.07692307692307693,"axon-common-5.0.0","org.axonframework.common.lock.PessimisticLockFactory$DisposableLock",1,5,"axon-common-5.0.0","org.axonframework.common.lock.PessimisticLockFactory$Builder",1,2,""
0.07692307692307693,"axon-eventsourcing-5.0.0","org.axonframework.eventsourcing.eventstore.jpa.AggregateEventEntry",3,1,"axon-eventsourcing-5.0.0","org.axonframework.eventsourcing.eventstore.jpa.GapAwareTrackingTokenOperations",1,4,""
0.07692307692307693,"axon-spring-boot-autoconfigure-5.0.0","org.axonframework.extension.springboot.DistributedCommandBusProperties",,3,"axon-spring-boot-autoconfigure-5.0.0","org.axonframework.extension.springboot.DistributedCommandBusProperties$JGroupsProperties$Gossip",2,1,""
0.07692307692307693,"axon-spring-boot-autoconfigure-5.0.0","org.axonframework.extension.springboot.DistributedCommandBusProperties$JGroupsProperties$Gossip",2,1,"axon-spring-boot-autoconfigure-5.0.0","org.axonframework.extension.springboot.DistributedCommandBusProperties",,3,""
0.07692307692307693,"axon-spring-boot-autoconfigure-5.0.0","org.axonframework.extension.springboot.util.jpa.ContainerManagedEntityManagerProvider",1,1,"axon-spring-boot-autoconfigure-5.0.0","org.axonframework.extension.springboot.autoconfig.JpaEventStoreAutoConfiguration",,10,""
0.07692307692307693,"axon-messaging-5.0.0","org.axonframework.messaging.core.annotation.ClasspathHandlerEnhancerDefinition",1,2,"axon-spring-boot-autoconfigure-5.0.0","org.axonframework.extension.springboot.autoconfig.SecurityAutoConfiguration",,1,""
0.07692307692307693,"axon-messaging-5.0.0","org.axonframework.messaging.core.unitofwork.UnitOfWorkFactory",25,2,"axon-messaging-5.0.0","org.axonframework.messaging.eventhandling.processing.streaming.pooled.ClaimTask",1,8,""
0.07692307692307693,"axon-messaging-5.0.0","org.axonframework.messaging.eventhandling.configuration.EventProcessorModule",6,7,"axon-common-5.0.0","org.axonframework.common.configuration.ModuleBuilder",14,1,""
0.07692307692307693,"axon-messaging-5.0.0","org.axonframework.messaging.eventhandling.processing.streaming.segmenting.AddedTrackerStatus",,2,"axon-messaging-5.0.0","org.axonframework.messaging.eventhandling.processing.streaming.StreamingEventProcessor",4,4,""
0.07692307692307693,"axon-messaging-5.0.0","org.axonframework.messaging.eventhandling.processing.streaming.segmenting.RemovedTrackerStatus",,2,"axon-messaging-5.0.0","org.axonframework.messaging.eventhandling.processing.streaming.StreamingEventProcessor",4,4,""
0.07692307692307693,"axon-update-5.0.0","org.axonframework.update.api.UpdateCheckRequest",4,2,"axon-common-5.0.0","org.axonframework.common.jpa.EntityManagerProvider",8,1,""
0.075,"axon-test-5.0.0","org.axonframework.test.matchers.Matchers",2,16,"axon-messaging-5.0.0","org.axonframework.messaging.eventhandling.gateway.EventPublishingUtils",2,5,""
0.07407407407407407,"axon-eventsourcing-5.0.0","org.axonframework.eventsourcing.eventstore.jpa.AggregateEventEntry",3,1,"axon-messaging-5.0.0","org.axonframework.messaging.eventhandling.processing.streaming.token.store.jpa.TokenEntry",1,6,""
0.07407407407407407,"axon-spring-boot-autoconfigure-5.0.0","org.axonframework.extension.springboot.autoconfig.JpaAutoConfiguration",1,10,"axon-eventsourcing-5.0.0","org.axonframework.eventsourcing.eventstore.jpa.JpaPollingEventCoordinator",2,5,""
0.07407407407407407,"axon-messaging-5.0.0","org.axonframework.messaging.core.unitofwork.ProcessingLifecycle$DefaultPhases",1,1,"axon-messaging-5.0.0","org.axonframework.messaging.core.unitofwork.LegacyMessageSupportingContext",1,7,""
0.07407407407407407,"axon-update-5.0.0","org.axonframework.update.UpdateCheckerReporter",3,2,"axon-update-5.0.0","org.axonframework.update.UpdateChecker",1,10,""
0.07142857142857142,"axon-eventsourcing-5.0.0","org.axonframework.eventsourcing.eventstore.jpa.SQLStateResolver",,2,"axon-spring-boot-autoconfigure-5.0.0","org.axonframework.extension.springboot.autoconfig.JpaEventStoreAutoConfiguration",,10,""
0.07142857142857142,"axon-spring-boot-autoconfigure-5.0.0","org.axonframework.extension.springboot.autoconfig.AxonServerActuatorAutoConfiguration",,4,"axon-spring-boot-autoconfigure-5.0.0","org.axonframework.extension.springboot.autoconfig.AxonServerAutoConfiguration$1",1,4,""
0.07142857142857142,"axon-messaging-5.0.0","org.axonframework.messaging.core.annotation.AnnotatedHandlerAttributes",1,4,"axon-messaging-5.0.0","org.axonframework.messaging.eventhandling.replay.annotation.AllowReplay",2,1,""
0.07142857142857142,"axon-test-5.0.0","org.axonframework.test.matchers.Matchers",2,16,"axon-messaging-5.0.0","org.axonframework.messaging.eventhandling.replay.annotation.ReplayParameterResolverFactory$ReplayParameterResolver",1,7,""
0.07017543859649122,"axon-messaging-5.0.0","org.axonframework.messaging.core.annotation.ClasspathHandlerDefinition",6,2,"axon-messaging-5.0.0","org.axonframework.messaging.core.annotation.AnnotatedHandlerInspector",5,13,""
0.06779661016949153,"axon-common-5.0.0","org.axonframework.common.lifecycle.ShutdownLatch$ActivityHandle",3,1,"axon-server-connector-5.0.0","org.axonframework.axonserver.connector.query.AxonServerQueryBusConnector",3,17,""
0.06741573033707865,"axon-conversion-5.0.0","org.axonframework.conversion.avro.AvroConverterConfiguration",2,4,"axon-conversion-5.0.0","org.axonframework.conversion.avro.AvroConverter",1,10,""
0.06666666666666667,"axon-common-5.0.0","org.axonframework.common.TypeReflectionUtils$VarMap",3,3,"axon-common-5.0.0","org.axonframework.common.ReflectionUtils",25,4,""
0.06666666666666667,"axon-messaging-5.0.0","org.axonframework.messaging.commandhandling.configuration.CommandHandlingModule$SetupPhase",2,1,"axon-messaging-5.0.0","org.axonframework.messaging.commandhandling.configuration.SimpleCommandHandlingModule",1,16,""
0.06666666666666667,"axon-messaging-5.0.0","org.axonframework.messaging.core.unitofwork.ProcessingLifecycleHandlerRegistrar",3,1,"axon-messaging-5.0.0","org.axonframework.messaging.core.unitofwork.ProcessingContext",229,5,""
0.06666666666666667,"axon-messaging-5.0.0","org.axonframework.messaging.queryhandling.configuration.QueryHandlingModule$SetupPhase",2,1,"axon-messaging-5.0.0","org.axonframework.messaging.queryhandling.configuration.SimpleQueryHandlingModule",1,16,""
0.06382978723404255,"axon-spring-boot-autoconfigure-5.0.0","org.axonframework.extension.springboot.TagsConfigurationProperties",,1,"axon-server-connector-5.0.0","org.axonframework.axonserver.connector.AxonServerConnectionManager$Builder",2,8,""
0.0625,"axon-common-5.0.0","org.axonframework.common.lifecycle.ShutdownLatch",3,2,"axon-server-connector-5.0.0","org.axonframework.axonserver.connector.query.AxonServerQueryBusConnector",3,17,""
0.0625,"axon-eventsourcing-5.0.0","org.axonframework.eventsourcing.annotation.EventSourcedEntity",2,6,"axon-modelling-5.0.0","org.axonframework.modelling.entity.annotation.AnnotatedEntityIdResolverDefinition",1,7,""
0.0625,"axon-messaging-5.0.0","org.axonframework.messaging.tracing.Span",21,2,"axon-messaging-5.0.0","org.axonframework.messaging.tracing.NoOpSpanFactory$NoOpSpan",2,2,""
0.0625,"axon-modelling-5.0.0","org.axonframework.modelling.entity.child.GetterEvolverChildEntityFieldDefinition",1,1,"axon-modelling-5.0.0","org.axonframework.modelling.entity.child.ListEntityChildMetamodel",3,6,""
0.0625,"axon-modelling-5.0.0","org.axonframework.modelling.entity.child.GetterEvolverChildEntityFieldDefinition",1,1,"axon-modelling-5.0.0","org.axonframework.modelling.entity.child.ListEntityChildMetamodel$Builder",3,6,""
0.0625,"axon-modelling-5.0.0","org.axonframework.modelling.entity.child.GetterSetterChildEntityFieldDefinition",1,1,"axon-modelling-5.0.0","org.axonframework.modelling.entity.child.ListEntityChildMetamodel",3,6,""
0.0625,"axon-modelling-5.0.0","org.axonframework.modelling.entity.child.GetterSetterChildEntityFieldDefinition",1,1,"axon-modelling-5.0.0","org.axonframework.modelling.entity.child.ListEntityChildMetamodel$Builder",3,6,""
0.06060606060606061,"axon-common-5.0.0","org.axonframework.common.DefaultIdentifierFactory",1,1,"axon-messaging-5.0.0","org.axonframework.messaging.core.GenericMessage",12,9,""
0.058823529411764705,"axon-server-connector-5.0.0","org.axonframework.axonserver.connector.util.PriorityExecutorService",1,2,"axon-messaging-5.0.0","org.axonframework.messaging.queryhandling.distributed.DistributedQueryBus$DistributedHandler",1,10,""
0.058823529411764705,"axon-common-5.0.0","org.axonframework.common.Assert",31,1,"axon-modelling-5.0.0","org.axonframework.modelling.entity.child.FieldChildEntityFieldDefinition",1,5,""
0.058823529411764705,"axon-modelling-5.0.0","org.axonframework.modelling.entity.annotation.EntityMember",2,4,"axon-modelling-5.0.0","org.axonframework.modelling.entity.annotation.RoutingKeyCommandTargetResolverDefinition",1,7,""
0.058823529411764705,"axon-modelling-5.0.0","org.axonframework.modelling.entity.annotation.EntityMember",2,4,"axon-modelling-5.0.0","org.axonframework.modelling.entity.annotation.RoutingKeyEventTargetMatcherDefinition",1,7,""
0.058823529411764705,"axon-update-5.0.0","org.axonframework.update.api.UpdateCheckResponse",4,4,"axon-common-5.0.0","org.axonframework.common.jpa.EntityManagerProvider",8,1,""
0.057692307692307696,"axon-server-connector-5.0.0","org.axonframework.axonserver.connector.AxonServerConfiguration$Eventhandling",4,1,"axon-server-connector-5.0.0","org.axonframework.axonserver.connector.event.EventProcessorControlService",2,15,""
0.05555555555555555,"axon-common-5.0.0","org.axonframework.common.lock.DeadlockException",1,1,"axon-common-5.0.0","org.axonframework.common.lock.PessimisticLockFactory$DisposableLock",1,5,""
0.05555555555555555,"axon-common-5.0.0","org.axonframework.common.lock.PessimisticLockFactory$DisposableLock",1,5,"axon-common-5.0.0","org.axonframework.common.lock.DeadlockException",1,1,""
0.05555555555555555,"axon-spring-boot-autoconfigure-5.0.0","org.axonframework.extension.springboot.DistributedCommandBusProperties",,3,"axon-spring-boot-autoconfigure-5.0.0","org.axonframework.extension.springboot.DistributedCommandBusProperties$JGroupsProperties",2,1,""
0.05555555555555555,"axon-spring-boot-autoconfigure-5.0.0","org.axonframework.extension.springboot.DistributedCommandBusProperties$JGroupsProperties",2,1,"axon-spring-boot-autoconfigure-5.0.0","org.axonframework.extension.springboot.DistributedCommandBusProperties",,3,""
0.05555555555555555,"axon-spring-boot-autoconfigure-5.0.0","org.axonframework.extension.springboot.autoconfig.AxonTimeoutAutoConfiguration",,6,"axon-messaging-5.0.0","org.axonframework.messaging.core.configuration.reflection.ConfigurationParameterResolverConfigurationEnhancer",,4,""
0.05555555555555555,"axon-spring-boot-autoconfigure-5.0.0","org.axonframework.extension.springboot.autoconfig.AxonTimeoutAutoConfiguration",,6,"axon-modelling-5.0.0","org.axonframework.modelling.annotation.InjectEntityParameterResolverFactoryConfigurationEnhancer",,4,""
0.05555555555555555,"axon-spring-boot-autoconfigure-5.0.0","org.axonframework.extension.springboot.autoconfig.JpaAutoConfiguration",1,10,"axon-spring-boot-autoconfigure-5.0.0","org.axonframework.extension.springboot.util.jpa.ContainerManagedEntityManagerProvider",1,1,""
0.05555555555555555,"axon-modelling-5.0.0","org.axonframework.modelling.entity.annotation.EntityChildModelDefinition",2,2,"axon-modelling-5.0.0","org.axonframework.modelling.entity.annotation.SingleEntityChildModelDefinition",,10,""
0.05,"axon-common-5.0.0","org.axonframework.common.configuration.DefaultComponentRegistry$1",1,2,"axon-common-5.0.0","org.axonframework.common.configuration.BaseModule",7,6,""
0.047619047619047616,"axon-server-connector-5.0.0","org.axonframework.axonserver.connector.util.GrpcMessageSizeInterceptor",3,2,"axon-server-connector-5.0.0","org.axonframework.axonserver.connector.util.GrpcMessageSizeInterceptor$1",2,4,""
0.047619047619047616,"axon-server-connector-5.0.0","org.axonframework.axonserver.connector.util.GrpcMessageSizeInterceptor$1",2,4,"axon-server-connector-5.0.0","org.axonframework.axonserver.connector.util.GrpcMessageSizeInterceptor",3,2,""
0.047619047619047616,"axon-spring-boot-autoconfigure-5.0.0","org.axonframework.extension.springboot.autoconfig.AxonServerActuatorAutoConfiguration",,4,"axon-spring-boot-autoconfigure-5.0.0","org.axonframework.extension.springboot.autoconfig.JpaEventStoreAutoConfiguration",,10,""
0.045454545454545456,"axon-server-connector-5.0.0","org.axonframework.axonserver.connector.AxonServerConnectionManager",7,4,"axon-server-connector-5.0.0","org.axonframework.axonserver.connector.AxonServerConfiguration$Builder",1,2,""
0.043478260869565216,"axon-messaging-5.0.0","org.axonframework.messaging.core.annotation.ClasspathHandlerDefinition",6,2,"axon-messaging-5.0.0","org.axonframework.messaging.core.annotation.AnnotatedMessageHandlingMemberDefinition",,8,""
0.043478260869565216,"axon-update-5.0.0","org.axonframework.update.UpdateCheckerReporter",3,2,"axon-update-5.0.0","org.axonframework.update.LoggingUpdateCheckerReporter",1,7,""
0.0425531914893617,"axon-messaging-5.0.0","org.axonframework.messaging.core.timeout.AxonTimeLimitedTask",2,2,"axon-messaging-5.0.0","org.axonframework.messaging.core.timeout.UnitOfWorkTimeoutInterceptorBuilder",1,14,""
0.04,"axon-common-5.0.0","org.axonframework.common.lock.LockFactory",2,1,"axon-common-5.0.0","org.axonframework.common.lock.PessimisticLockFactory",2,6,""
0.04,"axon-common-5.0.0","org.axonframework.common.lock.PessimisticLockFactory",2,6,"axon-common-5.0.0","org.axonframework.common.AxonThreadFactory",4,1,""
0.04,"axon-common-5.0.0","org.axonframework.common.lock.PessimisticLockFactory",2,6,"axon-common-5.0.0","org.axonframework.common.lock.LockFactory",2,1,""
0.03980099502487562,"axon-server-connector-5.0.0","org.axonframework.axonserver.connector.AxonServerConnectionManager",7,4,"axon-server-connector-5.0.0","org.axonframework.axonserver.connector.AxonServerConfigurationEnhancer",1,27,""
0.0392156862745098,"axon-server-connector-5.0.0","org.axonframework.axonserver.connector.util.PriorityExecutorService",1,2,"axon-messaging-5.0.0","org.axonframework.messaging.commandhandling.distributed.DistributedCommandBus$DistributedHandler",1,7,""
0.038461538461538464,"axon-common-5.0.0","org.axonframework.common.configuration.DefaultComponentRegistry$1",1,2,"axon-messaging-5.0.0","org.axonframework.messaging.core.configuration.reflection.ParameterResolverFactoryUtils",7,5,""
0.038461538461538464,"axon-common-5.0.0","org.axonframework.common.lock.NoOpLock",1,1,"axon-common-5.0.0","org.axonframework.common.lock.PessimisticLockFactory",2,6,""
0.037037037037037035,"axon-messaging-5.0.0","org.axonframework.messaging.core.unitofwork.ProcessingLifecycleHandlerRegistrar",3,1,"axon-messaging-5.0.0","org.axonframework.messaging.eventhandling.processing.streaming.pooled.EventSchedulingProcessingContext",2,7,""
0.037037037037037035,"axon-messaging-5.0.0","org.axonframework.messaging.eventhandling.processing.errorhandling.ErrorHandler",7,1,"axon-messaging-5.0.0","org.axonframework.messaging.eventhandling.processing.streaming.pooled.DefaultWorkPackageEventFilter",1,10,""
0.03488372093023256,"axon-server-connector-5.0.0","org.axonframework.axonserver.connector.AxonServerConfiguration",7,6,"axon-server-connector-5.0.0","org.axonframework.axonserver.connector.AxonServerConnectionManager$Builder",2,8,""
0.03389830508474576,"axon-common-5.0.0","org.axonframework.common.lock.PessimisticLockFactory$DisposableLock",1,5,"axon-common-5.0.0","org.axonframework.common.lock.PessimisticLockFactory",2,6,""
0.03225806451612903,"axon-server-connector-5.0.0","org.axonframework.axonserver.connector.event.EventProcessorControlService$AxonProcessorInstructionHandler",1,3,"axon-messaging-5.0.0","org.axonframework.messaging.eventhandling.processing.streaming.StreamingEventProcessor",4,4,""
0.031746031746031744,"axon-server-connector-5.0.0","org.axonframework.axonserver.connector.util.GrpcMessageSizeInterceptor$1",2,4,"axon-server-connector-5.0.0","org.axonframework.axonserver.connector.AxonServerConnectionManager$Builder",2,8,""
0.031746031746031744,"axon-server-connector-5.0.0","org.axonframework.axonserver.connector.util.GrpcMessageSizeInterceptor$1$1",2,3,"axon-server-connector-5.0.0","org.axonframework.axonserver.connector.AxonServerConnectionManager$Builder",2,8,""
0.03125,"axon-messaging-5.0.0","org.axonframework.messaging.core.unitofwork.UnitOfWork$UnitOfWorkProcessingContext$Status",2,1,"axon-messaging-5.0.0","org.axonframework.messaging.core.unitofwork.UnitOfWork",17,10,""
0.03076923076923077,"axon-messaging-5.0.0","org.axonframework.messaging.core.SimpleHandlerAttributes",1,1,"axon-messaging-5.0.0","org.axonframework.messaging.core.annotation.MethodInvokingMessageHandlingMember",1,15,""
0.030303030303030304,"axon-common-5.0.0","org.axonframework.common.infra.FilesystemStyleComponentDescriptor$TreeRenderer$RenderContext",2,1,"axon-common-5.0.0","org.axonframework.common.infra.FilesystemStyleComponentDescriptor",1,8,""
0.030303030303030304,"axon-spring-boot-autoconfigure-5.0.0","org.axonframework.extension.springboot.autoconfig.TransactionAutoConfiguration",1,1,"axon-messaging-5.0.0","org.axonframework.messaging.core.unitofwork.TransactionalUnitOfWorkFactory",1,9,""
0.030303030303030304,"axon-spring-boot-autoconfigure-5.0.0","org.axonframework.extension.springboot.service.connection.AxonServerDockerComposeConnectionDetailsFactory",,1,"axon-spring-boot-autoconfigure-5.0.0","org.axonframework.extension.springboot.autoconfig.AxonServerAutoConfiguration",3,13,""
0.030303030303030304,"axon-messaging-5.0.0","org.axonframework.messaging.core.unitofwork.transaction.NoTransactionManager$1",1,2,"axon-messaging-5.0.0","org.axonframework.messaging.core.unitofwork.transaction.TransactionManager",8,6,""
0.02877697841726619,"axon-server-connector-5.0.0","org.axonframework.axonserver.connector.ErrorCode",8,19,"axon-messaging-5.0.0","org.axonframework.messaging.commandhandling.gateway.CommandResult",7,3,""
0.028169014084507043,"axon-spring-boot-autoconfigure-5.0.0","org.axonframework.extension.springboot.service.connection.AxonServerTestContainerConnectionDetailsFactory",,3,"axon-spring-boot-autoconfigure-5.0.0","org.axonframework.extension.springboot.autoconfig.AxonServerAutoConfiguration",3,13,""
0.02666666666666667,"axon-eventsourcing-5.0.0","org.axonframework.eventsourcing.configuration.EventSourcedEntityModule$MessagingModelPhase",3,2,"axon-eventsourcing-5.0.0","org.axonframework.eventsourcing.configuration.AnnotatedEventSourcedEntityModule",1,25,""
0.024489795918367346,"axon-eventsourcing-5.0.0","org.axonframework.eventsourcing.eventstore.jpa.AggregateBasedJpaEventStorageEngine$TokenAndEvent",1,2,"axon-eventsourcing-5.0.0","org.axonframework.eventsourcing.eventstore.jpa.AggregateBasedJpaEventStorageEngine",3,50,""
0.024390243902439025,"axon-eventsourcing-5.0.0","org.axonframework.eventsourcing.annotation.EventTag",2,1,"axon-eventsourcing-5.0.0","org.axonframework.eventsourcing.eventstore.AnnotationBasedTagResolver",1,7,""
0.024390243902439025,"axon-eventsourcing-5.0.0","org.axonframework.eventsourcing.annotation.EventTags",2,1,"axon-eventsourcing-5.0.0","org.axonframework.eventsourcing.eventstore.AnnotationBasedTagResolver",1,7,""
0.024390243902439025,"axon-modelling-5.0.0","org.axonframework.modelling.annotation.TargetEntityId",1,1,"axon-messaging-5.0.0","org.axonframework.messaging.commandhandling.annotation.AnnotationRoutingStrategy",2,8,""
0.024193548387096774,"axon-server-connector-5.0.0","org.axonframework.axonserver.connector.ErrorCode",8,19,"axon-common-5.0.0","org.axonframework.common.AxonNonTransientException",15,1,""
0.024193548387096774,"axon-server-connector-5.0.0","org.axonframework.axonserver.connector.ErrorCode",8,19,"axon-common-5.0.0","org.axonframework.common.ProcessRetriesExhaustedException",1,1,""
0.023809523809523808,"axon-server-connector-5.0.0","org.axonframework.axonserver.connector.AxonServerConfiguration$Eventhandling$ProcessorSettings",3,1,"axon-server-connector-5.0.0","org.axonframework.axonserver.connector.AxonServerConfiguration",7,6,""
0.023333333333333334,"axon-common-5.0.0","org.axonframework.common.jdbc.JdbcUtils",1,3,"axon-messaging-5.0.0","org.axonframework.messaging.eventhandling.processing.streaming.token.store.jdbc.JdbcTokenStore",,21,""
0.022727272727272728,"axon-server-connector-5.0.0","org.axonframework.axonserver.connector.AxonServerConfiguration$Eventhandling",4,1,"axon-server-connector-5.0.0","org.axonframework.axonserver.connector.AxonServerConfiguration",7,6,""
0.02,"axon-server-connector-5.0.0","org.axonframework.axonserver.connector.MetadataConverter$1",1,1,"axon-server-connector-5.0.0","org.axonframework.axonserver.connector.command.CommandConverter",2,12,""
0.019230769230769232,"axon-server-connector-5.0.0","org.axonframework.axonserver.connector.AxonServerConfiguration$Eventhandling$ProcessorSettings",3,1,"axon-server-connector-5.0.0","org.axonframework.axonserver.connector.event.EventProcessorControlService",2,15,""
0.016666666666666666,"axon-messaging-5.0.0","org.axonframework.messaging.eventhandling.processing.errorhandling.ErrorHandler",7,1,"axon-messaging-5.0.0","org.axonframework.messaging.eventhandling.processing.subscribing.SubscribingEventProcessor",3,19,""
0.01639344262295082,"axon-common-5.0.0","org.axonframework.common.DefaultIdentifierFactory",1,1,"axon-common-5.0.0","org.axonframework.common.configuration.DefaultAxonApplication$AxonConfigurationImpl",1,9,""
0.015384615384615385,"axon-spring-boot-autoconfigure-5.0.0","org.axonframework.extension.springboot.TagsConfigurationProperties",,1,"axon-server-connector-5.0.0","org.axonframework.axonserver.connector.AxonServerConfigurationEnhancer",1,27,""
0.013888888888888888,"axon-spring-boot-autoconfigure-5.0.0","org.axonframework.extension.springboot.service.connection.AxonServerTestContainerConnectionDetailsFactory$AxonServerContainerConnectionDetails",1,2,"axon-spring-boot-autoconfigure-5.0.0","org.axonframework.extension.springboot.autoconfig.AxonServerAutoConfiguration",3,13,""
0.0136986301369863,"axon-server-connector-5.0.0","org.axonframework.axonserver.connector.MetadataConverter$1",1,1,"axon-server-connector-5.0.0","org.axonframework.axonserver.connector.query.QueryConverter",6,13,""
0.012658227848101266,"axon-messaging-5.0.0","org.axonframework.messaging.core.timeout.AxonTaskJanitor",2,1,"axon-messaging-5.0.0","org.axonframework.messaging.eventhandling.processing.streaming.pooled.PooledStreamingEventProcessorModule",2,26,""
0.008064516129032258,"axon-messaging-5.0.0","org.axonframework.messaging.core.RemoteExceptionDescription",6,1,"axon-server-connector-5.0.0","org.axonframework.axonserver.connector.ErrorCode",8,19,""
0.007874015748031496,"axon-server-connector-5.0.0","org.axonframework.axonserver.connector.MetadataConverter$1",1,1,"axon-server-connector-5.0.0","org.axonframework.axonserver.connector.event.AggregateBasedAxonServerEventStorageEngine",1,34,""
0.007874015748031496,"axon-messaging-5.0.0","org.axonframework.messaging.commandhandling.CommandExecutionException",2,1,"axon-server-connector-5.0.0","org.axonframework.axonserver.connector.ErrorCode",8,19,""
0.007874015748031496,"axon-messaging-5.0.0","org.axonframework.messaging.queryhandling.QueryExecutionException",3,1,"axon-server-connector-5.0.0","org.axonframework.axonserver.connector.ErrorCode",8,19,""
0.005128205128205128,"axon-server-connector-5.0.0","org.axonframework.axonserver.connector.AxonServerConfiguration$Eventhandling$ProcessorSettings",3,1,"axon-server-connector-5.0.0","org.axonframework.axonserver.connector.AxonServerConfigurationEnhancer",1,27,""
0.003472222222222222,"axon-common-5.0.0","org.axonframework.common.jdbc.DataSourceConnectionProvider",,1,"axon-messaging-5.0.0","org.axonframework.messaging.eventhandling.processing.streaming.token.store.jdbc.JdbcTokenStore",,21,""
