"codeUnitName","shortCodeUnitName","propertyName","propertyValue","Source Cypher File: Dependencies_Projection/Dependencies_8_Stream_Mutated.cypher"
"axon-server-connector-4.10.3","axon-server-connector-4.10.3","embeddingsFastRandomProjection","0,-0.5245134,0,0.13461308,0.09785774,0.2081778,-0.46537095,0.3265592,-0.14876273,0.40170717,-0.32705766,0.42867824,0.94722575,0.41177118,-0.49216542,-0.54347336",""
"axon-configuration-4.10.3","axon-configuration-4.10.3","embeddingsFastRandomProjection","0,-0.5340351,0,0.14845017,0.10018574,0.22335951,-0.48039064,0.33934373,-0.15689817,0.4643758,-0.3841713,0.49972498,1.0412722,0.41901195,-0.51388013,-0.6022009",""
"axon-disruptor-4.10.3","axon-disruptor-4.10.3","embeddingsFastRandomProjection","0,-0.53162456,0,0.14732137,0.097419895,0.2235165,-0.48115295,0.3318431,-0.1527249,0.44570643,-0.36648962,0.4800946,1.0227942,0.41698277,-0.5063724,-0.5814048",""
"axon-messaging-4.10.3","axon-messaging-4.10.3","embeddingsFastRandomProjection","0,-0.49311745,0,0.12611626,0.09389075,0.19322887,-0.4361357,0.3058879,-0.13932459,0.46073443,-0.3822059,0.48675212,0.97319984,0.37912452,-0.45785463,-0.5930544",""
"axon-eventsourcing-4.10.3","axon-eventsourcing-4.10.3","embeddingsFastRandomProjection","0,-0.542549,0,0.14325172,0.10156388,0.21454017,-0.47976747,0.33622408,-0.15241802,0.44892254,-0.3645047,0.48033315,1.012189,0.4175803,-0.5067753,-0.5921552",""
"axon-modelling-4.10.3","axon-modelling-4.10.3","embeddingsFastRandomProjection","0,-0.5537811,0,0.1278894,0.101705395,0.20877112,-0.48726624,0.33393958,-0.14967225,0.45248318,-0.3711051,0.47109276,1.0088389,0.42867738,-0.49484444,-0.6090102",""
"axon-spring-boot-autoconfigure-4.10.3","axon-spring-boot-autoconfigure-4.10.3","embeddingsFastRandomProjection","0,-0.5596883,0,0.14191563,0.11213806,0.207493,-0.4865336,0.3424151,-0.15490624,0.5049095,-0.41057992,0.5353344,1.0760026,0.42358008,-0.5217809,-0.6528176",""
"axon-test-4.10.3","axon-test-4.10.3","embeddingsFastRandomProjection","0,-0.5260961,0,0.14998381,0.096070096,0.22262567,-0.4755342,0.32966694,-0.15152697,0.42897043,-0.34926274,0.4659138,1.0000154,0.41077906,-0.50368106,-0.5611706",""
"axon-tracing-opentelemetry-4.10.3","axon-tracing-opentelemetry-4.10.3","embeddingsFastRandomProjection","0,-0.51526374,0,0.13565524,0.095518716,0.20900828,-0.45907503,0.324956,-0.14883257,0.38879558,-0.3168748,0.41723278,0.9294741,0.40697986,-0.48844385,-0.52740955",""
