"codeUnitName","shortCodeUnitName","propertyName","propertyValue","Source Cypher File: Dependencies_Projection/Dependencies_8_Stream_Mutated.cypher"
"axon-server-connector-4.10.3","axon-server-connector-4.10.3","embeddingsNode2Vec","-0.17310618,-0.56678754,0.45095715,0.27896026,0.49288908,0.3163268,0.3844419,-0.08961822,0.14512216,0.2647042,0.48451445,0.10814871,-0.0674079,-0.23502125,0.15254429,0.13445789",""
"axon-configuration-4.10.3","axon-configuration-4.10.3","embeddingsNode2Vec","-0.20218128,-0.5744884,0.4252982,0.27325362,0.4385431,0.3274979,0.4353141,7.3895826e-05,0.2085497,0.3009272,0.49542412,0.15566576,-0.04022448,-0.29369977,0.17303991,0.053405266",""
"axon-disruptor-4.10.3","axon-disruptor-4.10.3","embeddingsNode2Vec","-0.22872634,-0.5240973,0.44832844,0.22197758,0.5048586,0.30800387,0.30821562,-0.09349876,0.12665816,0.21055067,0.5014974,0.17436393,-0.07923291,-0.21354106,0.10922428,0.073408045",""
"axon-messaging-4.10.3","axon-messaging-4.10.3","embeddingsNode2Vec","-0.20214546,-0.5723699,0.45824814,0.23761235,0.49686068,0.30119357,0.36831662,-0.07443898,0.17610107,0.26703683,0.4912018,0.17726724,-0.09342196,-0.25154313,0.14805137,0.09244662",""
"axon-eventsourcing-4.10.3","axon-eventsourcing-4.10.3","embeddingsNode2Vec","-0.19129656,-0.5834332,0.4483636,0.22766007,0.4537443,0.28729162,0.4013136,-0.03946355,0.20900539,0.28487474,0.48917687,0.20306757,-0.09763279,-0.27555102,0.14861211,0.06284046",""
"axon-modelling-4.10.3","axon-modelling-4.10.3","embeddingsNode2Vec","-0.20928167,-0.59166235,0.48611602,0.23332779,0.5467622,0.27358657,0.31618246,-0.117438845,0.14830472,0.23332939,0.50247335,0.20369321,-0.119177654,-0.21908714,0.11561523,0.11433674",""
"axon-spring-boot-autoconfigure-4.10.3","axon-spring-boot-autoconfigure-4.10.3","embeddingsNode2Vec","-0.16281803,-0.5586104,0.43128863,0.23107417,0.45043755,0.32544914,0.41515562,-0.030826887,0.19958203,0.2940383,0.5066137,0.14440429,-0.075678036,-0.27650118,0.12838012,0.10291616",""
"axon-test-4.10.3","axon-test-4.10.3","embeddingsNode2Vec","-0.19271578,-0.5543918,0.47053185,0.23297599,0.53143,0.27426934,0.32191017,-0.115102,0.13922605,0.21355368,0.5024319,0.17763701,-0.10474865,-0.23059222,0.119634785,0.12645322",""
"axon-tracing-opentelemetry-4.10.3","axon-tracing-opentelemetry-4.10.3","embeddingsNode2Vec","-0.20203145,-0.54265165,0.4204765,0.2174488,0.44736636,0.30162477,0.39202693,-0.051735163,0.15097086,0.25142595,0.4938334,0.1486202,-0.07497737,-0.23365222,0.12508786,0.07162479",""
